it	posterior	likelihood	prior	lik_L_5-0	lik_M_5-0	l0_t5-0	m0_t5-0	Gl_t5-0	Gm_t5-0	hp_rate	hp_sig2	beta
0	-18.29396011067639	-15.212208642917732	-3.081751467758658	-8.70811928417172	-6.504089358746011	0.5284786693434378	0.7153957320058749	0.0	0.0	1.0	1	1.0
1000	-10.670406103013221	-3.873799750581483	-6.796606352431739	-2.0495839397777758	-1.8242158108037074	2.79734502435003	2.161384261672363	0.0	0.0	1.0	1	1.0
2000	-6.634874424030743	-3.4822487641990865	-3.152625659831656	-1.6723138254522532	-1.8099349387468333	2.141899025157079	2.3126022484027504	-0.17921894487692303	-0.002809414565826507	0.6693147485153532	0.06643671556692483	1.0
3000	-8.697694690949376	-3.798835527252569	-4.898859163696807	-2.101783764701894	-1.6970517625506751	2.8941029934867544	3.0337482456642624	-0.02944441383877082	-0.3232224676235296	0.7448497758760765	0.05370931186184615	1.0
4000	-13.188155412750568	-6.74838712961663	-6.4397682831339385	-1.9412085532410792	-4.80717857637555	2.9858310673200457	4.306362682613645	-0.26817807533511484	0.16521732956322543	0.22307579813786882	0.924045611373946	1.0
5000	-10.62926931602345	-5.10482241643704	-5.524446899586409	-4.608006708119188	-0.49681570831785216	0.9488008092130564	2.5026432522590034	-0.19436206710048543	-0.983934814799967	0.6790385939789947	1.1329401311104954	1.0
6000	-15.325633789319825	-5.721466633115922	-9.604167156203903	-4.39117306591273	-1.3302935672031921	0.9248860214074179	3.7334248912610857	-2.327166485489733	-1.645098490181936	0.5757218153048141	49.2913854273662	1.0
7000	-7.764849819236438	-3.655831073729387	-4.109018745507051	-1.516905110275376	-2.138925963454011	2.1259663412780125	2.2528359689995057	-0.40262339438175826	0.18061462227041614	0.5441366879574484	0.09389052320325118	1.0
8000	-9.955252041408595	-2.1405959431681065	-7.81465609824049	-2.0517139325798226	-0.08888201058828393	2.8035524719585396	1.9298969118738365	-0.0026653471726835187	-1.7110110479347138	0.19236474493105035	0.678502265839265	1.0
9000	-9.989587147292848	-5.231802038804275	-4.757785108488574	-2.6285770514161753	-2.6032249873881	1.337734752875241	1.6478803968490419	-0.6922327694582866	0.2073276820911158	0.6587242694987335	0.11403149701921377	1.0
10000	-10.599444965308066	-3.921784580734874	-6.677660384573191	-3.33267702894984	-0.5891075517850339	2.97830538163671	2.2562543919321816	0.689727454554768	-0.8819965877250876	0.19185768150911156	0.6487458563340776	1.0
11000	-7.1050010585990915	-5.05680317784502	-2.0481978807540715	-2.2948119945024708	-2.7619911833425492	1.6603068368042757	1.5094380842567887	0.05339447310291365	0.1457024094167519	0.3073186849043522	0.02908647852342469	1.0
12000	-9.226076272997535	-4.737408150594768	-4.488668122402766	-1.3886260487575086	-3.3487821018372594	2.158436989023488	1.1801592297657386	-0.606715251929272	-0.14755859881065223	0.541309514031915	0.10341000147515493	1.0
13000	-7.555212736220969	-3.2717240344916103	-4.283488701729358	-1.5987716692436145	-1.6729523652479958	2.358955309673235	2.5312411958667735	-0.24412436259815318	-0.11480162475512244	0.48631664409551306	0.21332494227916335	1.0
14000	-7.749721295273321	-3.710975659571279	-4.038745635702043	-1.9095707173472132	-1.8014049422240657	1.8626779089595549	1.818185262172143	-0.10361540284862891	-0.1551091922316773	0.6309913285960421	0.3346614401796402	1.0
15000	-9.399881468576284	-3.1976010777578328	-6.202280390818451	-1.3993026588208295	-1.7982984189370033	2.0354477255819465	3.2639792081420462	-0.7177866763243762	-0.4232016426336672	0.19326181974237855	0.22436728652273588	1.0
16000	-9.529163796730188	-4.308596006067078	-5.220567790663111	-2.7168034646924353	-1.5917925413746428	1.4488399423677367	1.5733117648938886	0.04793475066158906	-0.6071812189499238	1.3650966472447028	0.6730140803669963	1.0
17000	-12.21227957273341	-4.650364674910154	-7.5619148978232555	-1.8039743428051658	-2.8463903321049884	3.1803094779159675	2.6204385420567586	-1.7130664629697132	0.4463472119165579	0.22973069067860089	1.512729845182336	1.0
18000	-12.96191246590374	-4.070266674942774	-8.891645790960967	-3.530197199693623	-0.540069475249151	1.3898872918463423	3.23137553228114	0.7639340339076024	-2.0013737723337433	0.2655606484105316	0.6312864408779671	1.0
19000	-8.887480944009816	-3.3767577007532914	-5.510723243256524	-1.7818198353241268	-1.5949378654291646	2.358624484182144	2.070081738265358	-0.03908941935971366	-0.1604557568902757	0.3372832303797106	0.991737015050745	1.0
20000	-10.110953956774125	-2.646491466039379	-7.464462490734747	-1.4432387877331063	-1.2032526783062725	1.8425889689876993	2.1149449990898557	-1.23292196027991	-0.4143265070469106	0.6776971409630479	0.2336407087371515	1.0
21000	-8.410159833119135	-3.4362717560247127	-4.973888077094421	-1.4352757614691445	-2.000995994555568	2.133959114169414	2.1013280245262838	-0.5351237345522093	0.09316966773029348	0.2230797288463062	0.09645073115835336	1.0
22000	-11.456585761318571	-3.8116440400435465	-7.644941721275025	-3.535588238002312	-0.2760558020412347	3.408713165884203	1.9517207752085564	0.46375347665674593	-1.3995542271236379	0.5363283753792305	0.42933493722956845	1.0
23000	-7.88830344133938	-3.5034300799672806	-4.384873361372099	-2.1498954325419746	-1.353534647425306	1.871441578189488	2.225937894626209	0.1787322159768141	-0.28718092405599227	0.5199307023848909	0.018446021369686087	1.0
24000	-11.547448799249446	-5.716279452273245	-5.831169346976202	-4.1612840691738775	-1.5549953830993677	1.1508135180162133	1.2108817605053772	0.6417492726678854	-1.8161975922756441	0.741676082982708	1.4893205659698583	1.0
25000	-8.378514130230974	-2.653115017127205	-5.7253991131037685	-1.8906768689089848	-0.7624381482182203	1.621875758622543	1.7929805957690232	-0.7587232950157978	-1.0327693941890252	0.5955672985659025	0.6964858410661436	1.0
26000	-8.10194593973056	-2.5623871757348518	-5.539558763995709	-1.6263460900673579	-0.9360410856674939	2.7287623023087675	2.2519320069948856	-0.39136556544086465	-0.5858062499539481	0.6480106243823979	0.25156311716795965	1.0
27000	-10.233335756735833	-4.399389087951895	-5.833946668783938	-1.3620155885978615	-3.0373734993540333	2.454003478667736	1.1013104511036496	-0.6213633082146476	-0.6989794845958317	0.9210006351345351	0.20348758385230378	1.0
28000	-8.087508695520047	-4.20396039227203	-3.883548303248016	-2.0319925733887523	-2.171967818883278	2.5485726919789298	2.8617252552575487	0.13044638640601525	0.033968447331000684	0.7486527776843471	0.06574973371457378	1.0
29000	-7.420561592518252	-5.231859925273625	-2.188701667244627	-3.523200596426281	-1.708659328847344	1.184244717559776	1.8333847943113524	-0.013119618130876198	-0.20654698532203594	0.47091214198193354	0.04921548695897484	1.0
30000	-8.503612927134036	-2.8212302815970602	-5.682382645536975	-1.6347226206814778	-1.1865076609155825	2.4338690070637625	3.077057821796704	-0.2162733322325594	-0.7072013356177937	0.349706261890465	0.45777444838925946	1.0
31000	-11.156898777431309	-5.792972767531757	-5.363926009899552	-2.6118860589849353	-3.1810867085468217	1.605763997288878	3.7708329548863926	0.3090158536509051	-0.08102630096837221	0.9716557603138705	0.10748470215458532	1.0
32000	-8.403219357138909	-2.721929693891676	-5.681289663247232	-1.640187973964366	-1.0817417199273098	2.347511891670915	2.2111456232006264	-0.19272724079769976	-0.4806934159567533	0.9753579524892908	0.3578944725944181	1.0
33000	-10.124019886922799	-2.1319932886301105	-7.992026598292688	-1.868387765361832	-0.2636055232682786	1.5682176145950382	1.5068750004417946	-1.450060532701944	-2.8562499976063638	0.4461284472712379	2.125181076727467	1.0
34000	-6.459791117518268	-3.74877951189762	-2.711011605620648	-1.7815437268310372	-1.967235785066583	2.4742813727575834	2.312989483458332	-0.06922617994782104	0.0853914178299897	0.3861421190931966	0.049793394934851264	1.0
35000	-7.954859243208992	-5.641839358378009	-2.3130198848309833	-2.7362333116322297	-2.9056060467457794	1.366170193683751	1.326072438476736	-0.26913608002908024	-0.08532435118908048	0.6954047548192518	0.06442745533898701	1.0
36000	-8.194374589697983	-3.2584948397137037	-4.935879749984279	-1.6958392504946787	-1.562655589219025	2.092082105009465	1.5697234663289934	-0.1725636402148315	-0.6383959317859297	0.9572733134132282	0.17586623862243064	1.0
37000	-7.780729975235689	-5.073507388848675	-2.707222586387013	-1.9144578444162033	-3.1590495444324715	2.1163483307445614	1.2066924242160049	0.0810480123753779	-0.21097031114284237	1.006825260187462	0.052266981305018556	1.0
38000	-11.656773118063175	-6.054126455555337	-5.602646662507839	-4.818733585186565	-1.2353928703687718	0.8722658067703184	1.8300778287398134	-1.0480454757609567	-0.5607399305639764	0.5516091365433101	0.31578898138332406	1.0
39000	-7.972145562989988	-5.601340311037542	-2.3708052519524463	-3.7736776266397083	-1.8276626843978336	1.149223011672475	1.7712924507773455	0.14772357496298505	-0.17581347738852576	0.6518220386083984	0.07639628624935513	1.0
40000	-8.567977858053306	-2.9039677399920176	-5.664010118061288	-2.0217717979324537	-0.882195942059564	1.5659155762887422	2.230911168313992	-0.7080859330096548	-0.6316964419573139	0.3572685747458027	0.9292462849453622	1.0
41000	-8.058247171949915	-3.9638183473052555	-4.094428824644661	-1.6525042574616648	-2.3113140898435907	1.9872024398691184	1.933992399711415	-0.3117246938053087	0.2218314190345444	0.363515915713688	0.03298328331039077	1.0
42000	-8.483035040282573	-2.0562190791141033	-6.426815961168469	-1.4603574370396233	-0.59586164207448	1.8380313437102145	2.4605961586013145	-1.1421191443751448	-0.8786822150695712	0.49615158481508104	0.8687421821322162	1.0
43000	-9.442472077220987	-1.8685773503977678	-7.5738947268232195	-1.7658182915289728	-0.102759058868795	2.8504672925206864	2.363589099762614	-0.3282932566318416	-1.4337601686527162	0.7750088116268962	0.7043207564706908	1.0
44000	-7.685476492915333	-3.476959687294766	-4.208516805620567	-2.057275405472412	-1.419684281822354	2.4842907185109833	2.3226009394554	0.17745793119888076	-0.23991126613550784	0.5219558452493128	0.1869652534981532	1.0
45000	-14.641963612289846	-7.833240291212634	-6.808723321077211	-2.5912677703131326	-5.241972520899502	1.881243531417667	1.313021831277758	0.5759949661248822	1.236884981862298	0.5451023686754127	0.28433699827443365	1.0
46000	-10.98180673462862	-4.440708107705234	-6.541098626923385	-3.849072112127425	-0.5916359955778088	1.0141235513292128	2.420012841489912	-1.4545779509663792	-0.8765430685691045	0.48495744860695467	0.7892830210562795	1.0
47000	-9.757161497719714	-2.7695895525165497	-6.987571945203164	-1.5616158380713134	-1.2079737144452363	2.5402525785780834	1.7704244133616047	-0.3482152818926344	-0.6463457386613218	0.194782012580278	0.07400029244218521	1.0
48000	-7.323139250030579	-3.0439643813394053	-4.2791748686911735	-1.629313554901799	-1.4146508264376063	2.153414594709384	2.0886373054544305	-0.22934375548616398	-0.27408659111322325	0.9376027198570865	0.09973838093332868	1.0
49000	-10.352135311130166	-3.1374743166998744	-7.21466099443029	-1.1746039602989775	-1.962870356400897	2.3462962803265186	3.2100316187257993	-1.388739356063399	-0.2828742727720327	0.29816444938944187	0.5079194319294885	1.0
50000	-6.742604263601927	-4.183602999108356	-2.5590012644935713	-2.325992863687201	-1.8576101354211545	1.6322392678544406	2.4922789391533056	0.03469591719970766	-0.0007558396178146548	0.782108605461515	0.049369727169411584	1.0
51000	-12.96962259738239	-10.033632014048466	-2.9359905833339233	-3.4705816124928406	-6.563050401555626	1.1399360447797175	0.7185670950602019	-0.4711563867060196	0.07183499424862781	1.009887929620427	0.05142497476263138	1.0
52000	-8.989276622304223	-3.014465687211162	-5.9748109350930605	-1.2224854999213441	-1.791980187289818	2.551198970308032	1.6738329997793937	-1.1289904065570262	-0.30219516268281355	0.4161516506692445	0.6103011065587196	1.0
53000	-9.183228003155179	-3.683939722618245	-5.499288280536935	-1.499737347920938	-2.184202374697307	2.6628109080146674	3.1494982950022807	-0.5173215141876264	-0.11928574163574873	0.5921113148560637	0.08789046671502426	1.0
54000	-8.845846728716873	-2.752620778007282	-6.093225950709591	-1.9213631515288583	-0.8312576264784237	2.2654950795815476	2.5717337851741546	0.10564498079971862	-0.7009301643553018	0.6359419990584482	1.0305214516672496	1.0
55000	-7.197918091108861	-3.669928018472498	-3.5279900726363635	-1.723875628549557	-1.946052389922941	2.196936607362342	1.5958875526766843	-0.10218130912591564	-0.29136638451341607	0.8915227906541888	0.08176444524377086	1.0
56000	-9.814125883408938	-3.65932659569655	-6.154799287712389	-1.505505901418923	-2.153820694277627	2.9197135020051674	2.1746445495024944	-0.8604289186899736	0.18682879271162278	0.4599611762010681	0.18290057411673183	1.0
57000	-8.221462575879745	-2.8841004169243476	-5.337362158955397	-1.5430740359961206	-1.341026380928227	2.501917265363525	1.609280004541818	-0.3549275026109373	-0.7631158261760589	0.6442230475869826	0.40795756217622003	1.0
58000	-10.742739670511739	-5.469316891586393	-5.273422778925346	-1.5956307047897607	-3.8736861867966326	1.9968025770798483	3.9648038592449155	-0.38899260440512556	0.07006375215588906	0.1804791556970992	0.25334504828774673	1.0
59000	-10.23839901427898	-5.2456945810531055	-4.992704433225873	-2.521252658725759	-2.7244419223273466	1.8231382691214448	2.0566635328272125	0.4832478468928575	0.4682327531614958	0.40835376999916984	0.1182830424064729	1.0
60000	-11.313228219245484	-6.958657272258572	-4.354570946986913	-3.1441649395332556	-3.8144923327253157	1.283960665408991	0.9927035428556272	-0.02825242689179075	-0.5172381159968977	2.103734640176738	0.2845317984128929	1.0
61000	-7.7539096538407195	-3.3105299757585005	-4.443379678082219	-2.0055479651649257	-1.3049820105935748	2.490658403494502	2.6476641859711014	0.13190677927429112	-0.37800112711501554	0.4211948482635686	0.04326475875585181	1.0
62000	-7.834081492173889	-2.5022442466621566	-5.331837245511732	-1.5369499882146762	-0.9652942584474804	2.4950581500588793	2.4880055732845836	-0.36025609605833914	-0.5738629614337831	0.47550693836345725	0.38118163067434846	1.0
63000	-9.918358526806294	-5.395669807670312	-4.5226887191359815	-4.342505116486165	-1.053164691184147	1.0324898075595865	2.6535239294805315	0.1764100915031072	-0.5565998024299398	0.7217299080691504	0.3055866256364702	1.0
64000	-8.925286549190865	-4.327404039555293	-4.597882509635571	-1.7640373388735435	-2.5633667006817493	2.0332790252260806	3.742528846367185	-0.12321319155634314	-0.37980384514992793	0.4831383581545189	0.10885888187129208	1.0
65000	-10.604658208995222	-2.057543762025208	-8.547114446970014	-1.884642903985787	-0.17290085803942112	2.462639498205213	1.699993974997557	0.03459790253410605	-3.699339716187288	0.7578016496688915	4.735960725310306	1.0
66000	-8.127637942857248	-4.414956949880452	-3.712680992976797	-2.8745696967544774	-1.5403872531259744	3.4504631011972995	2.2789630901258864	0.03111896038927242	-0.1632761893473014	0.5681353966547678	0.06581025108703245	1.0
67000	-10.595661629004384	-3.2351400362378815	-7.360521592766503	-2.3587640491970436	-0.8763759870408379	2.6512635943317626	2.5367898541331053	0.3281912795185624	-0.6543951212381554	0.7323377530603877	2.723198397890424	1.0
68000	-9.352001208464962	-3.7805175579939583	-5.571483650471004	-2.826159546821751	-0.9543580111722072	1.5429022297206743	1.6332075348549875	0.412495214073313	-1.0968522317007068	0.9397899184988905	0.7090039727133634	1.0
69000	-7.698650584182835	-3.4902519224672925	-4.208398661715543	-1.76560041962298	-1.7246515028443126	1.9135044137528652	1.5697515285026964	-0.23274508676098293	-0.5033063064169927	0.5349701622509162	0.2674293471943964	1.0
70000	-8.44512931847174	-2.788500847185852	-5.656628471285888	-1.590081026988197	-1.198419820197655	1.974872621568237	2.156105827238899	-0.42425401206644553	-0.40664698693260476	0.393027349893485	0.05284037947633396	1.0
71000	-8.188942337345257	-1.6597425118995979	-6.529199825445659	-1.3422976131677	-0.31744489873189785	2.0614451466916917	1.886364530929178	-0.8259306966635418	-1.4251313253127924	0.4547336886276669	1.6221121828598268	1.0
72000	-11.434198419060616	-1.3855473815935806	-10.048651037467035	-1.5055942218083054	0.12004684021472478	2.5411957794677287	2.4648678629246934	-2.183628319888497	-1.936185969632494	1.1291071226929081	2.0385300871375205	1.0
73000	-9.939772788578907	-5.101438481118132	-4.838334307460775	-1.6851979494189386	-3.4162405316991933	1.8118322239971734	1.557960081430087	-0.5460400415026178	0.583477637573741	0.7307741058376965	0.23497880908735272	1.0
74000	-8.718255298818171	-3.105369741549876	-5.612885557268294	-1.6049356399049621	-1.500434101644914	2.7786047196051964	1.685117296591422	-0.46674880931790236	-0.51144853962469	0.4430391659679937	0.9101185826530771	1.0
75000	-10.403322392516417	-3.6359828934680145	-6.767339499048402	-1.2989374401472817	-2.3370454533207328	2.088899123327472	2.230011471831387	-0.9144316099163878	0.28415992727199035	1.011711879359852	0.2173188935243568	1.0
76000	-7.590537749435569	-2.9952545795300116	-4.595283169905557	-1.6605871871768167	-1.3346673923531949	1.8497365468755258	2.1022890509016308	-0.5069980787471471	-0.32487063455707144	0.5849333720695236	0.12436583214693174	1.0
77000	-9.312098118756975	-2.885207032380446	-6.4268910863765285	-1.8098070950051888	-1.0753999373752574	2.4959051488698543	2.0550582999711042	-0.048916140550938236	-0.5328003105721969	1.2932806257697642	0.08514029681108135	1.0
78000	-6.654639406989608	-3.362019121666152	-3.2926202853234563	-1.7948202888308398	-1.5671988328353121	1.9850976721103735	2.088140651482982	-0.12115113595010563	-0.1731408226508252	0.2924467140897195	0.08581153549062773	1.0
79000	-5.837112154277698	-4.109671832832512	-1.727440321445186	-2.130737845952983	-1.9789339868795288	1.7919172533739218	2.3790316979116626	0.07179256272700499	0.08542778425417448	0.5923200541332956	0.019205181778460936	1.0
80000	-6.97399839667295	-4.022920543058585	-2.951077853614366	-1.7820403239921134	-2.2408802190664714	2.504572630690441	1.5329709514586323	-0.08006648818848328	-0.17083221340758986	0.3814852615467784	0.07485684166249718	1.0
81000	-11.355489503966359	-4.5530592163588794	-6.802430287607479	-1.722329347954557	-2.8307298684043225	1.6444003895292911	3.0869253722478467	-1.3980764367306713	0.22962350823485275	0.353411323383281	2.069153315440067	1.0
82000	-7.946699918773117	-4.310963213039184	-3.635736705733933	-2.1703417417574276	-2.140621471281756	2.695030422830162	2.7649646436183932	0.165560232663197	0.060989046762147	0.21713304157016447	0.0695266024659399	1.0
83000	-9.123270330833826	-4.8591262525407855	-4.26414407829304	-2.6136959394484283	-2.245430313092357	2.800748177085971	1.604282720475943	0.40897014597045556	-0.06851538124470508	0.6437731705204943	0.1616736721471922	1.0
84000	-11.682977503089596	-6.026334174862656	-5.65664332822694	-2.875189352260925	-3.151144822601731	2.6494805796970167	3.5423236065268875	0.6492374030831763	0.08067659704845963	0.30162525935590484	0.14232495249536337	1.0
85000	-21.092248355391675	-13.451916043553615	-7.640332311838058	-10.688847330244789	-2.763068713308826	0.4222470715085474	4.414612003980016	0.48220313261111336	-1.2238182371623076	0.7967406137243875	0.33385321977698235	1.0
86000	-10.467255733062139	-4.237667350534371	-6.2295883825277665	-2.10198815085797	-2.1356791996764013	2.049897617560062	1.5540450716603764	0.23885466886447793	-0.21421827411590844	0.5651385730392704	3.3137593268081056	1.0
87000	-10.618320997884119	-4.2006215049843405	-6.417699492899778	-1.937913180145621	-2.2627083248387194	3.145133631516343	3.1713753616846865	-0.4708718609398419	-0.09196327435354279	0.8256239342298369	0.20727113894927668	1.0
88000	-11.027713579700642	-3.9767832891052874	-7.050930290595353	-2.3141824742491703	-1.662600814856117	3.4861814884517126	1.9113986217636316	-0.5491047802225443	-0.1855079391222267	1.168661509599281	0.16130641935382495	1.0
89000	-9.034122264635434	-4.14476055468708	-4.8893617099483535	-2.930341171783569	-1.214419382903511	1.307000368497968	2.9189687812376675	-0.25480617084061613	-0.5730058360502202	0.6903983490640533	0.16253855701803097	1.0
90000	-8.37169950580532	-2.365336392986979	-6.006363112818343	-1.4390906939215498	-0.9262456990654293	2.7708219304397126	2.0518659796817973	-0.7483790665727064	-0.6540110214640514	0.46306508029223276	0.32517052702574967	1.0
91000	-15.410910144924774	-6.032958287261469	-9.377951857663305	-3.3499419440657405	-2.683016343195728	3.5943897301004872	3.9552496433379707	0.19000465623732193	-0.5278009640231978	1.13968145755015	0.11761808591929121	1.0
92000	-7.464989072400018	-4.064175609750014	-3.4008134626500035	-2.0788892521951325	-1.9852863575548811	2.47970285584582	1.5936419881801278	0.19675899677338876	-0.2656855610535728	0.39382989006689906	0.058103795487959464	1.0
93000	-9.45312962358873	-4.444645567118357	-5.0084840564703725	-2.063300494124528	-2.3813450729938292	1.6026999509906696	2.6237319097195013	-0.4487313058329178	0.2327347123466733	0.17558991319789347	0.1439766133129274	1.0
94000	-7.889924576879462	-4.45938381039843	-3.4305407664810317	-2.0050433586062475	-2.4543404517921825	2.7670181953021853	2.7203945421216003	-0.017434404536802554	0.23285533517062568	0.5357881508750726	0.030698409223633896	1.0
95000	-8.603270683596863	-3.006931183907925	-5.596339499688938	-1.7145759003853591	-1.292355283522566	2.9889444637262037	2.388095762645209	-0.5609368255157487	-0.3271258646091265	0.21673116225945854	0.1413901817291631	1.0
96000	-11.449018968422067	-4.25225004139438	-7.196768927027687	-1.8099621766336247	-2.442287864760755	1.6907035068963079	1.7551949142225358	-2.2800338629020156	0.20066089547602622	0.9442185614846523	3.3429411966812705	1.0
97000	-9.02143650175875	-4.436628973000441	-4.584807528758308	-1.7287322662887465	-2.7078967067116944	1.964453116340259	1.9908940087613134	-0.22644883181402634	0.4488074068551126	0.8625382440031509	0.20921090980917725	1.0
98000	-9.881159532398689	-2.0774723438139118	-7.803687188584777	-1.1798310859224284	-0.8976412578914834	2.3993512901680587	1.498278369094025	-1.4146039965921293	-1.5008714075939742	1.1401849775732642	2.7398562377991085	1.0
99000	-7.755719035448473	-4.160639662906715	-3.5950793725417576	-1.758829835369836	-2.401809827536879	2.563561548925444	1.7451318225554133	-0.13007966965238604	0.16928495185094622	0.5254647039844637	0.141600156775043	1.0
100000	-8.0185979655131	-3.797069011090929	-4.221528954422171	-1.6032960605754365	-2.1937729505154926	2.092483800738164	1.3757580192151522	-0.2953125633172773	-0.5177930261614941	0.5609771950553156	0.20501621412323853	1.0
101000	-10.092277708288172	-4.619722116134739	-5.472555592153434	-2.1703283499573383	-2.4493937661774003	1.4604190175830143	1.9021616876111826	-1.0431495733391318	0.2858555193426945	0.4070468393586851	0.5325248664357954	1.0
102000	-9.41286226099347	-3.001281045458004	-6.411581215535465	-1.3006941516039419	-1.7005868938540623	2.6189441010452654	2.936622646192484	-0.8937720432378687	-0.26357023598241414	0.3031155955894871	0.2108479900251076	1.0
103000	-6.971396968424215	-3.1513683143336673	-3.8200286540905477	-1.7179641912067467	-1.4334041231269206	2.56983331059893	1.960253455982699	-0.17674999997878457	-0.31543056130780234	0.43487817781292487	0.09873288210990823	1.0
104000	-8.953773791468846	-3.3656349416437514	-5.588138849825095	-1.8891878759141676	-1.4764470657295838	2.9853609986198895	2.7272448340879256	-0.3253170232439936	-0.29815462230621426	0.6429949415728652	0.3335073741251153	1.0
105000	-5.9916139464724045	-3.914009857357078	-2.0776040891153267	-1.8510441010004328	-2.062965756356645	1.9932227381796137	2.335862771400213	-0.047348261609004294	0.13542228570059875	0.5112862078912883	0.02339694948659979	1.0
106000	-7.190432400474473	-3.785223851370297	-3.4052085491041755	-1.9446206056716466	-1.8406032456986505	2.09794565558832	2.9539529004314424	0.10551795758640348	-0.19148545208129336	0.5481533436209665	0.06107907637641256	1.0
107000	-11.436820233739002	-2.3663058377087847	-9.070514396030218	-1.38443924003335	-0.9818665976754346	2.1190235309531795	3.4511919448870825	-0.6480374116209595	-1.435012984029441	0.6085955851945992	0.3077576250748453	1.0
108000	-9.825287161434632	-3.782791088386764	-6.042496073047868	-1.9985724039260724	-1.7842186844606918	2.984685855425545	3.4915722424388833	-0.2074202041833575	-0.637792906972779	0.16654453602893113	0.2943162221747726	1.0
109000	-6.614668578534544	-3.384929217256304	-3.2297393612782397	-1.8303042990391454	-1.5546249182171588	2.10055577093396	1.8601908521299457	-0.012034328068847078	-0.2939376275628235	0.3889844463652486	0.07070352099977319	1.0
110000	-9.491185015771208	-5.446469824864371	-4.044715190906836	-3.5505786793213945	-1.8958911455429766	1.311811425676303	1.68782246389046	0.5838187586238444	-0.21125828518079254	0.8028450604555941	0.21515518858727084	1.0
111000	-9.839757481127982	-2.7332498453230887	-7.106507635804894	-1.5629883733299206	-1.170261471993168	1.9203557441527017	3.125445615681652	-0.5570992002837918	-0.7613191038029012	0.9823704880768839	0.3019459115132853	1.0
112000	-10.757259014838251	-3.7787225231355603	-6.978536491702691	-2.2478740806883457	-1.5308484424472146	1.4443550072693143	1.51308027393315	-0.901987576667941	-0.7780614308650345	1.9197801028427084	1.182029603472573	1.0
113000	-8.580082090254866	-2.8496423274336475	-5.730439762821218	-1.8526177497241267	-0.9970245777095208	2.4320783848254233	2.254029437321561	0.014016112857500429	-0.538384459759402	0.9860811382425886	0.08469504015753258	1.0
114000	-8.222217322863592	-3.802484412285927	-4.419732910577666	-1.9178728093582862	-1.8846116029276407	2.757555207681711	1.4969761235983507	-0.09076437315782628	-0.5052696798540129	0.38753271834868075	0.09403488072360948	1.0
115000	-9.54679716462348	-3.2443453887837226	-6.302451775839758	-1.6899860691942736	-1.554359319589449	1.7299368823587535	1.2748948950769228	-0.8054155104857214	-1.4976114896826735	0.7378041211249458	0.7504562761610362	1.0
116000	-7.18453095085367	-4.89476734102278	-2.2897636098308904	-1.9186584122955832	-2.976108928727196	1.8443863630703246	1.4451353575154353	-0.11591187050907897	0.18784766969909306	0.39574438833385406	0.028336187214106585	1.0
117000	-9.036411844251564	-1.918004875532045	-7.118406968719518	-1.5133593120673865	-0.4046455634646584	3.0052854878429773	2.1876831075048795	-1.2153107087203467	-1.0844114150653406	0.41582655157066883	0.9044261092267492	1.0
118000	-9.14489152517861	-3.4407548782797512	-5.704136646898858	-2.3053595578744117	-1.1353953204053395	1.7393457302167503	1.9698829650477483	0.19417924701334938	-0.5313173869621153	0.8865171542716843	1.2299407774481803	1.0
119000	-8.068925260523542	-4.2933689291111605	-3.775556331412382	-1.876099026686175	-2.4172699024249855	2.4931272550362733	1.4961012557662037	0.01578605475944317	-0.10437266147800431	0.3160057943850388	0.19087856382382895	1.0
120000	-12.62596596110752	-2.983430046944024	-9.642535914163496	-2.3724705930837633	-0.6109594538602607	1.4243638478189475	2.073593581193382	-2.4281562153746243	-0.924609704377088	0.7309585958405559	0.6727449079416266	1.0
121000	-8.791409784904872	-2.0337159347132694	-6.757693850191601	-1.4343581128207497	-0.5993578218925197	2.5902177960800956	2.067989257459118	-0.5676735203638902	-0.9390329256145142	0.870392019760777	0.4008166627559792	1.0
122000	-8.499085537441164	-1.8933589035158862	-6.605726633925277	-1.4340580751432075	-0.4593008283726787	1.9808156664630705	1.9171276479263273	-0.7281159172537733	-1.2104361347492403	0.8546219299470837	0.6290882037537247	1.0
123000	-10.468962963723865	-4.159843483103812	-6.309119480620053	-3.1012096386644044	-1.0586338444394068	1.2439930853886192	1.7447278885547675	-0.3507294169842645	-0.8101745884590466	0.8360879733787925	0.0993158072609623	1.0
124000	-10.177716319072168	-4.741987531299673	-5.4357287877724945	-2.842369548045154	-1.8996179832545188	2.8750163903677293	2.880739612462578	0.4983712206336577	-0.11983553117787497	0.635854080954438	0.1910940726524096	1.0
125000	-7.9421860469872545	-4.020697696265827	-3.9214883507214267	-1.745461625592588	-2.2752360706732393	2.074994302580553	3.1936273225708236	-0.12069008207957815	-0.09979663192951815	0.6779937905236646	0.09062463333512394	1.0
126000	-8.256818120536916	-2.3334108529667565	-5.923407267570159	-1.4492451727612554	-0.8841656802055011	2.571903034993983	1.8988670264458103	-0.5301006344388132	-0.7962814345350475	0.7147734560764625	0.44717754055010256	1.0
127000	-8.122834207013058	-4.622377448277493	-3.5004567587355657	-2.309125468967709	-2.3132519793097837	3.114978598619872	1.6437782893988253	-0.05355636947247175	0.02221028916576881	0.6447221471250066	0.10024533893196456	1.0
128000	-13.36845200632674	-6.831599155218573	-6.536852851108167	-2.6288126787676784	-4.202786476450894	3.5946577968196727	4.0493309670503645	-0.36369513484858607	0.13712886508382016	0.7327090912319716	0.0545486402762716	1.0
129000	-12.471289078420105	-4.707388855589048	-7.763900222831056	-4.189823717480088	-0.5175651381089601	2.9318552759251943	2.1157422644844277	1.0924201400138283	-0.9956180446890585	0.8503819922319346	2.3073058244691658	1.0
130000	-9.160167486300143	-6.143902429669012	-3.0162650566311298	-3.6832765694935468	-2.460625860175466	1.1326025947738938	1.3837682685107435	-0.11178064766020393	-0.28596397865470313	1.0063105920060451	0.20862589534481835	1.0
131000	-15.084182307737242	-6.189257142924555	-8.894925164812687	-5.453979252497447	-0.735277890427108	4.183670713872209	3.0728040389820355	0.624484468058808	-1.1321508284507367	0.3637232626020695	0.21175923738310581	1.0
132000	-14.131787452896493	-1.8269005947324768	-12.304886858164016	-1.7591925909712458	-0.06770800376123098	3.08098214481357	1.9458061111767637	-0.6364821434922646	-1.7253738575861286	0.10590312080118341	0.2471539062574652	1.0
133000	-8.990084456131479	-5.001371815004824	-3.988712641126655	-1.8879881382386419	-3.1133836767661824	2.1483569002246714	1.1533681729779615	0.06268456369876896	-0.4245631282369111	0.41290836230788575	0.2645844549208824	1.0
134000	-7.213244850547035	-3.877845918260391	-3.3353989322866435	-2.3896308790120546	-1.4882150392483364	1.5173907246377891	1.9828325297356537	-0.19200753058834108	-0.26557580865161223	0.863911880531591	0.08828744009435871	1.0
135000	-10.889534742711044	-4.868324814883584	-6.02120992782746	-3.423062186756278	-1.4452626281273062	2.4145435175726075	2.080036422663161	1.0364359885502514	-0.2560574852574965	0.5166812559691557	0.9304880156289731	1.0
136000	-11.144518557802002	-3.401710638876348	-7.742807918925654	-1.708438195621711	-1.6932724432546369	1.6582293118267273	1.7599526706381472	-1.6933512981434578	-0.28041808613146835	1.4702175939487756	0.7711743478832732	1.0
137000	-10.618683486639073	-5.609272995834269	-5.009410490804804	-2.743681838899588	-2.8655911569346806	1.3302288778136335	3.860427681382966	-0.4728091687080799	-0.3211910290901526	0.49348658741664236	0.1878458405043749	1.0
138000	-8.411344201262008	-3.2540165080726995	-5.157327693189308	-2.1524587295635174	-1.1015577785091821	2.2270122241902857	1.798640758914362	0.3076168864844185	-0.7053387171174634	0.4203708814900607	0.4938083322742267	1.0
139000	-10.926901272615513	-3.274831077604402	-7.652070195011111	-1.963766334475192	-1.3110647431292097	2.181258624821966	3.5038938782856537	0.14167221363168653	-1.0721173019994124	0.7158042297586407	0.22950778008910558	1.0
140000	-10.364386967114653	-4.452607431371552	-5.911779535743101	-3.0282194258059967	-1.4243880055655556	3.737073857915651	2.145403364399486	-0.2037536038920077	-0.25277522340689007	0.6363432084979993	0.5080660874650914	1.0
141000	-8.65183964856973	-5.9901259588214995	-2.6617136897482307	-3.4738433434125087	-2.5162826154089903	1.2233633088653053	1.385252742085013	0.14005110813882127	-0.24050128159334902	0.48815087819774233	0.10518933077691904	1.0
142000	-9.558643486726893	-1.721274199731715	-7.8373692869951785	-1.4501950839358084	-0.2710791157959065	2.1209843464392755	1.9015883347587053	-0.5177562003222344	-1.4680720522601487	0.9950974987578928	0.4269567155565951	1.0
143000	-8.054121686023407	-3.222594525191183	-4.831527160832225	-1.817629424996741	-1.4049651001944419	2.1138125548513282	2.57893768621022	-0.020910803734256037	-0.2908303059834998	0.28981426924678305	0.38529918331915625	1.0
144000	-7.908542191821921	-3.652041742723118	-4.2565004490988025	-1.5286064630648957	-2.1234352796582225	2.0187919482863688	1.6717578513248608	-0.47638242533011144	-0.0726105467922652	0.7640216952411173	0.24185334347546752	1.0
145000	-8.639584722470754	-3.351814751644765	-5.28776997082599	-1.87301262914972	-1.4788021224950452	2.378524974615567	3.241362530559262	0.04668027494171892	-0.6225468386351867	0.36215509090928616	0.2379370221780733	1.0
146000	-8.131695689578079	-4.4439758604993225	-3.6877198290787567	-2.2325023677069744	-2.211473492792348	1.5344950880706898	1.7050533390886002	-0.3956162583574711	0.018081319181436295	0.3692127526578244	0.04387135243522716	1.0
147000	-9.739693915273028	-6.741207908071311	-2.998486007201717	-2.183651850224031	-4.55755605784728	3.1678030521905183	1.00609412794174	-0.2230952380589134	0.1343678047650148	0.6206934096828846	0.0341083363787448	1.0
148000	-10.953726290031064	-2.837063462295876	-8.116662827735187	-1.268407275695024	-1.568656186600852	2.1212830707226114	1.4348522457946558	-0.9682219247478531	-0.9295596608024664	1.1210386384634192	0.2243299019348158	1.0
149000	-9.211159812401927	-4.14975941698674	-5.061400395415188	-2.1651277807385423	-1.9846316362481975	3.113197063757152	2.9433152261314124	-0.1795699920727959	-0.10552838215550203	0.11659361348906319	0.145116128497706	1.0
150000	-8.662646780462634	-2.8009984752161117	-5.861648305246523	-2.440368200441709	-0.3606302747744028	1.484537278264194	2.4802172769943795	-0.23263346126799578	-1.1231546376162371	0.6306235059023839	0.5413622840099951	1.0
151000	-8.950354161367015	-5.127906911850777	-3.8224472495162374	-3.6030526600946406	-1.5248542517561372	1.2413102520849109	2.3442920392651834	0.3910072389708735	-0.17433273853778156	0.5698665865248153	0.05128220139906469	1.0
152000	-11.260359263443181	-3.817614479300266	-7.442744784142915	-2.049255356327464	-1.768359122972802	1.5610082162832069	2.842333177257155	-0.6644335982395271	-0.1749599017678961	1.4469658481179501	0.10688907803504712	1.0
153000	-10.956347778457571	-5.1274578972660905	-5.828889881191481	-2.134633798178438	-2.9928240990876525	2.0950702014238582	1.1820130985360988	0.2807219837353519	-0.42335411552824637	0.544122567471697	2.5608409770756104	1.0
154000	-8.473556909670132	-1.949670231800356	-6.5238866778697755	-1.4757818656687647	-0.47388836613159135	1.902962109451452	2.4163705894946728	-0.8005404181740851	-0.9904588745076391	0.4847708169950483	2.1545492851956975	1.0
155000	-7.867029406354302	-4.147908651203973	-3.7191207551503287	-1.745327784028821	-2.4025808671751516	2.0988438257703232	3.1902689886748328	-0.10900034210792331	-0.032520423804271226	0.32022130791110914	0.11704448831392046	1.0
156000	-8.518929861089825	-4.264595076924142	-4.254334784165684	-1.8819916632027098	-2.382603413721432	1.7727256005571375	2.439743388763079	-0.28759736190899876	0.28272695406867565	0.8599156435655321	0.0769323649625385	1.0
157000	-9.98584634380333	-4.04781127696382	-5.938035066839509	-2.240244333177092	-1.8075669437867283	1.5226668762760087	2.9784040812662727	-0.43132570701646555	-0.22424879001900022	0.1694798174023494	0.6793133256085139	1.0
158000	-8.296661894985505	-4.1015206711585	-4.195141223827004	-1.838483692894929	-2.263036978263571	1.8214070727875549	2.345269836961192	-0.2626158412442202	0.23858458096489427	0.3645894350942842	0.2351574274488083	1.0
159000	-8.180031655829325	-4.643682046814685	-3.536349609014641	-2.2563989537646716	-2.387283093050013	2.3942526863103364	1.5483180482942638	0.36095017438080523	-0.04645694582084202	0.4607472189956841	0.0494847221283168	1.0
160000	-11.47239831958829	-6.656847069180172	-4.8155512504081175	-2.9650292647093757	-3.691817804470796	1.2927153786338428	0.9552747054050263	-0.2790392109348294	-0.8353264870188981	0.45524230105658214	0.18999375677265423	1.0
161000	-8.457933776187136	-4.586491776318606	-3.871441999868529	-2.5525917878216173	-2.033899988496989	3.188766088221686	2.4313410894322405	0.06553551124435353	0.1069268864671552	0.9670626082759339	0.02168727315153908	1.0
162000	-11.748594427778064	-6.389715729558432	-5.358878698219632	-1.5901457402897936	-4.7995699892686385	2.7593804082571416	4.650195896288712	-0.4690549004570339	-0.1420558555825261	0.23594964232872404	0.1100813659897291	1.0
163000	-9.586754424030763	-4.577723036782192	-5.009031387248571	-2.4463709977464667	-2.1313520390357255	2.6254276236832883	3.197370849269356	0.4011112950388787	-0.17908850505080376	0.5343627793471302	0.17420135968067102	1.0
164000	-9.037162952222346	-4.452438788147122	-4.584724164075224	-1.8780214651370493	-2.5744173230100724	2.0638028010595786	1.9012893600625025	0.02391484262354135	0.35322718763250494	1.1589978905932146	0.1311459086076336	1.0
165000	-8.076028360321573	-4.5125040238513385	-3.563524336470234	-1.9468252079044337	-2.565678815946905	2.591818588793045	2.8513644997709378	0.0366384891217989	0.2295299153238311	0.4432114347750941	0.06539298545875528	1.0
166000	-9.004526092527762	-3.440990605074944	-5.563535487452818	-1.5364463271256863	-1.9045442779492578	1.9138719311756305	2.1778171692941193	-0.6248707485802831	0.04850430406962264	1.038489993141651	0.38215185488194303	1.0
167000	-13.983064746538084	-3.415136953830686	-10.567927792707398	-2.7947610609456763	-0.6203758928850096	3.814785300699018	2.187712453161776	-0.5853929693760352	-0.8682550512355757	0.47130658666716296	0.07907125422808914	1.0
168000	-10.811283488461456	-2.1852644474118614	-8.626019041049595	-1.3970476653912733	-0.7882167820205881	2.306008439910006	1.6951567719987024	-2.13682997313894	-1.1596113858164077	0.4137603427752707	0.8321706492217049	1.0
169000	-7.9493745531365025	-2.9597808234021645	-4.989593729734338	-1.8155135529693602	-1.1442672704328043	1.7672022014799618	2.336232788929054	-0.4095053659865385	-0.4262433149367542	0.6079670884266355	0.07974363751207833	1.0
170000	-7.709759864995182	-3.4645104972400222	-4.24524936775516	-1.4720032520200572	-1.992507245219965	2.2740787582232795	2.7440365908243907	-0.4171200626194206	-0.007642127490741293	0.37612841619588894	0.09714925131844547	1.0
171000	-8.458935281045628	-4.959195754562114	-3.499739526483513	-2.4364218716169024	-2.522773882945212	1.482995277714569	1.3911796962570304	-0.24529187523751517	-0.22293914358263395	1.0463211683349927	0.22280812904600045	1.0
172000	-9.867086288485751	-4.603265672800039	-5.263820615685711	-3.57899713677976	-1.024268536020279	1.1614179366133166	1.8488049236733033	-0.07619655171123507	-0.7195241223770671	1.5157667363581184	0.3456786901506104	1.0
173000	-9.283865430058764	-6.238351580262657	-3.045513849796108	-2.371763318446229	-3.866588261816428	1.6184806933740374	1.1456729380594606	0.06206445090433815	0.12463481620355579	1.6605302591152373	0.08338442617989668	1.0
174000	-11.201744903066242	-4.145327309002404	-7.056417594063839	-1.4958990268404584	-2.6494282821619453	1.848587597094913	1.3048219025661902	-0.921591228463578	-0.3302033726424093	0.30708956774403756	0.11936223323462726	1.0
175000	-8.96152241044355	-2.991464591990807	-5.970057818452743	-2.054426430332515	-0.9370381616582923	1.6883248202220262	1.749997685716728	-0.20993952329948062	-0.9176911462665804	1.1787989657849491	0.24322048698626997	1.0
176000	-9.190470962691538	-3.939553509643037	-5.2509174530485	-2.3622345992504563	-1.5773189103925809	3.143186726813074	3.200828100735554	-0.037634078170170504	-0.5187808306838567	0.22478122821236904	0.1266556971258152	1.0
177000	-15.681602095902534	-2.0499084087543125	-13.631693687148221	-1.6473748102184054	-0.4025335985359071	3.070909296466956	3.056552355969223	-1.6324651756982742	-1.6460983066079347	0.4760161968052286	0.3143098601011018	1.0
178000	-7.998887734967489	-4.185635067268833	-3.8132526676986567	-1.8271021298437118	-2.358532937425121	2.0772794167819013	1.9762982713584714	-0.025336615103793703	0.2622961250419561	0.8795531140412766	0.11736304086734345	1.0
179000	-8.174429257809283	-4.430946738719781	-3.7434825190895022	-1.873475029769427	-2.557471708950354	2.2547781826834856	1.6572569677453597	0.06017798837824684	0.18859849817781527	0.6391895042351983	0.20480131261303733	1.0
180000	-13.604539004377749	-7.755354330568874	-5.849184673808875	-4.624182167237166	-3.1311721633317084	0.9334565118149452	3.659798610712619	-0.36883203686348925	-0.01585891234007808	1.309906502472163	0.14378191148896186	1.0
181000	-9.65583053910434	-1.4393605093066881	-8.216470029797652	-1.4111292840571519	-0.02823122524953625	2.885886714365346	1.9480584390933902	-1.1818601582656931	-1.7951709903834858	0.795175072818741	5.046431630617068	1.0
182000	-9.178626380143243	-4.336115573430726	-4.842510806712515	-2.0080112060108615	-2.3281043674198645	2.259472977259152	1.3269124414184252	0.184374433443787	-0.5326323231457621	0.2500199032008818	0.09265081269347036	1.0
183000	-11.480212644846121	-6.094634355274702	-5.385578289571419	-2.172672722178942	-3.9219616330957603	1.7864614698315686	1.6213702501952123	0.11190593280764344	0.8868708122431845	1.0329929971489646	0.34840191774813717	1.0
184000	-9.16267136900265	-3.509679068192529	-5.652992300810121	-1.9710056027571046	-1.5386734654354246	3.0742769264363528	2.3617285508430648	-0.3356234342255039	-0.16697451830348292	1.008651285699111	0.07765064879168106	1.0
185000	-8.673257236059078	-3.642448803276305	-5.030808432782773	-2.2167277687963667	-1.4257210344799383	1.7400428122262026	3.1445352647817706	0.09744948631237149	-0.5803753791961235	0.2928940195580363	0.12484073874597085	1.0
186000	-8.423279386484138	-4.355367737750422	-4.067911648733716	-1.6947813479557432	-2.6605863897946787	2.685306402994889	1.7468401645925271	-0.2729847722634129	0.32043514248346355	0.5387456702939638	0.07033069074629814	1.0
187000	-11.585701532041506	-4.797640902690682	-6.7880606293508245	-1.4908766569193848	-3.306764245771297	1.8321035951077735	2.029184726730452	-1.0185251458859361	0.7364408455613122	0.8779338384796311	0.32650377061066155	1.0
188000	-8.478741366304224	-2.387963586767132	-6.090777779537092	-1.6386678940937731	-0.7492956926733587	2.142756106800938	2.435776323688685	-0.2214955542623524	-0.7384344637269677	0.2659369080266487	0.11761589494201091	1.0
189000	-8.299770379792887	-2.750235476899106	-5.5495349028937815	-1.9586431886683515	-0.7915922882307544	2.047644067128267	2.3084867949008303	0.10045317473360604	-0.6974414554351588	0.8558859914222827	0.17652371765787106	1.0
190000	-9.891738982864805	-5.507285790726168	-4.384453192138638	-3.0283184020416973	-2.4789673886844703	1.4738117783397804	3.138718833342102	0.47390821770125013	0.03701206977652177	0.4981371307134084	0.08748005281266816	1.0
191000	-10.138693580952145	-4.895507891996709	-5.243185688955436	-2.4732417912293023	-2.4222661007674064	2.017419159689405	2.0963729872240373	0.5360008507577538	0.32110066926049874	0.7518858632785954	0.5371002771480868	1.0
192000	-9.193749550683176	-5.292634930982754	-3.901114619700423	-2.4364476880304924	-2.8561872429522617	1.8173587133351965	1.2416761700642471	0.40509088294349965	-0.34321939218309294	0.6113731845006654	0.26786944455056555	1.0
193000	-6.680851940301666	-4.064798867797415	-2.6160530725042515	-1.9210028186285477	-2.1437960491688672	2.399310176170606	1.7561955147733923	0.08633648235616587	0.019358506874352477	0.5795672035776508	0.06175689526520474	1.0
194000	-7.405688453195382	-3.846158663455152	-3.55952978974023	-1.7274502440168211	-2.118708419438331	2.130896577257946	2.905711901973477	-0.11675316564312134	-0.014855804441400888	0.5363593464514572	0.10082440732635334	1.0
195000	-8.345394847291832	-4.95495659413964	-3.390438253152193	-3.261561714101138	-1.6933948800385021	1.2851272391422677	1.81964680040947	0.14666741988641305	-0.22775983782311143	1.1756937957865734	0.1271182507045418	1.0
196000	-9.218099702958236	-3.677662994207145	-5.540436708751091	-1.5667365708984278	-2.110926423308717	2.5167958242272546	3.3918607683254085	-0.3303215965383969	-0.33428174643175823	0.43297631327625835	0.46399113205149195	1.0
197000	-8.342063831222394	-3.8532285984545434	-4.48883523276785	-1.9698622609945016	-1.8833663374600418	2.0272305529968686	1.5453047526318673	0.10223683773269154	-0.4181265916515731	0.29825371311075594	0.3271385727240663	1.0
198000	-10.244468727424348	-2.6942687136373102	-7.5502000137870375	-1.3560542990527775	-1.3382144145845327	2.706481730739723	3.150656040225127	-0.8593487813544003	-0.6499286156633162	0.6919445395119558	1.8340524000790281	1.0
199000	-9.503251081355259	-3.1753395016563646	-6.327911579698895	-2.2685112026903136	-0.906828298966051	2.0654723047530545	2.4326447781315412	0.38677719387007836	-0.6097785695436684	0.29947843887473663	0.0800590999470559	1.0
200000	-11.347351970947216	-7.358363352573605	-3.988988618373611	-3.9239850981118916	-3.4343782544617127	1.1265130120485314	3.9815219530186314	0.22289212351719095	-0.14064975657545203	0.1763519334071295	0.06202618547567539	1.0
201000	-8.725114760188141	-2.154124491744148	-6.570990268443994	-2.0830211748612415	-0.0711033168829065	1.6556159187888775	1.9953711747336764	-0.24800377920285	-1.6557524823790355	0.8195313758109165	1.5581360169852747	1.0
202000	-7.626018847218187	-3.050885705938102	-4.5751331412800855	-1.9732810100969935	-1.0776046958411083	1.7680187270307903	2.5365078801119565	-0.16247844839819586	-0.501498383188507	0.5326296140634428	0.08306179644270378	1.0
203000	-8.455441726718462	-2.8903988358368267	-5.565042890881635	-1.9553424971239135	-0.9350563387129132	1.628849515758832	2.7806337421341056	-0.568179725265666	-0.7065592660543811	0.3857638697185189	0.35754634547390146	1.0
204000	-13.69808744564046	-5.79020091300619	-7.90788653263427	-3.278476344429599	-2.511724568576591	3.0204389426234486	3.2408358504361554	0.6340374736115341	-0.010800045837773276	0.9619486246695444	0.7387799300938482	1.0
205000	-11.640223804397097	-4.6211364661027154	-7.019087338294382	-3.889472141357018	-0.7316643247456973	2.3697921754974827	2.33038066915707	1.2647264222126426	-0.7473245867544873	0.2113142343815573	0.9979381319902777	1.0
206000	-8.10266469619351	-2.9890670551070793	-5.1135976410864314	-2.1863454109605494	-0.8027216441465299	1.791261892990992	2.0822157077083516	0.13293979041672954	-0.7442622988952927	0.7762343637810994	0.24170754673469305	1.0
207000	-8.766300369164234	-2.63396005955604	-6.132340309608194	-1.571003491936123	-1.062956567619917	2.998895800051747	2.315720670579734	-0.8723513589817622	-0.4850022274943938	0.35581374940608423	0.388397659054265	1.0
208000	-11.670533256970947	-1.668425011730326	-10.00210824524062	-1.5568342676343399	-0.11159074409598624	2.176844970905063	2.7450182877718654	-0.3182958953097534	-1.6890654211137472	0.7160665618095545	0.2820203704528987	1.0
209000	-8.904611804404245	-3.0293259709503015	-5.875285833453944	-1.5752393307407342	-1.4540866402095673	2.66935660446816	3.21126615070167	-0.41186501185985264	-0.6146682786747076	0.46676661982089984	0.400831416238208	1.0
210000	-8.988157819831029	-5.703274915183503	-3.284882904647526	-2.7794382065167786	-2.923836708666724	1.5697617244019733	1.3584414795370432	0.41543797372301994	-0.002439436573212883	0.5154128608533896	0.06185417899608005	1.0
211000	-9.397822183611456	-1.5448038517151161	-7.853018331896339	-1.3528565447909138	-0.19194730692420237	2.003365717862811	2.5065123882523688	-0.9143984917227562	-1.3415326521232744	0.5418664477044421	0.40577984270723566	1.0
212000	-9.481514549253923	-3.069226120200055	-6.412288429053868	-1.6426674441376115	-1.4265586760624434	2.080195364031776	3.16934588490033	-0.24867380152168417	-0.5997471966101015	0.8447040549957278	0.5654092850994642	1.0
213000	-8.011361211683168	-3.0136990844547427	-4.997662127228425	-1.802691549446359	-1.2110075350083838	1.8230310344188227	1.6467471886401366	-0.3145322023845326	-0.8176348329539387	0.5549792190132148	0.4566693777592396	1.0
214000	-9.64956523439954	-4.761356054913611	-4.88820917948593	-2.77880230188123	-1.9825537530323807	1.5369875323202165	2.4006607855534976	0.35214297341768286	0.08440901130587683	0.5526799154009381	0.6631542871314162	1.0
215000	-9.199531315433315	-5.146993092862603	-4.052538222570712	-3.2237794892671943	-1.9232136035954088	1.2881325851676202	3.2825180174981528	0.10841198396852564	-0.36007093973289195	0.5370363502287592	0.04179411864985851	1.0
216000	-8.384725138539906	-4.294481338543486	-4.09024379999642	-1.7191645678778809	-2.575316770665605	1.8659965942052947	1.3640520765549344	-0.3725689191344529	-0.24286430646118073	0.968447839998285	0.2713503455006107	1.0
217000	-8.322588196749413	-4.2765119286637905	-4.046076268085622	-2.16950452616103	-2.1070074025027603	1.6339153610915902	2.0107188610205533	-0.17364301355544717	0.13220875901472018	0.24702590923284962	0.20038998753249543	1.0
218000	-7.537992678898618	-4.202235850691402	-3.335756828207216	-1.6248913203974773	-2.5773445302939244	2.4585184734644647	1.6164726091017012	-0.23545498380856378	0.1599200426196214	0.646495751730028	0.08169041466336313	1.0
219000	-12.910477317670948	-5.304000541419285	-7.606476776251663	-2.258207281600562	-3.045793259818723	3.5913567925398144	1.5086441206434476	-0.982232446267588	0.31980790189294045	0.9010746757561251	0.21209688553856892	1.0
220000	-7.782322195041014	-2.9981348559093526	-4.784187339131662	-1.574967627404897	-1.4231672285044557	2.498176217943961	2.525434620586585	-0.3116669297445173	-0.2651395813898416	0.5909014655941683	0.2414512809668019	1.0
221000	-8.603327620402268	-5.016592748506203	-3.5867348718960645	-2.073312560462261	-2.943280188043942	3.084255202318557	1.4805963582897381	-0.2376307299444493	0.2197726955281769	0.43797048581285203	0.0725021052733109	1.0
222000	-8.522855426004146	-4.89969325625752	-3.6231621697466245	-2.508314028018666	-2.391379228238854	1.6546758091008742	3.1750830020217102	0.2832887645218786	-0.02855470942967392	0.44163882820246225	0.0859728940998167	1.0
223000	-11.632553039242866	-3.37696264590319	-8.255590393339677	-3.5057665065170043	0.12880386061381444	1.0823898998836707	2.0266767123652536	-2.163101528737724	-2.039091112263397	1.0708315146667646	1.605691308854296	1.0
224000	-8.610762939530272	-4.083438826308886	-4.527324113221384	-1.900788849402467	-2.1826499769064194	2.736305009829655	1.8242278873104596	-0.0920308665677618	0.09215868980760802	1.4765369513280604	0.028309946892680456	1.0
225000	-9.686135754189058	-3.6823181617378786	-6.003817592451179	-1.4935697342077816	-2.188748427530097	2.8773065071051844	2.409023957625337	-0.8011303024636196	0.19154858027917376	0.2164290408292404	0.4597688024472328	1.0
226000	-9.29968423071512	-1.677631731482947	-7.622052499232174	-1.5963459762387266	-0.08128575524422033	2.553099521827812	2.385079258976212	-0.31013153526619613	-1.469057358172776	0.2643839274213353	0.4195786546067106	1.0
227000	-7.280258245368763	-3.5186766739071906	-3.7615815714615723	-1.5806260692264367	-1.938050604680754	2.526395346070814	2.5622480805362513	-0.3168868873617363	0.025745437056984677	0.403548929003165	0.06807518016133166	1.0
228000	-8.622061437555402	-4.107950690909969	-4.514110746645433	-1.71023901557294	-2.397711675337029	2.079800156225108	1.588769212192457	-0.16120669270917065	0.013728319532238409	0.5138931304119925	0.5692179785219509	1.0
229000	-7.864495824011519	-4.1432679620424775	-3.7212278619690418	-2.74070697356855	-1.4025609884739278	1.3792089138831474	2.0425120668399086	-0.1953808018489425	-0.29848081968579154	0.3643197434207457	0.17408258929053547	1.0
230000	-7.103271158404899	-3.4349160484820462	-3.6683551099228535	-2.0037651393642353	-1.431150909117811	1.9110136322717575	1.9818282539063634	0.059113705177652576	-0.30568139711122205	0.229302442745147	0.05937360808365734	1.0
231000	-9.846611071758971	-1.7392048520537395	-8.107406219705231	-1.8120376632157162	0.07283281116197671	1.605041073870543	2.62335426357026	-1.2148648566290086	-2.4101944425114077	0.6214822229139685	1.6750850178273184	1.0
232000	-8.62967230840307	-5.318268409652308	-3.3114038987507612	-3.5851944511967946	-1.7330739584555142	1.22194991204392	1.7553245726332556	0.2829883379754254	-0.2564810828343026	0.36959639536855327	0.07567044112401591	1.0
233000	-9.643971013857197	-2.7247263140492954	-6.919244699807901	-1.501669081209382	-1.2230572328399134	2.7037827321547296	3.3509970243917055	-0.5510790367083023	-0.9504022974131401	0.47782525526884906	0.3335787977176945	1.0
234000	-9.227130178825163	-3.0180380167469956	-6.209092162078168	-1.5025785767090465	-1.515459440037949	2.127493250476287	2.7075290728312162	-0.42438155591195026	-0.26587512077581804	0.3898096105836113	0.030687466866539264	1.0
235000	-9.046019606205377	-2.7235905725323635	-6.322429033673013	-2.0625547966603994	-0.661035775871964	1.9105313117845542	2.3909006727695745	0.12179851623670523	-0.8105433471827347	0.1720725480808576	0.16649808170840955	1.0
236000	-10.029551173892308	-5.965254038249059	-4.0642971356432485	-3.562352042113412	-2.402901996135647	1.3027558602724294	1.7322748655953857	0.5680456348006592	0.160054774499223	0.8578811136836427	0.12424330309039623	1.0
237000	-12.879098664832222	-6.441182510956047	-6.437916153876175	-3.8643769954754497	-2.576805515480597	2.7627480277379526	1.8962723879633574	1.0620962393899072	0.35257545499865894	0.33785241550548273	0.30791281442854296	1.0
238000	-7.580585814878375	-2.917256655425092	-4.663329159453283	-1.806038095732326	-1.111218559692766	1.852459216303306	2.3416443660109847	-0.2597883228308301	-0.4499621487269924	0.365951633549489	0.06917738661582623	1.0
239000	-10.572111164076764	-7.537120390998432	-3.034990773078332	-1.9604254166095139	-5.576694974388918	1.9041149714956178	4.8687332565345915	0.003980655909096298	-0.02590057003357288	0.5058956527665667	0.027195178097383414	1.0
240000	-8.0006500145063	-3.666019197514178	-4.334630816992123	-1.4156575050133142	-2.2503616925008636	2.2293507598338724	1.7228237251745824	-0.5196787575064518	0.058615195692593436	0.6522831159842033	0.10018029168347144	1.0
241000	-9.676214063975067	-5.241712711081254	-4.434501352893812	-2.4894685657625004	-2.752244145318754	3.159347330621083	1.2989165958372064	0.04651477198283732	-0.2655412119271597	1.12521979265468	0.06357711230131659	1.0
242000	-12.090924711493978	-1.2226599353717003	-10.868264776122277	-1.3323535877006165	0.10969365232891626	2.632484443763918	2.041786351800813	-0.8196770238573519	-1.9675143423016839	1.762233536183105	1.4812157387991784	1.0
243000	-8.18454519716994	-4.970156230395565	-3.2143889667743757	-1.9941556178561308	-2.9760006125394343	1.6561328437518994	1.353264256601645	-0.39516091805706044	0.023073277593784518	0.47564033817154083	0.07060258570343768	1.0
244000	-10.860825445596063	-4.045302522311107	-6.8155229232849575	-2.067400795369424	-1.977901726941683	1.8556218531614252	3.759661042834745	0.07570571598351306	-0.8015169021585595	0.8329515834602104	0.23261899910195596	1.0
245000	-11.68534855657133	-5.534489979303675	-6.1508585772676545	-2.45397623979029	-3.0805137395133855	2.861916863463571	1.2937921502634764	0.26418211114757334	-0.0349861376779623	0.9176640639147571	1.3516397670017812	1.0
246000	-14.366636139854759	-6.492182723329521	-7.874453416525237	-2.7384243126202703	-3.753758410709251	1.3412903752252279	0.7889378948089173	-2.7807494832404154	-2.135880863945207	1.54911196052349	2.1648017133412933	1.0
247000	-6.648186373991292	-3.8294193048489023	-2.81876706914239	-1.8683178045817233	-1.961101500267179	2.4198974918021743	1.634343842262456	0.032309319919974724	-0.22850394196127252	0.6661101411792149	0.042432293702247145	1.0
248000	-9.98851671695338	-3.225501799142047	-6.763014917811334	-1.6842050170758416	-1.5412967820662056	1.9292446107189598	2.1737185532749232	-0.33239373217181556	-0.17143183452786875	0.2398501068332931	2.890305808490277	1.0
249000	-11.79869959696118	-7.310725115228857	-4.487974481732323	-4.278628130525776	-3.032096984703081	0.9871351889599065	3.157882878242926	-0.4103549265187633	0.2768660448797483	0.7741868818119017	0.15721633266796453	1.0
250000	-7.035847932153527	-3.5288001468504575	-3.5070477853030697	-2.0641557581514505	-1.464644388699007	1.8196818304613696	2.228722198546857	0.03060971030205209	-0.21390879591966275	0.8423723472368048	0.09805073535889491	1.0
251000	-12.108179456499665	-4.59892529438671	-7.5092541621129545	-2.263462217502388	-2.335463076884322	2.322936724537452	2.7987254618806316	0.3829037732326987	0.14384243086769305	1.3894314474376377	0.36105615056044926	1.0
252000	-7.994994546041589	-4.904821420642227	-3.0901731253993625	-1.90427273268749	-3.000548687954737	2.209176997692782	3.316749393414193	0.08799158120861919	0.167128354102282	0.544418395612	0.025276720349132028	1.0
253000	-9.383301108223343	-2.3150426081672197	-7.068258500056124	-1.267271351262778	-1.0477712569044417	2.6130057986279835	2.4073885134186033	-1.0089702260919733	-0.500099208583949	0.40824921155217037	0.2175690537739364	1.0
254000	-10.39915978491549	-4.54685907940606	-5.852300705509431	-1.178875354941507	-3.367983724464553	2.3813844668156947	1.1594430743683666	-1.2120325858879868	-0.19932269959123597	0.4415458440235864	0.4995744292401354	1.0
255000	-9.207183766819435	-2.615187546540822	-6.591996220278613	-1.246401560210085	-1.368785986330737	2.2565223678544806	1.9174246736464005	-0.8954487390972722	-0.38791777735934363	0.5987906249553585	2.9007299151996553	1.0
256000	-7.3368261613350745	-2.801640700295934	-4.53518546103914	-1.6311904063861853	-1.1704502939097488	2.1517232676685007	2.1839436723367047	-0.22756773877952127	-0.42074291779183	0.33239804763521474	0.241707708071172	1.0
257000	-8.196315174697485	-3.863883649980756	-4.33243152471673	-1.6107629447078047	-2.253120705272951	2.0474851420945397	1.8488632084487064	-0.3171445159093036	0.14880727155021906	1.1792856721584384	0.05046373323825656	1.0
258000	-8.465125136032128	-3.9998480370167115	-4.465277099015418	-1.498610188739958	-2.5012378482767534	2.3182746649827344	2.647931983126321	-0.374705902158096	0.2814352233063221	0.45251083303824763	0.1013491124700546	1.0
259000	-10.266941683149383	-3.7435982304558024	-6.523343452693581	-1.5899633359054661	-2.1536348945503363	2.637114371511606	3.023216918421764	-0.36868487668370886	-0.059405059668093674	1.0063748851801892	0.2896911692953165	1.0
260000	-9.438533900868258	-1.5646711154815458	-7.873862785386713	-1.6785701288632575	0.11389901338171171	1.7867478493057207	1.8677250925550455	-2.252075169941645	-2.349054583518714	0.36519629469340253	6.511720788404211	1.0
261000	-10.626151439984334	-5.529281189687398	-5.096870250296934	-3.3339687904594673	-2.195312399227931	3.2624934066405404	2.0142057961656468	0.48091868020599193	0.18311830834906884	0.33618209033421687	0.06492581431227464	1.0
262000	-8.336706330595614	-3.671124407281413	-4.665581923314202	-2.2262783258379883	-1.4448460814434245	2.0432458587790743	2.7450346674647452	0.3458590874878303	-0.3256548513116424	0.553951289411975	0.21779349990920222	1.0
263000	-8.864647623267242	-1.6951824900350863	-7.169465133232155	-1.572453311589734	-0.12272917844535236	1.7977829350438534	2.4083180791178815	-0.8730577191858042	-1.4106126722804482	0.220291841566249	1.9887594424419281	1.0
264000	-8.385934337060274	-3.772793770218568	-4.613140566841705	-1.72744064627134	-2.045353123947228	2.58555316433501	2.8888644262610135	-0.17464230111513984	-0.04496486346181197	0.10380800875740183	0.07990148019030537	1.0
265000	-8.848355952317025	-3.3820018146365083	-5.466354137680517	-1.8521507107520492	-1.529851103884459	2.299314837267606	3.2436550116239657	0.03792468864371082	-0.5874443389976733	0.5428723403579738	0.10479943228174855	1.0
266000	-7.6183883867000715	-3.8690947854768405	-3.749293601223231	-2.1679950047263663	-1.7010997807504742	2.8290197039300455	1.6939627749553405	0.07583370941926032	-0.34536216624673893	0.4832535685603087	0.08528824669828297	1.0
267000	-10.916564096922786	-2.529403148038904	-8.387160948883881	-1.2505802031517241	-1.27882294488718	2.1134685500496815	2.9345036550456967	-1.6642862877411355	-0.5363057331149135	0.10182703471935879	2.071866559088415	1.0
268000	-10.969410486562868	-5.34897822033151	-5.620432266231357	-2.546367918715646	-2.8026103016158643	3.6977000727057603	1.3389481623516677	-0.6762743514710028	-0.1308150879994759	0.5981522628199867	0.46272050885115296	1.0
269000	-7.407093922092542	-3.6680700317082584	-3.739023890384283	-1.9908113622895085	-1.67725866941875	1.7021090144875373	2.2725946283985325	-0.2745803535809364	-0.07970933862997526	1.0417139032254865	0.05492202772184941	1.0
270000	-7.215757279405886	-3.901157425534806	-3.31459985387108	-1.9701481757657584	-1.9310092497690476	1.9891952781176538	2.355726780499734	0.08136477639812822	0.06192089884048549	0.4935891899454972	0.11958867743188785	1.0
271000	-8.754411794440962	-5.136606760788581	-3.617805033652381	-3.6775476166387686	-1.4590591441498129	1.1108725185421537	1.901399779464357	-0.31028755803064556	-0.33302690035718063	0.6066275637735774	0.05698541097055556	1.0
272000	-6.437110725005695	-4.36659952623223	-2.070511198773465	-2.5817787908270304	-1.7848207354051997	1.462693209699209	2.55073016181688	-0.09443044197016041	-0.05564464748334335	0.40415594623255385	0.03414075167816198	1.0
273000	-8.470242251316902	-4.178754484664008	-4.291487766652894	-2.429859916237845	-1.748894568426163	3.3470161400541536	2.6241598107840414	-0.20681483912867954	-0.09769046680344366	0.6635604805902181	0.0652222953869523	1.0
274000	-8.471694079310396	-3.4674685631014723	-5.0042255162089235	-2.5149473292885025	-0.9525212338129698	1.4350912508636189	2.082539013463032	-0.3186116126971956	-0.6183030101732065	0.7375694030292287	0.11273656879769826	1.0
275000	-10.78875730736058	-4.625369168751917	-6.1633881386086635	-3.1023014044343844	-1.523067764317533	1.4796563738302009	1.7063067597083539	0.5582458791498699	-0.4665605658303721	0.3425057679910108	2.700279239718195	1.0
276000	-11.043262433590762	-2.416500874137955	-8.626761559452806	-1.7590520209842877	-0.6574488531536673	1.8291203515604073	3.1766356342813293	-0.37360272661503513	-1.3928233777152614	0.6169448774970383	0.25305951146715683	1.0
277000	-12.545899154180123	-6.610293952224361	-5.935605201955763	-1.7334921291382592	-4.876801823086102	1.700679566259724	0.7569458485159563	-0.8124893164975524	-1.1332490914744486	0.6607177944227904	0.3673494360344738	1.0
278000	-11.970587465310416	-6.564188756308308	-5.406398709002108	-3.611532376454969	-2.952656379853339	4.055249813345052	2.787848849519407	-0.19133305858617455	0.42813413104868203	0.4806348024944467	0.08982482395687674	1.0
279000	-9.125386825513397	-3.131059539051355	-5.994327286462042	-1.5010765024942732	-1.629983036557082	2.5693394487341403	2.5772071839218946	-0.44821181897890394	-0.15230770308374975	0.09005008349087278	0.16549758246810456	1.0
280000	-8.215383319786257	-3.154908941630918	-5.060474378155339	-1.6588544854600507	-1.4960544561708673	1.8643591816000666	2.7844013404377117	-0.4803020507103759	-0.3109218743266883	0.24520734593196686	0.11219447645324228	1.0
281000	-8.16878138592096	-4.983677393452358	-3.1851039924686018	-3.1809372782185728	-1.8027401152337852	1.331485161443267	1.9237090071639296	0.23300388750120088	-0.08686613062140233	1.1547987697849136	0.08199590538645303	1.0
282000	-10.984848079689787	-5.9600195976103585	-5.024828482079428	-4.567441242332244	-1.3925783552781148	0.979416524175419	1.4618391875559011	0.06946067256651334	-1.0346134033835526	1.4402601813426548	0.4406746483507075	1.0
283000	-8.785175497441958	-4.357785285617324	-4.427390211824633	-2.4892769728265094	-1.8685083127908149	3.4196516274977955	2.038422680278603	-0.24561119898457412	0.000498651616370277	0.5544206236365836	0.1655635416246693	1.0
284000	-8.841714518584691	-3.1162225980447165	-5.725491920539975	-1.4303932458591309	-1.6858293521855856	2.582890042156238	2.973322477324603	-0.5692430733110752	-0.2933818528928638	0.4517282200224502	0.09635835660762525	1.0
285000	-8.799291573103686	-3.905181286654848	-4.8941102864488375	-2.014414033608018	-1.89076725304683	1.5788301526617368	1.4999935938154394	-0.6581425431577884	-0.494382371085378	0.3721505341182724	0.40720771833981295	1.0
286000	-8.209448759560043	-4.113663203258062	-4.095785556301982	-2.104460057005763	-2.0092031462522986	2.6868907396551864	1.5186369641126478	0.11815758569511337	-0.3662188474999071	0.24312185227408195	0.08572584412880656	1.0
287000	-10.433021436146868	-3.354250607151231	-7.078770828995637	-2.12107751027081	-1.2331730968804209	1.461618274371137	2.539242535279839	-1.348961768112392	-0.3930791390451308	0.18154229613439246	1.6623587860660902	1.0
288000	-8.919960879029802	-2.4157030539926385	-6.504257825037162	-1.36340332526302	-1.0522997287296185	2.254314568416928	2.872332140177067	-0.6082581597261139	-0.6665701473292932	0.5464069060506959	1.4580951549261507	1.0
289000	-10.367769059588632	-4.295471507295775	-6.072297552292857	-2.8501516924705257	-1.4453198148252495	2.338019056635321	1.7366272707656076	0.7622203944005652	-0.4916317487034959	0.9301576623561637	0.23583869892402723	1.0
290000	-8.708917166452999	-3.888876662336818	-4.8200405041161805	-2.060981176532305	-1.8278954858045129	2.908985010578699	2.875473164164364	-0.07795096254488654	-0.15733110755751917	0.39830749914136093	0.29675894262440505	1.0
291000	-9.950947657475897	-2.11878253272502	-7.832165124750876	-1.4283432920657804	-0.6904392406592397	2.1528652583748076	2.5235778776117006	-0.5347260466119679	-0.8069075377508401	1.2674564877061318	0.2360453094616236	1.0
292000	-8.986214905594668	-2.835036293291301	-6.151178612303366	-1.7426603318253804	-1.0923759614659208	2.033914567679813	2.6477841377938605	-0.14924115359730872	-0.5256595571616482	1.1856706192215847	0.13558248208899468	1.0
293000	-10.681108915910821	-2.8269775315315218	-7.8541313843793	-2.820746827496787	-0.006230704034734913	1.3750473331582804	1.9523790088281436	-0.08667271649059183	-1.8319390303020333	0.1450736564992866	1.0138995344623576	1.0
294000	-8.794512678884043	-4.103231901944867	-4.691280776939176	-1.460831190548804	-2.6424007113960633	2.074188273258879	1.5096781589369648	-0.5393785372563558	0.06879099735951233	1.0941239899547741	0.11976420960745685	1.0
295000	-9.939622407227471	-4.915487294667471	-5.024135112560001	-3.2697856256016635	-1.645701669065807	3.780710485086252	1.719461498312403	-0.0731426584285143	-0.3573704470734407	0.19624325536272783	0.02703943711338001	1.0
296000	-9.067503169577957	-2.9654025126496846	-6.102100656928272	-2.064762535641373	-0.9006399770083116	1.693763630486828	1.7570213385853395	-0.18219514513327786	-0.9433439904698662	0.5633532727387646	0.1505324829024193	1.0
297000	-7.53697957493666	-4.927385802666981	-2.6095937722696787	-3.265968018241828	-1.6614177844251525	1.2482155043795071	2.24637997525643	-0.03329985338685579	-0.08990659351410879	0.5901822436593803	0.09109690160365329	1.0
298000	-6.434998888049906	-3.529457427828742	-2.9055414602211633	-1.771252506919172	-1.75820492090957	2.549218359400003	2.2681330923911815	-0.11035761334947855	-0.031792406327839494	0.1345600726002993	0.019709725796233972	1.0
299000	-12.40147930480522	-4.338020279528726	-8.063459025276494	-2.0436891887901574	-2.2943310907385683	1.5050944225074325	2.8881254304752977	-1.12090211233732	0.08280280674136253	1.1352286331695984	0.20544237981973756	1.0
300000	-6.7184832152827765	-3.6046801326455222	-3.1138030826372542	-2.139155605927116	-1.465524526718406	1.651001341225096	2.148130849134023	-0.17482365357763865	-0.22499659126013521	0.43000899618430033	0.07555364967217579	1.0
301000	-11.041646745044321	-3.574369673321752	-7.4672770717225685	-2.3830109147290397	-1.1913587585927123	1.4124388103983112	2.096146882489952	-0.7506822100712589	-0.42909192058561335	1.0163482857742447	0.08113224074730821	1.0
302000	-7.642591496238634	-5.0952080425446304	-2.5473834536940028	-1.9609708499581382	-3.1342371925864922	2.0667668074781207	1.2193565943386293	0.11075757720095397	-0.19221522545928177	0.7690303813355975	0.06625231324796994	1.0
303000	-8.987536673053647	-4.343883517251176	-4.643653155802471	-1.9849759974873873	-2.3589075197637888	2.0822582849293956	1.3175486715876803	0.13994155178992895	-0.5325199204698315	0.270870536773851	0.2825904384217098	1.0
304000	-8.338064504287791	-2.8534551813010065	-5.484609322986785	-1.8534161381371437	-1.0000390431638628	2.0424790890670543	2.8589591817450524	-0.01355611002200724	-0.699746849512608	0.6530969792746334	0.2520076308862214	1.0
305000	-8.116503383908416	-5.063728384873478	-3.0527749990349387	-2.123201558861318	-2.94052682601216	1.848287828628982	1.221181051781443	0.1288096280896474	-0.33806082453512315	0.8054163883649833	0.08685437866399713	1.0
306000	-9.322468006128727	-4.969764628579473	-4.352703377549253	-2.089160806577447	-2.8806038220020262	1.708945625583458	2.3391683720964656	-0.11543495652340738	0.5327741904085442	0.47398014352688794	0.12984936999550756	1.0
307000	-9.432422485239481	-4.735639874743967	-4.6967826104955135	-2.2439088864161345	-2.4917309883278325	1.5770284387596005	2.30563020499759	-0.22297280904349637	0.3564851042320138	1.1953090611613744	0.09161235826891288	1.0
308000	-10.382843700528289	-5.894635126585646	-4.488208573942643	-3.7857389233299354	-2.1088962032557106	1.0708655418234563	3.0567791811179927	-0.5027005869711572	-0.10244160149555936	0.7512162395334613	0.14633105605568428	1.0
309000	-12.204910283721599	-5.98322391430286	-6.221686369418739	-3.9894188884701647	-1.9938050258326951	1.4620160570374188	1.7654395214976306	1.227935562108802	-0.06960575890606688	0.9360241477536648	2.5424278253164276	1.0
310000	-7.601825703027592	-3.444134098942599	-4.157691604084993	-1.8131647042564971	-1.630969394686102	2.767894011906139	1.7095343854540195	-0.20348859778805123	-0.37972815365815005	0.35956471509356996	0.07050224766646201	1.0
311000	-11.788215666869569	-6.295611681851192	-5.492603985018377	-2.2264667377630847	-4.069144944088107	1.6691077995067995	3.517080209383604	-0.01452506439236717	0.4637980629129509	0.8940423077249621	0.1343632751169555	1.0
312000	-10.033875106349306	-5.866611231875048	-4.167263874474258	-2.4331452069803507	-3.433466024894697	2.971023016069033	1.408108398153242	0.16876076055549538	0.4128028885291712	0.4961368165341665	0.14506352744523116	1.0
313000	-8.862486367047806	-3.9309154739445407	-4.931570893103266	-2.499684119119338	-1.4312313548252025	1.37133584742678	2.031703346919869	-0.7604560825677695	-0.283007776006301	0.40371079052421394	0.27548542075445387	1.0
314000	-9.241403589652329	-3.1435448288230523	-6.097858760829277	-1.8941715662707663	-1.249373262552286	1.9680968741111255	2.620647212868815	-0.016428836508932565	-0.40598882213968857	0.9651044416265894	0.6992663655580098	1.0
315000	-9.097648005975417	-5.163872820042587	-3.93377518593283	-2.5625851592169777	-2.6012876608256095	1.4833322122440113	1.287984052608806	-0.05027374633527551	-0.41450483732191923	0.7832672810724465	0.02942366763399694	1.0
316000	-8.74024054726091	-2.9102058099748476	-5.830034737286064	-1.937477142041585	-0.9727286679332625	2.3156719368859786	2.8495343469093397	0.11668771251159861	-0.7159994097259713	0.1907478837262976	0.3372376037850244	1.0
317000	-11.087690324172003	-2.1798158763538815	-8.907874447818122	-1.3160100963326755	-0.863805780021206	2.6584073816646474	1.8748803214621403	-1.6648275877034044	-0.8377598878783887	0.1859771640642708	0.4840003246758807	1.0
318000	-9.308012401022037	-3.707671099025303	-5.600341301996734	-1.550335185867464	-2.157335913157839	1.9445692090087432	2.733172700678066	-0.5396785990109922	0.08241903572933418	0.25627259174044953	0.6862656268433164	1.0
319000	-9.873723256664514	-1.9809376153414542	-7.8927856413230595	-1.4579433131725335	-0.5229943021689207	2.0295751799336035	1.4936022191445808	-0.5964014390965232	-2.117789903104448	0.6187619581876574	15.830503988833229	1.0
320000	-9.121423433817132	-1.4407639762297375	-7.680659457587395	-1.265995993641262	-0.1747679825884756	2.6129113786990987	2.654183985481185	-1.0146065579898644	-1.4577492626126145	0.5818401491227767	3.446908418400629	1.0
321000	-9.241000073048825	-3.9465259743955308	-5.2944740986532945	-1.9261487456878736	-2.020377228707657	2.626477857839649	1.891409357558707	-0.00016493467618436397	0.032341821973142795	0.03627491959645366	0.03489065184686944	1.0
322000	-9.15205546202035	-2.797218201385342	-6.354837260635007	-1.882437511718165	-0.9147806896671771	1.7927522726008058	2.7773411501396397	-0.2481236068980377	-0.7213074874130487	1.068876847720721	0.2910418755622958	1.0
323000	-10.22782876996532	-2.7160879335686996	-7.511740836396622	-2.622171804764193	-0.09391612880450673	1.5386252242118565	2.5040483059085274	0.1822628768194532	-1.4876802437207977	0.8915787465100949	0.4118849079395368	1.0
324000	-8.838499420743997	-3.3350227406365613	-5.503476680107434	-2.268045075934366	-1.0669776647021951	1.579791981840068	1.5887603910011237	-0.1772407981678209	-1.069358226360405	0.9038009093266928	0.36625581201848234	1.0
325000	-9.113064794482643	-5.0485227262587475	-4.064542068223895	-3.44429527311485	-1.6042274531438974	3.7834301074409646	2.6424415247789095	0.04367834914301166	-0.18805384960290092	0.6943027565772203	0.022686088873760012	1.0
326000	-10.555772972488647	-4.061294270417829	-6.494478702070818	-2.26374323920121	-1.797551031216619	2.20764012274116	3.0560472794232925	0.3961337330804575	-0.2767716392249686	1.1483531444950505	0.1548193314766226	1.0
327000	-6.511247372246996	-4.191441703794478	-2.319805668452518	-2.2048352245231317	-1.9866064792713463	3.0833769598238843	2.706701635066497	-0.11194905090551566	0.003920874483317377	0.3943719741506693	0.018177005632863993	1.0
328000	-9.503329924411668	-3.8368643782701746	-5.6664655461414934	-1.882402368603028	-1.9544620096671466	2.6290176183573006	3.1455612069296057	-0.042097405309394514	-0.24339466141275454	0.9696727824396125	0.1254855075513318	1.0
329000	-8.949088114085573	-3.3028816064183584	-5.646206507667214	-1.5925407257058772	-1.7103408807124811	2.9584202727695588	1.7106662019751757	-0.7302439608163399	-0.3193369105663927	0.6777711461504732	0.27181731560965033	1.0
330000	-10.962228347423391	-5.455713879089459	-5.506514468333931	-1.2081281744901116	-4.247585704599348	2.2401595308578046	0.9287954108414577	-1.0638667092461596	-0.4805602644847053	0.4735688511124602	0.4954150255160705	1.0
331000	-9.226949713157293	-1.2995740082039937	-7.9273757049533	-1.2454378521837661	-0.05413615602022759	2.3358591677592413	1.866254551965089	-0.8739188738121023	-1.8854880083633039	0.6475834645191333	0.7892856761651199	1.0
332000	-9.154321089525645	-4.4708377906435866	-4.6834832988820585	-2.8548091128795505	-1.616028677764036	3.4571677060569708	1.8365673406797207	0.009604530276507317	-0.2684995857434966	0.2787889676356607	0.2671547246741765	1.0
333000	-8.97846406064377	-3.94557792758955	-5.03288613305422	-2.303073296670699	-1.6425046309188511	1.801476794241745	1.5085247632839112	0.26537043154695783	-0.68741321774726	0.6418106803367765	0.8838544971990236	1.0
334000	-10.795325894085792	-3.8713061764533183	-6.924019717632474	-3.5098621727217516	-0.3614440037315667	3.5200547596689886	2.613357538646043	0.3522247071717917	-1.1737805120019318	0.2800660008571018	0.48655063985705843	1.0
335000	-8.456593290027477	-5.170256305302644	-3.2863369847248345	-2.863911726585681	-2.3063445787169634	1.326251413440567	2.8293341078991268	-0.26152862052903614	0.11612057251839761	0.6640273195920543	0.0602338766935797	1.0
336000	-8.450168699618802	-2.904024028454664	-5.546144671164138	-1.5842732670063597	-1.3197507614483044	2.9434850416499465	2.047806541478709	-0.7201230538200075	-0.3544455240980209	0.44013392462636547	0.2985492777989977	1.0
337000	-10.447997159153172	-3.4485635309119713	-6.999433628241199	-2.537023333080236	-0.9115401978317355	1.4413673524659314	2.787703351398905	-0.25104511555931863	-0.7297100164995937	1.3389620828378603	0.15078284405542014	1.0
338000	-11.312057372277515	-4.742871274298702	-6.569186097978813	-1.8742876097937078	-2.8685836645049942	2.0094238865151914	2.0240625857314334	-0.009809861463333708	0.5337900516700864	1.5479884212238098	0.35240580712663083	1.0
339000	-9.412968772940083	-5.966305924209409	-3.446662848730675	-1.672123743606038	-4.294182180603371	2.495822154995975	1.017711287808228	-0.19412877094962716	-0.013842267071042913	0.6406448160682262	0.19606786532363618	1.0
340000	-6.843636616946034	-3.907481011619817	-2.9361556053262166	-1.934347772348576	-1.9731332392712408	1.754341251989771	1.8792345860664472	-0.24502057157907134	-0.0035143913084966644	0.9808346334893914	0.03167400373832793	1.0
341000	-11.036644475377535	-7.781414774859039	-3.2552297005184974	-4.61993040890039	-3.161484365958649	0.9668501529105774	1.5606718071292858	0.03342442756360098	0.4460395295005369	1.2245263761924696	0.07915066502392804	1.0
342000	-6.157857256481183	-3.7901402607306123	-2.367716995750571	-2.1133943403182593	-1.676745920412353	1.7213124036949148	2.374768004799325	-0.05929108513288639	-0.08489813278192204	0.5916894778209976	0.047011539934197814	1.0
343000	-8.540087371079354	-2.2291964820237276	-6.310890889055626	-1.2813536008229818	-0.9478428812007458	2.5923452674976795	2.124747507625408	-0.9207163594644739	-0.6058573003997594	0.576796255585566	0.3675294097318276	1.0
344000	-11.66698196686179	-6.222997342750288	-5.443984624111502	-3.5187949664225506	-2.704202376327738	4.091894526338372	1.4009027852458518	-0.3269559591250888	-0.0715162222746481	0.9969474594164245	0.06275674433795725	1.0
345000	-9.233662136171109	-5.613085211165886	-3.620576925005222	-3.275983463747308	-2.3371017474185782	1.3344620421258437	1.564156011828228	0.3581080278263163	-0.05866856312303287	0.3581738895704909	0.029928616144833376	1.0
346000	-8.284433814404814	-1.7761814395852582	-6.508252374819555	-1.658545891957985	-0.11763554762727324	2.2848341197258164	2.2819380865698573	-0.16817535929761135	-1.4141038580391159	0.45020156586996185	0.9245431161465257	1.0
347000	-12.664385017770288	-6.274152761274596	-6.3902322564956915	-2.586309053691282	-3.6878437075833137	1.403654625877289	4.314068221832806	-0.34484349128547026	-0.33622548413638403	0.7563135780533596	0.04024010528130858	1.0
348000	-8.792014071388703	-3.577067572255361	-5.214946499133342	-2.22366891559885	-1.3533986566565108	1.5658864229440008	2.540445695617178	-0.2926349853097786	-0.31355761234226054	1.0185733817033733	0.03598611736178829	1.0
349000	-10.02462207042727	-3.917033029927099	-6.10758904050017	-1.6502644756799736	-2.2667685542471254	1.687874326306535	1.6390286238579064	-1.5853183699080748	-0.01330929970906114	0.697899053538745	1.2500477432130561	1.0
350000	-8.579285147707143	-3.570986503922601	-5.008298643784541	-1.8453933309955328	-1.7255931729270682	1.9429000511579837	2.2764753956197796	-0.09589481654724222	-0.050950355376947774	1.296520080560835	0.16251334950240184	1.0
351000	-14.406222958703497	-6.1239992195652135	-8.282223739138283	-4.210124475361976	-1.9138747442032376	4.364605202655642	2.07611747520379	-0.20122823548543345	0.03748971234089321	1.4445114431453938	0.09616935347718716	1.0
352000	-9.613256905527404	-1.9975626808594962	-7.615694224667909	-1.6554317876075997	-0.3421308932518965	2.0142606444855606	2.5616378080975237	-0.28115514693058213	-1.1722462109991614	1.1858476477608755	0.6255768466360649	1.0
353000	-7.770102805997681	-2.91438811849045	-4.855714687507231	-1.8826352109128504	-1.0317529075775997	2.2241277408601676	2.591775580994883	0.06808378972941641	-0.5508800352324342	0.3385023441629967	0.10329904960437443	1.0
354000	-8.290901002954179	-3.320396165602536	-4.970504837351644	-2.1082973246883085	-1.2120988409142273	1.5239027077790361	2.0763042284382016	-0.7245168902494914	-0.42100624434117345	0.527040244623426	0.3362727333070766	1.0
355000	-8.953573986963978	-4.435314305374545	-4.5182596815894325	-1.7153240100590512	-2.719990295315494	1.9727020285779107	2.9815355561515013	-0.23658874111505118	0.2365960113247964	0.6472835842627458	0.18195606136970502	1.0
356000	-10.311299978353546	-3.183879370467311	-7.127420607886235	-1.783797365277902	-1.4000820051894092	2.1368016558417184	1.9716468570110954	-0.05035654723198449	-0.33288609209134773	1.705965573783114	0.46118583169305577	1.0
357000	-7.40231792528926	-5.279570369601879	-2.122747555687381	-3.6145425629268635	-1.665027806675016	1.180196365886259	2.041267807035161	0.10199544677307831	-0.12469235462112278	0.7506803884562787	0.0520007055046915	1.0
358000	-10.309088669796525	-7.159472564749986	-3.1496161050465386	-2.004418877824282	-5.155053686925704	2.57211406429761	0.8967589250759596	0.09639879908750326	0.08486721391440372	0.1393763829847956	0.03517740593717442	1.0
359000	-7.3406581179583315	-2.9343108258911696	-4.406347292067162	-1.6877630187980532	-1.2465478070931164	1.9161144405619304	2.1085040415449887	-0.3448398643947638	-0.38510742069096926	0.31897370901601135	0.11470689099293654	1.0
360000	-11.125946828786752	-4.1527436811646075	-6.973203147622144	-2.9092176170512394	-1.243526064113368	1.7734807859942918	2.7325998718123663	0.7537338061854303	-0.4533366012633044	0.6729843860273648	0.10993366900483445	1.0
361000	-11.18667309287251	-1.431882321696781	-9.75479077117573	-1.3287230089842872	-0.1031593127124939	2.4397790668126764	1.928983891162959	-0.683042990271275	-1.6876977976838945	0.4668460638862155	0.297826400466743	1.0
362000	-9.091713281287781	-4.925519156916509	-4.1661941243712715	-1.7676597353054753	-3.1578594216110334	1.8586077434558899	1.5437974533413088	-0.3078282409917197	0.42623544769575017	0.8714000982844479	0.2041590620245246	1.0
363000	-9.076603150241155	-3.5955978126909205	-5.4810053375502354	-1.7051923400667501	-1.8904054726241704	1.7972058666045565	3.2257388191350147	-0.5427501178021694	-0.33713328317965435	0.21753580228484354	0.3210934330689835	1.0
364000	-8.41736525290599	-2.96354699068001	-5.45381826222598	-1.884302249191375	-1.079244741488635	2.309415803567446	2.335544261660053	0.06798349008654131	-0.4730119649794739	0.8399699104846954	0.39797339762818607	1.0
365000	-7.258867680817205	-3.265455906224952	-3.9934117745922526	-1.8433148571842732	-1.422141049040679	2.0257199143919875	2.104571613543103	-0.034584762623964205	-0.2643422445362856	0.9586518699335717	0.10931612653545787	1.0
366000	-8.603182225802485	-4.347830816294623	-4.255351409507861	-1.8858735949502465	-2.461957221344377	1.9330017237056312	1.3017997839136872	-0.05602818543215815	-0.49025970235452304	0.8249411026363491	0.3863262930401454	1.0
367000	-8.129186184676563	-4.4091631541659915	-3.720023030510572	-1.9335801130459913	-2.47558304112	1.9762651984577257	3.210057296056105	0.03366376487360015	-0.00879650468053563	0.7899986837117519	0.06751158596726062	1.0
368000	-10.695804351494658	-2.7857608927635624	-7.910043458731096	-1.4703200991626186	-1.3154407936009438	2.288064503476411	1.106892870864963	-0.418022619399983	-3.258791693426642	0.9862274674122623	4.689965242093075	1.0
369000	-13.025356386394861	-4.18481575335594	-8.840540633038922	-1.2115520733482956	-2.973263680007644	2.314697443193496	4.123227669671335	-0.9998980890486782	-3.0181073466177026	0.36763221032691246	4.288423929495694	1.0
370000	-10.074760355352783	-2.0073756225295947	-8.067384732823188	-1.403652761412113	-0.6037228611174816	2.1964452546215902	1.6749186712449369	-2.153242144008392	-1.4197861906769271	0.3139478373690184	1.4157354724812785	1.0
371000	-6.5620276446359185	-4.049959425206351	-2.5120682194295667	-2.047176951904463	-2.002782473301888	1.9882861265947969	2.2115296404865896	0.1592810458472116	0.10622148203671654	0.7143480708910535	0.01902253402372739	1.0
372000	-9.593791611360082	-2.2144161028768767	-7.379375508483206	-1.929942787625956	-0.2844733152509207	1.6901636252812975	2.1939455495115987	-0.40854230506973177	-1.2187012171988236	0.6659422593433293	0.22825255990058224	1.0
373000	-9.391353662228184	-3.284560335430905	-6.106793326797279	-2.337216421202692	-0.9473439142282132	1.6574836392658032	2.87953309254158	0.09890202521946612	-0.7561191461649978	0.9759481752382579	0.3713340014514827	1.0
374000	-9.307033473607138	-3.936658061399241	-5.370375412207898	-1.7321988041894798	-2.204459257209761	2.437846248865336	3.0889830556645497	-0.10860541179781953	-0.0712340664131964	1.0285945220647839	0.11419549905154958	1.0
375000	-7.527446934963082	-3.1748185658767882	-4.352628369086294	-2.143489044318094	-1.0313295215586944	1.8230319628515912	2.2550361772455254	0.12362893800444846	-0.512285908614374	0.6229961119781304	0.14799329166413788	1.0
376000	-8.645493785964355	-5.0790656428733385	-3.5664281430910174	-2.509037784044331	-2.570027858829007	1.4569329639994155	1.3494213504062527	-0.23113539176271736	-0.28069689392503083	0.3738197217031809	0.1971481142559926	1.0
377000	-14.29088301307154	-2.598740376291471	-11.692142636780067	-1.8710585648668676	-0.7276818114246035	2.959420603307367	1.809034858749595	-0.3175654933788331	-1.0472768282669869	2.2579801757994735	0.3259528791871745	1.0
378000	-8.441344678805331	-4.423881969910942	-4.017462708894389	-2.873512321898845	-1.5503696480120972	1.4474339976932034	2.711155806094405	0.24044772588185348	-0.24589989985650973	0.22917507683895355	0.09782971019086842	1.0
379000	-7.781553341711446	-3.292522807076491	-4.4890305346349555	-2.00873178750091	-1.283791019575581	2.4329377524465756	2.613439118086107	0.15411936992922987	-0.3804587404306492	0.28665144450353475	0.16392919101252368	1.0
380000	-9.747341083818341	-3.3094147890573034	-6.437926294761038	-1.282019607726662	-2.0273951813306414	2.373610643031596	2.3289052875712537	-0.7736123134250844	0.11695463912297657	0.5442891485782798	0.09692892470663451	1.0
381000	-8.60752686538805	-5.059323100597124	-3.5482037647909253	-3.2677012232941007	-1.7916218773030241	1.3014391290722713	2.501053305920123	0.22481829814276633	-0.0395957938636549	1.1037257019334155	0.0697591984992847	1.0
382000	-6.835945624851158	-3.652674733207191	-3.183270891643967	-1.9746850693851883	-1.6779896638220029	1.7263380553391567	2.1373675420905123	-0.2434952233775096	-0.09184581068259773	0.5366045146217748	0.09865589291338207	1.0
383000	-5.6706338333818955	-3.789200579198342	-1.8814332541835541	-1.8847655150994864	-1.9044350640988554	1.877919550990891	2.2923994687161784	-0.11645113195983037	0.05158610883933662	0.5883596504189225	0.021208067779251695	1.0
384000	-11.194568446568939	-6.505491535145838	-4.689076911423101	-2.0544538725380335	-4.4510376626078045	3.305166414416715	0.9825088484585364	-0.5744256811376873	-0.04450184396362439	0.4329795733240516	0.10616325167849605	1.0
385000	-9.699013632396774	-2.9157872110550613	-6.783226421341713	-2.0676440123377686	-0.8481431987172927	1.5142458463287711	1.30886746468007	-0.9209014710190944	-2.477114871393697	0.6761815348014911	3.2220290043272755	1.0
386000	-8.65955853422341	-4.181565646066831	-4.477992888156578	-1.874650855203857	-2.3069147908629746	1.980723923074232	1.2895162089305554	-0.02922732667303935	-0.6598503840820036	0.7821038684540482	0.14026034087505054	1.0
387000	-7.997280416904647	-3.758381295267701	-4.238899121636946	-1.6912470807054856	-2.0671342145622154	2.8034063931562727	1.570084015689019	-0.37469680833733604	-0.2400156764214406	0.3036168277026271	0.10516719217054499	1.0
388000	-9.664309195280136	-2.1670629376276196	-7.497246257652517	-1.6773357324612022	-0.48972720516641743	2.919978579642072	2.1410237181375757	-0.5227815110148254	-1.012647558117129	0.581125634805795	4.418221359062829	1.0
389000	-6.52166885511706	-3.7818399158992033	-2.739828939217856	-1.8252559027165738	-1.9565840131826295	2.2952960008794494	2.4982122328368566	0.011652624014550389	0.05198712904025948	0.5438616592034252	0.05232411713470096	1.0
390000	-10.15058320731048	-2.572277734829189	-7.578305472481289	-1.9352525181626987	-0.6370252166664905	1.926599703212874	2.972834356687317	-0.003999470702858776	-1.1356925684083827	0.8229822561414533	3.01937682068761	1.0
391000	-8.474377878979	-3.903698495327731	-4.570679383651269	-2.2410059043892154	-1.6626925909385157	2.2520685466209525	2.7272144321395606	0.3759966580336807	-0.18510900073666148	0.24122830233278492	0.1497439359154583	1.0
392000	-10.308613748933976	-3.353169183545601	-6.955444565388375	-1.18244923206227	-2.170719951483331	2.238557439314612	1.184015697607197	-1.3468544440054084	-1.1891569839391145	0.2612141585819591	1.1633820401658614	1.0
393000	-8.516709062346251	-4.316457665379383	-4.200251396966868	-2.9189492297266	-1.3975084356527834	3.534770638319659	2.5554969716220235	-0.03125277666470705	-0.28906702429918013	0.29472649897474973	0.10067595037443028	1.0
394000	-8.211141239589342	-2.9368602648988302	-5.2742809746905115	-2.1586092585515493	-0.778251006347281	1.7308624860887223	2.5104874930808525	0.014374274858709893	-0.7280228339330002	0.36933132496422105	0.5432425328614958	1.0
395000	-10.26010864504255	-2.069146192435257	-8.190962452607293	-1.6682557267913847	-0.4008904656438723	2.3173583559413355	2.64661193256152	-0.15749782796726086	-1.1453911698812964	1.2280329104510401	0.9988852430140354	1.0
396000	-8.379459841923216	-3.6361132124630817	-4.7433466294601345	-2.0049029819226103	-1.6312102305404714	2.3451402984675114	2.7342155145867437	0.17199766041271825	-0.2065781278658623	0.9075323279404484	0.1068403424819079	1.0
397000	-8.665776886135234	-3.1350314582829446	-5.530745427852288	-1.9116390089945003	-1.2233924492884443	1.5903145951321298	2.0117500395212007	-0.8848228073885936	-0.44075476790905244	0.34415503919457247	0.37777602626083445	1.0
398000	-6.523377824832073	-3.2068321487754954	-3.3165456760565775	-1.8438133663414664	-1.363018782434029	1.957260375322184	2.212999206180334	-0.08471941976245745	-0.28233271789213144	0.5794574515314197	0.0717359407177856	1.0
399000	-11.638222318103109	-4.572998884909714	-7.065223433193395	-1.2751047763177468	-3.297894108591967	2.673572521239276	1.8603313764649818	-1.1312782914282118	0.7014349140100502	0.9088642658968272	1.1764206689793208	1.0
400000	-7.380340545481638	-3.323344223220391	-4.056996322261247	-1.6124376105558014	-1.7109066126645898	2.033544563173326	1.8169338440682874	-0.32651966890180895	-0.2177960580548587	0.5600074558869934	0.24333111458201293	1.0
401000	-7.531034291332715	-3.8203444127686614	-3.710689878564054	-2.5371918475304325	-1.283152565238229	1.5391047760086944	2.578098476817119	0.08015533261120023	-0.3700043839215158	0.6049076969424887	0.08440766493662816	1.0
402000	-9.027773324347187	-2.246288788266094	-6.781484536081093	-1.4806926521777282	-0.7655961360883659	2.883899701257736	1.6084287615601953	-0.8483532771567337	-1.3671460704919298	0.3531422502333072	1.0803696720097016	1.0
403000	-9.566042916269337	-5.783834817710328	-3.7822080985590096	-2.4363693113133724	-3.347465506396955	3.188266776142289	1.1353893413550746	-0.022967211850758118	-0.29835981632409986	0.8418992354931223	0.06595474618334846	1.0
404000	-8.813330434969686	-4.701261915015396	-4.112068519954289	-1.7759327598643413	-2.925329155151054	2.194646707773943	1.2313130271698665	-0.0448631355852972	-0.3192273683001858	0.2242558097274053	0.16569167552879344	1.0
405000	-7.532971580712288	-4.492337919463929	-3.040633661248359	-2.337409148672722	-2.154928770791207	1.6206619255824408	2.381333687195365	0.02385870035822013	0.17841451224200802	0.7632520887210218	0.0733065613246066	1.0
406000	-7.840561941524932	-3.2937051353361593	-4.546856806188773	-1.871725655621054	-1.4219794797151053	2.4561009225428023	2.0492214164441047	0.02470538388646	-0.2825277821830545	0.6989525405519892	0.27127561768210656	1.0
407000	-8.079151079789344	-4.081638118748103	-3.9975129610412408	-2.300793750778011	-1.7808443679700918	2.484255169615451	2.4442464466972327	0.3636592290891736	-0.034316251629402106	0.35373924952083785	0.09155247653643502	1.0
408000	-8.347255843488332	-5.268021014638008	-3.0792348288503235	-2.6090389239212053	-2.658982090716803	1.4522263458070197	3.4653780865028425	-0.09249131375454592	-0.09466978265499115	0.5244155132839263	0.06279134379131317	1.0
409000	-8.879523552519156	-3.6055152683784737	-5.274008284140683	-2.248936955114111	-1.3565783132643627	2.1330191892554695	2.19023540694003	0.3819814588201649	-0.2898687205523236	1.0980439749132886	0.15420206761285904	1.0
410000	-10.12258530958166	-1.571875558914357	-8.550709750667304	-1.4149310659867176	-0.15694449292763935	2.8931017909147654	2.623913815712955	-1.2235129771611069	-1.4619505902831293	0.26653085248968905	0.5774117001450311	1.0
411000	-8.780016285409758	-2.5990780439751138	-6.180938241434644	-2.138970970205664	-0.4601070737694499	2.5640819826334007	2.303364488207452	0.2097931577685545	-1.0023004107148377	0.31793546686938406	0.9565714247853866	1.0
412000	-6.9966037690188365	-4.261743332506676	-2.734860436512161	-1.9716592784498985	-2.290084054056777	2.1294305888124043	3.030625094189711	0.14028840662274022	0.006411032886596196	0.5069218743927573	0.03466507485503147	1.0
413000	-7.4026718186262	-3.263519342106153	-4.139152476520048	-1.7067668070413067	-1.5567525350648461	2.199449343337559	1.82150386121596	-0.12129858966083638	-0.32306666573881426	1.0074245608960497	0.040369461906750184	1.0
414000	-8.53644783588775	-5.181351186680331	-3.3550966492074177	-1.7990078781930467	-3.3823433084872843	2.471294655865165	1.1895345917682956	-0.05064684318195056	-0.09372723564506447	1.4349817659692525	0.04304362492200658	1.0
415000	-10.629751973692041	-5.037954487544056	-5.5917974861479856	-1.5294920876265383	-3.508462399917517	2.872336618257269	1.2609994451856334	-0.711531301709682	0.18370140189166229	0.34458172076888155	0.11384739828862545	1.0
416000	-8.151222764405176	-3.7353067222170173	-4.415916042188159	-2.0915767653268897	-1.6437299568901276	2.8560247823793716	1.7326601822813272	-0.007854658052923125	-0.34436425100999823	0.39917223344267455	0.2697415235183919	1.0
417000	-11.974149961702686	-6.095007999900515	-5.879141961802171	-3.458166160810519	-2.6368418390899966	1.1791966370000342	1.1878294698258225	-0.15680557170887427	-0.7113489451043609	0.5365952431756472	0.061482165071533035	1.0
418000	-8.802732813203892	-4.454142508957407	-4.3485903042464855	-3.0603291003163497	-1.3938134086410567	1.338174679141264	1.7561995320604895	0.10178511876497742	-0.510207909692026	1.1886020878336379	0.07861755260830974	1.0
419000	-8.704333220116192	-2.241446651453762	-6.46288656866243	-1.9061616034678543	-0.3352850479859075	2.4969478670057494	2.130304131589012	0.042086194495006335	-1.1858586101907285	0.609934913894014	1.3282101655199656	1.0
420000	-7.713284368650003	-3.685856614885533	-4.02742775376447	-1.6586880465404672	-2.0271685683450658	2.65118288970812	2.0620729688728714	-0.2920479860361694	0.100038604894363	0.22529359870807522	0.09486341202158222	1.0
421000	-7.675078535545769	-3.5760492176466556	-4.099029317899113	-2.181159757941984	-1.3948894597046717	1.5557049613743643	2.254152529647825	-0.40585620919699467	-0.25734887424372543	0.6815742494055417	0.16484576361186704	1.0
422000	-11.459238425483008	-6.016698106340573	-5.442540319142434	-3.272287097971142	-2.744411008369431	1.604189223388867	1.8369655801073608	0.8812042484392184	0.4166617644541046	0.8650210363988702	0.32487071098999876	1.0
423000	-12.373039265014826	-6.532576246367558	-5.840463018647268	-2.081378638565706	-4.451197607801852	2.3901548966667634	4.760376206896372	0.22638896985012408	-0.43144293844248105	0.38258584376083243	0.0512390737601167	1.0
424000	-7.145299249449294	-3.590398609314482	-3.5549006401348118	-1.5434718942789143	-2.0469267150355677	2.1224958314161753	1.6637482104338026	-0.3639678504367186	-0.13316720496266155	0.5697980791636031	0.09408144816840919	1.0
425000	-10.56370523846894	-4.459378726722997	-6.104326511745942	-1.7183447008955923	-2.741034025827405	1.7794974694653074	4.023411426044724	-0.5632351429293323	-0.5689548812758869	0.42014736125279856	0.1737975169774281	1.0
426000	-7.373026553696901	-4.198251490168179	-3.174775063528722	-2.133559360783357	-2.064692129384822	2.7598566021174253	2.008658690423796	0.09601844113453953	0.10725573952821904	1.0018783927971706	0.0182080338983298	1.0
427000	-8.735982243365921	-4.506822413523017	-4.229159829842904	-1.4992497485924279	-3.0075726649305894	2.1651691504947403	1.1789329577526992	-0.40859596719430535	-0.4217676389308456	0.44863419396773885	0.23708422622258357	1.0
428000	-10.380030794233804	-3.4681422437949854	-6.911888550438819	-3.2953619809631904	-0.17278026283179493	1.3002913418267665	1.7138664460680133	0.2552651815745432	-2.0166840173244527	0.399260593974669	1.0312039423072878	1.0
429000	-8.4884346666611	-6.578996019299808	-1.9094386473612914	-4.220239611732642	-2.3587564075671663	1.0455696932848288	1.609330090299343	0.09065670967585565	0.012984274802521706	1.1646454091444989	0.06182467712930882	1.0
430000	-10.558851795460182	-3.137928294164772	-7.420923501295409	-3.3203509251952523	0.18242263103048018	1.13441041842213	2.422123222158147	-0.9918331988751073	-2.532971237252105	0.7082809723229895	2.6272516426233614	1.0
431000	-14.76204798319929	-5.1240030975228965	-9.638044885676393	-2.494050626387244	-2.6299524711356526	1.3300865332699126	1.4560520225273321	-1.7573231766409905	-5.839357766057589	0.5350734469187431	5.562401264888431	1.0
432000	-13.04353201105843	-6.089879444736079	-6.953652566322351	-3.598932819042492	-2.4909466256935873	4.321555563493405	1.11040810070265	-0.765669869053608	-1.1975094875770584	0.3902480461560694	0.6612265384996135	1.0
433000	-8.647272539972771	-1.5703520190665436	-7.076920520906228	-1.4963912521046137	-0.07396076696192999	2.6484718646170307	2.4957681440443538	-0.5107624320086875	-1.5167456755829585	0.5266260995502776	1.2729737187038306	1.0
434000	-8.916297469611077	-3.0110894771674257	-5.9052079924436525	-1.9098725694005019	-1.1012169077669238	1.9152268032842457	1.8836768546829963	-0.044409490208279556	-0.621960272964569	1.4210104639923902	0.1697728250533901	1.0
435000	-9.344583452143278	-4.854294885784648	-4.49028856635863	-2.563942847680921	-2.290352038103727	1.5670290254696295	3.381172248861018	0.17946110969983953	-0.2239779337224459	0.600575142370298	0.2167241438906706	1.0
436000	-12.31665235771234	-1.6601519751396907	-10.656500382572649	-1.250722772559147	-0.4094292025805437	2.0627075077352393	2.883477034424529	-1.2795776179460956	-1.3328205472042427	0.9511865740025729	0.3339975877997979	1.0
437000	-6.850714935953562	-4.657243411089161	-2.1934715248644006	-2.2272175563558463	-2.430025854733315	1.720579029438404	1.4347388636380534	0.07946189249179073	-0.20358972676959364	0.616910152466123	0.04628064204153894	1.0
438000	-8.301808624341064	-4.2379855727445666	-4.063823051596497	-2.5955863546887485	-1.642399218055818	3.099717617114762	2.1740067710336834	0.17650292807420492	-0.10795380602195603	0.6891903943912715	0.09202262097612302	1.0
439000	-7.816142470313554	-3.1786940821224725	-4.637448388191081	-1.7419165861694097	-1.4367774959530628	2.095134535481694	2.323824231135127	-0.11477155217514179	-0.22896731969054146	0.7174144405929284	0.32074233276094416	1.0
440000	-9.578195466618336	-2.873724041187593	-6.704471425430744	-2.670928287792753	-0.2027957533948399	2.425254523575473	2.1847936668519505	0.6284467192060693	-1.3239547400869645	0.3725015710647195	1.7547197108912542	1.0
441000	-9.909097697568278	-3.845944692646547	-6.06315300492173	-1.504072718975869	-2.341871973670678	1.809791935340977	1.2190403425309642	-1.0883051047878285	-0.869192907829859	0.4114478422833721	0.5251533853945434	1.0
442000	-13.232414750790161	-1.5108668850363784	-11.721547865753783	-1.2117939996481528	-0.29907288538822563	2.4548256427264534	2.4388932264079424	-1.5795644094517445	-1.1849865176806498	1.0925812016876317	0.3358454762733707	1.0
443000	-10.035868932035097	-4.8240137898719855	-5.211855142163111	-1.8900081207151436	-2.9340056691568415	1.5731810072446764	1.2009627322501597	-1.1283741731601236	-0.40799160869773	0.7914969314864976	0.9660224322815962	1.0
444000	-9.757783732951125	-3.8101308341380546	-5.947652898813072	-2.4873362408649324	-1.3227945932731222	2.125659879165789	1.86649080991273	0.5608438802799475	-0.45994898442926124	1.1640761458216522	0.42854896142748305	1.0
445000	-10.727362122025774	-3.442675307214783	-7.28468681481099	-1.2472174635127864	-2.1954578437019965	2.501573729444907	1.4596676418303438	-0.9350902582855423	-0.3316576433071985	1.3014976666412221	0.20469518214275445	1.0
446000	-13.729596211078796	-6.541395014997564	-7.1882011960812315	-4.955454029196606	-1.585940985800958	3.691019538402848	2.9630289158236014	0.8440820480364658	-0.3488369147314032	0.6566494075835182	0.4960861331279557	1.0
447000	-7.213511098228452	-3.8384917429056156	-3.3750193553228356	-1.7574406578830075	-2.081051085022608	1.9090464482599998	2.019729602415917	-0.24996874951554576	0.11996669304858376	0.8404590826695125	0.06964206206325022	1.0
448000	-8.771347185368569	-1.732902731518478	-7.03844445385009	-1.2856060408269068	-0.4472966906915712	2.01568921483097	1.5550398443146756	-1.2165904018900624	-2.008581081822891	0.4878976575869011	2.4201249859451957	1.0
449000	-11.767755513067847	-1.9512704825146665	-9.816485030553181	-1.4078663021565019	-0.5434041803581646	1.9544606799786328	1.3938100430185936	-0.8610730533174478	-3.8439601366809324	0.7494910770524249	1.8031652798583793	1.0
450000	-8.617785381134636	-2.3385386689098286	-6.279246712224808	-1.8856147351362864	-0.45292393377354223	2.282776915283986	2.6558097760958277	0.07121145151488534	-1.0915121115373854	0.28356735356575413	0.7860719972725079	1.0
451000	-9.106894258389783	-3.1038963896498135	-6.0029978687399685	-1.7862180479974583	-1.3176783416523552	1.8667756899949628	2.7645494370831107	-0.2670606797307019	-0.41738353466353706	1.1150773472665156	0.306848312007999	1.0
452000	-10.131726918101906	-4.74162367471565	-5.390103243386256	-2.819151962243076	-1.922471712472574	1.9065985205396607	1.6235142330941006	0.7533371346532638	-0.2705380467364623	0.7102217214013695	0.1359734451054528	1.0
453000	-9.731753217381982	-3.178255096506022	-6.553498120875959	-2.504074507938447	-0.6741805885675749	2.0277507538353015	2.2650141038691074	0.5613105660733205	-0.8027655750694012	0.9559764705238328	0.25302500302568864	1.0
454000	-8.117227966251182	-4.051191089667018	-4.066036876584164	-1.6409099079518388	-2.4102811817151792	2.1126093749156936	2.1464477691761004	-0.23250707190682007	0.3196038660315361	0.4562997908698601	0.17886721236926365	1.0
455000	-6.755643338955676	-4.075577378579178	-2.6800659603764982	-2.6180760404361094	-1.457501338143068	1.4366942096415563	2.283504825021531	-0.1389865303307739	-0.21554944526913475	0.48967790317114523	0.037134559896089304	1.0
456000	-6.640510457986792	-3.6634244460720575	-2.9770860119147344	-1.6715338609155932	-1.9918905851564643	2.559368348339064	1.7334899402718513	-0.22326879546199585	-0.09901428495714537	0.6163994114943355	0.03977694130641637	1.0
457000	-10.776957674938444	-4.969608116247571	-5.807349558690874	-4.0140144336442525	-0.9555936826033182	4.181987111746415	2.127548678152777	-0.07822119898298638	-0.5986969798356744	0.49638178014630596	0.11227150683050698	1.0
458000	-8.49732665620518	-2.1327555122146116	-6.364571143990569	-1.2845194656594874	-0.8482360465551242	2.4353741921665697	2.027050539138203	-0.7835166605559876	-0.7335478925123704	0.7390225525912865	1.111691276655584	1.0
459000	-8.210431157136435	-4.103685521227823	-4.106745635908612	-2.0176754307798994	-2.0860100904479237	2.437093330822388	2.00479227296598	0.16043497164627574	0.1183660157599335	1.1159792923288072	0.061212226102818575	1.0
460000	-7.546577710701765	-4.555677063427981	-2.9909006472737834	-2.931724175817563	-1.6239528876104181	1.3745606606173844	2.0065575977305934	0.07192011735345513	-0.16405810820616218	0.26652674262969306	0.07345214083816379	1.0
461000	-7.467792555943944	-4.881762176766866	-2.5860303791770787	-2.332651303111523	-2.549110873655343	1.76939264450078	1.4630917198000137	0.2598981456124139	-0.06707091363647638	0.8329378335114076	0.03066219580083807	1.0
462000	-9.108733908754079	-5.232793287128122	-3.8759406216259578	-4.054559137966414	-1.1782341491617085	1.0453598005130023	2.545055997142052	-0.20348221925398036	-0.43230843248594714	0.5745720451261088	0.15184960410601936	1.0
463000	-11.454877876841216	-3.8486267843085917	-7.606251092532624	-1.4714248096101343	-2.3772019746984574	2.910444659400459	1.9442890758724336	-0.9445888172388551	0.26211186715961965	1.1994392117334438	0.6517759598743585	1.0
464000	-10.342670639867102	-5.079761252399832	-5.2629093874672686	-2.8270736227798174	-2.2526876296200147	3.309246787540999	2.5092621822750023	0.1424787409297023	0.20290093126772546	0.29284145802062134	0.44763559594682395	1.0
465000	-9.999294250732307	-2.6404695738919504	-7.3588246768403565	-1.7397250311680157	-0.9007445427239347	1.6389371708481895	1.8203659353906518	-1.6722517874287035	-0.8619753378134014	1.0438895276232139	5.253233650038185	1.0
466000	-7.499555571129362	-3.204198431816864	-4.2953571393124985	-2.0408257124783473	-1.1633727193385166	1.6715267897207462	2.4631260256732888	-0.27255496202312224	-0.424963529705213	0.518707245317168	0.18411051725547078	1.0
467000	-7.089304054637953	-4.613955687409382	-2.475348367228572	-2.808294327823952	-1.8056613595854296	1.4002380307858124	1.7320205291973825	-0.00047384324135502087	-0.2280954959780661	0.4358647064660412	0.05907261462626899	1.0
468000	-11.533711647141946	-3.395789744252151	-8.137921902889794	-3.3417774722074096	-0.05401227204474157	1.5207465352321838	1.7710953721697402	0.8342245244682515	-2.1200791884618844	0.6095604437812011	0.7125441135633955	1.0
469000	-8.628670694121052	-2.316380167553988	-6.312290526567065	-1.822287101955471	-0.4940930655985172	2.0168238840104613	1.6598981656384497	-0.06450450180746792	-1.6050952604793767	0.5210308564811204	1.287068714300106	1.0
470000	-9.874469431834937	-4.096578630057852	-5.777890801777085	-3.2245575011708403	-0.8720211288870114	1.4815322739876837	2.2866554372808503	0.6738635411340452	-0.6330628010976166	0.7214938152808906	0.1931866294600726	1.0
471000	-9.11270166148401	-3.7306481071089674	-5.382053554375043	-2.43025491948867	-1.3003931876202977	2.4292865347851746	2.635618980665127	0.4728861811486948	-0.3768264269026241	0.5719839004344437	0.0994813551977084	1.0
472000	-11.099328022602634	-4.147494496182659	-6.951833526419975	-3.288247019343279	-0.8592474768393803	1.2504858075169176	1.7070174407898724	0.013576327959752499	-1.0624247610951296	0.7393211498517844	0.12916806809007886	1.0
473000	-8.940356336782918	-2.518966707454682	-6.421389629328235	-1.381127709675738	-1.1378389977789443	2.796501676995069	2.6171580394331904	-0.961698628877121	-0.48216001208810066	0.49580465379067573	0.43716206911800287	1.0
474000	-10.51121157222801	-4.437314369688622	-6.073897202539389	-2.4155407239974274	-2.0217736456911943	3.2518387242116935	3.6151751755319754	-0.1072966349243884	-0.5971738329427831	0.5092355329403571	0.1259872118876114	1.0
475000	-8.003668268370369	-2.169234173490036	-5.834434094880333	-1.422136695311206	-0.74709747817883	2.099069301817151	2.37468196008357	-0.5894707075879488	-0.7346962940865744	0.5395687042986699	0.2639648007716487	1.0
476000	-8.605408140036227	-3.1764090124054984	-5.428999127630728	-1.4719265785794988	-1.7044824338259996	1.9028932565912124	2.193905033646234	-0.811787670146689	-0.06764496298338651	0.37352928176743233	0.18853934354548943	1.0
477000	-8.031698683263821	-3.5146142534508735	-4.5170844298129476	-1.7419565984848502	-1.7726576549660233	2.1670458735422335	2.6563910940607607	-0.08850906264541802	-0.0950510099881009	0.7146171468840034	0.22840215280578857	1.0
478000	-8.720755194646982	-4.059389127733477	-4.661366066913505	-1.4459008060367253	-2.6134883216967513	2.2655107257642073	1.6553325160128551	-0.45945174615547	0.22049208908724743	0.7659586767116932	0.06357519547786888	1.0
479000	-9.993001778215223	-5.761495448557212	-4.231506329658011	-3.036570373988905	-2.724925074568307	1.2240068761703933	1.4758876375946324	-0.6781639471273729	0.07271824923335779	0.44067212442758724	0.18876475689695277	1.0
480000	-11.24023888395886	-1.9880919608058711	-9.252146923152988	-2.0787808852110636	0.0906889244051925	1.4757325839388	2.5040879354439642	-1.4659830600445793	-2.7153002716981973	0.8265276910772397	1.396151486683426	1.0
481000	-9.400926107027978	-2.1774860165525496	-7.223440090475428	-1.7767646662791066	-0.400721350273443	2.997543183873477	2.320482250687088	-0.4813763568664763	-1.063093174543895	0.6754586558021651	1.9251976341593908	1.0
482000	-11.701312711244707	-7.748893015081567	-3.9524196961631413	-4.750091069663856	-2.9988019454177106	0.9482336303696163	2.0385110564920845	0.0648638958323603	0.5973544824790538	0.5715704547368586	0.18684958810867391	1.0
483000	-8.52667656151312	-1.9318884585664948	-6.594788102946626	-1.7960846563057347	-0.13580380226076016	2.0902466118304166	2.4667238146046992	-0.05421864987608016	-1.4071224183302813	0.6033587444579168	0.894304711946586	1.0
484000	-7.676511188540339	-4.088266856141252	-3.5882443323990874	-2.6527363098656194	-1.4355305462756327	1.3886172303817794	2.222467433991824	-0.30108014764022994	-0.23337896409910014	0.38052630873421545	0.1072236566959869	1.0
485000	-8.90786153324919	-3.4247392041166895	-5.483122329132499	-1.704462586061453	-1.7202766180552365	3.008075802787108	2.0227445912524287	-0.6065401280739855	-0.0960410892625918	0.24083523252937555	0.4237502471741163	1.0
486000	-8.26867598780351	-4.061412969997487	-4.2072630178060235	-1.9191806380644447	-2.142232331933042	2.6026397076595567	1.4429533066622982	0.006214126244447005	-0.40678713336073546	0.46473319828112125	0.25448483565800667	1.0
487000	-6.982225548590426	-4.030207984852016	-2.9520175637384107	-2.0504050424786815	-1.9798029423733343	1.9482872063222845	1.7006202461045923	0.13766209699599735	-0.13934481228087864	1.017425832304954	0.053975950917138894	1.0
488000	-9.865740505707965	-7.097668309287198	-2.7680721964207673	-4.856098261618833	-2.2415700476683655	4.516205764828281	1.6451997649043522	0.009517514831871923	-0.023043445108013344	0.33154793833410373	0.03582001759405461	1.0
489000	-10.368080504537879	-4.154423265525651	-6.213657239012228	-2.9307679777269247	-1.2236552877987261	1.8089762214268743	2.9607663503643957	0.7898067797378624	-0.5932128002854623	0.6341795736519132	0.2918479988645661	1.0
490000	-8.146990512939988	-4.063468200016258	-4.08352231292373	-1.8139641287137067	-2.2495040713025514	2.91664104727954	1.5457145521938365	-0.3381995028582187	-0.14544614781664256	0.7434566984181414	0.08624655157255143	1.0
491000	-7.787141657092759	-4.331042380172937	-3.456099276919822	-2.2833605983823375	-2.0476817817905992	1.6111534376281924	3.2462398893668687	-0.0697114551175968	-0.2598004509467972	0.5688035822850922	0.049828042674108716	1.0
492000	-9.279751842912425	-6.276866350726098	-3.0028854921863273	-1.831057716501527	-4.445808634224571	1.759134499948741	0.9911405623673465	-0.4015395472781539	-0.010701437229331291	0.8678391081604581	0.09461194769352152	1.0
493000	-6.398848175240871	-4.875163610911328	-1.5236845643295425	-2.1220161628262524	-2.753147448085076	1.7723769544968286	1.4946537811033331	0.034814149702793784	0.11916227610303082	0.7159562044157791	0.02718935586967876	1.0
494000	-8.613507065398391	-4.494058462527942	-4.119448602870449	-1.752381110187053	-2.741677352340889	1.8414422204924916	1.2322561458145471	-0.36157717526326744	-0.46570860453366203	0.48850377763690445	0.1153022539293269	1.0
495000	-7.414014026334609	-4.348261869304208	-3.065752157030401	-2.3601923404523193	-1.9880695288518888	1.5298346858893601	1.563436766494974	-0.19506279085112815	-0.30843898623188265	0.6103198492546067	0.09668196989870348	1.0
496000	-8.802673147298995	-4.398694603139237	-4.403978544159758	-1.531662359024633	-2.867032244114604	2.4763596299689254	3.4789345610087827	-0.359982681003303	-0.003678672846042008	0.454130946403383	0.053569338132578595	1.0
497000	-10.665292071977355	-4.501974591197349	-6.163317480780004	-1.4328109783397522	-3.069163612857597	1.9703094349282113	1.208062719569732	-0.7525337059113901	-0.27667753103034587	0.31350774697480827	0.09582357944880297	1.0
498000	-6.3992728427944785	-5.255752438792941	-1.1435204040015374	-2.1422383354787025	-3.113514103314239	1.7080829155086468	1.3358674623387132	-0.04657207099930938	0.08137116058501374	0.5088977136698251	0.022625229652065856	1.0
499000	-8.607646670511514	-3.3397448684825743	-5.2679018020289385	-1.5278596839182832	-1.8118851845642912	2.267453531599912	2.7914730535929477	-0.33639263782577367	-0.12662166709160388	1.0253309868853433	0.05056822656006493	1.0
500000	-8.010523541742376	-4.554251422199746	-3.4562721195426303	-2.9697219060762783	-1.5845295161234674	1.2862217083943173	2.0035844751061167	-0.3120076958613802	-0.19121005148601866	0.9174909339803572	0.11730583136265323	1.0
501000	-8.881350078920054	-4.1003174773075814	-4.781032601612472	-2.5273834688390036	-1.572934008468578	3.3313528715409513	2.188397099439204	-0.10283554344757642	-0.14934132275552148	0.7167459751423984	0.1692648658622516	1.0
502000	-7.893781781572375	-4.267952275080782	-3.6258295064915926	-2.6257309656173575	-1.6422213094634248	1.5225642516983033	1.9791968759246252	0.1469686002709836	-0.16385077683088	0.43480290344938666	0.2209096619527074	1.0
503000	-8.201455182053024	-2.383439435857861	-5.818015746195163	-1.8329763787580209	-0.5504630570998401	2.334578105900345	2.3730690815174036	0.015618208876123807	-0.9116482050608199	0.2839348883644418	0.4514047213201024	1.0
504000	-7.65128923522774	-3.7720826649473036	-3.879206570280436	-2.110078753495589	-1.6620039114517144	3.1114549784805225	1.8416415819402012	-0.23117682864876038	-0.2324832767218062	0.5020052032715207	0.08714589340013125	1.0
505000	-8.016480747322888	-3.3498994344653212	-4.6665813128575655	-1.957087875329572	-1.3928115591357493	2.2751460736247204	2.9408297614552383	0.1380948276015762	-0.46119655534857684	0.3186062583949439	0.09013064279409574	1.0
506000	-6.432531232277041	-3.1621896766565243	-3.270341555620517	-1.7037731446709756	-1.4584165319855487	2.460541809557518	2.2250674613917503	-0.14623449888967288	-0.2182658057307661	0.5647985365648185	0.039863643277189206	1.0
507000	-7.509291830947398	-3.8327341278388882	-3.67655770310851	-1.7347659204144215	-2.0979682074244668	1.9151508247805298	1.5091505897466226	-0.27492511848364604	-0.3149339763509219	0.5229603560555461	0.17326692648794642	1.0
508000	-7.7469452323801535	-3.3799138873159578	-4.367031345064196	-1.7516713857972412	-1.6282425015187165	2.7623111668209144	2.8900613098728085	-0.2663899076304276	-0.2818282208227447	0.2942816354139577	0.08483794385478048	1.0
509000	-7.80247493063757	-4.626291033203637	-3.1761838974339325	-2.245110839378226	-2.3811801938254114	1.6808425217831555	2.941924980836581	0.03180254453969175	0.09872955750615559	0.31309041444359115	0.082340179948395	1.0
510000	-12.870218982968405	-6.726319960083934	-6.1438990228844705	-2.7579923610366612	-3.9683275990472735	1.2838217275713253	1.9831090456729017	-0.8485311836108356	1.012419770409239	0.9293532545922756	0.4583943038805803	1.0
511000	-15.205997637581538	-9.779001056145585	-5.426996581435953	-3.417507293050285	-6.3614937630953	3.9539012068264543	4.723389136206776	-0.19593545059317619	0.369864723614702	0.20458092366860145	0.06083020259000203	1.0
512000	-9.818318782783761	-1.8099730493294697	-8.008345733454291	-1.3964304270694239	-0.4135426222600458	2.5139785574925892	1.6439210466899756	-2.025951276581045	-1.7725483267282738	0.4732455541210236	1.6366018830837128	1.0
513000	-8.632097435577165	-4.440765816763578	-4.191331618813587	-2.1624190995663426	-2.278346717197236	2.9261695260870693	2.7984381932961857	-0.004226487733454038	0.11596796847970833	0.37166344291322484	0.1662597157726565	1.0
514000	-10.525618984614656	-3.519788510287286	-7.005830474327371	-2.4586361272399695	-1.0611523830473164	1.3968432490462743	1.3305491521797161	-0.6656566747727553	-1.931158342234545	0.44950155047351503	0.8215889401317743	1.0
515000	-6.226028046799121	-5.367193642445198	-0.8588344043539236	-3.0150182658102658	-2.352175376634932	1.313389935338284	1.6895392320885	-0.07759469173904171	0.09260566904391176	0.5789574506125753	0.012121792603600414	1.0
516000	-12.855625232028164	-6.714435235370509	-6.141189996657654	-3.175658510538046	-3.538776724832463	3.1181582994117667	3.706926660273208	0.5102115974521921	0.12826036072640307	0.5614290758492873	0.3335810226652877	1.0
517000	-8.181176592106421	-4.59812380477546	-3.5830527873309617	-2.393991821866008	-2.204131982909452	2.8274503765141263	1.8756116838307997	0.24625443114008086	0.13431822237989438	0.5701932418209812	0.0758951637943586	1.0
518000	-7.985300657222932	-2.6191277285114767	-5.366172928711455	-1.5335109252671755	-1.0856168032443012	2.03957409446674	2.0458650755517422	-0.44543042647971487	-0.5290709446432242	0.615184439520422	0.7634206413559338	1.0
519000	-10.783247482018448	-3.4866971582309754	-7.296550323787472	-3.502296393044241	0.015599234813265639	1.1193307612624248	2.6798031797807798	-0.6264009279665591	-1.956899455855808	0.9012060732383343	1.451722869562177	1.0
520000	-7.510899913748797	-3.6567376552282003	-3.8541622585205966	-1.5875190089292284	-2.069218646298972	2.1365129674033256	2.19151810636198	-0.29280086501639974	0.14187514892593842	0.8127574129264766	0.04307205347541254	1.0
521000	-12.78803727826357	-6.695530668183524	-6.092506610080045	-4.901180282354062	-1.7943503858294623	4.5647756298723055	3.422217698317503	-0.026875362507804035	-0.5622444470018456	0.357740983991141	0.09131214875667903	1.0
522000	-7.163521488359487	-4.791414822069294	-2.3721066662901937	-2.6737372040119265	-2.1176776180573675	1.4382573824580784	1.8723524744424553	-0.04935678852487413	0.08115639366595849	0.566657801286776	0.07928960641187088	1.0
523000	-6.379581623085308	-3.6015070703492285	-2.778074552736079	-1.7023984571502258	-1.8991086131990027	2.118419283661902	2.3447595572579574	-0.15181363326871644	0.04531066733214756	0.8186449784492346	0.028689663712146214	1.0
524000	-8.532133254497541	-5.156921591118342	-3.375211663379198	-3.420111274991118	-1.7368103161272241	3.838890419683048	2.4973941373617827	-0.03932302416791514	-0.06995152249130243	0.1653329178449671	0.04125891825821246	1.0
525000	-7.156761311818031	-3.9386289608287495	-3.218132350989282	-1.6771653580194856	-2.261463602809264	1.9971610303673977	1.5003733936652823	-0.2660955729390184	-0.2085850305954198	0.7820547539261967	0.06843344755795078	1.0
526000	-11.543389690941858	-3.60585315551574	-7.937536535426117	-2.3193468664275563	-1.2865062890881838	1.400447905398232	2.460853742867269	-1.116268409907361	-0.34058896543702094	0.8454467855760726	0.15638630500091114	1.0
527000	-9.835507122920044	-2.0685193046034165	-7.766987818316627	-1.3211967477982576	-0.7473225568051589	2.268257325214209	2.597275749359068	-0.6919500678535282	-0.7801214536827049	0.6165411208676409	6.546982964735651	1.0
528000	-7.951050135848991	-3.5895916640298227	-4.3614584718191685	-2.1502788812537643	-1.4393127827760583	1.8504402887696527	2.733954191747348	0.15954718689814845	-0.3244281715986439	0.7863271653254369	0.03863543037115846	1.0
529000	-9.16858932649065	-1.5101194437762642	-7.658469882714385	-1.3678076399963253	-0.1423118037799389	2.5549093336527915	1.6126939032614913	-0.6656012171994407	-2.536380960186321	0.5551951509569828	2.290131004198483	1.0
530000	-9.714878326464044	-4.00763492689411	-5.707243399569934	-1.4380304475867698	-2.5696044793073405	1.9787487825005312	2.1159370801971376	-0.7222883534287925	0.39781458429378647	0.8743513865961121	0.22444541802885012	1.0
531000	-11.320948291083853	-6.958557098411694	-4.36239119267216	-2.1538476883550377	-4.804709410056656	1.5655504181270468	1.0145498090106224	-0.4183600797734195	0.34095724688107465	0.32022580875673684	0.07002905816105218	1.0
532000	-8.575226781358953	-2.7538513153755986	-5.821375465983355	-2.1399873618932492	-0.6138639534823493	1.6172647722945195	2.4458893108933135	-0.26546838119151306	-0.8595115873722572	0.5210385117849508	1.2792683699383467	1.0
533000	-8.436361195028477	-2.320989757731649	-6.115371437296828	-1.5660141651073118	-0.7549755926243371	1.8944464509803685	2.1718723155032675	-0.6020228745922881	-0.7517140798733477	0.1984247718096474	0.4230601454029206	1.0
534000	-7.141494700524161	-3.3865253145250644	-3.7549693859990962	-1.8378417366684712	-1.5486835778565933	2.107230213353106	2.041991124158092	-0.0013961577433590014	-0.19992239582568447	0.33196290746186646	0.1678229174880682	1.0
535000	-5.972484788403376	-3.631234397879463	-2.3412503905239133	-1.96608046632901	-1.6651539315504529	1.9049557247140503	2.3676680305749844	0.01128098389285731	-0.09105642627679136	0.3402511274282517	0.04031895494550538	1.0
536000	-9.881281516123966	-5.1055654543687545	-4.775716061755211	-1.848218311778913	-3.2573471425898415	2.9772145100812506	1.5201451256090635	-0.36414015711688663	0.4567676691518585	0.5845983489484652	0.1854064301011891	1.0
537000	-12.237354139498986	-3.392219784813724	-8.845134354685262	-1.2790575237490742	-2.11316226106465	2.6628330143046965	3.1808006315244013	-1.0670800502736084	-0.17795888882711725	1.130791502977155	1.1419466977213402	1.0
538000	-7.938856320551543	-4.0906812194656	-3.8481751010859426	-2.8361325346320703	-1.25454868483353	1.476852307517907	2.3009144375596726	0.2765688017184657	-0.34943113256401	0.6083002662475272	0.1268930362218681	1.0
539000	-10.729056232777866	-3.2110390947758045	-7.518017138002062	-1.340589216083206	-1.8704498786925985	2.4064985731406323	3.5535306248900813	-0.6485387478738172	-0.6397796642008607	0.5146854266960447	0.1226843001802242	1.0
540000	-10.54391728385831	-4.66003424213143	-5.883883041726881	-3.651177427660019	-1.008856814471411	1.2251524891170098	2.6720354343341866	0.3799734757447981	-0.5971394848244487	1.0728652619159962	0.7047639895947572	1.0
541000	-9.851900039564459	-5.822000229462201	-4.029899810102257	-2.528231080425961	-3.2937691490362404	1.5982663556881893	3.493528104130395	0.20431593166015993	0.1766562180717658	0.30307698410035416	0.13381322425300654	1.0
542000	-10.461178544464943	-4.431021978935212	-6.030156565529731	-3.2541898417494917	-1.1768321371857207	3.9443755745217213	1.8122962112387058	-0.32137968111563797	-0.6264966883421372	0.5660566839714386	0.14166460951298365	1.0
543000	-7.936694032188652	-3.8168662039280363	-4.1198278282606156	-1.523683224490414	-2.2931829794376224	2.572448615942289	1.7538224775987952	-0.417472372484503	0.11030993944464845	0.5425916424112814	0.14493546578739724	1.0
544000	-9.028170076374774	-2.8018845799671723	-6.226285496407603	-2.037154936574794	-0.7647296433923785	1.842261295657661	2.5867890383618235	0.026583838684651417	-0.7615052414472241	0.6742058426441258	0.09929803324239582	1.0
545000	-8.64977063090527	-3.3260332414549634	-5.323737389450305	-2.025936999559633	-1.3000962418953304	2.226627044523787	2.506332992610364	0.2007429567863502	-0.3404435550101128	0.9909889233085272	0.1988148933565836	1.0
546000	-8.987194530052646	-5.19565118766075	-3.791543342391896	-3.350486915444133	-1.8451642722166168	3.787638465108159	2.040444871957308	-0.024399243992290886	-0.013002891818481965	0.1545922311583568	0.06809498865916168	1.0
547000	-7.449888136146816	-3.8323880753498694	-3.6175000607969467	-1.6473639995448721	-2.1850240758049972	2.0296156698525687	1.612182952829602	-0.27925727903320463	-0.09972931725655323	0.6012027465299162	0.1904583364081261	1.0
548000	-5.906349910934091	-4.387003203088774	-1.5193467078453167	-2.56627893462203	-1.8207242684667442	1.5204553902300382	2.3152183856975426	0.06728900331219209	0.0032293518579133568	0.4899596114968476	0.024278012023103892	1.0
549000	-9.278829938885696	-4.027054444355427	-5.2517754945302695	-1.7366119569812142	-2.2904424873742126	1.812591151965652	2.0568582010744123	-0.44628392474885425	0.24527972099973366	0.6281504344949314	0.9155021987997372	1.0
550000	-10.847957079701802	-3.799742872214697	-7.048214207487105	-1.2024057224846914	-2.5973371497300057	2.4082778963138036	2.8198791106061187	-1.0531458233115476	0.25814284148279315	0.43191868370821473	0.2060811402786158	1.0
551000	-7.967608450743109	-4.586519025185277	-3.3810894255578314	-2.1270000658605124	-2.4595189593247646	1.9149107489303911	1.9048591186964559	0.19096840288578665	0.2924916916218512	0.6337171964598353	0.054340183892487744	1.0
552000	-10.083241695768995	-3.9773871400697676	-6.105854555699228	-1.8670952794274438	-2.1102918606423238	1.813223398643102	1.2242593114690867	-0.2344075353170603	-1.080384787430226	0.4142070324704575	0.2220663445960358	1.0
553000	-7.0816626748449565	-4.062300323309572	-3.019362351535385	-2.1388123975093123	-1.9234879258002593	2.978598626522211	1.7493057323985857	-0.07000954786485325	-0.13038713250092768	0.532641035596098	0.0625580579220641	1.0
554000	-9.504895564331015	-2.1488677392597797	-7.356027825071235	-1.2232114023852283	-0.9256563368745514	2.5018740037566953	2.8401163784809076	-1.571453958707581	-0.7489481477855311	0.5121564516994582	1.2047076824927905	1.0
555000	-8.382786598144653	-3.8209569009392674	-4.561829697205386	-2.3414916773257564	-1.479465223613511	1.4550401659959933	1.9755379252453902	-0.5632754511342327	-0.27521468795704834	0.7031212832385454	0.425533858996921	1.0
556000	-9.611622990872345	-3.2989867592483932	-6.3126362316239515	-1.2159681956172754	-2.083018563631118	2.404782857544782	2.476058907901329	-0.9883723460904312	0.1239853224601802	0.6391596749180883	0.29547014813883726	1.0
557000	-8.636676354732861	-4.061212834647054	-4.575463520085807	-2.4077281958622967	-1.6534846387847573	1.4386717575481542	2.4398676268360786	-0.5115170953592445	-0.10731813042441751	0.6406116439361941	0.06533483244110666	1.0
558000	-6.644555637231927	-3.589657534800491	-3.0548981024314363	-1.7316054019666538	-1.858052132833837	2.2489374349091262	1.82179075188437	-0.08667238462388546	-0.11464611514976017	0.7133293057616286	0.0832001355103984	1.0
559000	-12.04355594806323	-4.751525123688695	-7.292030824374535	-3.8081024181548138	-0.9434227055338811	3.1161640463681413	2.009722207121329	0.8149341918772314	-0.6625794292398974	0.9750706336515043	0.5335394523999554	1.0
560000	-8.122715239783382	-4.27975419086608	-3.8429610489173025	-1.9544149307763004	-2.3253392600897795	2.387232517931086	2.253160866862051	0.11919523259638076	0.2775558010943595	0.3587829339762061	0.12590238854664312	1.0
561000	-8.544672146249024	-4.715760547557802	-3.828911598691221	-2.0118595796744776	-2.7039009678833246	1.8785263067344644	2.6491662712116533	0.037269782233063375	0.37366550301878104	0.4667672917955256	0.07871295276917824	1.0
562000	-10.694153021176632	-4.877505914956933	-5.8166471062197	-1.918417936514567	-2.9590879784423656	3.2399977014638432	3.460407076421616	-0.66644673526369	0.0522989358896809	0.3681698806766514	0.26206273784527556	1.0
563000	-9.485062540897427	-2.4012638519207457	-7.083798688976681	-1.2057104216442465	-1.1955534302764992	2.399822839105531	2.0078562173572863	-1.6026356125203076	-0.46359824539319483	0.5729429402466094	0.7182721943986355	1.0
564000	-7.657452156893067	-3.213782893948343	-4.443669262944724	-2.015785601569487	-1.1979972923788562	1.6993858663860155	2.3503198430898564	-0.24231696624089072	-0.38891166339878136	0.7491645462632431	0.055873926470371704	1.0
565000	-8.942242754214767	-3.6506722529089703	-5.291570501305798	-2.168947390215113	-1.4817248626938575	2.304031941943545	1.7400287098677798	0.31377288007401305	-0.4592028443118705	0.8905699742305639	0.5030555906818931	1.0
566000	-9.736311653146915	-4.538414286505204	-5.197897366641711	-2.7986513446503984	-1.7397629418548055	2.8426147861285624	1.5903700230832374	0.49406149920097814	-0.4575897793052207	0.5644019250929643	0.12827367717903917	1.0
567000	-8.016080716528428	-4.797452593826872	-3.2186281227015563	-2.8582971011767313	-1.9391554926501406	3.401605092147282	2.29634857400294	0.07148388009651699	0.07078561720942979	0.5630603984893666	0.04563072646228006	1.0
568000	-12.553788631707688	-5.539141466753767	-7.014647164953921	-3.883344418691513	-1.6557970480622544	1.1890055487429403	1.0795120866156556	0.4965939292719408	-2.609158826659971	0.3842340422229787	2.1985040731875305	1.0
569000	-7.718477300649726	-4.594687938608612	-3.123789362041114	-2.490621704998911	-2.104066233609701	1.7099700683581311	1.7183114736278824	0.3441329990858741	-0.03904778331102659	0.5414011361059011	0.07231399907513719	1.0
570000	-6.784847422016107	-3.3724432360918772	-3.4124041859242293	-1.9121404519615535	-1.4603027841303238	2.678783980354411	2.4378983331649833	-0.04353357186986789	-0.22453630687102893	0.6161845031002282	0.042068558727085655	1.0
571000	-9.569380690088543	-4.37473140575699	-5.194649284331554	-2.0054062368340784	-2.369325168922912	2.269174022412685	1.9197963096832233	0.1815798555147704	0.2486852796911316	1.4629657965685097	0.06337928448180868	1.0
572000	-7.652483042096934	-3.7581531730568543	-3.89432986904008	-1.8023742590992153	-1.955778913957639	2.0448379583427414	2.59625347452971	-0.07024695820181509	0.025381324604173257	0.8445509285827214	0.10785711205939431	1.0
573000	-7.733458790127951	-4.101049321487258	-3.632409468640693	-2.205521610972987	-1.895527710514271	1.5791419750751783	2.2284172546622516	-0.2780922140052599	0.04663259240385123	0.40535574640184363	0.16630924508776687	1.0
574000	-8.922842476581867	-3.9145771968112895	-5.008265279770576	-2.1881550574341677	-1.7264221393771217	3.0116891106806705	2.03683018896257	-0.057348082138806794	-0.08734477885839917	1.2174749152723134	0.06990709131062424	1.0
575000	-9.08062156191021	-4.103590173499604	-4.977031388410607	-2.078172642610995	-2.0254175308886087	1.825137448912448	2.951901162748739	0.053456418302256475	-0.08806675140146425	1.3303701768249456	0.0654662485297936	1.0
576000	-8.731513812542874	-3.620139287402944	-5.111374525139929	-2.547006283310136	-1.0731330040928082	1.6022741081464968	2.0288119332777637	0.2330458442457914	-0.5470936360258134	0.4769740503622538	0.06234359877502834	1.0
577000	-9.319516213651717	-2.9085440607245427	-6.410972152927174	-1.7779394337692978	-1.130604626955245	3.054779067135187	1.618704557245707	-0.5621543812139917	-0.9444436862764904	0.4483889882237711	0.2826473111967597	1.0
578000	-9.726645115446232	-3.6774637861258457	-6.049181329320385	-1.4097320469944385	-2.267731739131407	2.024878694789895	1.521145472928973	-0.709412187224393	-0.17013819983393083	0.6965997458767276	2.4869444850138347	1.0
579000	-7.92030211706005	-4.3854406767818945	-3.5348614402781555	-2.113762754920269	-2.2716779218616256	1.6756696589013282	2.754966571923835	-0.1526341541292281	0.1309489180345606	0.34490765911175725	0.11879406288955967	1.0
580000	-8.6885414060035	-2.9918773168587878	-5.696664089144712	-1.3807746859839245	-1.6111026308748633	2.3295310909173064	1.4103661433936818	-0.5637332139908178	-0.9546496704822848	0.7107642958409532	0.6774700118990915	1.0
581000	-10.357847783018112	-3.214656120346879	-7.143191662671234	-2.115112951374286	-1.099543168972593	2.3347585178565518	3.2193449516153865	0.26577971834440695	-0.9156309678390439	0.21488904765292782	2.3172754340341686	1.0
582000	-8.500381440780668	-3.3064558640323263	-5.193925576748341	-1.623147457324178	-1.6833084067081483	1.7879831707372618	1.5454083715562867	-0.7609316610839286	-0.5802243173074402	0.8183360566383928	0.5230628347152442	1.0
583000	-12.060940644309168	-3.465456631694332	-8.595484012614836	-1.6109200156173777	-1.8545366160769543	3.0636183806698383	2.7678593347190548	-0.9435181581424786	-0.0924944497560306	0.33484145712988883	0.08929620338145978	1.0
584000	-13.863615308256712	-6.9322420908425295	-6.931373217414183	-2.41023981161152	-4.5220022792310095	1.356717544909547	0.9527952870823138	-1.435652742533995	-0.12702377809004395	1.3956946991527788	0.27004649400154085	1.0
585000	-8.85545619277184	-5.942766302844387	-2.912689889927453	-2.4622362603866543	-3.4805300424577323	1.6657492265290672	1.109709033685233	0.2525874893930442	-0.28592807734165565	0.6172648689170707	0.0608400777093031	1.0
586000	-11.867774871415932	-5.019731631018866	-6.8480432403970655	-3.964634141057417	-1.0550974899614483	1.1831174740350028	1.6744539518632644	0.5635663793326751	-0.919223294880398	1.0000988443055434	8.003514184001377	1.0
587000	-12.636689218252632	-4.264069418300821	-8.372619799951812	-3.4032930449209324	-0.8607763733798883	4.257783536427144	2.446728621316679	-1.389075545779844	-0.6481754619722709	0.15506867404699923	0.46302877635198364	1.0
588000	-11.645869643139465	-5.252974560182803	-6.392895082956661	-3.235023111370001	-2.017951448812802	3.123938562231512	2.8812077191308787	0.537120445775157	-0.0557600915328825	0.13321099332736708	0.5930869508925443	1.0
589000	-9.455025662752785	-5.180922185089671	-4.274103477663115	-3.1338060736008764	-2.047116111488795	3.8106230785421276	1.6151700414134083	-0.22014280313090848	-0.19187578012437484	0.2724688084947528	0.14384426509952483	1.0
590000	-9.03379418565034	-3.5481429861402995	-5.485651199510039	-2.8299626831208755	-0.718180303019424	1.3046809526112446	1.7534718360909627	-0.46817993518569784	-1.1379550319165568	0.6035454305581404	1.1299438105676838	1.0
591000	-9.676563917045508	-5.37774685095671	-4.298817066088798	-3.521169484408142	-1.8565773665485672	1.136816697379266	1.7202447615767906	-0.38932983267728755	-0.2043063824021452	0.8804845456244296	0.6295413964552953	1.0
592000	-8.556511638121048	-4.507594972915879	-4.0489166652051685	-2.3163014411412064	-2.1912935317746722	2.3247395515390386	1.7399340172744	0.4213656116772529	0.03599308016815736	0.6450604038037513	0.05620452148402138	1.0
593000	-7.635721231386475	-4.344860878070557	-3.2908603533159173	-2.6827137852546947	-1.6621470928158626	1.5405093073859184	2.402202277273696	0.2558093898495871	-0.09668028007391942	0.8881984962276666	0.0366005906670969	1.0
594000	-9.211479759909267	-5.111770996880938	-4.099708763028329	-3.433130005530467	-1.6786409913504707	3.741872266291242	2.1398240835258395	0.08389871659734138	-0.0909983578604587	0.46035191181761803	0.12780080885813827	1.0
595000	-8.6358935327751	-3.965594713522422	-4.670298819252677	-2.3878596605402125	-1.5777350529822094	1.517544989028525	1.7057752647819935	-0.1942504157574802	-0.4247319677042069	1.4914843474881783	0.08318357065239008	1.0
596000	-7.1161732390472565	-3.8720952495219034	-3.2440779895253526	-2.2538178791035843	-1.618277370418319	1.6701063519876476	2.426485431316297	0.021991528356779755	-0.12611572694716244	0.4410158778425904	0.12183754937122991	1.0
597000	-9.604112916203116	-4.034236397204538	-5.569876518998578	-2.5526712081589444	-1.4815651890455932	3.391159664170572	2.6044455337092396	-0.1520837215181979	-0.2502979496902138	0.6246096454455672	0.3394147129610005	1.0
598000	-7.859844548823831	-2.9228483218361534	-4.936996226987677	-2.050043449085397	-0.8728048727507565	1.7115370346835799	1.9434388441542259	-0.16465338000837998	-0.7687680604711598	0.6668825376415551	0.24848265771216285	1.0
599000	-9.262668485461182	-3.753801378577458	-5.5088671068837245	-2.6957306398092746	-1.0580707387681834	1.3189623044854688	2.166241163301757	-0.6760545038991784	-0.507740763402723	1.0440381004239214	0.6491259313046202	1.0
600000	-8.079315286979067	-4.04914712298048	-4.030168163998588	-1.853353153845644	-2.1957939691348356	1.7923376905488966	1.648255784797063	-0.29312620970095854	-0.04995963746734983	1.472746799209584	0.03673828054704527	1.0
601000	-8.46938109220505	-4.7488222239453	-3.720558868259749	-2.457477850129278	-2.291344373816022	1.766034562716556	1.4697428128735197	0.37675223282936965	-0.24035110512199717	0.6043762391210611	0.2120364100616206	1.0
602000	-13.456728008887948	-6.798534768605737	-6.658193240282211	-3.823735268320355	-2.974799500285382	1.240287860739266	0.8009817611246214	0.6323484762771725	-3.331563025174146	1.090268078125773	7.01375965779557	1.0
603000	-8.156793149841931	-4.027769366484364	-4.1290237833575665	-2.2843742361660553	-1.7433951303183086	2.7449285896615305	2.8734094544860573	0.22131487521335144	-0.20476431457008504	0.24870250875557467	0.09250082441640604	1.0
604000	-8.031572730052275	-3.620213336505339	-4.4113593935469355	-2.0407147589231247	-1.5794985775822141	2.134211504274982	2.381312959695433	0.20538171456855392	-0.14376506663393226	0.1539962293953752	0.11916342886135704	1.0
605000	-11.511458049437383	-5.9912078208811135	-5.520250228556269	-2.342159695945888	-3.6490481249352253	3.1790488131119448	4.271239866135752	-0.09109169129371	-0.3116630770778444	0.631734077381182	0.05225419622502437	1.0
606000	-9.87999234183009	-6.7653864809618565	-3.1146058608682337	-4.728626630483403	-2.036759850478454	0.9237791792115669	2.2757621091650058	-0.27427301042050883	0.12513527093613247	0.9186624400242113	0.1029256538115959	1.0
607000	-7.634210607728124	-3.6526953677598906	-3.9815152399682336	-2.196539979467137	-1.4561553882927534	2.0398167891960783	2.3533743585788995	0.31936725004367184	-0.21795383391028197	0.6481488647023965	0.09315249322989794	1.0
608000	-12.733130482142995	-7.376095392530946	-5.357035089612049	-1.2889475958579197	-6.087147796673026	2.1026075213966777	0.8367537946191581	-0.9247725662929933	0.45766753963203477	0.5465047805258471	1.3722062436869134	1.0
609000	-7.80441167811331	-3.6680704685227683	-4.136341209590542	-1.627056049334552	-2.0410144191882162	2.071086447573542	1.5265896337164502	-0.27612762868504526	-0.32818517792175944	1.0354047050458854	0.0729023950272858	1.0
610000	-7.262957209907531	-3.8554054589378293	-3.4075517509697013	-1.8098619720478073	-2.045543486890022	2.5406613808967737	1.8887470442380943	-0.0674862718204616	0.04629150921030417	0.5989994328251034	0.11801998642975647	1.0
611000	-7.716599722208173	-3.391214216259808	-4.325385505948365	-1.730398516928302	-1.660815699331506	1.906747928646714	1.7907887279656416	-0.2925764339265604	-0.27499315537540514	0.42737894725278236	0.029536221934085775	1.0
612000	-7.709634304574065	-3.733985616585918	-3.9756486879881465	-2.3526478153775487	-1.3813378012083692	1.7636836812689418	2.2128869697242295	0.27333174824115253	-0.2701263594831346	0.8646792774395238	0.0626106564810919	1.0
613000	-12.159528201865413	-3.9193078732668454	-8.240220328598568	-3.932565381911928	0.013257508645082794	2.6203094598975674	2.7179365822457875	1.1676393892457864	-2.2095543852017654	0.24504780503594328	5.615340486133467	1.0
614000	-7.647913453937115	-2.8438340350470277	-4.804079418890088	-1.5619898478093557	-1.281844187237672	2.033575041756283	2.1226788113214985	-0.40448235483710504	-0.35591491706324047	0.7030979527419728	0.3348815346905748	1.0
615000	-7.823602382785566	-3.976829935354324	-3.846772447431242	-1.9779288579767194	-1.9989010773776048	2.157772737614684	2.805401277261649	0.15166099720537607	-0.030372490465777103	0.5679281566819402	0.13098488032037234	1.0
616000	-8.576780414826459	-5.290096163169748	-3.286684251656711	-2.5110424054149183	-2.77905375775483	1.68893360993704	1.4423848487406994	0.33646798001422396	0.054774323277052894	0.41021374068858607	0.12423913729192766	1.0
617000	-12.282469566054155	-4.485049049922968	-7.797420516131187	-2.8006926517150683	-1.6843563982078997	2.043362672851177	2.225353100038387	0.7680535927365255	-0.07717132142890568	1.6047871760666281	0.15544895421194485	1.0
618000	-11.693353298381439	-1.2438681447345985	-10.44948515364684	-1.4811872263307855	0.23731908159618698	1.8218137180085223	2.195531152752402	-1.7220044535345762	-2.30393915195191	1.8416497865437436	4.928761411797193	1.0
619000	-11.69061100949508	-7.923674089554485	-3.766936919940596	-6.286358037655729	-1.6373160518987557	0.7223430492162917	1.8146076164802638	-0.34549932304155595	-0.2711767100790448	0.7676600736412285	0.4714981501399696	1.0
620000	-10.661057858266432	-3.4420948572535037	-7.218963001012928	-1.4744165643232972	-1.9676782929302066	2.5793881828692675	1.8732126140766097	-0.4948026399563584	-0.01038600190071623	1.6862540922622717	0.14879843573195958	1.0
621000	-7.590957836800264	-4.1536460594405105	-3.4373117773597537	-1.7082749742351453	-2.445371085205365	2.5477359383956952	1.5988033433052942	-0.17646261675290714	0.05685890367438909	0.93908898892074	0.06940063244062666	1.0
622000	-9.734105285024537	-3.4475196624771165	-6.2865856225474195	-2.442734283950026	-1.0047853785270906	1.5770282509243945	2.360213576821861	0.05599682027713046	-0.528679542926881	1.6161222851626427	0.1516690121391227	1.0
623000	-8.677834713132034	-5.474551026347048	-3.203283686784986	-2.347190880032864	-3.1273601463141842	1.7380007238098611	1.4267798710428607	0.23630203646143735	0.2546852794832035	0.47768909795730485	0.11839881436267295	1.0
624000	-9.548969219532147	-4.734752541119668	-4.81421667841248	-1.665175673668096	-3.0695768674515715	2.1595674176154067	3.9936271215316657	-0.18167075612836545	-0.3391549858752037	0.5020882848481769	0.12384958544464218	1.0
625000	-9.101875073374607	-3.890674271661246	-5.21120080171336	-1.7216959774598894	-2.1689782942013567	1.92204751298814	1.5402586218088152	-0.28523152871456037	-0.21121588788227164	1.0411502355124929	0.7944668822448792	1.0
626000	-11.739355563432312	-2.4891032059203946	-9.250252357511918	-2.4608801570438317	-0.028223048876562906	3.0086069725416618	1.6752061506221672	-2.6945428376829383	-2.666540043073953	0.2218666853424932	3.326965727716315	1.0
627000	-7.852666953089695	-3.2667913097884895	-4.585875643301206	-1.9464482453293872	-1.3203430644591023	1.669642595698969	2.1692402628229197	-0.4403389123183469	-0.3182091404961196	0.5033552203781342	0.3937481752014668	1.0
628000	-8.413569873148706	-4.30669561219057	-4.106874260958136	-2.1207482924799894	-2.1859473197105803	2.14226321262199	1.4129527628851881	0.2771046937612506	-0.4365303456162137	0.3832006054249331	0.12913750434373755	1.0
629000	-12.50706577053846	-3.8462430356706454	-8.660822734867814	-2.3493790656851914	-1.496863969985454	3.509521852188217	1.3756421340326626	-0.546471185855659	-1.179195660733659	1.265747928992503	0.4341879185631917	1.0
630000	-8.835313643180225	-2.169992991504385	-6.66532065167584	-1.4559813554322751	-0.7140116360721098	2.049817497838871	2.300668889600941	-0.5751163686745153	-0.7639714593424999	1.0841293791456534	0.3337801551492193	1.0
631000	-7.911224540337761	-3.262110504862589	-4.649114035475172	-1.8743932001995205	-1.3877173046630684	1.9523406879297898	2.1528412654905003	-0.05232279336215623	-0.27575452760258107	1.3651161542453603	0.05761087173111242	1.0
632000	-12.106671499667176	-4.069352984157341	-8.037318515509835	-2.1290495048893217	-1.9403034792680192	2.854660711567144	4.031576878804255	0.024893581024322042	-1.3853326920093298	0.6142425558634516	1.2703123436187542	1.0
633000	-7.7834033787170895	-2.5843422100685913	-5.199061168648498	-1.4148427980839582	-1.1694994119846331	2.2282760718839376	2.0575032109159657	-0.5214804441763923	-0.45998993385617704	0.5503543547694745	0.5171750920430811	1.0
634000	-8.403144054515467	-3.2585213507102626	-5.144622703805204	-1.9134416989621208	-1.3450796517481418	2.3979525341329384	1.6141768663004865	0.0797899270651784	-0.7508910500102207	0.7276028311624918	0.31999967013484565	1.0
635000	-9.736291082230704	-5.433901411777406	-4.302389670453298	-2.3845733755416347	-3.049328036235771	2.7927805672272017	3.388775342376908	0.26261432896269943	0.14168392515713002	0.5207228284829757	0.0626787177599051	1.0
636000	-10.163038764502335	-7.26555931947191	-2.8974794450304246	-5.552955411417091	-1.7126039080548185	0.8056653884499516	2.0469983604785416	-0.34946047815228676	-0.0927291280758829	0.8803068597189717	0.08091506097285159	1.0
637000	-12.290794576595829	-5.2711336491447405	-7.019660927451088	-3.59858513812895	-1.6725485110157905	4.149369204670238	2.7462673926316903	-0.3536296949581689	-0.18717645216139892	0.4157168138019252	1.66806343272936	1.0
638000	-8.750329594288239	-2.1816287970057644	-6.568700797282474	-2.0406869587924206	-0.14094183821334383	2.1168062444519067	2.353958632322346	0.20185443946926274	-1.3778972514507006	0.6370716710925303	0.8354236413646878	1.0
639000	-10.101440292093205	-2.7462504372759575	-7.355189854817247	-1.3202620659301108	-1.4259883713458468	2.105547214115347	1.4323581706567594	-0.820909019522092	-1.0811414001139614	0.39338741721102105	0.25375198368394697	1.0
640000	-11.186986400897826	-4.378685021517079	-6.808301379380747	-1.711099413027389	-2.667585608489689	1.6890676998328067	1.4179891687217463	-1.978245741981096	-0.06474365119990344	0.41172538789342533	1.0475393147124292	1.0
641000	-9.360093039029005	-6.00031609215827	-3.3597769468707352	-4.16817074005926	-1.83214535209901	1.0536109470502035	1.696934999375575	0.0727198528898639	-0.24637939840599263	0.22852688142109956	0.08752085669582353	1.0
642000	-12.824385737066248	-6.7065720633516595	-6.117813673714588	-3.3037377497716243	-3.402834313580035	3.921583675459651	2.7858580210417734	-0.24141728020935221	0.6113305272383481	0.5240472392130073	0.23920823310646222	1.0
643000	-6.782491946074779	-4.177013991597526	-2.6054779544772524	-1.6816911384644264	-2.4953228531331	2.2914340079200213	1.5300248803293397	-0.14130306294900166	0.0005037863416316735	0.7659764200412219	0.056779362995867375	1.0
644000	-8.953023464487423	-3.3045194950669305	-5.648503969420492	-1.5269763924212825	-1.777543102645648	1.891995981523929	2.3423974185647745	-0.6957308160197045	-0.023279338864635624	0.8960057131883977	0.13420976855195543	1.0
645000	-10.039103215938976	-4.402238625111591	-5.636864590827386	-2.9651750615127908	-1.4370635635987998	1.664483184374593	2.1980806650314184	0.7076314098461739	-0.23525002163646067	0.7864850153378645	1.003790404711582	1.0
646000	-11.437511913522124	-4.353002170271995	-7.08450974325013	-2.252440121409462	-2.1005620488625327	3.5432482538727172	1.2570856694320653	-0.7950874562713769	-0.9631262615004642	0.3370379537625798	0.2896189489002017	1.0
647000	-8.02725164177794	-2.6050223973111386	-5.422229244466803	-1.7238599570821513	-0.8811624402289873	2.5811522827134286	2.482422220170032	-0.17619536818795495	-0.6380977460714803	0.23168635940129512	0.19927604017372622	1.0
648000	-7.939623257799286	-2.8909740602660214	-5.048649197533265	-1.7493279403740782	-1.1416461198919432	2.4548959347942385	1.867500649502802	-0.0958101183472915	-0.6026915245750707	0.26128634669917694	0.2841897398646188	1.0
649000	-10.029513802150914	-4.546332398407195	-5.483181403743719	-2.3566178559372144	-2.1897145424699804	3.466651412350362	1.3278696761532043	-0.45791868894534854	-0.6492375864303963	0.3631361205098361	0.2479695672942906	1.0
650000	-10.44536087413784	-3.615394060752284	-6.829966813385557	-3.131642381711733	-0.4837516790405507	1.182177165871261	1.8634207391473112	-0.9127170380020009	-1.2461973343209647	1.349262319320332	0.5973842212943481	1.0
651000	-11.933117359626632	-3.820276064109417	-8.112841295517214	-1.7340226636174867	-2.0862534004919304	1.6406371572270695	4.014121557135797	-1.3155317964589623	-1.117087367269367	0.41244915230704265	0.5310733399451247	1.0
652000	-9.157435343148126	-4.634864951157045	-4.522570391991081	-2.583811433742138	-2.051053517414907	1.9937398237465231	1.5670249136020622	0.6120101394875943	-0.2563090690937274	0.5384233722305084	0.1665207719778534	1.0
653000	-8.325564186592274	-3.671876826937064	-4.653687359655209	-1.7040777546736408	-1.967799072263423	1.829104130202018	1.819929641094626	-0.469662266913257	-0.04455202866195851	1.1173409700105417	0.2060741381760956	1.0
654000	-11.77342575398164	-9.574875887701747	-2.198549866279892	-4.202905722195726	-5.371970165506021	1.0862985145960393	0.8516328411819111	0.35615083362897365	0.008045789812791193	1.3888503266017669	0.09839578589310391	1.0
655000	-9.74137987391325	-4.184196709158165	-5.557183164755084	-2.0183530206357823	-2.165843688522383	2.022442782610648	3.5935719671330566	0.14845258999452082	-0.479082310688871	0.13636721065791385	0.17048119172807516	1.0
656000	-7.0761672082780445	-3.235047814850658	-3.8411193934273866	-1.6588054212395082	-1.5762423936111496	2.0881982868630367	1.9223678970286229	-0.22228735856294213	-0.23760040483809122	0.9652169229731794	0.05370000253482466	1.0
657000	-7.67226568519429	-3.148117263193246	-4.524148422001044	-2.138111681660215	-1.010005581533031	1.6060740018007127	2.338849631879345	-0.3029464592896277	-0.524245087738318	0.49512169801277967	0.14853443771494407	1.0
658000	-7.261896616291473	-4.651152235448278	-2.6107443808431947	-3.069520093260212	-1.5816321421880666	1.2971033969431276	2.256735281260167	-0.07577034133065264	-0.1382756124912553	0.21737684721026831	0.03208696702445386	1.0
659000	-7.668663448765762	-3.366909850390572	-4.30175359837519	-1.74619189425389	-1.6207179561366818	2.867743911217514	2.484539743047422	-0.369330287985138	-0.13497541719820244	0.4488862795369069	0.09469753179361998	1.0
660000	-7.9062520255813435	-4.026223698552224	-3.880028327029119	-2.2729037636463465	-1.7533199349058775	1.6494859644928093	2.109873269670673	0.004215555582308961	-0.0510895719211612	1.243515728329388	0.10983802540700748	1.0
661000	-8.507524016063282	-5.379705282019221	-3.127818734044061	-2.7739941342155268	-2.605711147803694	1.3491950065668457	1.5386175638011166	-0.2939045693071799	0.08494585968968749	0.3508247215126491	0.1031069986200331	1.0
662000	-7.855393635755174	-3.1136231201694287	-4.7417705155857455	-1.8060367341605907	-1.307586386008838	2.01294076216094	1.8508774207565335	-0.08634647969453287	-0.4847310006255022	0.5775849286716835	0.04548635481828751	1.0
663000	-8.656084192451047	-1.8149157872383705	-6.8411684052126756	-1.2017127366882292	-0.6132030505501413	2.3475854590251632	1.932696122078894	-1.040464642191333	-1.0262910510616663	0.22976062945119896	0.9143330391991921	1.0
664000	-8.383501523211411	-3.2182860226253593	-5.165215500586051	-2.2035595988911743	-1.014726423734185	1.4938328957090568	2.3427569014513763	-0.6608623219594532	-0.5207573969448152	0.6151777056702946	0.46494444233299526	1.0
665000	-8.906956066654999	-4.983537034051173	-3.9234190326038263	-3.338675118607849	-1.6448619154433235	1.178432076002213	1.8740566111845673	-0.39437837191261105	-0.2211329734668701	0.6964194220023564	0.042828030181742915	1.0
666000	-7.499205818478044	-3.5497829738959013	-3.949422844582143	-2.1138636929471133	-1.435919280948788	2.3922093815318846	2.2464271593555845	0.2520900875401465	-0.23108778062452512	0.6256646784860005	0.037806295411811235	1.0
667000	-11.827624409167825	-5.655125703840662	-6.172498705327163	-3.9522432487239185	-1.7028824551167432	1.0837645500950197	1.9991474518567882	-0.038376011519474076	-0.11602229764653255	2.5678773488252213	0.17583216664783377	1.0
668000	-8.033774968346911	-3.867703998784698	-4.166070969562213	-2.2671710858881156	-1.6005329128965826	2.358230064381809	2.2679067153404833	0.37812134641458917	-0.12629305801187724	0.504932283331925	0.04751626151426968	1.0
669000	-6.727371096830435	-4.152506870160672	-2.5748642266697632	-1.7849537434476943	-2.367553126712978	2.435706198943406	1.526682312935315	-0.05339961635195861	-0.09135834087259309	0.47749582542386765	0.06598786259552825	1.0
670000	-9.173340572703367	-4.831061571683381	-4.342279001019985	-2.71186231852706	-2.119199253156321	1.5883345379565472	2.6887853453664614	0.3807163953237059	0.07991364535894196	0.7756010650438661	0.03973074469404308	1.0
671000	-12.741838430405604	-5.006397816384872	-7.735440614020733	-2.707951566785942	-2.2984462495989306	2.4261024426726645	1.4081248045299015	0.6505581840543893	-0.35790933467908786	1.966010791531788	0.2738283266360502	1.0
672000	-9.011749938912816	-2.7286686625318826	-6.283081276380933	-1.5424994278968303	-1.1861692346350523	2.709605886526524	1.8248020578495159	-0.49246243779801135	-0.6060575182245684	0.3055696935867105	1.6558798803667236	1.0
673000	-10.070244913827771	-3.226267787467121	-6.8439771263606515	-1.350444306262812	-1.8758234812043089	2.2829040714202327	3.4989353669873435	-0.6265286773274987	-0.5798671006154646	0.5626254736710554	0.14304413103912428	1.0
674000	-8.50359664859294	-3.896066177902024	-4.607530470690916	-2.5220083975704544	-1.3740577803315697	1.7435609003210646	1.801758871768185	0.4128252586194483	-0.4781351274121698	0.6885360658359628	0.3997534592610459	1.0
675000	-9.6412948270209	-3.956125185259964	-5.685169641760937	-1.383471576996559	-2.572653608263405	2.5258774669800763	1.7906135760385584	-0.6161668745760897	0.29872582389481384	0.4012602867933851	1.0730120786060164	1.0
676000	-10.794390747708789	-4.151357967645683	-6.643032780063107	-2.550270988613546	-1.6010869790321367	2.5474317546942666	1.4642959316032773	0.505450234142732	-0.8239789198370577	1.0453869836719132	0.2040776207234136	1.0
677000	-8.334668812633183	-4.070586693067273	-4.264082119565909	-1.7989444433527115	-2.271642249714562	2.1134653780277586	2.2099112055454944	-0.04158354326066449	0.25054010904008195	0.8872358893584318	0.15643926844560116	1.0
678000	-8.507411316543914	-2.5592488836353215	-5.9481624329085925	-1.506156969072408	-1.0530919145629136	1.8479496542079827	1.805699769034852	-0.8886333813394868	-0.7398788822011522	0.41702810985536837	1.462864912243792	1.0
679000	-9.510081851942992	-5.244797701836863	-4.2652841501061305	-2.991958353845211	-2.2528393479916513	1.3966468784303232	2.5226763069169893	0.22799893801247798	0.19957529036317448	0.9897674185056392	0.1769671653936999	1.0
680000	-9.605273878497606	-1.7642424929389708	-7.841031385558634	-1.2528770615545177	-0.5113654313844531	2.064984656831773	3.1904038857391734	-1.5147942524192841	-1.7914575915086655	0.4423382937017881	3.6267773508859196	1.0
681000	-10.226968499603476	-3.4484367589158627	-6.7785317406876135	-2.110507650400228	-1.3379291085156346	2.1931756741792108	3.291008465391532	0.27274174370700954	-0.779651489998499	0.24298681012087633	0.11647885485527586	1.0
682000	-8.478536287866689	-2.4885025549095428	-5.990033732957146	-1.3962190994002395	-1.0922834555093033	2.0110902881440746	2.6920938734829547	-0.7672483150319823	-0.5432388030898168	0.5023245496832494	0.24042186212630143	1.0
683000	-12.657952147838785	-6.880496804848604	-5.777455342990182	-6.422972145004334	-0.45752465984426927	0.6863124957093927	2.0864585109629834	-1.054802391769709	-1.0734167879369227	0.6361973307049882	0.6889941952812142	1.0
684000	-14.329080912005471	-6.276065046613738	-8.053015865391734	-5.601322589754044	-0.6747424568596934	1.3423817879212874	1.340075931432993	2.024241838712755	-3.967540995453835	1.0683251659517887	5.69337353873487	1.0
685000	-7.527954646694182	-3.8405575489701826	-3.687397097723999	-1.9030076815249517	-1.937549867445231	1.7772650452168288	3.0133534331547644	-0.24657702243675592	-0.1704821217834187	0.6353103670534229	0.047310895031919674	1.0
686000	-8.447626936882791	-3.995143981346718	-4.452482955536072	-2.16243344529188	-1.8327105360548384	2.487275079603942	2.3245425025325055	0.25993560201789667	0.009517916471618204	0.7639038849760426	0.16437850322660597	1.0
687000	-8.028920324850965	-5.14823865021783	-2.8806816746331343	-2.2756554318278024	-2.8725832183900275	3.1035364436289425	1.3390696053487596	-0.07045441594239032	-0.07991398916505772	0.6450491390653669	0.06127603700468555	1.0
688000	-8.597877433537551	-6.150296710936639	-2.447580722600911	-1.735829387122962	-4.414467323813677	2.641602760303204	1.0105670720013389	-0.1977712907543435	0.04716002012307882	0.8063042934734228	0.0346767355125347	1.0
689000	-8.892220756032604	-1.9489303970800993	-6.943290358952504	-1.7507744509028633	-0.19815594617723598	2.600520676450364	1.804575951274711	-0.15774825395193082	-1.7419587405342687	0.41267266084977705	1.024349688744714	1.0
690000	-9.203646896821883	-4.255622913820922	-4.948023983000962	-3.096886918242687	-1.158735995578235	1.2631604324514696	1.638831674378371	-0.22646380243344744	-0.8803988682339065	0.8409723831839514	0.23103583078116618	1.0
691000	-8.5498299528684	-3.2319483997392036	-5.317881553129197	-2.707237354881882	-0.5247110448573213	1.4126798043825344	2.109174481174616	-0.09950858340976249	-0.9915485427880057	0.4950814283619021	0.6422305004413654	1.0
692000	-9.329056209466696	-1.2009144745665772	-8.128141734900119	-1.2502658286767172	0.04935135411014002	2.375159143777944	2.537153194237615	-1.7837199341734156	-1.8043235426316484	0.6834956283023444	2.993326127636848	1.0
693000	-9.131650543681978	-5.63941404983607	-3.4922364938459074	-2.7067487662066467	-2.932665283629423	1.5352532056746038	1.5607220648495146	0.2708624544281912	0.3140164237480668	0.4072069988487228	0.1202112476867486	1.0
694000	-8.48350601911983	-4.01427069377468	-4.4692353253451484	-2.330227033939938	-1.6840436598347424	2.8831720898259836	2.4357933173224855	0.16111913047331528	-0.08869732880609538	0.09030097748390885	0.0499473387774386	1.0
695000	-8.35944156888495	-5.815392669579561	-2.5440488993053894	-2.957418968581621	-2.85797370099794	1.312253834061609	1.5190195874701342	-0.17736175123826675	0.21876597806159845	0.6159544089193494	0.08366475559469669	1.0
696000	-9.940206900737692	-2.5880655074593033	-7.35214139327839	-1.4182550472186062	-1.1698104602406971	2.0791044071520197	2.4820791950254564	-0.6179095439374238	-0.42391424619213774	0.43428802044469056	0.060009505253718086	1.0
697000	-9.958096885784904	-3.0783187248345945	-6.879778160950309	-2.1459407121922505	-0.932378012642344	1.479518278780354	2.5657340242515265	-0.9426803578907681	-0.6184017071264416	0.6357057869433194	4.091645867675909	1.0
698000	-9.490726081688294	-3.415951245614866	-6.074774836073428	-1.8072764997718673	-1.6086747458429986	1.7342947677332972	2.2765212755305404	-0.511627234071975	-0.12115974260842954	0.4116664253062415	0.03265818765065384	1.0
699000	-6.8959151250535635	-3.4485693968698907	-3.447345728183673	-1.5804349563915334	-1.8681344404783573	2.2792768811845225	2.743121447015821	-0.26460453401379724	-0.07463837894076158	0.3797439982541058	0.05112050299356225	1.0
700000	-6.886870867043932	-3.577430899147468	-3.309439967896464	-2.083755815916632	-1.493675083230836	1.7676249664104846	1.9910743508831663	-0.018516657890625454	-0.2579011834191861	0.29216407317681026	0.08281869299849787	1.0
701000	-8.487728340247699	-3.2350859592514123	-5.252642380996287	-1.4439760784955489	-1.7911098807558634	2.278427414390257	3.079215269977593	-0.4604109749208076	-0.2953766359251389	0.4955321537336287	0.07899033314876057	1.0
702000	-9.66295113638101	-3.1505792536241857	-6.512371882756823	-2.341903268809839	-0.8086759848143465	1.3788446187627506	1.573456613912577	-1.464329593026639	-1.400760129407011	0.48484303959125635	1.42428468188399	1.0
703000	-8.37589035978042	-3.3275401749146933	-5.048350184865727	-2.4193686012003717	-0.9081715737143217	1.7774185803140266	2.1545152715625044	0.35275583970475016	-0.6283265263604153	0.7228240892099129	0.1835264059650311	1.0
704000	-11.548181467741331	-2.3654986087513024	-9.18268285899003	-1.582607819863055	-0.7828907888882473	1.7448418014848066	1.4764079801094523	-1.1479928660238887	-1.735992535210539	0.22569533916292459	0.4996647225338677	1.0
705000	-7.368389720412592	-3.6594722488330493	-3.7089174715795434	-2.166828467723315	-1.4926437811097344	2.7847482297705772	2.3116456523225057	0.10595790282337125	-0.1932229467646329	0.24293331736092136	0.08292861018014272	1.0
706000	-10.50156690383469	-3.057621155777788	-7.443945748056901	-1.5193000161077883	-1.5383211396699998	2.306920997768035	2.5841909766484683	-0.345499112377215	-0.20929826987344743	1.3774537618689064	0.5238903788185729	1.0
707000	-8.856270033420174	-2.357706889736578	-6.4985631436835956	-1.8590352086101216	-0.49867168112645643	2.2592684837190804	1.731713139482513	0.04608845824118957	-1.4396107920494576	0.7770731096160554	0.8616035761706566	1.0
708000	-8.51540047077944	-4.859529538524529	-3.6558709322549103	-1.7263700793727503	-3.133159459151779	1.8190970330004943	1.3728745527558979	-0.45060275942757866	0.16675209474541242	0.7514549942749046	0.10276161850922977	1.0
709000	-8.921203142389231	-2.517162783026179	-6.404040359363053	-1.699622907493791	-0.8175398755323879	1.7244531295099705	2.6543223640150218	-0.8017304926694615	-0.742439252415098	0.2446161106086149	0.3391671514652313	1.0
710000	-8.044675256895147	-4.120056614035279	-3.924618642859868	-2.320668382708443	-1.7993882313268355	1.5139406642126403	2.7416111621910653	-0.3193734644528851	-0.11233781041101454	0.8210257930095513	0.04155135032484774	1.0
711000	-14.8459384751584	-9.393195253827889	-5.452743221330511	-5.984236200537639	-3.40895905329025	0.869632087230239	1.4926316722730395	1.051543744389406	0.510879417080659	0.5886916738913415	2.4144850073409594	1.0
712000	-13.706815319959913	-4.021101511823662	-9.685713808136251	-2.9721593052101785	-1.048942206613484	3.2903018356835183	2.240423859540151	-2.749048152704535	-4.281945909847838	0.20945339832073726	13.82272472076555	1.0
713000	-10.08946389268993	-4.179915285805441	-5.9095486068844885	-2.036463561856632	-2.143451723948809	1.6113129584463468	3.394788618883967	-0.4687255849928868	-0.317594927292922	0.9275534420784958	0.10400067338120064	1.0
714000	-7.912235595105743	-4.652162480203518	-3.260073114902225	-1.7537427211190018	-2.898419759084517	2.4112704329285872	1.4272507899933005	-0.07880174438091707	0.10854811595361605	1.1091963792775692	0.06253236465484564	1.0
715000	-10.119199718498656	-6.14487923310783	-3.974320485390826	-3.0946078523680605	-3.05027138073977	1.3051571414863052	1.6793280376389152	0.0031204384016625397	0.48754744750396467	1.0324378399220726	0.2642820155441771	1.0
716000	-6.9509587205169305	-3.611576725845259	-3.3393819946716716	-1.9446815901954846	-1.6668951356497743	1.9765162480229255	2.2074442900088957	0.04593146239395532	-0.08913764064963747	0.7866968582164342	0.09817135032396594	1.0
717000	-10.136085638577116	-1.4161994028590676	-8.719886235718048	-1.3328862990097683	-0.08331310384929935	2.0292385013984973	2.569146376603113	-0.920748702285956	-2.9796965262783877	0.7337473273186736	11.971831347352198	1.0
718000	-10.6142549973043	-3.2576074632497605	-7.35664753405454	-2.877953995028637	-0.37965346822112345	3.389094300082213	2.59888012696038	0.09785251156871883	-1.1451766527122846	0.6992824847935681	0.5203596155518683	1.0
719000	-7.891156525415558	-3.9068313187231816	-3.984325206692376	-1.682701800631964	-2.2241295180912175	2.018130804320226	1.8103658211372378	-0.239689229745375	0.10835615784561647	1.212076619016977	0.07774710058114388	1.0
720000	-7.532689230576443	-4.539052473333007	-2.9936367572434355	-2.542089743363955	-1.9969627299690522	1.55038633561925	1.62550521226062	0.11468536908633742	-0.21416192520206112	0.4279318154637407	0.11582719593944854	1.0
721000	-7.73196542825653	-3.6883123497385863	-4.043653078517944	-2.241178575271439	-1.4471337744671473	2.8170174903526175	2.090481727464221	0.14167108623675162	-0.2515933827731147	0.4424178710298322	0.15478906816878615	1.0
722000	-8.222195651125	-5.4826982025466	-2.7394974485784003	-2.5641373856430505	-2.9185608169035495	1.5657739446828995	1.2789966319015293	0.17690145338080926	-0.190596355975795	1.0436286526005076	0.09739133941332101	1.0
723000	-9.650084311733643	-5.757235604145234	-3.89284870758841	-2.0837058196758322	-3.6735297844694017	1.7458456297365874	1.3881450506356559	-0.054032037652443174	0.5236558771834373	0.7275667601132497	0.0888619842973426	1.0
724000	-7.417354467767675	-3.362296079868125	-4.05505838789955	-1.9673613312453142	-1.394934748622811	2.404488125328457	2.038758953455945	0.1263732150107827	-0.30525627357085483	0.7152586583305085	0.12760741155861066	1.0
725000	-8.042589229909412	-4.080476457781744	-3.962112772127668	-1.736775703771606	-2.343700754010138	2.2738398832374873	3.115166901045514	-0.07997898319436147	-0.01569170861851371	0.6071552615838108	0.1136192177456591	1.0
726000	-7.745048538626083	-3.21892178082685	-4.526126757799233	-1.8915535568342072	-1.327368223992643	2.8822726513071903	2.0465305414501525	-0.218433345410741	-0.34955164411530804	0.5131213255783313	0.203267941697516	1.0
727000	-7.929673893706502	-3.4555348341392262	-4.474139059567276	-1.7545555023439618	-1.7009793317952644	2.6829603873732757	1.6694338498585395	-0.2042120420591368	-0.3754889105206243	0.6277214514023278	0.04319036768476213	1.0
728000	-8.540885776964224	-3.7855814889013875	-4.755304288062837	-2.5058012830649474	-1.27978020583644	3.3892268152327656	2.3272651626133865	-0.19087571803815923	-0.3322603645058122	0.6258699085508761	0.0872300002937777	1.0
729000	-7.797407093045035	-3.409053427119848	-4.388353665925187	-2.303353417892393	-1.105700009227455	1.6801015425989811	1.9395100210985934	0.10026382087622221	-0.5749266928024579	0.6762472876935994	0.11445219775322414	1.0
730000	-6.922446736091099	-4.017176186542322	-2.905270549548777	-2.216014089502341	-1.801162097039981	1.7078217723756215	2.498790443141312	0.04496724100102922	-0.03371333313455471	0.7052205658220994	0.07284913425203784	1.0
731000	-10.104261805762471	-5.691337909480577	-4.412923896281894	-1.8979448650739297	-3.7933930444066473	2.766605095766906	1.007382055068498	-0.11652744548009175	-0.4629264521551224	0.26546605581934063	0.18119606802648655	1.0
732000	-12.136514212261607	-6.117906497932628	-6.018607714328979	-2.0892220204273926	-4.0286844775052355	2.9796991780856845	4.6479132067822375	-0.11556185342330011	-0.5344190900283861	0.1325614725479332	0.1186819470102762	1.0
733000	-9.174214976757405	-1.7725748111373623	-7.401640165620043	-1.7831346700188284	0.010559858881466155	3.2014714023070163	2.139588939760692	-0.8636685530778417	-1.6700221669959654	0.42140749407723876	2.1145145237194294	1.0
734000	-9.514203909851698	-5.019117322366028	-4.49508658748567	-1.9622505494922144	-3.0568667728738133	2.5396663738505554	1.1107787882341258	0.07472104572485286	-0.6404860184917776	0.6381312281237379	0.20876153385038693	1.0
735000	-8.76533912241101	-3.851002487207772	-4.914336635203239	-1.8551611846808989	-1.9958413025268733	3.0532159865644544	2.0624370925963302	-0.4500439287669451	0.08208110608813055	0.47586910556805023	0.30556673476856894	1.0
736000	-11.01253385160389	-4.019254653653146	-6.993279197950745	-1.9037606181416926	-2.1154940355114533	2.4632065123531106	2.669876200429885	0.05201814477712885	0.08486112935828738	0.7708354147260682	1.965130430240535	1.0
737000	-9.866859048113866	-2.461105939393187	-7.4057531087206785	-2.223301669421806	-0.23780426997138093	2.008603557661316	2.4309076090211907	0.331582552092441	-1.2585193781629866	0.3897737552557017	0.2551788448808965	1.0
738000	-9.87823271116447	-1.2251565711746544	-8.653076139989816	-1.3613034525377046	0.1361468813630502	2.683871100831278	2.4705091539168285	-0.8109747916080244	-2.0051008181082137	0.8896955632492837	1.4249905742553288	1.0
739000	-8.895002715659798	-5.514803310633557	-3.3801994050262407	-2.038924168348343	-3.475879142285214	2.7235662034035077	1.3282537884993602	0.04118887194362278	0.3035904286818637	0.30883536932838157	0.046149218066100235	1.0
740000	-10.837109610539727	-3.536063850563025	-7.301045759976701	-2.322534405385362	-1.213529445177663	3.085126705406992	2.6281803812520335	-0.013668226655411453	-0.4330106193242216	1.2279617818307378	0.19939072008828224	1.0
741000	-9.220691269661174	-3.0838389627853964	-6.136852306875778	-1.3389761149883341	-1.7448628477970622	2.5701184366530567	2.506027720159364	-0.7392315121266325	-0.06727601136492176	0.5119219280441213	0.10556952221397276	1.0
742000	-9.014481453741553	-4.259332780535477	-4.755148673206076	-1.6709477102887291	-2.5883850702467477	2.3586772543285788	3.5983332701889905	-0.15849251839148348	-0.23649655507320663	0.6725357693729626	0.10251579721594355	1.0
743000	-10.584666917914323	-3.713991477641515	-6.870675440272807	-1.2796788319060113	-2.4343126457355035	2.6977468948385326	1.8912206288318463	-1.2480105060260613	0.2729735789050853	0.853831680518627	0.8679378465652261	1.0
744000	-7.812441180112457	-2.764344781437914	-5.048096398674543	-1.397539353316347	-1.366805428121567	2.3276578503058474	2.1231669958000445	-0.5339702687993617	-0.2968808897246593	0.48848476568280214	0.4399876372928659	1.0
745000	-15.710901071932396	-7.474767714580365	-8.236133357352031	-4.975675011013617	-2.499092703566747	4.975729894878859	2.9019045987688257	-0.7709508517815429	0.17484925634061485	0.36544371115261104	0.07669790655638933	1.0
746000	-8.756527253431303	-3.464811056758853	-5.29171619667245	-1.5933800737227166	-1.8714309830361362	2.6970251794684352	1.6976940149228565	-0.40901703612902196	-0.2176579506312432	0.9471675507444483	0.04866693941289131	1.0
747000	-10.38190139607944	-5.15356473003385	-5.228336666045591	-2.937028816234805	-2.2165359137990444	1.2599840515680742	1.2786439066724906	-0.5835308765262797	-0.7765451243185759	0.515222839306078	0.1990058850613613	1.0
748000	-8.337391683361794	-3.297126006204075	-5.040265677157718	-1.675290711389569	-1.621835294814506	1.7707342355793152	2.5139875387546913	-0.6868246593937247	-0.14073987799735677	0.594653552255447	0.29942952001733253	1.0
749000	-7.884280620295845	-2.756379392329311	-5.127901227966534	-1.6382982757134759	-1.1180811166158353	2.7143582792333203	2.2103925769405186	-0.3638897640533626	-0.454022167719646	0.2355553221759041	0.20180231453574743	1.0
750000	-11.743123614705162	-6.007661006731698	-5.735462607973465	-3.0290987111093868	-2.978562295622311	1.568015161108371	3.8033954865108544	0.6431070298831099	-0.20864240346503346	0.2888509699954421	0.592509772440877	1.0
751000	-9.615705462989105	-4.988067984909396	-4.627637478079709	-3.5789436625681965	-1.4091243223411993	4.074399412241115	2.582083080697406	-0.24644247479057663	-0.2890946103343892	0.301087366591144	0.06138110634170567	1.0
752000	-9.653981701278067	-3.4615559749423817	-6.192425726335685	-1.5624934708691764	-1.8990625040732052	1.8499544558047536	1.418477321792362	-0.7197955042100574	-0.6648290358153	1.4973867960569	0.4527617737156717	1.0
753000	-8.293412024742604	-4.106134755933232	-4.187277268809372	-2.4339970851942923	-1.6721376707389402	2.737043256292912	2.029609385624882	0.3312503060810089	-0.12417559691304647	0.3689851974862218	0.17012317430960294	1.0
754000	-8.78955786499773	-1.9762092531476636	-6.813348611850067	-1.7512743632488839	-0.22493488989877974	1.7263884496136166	2.1376153499099937	-0.658452162944809	-1.3167755336992508	0.9054208811465426	0.6132461162596278	1.0
755000	-8.323425211545903	-4.450646267370109	-3.872778944175793	-2.8315999901346736	-1.6190462772354355	3.2709305258906793	2.2242558901379668	0.18163790530648274	-0.11703828401726904	0.7641946151785232	0.0331644998949326	1.0
756000	-10.238714008775897	-5.675417536542883	-4.563296472233015	-2.6211585981758176	-3.0542589383670657	1.4673936958112914	2.35008446377909	-0.021102524499899245	0.6068972317453811	0.5461090534129857	0.11691279596584718	1.0
757000	-8.94790152370733	-1.5470166163719963	-7.400884907335334	-1.3422591395441383	-0.20475747682785794	2.305768514472222	2.5723478500221715	-0.6391995869202358	-1.3550323636633195	0.22802914262747268	0.5247005043735082	1.0
758000	-7.245923829268738	-4.313685221618028	-2.932238607650709	-2.8160985684877726	-1.4975866531302557	1.4209434881838494	2.219245484694754	0.08600041658488305	-0.19363757950895366	0.5090571213652184	0.0960631738724956	1.0
759000	-7.9815270599593084	-3.9718423377847216	-4.009684722174587	-1.6492082471177696	-2.322634090666952	2.003274111938692	2.276836668792791	-0.3003940963451179	0.274997195004436	0.46813883490136643	0.051000703504908824	1.0
760000	-7.698482798706852	-4.113097935505678	-3.5853848632011736	-1.775529382019064	-2.337568553486614	2.42617796847649	2.54589094837877	-0.0602664772964666	0.23516477228477453	0.7295900310055659	0.034972587232060065	1.0
761000	-8.830155008095069	-4.985227397301917	-3.844927610793152	-3.5208003528570657	-1.464427044444851	1.248581252404229	1.8721202136163273	0.3217837611124761	-0.3498835039074558	0.6752639136865626	0.2724791847291144	1.0
762000	-6.986860219171982	-3.7952771627303905	-3.1915830564415915	-1.9906441546368985	-1.804633008093492	1.685460787730097	1.8363660515968423	-0.3170705542126086	-0.1394865602010973	0.6611793448485839	0.05185104628542379	1.0
763000	-7.887753153870667	-5.776042089839315	-2.111711064031353	-3.5923469785796054	-2.183695111259709	1.166978864994804	1.6545308794910918	-0.015781441122355522	-0.0510726459720236	0.6985200015585022	0.087960016599863	1.0
764000	-7.846610592284968	-2.965569722240568	-4.8810408700444	-1.777212531954687	-1.1883571902858812	2.818241374565208	1.9827903518466357	-0.28506812932210646	-0.4826671767234535	0.5638622711945485	0.2121716312860749	1.0
765000	-8.400506910579667	-3.7238910121247004	-4.676615898454966	-1.754827740501133	-1.9690632716235674	2.6309134839736283	2.054973557072303	-0.17082891415100276	0.06469256816197799	0.6874393522829174	0.30521133522485655	1.0
766000	-8.688189815419548	-3.1745383228621895	-5.51365149255736	-2.06048119826215	-1.1140571246000395	1.717736145510012	1.956014369228916	-0.13720375876366292	-0.5570150685637888	1.4034631533847772	0.1761112474383922	1.0
767000	-7.683634601005769	-4.748192877270027	-2.935441723735742	-2.7192418706222234	-2.0289510066478034	1.4262320039773564	1.5472692562536072	-0.028534315934923393	-0.3032683272681188	0.45811550896213654	0.10238169959885567	1.0
768000	-9.150102856847006	-2.810509275636033	-6.339593581210973	-1.5771954368111007	-1.233313838824932	2.074590362377151	3.2475081327045556	-0.34556761995524465	-0.8241802402594302	0.6920790136986305	0.391027763475623	1.0
769000	-9.339781306645778	-4.794998937483447	-4.544782369162331	-2.137360030373369	-2.657638907110078	2.3560023539579418	3.1264419599604434	0.2793546454576077	0.12898371522666874	0.2808013494407531	0.199989600614962	1.0
770000	-11.199388528405052	-4.4100181132587135	-6.7893704151463385	-3.5287456432669178	-0.8812724699917958	1.1103290854455106	1.832667738402414	-0.6698930324704357	-0.8662269178276539	1.6642847348766965	0.23979535043983047	1.0
771000	-6.927258215457188	-3.7230522864051316	-3.204205929052056	-1.8987733870606025	-1.8242788993445291	2.8446360661415016	2.257240929425476	-0.17773206293317745	0.006509851154759258	0.3450002784824082	0.062274349390188354	1.0
772000	-10.238492021359857	-3.1995832965362325	-7.038908724823624	-1.4085915615243287	-1.7909917350119038	1.8710526053503604	3.297884503228696	-1.263004702785965	-0.4551607737382948	0.20877898061754935	0.6026852343738486	1.0
773000	-9.75060295948008	-4.552918223589581	-5.197684735890499	-1.7680615568026834	-2.7848566667868973	2.48649404112577	3.3226287929031413	-0.08736535244379681	0.06602684110096124	1.1218248986550425	0.04715823995027385	1.0
774000	-10.499369295586549	-4.666973064638354	-5.832396230948195	-1.4688950210263698	-3.198078043611984	2.6536860458562894	2.7349992676157124	-0.5596133759576947	0.5512297005773594	0.5428161608780085	0.3862920078779788	1.0
775000	-10.694367995308323	-2.0849460678376026	-8.60942192747072	-1.6387896856330961	-0.4461563822045065	3.0807030054061633	2.0698500967164715	-0.9071619150567285	-1.0955329856450753	0.24203427140302342	0.24775803434996252	1.0
776000	-9.432542121005755	-4.3810493087721145	-5.05149281223364	-2.2429083478706193	-2.138140960901495	1.7956818374324384	1.5024577577468459	0.19826453682643297	-0.2962910910562949	1.7940466387224665	0.13431074068823529	1.0
777000	-10.281187788177279	-1.1931292426141749	-9.088058545563104	-1.3136179855562595	0.12048874294208467	1.9667388585519336	2.268138721596961	-1.4203150367587416	-1.8488902828829985	0.7717775027330173	0.7155183082420515	1.0
778000	-8.420362471689046	-3.9112343119247965	-4.50912815976425	-2.8087171466678997	-1.1025171652568968	1.3172640421762942	2.0707316099015634	-0.42434380779609576	-0.5051537938128138	0.4332039962660327	0.3096197621627911	1.0
779000	-8.884853730168127	-2.6069994449974807	-6.277854285170646	-1.9106725833126497	-0.696326861684831	2.9256387566308217	2.566747019151108	-0.23942006823484863	-0.8143954708820469	0.44688464869388084	0.16599929828365176	1.0
780000	-10.341352440752981	-3.0019349727664792	-7.339417467986502	-2.862904088628145	-0.1390308841383341	3.1211367924194184	1.786492257820203	0.330756905508254	-1.890067393457719	0.5359672630457616	1.567841514649131	1.0
781000	-8.232191219281074	-2.720119800638842	-5.512071418642232	-1.4471214546372648	-1.272998346001577	1.9538858951886382	2.2225608163634814	-0.7508506620945402	-0.3422699403994298	0.5942254532158526	0.7296907170988334	1.0
782000	-11.037785884947848	-2.1966427558000197	-8.841143129147827	-1.7867019125234025	-0.4099408432766172	1.9837247037350574	3.0805356430380546	-2.6697935020805357	-1.6975223577824967	0.7483609388011062	4.064087216703253	1.0
783000	-12.177537826086846	-1.930465981369938	-10.247071844716908	-1.4819837870396082	-0.4484821943303299	1.9749716261682881	2.9194726301534693	-2.1635950350597444	-1.3194908022737062	0.6489008383347743	0.6742655977986466	1.0
784000	-12.411425968763062	-3.227077651729971	-9.184348317033091	-3.307670748235859	0.08059309650588808	3.1437342671551654	1.941667651021151	-3.1012635336990275	-3.2800241053171995	0.31999353510587997	17.327215841243195	1.0
785000	-7.498740479928178	-3.5106666578003276	-3.98807382212785	-2.0220364919234894	-1.4886301658768382	1.778917287629647	2.3611286782687957	-0.07869465266891951	-0.1980237447553969	0.14431949900108218	0.07168741093675736	1.0
786000	-9.764951739731874	-4.12110032179982	-5.643851417932053	-2.270188251503529	-1.8509120702962907	1.6885307405664887	3.5327580148439433	0.07607885761208338	-0.6320490128827967	0.5566814338579643	0.09960568874179543	1.0
787000	-11.721403968939036	-3.0007822017308925	-8.720621767208144	-2.0229971352678193	-0.9777850664630732	1.5918135453056261	2.07183225149027	-0.5764293807819774	-0.6025280569406254	0.282452788644049	0.056067607596018906	1.0
788000	-7.049524284395299	-4.806320185918141	-2.2432040984771584	-2.762700287784335	-2.043619898133805	1.430854283593786	2.374907155884824	0.04872684274915651	0.12074659346626852	0.3424439406805778	0.038287491671474175	1.0
789000	-7.059910863327312	-3.270357175587221	-3.789553687740091	-1.9764528696486643	-1.2939043059385567	1.9177642019711931	2.0342981669879534	0.03480822720718102	-0.3785846738062645	0.468114513957124	0.14968189971629986	1.0
790000	-11.839817445847984	-6.012208173040861	-5.8276092728071225	-2.068555315589789	-3.943652857451072	1.5698666346210877	4.411743855240057	-0.5748687290612604	-0.30633505634596025	0.5434061541166538	0.31611533371434103	1.0
791000	-7.52775698219479	-2.7556012601025355	-4.772155722092254	-1.668014269637296	-1.0875869904652395	1.9279863766618974	1.9378978210102182	-0.35943119338508084	-0.5906880830548273	0.41366092973851354	0.24869600971505146	1.0
792000	-10.409089061151775	-3.2647026509785615	-7.1443864101732135	-1.176829832069929	-2.0878728189086324	2.396850160353824	2.262025115881419	-1.3611149457991425	0.1531279403538038	0.5617842216652617	0.3712204423752685	1.0
793000	-7.400137665091676	-4.218585619254922	-3.181552045836754	-2.1480965210599727	-2.0704890981949493	2.5510261616543892	2.0422823770828282	0.22277662221115813	0.12001753561362494	0.34636798696026533	0.04824876613918053	1.0
794000	-8.7587873939552	-4.067201869623812	-4.691585524331389	-3.2434607794872687	-0.8237410901365436	1.2787600838945672	2.3314286549435885	0.09200556434911672	-0.6701202422203107	0.406395439563638	0.16455280547869386	1.0
795000	-8.814281822164581	-2.9595289934501654	-5.854752828714417	-2.02352300100306	-0.9360059924471056	2.202552265923312	2.2621685089782577	0.1978920089212455	-0.5846319740949375	0.13559748735723215	0.13282094852617976	1.0
796000	-12.022429228707683	-4.093377038431937	-7.929052190275746	-1.4120683570432213	-2.6813086813887153	2.593498872203815	1.1284048871950658	-1.9810049062613166	-0.9150441906305183	0.18266199174652625	1.4555381553061963	1.0
797000	-6.940125680724984	-4.69618946588233	-2.2439362148426536	-2.5356610122376546	-2.160528453644676	1.595122587596331	1.8013057540086548	0.2063829398840883	0.06354180463678283	0.7802809353506862	0.028412325855923695	1.0
798000	-12.183190250214649	-5.040090623173849	-7.1430996270408	-2.0963022455077045	-2.943788377666144	3.4888883751089255	1.8459753861896884	-1.3596075683407904	0.523702376526491	0.2352494234839468	0.7049877554682447	1.0
799000	-10.000771352117555	-2.9938118135683114	-7.006959538549244	-1.811662205977795	-1.1821496075905165	1.7181649570184514	1.1999412122131954	-0.5521100161238499	-2.554393594573167	0.8251705075675629	6.220434413983869	1.0
800000	-9.887085563738099	-4.087383092524149	-5.7997024712139496	-1.5812532713849379	-2.5061298211392113	2.8868167702350434	3.51941614264925	-0.6344117584316211	-0.21559337924210184	0.29071322817062134	0.1420733513828318	1.0
801000	-10.552525477381522	-5.861429848693089	-4.691095628688432	-4.667004216480495	-1.1944256322125941	0.9962751192514457	2.6496225706319607	0.3681745095902	-0.45381240709380904	0.9833515473482745	0.18202659075859265	1.0
802000	-9.809036725135076	-3.8444133321255807	-5.9646233930094965	-1.2454016424786953	-2.5990116896468853	2.587504711556281	1.26848614495183	-1.0661414388015487	-0.4728515514721968	0.4372633393835615	0.3987463936435122	1.0
803000	-8.920953231937268	-2.5242509631156835	-6.396702268821585	-1.6714974491712749	-0.8527535139444087	3.0956112563188714	2.488870225666484	-0.8553902511574025	-0.6620719156675323	0.2968625015055703	0.5162842484173009	1.0
804000	-7.4067110477855085	-2.8272395700246076	-4.579471477760901	-1.7599460343822297	-1.0672935356423778	2.1210506584509754	2.2248512926956105	-0.08271232662049727	-0.4892595389289838	0.6383601953986457	0.07294458389808878	1.0
805000	-9.603137255579401	-2.1523547377892323	-7.450782517790168	-1.329927472128702	-0.8224272656605303	2.407390484144741	1.6733857426001773	-0.6706479132931602	-1.162103568365574	0.28673718484496724	0.27966617751716716	1.0
806000	-8.726352900260586	-4.186799302955193	-4.539553597305394	-2.7362873143490622	-1.4505119886061308	1.5619397844196934	2.1967314106207594	0.3573788264821919	-0.22664138418504987	0.8441651667924971	0.34248483917520955	1.0
807000	-8.341383172150135	-1.5412963927173964	-6.800086779432739	-1.4664438323841482	-0.07485256033324816	2.0892767570675326	2.328845255243792	-0.514785828713062	-1.474500036629999	0.6441047499797992	0.9364299308041768	1.0
808000	-7.168833803934399	-4.178648921716281	-2.9901848822181183	-2.599382401026296	-1.579266520689985	1.4180111969674212	2.1042669831525336	-0.25042908288928867	-0.16111164968404765	0.40374840970044684	0.0577943628064782	1.0
809000	-7.271364204141306	-4.3024431301021675	-2.9689210740391383	-2.2233925290533474	-2.07905060104882	2.981195813435357	2.5956131003427747	-0.0003592161859978099	0.09063176235106646	0.43888324218391855	0.047343836012639064	1.0
810000	-9.818432726529098	-4.726576491233537	-5.091856235295561	-1.52802608810239	-3.198550403131147	2.0550369467426157	3.7054272478174792	-0.43951557312406164	-0.020324856974317698	0.2915476318968467	0.29591925300133987	1.0
811000	-8.276341002202392	-4.362995633569372	-3.9133453686330193	-2.3435112156203726	-2.0194844179489992	2.6051378994968015	1.9313987515786954	0.34116122595828036	0.051414302133503564	0.7039337894170649	0.05648136476581453	1.0
812000	-8.989325060249634	-4.204165399103328	-4.785159661146306	-2.0640228769813476	-2.1401425221219808	2.3924680074366753	1.3729537380745922	0.2115787632674484	-0.5700479429625196	0.8554458465319971	0.3013080737024634	1.0
813000	-10.635029859225671	-3.1200464044750564	-7.514983454750615	-2.2399509597535516	-0.8800954447215048	1.9069202448110085	2.6388376509809035	0.29369481822082033	-0.6847151231067983	1.157130374131733	0.08859953106241547	1.0
814000	-10.438342259166854	-4.09383939651748	-6.344502862649374	-2.698185087562357	-1.3956543089551232	1.2833190385600968	3.0522684791181884	-1.0939769953216834	-0.5324938645686159	0.30182904669626537	0.48526023101128657	1.0
815000	-9.429882843374894	-4.408920587603928	-5.020962255770966	-3.231716333427086	-1.1772042541768428	1.213068419183128	2.4551206100693443	-0.32598272922811306	-0.41399349410280795	0.4506411305163478	0.04606848208954262	1.0
816000	-11.852761725320157	-5.223473876540349	-6.629287848779807	-3.670590225087624	-1.5528836514527251	1.044417297953582	1.360763194253147	-1.6771519201446021	-1.1675165977656026	0.6063567923981174	0.828281461361163	1.0
817000	-8.754758389063884	-5.504092947468534	-3.2506654415953493	-1.656688276298115	-3.8474046711704193	1.9853403154018756	1.1955083826138209	-0.30747974035000664	0.25022841443245586	0.5644595477193304	0.0656387300645758	1.0
818000	-11.614500297619779	-4.561420141176278	-7.053080156443501	-3.4996328315170366	-1.0617873096592412	3.8903259865143287	3.2638900817759735	-0.048712257602791895	-1.0044427351683844	0.41902570575931264	0.9434941200145257	1.0
819000	-8.112062181725396	-3.312699970482635	-4.799362211242761	-1.857334827387728	-1.455365143094907	2.528208644297306	2.466812089957581	-0.015993609649685603	-0.2324928811086207	0.7945955360026296	0.20145916218801466	1.0
820000	-7.647881580065394	-3.8572556416699593	-3.7906259383954346	-2.5068667605750976	-1.3503888810948617	1.462269315733861	2.491448218441442	-0.21268486658630759	-0.3042962296884283	0.6707643927348884	0.13336033952295534	1.0
821000	-9.223679317127226	-4.699673756399925	-4.524005560727302	-1.7169678638001944	-2.9827058925997303	1.9067395801798666	1.1117039759617264	-0.31285392651165567	-0.7036428754019147	0.8650758970278484	0.28499371647314775	1.0
822000	-10.137583283054488	-3.260723661277039	-6.876859621777449	-1.4210447125950836	-1.8396789486819554	2.694314063593323	2.764035803986576	-0.6876149461375846	-0.0991282188759944	0.9147423656224631	0.12282267904877726	1.0
823000	-10.101803466593957	-4.159808616071325	-5.941994850522631	-2.7208511569561864	-1.4389574591151382	2.9801888593970007	1.7304849326413747	0.352841162850707	-0.5038576963982359	0.9554297039750925	0.1100572534055135	1.0
824000	-8.52213133878433	-3.8647080498285806	-4.65742328895575	-1.3954572993138505	-2.46925075051473	2.5345249665117286	1.579791540619582	-0.5992324492080957	0.04937182825561695	0.5365696686996974	0.27539406660022797	1.0
825000	-9.783197838346762	-5.04586740150324	-4.737330436843523	-1.8506357961135125	-3.1952316053897274	1.7726039014701194	3.8578018977578714	-0.3378087011702793	-0.14767830131262646	0.15914627474991322	0.08188752334809325	1.0
826000	-7.536914012575334	-5.055896254279405	-2.481017758295929	-3.01790155454731	-2.0379946997320957	1.363128681437745	2.232240523251177	0.14351730000828644	0.12620868412816255	1.01409506620826	0.02336157476625265	1.0
827000	-8.179548355316609	-3.962836172718326	-4.2167121825982825	-2.311125199916546	-1.65171097280178	1.9865801270728125	2.527017220882243	0.3978347265835661	-0.12620011495388053	0.6484868611032439	0.06983459727149714	1.0
828000	-8.900486860795153	-4.3721720446743655	-4.528314816120788	-2.446438302778266	-1.9257337418960994	1.5963474834477374	3.205065457526249	0.10504154625234263	-0.3011104076163187	0.5461963413739417	0.26320317599289544	1.0
829000	-9.789004385753163	-4.781064174529425	-5.007940211223737	-2.855317267860894	-1.9257469066685315	3.397185350836458	1.8678960692628614	0.07399564574160705	-0.03995722051679218	0.519031502669707	0.41361891358470526	1.0
830000	-8.625065399527262	-3.50252974989676	-5.1225356496305015	-1.388877940885802	-2.1136518090109577	2.6638827933451927	1.7022746729276408	-0.720970141305149	-0.04801220315834265	0.39104791372612413	0.3546138751813821	1.0
831000	-6.518588738924855	-3.6510458016429173	-2.867542937281937	-2.014576451120776	-1.636469350522141	2.65549426976479	2.372009716900527	0.06160886077403682	-0.10853462690485449	0.23514137902082372	0.03884739417633968	1.0
832000	-6.473341125682742	-3.6299934869964794	-2.843347638686263	-1.9468302554704984	-1.683163231525981	2.5406786420431335	2.300849095380349	0.06068952396832797	-0.07639870344219665	0.5250335050764536	0.05432916988980555	1.0
833000	-8.889641840776882	-1.86242719301889	-7.027214647757991	-1.3395429604802285	-0.5228842325386616	1.9393575772345322	2.533557994207572	-1.293620228659416	-0.9666770926952927	0.2431826265016847	1.4876105357877465	1.0
834000	-7.628368332997953	-3.114681122452776	-4.513687210545177	-1.9603908168851767	-1.1542903055675993	2.1491808853824352	2.542761336385584	0.13363672786798592	-0.44842819572540404	0.6155767733984289	0.14084668385268084	1.0
835000	-10.174923125602664	-1.8633014850611156	-8.31162164054155	-1.2863298391843916	-0.576971645876724	2.68020531048295	1.7842945788893798	-1.0770281474283587	-1.2496455300701754	1.215584226693037	2.3708382280117646	1.0
836000	-7.815971337304106	-3.7799095287861313	-4.0360618085179745	-2.1895395237609794	-1.590370005025152	2.2384056403128945	2.3727785831387225	0.336875202627026	-0.13633693124798296	0.6828813391628327	0.060482140445501965	1.0
837000	-10.231852947821812	-3.189298433356205	-7.042554514465607	-2.1158071361367785	-1.0734912972194266	3.2925757279449783	3.2150540686044833	-0.46766758287514937	-0.9357990685812366	0.41680545584090084	1.433817477861294	1.0
838000	-10.205378105214718	-5.683325436718857	-4.522052668495862	-2.1468021015602368	-3.53652333515862	2.6121460384351427	3.5547196911410963	0.1927076647236511	0.23551601916904163	0.42071729117311946	0.1386362100833574	1.0
839000	-6.494947502349257	-3.6654134017429065	-2.8295341006063506	-1.7966498584326978	-1.8687635433102088	2.6870874223880548	2.227665262020984	-0.1623047881673885	0.03133118632968679	0.5068387958454488	0.04115404766116114	1.0
840000	-7.276770499984231	-3.899127909534047	-3.377642590450184	-2.4929652093687436	-1.4061627001653036	1.4979942383052716	2.042050120095211	-0.10176053315030889	-0.29617080394400846	0.29588093867935794	0.07351073527479551	1.0
841000	-7.210513074614467	-3.6971582246603596	-3.5133548499541076	-1.869442865371603	-1.8277153592887565	1.966839120685302	1.8285800934495473	-0.046050040638733525	-0.1297669560209731	1.0201200740404912	0.10581586906004826	1.0
842000	-8.295211809999289	-4.04054194214008	-4.254669867859209	-1.6784163106179895	-2.3621256315220904	2.1997087608421757	3.3964108301625475	-0.1545135330628754	-0.19658121864132272	0.6652596276165759	0.08181317753892649	1.0
843000	-11.57793857891632	-6.663866442539848	-4.914072136376474	-2.3653881821385383	-4.29847826040131	2.1234537868687573	1.2790861585231585	0.47145400746987937	0.7043841944366772	0.5125081807657271	0.29694317531241776	1.0
844000	-11.706941922130643	-2.9169009902999417	-8.790040931830701	-1.3799443421672777	-1.536956648132664	2.8077666784653634	2.7495202624469135	-1.5357892951248433	-0.2699939824310724	0.957294958418679	3.2094693894533517	1.0
845000	-8.823905070053891	-4.67747486871064	-4.146430201343251	-1.8822927149112623	-2.795182153799378	1.985211250323464	1.7425103885401583	-0.017201874246191594	0.39228320497548075	0.8906585148886451	0.038063096167646984	1.0
846000	-8.341305792925755	-4.049939316553725	-4.29136647637203	-2.1227681557534908	-1.927171160800234	2.9921749869707375	2.024007187602723	-0.09675135229115939	0.03126678770525554	0.69154841113717	0.16798864678370098	1.0
847000	-12.14833061380989	-2.274115574581426	-9.874215039228464	-1.512528634329481	-0.7615869402519451	2.9020216707353854	2.5537981705632946	-1.7145067142088293	-0.7536722049293173	1.2704769264017184	1.4329424618921416	1.0
848000	-7.453384385783298	-4.252760384162852	-3.200624001620447	-2.4207012764796003	-1.8320591076832518	1.672808773110525	2.6963407011866654	0.21955545267682872	-0.0762306530913266	0.8170057668364898	0.027911701804388327	1.0
849000	-8.456021872987712	-4.330655338212516	-4.125366534775196	-1.6958362979608275	-2.6348190402516884	2.4967960721110645	3.233782924962882	-0.16802914453045503	0.05313076671683326	0.7143212033872591	0.06634524298393808	1.0
850000	-9.901228721232505	-1.7988529045764086	-8.102375816656096	-1.5996482324130383	-0.19920467216337023	2.342490472924714	2.1983318726463628	-0.2412426865185177	-1.3235694503591136	0.7862595545819603	0.2519722102586265	1.0
851000	-6.909492141374745	-3.7171418052669596	-3.192350336107786	-1.8974131430703292	-1.8197286621966304	2.068308006511354	1.773970869570095	0.04643641848864699	-0.17889268812086756	0.43749407382038125	0.11972734773457343	1.0
852000	-9.367663600846473	-3.1876778382718127	-6.179985762574661	-1.9839008095246813	-1.2037770287471314	1.654376703154258	2.823778046446973	-0.41935219631705334	-0.5255446139016902	1.0571035782418916	0.12649336150150228	1.0
853000	-9.432367497263222	-1.829444706436659	-7.602922790826562	-1.6776907710127258	-0.15175393542393323	1.6697766776046934	2.6921098632101725	-1.5339538572474214	-1.534086721421827	0.28133820630191275	1.433999485882162	1.0
854000	-11.351984810505094	-6.359634854731118	-4.9923499557739754	-4.479575876483754	-1.880058978247364	4.1666648276881695	1.6952130824935283	0.21318377919414155	-0.2142782556546115	0.5689022802376386	0.21945343802359274	1.0
855000	-9.023689090748533	-3.406231665009579	-5.617457425738955	-2.0408407529530788	-1.3653909120565002	2.6133860379410656	1.7452254688695195	0.10665731818532359	-0.5455258562522141	1.1102993515734703	0.18698760958018895	1.0
856000	-8.097387137197892	-3.820756095101366	-4.2766310420965254	-1.6815607248367197	-2.1391953702646465	2.6796875463089043	1.8927147499473693	-0.28449712585666	0.10460665642467624	0.5757746586490329	0.22203950349681034	1.0
857000	-8.516143958385616	-4.193569873657509	-4.322574084728106	-2.5893069237990063	-1.6042629498585033	1.4453381725253711	1.7800480667256378	-0.149173545727651	-0.3255806857600716	1.1538190061351492	0.3153727987362813	1.0
858000	-14.36104793718127	-8.590639328131951	-5.770408609049319	-5.437024038947065	-3.153615289184886	0.868242973537499	3.454494885553613	0.33362431296163897	0.14311250423584054	0.1405842802921199	0.47867626454092504	1.0
859000	-10.346598531855127	-2.9556472571220174	-7.39095127473311	-2.406985281402003	-0.5486619757200142	1.3588280828773778	3.0637082520603354	-1.3891580680186186	-1.3718483714915768	0.2446512951856571	2.208032895601899	1.0
860000	-9.736367236208324	-4.254483175454803	-5.481884060753521	-1.8788214249929798	-2.375661750461824	2.0020815325746146	1.3932219774993806	-0.009490970230270731	-0.3304866251304195	0.15111007003979987	0.4648037777316715	1.0
861000	-9.892521071720612	-5.362374492893078	-4.530146578827534	-3.080127576017574	-2.282246916875504	3.318668252822785	1.6155465887284508	0.2926488335517268	-0.030115231729375268	0.6284271293312357	0.21452722392907267	1.0
862000	-8.793052196227508	-5.144417113813892	-3.648635082413616	-2.742887599394546	-2.4015295144193463	3.341353248227064	2.8030123570624657	0.05231387865176011	0.17388097526068957	0.35958321188426406	0.06813826117590231	1.0
863000	-8.628313430658128	-3.820883154906901	-4.807430275751226	-1.9058755101990261	-1.9150076447078748	2.264417199904368	1.5246866809663924	0.09112903869305478	-0.42909416099135533	0.19972047447955485	0.2469832362481704	1.0
864000	-12.091195054431306	-6.654931533345439	-5.436263521085866	-5.11370710270501	-1.5412244306404297	0.849002569306291	2.5847795159593137	-0.617441051983004	-0.20770398745125104	0.853824523522095	0.07075105045871431	1.0
865000	-8.132300596643177	-4.565004799968414	-3.567295796674763	-2.5176779543962837	-2.0473268455721305	1.4790956077485322	1.9328580920085023	-0.13101975736778917	0.06876377316664561	1.0177841139637729	0.16992787400547257	1.0
866000	-13.882038622901035	-2.7334093934818178	-11.148629229419218	-2.4821105759978046	-0.25129881748401317	3.3284309068942424	2.568846727508129	-2.329468988586105	-1.289253538992007	0.4501052339766113	0.6445304824342638	1.0
867000	-9.485030481022983	-4.3765643943878985	-5.108466086635085	-2.3805954826045284	-1.99596891178337	1.7042364445826788	2.388955749429683	0.22476621840936917	0.09331937149211261	0.3155406671423308	0.6901655402380388	1.0
868000	-12.903183953116946	-3.9843049434943882	-8.918879009622557	-2.270114433079982	-1.7141905104144062	3.550681899674156	3.965210751129442	-0.7798262347844919	-1.8437854027096505	0.5105813899752224	1.1247908234940416	1.0
869000	-8.846959381071741	-2.719540927258903	-6.1274184538128385	-1.3776712898993928	-1.34186963735951	2.4739535848452583	3.031780395874937	-0.6001301414613819	-0.5560759215045099	0.3624611790653699	0.8967575312403172	1.0
870000	-6.855314229048972	-4.2537510559943845	-2.6015631730545876	-2.5419029852406156	-1.7118480707537689	1.5425434508516345	2.5673199881087876	0.09489303548096317	-0.10175465939635461	0.587285289137653	0.05566854430916575	1.0
871000	-8.133541481998337	-4.738900074649737	-3.3946414073485998	-1.8960354495132972	-2.84286462513644	2.471614768911422	1.383432303964435	0.04205985304456886	-0.008577501671211879	0.837176268096725	0.130933295838	1.0
872000	-8.374616205430375	-4.7487011335051434	-3.6259150719252315	-2.2444223991072363	-2.504278734397907	1.6264360552588633	2.3192136583350647	-0.0855917811011862	0.3610756718770276	0.5687172419660116	0.10902481935746836	1.0
873000	-6.853542488179979	-3.348535425187321	-3.5050070629926577	-1.8983250414283592	-1.4502103837589617	1.8667889661185988	1.9374165721687602	-0.11283673047100343	-0.3165581794954248	0.3158063362060423	0.07432935005248792	1.0
874000	-11.42043773176524	-4.92865346272118	-6.49178426904406	-2.970419192342562	-1.9582342703786182	1.6223369262750844	3.496869356826215	0.6653791184942066	-0.5217034233363068	0.7018179326485119	0.9930726125003374	1.0
875000	-12.938186278361167	-7.060635746930716	-5.877550531430451	-4.236519104054766	-2.82411664287595	4.102951092934049	3.6368945688375174	0.15330891265785573	-0.14579653820411925	0.42017736909396597	0.36498105945182313	1.0
876000	-9.4490175960794	-3.8171543108028967	-5.631863285276504	-1.3372203345997242	-2.4799339762031725	2.1525677044136584	1.8618476696452622	-0.723536455488422	0.2849971098272558	0.33030408358155244	0.9299630445697687	1.0
877000	-9.945629519247369	-1.7553758255415746	-8.190253693705793	-1.449447504606674	-0.30592832093490063	2.9305245667782054	1.6709637630982612	-1.1614589051348072	-1.881197876819646	0.18259969411160099	5.127255581531056	1.0
878000	-10.299128162016316	-5.528263360293849	-4.770864801722468	-3.5049487089654288	-2.0233146513284206	1.1326488572697695	1.7699697071792633	-0.4675721636480522	-0.04663686224970212	1.1356387239124448	0.7781627074766186	1.0
879000	-8.441615874814849	-3.2382095762333405	-5.203406298581508	-1.41404455852763	-1.8241650177057105	2.350424346386645	1.4818723683515576	-0.5063561582885291	-0.5860953963197039	0.5202650966474859	0.6915088084639419	1.0
880000	-10.606365735700066	-4.8875461621321135	-5.718819573567953	-2.6355627407150513	-2.251983421417062	1.5020591387596014	2.8106258897524796	0.10443400776309164	0.0975810047085719	0.37369992659947754	1.3405347633866005	1.0
881000	-7.514595268539663	-4.033397010609272	-3.4811982579303917	-1.798766464588188	-2.2346305460210836	2.0149170983681977	2.4102404583305064	-0.09366759214643565	0.2147192248569783	0.3783922244499183	0.10753552514343137	1.0
882000	-8.815768863118915	-3.3067777008386683	-5.508991162280247	-2.198313616389169	-1.1084640844494995	1.7902145969694732	1.6230576994589723	0.14464851647269517	-0.9581098448218055	0.31711896859160815	0.6506969410645738	1.0
883000	-8.942098232173255	-4.471472827113116	-4.470625405060138	-2.546033519807702	-1.925439307305414	1.87274936532237	2.342201775087675	0.535762144400356	0.060140182100912876	0.6092265110573927	0.15613938607094474	1.0
884000	-9.215992051104962	-3.114001679459764	-6.101990371645198	-1.1885369510217263	-1.9254647284380377	2.3349310083551984	1.7180529662874178	-1.1168821783587028	-0.15882221231354843	0.5398987210231133	0.32193282890574126	1.0
885000	-6.924766812554074	-3.928598332100699	-2.996168480453375	-1.6404938541672536	-2.2881044779334454	2.318231890250882	1.565784424611939	-0.19000487366848112	-0.08991046079412933	0.21328297807129706	0.031077617081926124	1.0
886000	-8.565490227003764	-3.963612202938134	-4.601878024065629	-2.2168177871634693	-1.7467944157746649	1.7724745151724732	1.5783851858698033	0.14252103820806117	-0.47119845797920523	1.2324413275245119	0.07195493582151755	1.0
887000	-10.814116221294597	-1.8836525463376432	-8.930463674956954	-1.3306811976267756	-0.5529713487108676	2.407324531313824	2.3646318326333704	-1.9698520417823522	-0.9089574556952522	0.8616088784436067	12.031486957341448	1.0
888000	-8.73569162823037	-3.306280166416885	-5.429411461813485	-2.03382101306887	-1.2724591533480147	2.1590707112939493	1.801945524499734	0.2030805974829244	-0.5585837406743787	0.9326479016761827	0.5783672731105004	1.0
889000	-9.15522779077687	-3.9553032538967807	-5.19992453688009	-2.8794061507464352	-1.0758971031503455	1.6168113443347012	1.7370883113757358	0.5809174407383462	-0.8047273910152436	0.5659903801601768	0.6458595089282362	1.0
890000	-9.835260815255708	-4.960365610298815	-4.874895204956893	-2.2711591151111126	-2.689206495187703	2.3736909262267254	2.473326834239095	0.37727340856286445	0.41951636386906066	0.45200334990723806	0.25522745100456384	1.0
891000	-9.031647034443115	-3.0905713117855527	-5.941075722657562	-1.691771064408055	-1.3988002473774976	2.1014846028873966	1.6940226342700055	-0.17283439226521716	-0.5823724171390248	1.0715913715461947	0.06267318170168205	1.0
892000	-7.890230220246045	-4.768875367100686	-3.121354853145359	-2.8560827044989265	-1.9127926626017597	1.405672130747618	2.8103970723865697	0.08562825958358326	-0.07910641233477889	0.3230120317344496	0.08941287391800555	1.0
893000	-8.067034407187746	-2.930684901435315	-5.136349505752431	-1.9260382815172132	-1.004646619918102	1.759656759568704	2.3267518267975036	-0.24672457120758776	-0.5282564034076397	0.9380510292399991	0.28231936904350746	1.0
894000	-14.113895270098524	-6.641963493113524	-7.4719317769849996	-3.9750718158130063	-2.6668916773005176	4.421246911148794	1.5427170716490897	-0.5146133588983706	0.12955252762754044	1.0620799054893075	0.06571111999097741	1.0
895000	-8.414721968702892	-6.46566017568484	-1.9490617930180516	-1.6959386975253636	-4.769721478159476	2.114328766343967	0.9509767515833096	-0.16154900006470677	0.0556155182390034	0.5025228713992346	0.04311029858667851	1.0
896000	-7.719003974320911	-4.4527068294584975	-3.266297144862413	-2.063588616260054	-2.3891182131984436	1.9356099645421967	1.7676870495179287	0.14218556620276668	0.17812329797708734	0.7043189328839138	0.12354407683756048	1.0
897000	-9.215241188007795	-4.607963892305485	-4.6072772957023105	-2.099904454378633	-2.5080594379268524	2.679538713656367	2.29140914513822	0.11877872041030167	0.36579233146645074	0.23877897473624193	0.03642008774868691	1.0
898000	-7.415663351182959	-4.031004872963497	-3.384658478219461	-1.634040528073366	-2.396964344890131	2.177181970260437	1.4255723983145505	-0.21499399370675853	-0.24610996361243742	0.9131505647352435	0.04828802570294081	1.0
899000	-11.112869547663259	-4.084176739865557	-7.028692807797702	-2.68313080761458	-1.4010459322509767	2.6829326582665645	1.3397505674846033	0.5204242919796259	-1.4179156562040487	0.21909975531136153	0.6998369155072677	1.0
900000	-7.407709581781562	-4.159450846090004	-3.2482587356915578	-1.9797695230341361	-2.179681323055868	2.4846347614527944	1.726864416561778	0.11204856288537772	0.01744491822816796	0.2986180544969492	0.09724252789291706	1.0
901000	-9.391467312106155	-5.022222171051104	-4.369245141055051	-1.4029521725408696	-3.6192699985102346	2.375861708763144	1.2115043256127516	-0.5275923117562271	0.13720144189486264	0.8977512124581956	0.14036333413241586	1.0
902000	-8.571774036119638	-3.0660225137686794	-5.505751522350959	-1.704781280855098	-1.3612412329135815	2.454630834862019	2.8780219128185034	-0.14321404427259615	-0.4459476863355898	0.5664642814480964	0.4899544179336101	1.0
903000	-6.53038076505011	-4.1540319522842575	-2.3763488127658525	-2.0182580826435634	-2.135773869640694	1.7032484058775954	1.7210621756388613	-0.2295414750297603	-0.015916010285021792	0.5747748571616044	0.04228636896104131	1.0
904000	-8.335523434431316	-3.5461390097494627	-4.789384424681853	-1.9458997852948414	-1.6002392244546213	3.104367034724686	2.180277884578078	-0.40342742308019974	-0.13329516987277923	0.5698403928750885	0.04964249180389098	1.0
905000	-10.245277860104768	-2.281597344191452	-7.963680515913317	-1.2521215968497135	-1.0294757473417384	2.465630049217644	3.1539216673780985	-1.7276804469938578	-0.9126320569384666	0.23174164448260387	4.274593008916618	1.0
906000	-10.570310058389698	-3.7838015603816384	-6.786508498008059	-2.3237443606580737	-1.4600571997235647	2.133267960210164	2.4040556624680667	0.44053704202120125	-0.22008864719059412	1.5152508393548514	0.10277291818801068	1.0
907000	-7.076211481406547	-3.423839907299646	-3.652371574106901	-1.7073235647029552	-1.716516342596691	2.2988982514508893	1.7251997432677846	-0.112539258011013	-0.29895305637345987	0.5514297067356383	0.1414784747901186	1.0
908000	-7.81588871268088	-3.8882241491897025	-3.9276645634911773	-2.6366693237478334	-1.2515548254418691	1.50263166683474	1.8732868698160154	0.10741851124003754	-0.5096082439266472	0.6350756202964806	0.17938271982603973	1.0
909000	-10.550494998183417	-3.3629930746374432	-7.187501923545975	-1.6590408133616839	-1.7039522612757594	1.6832282091161705	1.7068331712600215	-1.3261537417613112	-0.32835791933591996	0.6963593908591845	0.2577354022661768	1.0
910000	-8.121757308808567	-3.298481890445043	-4.823275418363524	-1.7400679847501372	-1.5584139056949056	2.5515314045440087	2.882948659564691	-0.14400173851834727	-0.32098978204452394	0.7815597193753113	0.07901722457155785	1.0
911000	-7.084357118438794	-4.056010481536241	-3.028346636902553	-2.0937765787017675	-1.9622339028344733	2.6159889772087364	2.7205782363675546	0.14872230214955784	-0.014457276694599341	0.5116741921253543	0.04338947865100883	1.0
912000	-8.29015273062593	-3.1685234345825073	-5.121629296043424	-1.5478150943548368	-1.6207083402276705	2.3025389962510867	1.831842538791215	-0.3065588031442349	-0.26891754613145963	1.1654494664585968	0.04373528159709939	1.0
913000	-9.925198592119305	-5.1051210586807265	-4.820077533438579	-1.7874529774639285	-3.317668081216798	2.4944790949800626	2.978312370462784	-0.07066463329510952	0.48947379651851025	0.32340277152909247	0.08908209615522779	1.0
914000	-6.084933535593053	-4.278012197819785	-1.806921337773268	-2.249806630108707	-2.028205567711078	1.6361066707783933	1.8199867109969219	-0.05537878145585217	-0.0060787672561412875	0.6725183619086696	0.04132675419197065	1.0
915000	-9.417877421672507	-3.8335209905904364	-5.58435643108207	-2.5115538748117867	-1.3219671157786497	1.5583329526685832	3.073626982473686	0.09655960958221055	-0.6009827059218001	0.7387654082639126	0.5335450610965672	1.0
916000	-17.203459054304098	-7.6103155534634634	-9.593143500840632	-4.137511176727209	-3.4728043767362546	3.5684688737612906	3.493405102513991	-3.100284469515263	0.2510223108199807	0.41166454803135194	2.0568016255768438	1.0
917000	-7.476882522939224	-3.227418264007337	-4.249464258931887	-1.8703291901861228	-1.3570890738212142	2.6834930169812488	2.7373959679138347	-0.08615534113073417	-0.3790696271477389	0.37297935646008734	0.07660564480733234	1.0
918000	-11.14225803604128	-5.603523607779373	-5.5387344282619075	-3.4780021500519283	-2.1255214577274444	3.460159787290942	2.451057746808275	0.38924296773077843	0.15127779470536273	0.357640074427287	0.530423488556265	1.0
919000	-9.108625599284258	-3.1567564186932575	-5.951869180591	-2.5472210108925317	-0.6095354078007258	1.3862426422195944	2.5143997684209367	-0.5266094987472241	-0.8778881734311641	0.9192863743848962	0.5865662929891733	1.0
920000	-7.4980916514936595	-4.21629704661188	-3.28179460488178	-2.099966098600655	-2.1163309480112247	1.8883548823781555	2.277576787556149	0.14214056565341293	0.16784083143906958	0.2740794987568731	0.07293567646946947	1.0
921000	-8.89026496318435	-4.068176142725242	-4.822088820459108	-1.822696345655027	-2.2454797970702147	2.837545286175326	1.4335674993937721	-0.2515208281047506	-0.3452637812319098	0.16233810921951033	0.12694697655602058	1.0
922000	-7.148830371163864	-3.850885566683358	-3.2979448044805064	-1.710323106984223	-2.140562459699135	2.1458007195147957	2.324581231630689	-0.1316482717443455	0.1775296406866229	0.2560587032095426	0.059700113090735175	1.0
923000	-6.499042908446327	-5.011807613641688	-1.4872352948046397	-3.0234432632367234	-1.9883643504049644	1.3242162555257138	2.7472538823827795	-0.01205824825096212	-0.01115770156821666	0.5476829031008159	0.022581824715895836	1.0
924000	-11.218419441214019	-2.5828067844136466	-8.635612656800372	-1.5645194520402654	-1.0182873323733812	2.8602560613132524	3.158910019221577	-0.6265625772559327	-0.9284424879132858	0.1768037024542073	9.011330936712984	1.0
925000	-7.3474709807412175	-4.795042887373638	-2.5524280933675794	-1.9135380230027739	-2.881504864370864	1.7972467507131724	1.2848400910952524	-0.19498314672773698	-0.20336567083296408	0.5631524670391529	0.02881675203754284	1.0
926000	-9.670592267381242	-5.922624645086563	-3.7479676222946794	-2.841255721592928	-3.081368923493635	1.3537556076479789	1.163179418614833	-0.15377887079258187	-0.4158887447162044	0.7162352935054487	0.46158185312576877	1.0
927000	-8.196511125479386	-2.986500609261837	-5.21001051621755	-1.8386329879824395	-1.1478676212793975	2.3047742573676318	2.2132424920182947	0.024272352457240187	-0.4318909505847037	1.055282673253023	0.0641431873052438	1.0
928000	-9.539540465642496	-5.060150950081015	-4.479389515561481	-1.6040301522432934	-3.4561207978377215	2.096506790058668	3.6347474142537757	-0.29176283465430214	0.14614996041988781	0.5929248160493493	0.09312790691789488	1.0
929000	-8.806462949536776	-3.407943300096779	-5.398519649439998	-1.52253118545027	-1.8854121146465088	2.1579615426854333	1.9458212360269758	-0.3763869809457563	-0.023951788947629338	1.4277531046892045	0.1017236701708646	1.0
930000	-11.23469182038859	-7.458586964919655	-3.7761048554689363	-4.750527868598387	-2.708059096321268	0.9638592880416944	2.076723385729804	0.2193129311098955	0.46253784255275465	0.5433346506464692	0.08666087034950927	1.0
931000	-10.213652527598217	-7.064358830489844	-3.149293697108373	-3.635154197160226	-3.429204633329618	3.715435197504464	1.1952747907459367	0.23259706834367644	-0.04225382749944484	0.3986363263802807	0.04434941768960847	1.0
932000	-9.878464527271342	-4.956916338608693	-4.9215481886626495	-2.353663477167874	-2.6032528614408186	3.252502242293585	1.9582868097773758	-0.16213555744393282	0.387240274811482	0.3025141834070477	0.3113007538696751	1.0
933000	-9.840056723496154	-7.310447975013771	-2.529608748482383	-3.3044453538670173	-4.006002621146753	1.3267720570942878	1.0840647788919269	0.364667385127329	0.023945843142304662	0.8713542912188462	0.08299475390507034	1.0
934000	-12.075502714767374	-6.530216328228799	-5.545286386538576	-4.522054400086146	-2.008161928142653	1.0915395812896138	1.578265842518349	0.7628726377529618	-0.27112235173447113	1.9030822530105884	0.4212656540751225	1.0
935000	-8.361850894251962	-2.56108340744772	-5.800767486804243	-1.6170474686963487	-0.9440359387513713	1.9090807317158813	2.41302982327855	-0.47460113860791076	-0.5786113556646408	0.6350664876308858	0.11206714211998521	1.0
936000	-10.023401818690566	-1.9620413679273971	-8.061360450763168	-1.3898747640446123	-0.5721666038827848	2.0036632582850578	1.4537528990796478	-0.7989213588803736	-2.2086749250410067	0.9307136857525946	0.9451043031332116	1.0
937000	-9.009911050838728	-5.396442296559053	-3.613468754279675	-2.743110763115846	-2.6533315334432075	3.248910575005202	3.159725974519081	0.14323716162588185	0.10737307284881675	0.34041552444992057	0.058794372041401095	1.0
938000	-9.850583302313549	-1.925644283621419	-7.924939018692131	-1.924183656902934	-0.001460626718484903	1.545856747514717	2.715246539240187	-1.3123745204282886	-1.998415488089261	0.5210350101447409	1.200854357546194	1.0
939000	-8.99907684087405	-5.86641933253183	-3.13265750834222	-2.2323747278849826	-3.6340446046468475	2.7915601118455142	1.199294329689711	0.15235201000863566	0.11497732349940021	0.24598638528664785	0.061557527144587364	1.0
940000	-9.779281785085717	-2.8379193294021032	-6.941362455683613	-2.717532046269696	-0.12038728313240732	1.3007947106211766	2.2536140499645194	-0.7890541983185706	-1.4151491849299827	0.9391732586529368	0.6196313551840442	1.0
941000	-7.582551674253443	-3.3950717041636054	-4.1874799700898375	-1.9095109128066294	-1.485560791356976	2.8284969119795393	1.7868132236634944	-0.15347304359425504	-0.4071872673286953	0.5170250554675726	0.0997148927184355	1.0
942000	-5.982037381663217	-3.5189437446745693	-2.4630936369886474	-1.9060978722747848	-1.6128458723997845	1.8514971563841138	2.3753947263008706	-0.12266054293014494	-0.12302249339135313	0.5933233048744274	0.034664064172120104	1.0
943000	-9.687160092801879	-4.998811428274405	-4.6883486645274735	-2.45015386267764	-2.5486575655967654	3.007368366110916	2.1333179281345207	0.15174464240502367	0.3885992042765622	0.2024669747912634	0.06321996173306665	1.0
944000	-8.974874868551648	-3.263121893401653	-5.711752975149995	-2.3614666507793896	-0.9016552426222635	3.2132940723582837	2.4357511031027728	-0.11124470760546773	-0.6142418169370587	0.38704345341762036	0.08761052515579885	1.0
945000	-6.602440497603387	-3.673265141510326	-2.9291753560930607	-1.7704079285412284	-1.9028572129690975	2.274824178724439	2.1714942360826055	-0.043974580896700005	0.046908775077602057	0.29589310679169034	0.06785976114402455	1.0
946000	-8.890668773047933	-4.102053169976021	-4.788615603071912	-2.6231278033866685	-1.478925366589353	1.5721545599136588	1.798511860108441	0.25712013088955243	-0.4009890140190614	0.3669620438599302	0.6229557023840848	1.0
947000	-6.970469694443897	-4.595371506397978	-2.3750981880459188	-2.4186452897896737	-2.176726216608304	1.5272054802095139	1.532345094158802	-0.11507729597574134	-0.2179932083241783	0.5341266174386107	0.05460801837331944	1.0
948000	-8.252876508537014	-4.735128924524202	-3.5177475840128123	-2.2452494116149833	-2.4898795129092184	1.8918169946806294	1.8154301815840395	0.28815002400275624	0.2665119112559973	0.5494945998422206	0.06764718857913504	1.0
949000	-8.757137684764047	-3.5447026389559833	-5.212435045808063	-1.582287414688187	-1.9624152242677964	1.94570674101924	2.2326583927662456	-0.47833295816260013	0.08443539397740404	0.7805056095338765	0.5507337462897514	1.0
950000	-8.936139425137847	-2.5144803469370665	-6.421659078200781	-1.3696323705247195	-1.144847976412347	2.2090128986710145	1.4313751927619953	-0.6141817793947741	-1.4024888194290228	0.8361968818968154	0.9523532959276678	1.0
951000	-8.399044801561308	-3.77897131777962	-4.620073483781688	-2.299856138432048	-1.4791151793475716	2.852123949924597	2.888199525662462	0.1611539356596303	-0.3739942010185727	0.29748352689678126	0.1480057257749029	1.0
952000	-14.411839617605025	-8.264957896627045	-6.146881720977979	-1.8224616720814772	-6.442496224545568	1.7254402664891881	5.593829306196519	-0.5076771085719128	-0.422349088145303	0.42063544926215923	0.2699947486374105	1.0
953000	-7.535936148601799	-4.821790499493273	-2.714145649108526	-1.8748662292290117	-2.946924270264262	2.005231500372794	1.2606422867632632	-0.01186676246464314	-0.2181491837173032	0.34482637591777443	0.06365981969745746	1.0
954000	-9.198229838364647	-4.791188426816486	-4.40704141154816	-1.9717406782532976	-2.819447748563188	1.7161566684664211	1.4010073718100202	-0.27109220468937467	0.00887828567461435	0.33659489217551447	0.4797538969283662	1.0
955000	-12.136316742874747	-9.033115436120418	-3.10320130675433	-7.014756932698001	-2.0183585034224167	0.67817015859896	1.476475451486625	0.2783515943739552	-0.4374378731053046	0.652143991728687	0.15760914624730302	1.0
956000	-8.721671287709299	-4.422745524453463	-4.298925763255835	-1.569974965762352	-2.8527705586911107	2.091811436373171	3.3567843536621536	-0.3439926066820945	0.07468202199979218	0.40658533202285563	0.03379440752876213	1.0
957000	-12.805689560121646	-5.663832238756941	-7.141857321364705	-3.5707565516247097	-2.093075687132231	2.227412153317438	1.2605225692007784	1.1695225504331659	-0.9579667226418931	0.25716986840131956	0.46526798655408674	1.0
958000	-8.264918977784074	-4.230374332362775	-4.034544645421299	-2.5380912265312006	-1.6922831058315744	3.33086051000162	1.8236104262418285	-0.09341790502669228	-0.22538741868957424	0.42595947276377943	0.14868478226823437	1.0
959000	-8.030631877386973	-3.7247372191260935	-4.305894658260879	-1.8590839841484836	-1.8656532349776098	1.7001763157409597	1.6674351726048087	-0.5126143125116224	-0.25630324648544	0.6490272808127294	0.3489263277641298	1.0
960000	-14.826500600920497	-6.436198190524697	-8.3903024103958	-2.79094053536976	-3.6452576551549374	3.776629279141007	4.190935478784976	-0.5077761469878277	-0.2328066373965238	0.8527667817317217	0.07877317650952866	1.0
961000	-9.531675391812099	-5.163325695344544	-4.368349696467555	-2.7795974861617907	-2.3837282091827534	1.349805312509187	1.253302415532532	-0.2802839962257764	-0.7077223602390854	1.1593958993253661	0.40035018920299303	1.0
962000	-6.9404991896189046	-3.905076815468929	-3.035422374149976	-1.9266584330385381	-1.978418382430391	2.470910236085051	2.3809558237544595	0.07014069662114684	0.08490081115217116	0.6580921378507892	0.052451844371798506	1.0
963000	-7.214952849172905	-3.488547744646139	-3.726405104526765	-1.6659463701594586	-1.8226013744866805	2.0228810380423266	1.654172866701939	-0.2588262096921443	-0.3039841512555405	0.3791731752089353	0.12382834738766944	1.0
964000	-7.552769983360282	-3.766303452631716	-3.7864665307285663	-2.387411681698671	-1.3788917709330448	3.018763223739537	2.4817336813008795	0.09622911130778089	-0.2839134218283067	0.41528997040840826	0.039322531194270934	1.0
965000	-9.267899637219319	-4.724780977171445	-4.543118660047874	-2.5655183193174302	-2.159262657854015	2.2786266098697774	1.5884816198638312	0.6015942293404238	-0.1482948962598553	0.45152561420083565	0.15862466018671417	1.0
966000	-7.488448645299347	-3.9948424420976876	-3.4936062032016597	-1.743618331503642	-2.2512241105940456	2.709796990832191	1.488812976001246	-0.2350456970742931	-0.235937452067958	0.37494265702265633	0.0648746560107475	1.0
967000	-9.357045927278165	-2.885819639630377	-6.471226287647788	-1.8948713490616171	-0.9909482905687597	2.9269059188018405	2.840915052932662	-0.25751414320445026	-0.6960342292554309	0.5632828452668772	0.9471909304436085	1.0
968000	-10.361432771908763	-3.033584777326089	-7.327847994582674	-2.6372044347938903	-0.3963803425321988	3.2385473203695327	2.281342688578721	0.07918929015531455	-1.071417525849907	0.5033096025004178	0.19362798565969072	1.0
969000	-9.204744107964038	-5.574265347039029	-3.6304787609250084	-3.264240283802771	-2.3100250632362584	1.3242027955531759	2.5867434457141276	0.3082066367790563	0.20981352592238503	0.49396826772353114	0.11747768231903705	1.0
970000	-9.469701849096836	-5.001258587879645	-4.46844326121719	-3.068178911162558	-1.933079676717087	1.228543970060502	2.2247111111244524	-0.5515085830826687	0.06775602210089565	0.2851454363375788	0.1704305844816212	1.0
971000	-7.615417812618276	-3.0764299048819135	-4.538987907736362	-1.8671699563241821	-1.2092599485577313	2.1006345202131818	1.8748640452378968	0.027416831852411006	-0.5417146509383782	0.7090040333593496	0.09498240658758454	1.0
972000	-12.350181075386491	-3.31463639438313	-9.035544681003362	-1.340011876946014	-1.9746245174371158	2.0222809131167634	3.373358755471144	-0.9123313844320404	-0.4013474437267961	0.869030616654304	0.11258232975892023	1.0
973000	-6.782344565206255	-3.7249224790041264	-3.057422086202129	-1.9375856094443282	-1.7873368695597982	2.1007849352161734	1.9211703475090374	0.09943810734999117	-0.09809358166015836	0.25199123282622715	0.0675341418055855	1.0
974000	-12.955154042366129	-5.791675475332529	-7.163478567033601	-4.178365024406144	-1.6133104509263845	3.4866662524873155	2.3875726681156455	0.6979758743480349	-0.12401481781923762	0.9308496023457487	0.1672076152038563	1.0
975000	-10.692376634152374	-3.755992038701498	-6.9363845954508765	-1.6630477306855838	-2.0929443080159142	3.004987429831307	3.0826409464333473	-0.6747339852580985	-0.12648269198520545	0.6905854441072627	0.0932722192210501	1.0
976000	-10.842441388532583	-2.7373246759324275	-8.105116712600156	-2.723999139818888	-0.013325536113539371	1.605852991073281	2.642283068247477	0.421934360696973	-1.7754787103615068	0.6754444279262368	0.5052400856430668	1.0
977000	-8.038324480273722	-5.652091838017619	-2.386232642256102	-3.3543327717486227	-2.2977590662689966	1.2136912246683331	1.6726115550391027	-0.09889417484058605	0.04209426242518571	0.6278579431294902	0.10545317197446735	1.0
978000	-7.94539070605606	-4.670987597067915	-3.2744031089881442	-3.0046965974939503	-1.666290999573965	1.2808212753568664	1.8271983096508793	-0.28131388721853956	-0.24062397458259843	0.795412094767328	0.03931945904469581	1.0
979000	-11.282248826359348	-2.0741895829357393	-9.208059243423609	-1.5126248225480907	-0.5615647603876486	1.7871716976782743	2.003015815764332	-1.2283407572120322	-1.0197425876769197	0.6071946298925028	0.22999891321850405	1.0
980000	-8.3065254043336	-3.504312452165413	-4.802212952168187	-2.2756417498979697	-1.2286707022674435	1.8215997797842391	1.7532877262039435	0.25842231665709725	-0.6491688563846564	0.3555293925221248	0.18930512664279486	1.0
981000	-13.148611940419773	-4.418223781219147	-8.730388159200626	-3.7016098759236638	-0.7166139052954836	1.0382580464810034	2.803077599774989	-1.7565351593238456	-3.379195236027678	0.8445093767474391	3.5477868480289843	1.0
982000	-9.187189851433018	-2.566000168075986	-6.6211896833570325	-2.21194627661885	-0.35405389145713606	1.4498235566938535	2.1589689028092685	-0.9832186045289737	-1.1512020249159902	1.0200513502321784	1.03285925372583	1.0
983000	-11.570804306290388	-5.500802505281643	-6.070001801008744	-2.9553525238138034	-2.54544998146784	1.2373988533128542	3.977337416036389	-0.7632789803363956	-0.6467618276866746	0.3747945776393235	0.4450193163282323	1.0
984000	-9.213644222106522	-3.4251210922788022	-5.78852312982772	-1.9457807486155687	-1.4793403436632335	2.9619720979852557	2.6790806834257106	-0.2386439737904822	-0.27729875685199723	0.787166437108051	0.30484064043403886	1.0
985000	-7.3113442448330535	-4.766894875828467	-2.544449369004586	-3.199646507101636	-1.5672483687268315	1.2449962906740677	1.9608260250915373	-0.16138035243693366	-0.22263404382359775	0.6598245403568855	0.049869740867423615	1.0
986000	-10.264959992647302	-2.3513635798553185	-7.913596412791985	-1.53083612723014	-0.8205274526251785	2.2564427249191885	3.2169561600114553	-0.33375813036785085	-1.2202164019613182	0.9445788372119506	0.6777765546651593	1.0
987000	-9.109833521518492	-3.0774695470994384	-6.032363974419055	-2.6285082105932496	-0.44896133650618886	1.5566448577268244	2.0442176283094264	0.23047637789878211	-1.109267203887259	1.0175185710365577	0.5638361484513803	1.0
988000	-13.26943998207527	-3.7254920716079445	-9.543947910467326	-2.6966774968223923	-1.0288145747855522	3.813761221366028	1.1904763418270619	-0.7404477367958687	-4.04708057050666	0.8362574029380067	10.819584137680351	1.0
989000	-7.168123997119838	-4.181220569430952	-2.986903427688886	-1.9879693419264726	-2.1932512275044793	2.0012282309994696	1.8165121073441235	0.10694858244872144	0.09366434978306071	0.2444944263012339	0.06320288457974903	1.0
990000	-10.25691403800898	-2.457839309965358	-7.799074728043622	-1.3990477948969762	-1.058791515068382	2.6888072611894693	2.3800647840393876	-0.7276230945886044	-0.48970496725816026	0.2260263785362072	0.09067533628268364	1.0
991000	-7.754982697546472	-2.51843148625761	-5.236551211288862	-1.6207110730518401	-0.8977204132057697	1.9637672563671722	2.380920714341237	-0.38790371269731644	-0.6119486865958927	0.5525233223019681	0.15907902570041452	1.0
992000	-6.954830275344375	-3.815672346517763	-3.139157928826612	-1.6227613343259684	-2.1929110121917947	2.31648469990514	1.6172259787131877	-0.21120628303083244	-0.08812694229361612	1.0006826156442972	0.029976364447939295	1.0
993000	-8.816976288953366	-3.286706053369251	-5.530270235584116	-1.3953093301831636	-1.8913967231860873	2.5080694899932663	2.6317265779213894	-0.5845018154450761	-0.020703675825588123	0.6841304029842522	0.3349725840412962	1.0
994000	-10.548218364079585	-2.5531241966998337	-7.99509416737975	-2.413931657343241	-0.1391925393565927	1.7658389781457775	1.9679362425071771	-3.2562211488626573	-1.5776326964860545	0.44912374319625425	6.337430693393581	1.0
995000	-10.056700266219975	-6.249829409382161	-3.806870856837814	-2.271203174447175	-3.9786262349349863	2.230381296451881	1.1124221658246258	0.4007545828161902	0.10015845937236031	1.0094364948362249	0.059323707268055206	1.0
996000	-8.082573991691635	-3.0105241848406337	-5.072049806851003	-1.97849710240013	-1.0320270824405036	2.7822974404396636	2.5884500486702646	-0.05222894029443059	-0.5496284577469649	0.3702333894068466	0.09376199309169919	1.0
997000	-12.600910252064487	-6.757753664355102	-5.843156587709386	-1.5929472657662789	-5.164806398588823	2.6096418611133987	4.167024676045988	-0.34675079028220934	0.39839981680497355	0.43293765087024877	0.06588996018580419	1.0
998000	-9.778799981795126	-2.395663255809483	-7.3831367259856435	-1.624153856504277	-0.7715093993052058	2.925636015860795	2.6189965158807986	-0.6159701490243824	-0.7673304154384952	0.2652437129567808	3.620680895688744	1.0
999000	-10.443429400270901	-4.229798176811476	-6.2136312234594255	-1.7073180411293905	-2.5224801356820863	1.6548953938732414	1.175851701972605	-1.3306756517004612	-0.8655053275187339	0.43426411530058495	0.6713056656769774	1.0
1000000	-9.352072697245639	-4.501665833802911	-4.850406863442727	-2.5234179241778527	-1.9782479096250585	1.8460749033156625	1.9916478169196967	0.5010908587438019	0.0509461903093294	0.6936639497848475	0.5401375194552823	1.0
1001000	-8.069398444619166	-3.2659045607577912	-4.803493883861375	-2.0252154435966183	-1.240689117161173	1.7485721578547402	2.2512309461086994	-0.12637241899122115	-0.3615843780954118	0.9976310930865678	0.2730460453258603	1.0
1002000	-10.305877469187125	-1.5447491894448948	-8.76112827974223	-1.7420312687993516	0.19728207935445674	3.1943460099293084	2.414240005943857	-0.9720971559258489	-2.4094135024733543	0.5591309122689776	1.5385116113367923	1.0
1003000	-9.397461512707066	-3.9858363606637486	-5.411625152043317	-2.205844790352563	-1.7799915703111857	2.599000632868834	2.7732935874162066	0.24445667786660286	-0.13667726897084148	0.9665341170893181	0.13983202618432597	1.0
1004000	-7.497898905822499	-3.5027071998852115	-3.995191705937288	-1.5084258728671163	-1.9942813270180952	2.061894693939554	1.669854123091984	-0.4661813679503505	-0.16258767386413403	0.5389533075104569	0.14526634084194345	1.0
1005000	-8.423271638389698	-4.24038335536607	-4.182888283023628	-2.052763796916256	-2.187619558449814	2.191097883694678	1.4409059863128781	0.22301693571860853	-0.3752544981213542	1.0108228647643842	0.13123334129837885	1.0
1006000	-7.575614164002811	-3.710816870193714	-3.8647972938090973	-1.5576584286299795	-2.1531584415637344	2.183180381662036	2.56904036096005	-0.3148083984002151	0.13664115270408433	0.5014831462816903	0.0391816157117447	1.0
1007000	-10.417968655305788	-2.4907219966321925	-7.927246658673596	-1.8388289528150583	-0.6518930438171342	2.389118721710757	2.6454994412722725	0.011736391014979808	-0.8850338799273983	0.8152196820907814	0.10132549267280205	1.0
1008000	-8.112806407583609	-3.0132767044393614	-5.099529703144247	-1.8336225484362743	-1.179654156003087	1.761177564029626	2.705218485575608	-0.3922030970480318	-0.48601302499314597	0.3734036758471149	0.10261475708985263	1.0
1009000	-7.991532933118566	-3.13818231627294	-4.853350616845626	-2.0716561463652194	-1.0665261699077204	2.081390200293406	1.8703370422917371	0.2211600432501702	-0.6627414636403335	0.5674394027507284	0.3409917108696298	1.0
1010000	-11.497039094306654	-6.670995703446974	-4.826043390859679	-3.411106609274025	-3.259889094172949	1.1316340657684358	1.4597412208992275	-0.7232819219788187	0.3834838213155929	0.37697729939981534	0.20177932319102643	1.0
1011000	-9.242218430382696	-1.4514295427946022	-7.790788887588093	-1.1762426855436772	-0.27518685725092507	2.3807659103907732	1.928151278200779	-1.3852619223525835	-1.4283190698272568	0.7907345318302196	0.9137955203425743	1.0
1012000	-6.385541028752572	-3.2082366775054716	-3.1773043512471006	-1.775928731933103	-1.4323079455723686	2.441167723663372	2.3017133363349473	-0.0641576449873027	-0.23153458199296723	0.3508501698637678	0.04989141225932595	1.0
1013000	-6.150729662305625	-3.945522270777815	-2.20520739152781	-1.8995310111550125	-2.0459912596228023	2.3260431045686807	2.6700330383151347	0.08042735232732426	0.048776551950792446	0.5158264297845565	0.02434398681428727	1.0
1014000	-9.30597587232998	-2.182546607491429	-7.123429264838553	-1.7009059125849806	-0.48164069490644845	2.615040795099105	1.6959039644495633	-0.2203782708621962	-1.5378803133253092	0.8610236551826304	1.8866179131440612	1.0
1015000	-9.726678255849787	-3.462675173017839	-6.264003082831948	-1.7985580941532255	-1.6641170788646136	1.7256815988097132	2.540598395362972	-0.5555759187903364	-0.12231898931381746	0.9482380707868319	0.049257007400334514	1.0
1016000	-11.134646506405726	-4.755985663132673	-6.378660843273054	-3.9248174064390398	-0.8311682566936334	4.273996834277713	2.387598222762328	-0.2808116015873564	-0.6655901411686698	0.5122287723341683	0.4598289093748635	1.0
1017000	-9.123287320856104	-4.13852560313555	-4.984761717720554	-1.5343219137393547	-2.6042036893961953	2.2555616429207865	2.8347209555750994	-0.32902711428032305	0.2547131346198816	0.16164975517787072	0.14978346440018991	1.0
1018000	-8.006961055757928	-3.3448058159100613	-4.662155239847867	-2.1641846878943864	-1.1806211280156749	1.8740234839291479	1.9880072913277493	0.19547254215854426	-0.4856203229023114	0.43378396215884485	0.43246295318480427	1.0
1019000	-6.692628701613048	-4.195741985402594	-2.4968867162104535	-2.2064429143318263	-1.9892990710707679	1.7869654968520503	2.4770638649986783	0.14946321627936068	0.07422544892742097	0.7812912655160852	0.023046687879808434	1.0
1020000	-11.552516254830632	-7.673925357059836	-3.878590897770797	-1.5995111978283933	-6.074414159231442	2.3524371848947867	0.773299176423955	-0.2424273511466238	0.07399204617667077	0.3633064889254385	0.29235717079422563	1.0
1021000	-12.258932386353784	-4.623633726951268	-7.635298659402516	-2.9672252918837074	-1.6564084350675605	1.5906169348110262	2.1897557056123365	0.6216924189748225	-0.09734850524001243	0.6998880727924905	0.03402751545701424	1.0
1022000	-9.75710149896694	-5.591981351160628	-4.16512014780631	-1.7808757501376888	-3.8111056010229394	2.3979602567404514	1.0789586105897768	-0.04772683499458133	-0.14163573701168825	0.09703266803677618	0.05651984246700465	1.0
1023000	-8.309847566203356	-5.1920868197553105	-3.1177607464480452	-2.0942875788628132	-3.0977992408924977	2.283952159095759	1.2192610113539268	0.2561035525989287	-0.2204300123271538	0.658366000943842	0.059179432373412146	1.0
1024000	-9.061855769764389	-4.482183575352769	-4.579672194411619	-1.7993081395694448	-2.682875435783324	1.7686532840012887	1.6709182905594915	-0.4348817982121521	0.2753776062534077	0.8301689106733051	0.46171511565482376	1.0
1025000	-8.563190552063803	-3.6081114036649904	-4.955079148398813	-1.7372020324375104	-1.87090937122748	2.2712175824086978	1.8745836819857618	-0.07955803548201097	-0.07088383514166467	1.621351163953037	0.06556855473865927	1.0
1026000	-11.115020718694304	-5.742033568041811	-5.3729871506524916	-4.060301791937231	-1.6817317761045798	1.0471640828629147	1.856579696034331	-0.1742557095856312	-0.20799973493073975	1.3443073686952287	1.2128713902232404	1.0
1027000	-6.212691030247606	-4.103985043493804	-2.108705986753802	-1.8894263800092332	-2.2145586634845706	2.1077489111339545	2.7497249474306997	0.05300006972105305	0.10466609629479726	0.410541898754819	0.02199911858072293	1.0
1028000	-8.854726709244702	-2.9706787148377742	-5.884047994406926	-1.6006958491375745	-1.3699828657001998	2.410188806163545	3.2432922859388253	-0.25104481837260173	-0.7071173842326889	0.4338326017740059	0.5604718496171729	1.0
1029000	-12.726859187110378	-5.751348819579255	-6.975510367531124	-2.176168116709821	-3.5751807028694342	1.4384090739660758	1.6088974008358485	-1.6689684891138579	0.7090940709873336	0.2763938725533829	0.897762827635726	1.0
1030000	-10.133045467486896	-4.559208285701766	-5.57383718178513	-1.8576730489312219	-2.7015352367705443	1.9307988452480338	2.525042293108046	-0.09241733025810467	0.41162051158648416	0.9450005554340953	0.4572281534133762	1.0
1031000	-10.56370747027187	-3.3446578678536696	-7.219049602418201	-2.805205906818493	-0.5394519610351765	3.709965036321272	2.1848506689943283	-0.3693767105647179	-0.9465965555995428	0.22638711920892401	2.3546764549616475	1.0
1032000	-8.73904435113506	-4.296235404654309	-4.442808946480751	-2.051270078169315	-2.2449653264849943	1.8639215831860068	3.1639996662388663	0.06648096272624916	-0.09650996427322484	0.9220487437048709	0.10444239384422836	1.0
1033000	-8.160999567095129	-3.557426613600061	-4.603572953495067	-1.9596208143600755	-1.5978057992399854	2.0481329689942385	2.27091829579356	0.10165872167191767	-0.1279022397165051	1.1951444705536232	0.1159275035781832	1.0
1034000	-6.973556979811979	-3.465260979238913	-3.5082960005730666	-2.1058078694013913	-1.3594531098375215	1.6768068024258116	2.143336935615865	-0.16142637180396752	-0.29697089257894493	0.7975849068552522	0.04453897263575584	1.0
1035000	-7.436098189782715	-3.57728280458904	-3.858815385193675	-2.076162550929425	-1.5011202536596153	1.7796173783076839	1.872749055424179	-0.009687777793601693	-0.32290441084588645	0.6548457732736044	0.2376128156297533	1.0
1036000	-7.539045779078539	-3.795442774714104	-3.7436030043644353	-2.097589423668584	-1.69785335104552	2.0886945262836827	2.3357361326930923	0.246550422361564	-0.06922371039849146	0.8607728818211482	0.0684591738414907	1.0
1037000	-10.399035168872082	-5.072451800267926	-5.3265833686041555	-2.937426585164813	-2.135025215103113	2.2113027909632317	2.0101423569494843	0.841834275562288	0.14800559317327555	0.4868596712747391	0.34986073608450713	1.0
1038000	-8.438924859537796	-2.0553194937048307	-6.383605365832965	-1.3906031744405158	-0.6647163192643148	2.5142361388842898	2.5476879780136437	-0.5963279634220231	-0.8367162893117066	0.607247124729208	0.3396569964247012	1.0
1039000	-9.747216972149571	-1.6410403913053013	-8.10617658084427	-1.3102063878520127	-0.3308340034532886	2.2318798567686855	1.8106318932990924	-0.7320847067932842	-1.523746318358705	0.5756748955672681	0.37404249914360505	1.0
1040000	-8.7987622850128	-4.8897488376713785	-3.909013447341422	-2.534212199828236	-2.3555366378431426	1.518152241532292	1.7615655512941302	0.018897596733437716	0.1537665746543908	0.47845956771006215	0.36595845231181284	1.0
1041000	-9.058959527696956	-5.030291629141937	-4.02866789855502	-2.4728445329607496	-2.5574470961811873	3.1410303326209417	3.203416126674855	0.051272861682765764	0.03528227269325776	0.3499170132744172	0.11696067983308059	1.0
1042000	-12.760469468280915	-3.444414117749302	-9.316055350531613	-2.9983026953465632	-0.4461114224027387	1.4442508935590517	3.0801524479845095	-3.491856245152814	-1.5998699279754356	0.6492292629539869	2.778218554857619	1.0
1043000	-10.348626120507893	-2.03257129208459	-8.316054828423303	-1.544286994233694	-0.4882842978508961	2.0732031839851843	3.1837583868642	-0.39723371178052214	-1.8750350689589974	0.6069555272770704	0.6908705838668004	1.0
1044000	-9.794685771674152	-3.448639441792798	-6.346046329881354	-2.192293306679	-1.2563461351137981	2.8260099106799754	3.1971301344046514	0.09736426054010794	-0.7554071213034155	0.1780575678170718	0.6137172317279809	1.0
1045000	-11.400919612909444	-2.5660195713562466	-8.834900041553198	-1.307267289892133	-1.2587522814641137	2.0739547368757094	2.8306801402452146	-0.9138772591220534	-0.4904340071418358	0.6385975372868526	0.10253469770331183	1.0
1046000	-10.315054599547008	-6.261711220728835	-4.053343378818173	-2.351358198030921	-3.9103530226979144	1.5005419135404525	1.1525640815894835	-0.31982936911289306	0.17546406194368538	1.982416437393778	0.051734254311169826	1.0
1047000	-9.189642754868494	-3.168055983930765	-6.021586770937729	-2.179517029922181	-0.9885389540085843	1.4717185598772038	2.3316617885421103	-0.8921182861844595	-0.5404017875800335	0.4385763635849387	1.741751240035638	1.0
1048000	-8.8453613343122	-3.8323295596422504	-5.013031774669949	-1.7386929978893946	-2.093636561752856	3.037974494179029	1.9712809053242142	-0.5979119081698118	0.1115180134584039	0.37867794353497664	0.14991945178649468	1.0
1049000	-9.388646749120868	-2.5005249612458673	-6.888121787875001	-1.2913031948717482	-1.2092217663741192	1.9969045512355057	2.2599973643296694	-1.4418104830047818	-0.3827844208029189	0.6802099686836265	0.5736179260620332	1.0
1050000	-13.133827337759813	-7.36542108868991	-5.768406249069903	-4.460147586605725	-2.905273502084185	1.0613023618915043	1.0731536159052468	0.5341101803056528	-0.9573511135341758	2.4429340193491456	0.5169088644444357	1.0
1051000	-6.511792205361171	-3.8116102038835695	-2.7001820014776015	-2.0406634534133445	-1.770946750470225	2.221278785184669	1.958243598391414	0.21358489841071562	-0.09020244156664231	0.49887412763188904	0.02903763966762764	1.0
1052000	-7.689383790840855	-4.0493955016179575	-3.6399882892228974	-1.4912240568992772	-2.5581714447186803	2.196257558042423	1.481182482220451	-0.407629625292253	-0.030896076584415177	0.6331193497092118	0.11324850300672504	1.0
1053000	-7.569727710497701	-4.249308682150475	-3.320419028347226	-2.53953713103565	-1.7097715511148248	1.5508637233743494	2.475634090866418	0.11272895981148615	-0.08095229877435142	0.9640072517161434	0.07410245317938392	1.0
1054000	-12.925669589023641	-4.994656854654145	-7.931012734369498	-3.4821306919258177	-1.512526162728327	4.040402942702498	1.2016721828488337	-0.27434589863527303	-1.9325994674832065	0.6186352887679042	4.20802412890608	1.0
1055000	-10.341373453884595	-2.877111732989447	-7.464261720895148	-3.115835498040922	0.23872376505147486	1.1614149399970768	2.1214650179925623	-1.653177639613881	-2.6923997036766036	0.5181264027346566	5.378589939065094	1.0
1056000	-10.915077862809767	-7.634017185973768	-3.281060676835999	-4.004038767337089	-3.6299784186366786	1.0745766957204637	3.7520969864424636	-0.02629738920045227	0.13289761776084294	0.6379562088346029	0.06945165672312352	1.0
1057000	-8.795821680571699	-4.016646321683122	-4.779175358888578	-1.91953996901006	-2.0971063526730616	2.0368740893015675	2.191120046584797	0.05498181007569347	0.15708790719961335	0.06935775240625489	0.052089963268572445	1.0
1058000	-12.48447433632169	-6.693965948308179	-5.79050838801351	-4.24454214910546	-2.4494237992027195	4.576036292883654	1.8501734407699808	-0.5724833930177752	0.26227253075141255	0.2938304448910769	0.10738856070808939	1.0
1059000	-10.891408989507879	-5.242224126681531	-5.649184862826347	-1.7365027532774837	-3.505721373404047	1.6497785656331483	1.1675760942375242	-1.1554147006714617	-0.06896322180045644	1.2231139648547917	0.39434380149124254	1.0
1060000	-6.758085635758165	-3.437342651069166	-3.320742984688999	-1.8949762800903738	-1.542366370978792	2.7362014502214285	2.4532785225023384	-0.09754204307837055	-0.17625628585213712	0.5182075685578764	0.05590825797115066	1.0
1061000	-12.681723903043407	-4.558383261714129	-8.123340641329278	-3.1434209797134525	-1.4149622820006762	4.024768731221714	3.163771708890809	-0.6051060210534642	-0.603649311381626	0.8002070758590806	0.2435401900683767	1.0
1062000	-9.54728738842973	-4.924987074085628	-4.622300314344103	-2.5087540385949882	-2.41623303549064	1.829216723371719	1.7409594320773683	0.4771302958535836	0.1747404064528087	0.3926519430933853	0.4656569414120598	1.0
1063000	-7.960592100536611	-3.027143996251212	-4.933448104285399	-1.765292719427924	-1.261851276823288	2.2992449005887243	2.7046911508355858	-0.049939556781494365	-0.42889430424948183	0.5908062488729475	0.29132595192309146	1.0
1064000	-10.68731454953133	-2.543200116159124	-8.144114433372206	-1.3926262956663997	-1.150573820492724	2.8045802497698635	1.9301059464010775	-1.5958783127016818	-0.5457427421345185	0.44608651656764975	0.40964001372779124	1.0
1065000	-8.74924326707773	-3.8032545769961414	-4.945988690081588	-2.129676624676468	-1.6735779523196737	1.5735116836493934	2.228271066457832	-0.433069506219683	-0.08349683217082066	0.2478103723756779	0.03603464429415723	1.0
1066000	-8.733704962913887	-4.558857975116471	-4.174846987797417	-3.000087793694087	-1.5587701814223838	1.493724910863928	2.1322704991428227	0.48798753409479273	-0.16780212153139876	0.4334049237884221	0.22122670410278866	1.0
1067000	-9.82409171062864	-4.852772936669267	-4.971318773959371	-1.8036056933149887	-3.0491672433542787	2.225387658955955	1.0611988428777783	-0.011443841870938332	-0.8760938380899148	0.4938018352469091	0.5485981000753871	1.0
1068000	-8.186993838682925	-4.767012023494594	-3.419981815188331	-2.0376758030997983	-2.7293362203947957	2.8484098703170515	3.2491713948485264	-0.04905941673472164	0.08772334841191914	0.6327351758318488	0.035685905616169945	1.0
1069000	-6.380022277852481	-3.815856628259114	-2.564165649593367	-2.053590499277359	-1.7622661289817554	1.7983229882338305	1.9714652732166362	-0.010225736212677985	-0.0897772088425719	0.3508523943319767	0.06358813387446306	1.0
1070000	-10.082452259919272	-2.8906862412606067	-7.191766018658666	-1.658822764821947	-1.2318634764386598	1.7005906270112578	3.254350948627015	-1.101712526985912	-0.8325158687386254	0.23937258389101312	0.4548511313498814	1.0
1071000	-9.178294821764071	-4.131770292933666	-5.046524528830405	-2.4260913943514977	-1.7056788985821685	1.399257355709693	2.1256330225016553	-0.7348969969446956	-0.07701895760851296	0.28739148255463337	0.2696321767562947	1.0
1072000	-8.512353619362603	-3.4360809315452077	-5.0762726878173945	-2.1404632464740025	-1.2956176850712051	2.9798697753685652	2.7821295993009385	-0.06971130946229326	-0.440548635201219	0.28228966790066257	0.2799610804391217	1.0
1073000	-7.322966099814572	-4.13900732290752	-3.183958776907052	-2.1465922206247585	-1.9924151022827612	1.717406797970894	2.253407924124776	-0.02383489030201119	0.1012725420547006	1.0761234626979557	0.0563408761024832	1.0
1074000	-8.857956782633025	-3.823697623011812	-5.034259159621212	-2.188453886144181	-1.635243736867631	2.8089434090260865	1.7283601904382333	0.10639533241957691	-0.35532638486038515	1.1264964461999163	0.06961155626078179	1.0
1075000	-8.344290954834918	-4.477334040611661	-3.866956914223257	-2.0117829638989804	-2.4655510767126803	2.384063500443775	3.1364365989072542	0.16983405758604905	0.031852091652737946	0.8228521223141072	0.036376181143262666	1.0
1076000	-7.684865776886181	-3.7039174267615405	-3.980948350124641	-2.064335401056658	-1.6395820257048825	1.7948666659677261	2.2346822482298054	-0.002072095886284875	-0.10376051360843863	0.6686227966198176	0.2521825511058166	1.0
1077000	-7.074580200499192	-3.581864339078729	-3.492715861420463	-1.8788998923827673	-1.7029644466959617	2.2434242178004955	2.9093352460919797	0.06528091943116471	-0.2472473526471365	0.578348014774959	0.03311643975886096	1.0
1078000	-12.006470360681647	-2.8433415143549556	-9.163128846326691	-1.3146731922601624	-1.5286683220947932	2.5979956623171625	3.85958202431944	-0.8267045511436352	-1.9417426331384353	0.5149614950593403	0.7534473828747552	1.0
1079000	-7.055048833509073	-4.194352712157279	-2.860696121351794	-1.8502886363461233	-2.344064075811156	2.7006405172238765	1.5313329877457644	-0.11691941576506044	-0.10068679248994128	0.45881178154710717	0.0710275476300762	1.0
1080000	-9.450408209958892	-5.851196567418427	-3.5992116425404657	-3.8612438021232673	-1.9899527652951594	1.1149690395341572	1.876010314576746	0.0523099890512363	0.005111246975635586	0.9207178403280168	0.3128184730412546	1.0
1081000	-11.549722655073253	-5.125772555143846	-6.4239500999294075	-2.201544399863871	-2.924228155279975	1.989210596979081	2.469192087537221	0.3044465768748564	0.5248583014753372	1.2219614260369014	0.09991011700927564	1.0
1082000	-9.076822946083968	-2.609834619517275	-6.466988326566694	-1.9150307072500272	-0.6948039122672478	1.9614593477357098	1.5400569557741117	0.0021272101353048134	-1.649903952513727	0.5071566195986058	0.7811623346806859	1.0
1083000	-11.339545490780313	-2.815866914331372	-8.52367857644894	-2.0570265233584433	-0.7588403909729289	2.249422832913104	1.6586594926324834	0.22730960045823229	-1.2635877746662525	0.08112112235276431	0.34001101435759057	1.0
1084000	-10.918436373931186	-1.6017164330411795	-9.316719940890007	-1.686977740252166	0.08526130721098646	2.6121639598172752	2.1758212940748423	-0.2344510528107172	-1.7964621935608305	1.1834629442452904	0.6274971244053269	1.0
1085000	-11.200211774186693	-5.3975980476628465	-5.802613726523846	-2.3281607446645776	-3.069437302998269	3.4620384372016977	2.3832712440921733	-0.4852491008377556	0.6069756321214537	0.3026330270217269	0.28042695083299185	1.0
1086000	-10.926422461855955	-6.2002321958719495	-4.726190265984005	-4.112662848065977	-2.0875693478059727	1.045111268395476	3.455319544335857	-0.09663249627472151	-0.4014368115452626	0.8881738104082294	0.054557612947760285	1.0
1087000	-9.419916128196558	-1.5433515734452463	-7.876564554751312	-1.2285953237254006	-0.3147562497198457	2.5622448076219397	1.5630992255821807	-1.4778119884566872	-2.264543637834117	0.7295259000877141	2.4018309481694033	1.0
1088000	-10.24999776763991	-5.261161834999243	-4.988835932640667	-2.961614191632104	-2.2995476433671387	1.6424935441212531	2.1533425985893153	0.6814870334483346	0.262775738763508	0.3343931824819103	0.31328760418571894	1.0
1089000	-11.141210770935368	-3.358455355101146	-7.782755415834222	-2.4187101607630366	-0.9397451943381094	1.3856895512060527	1.2606545135409308	-0.8810042741354305	-2.633028731282135	0.5228343465856349	21.948045490385496	1.0
1090000	-8.76148065401346	-2.339006560362469	-6.422474093650992	-1.9814535864703213	-0.35755297389214746	1.9586453071238379	2.1421871039940474	0.07295312996013559	-1.1546136882579257	0.941070415934741	0.7452158713551074	1.0
1091000	-7.032572976180838	-3.703082247149691	-3.3294907290311473	-2.110238964796862	-1.5928432823528293	1.9304531447677118	2.6818091889365743	0.18549364178075817	-0.20890538309292955	0.5450475172954065	0.04422494991282421	1.0
1092000	-9.857934468824663	-4.423779903206734	-5.434154565617928	-2.2678001113875643	-2.1559797918191697	1.43976800003482	2.008981096671129	-0.8753995568620259	0.1595414530615406	0.9410266706733783	0.7327777608751672	1.0
1093000	-8.51234440774116	-4.6098864388795535	-3.902457968861608	-2.131368996822742	-2.4785174420568117	1.600181292205619	1.9564937542335603	-0.333554781841355	0.32099534610381697	0.4459275415778223	0.07109691503659822	1.0
1094000	-10.802340209016982	-2.8154471791495617	-7.986893029867422	-1.6922816316138665	-1.1231655475356952	2.2516883279250237	3.003469393420451	-0.13067898406922784	-0.7002688324895707	1.3389861504217297	0.17936186906029755	1.0
1095000	-11.299121210367245	-3.4771866984426243	-7.821934511924621	-3.466497353269796	-0.010689345172828268	3.4092711858151374	1.8319116201217487	0.42768068332038717	-2.05972385603978	0.4684030750992716	1.220463938500171	1.0
1096000	-8.39687013145992	-4.864960040901962	-3.5319100905579575	-2.1893321217802075	-2.6756279191217542	3.0516093723559865	1.5541866964214948	-0.0941860540884128	0.14958202881378202	0.8268046796700848	0.06487869606721756	1.0
1097000	-6.985019288335742	-4.458220852355305	-2.5267984359804374	-1.7874772461477555	-2.67074360620755	2.1253086172854534	3.4586307520398205	-0.05007717471846873	-0.08379049827738316	0.26198936541380535	0.02643260966777661	1.0
1098000	-9.059631140993055	-5.709810765634023	-3.349820375359031	-1.941696085937414	-3.7681146796966094	2.5806363602835987	1.117054243043944	0.03760493419071864	-0.03778591407934269	1.407009307203947	0.047957581650388006	1.0
1099000	-8.238737658074033	-3.594487915269209	-4.644249742804824	-1.43033564936648	-2.164152265902729	2.493603258339903	1.5170085102402142	-0.5174400818557752	-0.25207678877790685	0.4996274365784419	0.3442439858586786	1.0
1100000	-7.925482440304136	-3.553584916493416	-4.37189752381072	-1.9022597643752643	-1.6513251521181518	2.6112204171526967	1.6476351376250795	-0.013831453849525	-0.44259038673193163	0.5906794781766982	0.049979453141984445	1.0
1101000	-9.65294509135455	-1.8351576124731732	-7.817787478881376	-1.4096646318520456	-0.4254929806211276	2.2068177559652917	2.4784076881835153	-0.5391790450091837	-1.0516912792200956	0.6011642959738022	0.1812328885052926	1.0
1102000	-8.218368629784711	-4.702335977286436	-3.516032652498275	-1.769768789672133	-2.9325671876143034	2.1765412270791327	3.362362860458434	-0.05516168081686573	0.10725031024791569	0.4612460341955841	0.08093151580003662	1.0
1103000	-9.952645727355993	-5.954761701697873	-3.99788402565812	-2.073508760585316	-3.8812529411125567	1.6645307589136968	4.267971570819998	-0.23947736734962238	-0.19222413367016378	0.3850491811126328	0.0584041832397378	1.0
1104000	-8.94538303748315	-2.7590580617168703	-6.18632497576628	-1.5614436065448585	-1.1976144551720118	2.1072776601744367	2.6381431216567504	-0.3464760171813905	-0.4474721552172306	0.8819996786080103	0.05806051394677375	1.0
1105000	-9.183479653683094	-5.44782340283634	-3.735656250846753	-1.9327456896505142	-3.5150777131858253	1.9806950460723127	1.1736628000711442	0.03581613666530406	-0.04340926909410911	2.0327358220134752	0.04364280408567671	1.0
1106000	-9.490117793961474	-4.557411922773307	-4.932705871188167	-1.8573801113390758	-2.7000318114342305	2.5307362860871243	1.2723949413390814	-0.017034272450509154	-0.37879188276374104	0.1883824054999587	0.3016497368665015	1.0
1107000	-7.879215254268907	-2.670858017605667	-5.20835723666324	-1.8590833135422482	-0.8117747040634189	2.2206265208878255	2.3711354158487477	0.044628862632224264	-0.6805143557727503	0.6260416662606492	0.19363451942617857	1.0
1108000	-8.280372682619314	-2.088738350340515	-6.191634332278799	-1.5109516232985634	-0.5777867270419517	2.5733596346565335	2.366379983243374	-0.4362282843124474	-0.8855003202429184	0.6414046518792899	0.40893448976747737	1.0
1109000	-6.598849315323072	-3.669464303548075	-2.9293850117749964	-1.8220998777315724	-1.8473644258165027	2.1433261752815147	2.386809141329027	-0.006783793323122428	0.011879758895803227	0.5821156323273553	0.07214884946955978	1.0
1110000	-8.206090911801631	-4.19296815726008	-4.013122754541552	-1.915818205271787	-2.277149951988293	1.999744781877356	1.542414358935076	0.02990300289270394	-0.130901696684179	0.42175539580007765	0.3424383405721553	1.0
1111000	-11.757023187705027	-4.7719025403545245	-6.985120647350502	-1.9407904202730197	-2.831112120081505	2.2679242926004988	3.7646224328964	0.1235606070529347	-0.25119327251101875	1.1437954946002982	0.18302430485927132	1.0
1112000	-7.279231087079779	-3.8493203205762985	-3.429910766503481	-2.3747018576169197	-1.4746184629593788	2.9261930833254217	2.315262972020379	0.16142223214933207	-0.2046739924815455	0.36677605803496566	0.04671640254598802	1.0
1113000	-10.268128044476017	-1.8925982905372116	-8.375529753938805	-1.3468072680724248	-0.5457910224647868	2.6815375536162156	3.138585417974152	-0.846767032414544	-1.5204261314463643	0.11197536971263024	2.4035074876316167	1.0
1114000	-12.768078072870992	-2.8966438946924304	-9.87143417817856	-1.843003128990051	-1.0536407657023794	1.8427227006854467	3.412849004083671	-0.22128011414384097	-1.235912571488644	0.39924143815555474	0.12808257488173286	1.0
1115000	-10.331153179229702	-4.791677097833421	-5.539476081396281	-3.114486503434831	-1.6771905943985903	3.4243992912337635	2.3294113802659187	0.21553856699840457	-0.0810721198160223	0.1022037748396901	0.20674142446977267	1.0
1116000	-7.159323436423201	-4.151198014368146	-3.0081254220550555	-2.1201501545198322	-2.0310478598483135	2.124770950089018	1.726383452642454	0.2739742634089162	-0.07957813376164252	0.5890439324958631	0.03059826300284066	1.0
1117000	-8.387339045991158	-3.3037767288094884	-5.083562317181671	-1.9207317600231324	-1.383044968786356	2.020188924438637	2.72952664824259	0.047360472433367384	-0.35873141044232093	0.43691295721277906	0.5457930131543484	1.0
1118000	-8.826750603553132	-5.299072993914745	-3.5276776096383866	-2.387329508694186	-2.9117434852205584	1.4624512127146447	1.4211258824631898	-0.4259212362539394	0.10693655113190959	1.1345300352682144	0.11124332716177482	1.0
1119000	-7.485152113193507	-4.294191851681907	-3.1909602615116004	-2.483884253929004	-1.810307597752903	1.585239346233957	2.54722296862645	0.12552070793476772	-0.040394444171033245	0.6041052364944658	0.10726879743473515	1.0
1120000	-10.836741888305518	-5.76670632917196	-5.070035559133558	-2.8007073662112045	-2.9659989629607555	3.2225295399390648	1.193695328569721	0.2056375283670413	-0.4058530221892245	0.8399239161691203	0.31527375402719204	1.0
1121000	-8.493962459830007	-4.283268265460285	-4.210694194369721	-1.965640524766477	-2.3176277406938084	1.6508052133545847	1.5256222416060254	-0.4656074371929503	-0.12780363200005962	0.8740265285617274	0.37350165365425353	1.0
1122000	-6.6084659506821835	-3.7560142241602703	-2.852451726521913	-2.120586346411984	-1.6354278777482865	1.759812683528135	1.9580383527026515	0.014430396991134242	-0.17837924153381474	0.9258925959359549	0.0571596144977013	1.0
1123000	-13.210491874858187	-5.689530383359295	-7.520961491498892	-1.9922407006573835	-3.6972896827019115	2.2691619269131156	1.0189377255041345	-2.882270645162377	-0.49024226031244345	0.5744516782948915	2.3151093801351394	1.0
1124000	-6.854074940018741	-3.601949921203854	-3.252125018814887	-1.6299992231631002	-1.9719506980407537	2.0902889285807436	1.6761267769377335	-0.2596274623719781	-0.17104921443230817	0.7850876422508917	0.04476232414548139	1.0
1125000	-11.930931069897023	-3.290330833333007	-8.640600236564016	-2.0767946847828718	-1.2135361485501353	2.234533842087333	1.4310269996475682	0.24460653608385602	-1.3210284877532346	0.22559234227028588	0.19476214109628054	1.0
1126000	-10.859347390429715	-3.5588818251598218	-7.300465565269892	-2.921016148620488	-0.6378656765393336	3.186665138081589	1.618587733285969	0.3119309712120918	-1.5071594020862253	0.7993737097338554	1.0811190394207064	1.0
1127000	-14.399190656619275	-10.561516172273862	-3.8376744843454142	-4.062820381729272	-6.49869579054459	1.1384346032288566	0.8059807724738877	0.470603747593633	0.5828284752408172	1.6884773992095496	0.37043190291290273	1.0
1128000	-9.418512351694645	-3.5032788149959666	-5.915233536698679	-1.290838279543638	-2.2124405354523287	2.1487024797257654	3.1856822911964247	-0.85140029313337	-0.1276512959848114	0.4022572048144915	0.2430591582517418	1.0
1129000	-9.49502452281412	-1.7779079927660817	-7.717116530048038	-1.3278789856528768	-0.4500290071132049	1.9734685615866547	2.1704580830660483	-1.6516695820886214	-1.042184285016504	1.0170431294251308	2.6899392960696478	1.0
1130000	-9.594496020863767	-5.276917141100612	-4.317578879763155	-2.109372244326144	-3.1675448967744684	3.0383701555935105	1.3366370533762375	-0.15384785216162422	0.1194143579272322	0.2631848577892963	0.24171680253985522	1.0
1131000	-14.768077638332606	-5.619736016012578	-9.148341622320027	-1.435348723265859	-4.184387292746719	2.091334053889512	2.2930105487253325	-0.5710169168078023	1.061943242253472	0.7134754372020301	0.13126286163773224	1.0
1132000	-9.791161229247688	-3.4030111662166993	-6.388150063030988	-2.980288362947742	-0.4227228032689574	1.4388991181105706	2.5179979904390173	0.3389472783669636	-1.0654706646368108	0.6037335212320788	0.24384437108341464	1.0
1133000	-7.516603632348016	-5.129593326942093	-2.387010305405923	-3.185226059983212	-1.9443672669588814	1.2935871202188012	2.144494460007662	0.0795920510597351	0.06754759209785391	0.4972914017037392	0.07181779788594059	1.0
1134000	-8.61274607280011	-4.049325261651518	-4.563420811148592	-1.7359933975328765	-2.3133318641186413	2.503925714326054	1.7064747914218341	-0.12747850072939415	0.08369392207606724	1.2335618938516069	0.11670995766125797	1.0
1135000	-9.055326141196247	-1.0516392826736158	-8.00368685852263	-1.2814556435164235	0.22981636084280765	2.4077265012226983	2.2425973007927333	-1.8544336425056596	-2.24924578201957	0.429442381680633	3.3388087067957795	1.0
1136000	-10.668471446550075	-5.779055913093316	-4.889415533456758	-4.192954560687157	-1.5861013524061587	0.9819874978797759	2.4473975420474696	-0.7172417374429464	-0.14874027797161715	0.7191490356430812	0.14386425723126314	1.0
1137000	-14.94259475312289	-8.077355357581688	-6.865239395541202	-5.054558224881394	-3.022797132700294	5.050498523981549	1.3899203566618197	-1.0097845556088743	0.12534586649602933	0.2588814022046182	0.2565916975574054	1.0
1138000	-8.382933959682656	-3.3883297060811923	-4.994604253601465	-1.654437477718469	-1.7338922283627234	1.9524928555505185	2.3170314845429933	-0.3485585928058037	-0.047039067317083336	1.2674815239853645	0.06618885950700529	1.0
1139000	-8.495258577673466	-2.264845265681709	-6.230413311991757	-1.7303092856783646	-0.5345359800033442	1.996839316229965	2.5898406092360964	-0.1938166049396008	-0.9748972595252419	0.39409908349512673	0.2215482610099077	1.0
1140000	-9.634626403317764	-2.3371942285630105	-7.297432174754753	-2.186422874198664	-0.15077135436434652	1.437526807615973	2.73871994506507	-1.3246898729212906	-1.5924702699251074	0.31367505314505195	1.5176834339038063	1.0
1141000	-9.25131683885391	-4.02680929354581	-5.224507545308101	-2.660706496261616	-1.366102797284194	1.7723457604206567	2.574375162513546	0.5601034757222517	-0.3144667609849517	0.6203698709240112	0.10246349013951121	1.0
1142000	-13.705560737741898	-6.0340248108261365	-7.671535926915762	-1.3274718107715904	-4.706553000054546	1.9547516897450967	4.661800528779177	-1.2750119746933952	-0.19542652675530942	0.5584075573446147	0.4978368982588986	1.0
1143000	-10.265929656591108	-8.264467487643792	-2.001462168947316	-4.545061939968419	-3.7194055476753727	0.9601187579771143	1.2200563280878487	-0.18154073517270658	0.2267770221928247	1.2050792790533469	0.02933035532999488	1.0
1144000	-8.89551380462853	-1.6672945741197438	-7.2282192305087865	-1.3902129741073512	-0.27708160001239257	2.407532592563555	2.2411931746709093	-0.5554506892440644	-1.213785488779426	0.5260289755781565	0.31724150521332745	1.0
1145000	-10.119018041432943	-6.175624545167582	-3.943393496265361	-4.202055745401296	-1.9735687997662863	4.358339388798451	1.9899799197348418	-0.19764358175332325	0.04756819271905793	0.29288080602794997	0.08638303312656258	1.0
1146000	-10.876242064718152	-4.585671156528367	-6.290570908189786	-1.6788471510049776	-2.9068240055233896	1.6696479563180102	1.4743426681796479	-1.558563375525526	0.18787169623812772	0.7288073785537753	3.0987146624122093	1.0
1147000	-7.543278638466608	-4.0800861178885315	-3.4631925205780765	-2.044358554627493	-2.0357275632610383	2.6370687168840736	1.6259336476316661	0.09702693593553487	-0.18611252731990469	0.6820123468818249	0.10453612371827814	1.0
1148000	-9.837472635259648	-5.107331279758032	-4.730141355501616	-2.851764227319591	-2.2555670524384412	1.4472343049318672	1.3884376691573421	0.21403620758634267	-0.43647243549915976	1.8242578793978808	0.1691682946063627	1.0
1149000	-9.491720178446176	-2.3506012821635345	-7.1411188962826415	-1.2221138504754343	-1.1284874316881002	2.139146357310374	2.769815998535074	-1.175809763356456	-0.5522036664835772	0.7781171353598306	0.5094460251608525	1.0
1150000	-8.728329167036161	-3.197225877258342	-5.5311032897778185	-2.2766746742714137	-0.9205512029869283	3.1117947155089576	1.9926916068982972	-0.07782689693043954	-0.6923016806980656	0.6116745046585562	0.22247146326733172	1.0
1151000	-6.753830751458898	-4.138371815028055	-2.6154589364308434	-1.8534141164727966	-2.2849576985552584	2.54389771164164	1.5505181869453	-0.026598164194319263	-0.1136031492987882	0.7971302743931904	0.0455413588933693	1.0
1152000	-10.032212950135632	-1.1909065929784735	-8.841306357157158	-1.2389363441137569	0.048029751135283405	2.5990468475121147	2.043279409100224	-1.438385897977072	-3.337052753964337	0.7445282503476656	4.6463403828241585	1.0
1153000	-7.427013324270917	-4.119520326730142	-3.307492997540775	-1.832510818852846	-2.287009507877296	2.475487410625242	2.235021843497164	-0.019212858070209338	0.25843094270351163	0.5680175847546309	0.04796386306784848	1.0
1154000	-7.220640678814602	-3.9953037267287446	-3.2253369520858577	-1.7627177510908751	-2.2325859756378694	2.3396745182820977	3.13869297950857	-0.05610133342722254	-0.08700007977081659	0.23566445755123777	0.05553313122584603	1.0
1155000	-9.113074823821133	-4.66677965319282	-4.446295170628314	-2.8101751048117123	-1.8566045483811076	2.93183602229027	2.1496473981331454	0.44131274667484	0.01744916726382839	0.40143390303898485	0.14566701872381987	1.0
1156000	-8.204081347146023	-4.352429716195539	-3.8516516309504825	-2.802256863824726	-1.5501728523708138	1.3211657349667447	2.2081914039137276	-0.41130138906535574	-0.16136808647867923	0.8621820225378547	0.09319950270956444	1.0
1157000	-10.433108894063402	-2.268716634813858	-8.164392259249544	-1.802900934232433	-0.46581570058142496	3.040386042881784	2.1288899353473525	-0.5037258406249902	-1.0428083202811467	0.11205283106022383	0.23964133851462885	1.0
1158000	-11.536848209467319	-6.062763488344423	-5.474084721122896	-2.3253711926380074	-3.7373922957064156	1.516837306468436	3.378327118948246	-0.2997313785545672	0.42797154464675446	0.440741843917369	0.04716162926983063	1.0
1159000	-11.298228913734242	-3.7203024629828896	-7.577926450751352	-3.246580378404433	-0.47372208457845666	4.191959034744805	2.1575510246502745	-1.1781151945718795	-1.0224054201936403	0.47704086930342576	0.945348204123895	1.0
1160000	-7.768513745641134	-3.790770162384203	-3.977743583256931	-1.659247968868483	-2.1315221935157203	2.5766626334554195	1.4645914588383582	-0.24644522736516664	-0.37153036075411466	0.5676793008687826	0.08112069314606533	1.0
1161000	-11.238388571934136	-4.455522081309072	-6.782866490625064	-2.43138378629116	-2.024138295017912	1.41366039760172	1.5420115588655576	-0.6139681776236345	-0.31536630278303407	1.462801477346292	3.737435562518362	1.0
1162000	-9.486556456810437	-4.970702652442427	-4.51585380436801	-3.2045478708088533	-1.766154781633574	1.3018914018854404	2.3290885081846	0.1436975964197349	-0.028926116591036388	1.459133338739691	0.14383156578221362	1.0
1163000	-9.596935688691152	-3.3773244124209825	-6.21961127627017	-1.7492859569426464	-1.628038455478336	2.0968909664478326	1.27561422219147	-0.1052258869606229	-1.4041972369508042	0.9888404080809747	1.2968379820548288	1.0
1164000	-7.963812109674135	-4.3779657865519646	-3.5858463231221704	-2.886485295337785	-1.4914804912141797	3.4796674529859133	2.3989514164833574	0.007622480220333017	-0.19981362843966924	0.5005207372732309	0.051446928599342	1.0
1165000	-9.303764168570893	-4.477960426888767	-4.825803741682125	-1.4753957641975042	-3.002564662691263	2.236815267700341	3.133643157841822	-0.4192419625342485	0.2780728647836743	0.4695215356282364	0.15683316822642368	1.0
1166000	-9.33922016201772	-3.4996377058276735	-5.839582456190046	-1.3243153072029763	-2.1753223986246972	2.51348486789869	1.3186281228043524	-0.7298534639677252	-0.6889760176520019	0.463264008419993	0.236591895713726	1.0
1167000	-8.299402138351583	-4.349262688583551	-3.950139449768032	-2.2960203618226664	-2.053242326760884	2.75485023488157	3.0711997356206933	0.2236278261228869	-0.14104153246947942	0.3968670180502932	0.08582440011923817	1.0
1168000	-10.314590662563933	-5.2153793035660225	-5.099211358997911	-3.0993825516624263	-2.1159967519035963	3.1536019473736077	2.6714949113345026	0.4416118867958705	0.08454207423375959	0.4457758539466039	0.048919034762146124	1.0
1169000	-9.490472180360737	-4.189301920922058	-5.301170259438679	-1.567445069406646	-2.621856851515412	1.8485872481942096	2.0256803291104046	-0.7112926091449314	0.41236134879666564	0.8014294811688026	0.3472847123554923	1.0
1170000	-9.441470088824108	-4.872154583048388	-4.5693155057757195	-2.3022025949701668	-2.5699519880782216	1.5275981720147342	1.6888900037549428	-0.2981204268795774	0.2243296056288137	1.6899955201952506	0.08046675183450948	1.0
1171000	-9.813779536187209	-3.8695721614358463	-5.944207374751362	-2.486438501367043	-1.3831336600688031	1.3911853988933092	1.9432145072010507	-0.6365210415306438	-0.361144554547457	0.30865860486653957	0.08342757247616855	1.0
1172000	-11.290168472582529	-2.7856092723437342	-8.504559200238795	-1.7007019643605616	-1.0849073079831726	1.7644812645214616	1.4135690896040984	-0.6469408104659342	-4.776077887251603	1.029682375900005	11.245784554175025	1.0
1173000	-8.76823265910782	-4.377740962878143	-4.390491696229678	-3.2921425175845513	-1.0855984452935914	1.2859908053478528	1.9980868130874136	0.19144113529862908	-0.5537697403679777	1.0177802907433124	0.15205090900272522	1.0
1174000	-6.983765427512108	-4.239781619641242	-2.7439838078708663	-1.9346464559931054	-2.3051351636481368	1.9809660643510096	2.012182372171694	0.03807308839372692	0.24318804295244123	0.5086189256160771	0.024990191030889692	1.0
1175000	-7.2189032492284335	-3.1799726231707552	-4.038930626057678	-1.6045005948219213	-1.575472028348834	2.2862401977163156	2.6004377456685908	-0.23363783439503452	-0.19168326620449588	0.7659805273458553	0.05323633759530884	1.0
1176000	-10.52718476377363	-4.184417430902842	-6.342767332870786	-1.4740766179094198	-2.7103408129934223	2.503380746727774	2.1360787463397872	-0.4533200209917367	0.4678523831552751	0.7016983427418897	0.06472146570314205	1.0
1177000	-12.020324386215437	-6.08276743624603	-5.937556949969407	-3.8270343626777894	-2.2557330735682406	1.0984658081882919	3.946804306985918	-0.1349525931406021	-0.829971184366039	0.3462551819971391	0.18340004647718022	1.0
1178000	-8.56376310412048	-3.7240113235414416	-4.839751780579037	-2.51200797744926	-1.2120033460921817	1.736647896417519	2.6845954954307425	0.3961025277991733	-0.4549651276735554	0.6018760185361519	0.1440765666900023	1.0
1179000	-8.810573478307948	-3.679948404362097	-5.1306250739458505	-2.018411265574642	-1.6615371387874553	3.011351245614498	2.4703020940563496	-0.2146709981532126	-0.10802536265257467	0.9638279796854077	0.09304686592290476	1.0
1180000	-8.45012546384112	-1.6725397058159501	-6.77758575802517	-1.632490276513943	-0.040049429302007056	2.147059505723151	2.32407041913863	-0.22773758701359315	-1.5298249889149134	0.6385133130812957	1.3669602106024705	1.0
1181000	-6.875509667481554	-3.5534052151939175	-3.3221044522876366	-1.575606362582258	-1.9777988526116594	2.2513797771785247	2.01668171891637	-0.27376233642152437	0.0590022896540425	0.7136238713400984	0.04204288152944668	1.0
1182000	-8.509732293702037	-5.3975366408672185	-3.112195652834818	-3.9281182704246076	-1.469418370442611	1.1230893178638937	1.9916921488369026	0.20736653118927356	-0.2742696802699481	0.6275949524857227	0.032682227306915716	1.0
1183000	-7.288020337802379	-4.255627434203788	-3.032392903598591	-1.8839779048753105	-2.3716495293284776	1.9968719151995489	2.988524844141433	-0.007175294114992792	0.0698620121416676	0.30512599465584495	0.06464345357059145	1.0
1184000	-7.3873400419132444	-3.258893034232001	-4.128447007681244	-1.957968932516149	-1.300924101715852	1.8341570674392356	2.255500386594511	-0.07936565424318531	-0.3199438138279135	0.1748733976471161	0.05635920662193241	1.0
1185000	-6.566355993451375	-4.122621585293206	-2.4437344081581687	-1.9811462583059551	-2.1414753269872513	2.811400560428263	2.7276333230422027	-0.07153697119988855	0.07652444633836397	0.4043102771924493	0.025798005905090446	1.0
1186000	-10.283684151176107	-5.0262483502876245	-5.257435800888482	-3.3225943732516043	-1.7036539770360202	3.943633259660565	2.1472728532859673	-0.2591437740714996	-0.07436007220434647	0.8895538242564061	0.05611643663252704	1.0
1187000	-9.392013000461858	-1.523027361167859	-7.868985639293999	-1.2751896632639177	-0.2478376979039414	2.271224784073233	2.8612611565026107	-0.803171996994842	-1.5797783320266108	0.5657806260099285	5.48366219040097	1.0
1188000	-8.785401374265394	-2.1284152324228476	-6.656986141842547	-2.058167478777049	-0.07024775364579838	2.1017042632444864	1.9714859661091226	0.21427287921372196	-1.6862887378724145	0.41364979142178127	1.5053652858296953	1.0
1189000	-6.909770592644392	-3.533556619788378	-3.376213972856014	-1.5996337551961677	-1.9339228645922102	2.348476807719741	2.526164767813545	-0.24184548189603566	0.03305346892945338	0.6608045334515377	0.03181304197220325	1.0
1190000	-12.64340755087321	-3.5933194077558293	-9.050088143117382	-2.9627768283238876	-0.6305425794319417	1.1985270846164162	1.3666759646923932	-1.5949980802354697	-2.62344483668471	1.102712668309581	1.0376819267701545	1.0
1191000	-7.162983059207133	-3.517039735956539	-3.6459433232505942	-1.8620849164971176	-1.6549548194594212	2.8571661765126755	2.4117774518385544	-0.22666171958720477	-0.10220520821069451	0.6247550935269544	0.02275298505498838	1.0
1192000	-8.782216051116798	-3.53548312430239	-5.246732926814409	-2.4716995815146117	-1.0637835427877782	1.8617392311778853	2.587302527346854	0.4681926299185939	-0.5258674822384994	0.5370256997350163	0.4738031792285249	1.0
1193000	-7.949147654409066	-3.0390066921135634	-4.910140962295502	-1.4811700109660961	-1.5578366811474673	2.3126532562524966	2.6926303696215257	-0.4002385954648372	-0.23412151093401778	0.6058374312084258	0.055980817318607067	1.0
1194000	-8.785174708640056	-2.661631104755889	-6.123543603884167	-1.5845273210804418	-1.0771037836754473	2.664477131145981	2.77339133025345	-0.3955443173115677	-0.5920163854944652	0.6603916778814891	0.1366257937975209	1.0
1195000	-11.164133061214017	-1.7423692941772595	-9.421763767036756	-1.7917436343505395	0.04937434017328002	1.7480869326097082	2.089043446742067	-0.5027759399413152	-1.7817593542436934	0.8941729485323628	0.3427548656515101	1.0
1196000	-6.950032713902845	-3.9420849258367205	-3.007947788066124	-2.2413664377653184	-1.7007184880714021	2.887365757522623	2.0373875358710567	0.09054383641028696	-0.10334041565819725	0.5312884405855559	0.056172696949105046	1.0
1197000	-8.983900843685866	-4.183541355772809	-4.800359487913056	-2.1211447692933145	-2.062396586479495	2.0597575233833014	1.396600463981414	0.25939605672606714	-0.5770611564021653	0.8334627121982493	0.508583499092774	1.0
1198000	-6.907122327565465	-4.15145441363956	-2.7556679139259046	-2.0476438764806177	-2.1038105371589424	1.9882357303770828	2.6172680705247977	0.15971475426937118	0.09666048305476072	0.508212080300941	0.04047770634942004	1.0
1199000	-9.273245551425104	-2.406794751493237	-6.866450799931867	-2.210776640978823	-0.1960181105144141	1.7030796412338032	2.186330937171331	0.03033600981092288	-1.3322142725755968	0.47373519136323	0.31017710764569856	1.0
1200000	-9.809171200690862	-3.8314072944780726	-5.977763906212789	-2.8658662955847465	-0.9655409988933261	1.5643661391023869	2.744982658339184	0.48986202782827176	-0.6635979082209478	0.9598151113331717	0.3387695534357199	1.0
1201000	-10.157042509869111	-3.303668379419088	-6.853374130450022	-1.6175985685194814	-1.6860698108996068	2.8332917317283877	2.9995808347851542	-0.5066341490160864	-0.30885592724257793	0.8742498273558637	0.08188597089696044	1.0
1202000	-9.376308781812918	-3.604637816177952	-5.771670965634966	-1.7249528264931921	-1.87968498968476	1.892447228152278	3.1976345340366543	-0.321189586877808	-0.32316553821813687	1.0311834648787193	0.12143765590354692	1.0
1203000	-11.327147289365143	-4.908774665090744	-6.4183726242744	-2.2703864406307925	-2.638388224459951	3.524419826071308	2.2552535267630693	-0.7044961973151762	0.4312881432596767	0.41663004253911284	0.14504550110107994	1.0
1204000	-10.975436143783298	-4.114048231186193	-6.861387912597104	-3.8553819917587395	-0.2586662394274537	1.035763968754245	1.9608528111846126	-0.8247476141821342	-1.4127893125586177	0.6671388039023846	0.44114588431239204	1.0
1205000	-10.554794195095804	-6.839193961261572	-3.7156002338342313	-4.271783847601733	-2.5674101136598395	1.008193508731488	2.5440550768898387	-0.1701595320803093	0.34497186458729046	0.6719401960161158	0.1798324061040834	1.0
1206000	-8.770863683249988	-1.6589145529414653	-7.111949130308523	-1.331918729057441	-0.32699582388402426	2.0799151198708583	1.6339847546677777	-0.8255616799996192	-1.957005250589329	0.38096496870921603	1.4451140216177227	1.0
1207000	-9.86637116605024	-3.204905111680705	-6.661466054369535	-3.293557191407758	0.08865207972705313	1.183418911184301	2.070838035586804	-0.4475125121515213	-1.8836178586687082	0.6324271865204	1.0299823264017967	1.0
1208000	-9.877168282834758	-2.029625292413016	-7.847542990421742	-1.650861802328663	-0.37876349008435284	1.7187001531933817	2.15483265901424	-1.9103402587885667	-1.125219671575585	0.636134170925894	0.8920807823827495	1.0
1209000	-8.194998627408243	-2.1536049926897203	-6.041393634718522	-1.6196220447291516	-0.5339829479605687	1.8393941312372026	2.3378992181802207	-0.6144680536450464	-0.9270958048171717	0.29151702928403045	0.6446961023405134	1.0
1210000	-8.249201288235547	-3.254583587932758	-4.994617700302788	-1.362604771556855	-1.8919788163759028	2.0994052175767672	1.5427293007662004	-0.7183670714111121	-0.4157556033855912	0.6375015516118077	0.33646075257490193	1.0
1211000	-13.83792928332812	-6.227222336090529	-7.610706947237591	-6.123180011253384	-0.10404232483714537	0.7223531866232401	1.8650366342294464	-3.392380414160802	-1.7911361141376703	0.4806237227783962	10.9033584532575	1.0
1212000	-7.808390870953332	-4.854672460994923	-2.9537184099584084	-1.7470310937306603	-3.1076413672642627	1.8941534536246225	1.2730269641188747	-0.2852452810844361	-0.0661973291440289	0.4190514208020304	0.08668357053445434	1.0
1213000	-9.627565706890813	-4.349963649881272	-5.27760205700954	-2.8924961425794997	-1.4574675073017724	3.8039810155287817	1.7721318596899194	-0.44175462802205206	-0.44332858591857993	0.3905622786581615	0.16838363673368373	1.0
1214000	-10.462533054161685	-3.111328134471802	-7.351204919689884	-1.5663694589205157	-1.5449586755512863	2.1780725460805064	1.8561949822290567	-0.30450075824222755	-0.3038126456023663	1.810656904319774	0.03292875132830885	1.0
1215000	-9.34183586751226	-3.4574618828404766	-5.884373984671784	-1.8872859161920763	-1.5701759666484003	1.760989884452818	1.4157067137971457	-0.30379310119573183	-0.9804529934083748	0.24945361114124956	0.33605143585255287	1.0
1216000	-8.424688052967793	-2.977274667635525	-5.447413385332268	-2.130842698792714	-0.8464319688428112	1.8831756000078337	2.764214041648557	0.16951817975087535	-0.7712411989084891	0.5688055128080471	0.33774226612623187	1.0
1217000	-7.228538666225362	-3.794418281741825	-3.4341203844835375	-1.559905603166122	-2.234512678575703	2.2270740280524537	1.8109002824491032	-0.29912886896488483	0.11495548026128646	0.3287825399065766	0.060627803661075744	1.0
1218000	-13.844946072184282	-6.515632050283007	-7.329314021901274	-5.30063822562435	-1.2149938246586576	0.7954918991837261	1.121075310220007	-2.02980406208388	-3.884426933555652	1.658621286716783	13.97601012037912	1.0
1219000	-10.525026773127907	-2.7554153234940966	-7.7696114496338105	-1.4810276684078545	-1.274387655086242	2.5630919937146284	2.5735455679328103	-0.4744492142306468	-0.37454634871798903	1.2287394942743568	0.0666754727193769	1.0
1220000	-7.210248659040996	-3.2587715591890873	-3.9514770998519086	-1.7114309326356558	-1.5473406265534315	2.468596207626757	2.204504227997781	-0.14062260723887843	-0.16355095441587397	0.34391672025169057	0.1713543724388722	1.0
1221000	-9.8839670125563	-4.192846774771659	-5.691120237784641	-1.8533917447298975	-2.339455030041761	3.1863456834260067	1.93410449937195	-0.671522090364826	0.23757282627944393	0.21657724625537483	0.36195197956035513	1.0
1222000	-5.792086302979817	-4.691850421719844	-1.1002358812599733	-1.8575880055999896	-2.8342624161198544	2.0280209397342555	1.354337737005211	-0.01709980046226681	-0.07412969641827613	0.604652643352394	0.019498737643282495	1.0
1223000	-7.7426654345053745	-3.832657218868624	-3.9100082156367506	-2.503164709657163	-1.3294925092114607	1.45316557085316	1.9350455707549543	-0.2570624157934236	-0.4054401468986306	0.6767596508976541	0.06880765486972415	1.0
1224000	-9.653343493568363	-3.7095539194422775	-5.943789574126085	-1.8177626867954988	-1.8917912326467787	1.9538416911821619	1.1890326365070287	-0.1199790664425305	-1.4861790410304927	0.4590122633854752	1.0911911748699135	1.0
1225000	-8.30565510427259	-4.196344819520383	-4.109310284752207	-2.35683404943876	-1.8395107700816231	1.671021678147484	1.9518368323339956	0.14600494549216203	-0.04981966937603921	0.6849312366445957	0.36818515035913213	1.0
1226000	-8.304458076313482	-3.3799638073487692	-4.924494268964713	-1.60072456460487	-1.7792392427438992	2.025853824363326	2.093320667382029	-0.35116440916037095	-0.03898185708226817	1.2729370764655261	0.041188986993339165	1.0
1227000	-8.644506218242269	-1.9986421677709272	-6.645864050471341	-1.1876455780092137	-0.8109965897617135	2.3678083299951433	1.591237531352194	-1.1248121943969362	-1.3529689004105114	0.5420397568346088	1.5876392556626833	1.0
1228000	-11.029749997475523	-5.873959834996597	-5.155790162478926	-3.7730783884889703	-2.1008814465076266	1.2692331758318403	2.2337003944610325	0.6769292341671969	0.16038035400150893	0.9017881888828925	0.661189000690485	1.0
1229000	-10.76459336272725	-3.815325523980551	-6.9492678387467	-1.837076335838427	-1.978249188142124	3.2541622860197514	3.435188222599439	-0.884314492938276	-0.45207767967971535	0.36927959119908704	1.3147037388452338	1.0
1230000	-9.695652598717537	-2.483180453579667	-7.21247214513787	-1.2378766016890328	-1.2453038518906343	2.2409675547107297	2.4692884822000383	-1.7506626499034403	-0.369726099133443	0.3005001602930264	2.4857493291904325	1.0
1231000	-8.934563530504478	-1.1013238492829291	-7.833239681221549	-1.2601121610357513	0.15878831175282215	2.2766521644662245	1.9723414502968002	-1.8318363075129849	-2.235048905074164	0.36938742504907657	4.611743780265419	1.0
1232000	-10.163687034992186	-3.658785263014052	-6.504901771978135	-3.046598161614978	-0.6121871013990736	1.1956771689050694	1.9196141704295122	-1.0281222624702355	-1.0400111062436994	0.7793941453820407	0.4040014925197574	1.0
1233000	-7.973483449787988	-2.803682880729335	-5.169800569058653	-1.8455287181700797	-0.9581541625592553	2.6193779246185365	1.991849706469844	-0.07204258619606518	-0.661107363040623	0.41652731995013237	0.4205530648663863	1.0
1234000	-9.777302169235178	-4.823345057419042	-4.953957111816136	-3.2436461358658844	-1.5796989215531578	1.2123187860159534	3.044006699383856	-0.30823325809649843	-0.40337972904326413	0.2671536881738827	0.3615868535548287	1.0
1235000	-7.421554470665877	-3.855990745254303	-3.5655637254115744	-2.250038141787865	-1.605952603466438	1.8110506123897137	2.7746884139798755	0.22225934863775254	-0.23902375587734276	0.4455480707504014	0.05394639550282631	1.0
1236000	-9.216918989253955	-3.110018914370216	-6.106900074883739	-2.3519686048748376	-0.7580503094953785	1.806577548081211	1.748272304450709	0.31776070959451497	-1.1028655645236825	0.8474865650562224	0.3180365009290719	1.0
1237000	-8.850890039019376	-2.165226758355562	-6.685663280663815	-1.5433163781466988	-0.6219103802088632	1.9294228461573921	2.770570295747332	-0.5800784081953909	-0.9823860523481115	0.21821777195511455	0.36383074087332246	1.0
1238000	-10.009365942517423	-4.213218316030417	-5.796147626487006	-2.8235644038437786	-1.3896539121866383	1.349463819498977	1.651242351050627	-0.20499111724521932	-0.6513686930003051	0.29177398115454967	0.07161432945410595	1.0
1239000	-10.328422064962398	-1.7517897238428972	-8.5766323411195	-1.3089437968906363	-0.4428459269522609	2.1249987075706813	2.9052542043594713	-0.8273337079101957	-1.3104301687474829	0.12602385474016034	0.42678296488893325	1.0
1240000	-9.918588476645663	-3.3439095822723974	-6.574678894373266	-1.5134010078249034	-1.830508574447494	2.944400692798416	1.3704520120175614	-0.8993828279001227	-0.8552841576557185	0.28500199158875056	0.4055936549046946	1.0
1241000	-9.454085339215137	-4.292457398185878	-5.161627941029258	-2.5227393556137763	-1.7697180425721015	3.469626430308993	2.976172327596337	-0.28229664497378776	-0.24504585902999826	0.40167171880137476	0.2560231957904159	1.0
1242000	-7.891420375109345	-3.3458908691025027	-4.545529506006842	-1.6393007026264943	-1.7065901664760084	1.9180628678414644	2.646727776965018	-0.4210441866173941	-0.12946419152314526	0.23038560733322877	0.13680774499429946	1.0
1243000	-10.095383748903194	-1.2328439935691495	-8.862539755334044	-1.3873485042337208	0.15450451066457127	1.8879282494972265	2.117969051612361	-1.3135896184278115	-2.0071829535762395	0.5843266284164083	0.7343162694537683	1.0
1244000	-8.864439540764161	-2.2453335809349912	-6.61910595982917	-1.682109843086618	-0.5632237378483733	3.031446879313529	2.169661480457915	-0.6866302165990261	-0.9283602608260799	0.47866658737143	0.3652074246716485	1.0
1245000	-19.222665572550103	-11.187520891444883	-8.03514468110522	-8.85512828940848	-2.3323926020364034	0.7074314495130752	3.099956061076142	2.5095948477778593	-0.012295260756716109	0.8806753150622734	1.3952853533764602	1.0
1246000	-11.249787193299266	-5.342334357792778	-5.907452835506489	-1.8863341041959014	-3.4560002535968763	2.040595627477587	4.374552447909855	0.021489920597893813	-0.5386737817212938	0.3223099979308699	0.05514295872583764	1.0
1247000	-7.924077348968089	-4.015617036429899	-3.9084603125381903	-2.210570640203377	-1.8050463962265217	1.6951984760016963	1.5707840547372145	0.01586864706065942	-0.43735400681823444	1.0845485823062928	0.07390960486628587	1.0
1248000	-9.636504020136815	-4.5060074394608645	-5.130496580675951	-1.6465230838812666	-2.859484355579598	1.9244496809331035	1.1429049139067307	-0.39930766964263237	-0.6851031942442435	1.2098120570513151	0.5355705437219042	1.0
1249000	-8.811508536585608	-4.189132329380417	-4.622376207205191	-2.776109897822971	-1.4130224315574456	1.3304669534571099	2.486941678702726	-0.40325973940035637	-0.26310371228333734	1.0639753639696472	0.10934082673406134	1.0
1250000	-10.75521738668189	-7.47484671137399	-3.2803706753079	-5.991511194612265	-1.4833355167617253	0.7560856981688099	2.3741740139072967	-0.3063834515958662	-0.20239369434379195	0.6192207501399052	0.14816517072383792	1.0
1251000	-7.6151536119094265	-4.0623632077984855	-3.552790404110941	-1.8780135148515935	-2.184349692946892	1.8064481898919706	1.7844317484270467	-0.23015138487767436	0.06630578611292674	1.054825382930972	0.10711303923703484	1.0
1252000	-10.090395909566874	-2.617836521469089	-7.472559388097785	-2.4570678457431843	-0.1607686757259046	3.614787637583967	2.0587814169890013	-0.6151344052364941	-1.4552952141016062	0.594458176008717	1.2289410908031568	1.0
1253000	-9.411748930954397	-6.712788123903068	-2.698960807051329	-2.241995630034597	-4.470792493868471	1.6773602691556169	1.0693585140923347	0.021340617355134567	0.30254740660684104	1.2047074078530409	0.042215682827438	1.0
1254000	-9.659183932716902	-4.3763511056719135	-5.282832827044988	-2.9505080287311296	-1.425843076940784	1.7215882985509985	2.0280440136775986	0.7474022216992666	-0.2882188575251249	0.4859305032380394	0.15892124100193813	1.0
1255000	-7.288671010797774	-3.237318005280823	-4.051353005516951	-1.5522287315450338	-1.6850892737357892	2.2578723878331957	2.110081021428879	-0.30408802652272854	-0.09297591155131707	0.6922493069456852	0.15323414533354762	1.0
1256000	-9.247537698748602	-3.320051927957236	-5.927485770791365	-2.189913161867768	-1.130138766089468	3.198096686704499	3.003089356227983	-0.25293828528005025	-0.6944485739999438	0.37719849726300864	0.18068789468913293	1.0
1257000	-10.15971885913471	-5.063798902730205	-5.095919956404504	-3.666090690435624	-1.3977082122945808	3.544154477104515	1.8661947376800525	0.41217153838214116	-0.40354923377155044	0.466440916846356	0.1793070522945767	1.0
1258000	-8.494854048988369	-4.878424237348091	-3.6164298116402778	-2.1066275401119903	-2.771796697236101	1.9531195067590916	1.6836584656194442	0.19690651730234324	0.3370759088691987	0.6219749617837359	0.1365228538505962	1.0
1259000	-12.344446408192903	-2.1303765547224263	-10.214069853470477	-1.5620298200464688	-0.5683467346759574	3.05203488269247	2.9919106440034793	-1.1501458115654635	-1.2427822255836587	0.44885920847554234	0.2662586260513143	1.0
1260000	-7.6769508724022	-3.7692593799920093	-3.9076914924101906	-2.1452615782015414	-1.623997801790468	1.812251144702279	2.156835823167429	0.1132149567994184	-0.121969341214205	0.3932858757381371	0.2430261696396539	1.0
1261000	-7.240539696000722	-4.4985192395054625	-2.7420204564952595	-2.177576670438029	-2.3209425690674337	2.85519946770506	2.8149295277647943	0.06426468475679552	0.1296873594665185	0.40214008144989033	0.028157349638222823	1.0
1262000	-9.523450767431315	-3.58556244679092	-5.937888320640395	-1.3888709360690594	-2.1966915107218608	2.5708162033241773	2.6455179085364118	-0.6358669313254672	0.13461399793947426	0.5697079602669815	0.08598357361775966	1.0
1263000	-9.924196293649674	-5.231861759590425	-4.692334534059249	-3.3210722130376773	-1.9107895465527474	3.8206305836095185	2.4255296512719013	-0.08683245420036179	0.04143868025199171	0.22871181114052946	0.21300756683461705	1.0
1264000	-15.66090250041545	-3.8460014155949516	-11.814901084820498	-3.6262087372051965	-0.21979267838975503	3.342157203057876	1.7359843687922938	-3.075318397380071	-1.8610701913317742	1.567675767613325	4.789482447128922	1.0
1265000	-10.304730941787843	-2.4354584960749825	-7.869272445712861	-1.254132169433781	-1.1813263266412015	2.0829462524458657	2.7392918167925884	-1.604702714236737	-0.4997545152227403	0.4967727934964267	0.4731953360783334	1.0
1266000	-11.439194377836259	-5.151329887452352	-6.287864490383907	-2.210184856498117	-2.9411450309542353	2.1264331333887605	1.4948319906568779	0.3499059106394228	0.23815526178019597	1.9943274364667734	0.0733793257444321	1.0
1267000	-8.057606847442395	-4.29809608016553	-3.7595107672768653	-2.217184129574255	-2.0809119505912754	2.533949902737947	1.7987349770869971	0.28274045448529805	0.01218876733765828	0.42879499912377933	0.150081520352299	1.0
1268000	-7.578421141402964	-3.118553502850337	-4.459867638552627	-1.425518748829088	-1.693034754021249	2.190779888602067	1.862764974960176	-0.5182982261487348	-0.19597389276028987	0.5977914758408627	0.20952463708812785	1.0
1269000	-10.510173942937218	-2.2884645842797164	-8.2217093586575	-1.4603379604524838	-0.8281266238272327	1.8734858983413436	1.5366794464928353	-1.8819160907831676	-1.4766204021399865	0.7060581463430264	0.8235238257933829	1.0
1270000	-11.46657108689814	-3.236668618214642	-8.229902468683498	-1.6583586613679806	-1.5783099568466614	2.899336831838908	2.0876570098093357	-0.5248733447186069	-0.1660981978344675	0.3724276604086244	0.024114276968512094	1.0
1271000	-9.929149835882397	-1.8880419358202598	-8.041107900062137	-1.3401266185842147	-0.5479153172360451	1.9648157598281095	3.130282331617784	-1.1016402622247843	-1.49745293499234	0.6556116579439845	0.7487664900777363	1.0
1272000	-11.163319934056691	-2.0017711498767587	-9.161548784179933	-1.6820477573880241	-0.3197233924887346	2.032907871148304	2.2628712782877516	-2.5501577317836324	-1.1593536803356332	1.0377420827131203	1.5809866394270085	1.0
1273000	-13.957885644965147	-8.170587906956644	-5.787297738008503	-3.940800155474843	-4.229787751481801	1.0323649309523846	3.1018684785879858	-0.6220581909643974	0.7592893142808147	0.5269388285012153	0.2650856124453046	1.0
1274000	-7.840815370419465	-3.258691893181954	-4.582123477237511	-1.615547862527798	-1.643144030654156	2.4657800727557526	1.6262206693440011	-0.2491004537711411	-0.4796477623151765	0.39244327645989974	0.29109424328469063	1.0
1275000	-7.532710117320164	-5.200919839753919	-2.3317902775662454	-2.1593863676263503	-3.0415334721275684	1.739185769966955	3.441113076598699	0.028904863866079294	0.10292824003923431	0.2368790756891314	0.020356900334264447	1.0
1276000	-9.456278673454328	-3.1911599317217156	-6.265118741732613	-2.512337085919853	-0.6788228458018626	3.5149111967928355	2.3236368115342594	-0.3601229553904835	-0.7935898178373959	0.2960512534639531	0.8194567518000362	1.0
1277000	-13.521747874633894	-4.108127278153562	-9.413620596480332	-1.987309708045066	-2.120817570108496	2.448497602402256	1.9604126792467502	-2.788997896727532	-5.146243039688027	0.4321795742131844	10.345217613260708	1.0
1278000	-7.336762574401996	-4.1784604044953735	-3.158302169906623	-2.0959172048852324	-2.082543199610141	2.696338369274958	1.7451136160703733	0.10559988666060427	-0.02907402581243551	0.9053969874504162	0.048660680958031895	1.0
1279000	-11.446213974634176	-4.1678645652789195	-7.278349409355258	-1.9853772608107638	-2.1824873044681556	2.1154725652613084	3.952865135510151	0.1500115480546964	-0.9040532071101084	0.46559908115172843	0.1364092188027496	1.0
1280000	-11.86337731657698	-5.61495371819261	-6.248423598384369	-3.4938293056648355	-2.1211244125277746	4.129680629878481	2.135316535573426	-0.419178550071318	0.16545651576926057	0.774843263454683	0.04948257369687971	1.0
1281000	-9.364253189718841	-2.9505669807409287	-6.4136862089779125	-1.5304707695951407	-1.420096211145788	2.808065033010214	2.2155000895946095	-0.617707249783008	-0.2442179865742724	0.9220187803379211	0.5302322832906502	1.0
1282000	-9.914902394670817	-4.119999988170434	-5.794902406500382	-2.125839756039701	-1.9941602321307332	1.6984497894780277	3.726886525558392	-0.08695597451832993	-0.7459989401511632	0.4201852522028153	0.5819362199133613	1.0
1283000	-6.80666712730659	-4.410707779907619	-2.3959593473989713	-1.9568326492102042	-2.4538751306974147	2.4231046204683704	1.5137299126972081	0.1120682385675138	-0.051451625049343246	0.8633821742313864	0.035020773222670144	1.0
1284000	-7.665239978099056	-2.7826310170978257	-4.88260896100123	-1.759991487455304	-1.0226395296425217	2.224638529639798	2.597756512604272	-0.05784752164439788	-0.5595833576988314	0.5813762032119629	0.15693174708612972	1.0
1285000	-8.087224854437798	-4.612127741530809	-3.4750971129069885	-2.176722256060616	-2.435405485470193	1.6331667525293503	1.786438593700863	-0.16495623293334505	0.2178405443642578	0.8637294528136806	0.15789517850135673	1.0
1286000	-8.385992257052575	-2.937844746405948	-5.448147510646626	-1.5015249933809098	-1.436319753025038	1.893039684621303	1.8454823550562376	-0.7573331093908764	-0.39143162392162756	0.6040555558384193	0.9694596836623813	1.0
1287000	-7.927970849777566	-3.9083118419661025	-4.019659007811463	-2.0538312660477507	-1.8544805759183518	1.667713508984601	2.925565610043289	-0.2619452887455227	-0.16819850487066274	0.205592650876882	0.07873380523622406	1.0
1288000	-9.110740006624651	-2.6530406630720247	-6.457699343552626	-2.2565656476567675	-0.3964750154152572	2.964468266740287	2.585049542973989	0.040818234263080067	-1.1195531294032257	0.44113475992388584	0.6547210836223407	1.0
1289000	-7.732303249128265	-3.401293158421071	-4.331010090707194	-1.8026685891119474	-1.5986245693091234	2.2748397448027755	2.1049137017763084	-0.010475261732969088	-0.14857070482580764	0.6851028663299756	0.271250819674414	1.0
1290000	-8.880815076163252	-2.251465706100059	-6.629349370063192	-1.4779638696344213	-0.7735018364656376	1.8055345262441849	2.1599234829826948	-1.3955586778368778	-0.7393022764105226	0.5468222159577938	0.7082668806373985	1.0
1291000	-8.594878442167735	-2.2674153461120454	-6.3274630960556895	-1.3629330163149849	-0.9044823297970606	2.6184664557587163	2.280208750643282	-0.7300476345160294	-0.6076973561332416	0.7622421804600028	0.5159481532472484	1.0
1292000	-10.876595926919599	-4.138547582300452	-6.738048344619147	-1.9679505831331792	-2.170596999167273	1.5868698163859414	3.6925075284014888	-0.7356522039641467	-0.5767943106088739	0.810896479325569	0.5586842419696078	1.0
1293000	-8.84844505144244	-5.322124473297797	-3.5263205781446425	-3.4737398678715827	-1.8483846054262143	1.2576731055610122	1.7979234151650247	0.3022726339298884	-0.13940483945669935	1.3628448413993008	0.07349995681360216	1.0
1294000	-7.661736358262447	-3.5064449051999027	-4.155291453062544	-2.0901222464676277	-1.416322658732275	2.282068526015007	2.5350201298887693	0.2528477401992322	-0.2718115146058292	0.6496595837271599	0.07071969508358669	1.0
1295000	-7.5492523584851385	-2.8136722167363466	-4.735580141748792	-1.5292772539459119	-1.2843949627904347	2.0288673283225354	2.502553999027672	-0.46390985316884437	-0.3500506266520948	0.36221519373066646	0.15475831875307655	1.0
1296000	-12.055758318216927	-3.313011958220696	-8.742746359996232	-2.251430170753765	-1.061581787466931	1.4781204325782515	2.6435578541190736	-2.436857469779855	-3.8493355242122966	0.3745110961046559	14.857086896910012	1.0
1297000	-10.925791948453558	-3.5291316684674374	-7.396660279986121	-2.0750726144012646	-1.4540590540661729	2.59371165134374	2.952628262726801	0.14480357572526342	-0.42744127410153104	0.03953087451658367	0.19119986265907665	1.0
1298000	-7.610967487924722	-3.591750422848067	-4.019217065076655	-1.5130098376620875	-2.0787405851859795	2.3029128781603787	2.427975834765098	-0.35444759331849135	0.1312112987897713	0.49160739774428813	0.10791519429520989	1.0
1299000	-8.24179576361781	-4.103743640966552	-4.138052122651258	-2.4344775281544617	-1.6692661128120907	2.786165745761036	1.7861925384602342	0.3012807102593005	-0.2730885677207983	0.45566482059428415	0.14687674486199911	1.0
1300000	-10.149156588998462	-5.288492555163289	-4.860664033835174	-2.5259508518599283	-2.762541703303361	1.8570560754747474	3.145760257736751	0.5102155700432969	0.1657202297175393	0.3040024798734754	0.10392657920069204	1.0
1301000	-11.380368635899025	-3.0725195905182323	-8.307849045380792	-2.575616553407774	-0.49690303711045836	1.3144451452587265	2.0439255558554104	-1.1778908731311453	-4.032640042529215	0.9494459212656996	8.728402135032102	1.0
1302000	-9.402083050546839	-3.192028595116941	-6.210054455429898	-2.278962439379371	-0.9130661557375701	1.4513969936262507	1.6701197235691074	-0.7453220308558464	-1.0703840630631145	0.36844888975837115	0.3948052421341792	1.0
1303000	-7.351061334089195	-2.9528756674020133	-4.398185666687182	-1.6628951221239703	-1.289980545278043	2.340745046624978	2.3560268601776544	-0.1655270929033501	-0.3264065057305204	0.18264845743408806	0.07456877064717335	1.0
1304000	-8.694667832389722	-4.476057785433886	-4.2186100469558365	-3.3639388400648604	-1.1121189453690254	1.1733251075273188	2.071812589378901	-0.3861851599053393	-0.4973847511885714	0.5320201000651915	0.2295972058979702	1.0
1305000	-8.977275733920498	-3.1777376020538872	-5.799538131866611	-1.4419400276568712	-1.735797574397016	2.1743766645396705	1.5737043432168538	-0.49793145365365626	-0.48770273132203495	1.1307817934683972	0.11299278858994127	1.0
1306000	-9.840429501140973	-2.0117725711082155	-7.828656930032757	-1.47464970759437	-0.5371228635138454	2.9358764639755663	1.3947650876612452	-1.019064396803604	-2.6966242580105346	0.4992960634502841	3.5103887711060096	1.0
1307000	-11.067849361045361	-4.83355465232093	-6.234294708724432	-3.4880833856479194	-1.3454712666730106	1.1360639720320436	3.0256539665796973	-0.4708921022097949	-0.549215568753008	1.2395641429927415	0.29734306607911504	1.0
1308000	-10.10122639998257	-3.8588842302565425	-6.242342169726028	-1.9566560502872914	-1.902228179969251	3.238551765263661	3.318216113397175	-0.5994829880928825	-0.4011077703362493	0.5048229592611104	0.18124124576337142	1.0
1309000	-10.105630522983144	-4.267533446331421	-5.838097076651723	-3.2318020027479193	-1.0357314435835017	1.332137883054836	1.9754739499339962	0.2978728507958302	-0.6074255603155649	0.9053992795557652	0.06450439608872754	1.0
1310000	-7.268828996467258	-5.243153342832585	-2.025675653634673	-3.484514356824601	-1.758638986007984	1.1759544646108935	2.455251681265067	-0.13401484082499532	-0.04894257957184023	0.8162145322874313	0.02932721375671464	1.0
1311000	-8.944137601110771	-4.612398823222954	-4.331738777887817	-1.966582547259959	-2.6458162759629946	1.9086577292444884	3.1086501769716444	0.015362466842251454	0.13378957699463767	0.43896805227555746	0.2486518838807643	1.0
1312000	-8.83487971671812	-4.458433688347287	-4.376446028370832	-1.9673080405827728	-2.4911256477645143	1.806930596959271	3.5899650505938867	-0.10626898899398426	-0.2824960543861545	0.14789381937486665	0.0406061449380645	1.0
1313000	-9.71254967289567	-2.427607111687572	-7.284942561208099	-2.010288969068454	-0.41731814261911815	2.100968938906425	3.060251986017805	0.1697732350940737	-1.6184633375025554	0.24581845405718475	0.8885940910196657	1.0
1314000	-9.683557185042174	-2.5800903331503964	-7.103466851891778	-1.4116841027539984	-1.168406230396398	2.2922644498951574	1.2419939075570257	-0.5120243718279502	-2.2615080885926453	0.7947459680850453	3.068599916674179	1.0
1315000	-9.029613509846953	-3.9803981824117054	-5.049215327435249	-1.6088516056875948	-2.3715465767241106	1.8455233320207631	2.8708141319168154	-0.6226251412856713	0.12882588503213843	0.3203637255013561	0.16457583349943194	1.0
1316000	-7.045344954756671	-3.285475676522837	-3.7598692782338343	-1.920504400405581	-1.3649712761172559	2.0406875643635325	2.2759156072959232	0.057903071383254096	-0.2759293712089316	0.8754392962471055	0.06481873818398873	1.0
1317000	-8.82857863101302	-1.3049904920521636	-7.523588138960857	-1.1798710097735938	-0.12511948227856973	2.3189266650780787	1.825040579960424	-1.464911649731341	-1.830652958615363	0.7439482632903996	2.702455192341129	1.0
1318000	-12.677332866991586	-2.7222776366189994	-9.955055230372587	-2.26436613554743	-0.4579115010715693	3.187731755485597	1.9075956349686556	-0.1693725527016643	-4.084689727498074	0.8184994525337148	24.73583663427268	1.0
1319000	-7.532673712744758	-3.2682580776150196	-4.264415635129739	-1.6288395983204111	-1.6394184792946085	2.5767653395401156	2.5464225444565645	-0.28263724387527633	-0.13832324438400523	0.2306077110088358	0.12384079863575884	1.0
1320000	-11.189171550176704	-4.167060487255577	-7.022111062921127	-1.8921583572833764	-2.274902129972201	1.6030397454595127	2.9822238586801064	-0.864652519028227	0.025270413013854354	0.7051873158791588	0.10740673804005933	1.0
1321000	-11.951325450515373	-4.272390373676551	-7.6789350768388225	-1.9495971345369671	-2.3227932391395836	1.74951278151267	2.169406728579693	-2.677456973016504	0.2758604462535523	0.4712625160412498	2.037680181464124	1.0
1322000	-8.009719093062047	-4.886834995711407	-3.122884097350641	-2.658860627761003	-2.227974367950404	1.4218130288665765	3.184644486052724	-0.13636779389795203	-0.11874837466879982	0.6418977290980603	0.05856040925364546	1.0
1323000	-7.949911004198567	-2.914822979960258	-5.035088024238309	-1.5713469688086263	-1.3434760111516315	2.558304370200318	2.140402862848848	-0.3448487573200797	-0.3085697100135708	0.5257919174549535	0.4509147731434061	1.0
1324000	-9.916456048680615	-6.003743886240166	-3.912712162440449	-3.2316177459502122	-2.772126140289953	1.2447691648220074	1.771493766146631	-0.1087849576342637	0.3974795252332152	0.3966386159646001	0.27948491929540137	1.0
1325000	-9.38248913180861	-3.582881407062537	-5.799607724746073	-1.7640234912589232	-1.8188579158036138	2.6018014477917903	3.0734987938090876	-0.14450318466057255	-0.2752298825949337	1.0838803934927899	0.04579282856130842	1.0
1326000	-8.207845924894293	-3.8859585637844454	-4.321887361109848	-2.523135988112548	-1.3628225756718972	1.4200723695313313	2.450569986103195	-0.3785085075892233	-0.2887162606029424	0.2837311201758718	0.15477576246336322	1.0
1327000	-7.311603238064807	-3.8419172608191303	-3.469685977245677	-1.9350427731173117	-1.9068744877018187	2.5103920592662874	2.266745834881232	0.06289559497440075	0.05354141947113983	0.9038981425253151	0.05214464849204108	1.0
1328000	-7.515269094796523	-3.977148063852855	-3.5381210309436675	-2.185023462776268	-1.792124601076587	2.0970273180020644	2.356323173466028	0.32425243920676505	-0.016089016272969936	0.4099044435046514	0.04100445133784652	1.0
1329000	-9.524087413542299	-2.8694302959345706	-6.654657117607728	-2.472047173460183	-0.39738312247438756	2.4327509824651674	2.422677339897662	0.4996547080089033	-1.0712029158800405	0.7032314541616357	0.5075984119211548	1.0
1330000	-10.332664731194939	-6.162984812148245	-4.169679919046693	-1.8112889888472106	-4.351695823301035	1.777164348380343	1.182398292261288	-0.3937199946548537	0.5401695686343135	0.560236592168993	0.26494021228651493	1.0
1331000	-12.14409548653381	-3.946802160308015	-8.197293326225795	-1.987361661344977	-1.9594404989630378	3.3821785569026837	1.1584310121634365	-0.9117156196726444	-1.5624389078201164	1.1138149472126189	1.3177698013641157	1.0
1332000	-10.910067437014291	-5.256746246209415	-5.653321190804876	-1.3994654110877214	-3.857280835121694	2.27131827930691	3.429656458546209	-0.5367023270166422	0.4411666227740704	0.45443480602496356	0.17014666751553492	1.0
1333000	-9.694945394515774	-4.079993532062703	-5.61495186245307	-1.583806896259393	-2.4961866358033102	2.5245886769846737	2.127728375310585	-0.3120013143580509	0.36192617029038326	1.0214490668288867	0.06151814937338565	1.0
1334000	-8.363456179051896	-4.614129699284701	-3.749326479767195	-1.9932862522491739	-2.6208434470355275	2.7707460647881486	3.6316638522107234	-0.030550827473110193	-0.24729853837513704	0.30476000582307444	0.04426607898974235	1.0
1335000	-9.286126000899397	-4.114712049441336	-5.17141395145806	-2.791058562872638	-1.3236534865686984	1.7058271122447495	2.248359750255577	0.6079674777800798	-0.30513622553035885	0.8369425084277812	0.1441565587540179	1.0
1336000	-8.934297858991918	-3.3228352867527082	-5.611462572239211	-2.242550276655736	-1.080285010096972	1.6127519192829285	2.308386340506646	-0.12269802872628033	-0.4724544817505228	1.3930157280786772	0.07829690995215279	1.0
1337000	-12.382425428513864	-6.984226818989084	-5.39819860952478	-5.615630831617148	-1.3685959873719362	0.787535544431858	2.7397674987638996	-0.5787474699858309	-0.37255304065001627	1.2418038991984361	0.17371291450339904	1.0
1338000	-11.543203664293605	-5.398983445774666	-6.144220218518939	-4.4809705012242365	-0.9180129445504299	0.9107214829310053	2.326895756423276	-1.4519818281630033	-0.5947484962824073	0.7035945806084202	0.786107448985884	1.0
1339000	-7.379285289821423	-3.5495261442828747	-3.829759145538549	-1.9742483090246825	-1.5752778352581922	1.8394932600298728	1.7937491811267359	-0.051988812064289736	-0.33399918750804564	0.21521060925772942	0.05620301754366866	1.0
1340000	-7.619615224847555	-5.02258122018352	-2.5970340046640352	-1.9412714912378615	-3.0813097289456586	1.9249556095865392	3.633256966410691	0.0014277301845427304	-0.018523851096228977	0.49204279822728486	0.033397698770681744	1.0
1341000	-10.405035600041932	-2.8795375374949423	-7.5254980625469905	-2.3411103227906422	-0.5384272147043001	1.3796907783909258	1.9324765801704646	-1.4316012242564446	-1.1056222172654615	0.5832015386139922	0.4793486690447111	1.0
1342000	-7.011088816329201	-3.899096585515421	-3.111992230813779	-1.8786551767704918	-2.0204414087449294	2.2768925071316355	1.6212127071444653	0.06480970093112287	-0.2029730015522921	0.2830024657077917	0.06807950905834667	1.0
1343000	-8.406219092978137	-3.9091269293199895	-4.497092163658149	-1.9706339515977982	-1.9384929777221913	1.6577020868412384	2.8169553048021903	-0.4332577903987772	-0.06807708569050652	0.23088512283865414	0.1273706570673283	1.0
1344000	-8.07598467609127	-4.844424557015575	-3.2315601190756946	-3.045536209031946	-1.7988883479836293	1.285487142945783	2.7234657487990503	-0.17960489909748845	-0.10529125888599107	0.799828878807582	0.07948745646317412	1.0
1345000	-10.120582261314016	-3.732489058757487	-6.3880932025565285	-2.0989463236581223	-1.6335427350993648	2.5261209074267477	3.39002513326689	0.19478460582815238	-0.6464693043484389	0.1642389529206057	0.10087380592228971	1.0
1346000	-10.947808516775979	-2.93713167816588	-8.010676838610099	-1.6602089909834632	-1.2769226871824166	2.3899627355409505	3.374571882160035	-0.17609147515674453	-0.9276084826363293	0.5033055660449458	0.1081096150374915	1.0
1347000	-9.687840630296916	-0.9606092552613212	-8.727231375035595	-1.1745758606164909	0.21396660535516965	2.376357837480976	2.2859514183619893	-1.3430254044782846	-2.6823968879754307	0.8771194245413519	3.5074227330742604	1.0
1348000	-8.803824867750151	-3.38941429131925	-5.4144105764309005	-2.3435513727221515	-1.0458629185970985	2.4984076126053014	2.277033069520544	0.38843131956568444	-0.4994084802851717	0.7557475773481659	0.16811541579802317	1.0
1349000	-6.92071325014346	-4.391083612223598	-2.5296296379198617	-2.1235793569187944	-2.2675042553048037	1.822697110082254	1.8133407042312475	0.10150173470513082	0.1362612237588938	0.5338125186381077	0.06555836360429665	1.0
1350000	-9.164155086263637	-2.4158028737585084	-6.748352212505128	-1.8678473639663142	-0.5479555097921942	1.7597757984505846	2.3191355252318515	-0.33779041783331687	-0.9143010743624251	0.12641421210252385	0.4408995820123734	1.0
1351000	-8.205238598102301	-4.995068367631157	-3.2101702304711437	-2.570224381870603	-2.424843985760554	1.5291516050596523	1.5956800730875254	0.09566571440398663	0.039862441734641735	0.3640999703570885	0.16215024926411903	1.0
1352000	-8.414363785689975	-4.380835883981157	-4.033527901708818	-2.3035599952056938	-2.077275888775463	2.085958544662553	1.7580753334377346	0.4190319047155389	-0.02154230407574495	0.87189372136893	0.08762388329242973	1.0
1353000	-8.170919918264339	-3.0732786783830583	-5.0976412398812805	-1.5472659700007227	-1.5260127083823356	2.796287259432126	2.283171312340993	-0.5745557319970125	-0.17219705273877567	0.281309959845663	0.15697514646019897	1.0
1354000	-11.682525159473442	-3.661611047817706	-8.020914111655737	-1.8938907250089763	-1.7677203228087297	3.1079289573321556	2.7390024123940355	-0.47511076836033583	-0.12919171308587224	1.348750116178626	0.10926628143979043	1.0
1355000	-9.198531133261152	-3.0722929026601697	-6.126238230600983	-1.3245482455517745	-1.7477446571083952	2.255471831804785	3.0668430000745195	-0.6888100579474734	-0.31345875710664456	0.5652270091534689	0.8052228641963453	1.0
1356000	-10.159811608882086	-2.135389601362073	-8.024422007520013	-1.8504427953019356	-0.28494680606013745	2.082264752374652	2.681737429853752	0.0023982189756075467	-1.314627010644565	0.38256127459231964	0.21787698837382682	1.0
1357000	-10.213347321784056	-4.482718281918962	-5.730629039865093	-1.2995563611200254	-3.183161920798937	2.0720993491886874	1.3893370459602912	-0.9454039347415226	0.22836522534364656	0.8880837970880257	0.2311814829409786	1.0
1358000	-10.603065931873068	-1.7914861958112471	-8.811579736061821	-1.4404909416205864	-0.3509952541906607	1.9418027012773822	2.9871522221269644	-2.005781714440155	-1.6004602559070051	0.5319742446372602	1.099459516556705	1.0
1359000	-9.029340800878824	-2.4455028081573476	-6.583837992721477	-1.487837040896725	-0.9576657672606226	2.402608309595068	1.6484605814210218	-0.3993024005826643	-1.0637672616912897	1.0496630362700323	0.8271298761371457	1.0
1360000	-7.880362995091032	-3.9332967192953854	-3.9470662757956463	-2.0938060429444922	-1.8394906763508931	1.6974003421359611	2.7821075157880437	-0.13290561860810615	-0.10701694902711636	0.6412893345613901	0.17648669261570435	1.0
1361000	-7.489176902414421	-4.590442608677695	-2.898734293736726	-2.231737883792438	-2.358704724885257	1.5548343393939537	1.550769527653853	-0.31809661414326995	-0.06245719786561646	0.8439389613204606	0.07250056026951807	1.0
1362000	-8.495888425645624	-3.0624524568143077	-5.433435968831317	-2.068441212033262	-0.9940112447810456	1.7720584547150688	1.8370361382127878	-0.030645844129259046	-0.758219159531523	0.35166952073777313	0.928929805757623	1.0
1363000	-10.409146636118424	-5.705261590117345	-4.703885046001078	-2.9795316402620973	-2.725729949855248	1.4136806323228184	2.6733160818742614	0.2664506356619364	0.3747870280461171	0.5191001627850181	0.4480508149073827	1.0
1364000	-10.651052815024181	-4.225143430568041	-6.425909384456141	-1.9547975537478592	-2.2703458768201816	3.074351399807067	3.433910311852398	-0.3543181327282118	-0.2763033949886721	0.8491917550823146	0.08053675845291702	1.0
1365000	-8.005222456512776	-4.080705301933828	-3.924517154578947	-1.8742621872189034	-2.206443114714925	1.7069256880787018	1.7594893725510359	-0.46230546741508627	0.06126344577425413	0.8463816103852538	0.14514613046134053	1.0
1366000	-8.72607521250696	-4.3419491667378125	-4.384126045769147	-1.6692467140809697	-2.672702452656843	1.9387130273477395	3.2462663662610227	-0.34310420158124866	0.06310621643289432	0.565165126574935	0.14150367538341918	1.0
1367000	-8.198762047788891	-4.675570752288702	-3.5231912955001894	-2.3207089641124865	-2.3548617881762155	1.6015898226435699	1.5340459486038567	-0.04280468309671014	-0.08917406644275477	1.1977563145499686	0.17599310759341444	1.0
1368000	-10.314009659830493	-2.528085934980438	-7.785923724850056	-2.01612879082977	-0.5119571441506681	1.930284613387645	1.421229108473461	0.08860858562142793	-2.563503979171222	0.5983880368093757	1.2057064665057626	1.0
1369000	-8.214173065774773	-4.084575569448561	-4.1295974963262125	-2.555950801092517	-1.5286247683560443	1.5614840755716533	2.815833240222159	0.15762211884227717	-0.305419742764644	0.6486904772289447	0.17290974761714945	1.0
1370000	-8.75265638026061	-4.018258937893839	-4.734397442366772	-2.237611054758247	-1.7806478831355923	2.423543137250338	2.034538403788585	0.3384837927355952	-0.054328281802177414	1.1065936514401769	0.05803155220949949	1.0
1371000	-8.162099724993901	-3.0907517992870526	-5.0713479257068474	-1.5871939193857543	-1.5035578799012983	2.8264067396445864	1.8244647679566928	-0.5453443056652261	-0.3593582599846272	0.5166373640110875	0.30299164136681883	1.0
1372000	-9.603041311115813	-4.145489467709814	-5.457551843406	-2.4389226157068036	-1.7065668520030108	1.4145225629221982	2.0423623892121214	-0.5900270468922074	-0.09801055747995902	1.0296737723095923	0.9287725847903294	1.0
1373000	-10.766772220341107	-6.027235299403861	-4.739536920937245	-3.1037606679096825	-2.9234746314941784	3.8048713647643013	3.2011267215796253	-0.2373535856026725	0.2047079217855894	0.40427650790881514	0.11373117995569437	1.0
1374000	-9.312300444824555	-7.131640570510246	-2.180659874314309	-2.1768229169355475	-4.954817653574699	1.6378855915624657	0.9309215861485779	-0.15275799248219465	0.10137325481288974	0.4992235715193163	0.07865409377417036	1.0
1375000	-8.486988499116197	-2.501572570204722	-5.9854159289114754	-1.7762961740456067	-0.7252763961591153	2.0092501582685576	1.629629871787658	-0.12512339554874208	-1.3673018684578304	0.5980352981990683	1.009181952970191	1.0
1376000	-12.265476194659055	-6.203352335628776	-6.0621238590302795	-3.7277392906391817	-2.4756130449895943	4.293011071319118	1.8790478551127396	-0.5049830709651127	0.29047988086487564	0.4390166467269696	0.6838927785069676	1.0
1377000	-9.484049864652263	-3.2011252478433327	-6.2829246168089306	-2.148631049383301	-1.0524941984600318	2.3869469750100496	2.3745079381435734	0.2809599614495436	-0.4939678402974311	1.00395938499418	0.532181450106517	1.0
1378000	-9.064130034007672	-3.0239726636497943	-6.040157370357878	-1.7803458827596224	-1.243626780890172	3.0163610370094185	1.8160153198768245	-0.501982011615353	-0.5677556466025467	0.8545594930131114	0.25768872896568884	1.0
1379000	-9.822428497421493	-5.739997582897509	-4.082430914523984	-2.3162148374403593	-3.423782745457149	2.8691891415457063	1.2081981568345275	0.1609945773353435	-0.009412291040827789	0.7285989795777247	0.24343419937318989	1.0
1380000	-7.855195443229479	-4.3181669325626615	-3.5370285106668176	-2.3071376338620606	-2.011029298700601	1.7620514461019297	2.650041673078709	0.2252283222606834	0.03738501143457406	0.6353552884978471	0.10421167110148938	1.0
1381000	-8.705851999003304	-2.3062631719535194	-6.399588827049785	-1.467550889184949	-0.8387122827685705	2.0591128797857094	2.347285635123376	-0.5423929962505079	-0.6578852712330452	0.8094003318187825	0.14535118691375704	1.0
1382000	-9.104236445553639	-4.836518717253119	-4.26771772830052	-2.1014959123294883	-2.7350228049236307	2.0011340349818676	3.6725191698737167	0.21835434102651452	-0.22141476547069583	0.27962460682164386	0.12243336931739957	1.0
1383000	-10.107472646325048	-1.9963271494896038	-8.111145496835444	-2.187115501444625	0.19078835195502108	3.358302617573754	2.401452243647417	-0.4849390962402599	-2.172986880444755	0.43637673947089767	4.962375277987466	1.0
1384000	-12.971270647536052	-5.857243023572089	-7.114027623963963	-2.073266479464289	-3.7839765441077997	1.9914857419338885	4.542162725465624	0.18654475379270857	-0.5476583182344772	0.7847340071353617	0.5171099864554094	1.0
1385000	-9.686541595657877	-4.612900990508624	-5.073640605149253	-1.7642583301830719	-2.8486426603255524	2.9553142793576272	3.015453206979747	-0.44441824134237545	0.27596527527602277	0.3854845626624738	0.11464390744662964	1.0
1386000	-7.1280864596919535	-3.820347645659023	-3.3077388140329305	-1.9364463111135137	-1.8839013345455093	2.030124800961094	1.6698134772481907	0.06925820842198566	-0.24037521440249296	1.0305912739464005	0.018094996285367964	1.0
1387000	-9.634206681452683	-2.7325737503824516	-6.901632931070232	-1.351375618584779	-1.3811981317976727	2.5376246435773324	1.7825936711532226	-0.687147048850758	-0.49181880314743126	1.0313208952141575	0.13277252516855625	1.0
1388000	-8.598590629088836	-4.107625341143292	-4.490965287945543	-2.252680335119379	-1.8549450060239128	3.1369466172581086	2.6962943197624356	-0.12462776069391072	-0.06352396224070384	0.6483013039349469	0.12578380497830152	1.0
1389000	-6.736948122538191	-4.002765378735173	-2.7341827438030184	-1.8196268305345704	-2.1831385482006027	1.9410262674995458	2.5034860273489667	-0.12996370234900212	0.1692791357532039	0.5509566309957665	0.030348390208266653	1.0
1390000	-10.170678884528439	-5.732786361037907	-4.437892523490531	-2.6112241358840746	-3.1215622251538324	1.5246679387031732	3.613239744369016	0.13471245039138896	0.015250847140920676	0.17392224078494908	0.15718344365202633	1.0
1391000	-8.447165085999078	-2.5517111656743845	-5.895453920324694	-1.51235635680459	-1.0393548088697946	2.7844857161538745	1.8679073314020223	-0.6205484103621042	-0.6881070030104661	0.5546155876792587	0.773787402185268	1.0
1392000	-8.060201745201075	-4.728959249367437	-3.3312424958336386	-2.751197435219774	-1.9777618141476632	1.3430091186203403	1.8601373068275613	-0.37360444536780485	-0.011856762982330432	0.5415529378003904	0.13976888171101484	1.0
1393000	-9.376854133531687	-2.5576091343114484	-6.8192449992202375	-1.4146239330221313	-1.1429852012893171	2.194300988677367	3.3521741714334254	-0.5360402679646998	-1.0335770884780282	0.19167918111831803	0.7355028052382427	1.0
1394000	-11.848937623755122	-4.215358185938721	-7.633579437816401	-3.3123093616261907	-0.9030488243125303	1.1625215738512804	1.6085713993216204	-0.6160119503295727	-1.2046063833590408	1.2799066435636035	0.21352216047543776	1.0
1395000	-9.365044031851149	-3.9776242714160093	-5.38741976043514	-2.6832014788007905	-1.2944227926152188	1.3052800081600144	2.1783833176080507	-0.8499696151931706	-0.33430605133618896	0.9489374094634623	0.49342139789863987	1.0
1396000	-9.620520202218085	-2.871202960873056	-6.749317241345029	-1.776998445710115	-1.0942045151629411	2.537833166147095	3.4242419504955026	-0.09926382048742088	-1.2019458795757039	0.27284703407257044	0.8090638777919512	1.0
1397000	-8.168328468237377	-3.6986722591076644	-4.469656209129711	-1.7475526910291315	-1.951119568078533	2.5704566317211377	1.9985416408511028	-0.14533881125313852	0.03718886279486289	1.1048988619440325	0.09700414586624437	1.0
1398000	-8.571255759657712	-4.521970562584084	-4.049285197073628	-2.31364520707234	-2.208325355511744	1.5423094293562996	2.189161741923478	-0.22610728243942624	0.21674526573835173	1.0163793208017478	0.1548141334134706	1.0
1399000	-8.815469260094625	-3.8233850458390446	-4.992084214255581	-1.7615526120337925	-2.061832433805252	2.012260781273497	1.5174233972267464	-0.14120605385509433	-0.32801831495923506	0.1083353829539013	0.04389544470854191	1.0
1400000	-9.0968040745667	-3.80280439653559	-5.29399967803111	-3.065126126647794	-0.7376782698877964	1.2604503996645218	1.7510641872707093	-0.3033569390363328	-1.1204791670223435	0.5791110587599436	0.5709407438201385	1.0
1401000	-8.229363268226901	-5.056540246714569	-3.1728230215123334	-2.1551044657333716	-2.9014357809811973	2.8641865376858693	1.421714367683407	0.039178518055411005	0.10113625888583305	0.31190841549040216	0.09102989226391972	1.0
1402000	-11.688976959846736	-4.339357453846054	-7.349619506000682	-1.8346646866816076	-2.504692767164446	2.165737437815257	4.215496670010604	0.011907437883043936	-1.0584176020168343	0.11217683311583432	0.5559554003013573	1.0
1403000	-9.698766669391354	-4.6838771223343105	-5.014889547057044	-1.6795684306914076	-3.004308691642903	2.8328486832067896	1.2263688762008702	-0.4189580010745668	-0.27182514098668487	1.0151270928368177	0.23696106250125212	1.0
1404000	-9.021079833158861	-3.4795191967684325	-5.541560636390429	-2.242108072464921	-1.2374111243035113	2.2828079021806658	2.763808435204463	0.3733795105808783	-0.4717844022608415	0.3828425949542691	0.07353544703325066	1.0
1405000	-7.7398105597644715	-4.074715029078819	-3.665095530685653	-2.3568852037887424	-1.7178298252900763	3.1928955394304	1.8030676043129596	-0.09320887518683088	-0.22431534460344674	0.2911682363839643	0.0880007746161862	1.0
1406000	-11.218155007709955	-2.8279548885247454	-8.39020011918521	-1.9387565939485647	-0.8891982945761807	3.0362374589317724	3.4713994733236007	-0.32692580791355047	-1.810932989012191	0.1466015271185745	0.9187017362416027	1.0
1407000	-10.26940804305788	-2.7287887976787033	-7.540619245379176	-2.311805139536135	-0.4169836581425681	2.7402450868220334	2.9395716584518783	0.24412313038463485	-1.3935998206452802	0.4308951875939854	0.40385675142323374	1.0
1408000	-9.66291803581589	-5.157769058954298	-4.505148976861592	-2.5286562081883517	-2.6291128507659467	2.515377944430614	1.615998623526085	0.5053979224397722	0.19120749381620017	0.3704008795370477	0.22077541815638063	1.0
1409000	-9.38202500573471	-5.2639900980497645	-4.118034907684945	-2.1913219735259606	-3.072668124523804	3.0694021125426985	1.3004855489568292	-0.10997031968197266	-0.02480942341502463	0.3892186399251677	0.2639524417247658	1.0
1410000	-7.668859734377434	-2.8093695804095153	-4.8594901539679185	-1.547683397029985	-1.2616861833795303	2.07420962449285	1.8170851586367873	-0.3910698132217323	-0.5521050546118964	0.7501001742696913	0.24483976359607004	1.0
1411000	-8.932445463733078	-2.3789994271365824	-6.553446036596496	-1.7997495784346533	-0.5792498487019291	3.194981911430118	2.3834828068720078	-0.8021036651920315	-0.8848924032560669	0.3430941720335766	0.7243473287800206	1.0
1412000	-7.536929968595473	-3.500223099777717	-4.036706868817756	-1.8993586649549208	-1.600864434822796	2.0188650853407	2.325641328375408	0.023607223164399317	-0.12671901224142437	0.47441978489589265	0.24985752677645603	1.0
1413000	-11.706204564125574	-7.717451374049717	-3.988753190075858	-3.085158386986338	-4.632292987063379	1.2334231048662305	0.9156476257835741	-0.4687170856825385	-0.22799189386802235	0.35798758982076967	0.06682776573154423	1.0
1414000	-8.02716495754213	-1.839952812661025	-6.187212144881106	-1.4830079933057103	-0.35694481935531464	2.134122373256675	2.306818700969609	-0.4520429788078373	-1.1116545027411668	0.4777190071049618	1.101395508498428	1.0
1415000	-9.624194000547915	-4.516943860993653	-5.107250139554262	-2.9006660422369115	-1.6162778187567408	1.2559823234140712	2.563068281631693	-0.7188898139228406	-0.1564589878244954	0.7748831183207388	0.1761614917405209	1.0
1416000	-10.903297794013865	-5.003451654499644	-5.899846139514221	-1.8600626927306223	-3.1433889617690216	1.8011374832979283	3.2001366956119237	-0.2662513382263425	0.2992965306757528	0.0797044973249897	0.13917886066835888	1.0
1417000	-7.818600624531787	-4.353190345545636	-3.465410278986151	-2.115590086385035	-2.237600259160601	2.590428431731778	2.492051793215349	0.17896413296589064	0.19951412462080387	0.2880578446576349	0.037431136251012076	1.0
1418000	-7.202032861346569	-3.506622293531456	-3.695410567815113	-1.5752510182651864	-1.9313712752662697	2.53818859479859	1.7158427138957955	-0.32944238668224757	-0.15698552871675397	0.3823480137510473	0.08072166299406365	1.0
1419000	-8.382135466927306	-6.360403488067358	-2.021731978859947	-3.592640916139101	-2.767762571928257	1.1868716834040085	1.5601266537863385	0.10909516183140222	0.21401603781221656	0.5338830854814768	0.03274667613535992	1.0
1420000	-11.886939014872421	-7.834986824229777	-4.051952190642644	-2.6255320685269403	-5.209454755702836	3.5177030488545444	0.8224292255133512	-0.251861600953667	-0.3049442340164454	0.6750142860705872	0.10792715006455227	1.0
1421000	-8.480469171016251	-3.128904307842916	-5.351564863173335	-2.2426105030902974	-0.8862938047526185	1.8512098581608691	2.19834251283618	0.25334909818585305	-0.6347107967756176	0.9570882291961443	0.25762238619697386	1.0
1422000	-9.24534819605093	-4.7855606393757615	-4.459787556675168	-2.389791280304369	-2.3957693590713927	3.203357302282564	1.9050864290905933	-0.07655052682608235	0.25744537008048063	0.12344107894725444	0.06291626496457842	1.0
1423000	-11.526780332855122	-1.4085911853205193	-10.118189147534602	-1.2634042901288822	-0.14518689519163708	2.6523549782574287	2.058322908331638	-1.4283265600694268	-3.6354167987715558	1.1733591658031461	5.806014127718594	1.0
1424000	-13.952725608162758	-4.259190044038694	-9.693535564124065	-2.4318391310322554	-1.8273509130064385	3.700323697338823	1.0635506128131955	-0.9488414530960267	-2.4175813414993366	0.5602031835647541	0.7912723830707376	1.0
1425000	-7.605456586506354	-3.111571477509031	-4.493885108997323	-2.0008591828774254	-1.1107122946316057	1.737953071432597	2.119653020521242	-0.18060749675752047	-0.4811622484020086	0.3472647167754943	0.2812487382347282	1.0
1426000	-8.358132667141621	-5.1380871972179305	-3.2200454699236905	-2.9448076006926343	-2.1932795965252962	1.4017444002231665	1.581842037332507	0.18660375626335135	-0.13353995555380188	0.4387942753896398	0.17875462723181645	1.0
1427000	-11.86627951686997	-5.537385823823887	-6.328893693046082	-3.2441079205816123	-2.2932779032422745	3.7260563383152556	1.5367831225248978	-0.023839745976577967	-0.12797970681064522	0.6377325564894514	1.2564824782820065	1.0
1428000	-10.348447177395995	-3.812803102254586	-6.535644075141409	-2.929174004440304	-0.883629097814282	3.6264087008608925	2.7796252887805535	-0.13560828945219938	-0.748381206564593	0.21684073042268123	0.12340365073465573	1.0
1429000	-10.884787188108131	-7.670702429245633	-3.214084758862499	-2.184874975643319	-5.485827453602314	1.7345564765057475	0.7741175920549966	0.051966962584266585	-0.4089236607339528	0.41044685471511205	0.1102063156983734	1.0
1430000	-10.805849074961621	-4.465051740266755	-6.340797334694866	-2.355153505797457	-2.1098982344692985	1.8147908143532314	1.3995777390697672	0.32844283861569823	-0.5297967525357502	1.9192140271327436	0.4535396667351758	1.0
1431000	-8.63728395998574	-3.2476291081967616	-5.389654851788979	-1.8727261216214997	-1.374902986575262	1.6002739260795076	1.8946783224261794	-0.9530669716877587	-0.3991294369022894	0.5281988201801412	0.3878895395208624	1.0
1432000	-10.293545409536213	-3.179832523702702	-7.113712885833511	-2.275975826496789	-0.9038566972059128	1.5699263206666987	1.4909291907145414	-0.19518060359360634	-1.5158280922483913	1.6872278694734641	1.2532409799819506	1.0
1433000	-10.246956369552871	-3.7408885017993554	-6.506067867753515	-2.127105247151883	-1.6137832546474722	2.915666453588304	1.30956157347791	-0.025439247898459638	-1.2835435654782565	0.2523273519231391	0.6259993703330482	1.0
1434000	-9.786946287932757	-1.43239257341628	-8.354553714516477	-1.6417076656705962	0.20931509225431633	1.8659529013120495	2.028935223077237	-2.3342991015330643	-2.8583271366337177	0.5162606805492782	3.5558241044216072	1.0
1435000	-11.578360825793503	-5.037429108663945	-6.540931717129558	-4.167886269262741	-0.8695428394012037	3.94290310718407	1.8595454825237274	0.2872040140822081	-0.8480498143243849	0.16452566195921625	0.5659875375649177	1.0
1436000	-9.082930306631546	-4.449356869753083	-4.6335734368784625	-2.0781637425206583	-2.3711931272324245	3.1845286166641444	1.4676791222816776	-0.35460063266929226	-0.18550778313083396	0.7932160627425597	0.15174977855719476	1.0
1437000	-7.406282291393089	-4.306086344706552	-3.1001959466865374	-1.8137501271070438	-2.492336217599508	2.024089965390993	2.861409878203815	-0.06973314923194573	0.1907937727788787	0.3427357836991555	0.05252030296426665	1.0
1438000	-13.453309307987375	-5.437731807792311	-8.015577500195064	-2.067648608505614	-3.3700831992866966	1.4862382036735085	4.210269605137464	-1.265730043322459	-0.3982049738963771	0.20741578614019224	5.404349222226021	1.0
1439000	-11.14376601897273	-4.493620928251573	-6.650145090721156	-2.0167950687769753	-2.476825859474598	3.291009262266687	2.129706960377995	-0.6052283275891397	0.35229234555207645	0.14195778259571198	0.10077709814772852	1.0
1440000	-9.701214901578487	-2.8152523656824116	-6.885962535896075	-2.02326899254863	-0.7919833731337818	3.41832818033526	2.4682350812376965	-0.9514951533365906	-0.7077509038965942	0.41017361118226264	0.3949879906918134	1.0
1441000	-9.486879238890582	-3.7746821800440973	-5.712197058846485	-1.5084565603630473	-2.26622561968105	1.9669554475397741	1.78884243840555	-0.585950238102235	0.1193680460629939	0.5751851055565813	1.6477426990592392	1.0
1442000	-7.545288694692548	-4.742456512285386	-2.8028321824071623	-2.5003472668412483	-2.242109245444138	1.5161577660449719	2.2511265608303668	-0.03298270869020273	0.2348560116880279	0.4549945969327519	0.06233513173697266	1.0
1443000	-6.342130048652951	-4.87878399330023	-1.463346055352721	-2.4484240161524573	-2.4303599771477726	1.5294103192691142	1.5468074595044823	-0.06532845753144664	-0.019489238403506068	0.6931721698197644	0.036771605704325	1.0
1444000	-7.198190500167353	-3.410915787360638	-3.7872747128067155	-2.1872735815267923	-1.2236422058338459	1.6825360393764273	2.4970456692102863	-0.03794412640087119	-0.3898205301317119	0.5580805610585948	0.09340850514055579	1.0
1445000	-9.845427364109252	-4.51163618754794	-5.333791176561312	-2.007992431852718	-2.5036437556952222	1.7708068540263349	3.0182387606095005	-0.1104109012707259	0.11753868525808986	1.192642717180708	0.1415309883920924	1.0
1446000	-11.462417816693467	-5.426438098123899	-6.035979718569567	-2.8541203781702116	-2.572317719953688	2.9718564347063317	1.1773566988539994	0.4388930529929222	-0.8119205819699752	0.23895704793674044	0.24121168413835517	1.0
1447000	-9.9934143699479	-4.684756632662701	-5.3086577372851975	-1.4865390817366553	-3.1982175509260453	2.770796522065206	1.1711358089923796	-0.6509838811869906	-0.2936035765411074	0.6735027546600107	0.7196668777202295	1.0
1448000	-8.477546935728107	-1.9268057561078447	-6.550741179620262	-1.4639913101489164	-0.4628144459589283	1.8351640696283127	1.9710453156657592	-1.1405723279463496	-1.1522922064329337	0.3960750643152435	2.01568763299921	1.0
1449000	-6.934982141850233	-3.3047225374422897	-3.6302596044079425	-1.5648847576715	-1.7398377797707898	2.5013854702713667	2.1012739057124765	-0.32597832080602884	-0.0611944839307228	0.38148455810912685	0.06335226305171801	1.0
1450000	-12.77124537302153	-5.0648203414665875	-7.706425031554943	-1.7435455947207217	-3.321274746745866	3.1894323151706137	1.1313904167323043	-1.5181376424113684	-0.3339818441729922	0.350155579174212	0.37233172292380695	1.0
1451000	-10.435653072605756	-1.091141913265564	-9.344511159340191	-1.2910848350609596	0.19994292179539563	2.0496009770630472	2.3213806874192415	-1.0369796293232023	-2.6893559729796177	0.46140081299888097	1.0726064020731216	1.0
1452000	-7.640769314548416	-3.7370345713514244	-3.903734743196992	-2.1858958812913336	-1.5511386900600908	3.1065749027681178	2.706102432099237	-0.15307447884628594	-0.24342950206981556	0.47217019546777694	0.046338356121324364	1.0
1453000	-9.782610005182647	-4.566247854613585	-5.216362150569061	-2.1941145722778677	-2.3721332823357173	1.5333232220245627	3.1425135454858673	-0.4754596306581498	-0.01800849932658318	0.3330547586988316	0.03975431682623709	1.0
1454000	-9.113669962714926	-4.444137564165388	-4.669532398549539	-1.8643420411096097	-2.5797955230557776	1.6802380366407699	1.2506117287839214	-0.5692013275576739	-0.5440469274079273	0.5827683489207145	0.17163266947154326	1.0
1455000	-8.531619828041102	-4.3189512048349545	-4.212668623206147	-2.4277810529100132	-1.8911701519249409	1.4197278665833	1.9127820818536951	-0.5822088100413689	-0.03650002943133909	0.7059381812130469	0.11290888559827807	1.0
1456000	-11.283091630638658	-6.504700967456737	-4.778390663181922	-2.4254479713289854	-4.079252996127751	3.43375557738454	4.076125516735835	-0.32854250393658035	0.065485379549591	0.22400355986642576	0.10171184534459109	1.0
1457000	-8.507972974974418	-5.104616986338681	-3.403355988635737	-2.5070171720522616	-2.5975998142864194	3.1157174762786184	1.7113212434605722	0.0998609649274599	0.25875135792313986	0.5160111338774304	0.044289179328279554	1.0
1458000	-8.638458980531524	-4.098723223598888	-4.539735756932636	-1.9541763513540271	-2.1445468722448613	2.7781999672325868	3.4184229013160983	-0.07161869283601768	-0.3361440703480192	0.18478025823822897	0.06767070858028511	1.0
1459000	-6.010203619646519	-3.9064061230603393	-2.1037974965861794	-2.037933629612084	-1.8684724934482553	2.7456778972424325	2.2808377918207725	0.025871775783986486	0.03164720980265985	0.637735799964086	0.020655413378203768	1.0
1460000	-9.905771508610394	-3.942754676682368	-5.963016831928027	-2.104970558073049	-1.837784118609319	1.5093294951288039	2.311757438788423	-0.8336165747219311	0.013127919236619379	0.4629909458190411	1.8794919502446088	1.0
1461000	-10.138120381025313	-3.8461431918774647	-6.291977189147848	-2.281897091367952	-1.5642461005095125	2.3837745625134663	3.302556496326374	0.3825049854159314	-0.6146661494362228	0.17649463922438088	0.12924882918612698	1.0
1462000	-7.973348410138869	-4.028260298239873	-3.945088111898996	-2.268322539003396	-1.759937759236477	2.830484322043523	2.0273311086191343	0.15286437374044434	-0.06956840706689188	0.47669040486490094	0.1697693826956576	1.0
1463000	-8.343047401034536	-3.862135407988646	-4.48091199304589	-1.9865174022771601	-1.8756180057114857	2.6946756087004453	3.2009242223700713	0.01398323151688352	-0.3279676112435391	0.30596752918935793	0.15200634264615495	1.0
1464000	-10.092827206329934	-4.102675364533232	-5.990151841796703	-1.3818479697361887	-2.7208273947970434	2.26338078380172	1.2686868298278637	-0.5704874296580696	-0.3726758527566306	1.3523684504734708	0.7045469702400142	1.0
1465000	-9.871983008133657	-3.606123733826629	-6.265859274307028	-2.2448385156952355	-1.3612852181313935	1.4940706962035057	1.6034438167192884	-0.5613184582095132	-0.7551553358258448	0.20682145788496803	0.194967875803439	1.0
1466000	-10.322198760498072	-5.151376570069805	-5.170822190428266	-2.8331793077039693	-2.3181972623658353	1.300152990929575	3.5935529251056857	-0.49485124099702116	-0.3850798659099736	0.5385729031492608	0.1332771747126623	1.0
1467000	-11.080776776023097	-5.336115421096748	-5.7446613549263486	-2.6871903704214546	-2.6489250506752935	3.736386029732071	2.6173809349995913	-0.5572622457785288	0.35973990792238075	0.33869033156128087	0.1440517279923873	1.0
1468000	-8.051543631104778	-2.4515072025496396	-5.600036428555137	-1.371536293177794	-1.0799709093718457	2.495162083733232	1.8841865140038814	-0.6216770660971828	-0.6391827466837603	0.4531848278329844	0.2540080043297664	1.0
1469000	-7.885918263988052	-4.23513994492021	-3.6507783190678422	-2.681741606587636	-1.553398338332574	1.474196552239765	2.1266082622725166	0.08232946897837677	-0.1724684404861493	0.20031177994022464	0.09949020406157345	1.0
1470000	-8.783329095784609	-1.5573811995275566	-7.225947896257052	-1.2270504063665442	-0.33033079316101244	2.586667763617574	2.1362575884940287	-1.359992008453603	-1.188685246576901	0.4634784925869606	0.9563409781578205	1.0
1471000	-8.424498781908515	-1.9005607368948478	-6.523938045013667	-1.5199560019492395	-0.3806047349456083	1.8213173897793875	1.7975677282307894	-0.9528807429772695	-1.4767468301753155	0.5020267423132649	2.2046528142660526	1.0
1472000	-6.241329442879909	-3.4756270774491487	-2.765702365430761	-1.8200706142977676	-1.655556463151381	2.2984340322466945	2.4093158489753908	0.006282977157213043	-0.10151377883035695	0.6713691608354972	0.042833354332454755	1.0
1473000	-12.247828435135482	-5.507535307603107	-6.740293127532373	-4.8711291798583565	-0.6364061277447508	0.8598785038685437	2.9083556779352424	-1.2317380662148627	-1.0735742329875135	0.8729851895473025	0.9821208617740241	1.0
1474000	-8.76064710123197	-3.6347856356134365	-5.125861465618534	-2.1569362943244013	-1.4778493412890352	3.3398012996724704	2.3660610268792754	-0.4927456518692945	-0.2051617607226684	0.32806701353469686	0.25204255722314356	1.0
1475000	-10.97481057487908	-5.6043136325167175	-5.3704969423623625	-1.6898753122742534	-3.9144383202424637	2.7018933328177632	1.2585161156602387	-0.29081919651561805	0.4390281469032141	1.186199036724891	0.25445117112337773	1.0
1476000	-9.157574980404835	-2.6979155962588406	-6.459659384145995	-1.785994767767158	-0.9119208284916827	1.6159646302037594	1.5221396252152646	-1.2545110725375501	-1.4113032517784556	0.4654615997104028	2.51956662273052	1.0
1477000	-10.563323777139924	-4.74002715569058	-5.823296621449344	-3.059724408398055	-1.680302747292525	1.2858184688038767	1.4703057600350484	-0.15359172223950016	-0.7370801190122256	1.2321700276315568	0.08032548804842339	1.0
1478000	-8.72082115251144	-4.622123028293638	-4.098698124217804	-2.474345194623236	-2.1477778336704016	3.269585193047006	2.8685029072763086	-0.0776239009679833	0.01836820582523832	0.6143748414837849	0.08011628827151412	1.0
1479000	-7.747514924607252	-3.2824543278277254	-4.4650605967795265	-2.188263202033415	-1.0941911257943104	1.889741920096282	2.1298160119946656	0.23218436405758927	-0.4904410835990158	0.5489747868762029	0.09096696395718773	1.0
1480000	-9.335506251143425	-1.7868959738484014	-7.5486102772950225	-1.5468354444087593	-0.24006052943964207	1.7747053462092843	1.9875511736614437	-1.7725692907298365	-1.4098178880042247	0.6309716363477554	1.1092537774375861	1.0
1481000	-9.851481965777207	-4.27400918962485	-5.577472776152358	-2.163471821724084	-2.110537367900767	3.094787932624079	1.4042600785865111	-0.16143005854976533	-0.5181628048992659	1.0447733814056246	0.11164706634267305	1.0
1482000	-11.874522000105246	-6.034093814449115	-5.8404281856561315	-3.310354080526915	-2.7237397339221996	3.2357458521666267	2.19806352407722	0.490014220035229	0.4745416872116177	0.27711059620721623	0.6530044153773583	1.0
1483000	-9.369419052866885	-3.7693665118939297	-5.600052540972955	-1.2529208856005685	-2.516445626293361	2.2923393174819964	1.8237974758310438	-0.8593315448661634	0.2860674651306353	0.4050246378078538	0.23812513006799405	1.0
1484000	-8.593295422427886	-2.6584641911173543	-5.934831231310532	-1.5627091636793393	-1.095755027438015	2.0518672749565465	3.005553946236924	-0.38628212856172717	-0.7238494580396416	0.4611784217567597	0.8264343148378382	1.0
1485000	-9.219513187565862	-2.150103369786164	-7.069409817779699	-1.7645423445180715	-0.38556102526809255	1.6748106639290985	2.4328451729484057	-0.8495173733734879	-1.0855700418702556	0.42541851285945165	0.3292372737311246	1.0
1486000	-7.113979360660821	-3.6029523688536944	-3.511026991807126	-1.8922849401604331	-1.7106674286932613	2.4477677546847953	2.869360298486551	0.04649412452224705	-0.22185067315223306	0.2963012380397457	0.0653294607997125	1.0
1487000	-7.603699541077602	-4.095813655887675	-3.5078858851899266	-1.8460118032185644	-2.249801852669111	2.427911734026758	2.2585280216580537	0.00888937365785264	0.2386036104634749	0.41056253161465783	0.0976403910718754	1.0
1488000	-6.783248149001247	-3.551948878762719	-3.231299270238529	-2.174256678908705	-1.377692199854014	1.711517216546188	2.503435766768801	0.0003336984575887242	-0.2891579162256175	0.58853017534916	0.033392361990301093	1.0
1489000	-8.879156327594638	-1.283402357365758	-7.59575397022888	-1.2486682915170562	-0.03473406584870187	2.1781553228882697	1.7705788264532067	-1.7492286069620948	-2.1727850174990557	0.6122280394261848	3.765430080279762	1.0
1490000	-10.262102826277296	-2.388427737825821	-7.873675088451474	-1.8019060194019119	-0.5865217184239091	2.452073143438273	1.73032299534558	-2.6070383863319853	-1.3302598817354905	0.44169311304318376	2.8276021938512006	1.0
1491000	-11.116585921996725	-4.761173995787045	-6.35541192620968	-2.4169440128342212	-2.3442299829528235	1.355938638613404	2.098940583694945	-1.3763658941802457	0.28074019656010346	0.9829864043304126	1.6020339016863654	1.0
1492000	-8.018483963047132	-4.2388443899345205	-3.7796395731126116	-1.7460031253668618	-2.4928412645676588	2.336019312085959	2.9784697800013196	-0.07324299150812198	0.13350228595625446	0.3415152898321135	0.12022693211493574	1.0
1493000	-10.162737049237517	-5.345934536043736	-4.81680251319378	-2.161717385350892	-3.1842171506928443	1.5527582943004026	1.5744516411735574	-0.45538054782813475	0.4725022978427046	0.6515599815801599	0.8429571780299161	1.0
1494000	-9.314359017726575	-3.757500234447882	-5.5568587832786935	-1.9708347701848323	-1.7866654642630495	1.7370485253273091	1.4517641334899187	-0.22624830058297618	-0.6847639628431158	1.0949145868896701	0.0936356306831765	1.0
1495000	-8.40041958288544	-4.017481800896261	-4.382937781989179	-1.6570560378711594	-2.360425763025102	2.7254076976101596	3.1337403392402643	-0.3490885195711908	-0.01852299151088821	0.21501092031517324	0.06853462248747207	1.0
1496000	-8.58627604207397	-5.491626366685114	-3.0946496753888564	-1.9506858885137124	-3.5409404781714016	2.114271281988377	1.0812581829442272	0.11629139923938081	-0.34782530545156115	0.7065318406031554	0.06189205317093891	1.0
1497000	-8.381249653007817	-3.706736291240995	-4.674513361766822	-2.400096442980826	-1.3066398482601693	1.8925859325993664	2.024058370346316	0.42680085314789984	-0.37394556939903084	0.8554914330251766	0.15789105701798897	1.0
1498000	-6.181697054816608	-3.6398417470240982	-2.5418553077925092	-1.7657448265268236	-1.8740969204972746	2.457223542519055	2.5501012315914826	-0.07957054429943353	-0.0057736256988432655	0.29969412789965083	0.03716847119743394	1.0
1499000	-8.02202114411809	-2.401479084801066	-5.6205420593170246	-1.4220413422604299	-0.979437742540636	2.063596186864364	2.4430267805840797	-0.6278713891147065	-0.5553818462407619	0.40800134890346973	0.1990178414167473	1.0
1500000	-7.663054398598447	-3.9987688761878903	-3.664285522410557	-2.5037618942629143	-1.495006981924976	1.6054721821708668	1.770935930122688	0.1910338976479297	-0.41584636024133975	0.688211450485739	0.12272458397138324	1.0
1501000	-8.915983378616277	-2.8889848959163107	-6.026998482699966	-1.2627383272708386	-1.6262465686454721	2.3391541003129297	2.5526895250953845	-0.822931984166343	-0.14774958073801941	0.35508339903160857	0.156167776927439	1.0
1502000	-9.937992757746361	-4.1923999982377405	-5.745592759508622	-2.853224404346082	-1.3391755938916585	1.4660690451364955	2.324977308161648	0.26797713993851024	-0.2925108700943916	0.3171807988701779	1.4239612190946191	1.0
1503000	-6.793470856704109	-4.006339731532708	-2.787131125171401	-1.9367413112707386	-2.0695984202619693	1.9476832289588297	2.174918171090153	0.015659032263906292	0.14098070451786668	0.9354336328200747	0.03620646478798965	1.0
1504000	-7.766598288311856	-4.024609525960791	-3.7419887623510655	-1.8898382633097448	-2.1347712626510464	2.5772383209088905	1.8722273392152102	-0.007964592483579447	0.09135466380883618	0.8810084570425701	0.09909142686679466	1.0
1505000	-10.360715503005668	-5.58653512376758	-4.774180379238089	-2.131575119678973	-3.4549600040886066	1.5564978558402636	3.874557502414408	-0.5001256088641675	-0.039335062045934885	0.3571631529643284	0.10946715374725176	1.0
1506000	-7.92034984431732	-4.52397149671072	-3.3963783476066	-1.8296051333344447	-2.6943663633762753	2.5017757170058186	3.1984031357257523	-0.03180427774414779	0.10306844583957003	0.6747482692084855	0.039949820564586326	1.0
1507000	-9.935167580890287	-3.987942591361837	-5.94722498952845	-2.9119597249659073	-1.0759828663959299	2.748388487058451	1.925066846682321	0.6155117109367861	-0.6095376660757086	0.22839117351011545	0.2645082679478056	1.0
1508000	-9.788495480405771	-4.58768512057219	-5.200810359833582	-2.377081870212442	-2.210603250359748	1.4901908880052723	2.6668275993270876	-0.31758090360172797	0.13419534541941053	1.2600722247593548	0.17248597097409962	1.0
1509000	-8.865606727112024	-3.6943115331819936	-5.17129519393003	-2.4789502393824057	-1.215361293799588	1.9186934990597506	1.760831925465111	0.5057924645999743	-0.6513861488513077	0.7967384774559345	0.27303853960949226	1.0
1510000	-8.251802610649648	-3.7115473284269687	-4.54025528222268	-1.5160476772892224	-2.1954996511377463	2.3630203062989468	2.533214712431424	-0.3528268551307837	0.1680267749191204	0.21409244504651137	0.04667559828387469	1.0
1511000	-7.713532663333375	-3.5932226780732606	-4.120309985260114	-1.9522283746729219	-1.6409943034003387	2.2479851412316383	2.0837005934720345	0.1345464534519053	-0.1271156193698456	1.1396138913605913	0.07204983652796813	1.0
1512000	-8.282168265197143	-3.579650108011788	-4.702518157185356	-1.4124122441936215	-2.1672378638181664	2.266357448111719	1.5581530034963038	-0.5150890483796161	-0.185429673724737	0.9488979810247019	0.11897834054881522	1.0
1513000	-7.564041356908621	-3.3965856307920905	-4.167455726116531	-1.656869046063342	-1.7397165847287486	2.220856950900983	2.199784243961447	-0.17622855661577208	-0.04592024606364592	0.29770534369349083	0.22699565333515775	1.0
1514000	-6.611693599077932	-3.353313448726535	-3.258380150351397	-1.915638179439373	-1.437675269287162	2.5520863791524335	2.3222887155799734	0.027615482343307584	-0.22835250476685304	0.5337944151478494	0.05315195778125489	1.0
1515000	-10.722495311517896	-5.456009423332022	-5.266485888185874	-1.651461324368798	-3.804548098963224	1.8329734108441988	4.002551244599689	-0.5629532997024987	0.009827265641864202	0.29164141913849256	0.2598007481007981	1.0
1516000	-9.28584280310259	-3.8290312111022136	-5.456811592000375	-2.2087271226946754	-1.6203040884075381	2.2429990499048933	2.431627472073055	0.35170032639736803	-0.12568965805222093	1.1573427893011445	0.04134913769283572	1.0
1517000	-8.162666553446119	-3.2309849476063626	-4.931681605839756	-1.7230222629271204	-1.5079626846792422	2.559279730109093	2.5639008933520433	-0.16598984789969887	-0.22211695119210495	0.6878373682824299	0.2663781204593009	1.0
1518000	-8.097237285075312	-2.7849775447046525	-5.31225974037066	-1.4987032692632223	-1.2862742754414302	2.487111530280764	1.6397686127850502	-0.41012149019233857	-0.7604749751581885	0.5218192568613745	0.3366811695286732	1.0
1519000	-9.69756164554834	-7.00074537043094	-2.696816275117399	-3.945886502374037	-3.0548588680569035	1.1248586725104175	1.2029349073664126	0.2434344513243054	-0.30403227962862944	0.8985768008450027	0.13314615172433306	1.0
1520000	-8.221010518767052	-4.9271736123438465	-3.2938369064232047	-2.068405460272192	-2.8587681520716544	1.6439026920279711	1.3387176975047101	-0.3040050178496541	-0.09062139436885161	1.2589133579568992	0.03040975673951408	1.0
1521000	-9.213622966515434	-3.576468772505777	-5.637154194009656	-1.822487786281794	-1.7539809862239828	3.107890916395794	1.9788182396668956	-0.5785625914355566	-0.09186082986670457	0.7678393197761277	0.29801424824065276	1.0
1522000	-9.315130701501602	-3.0787249965742483	-6.236405704927354	-1.4102248257554937	-1.6685001708187546	2.05567748425739	2.7252436648675373	-0.6634095662942059	-0.18090176665451896	1.0046424767178133	0.3263820470002455	1.0
1523000	-9.049128745667756	-1.5171967625337128	-7.531931983134044	-1.4140821025947101	-0.1031146599390027	2.8700713814143017	2.007078670336788	-1.0557239981931807	-1.5901975118097733	0.29945105115805865	3.855495922745441	1.0
1524000	-8.790319876206883	-2.5755789241316	-6.214740952075284	-1.5258292504322046	-1.0497496736993952	1.8363966833814815	2.3113804149031525	-0.8683810032380295	-0.49483721516798396	0.7432879745759161	1.4159020322164253	1.0
1525000	-13.855170230222171	-8.763062327955817	-5.092107902266354	-1.8019370029408321	-6.961125325014985	1.9195735319115175	5.044708509738807	-0.17576829783345038	0.30712842157772735	0.4530484159500883	0.1487844371307851	1.0
1526000	-9.428563799450878	-6.571737236683382	-2.8568265627674965	-4.473313805193475	-2.0984234314899073	0.999807871007401	2.0135788042994007	0.10501997229714866	0.12813977346428929	0.4300800476494394	0.12570800989527703	1.0
1527000	-8.048952422870032	-3.1787876366513483	-4.870164786218684	-1.434803748423752	-1.7439838882275964	2.3916965738569775	2.712825997388628	-0.4775894371827827	-0.13224485894888238	0.339385904050674	0.06628629672566339	1.0
1528000	-10.50239003716771	-5.59599088839126	-4.90639914877645	-2.191510612578032	-3.404480275813228	3.1427919836376823	1.0669017546570871	-0.18708872850935576	-0.5237301561428404	0.5380447794872466	0.06920829939302445	1.0
1529000	-7.566925773612537	-4.684672641059463	-2.8822531325530734	-2.6287865126636323	-2.055886128395831	3.223565697806108	1.6741379176641975	0.08758552720063273	-0.11556679869508912	0.5743901468127226	0.04440097878415269	1.0
1530000	-7.655387910158009	-3.0103874065196354	-4.645000503638373	-1.4490884516881462	-1.5612989548314893	2.1856500839803146	2.4043952882528097	-0.48008058763789285	-0.15744791216542114	0.6598368885466884	0.1420237767422576	1.0
1531000	-10.52717630817375	-8.784121480744457	-1.7430548274292939	-5.40121400710199	-3.382907473642466	0.8428264365309527	1.2497846882107133	-0.0497040293041362	0.07115252101886105	1.446455962472889	0.08838297474398295	1.0
1532000	-8.886550994830646	-2.733326130415625	-6.153224864415022	-1.3328043586859915	-1.4005217717296334	1.9678244258746895	1.6080670667524528	-1.1311570226297385	-0.7120340572726728	0.8873777707998052	1.0747280513576523	1.0
1533000	-11.920341086945752	-3.7087802079689656	-8.211560878976787	-3.1797146178124596	-0.529065590156506	4.15335904760447	3.098847776805592	-1.0794022989971026	-1.468129919272775	0.22940170387627049	0.873494460216489	1.0
1534000	-8.477462056284356	-3.40555726982367	-5.071904786460687	-2.3146829158365936	-1.0908743539870764	1.7964335034810903	1.9025848042195106	0.27160281432832745	-0.6148049949240171	1.0126421765579874	0.2154350496232655	1.0
1535000	-8.110921780396746	-2.3548211539558714	-5.756100626440874	-1.7982143321034219	-0.5566068218524496	2.2974112261215005	2.380963357113804	-0.015756165602819408	-0.9061650880585144	0.5748794075243735	0.47964638988782543	1.0
1536000	-8.654730647488888	-3.0740665277289345	-5.580664119759954	-1.8033840196358852	-1.2706825080930493	2.033121808358697	2.5562423792854383	-0.0761505008318028	-0.37221686118175934	0.4234276631460472	1.0093151929249422	1.0
1537000	-8.828722385326802	-3.419874121235406	-5.408848264091396	-2.2297347121653655	-1.1901394090700403	3.1445831741088526	1.7848291196094652	-0.15348747351787556	-0.6449635954600834	0.24448635206325048	0.1568755534723906	1.0
1538000	-9.518658045943795	-4.848392256824168	-4.670265789119627	-2.136028769999365	-2.7123634868248025	2.3912416875121347	3.3902704759770654	0.26994304366207444	-0.014195292664791602	0.7572691874311598	0.07518771384312367	1.0
1539000	-9.606159527694997	-5.005424899912938	-4.600734627782059	-3.2003961967742436	-1.805028703138694	1.1827313217173796	1.8248157045506275	-0.6863535501518914	-0.14767168626004284	0.9717196701963221	0.14211681275750737	1.0
1540000	-9.201055682716824	-5.406355877903202	-3.7946998048136225	-2.86516417296965	-2.541191704933552	1.3581710691451956	2.079578930553148	-0.09458371611550792	0.3798478701299695	0.7075144750227342	0.21947610543648652	1.0
1541000	-8.340310998995376	-3.8521911545144363	-4.48811984448094	-1.464763308498224	-2.3874278460162124	2.5014853658230294	1.4136338596516216	-0.4665776138625886	-0.2776427805408326	0.7693832344525853	0.18887114769371094	1.0
1542000	-8.27441089285924	-4.003187445319927	-4.271223447539312	-1.5916585125388085	-2.4115289327811187	2.425507523023504	2.715223403200995	-0.2660306617956183	0.21453318245420838	0.44278526930641776	0.027555060515543264	1.0
1543000	-7.502228545003607	-3.415471594631346	-4.086756950372261	-1.7977390907772834	-1.6177325038540626	1.7634962902767064	2.2857054476431258	-0.4505240581021734	-0.1155840930025401	0.5082892802185633	0.1569294481301866	1.0
1544000	-8.41198521187053	-4.308417113497114	-4.103568098373416	-2.86187732791746	-1.4465397855796542	3.198711481862108	2.268149609164275	0.2654531011790888	-0.22304110575665317	0.4505308593650384	0.07379660658420582	1.0
1545000	-6.9629512241786085	-3.361803760430303	-3.6011474637483056	-1.7374526193639523	-1.6243511410663505	1.9874111469075522	2.0060511972576367	-0.19266863006365442	-0.16400386515219795	0.8355054356766746	0.10746604390445351	1.0
1546000	-10.298977942223726	-5.003613089617744	-5.295364852605981	-2.558957272748474	-2.44465581686927	2.818588275082407	1.2667169984281645	0.3628480731107254	-0.6098290915710991	0.851098509743051	0.3351253241935247	1.0
1547000	-8.547250370203388	-4.261395889947699	-4.285854480255689	-2.1399865793164423	-2.1214093106312566	1.5749874591549275	1.7552530134674655	-0.40782883267398023	0.00438099151931054	0.39629165726306326	0.029812169890520292	1.0
1548000	-6.910029702571374	-4.452018036385941	-2.458011666185433	-1.7901075056404885	-2.6619105307454527	2.601669874019521	1.543353261462172	-0.11750238354552084	0.12720461151650347	0.37539015328448344	0.03676082781957723	1.0
1549000	-9.99550079940569	-4.805448298378377	-5.1900525010273135	-3.567634371685231	-1.2378139266931463	1.34454911114089	2.451668243055957	0.6918166385202495	-0.37181329315415984	0.8041240372870049	0.4147086193177278	1.0
1550000	-12.682909062156622	-3.962730062759909	-8.720178999396712	-2.0849481146954556	-1.8777819480644533	3.4473128422851937	1.6907742531858785	-0.878674274050434	-0.22077116368398914	0.21591982877455848	0.07806145938876995	1.0
1551000	-9.135778826910535	-4.575739457437494	-4.56003936947304	-2.594928834350422	-1.9808106230870717	1.4764981507507067	2.3357710455952843	-0.027353468726709518	0.0911031375606034	0.04820286144504008	0.024444622588663225	1.0
1552000	-12.980466030493284	-5.3700868065628935	-7.610379223930391	-3.9919763935294537	-1.3781104130334398	3.7374233677591584	2.6568655607823835	0.39873794468950596	-0.3333888062358964	0.884086962114893	0.04562836068199042	1.0
1553000	-7.409668447400502	-4.350777460704535	-3.058890986695967	-1.6267675754775759	-2.724009885226959	2.0908022345584523	1.5290055011057113	-0.2637299975473948	0.14793845496974914	0.38291301106696873	0.044664594331908135	1.0
1554000	-9.43342642702195	-2.928648254839872	-6.504778172182078	-2.3139331848861975	-0.6147150699536743	1.4698532706909209	1.5792521998438227	-0.5402246917257262	-1.6474645545191926	0.9264184169153342	0.7710347757772144	1.0
1555000	-8.79957038689691	-3.2990036699944314	-5.500566716902479	-1.7866054647324416	-1.5123982052619898	1.7345778789625645	2.857903641195087	-0.552760570762499	-0.3366560515247343	0.2864712779581423	0.6079508837796413	1.0
1556000	-10.22839923395975	-3.5821980013476633	-6.646201232612087	-1.9683212133424473	-1.613876788005216	2.042045903318919	3.5316539076140683	0.10771432532065049	-0.8167198262010609	0.7241735046416958	0.6979440699125037	1.0
1557000	-9.922202363864299	-2.3711680497795893	-7.55103431408471	-1.5785439719157335	-0.7926240778638558	2.2558769560635894	3.2505511141007943	-0.2693052075669005	-1.3151713549288548	0.4175101512387847	0.32163710416170693	1.0
1558000	-8.672623125273127	-1.78447947652944	-6.888143648743688	-1.280276680118683	-0.5042027964107572	2.0943142775725114	1.796356348522417	-0.9732656520141016	-1.3181355668583814	0.24976528182344915	1.5470778666951692	1.0
1559000	-8.097250726162812	-2.461639157329433	-5.635611568833379	-1.6303475892633443	-0.8312915680660886	1.9541055772903964	2.193736648483956	-0.38471480035532357	-0.6809508912260474	0.7366025905825652	0.15159395237216539	1.0
1560000	-6.502394592430752	-3.975705282767927	-2.526689309662826	-1.8963277973622459	-2.079377485405681	1.9758471955252945	2.301735073718393	-0.008110509154673928	0.14686608742311213	0.7055082507633595	0.035846478039062046	1.0
1561000	-8.779678953616642	-6.36329241121524	-2.4163865424014013	-2.7476457436915203	-3.6156466675237198	1.3963636278320282	1.1322396624102686	-0.10613218495132679	-0.10075090001441875	1.2261662861361171	0.10948211394512831	1.0
1562000	-8.745301991114552	-3.031830953919849	-5.713471037194702	-1.7888764726080826	-1.2429544813117666	1.8087380541758216	2.536781994734517	-0.3641238833385199	-0.38582785281978627	0.7276213505836948	0.043939463594119155	1.0
1563000	-7.474481893177243	-3.8547951017158635	-3.6196867914613797	-2.1506061455953436	-1.70418895612052	3.024583083104113	2.149283483202354	-0.10246596452967932	-0.07370431632151174	0.8257506032781176	0.047836859828315224	1.0
1564000	-8.283384405021746	-3.338184522862467	-4.9451998821592795	-2.445794770749443	-0.892389752113024	1.6202097912373643	2.0135963837585895	0.15392345844815064	-0.7034235331991878	0.6980706949362074	0.14594862990437912	1.0
1565000	-9.370495502139281	-3.654538303886545	-5.715957198252736	-1.916217069141723	-1.7383212347448218	2.797772415914979	2.2603382109404424	-0.12237946483599135	-0.04356550091539396	0.7373104957895903	0.622277533779952	1.0
1566000	-9.57614884461417	-5.713909703886845	-3.8622391407273255	-3.9038631840517244	-1.8100465198351205	3.8685810217689705	2.2607451125620863	0.22397430191050804	-0.0016730221403418455	0.2506514910208783	0.07237159636462828	1.0
1567000	-7.713549791956976	-3.5781946401018994	-4.135355151855077	-2.1068402339375787	-1.4713544061643207	2.7593080980762	2.0563366249126207	0.07464694542265315	-0.2463842984408419	0.14908198660759867	0.06454593662774719	1.0
1568000	-8.21453106696461	-3.3605245505650823	-4.854006516399529	-2.0375280673151153	-1.322996483249967	2.088673041769781	1.6951574270969538	0.1918142637548947	-0.6444174464086617	0.5920017696075315	0.12518927459874438	1.0
1569000	-6.913952559809621	-4.836853478796243	-2.077099081013378	-3.0100204121441223	-1.8268330666521209	1.346702373065828	2.7662934062061453	0.06785600969740002	-0.10726095334377184	0.49329897645833404	0.031460634702306235	1.0
1570000	-11.011487314348894	-1.6014676336183662	-9.410019680730528	-1.275247547821353	-0.3262200857970132	2.2674424713172225	2.5991926018891753	-0.804499020540127	-1.2090606336611196	1.1404279228837397	0.3031648726511477	1.0
1571000	-10.683306926182565	-2.6148091065614576	-8.068497819621108	-2.7294073780145336	0.114598271453076	2.4907574553461194	1.8204911533680628	0.6390231944963407	-2.9761581987969485	0.5061859565158164	2.789858772467919	1.0
1572000	-8.714080758434356	-4.269555334236576	-4.4445254241977805	-2.1755853381100296	-2.093969996126546	1.824580699859038	3.3887168920319293	0.15962020056650428	-0.34175024299094703	0.22837313581043994	0.04641075292689173	1.0
1573000	-7.407055181595153	-3.844685958443108	-3.562369223152045	-1.5139230862366855	-2.3307628722064226	2.2476976167481935	1.4998625492418838	-0.35928920967338696	-0.1594481609886177	0.6056689056430805	0.09087557088201503	1.0
1574000	-9.441680925485624	-2.8676430955095586	-6.574037829976065	-1.9933708543880346	-0.874272241121524	1.8873570084049796	3.271731783193747	0.025202546437971485	-1.2351032626761795	0.500606151625297	1.0269173386669226	1.0
1575000	-7.6426575854510155	-3.101487170207724	-4.5411704152432915	-1.779930402204121	-1.321556768003603	2.4233807737511586	2.382325147077045	-0.05502878738398438	-0.3072070012178875	0.9105024774195949	0.0913671990102555	1.0
1576000	-6.9952727843672	-3.5282809658535434	-3.466991818513656	-1.963260252097033	-1.5650207137565104	1.9303557276608971	1.931497998591525	0.030994218593185796	-0.2399932360512888	0.5201714329894362	0.1528200312261799	1.0
1577000	-10.594522166378509	-4.995671138588193	-5.598851027790316	-1.901048057944159	-3.094623080644034	2.1819769340117863	2.7633817124450637	0.0817930766203889	0.49756145636231164	0.13083944446229198	0.0824452102850289	1.0
1578000	-9.707685715633893	-4.550087403846133	-5.15759831178776	-3.2005389302070686	-1.3495484736390644	3.2482462913338748	2.5836731440312617	0.4212316591990021	-0.32789844534890095	0.3452787038201367	0.08936811492360339	1.0
1579000	-8.176862455433653	-1.9900997477344289	-6.1867627076992235	-1.7347704763180163	-0.2553292714164126	1.9246284613806695	2.4073596637727945	-0.26289410294541277	-1.23263590957451	0.5351906700331184	0.6892952363280106	1.0
1580000	-12.0275903985811	-4.787626239285978	-7.239964159295122	-3.468350569223058	-1.31927567006292	1.1011761724545455	1.4924330116683922	-1.0248263153007677	-1.0309539290167458	0.9866052101097857	0.25185437829747104	1.0
1581000	-11.107002740680743	-3.4769947066017335	-7.630008034079009	-3.504188339926387	0.027193633324653632	1.0770018226129714	1.9774642695232654	-1.6946233280449132	-1.86379086551894	0.7616736152822543	1.13553202359432	1.0
1582000	-8.037437013500146	-4.231634612215204	-3.805802401284942	-1.8949369443289	-2.3366976678863045	1.759677184930626	2.0802119772504684	-0.29451136575550513	0.2740816153942493	0.7690187776773924	0.07419618879376112	1.0
1583000	-9.62842787439999	-6.4194310414076385	-3.2089968329923497	-1.73665800498142	-4.682773036426219	2.2309662963688717	0.9948428174214092	-0.08269054688572228	0.17994867677176649	0.18447801829426766	0.04992752115660346	1.0
1584000	-11.68796213254651	-4.617746353332274	-7.070215779214236	-2.24079870538435	-2.376947647947924	3.215053040945083	3.8971194595890393	-0.22327310767698166	-0.6679781630662676	0.2129093066660492	1.5986657018286354	1.0
1585000	-11.025502029085935	-3.5845696309744257	-7.44093239811151	-1.7531817653939203	-1.8313878655805054	1.757505032132367	2.133058918750342	-0.5534891220670313	9.980626955208294e-05	0.07094558965847284	0.050801165331076745	1.0
1586000	-11.179385288196713	-3.4205600574438293	-7.758825230752884	-2.0530999468948927	-1.3674601105489366	2.9772098315734317	3.217021629173897	-0.14689218524008665	-0.6850136106442779	0.5332290205779417	0.05842553057934314	1.0
1587000	-7.912125575460144	-2.9972509974853914	-4.914874577974753	-1.690371649284888	-1.3068793482005034	1.850209121766307	2.3486618577808973	-0.45096347405070386	-0.31473916920705347	0.6838894332337043	0.38961488144223555	1.0
1588000	-7.665245236676743	-4.123905525959352	-3.5413397107173905	-1.9159114364348584	-2.207994089524494	1.866631350101955	2.9308543568243963	-0.09063086538619186	0.018322101462846796	0.8664828105343979	0.06013330458980971	1.0
1589000	-8.432598458532516	-4.74605278263313	-3.6865456758993855	-2.965241662518622	-1.7808111201145076	3.307417436729493	1.9766270719895007	0.23319635485217072	-0.0758068385102115	0.6010908251101817	0.05600156096309886	1.0
1590000	-8.346982309988212	-2.3860009350023876	-5.960981374985824	-1.5308889688370488	-0.8551119661653388	2.6307632587309975	2.617361931092654	-0.4454548062988416	-0.6968910391552733	0.5953903372939721	0.449541951100905	1.0
1591000	-6.776937999774743	-3.4913449674187795	-3.2855930323559637	-1.9043314228527688	-1.5870135445660107	2.122761220277407	2.472174099521789	0.07269245093772192	-0.1526622680824652	0.44902186746795586	0.09350314588234906	1.0
1592000	-9.716466432169756	-4.302688456914456	-5.413777975255299	-1.8804600213050051	-2.4222284356094512	1.747715857575577	1.528911636860964	-0.34446689054870755	-0.05046869720298333	1.2593587531493708	0.8517212533379019	1.0
1593000	-8.166683787032246	-4.229906387936968	-3.9367773990952792	-1.9268035063392261	-2.3031028815977415	2.5042415529456235	3.006681999227704	0.0579503963133885	0.026178275583815067	0.5886600105956998	0.10821272509120128	1.0
1594000	-8.690665718886347	-3.4193692360980625	-5.271296482788284	-2.2718449279725315	-1.147524308125531	1.9365258458503738	2.7672511064943532	0.3406365104002771	-0.5371078175921162	0.3335008870824912	0.10545593260919707	1.0
1595000	-13.26584658931479	-8.380813840537236	-4.885032748777555	-6.712658671394235	-1.6681551691430023	0.6741411171919445	3.2125862529231126	-0.4975623085341341	-0.4670713520255739	0.3490181528120132	0.17624787427089988	1.0
1596000	-7.112334774170888	-3.707590299311436	-3.404744474859452	-2.0469897998670543	-1.6606004994443815	1.6847516936384326	2.6051326622708384	-0.22967289380879638	-0.14262835902525234	0.7793772324626302	0.04801673206552525	1.0
1597000	-6.466380865824172	-4.731626718128277	-1.7347541476958948	-2.435593699352472	-2.2960330187758053	1.5387635427052246	1.625871089465426	-0.05540797735516312	-0.008943226700193568	0.9870282808031346	0.03705605594124357	1.0
1598000	-8.432111423010529	-3.7265912579375255	-4.705520165073003	-1.9816776510684306	-1.744913606869095	3.145980651184922	1.6620025838961299	-0.41609712171203517	-0.35181438402098036	0.39931245897198414	0.18179684769573548	1.0
1599000	-11.60897396491369	-2.300048877199494	-9.308925087714195	-1.670271807471444	-0.6297770697280498	1.7737595182870771	2.9495410283969847	-0.6889450880094058	-1.1201831757659533	0.3144222378322521	0.1564591329951971	1.0
1600000	-10.386738185625656	-3.146102738872676	-7.2406354467529805	-1.442090715475823	-1.704012023396853	2.018112207417398	2.776173018634231	-0.6458829616730936	-0.18163100253715697	1.2319131210706684	0.10286452064959808	1.0
1601000	-8.77710680649874	-4.472006840927757	-4.305099965570983	-1.972940104847897	-2.49906673607986	2.7256759591400552	2.3027373261638115	-0.017930888784524812	0.3603391133367199	0.6836747247999974	0.06803771913413798	1.0
1602000	-9.895496514649725	-2.3600898094934672	-7.535406705156257	-2.269397367051499	-0.09069244244196817	2.1798095271024884	2.7967868799457714	0.40071918679852137	-1.869676566175806	0.6260973531508258	1.386976331740642	1.0
1603000	-8.181029995461191	-4.041242729821027	-4.139787265640163	-2.098951535719875	-1.942291194101152	1.717756880927122	2.9505497677428507	-0.08493820561810632	-0.13259486199210244	0.9923388231416088	0.08237054068910965	1.0
1604000	-8.748762708246586	-4.066221778131865	-4.682540930114721	-2.1134006810271906	-1.9528210971046747	3.2476629492444657	2.5278167878585536	-0.4017874360565092	0.04284096579012241	0.20642294197609548	0.08746049424783209	1.0
1605000	-8.287683991947482	-2.2744528643855126	-6.01323112756197	-1.2358779155722814	-1.0385749488132312	2.407565066409261	2.231809055583828	-0.914630022765325	-0.5097495974575437	0.4635452458496186	0.8611307352006775	1.0
1606000	-7.159024991795542	-3.487137304275267	-3.671887687520275	-2.043307843073018	-1.4438294612022489	1.8428640706511963	2.70171767965253	0.03438620248078022	-0.30834204016965266	0.26947121763602544	0.05940134917190754	1.0
1607000	-10.577362284704396	-2.4773907812449574	-8.099971503459438	-2.0223288356662605	-0.45506194557869684	1.7901964296160924	1.4190307125482635	-2.8327332235249236	-2.797287538856251	0.9632081979659277	6.361684972907214	1.0
1608000	-8.945873025780497	-3.6616015989360706	-5.284271426844425	-1.388902176790257	-2.2726994221458137	2.2355849884193746	1.2866605243911342	-0.5657788609441796	-0.6993557202477417	0.717361426245546	0.24120197582570546	1.0
1609000	-8.124967541661974	-4.307310980538399	-3.8176565611235738	-2.1654285238684956	-2.1418824566699035	3.1414705889592436	1.5699166485476221	-0.2106160345082751	-0.1864179577618357	0.6618002440791243	0.09074582423565034	1.0
1610000	-8.176855602347526	-3.8095714194495924	-4.367284182897933	-2.468822774351234	-1.3407486450983583	1.4951730218110226	1.6868809746396043	-0.14774515868817584	-0.6408588051796399	0.4348900693915705	0.2526600710725941	1.0
1611000	-7.906277951599042	-2.8652822659863233	-5.040995685612718	-1.441522745265699	-1.4237595207206244	2.4461249487157937	2.6734282322632215	-0.4808562884137364	-0.3101956688882051	0.3445855358411182	0.10449655217270168	1.0
1612000	-10.412331220120013	-3.2968419260525046	-7.115489294067509	-1.467275916766205	-1.8295660092862995	2.7752548395459553	1.7971278802980222	-0.6944518644100921	-0.15270121635333056	1.3355941538326488	0.15940877697748532	1.0
1613000	-9.489935753440067	-2.5348025910249294	-6.955133162415137	-1.997703647053271	-0.5370989439716585	3.330577484131148	2.0451554417606386	-0.7256667169474652	-1.0152959205745629	0.6532071994199184	0.8545187840513471	1.0
1614000	-8.957367016323428	-4.507773802901873	-4.449593213421554	-2.957874917235875	-1.549898885665998	3.665411975927721	2.7701369931923985	-0.1636671813527472	-0.2710634022422873	0.46231960051041343	0.0339723149100513	1.0
1615000	-8.263126732075825	-3.1699872859110227	-5.093139446164804	-1.6696689754360223	-1.5003183104750004	1.7757510533452137	2.3485862714987413	-0.6837811751098636	-0.1898669147551833	0.59672307601398	0.4505273009850216	1.0
1616000	-8.005152609705338	-3.7069222528124364	-4.2982303568929	-2.63271316486529	-1.0742090879471462	1.469041867489559	2.262268534593306	0.00047232338994319684	-0.4796215814044365	0.7335624834261605	0.060003011490571675	1.0
1617000	-9.57829319889198	-3.464000261736575	-6.114292937155406	-2.0016514291205603	-1.4623488326160148	2.739320360251125	1.7155826058110097	-0.0014562480892414964	-0.5031735414143536	1.2023867100473096	0.3372929358636575	1.0
1618000	-7.758711108674253	-3.453895153849226	-4.304815954825027	-1.8733085976894372	-1.5805865561597887	2.58794845910503	2.9761848523131995	-0.028781491470276407	-0.3600634593811096	0.4323074512844139	0.10959338855070605	1.0
1619000	-12.34634842682735	-4.793161664671397	-7.553186762155953	-2.4091712274980086	-2.383990437173388	2.2358633346520667	3.640760081084539	0.5015231960989708	-0.38938204373289215	1.1095394469979527	0.18366839489297088	1.0
1620000	-8.96076771105781	-4.572782700886522	-4.387985010171288	-1.9307390875893118	-2.6420436132972105	1.6863034142725672	1.3627870097849706	-0.41840213943801974	-0.19568844017160145	0.26868954705194165	0.051633934705696	1.0
1621000	-7.363464846466105	-2.70109218251015	-4.662372663955955	-1.627338252343037	-1.073753930167113	2.1313411130395097	2.3670660237995853	-0.24129663204912188	-0.47800277655428725	0.3166280016069931	0.10854188570195919	1.0
1622000	-8.590108383698341	-4.884218260990635	-3.7058901227077063	-2.6602536020830714	-2.2239646589075637	1.4348096832125758	2.715914244878772	-0.08221249465891114	0.1227330000164536	0.7270378826014318	0.15611446305400156	1.0
1623000	-7.726841238165195	-4.47320284824523	-3.2536383899199652	-2.6480734143388087	-1.8251294339064215	1.4084289572037334	1.7102167917452213	-0.21229933710388615	-0.23692799272337675	0.7779173943390425	0.021932235548739878	1.0
1624000	-6.452079976359176	-4.235440159730375	-2.216639816628801	-2.369172097110855	-1.86626806261952	3.15161022538638	2.319096296540691	-0.040367253913469514	0.028845134634342462	0.2874157654572109	0.023777443619132664	1.0
1625000	-9.610436424789459	-6.1154314954872815	-3.495004929302178	-2.6037395050104806	-3.511691990476801	1.4562100039907873	1.0792489056087575	-0.0856075907320141	-0.3801669162406898	0.31391777675052424	0.048109397044822505	1.0
1626000	-10.1221191793775	-2.212122338190378	-7.90999684118712	-1.2527482502544203	-0.9593740879359576	2.614529474839501	2.6218736406916636	-1.0891992508096655	-0.6158190315345784	0.7285461471850804	4.211812244178417	1.0
1627000	-12.652044193819268	-6.474264428068116	-6.177779765751152	-4.142261197453397	-2.3320032306147187	1.7955434646212443	1.1738480347213935	1.4883120053508208	-1.0638756789215722	0.7942299866518754	1.8686790092399939	1.0
1628000	-11.301341401019583	-1.9555561243105348	-9.345785276709048	-1.4777236082105087	-0.4778325161000261	2.240506492356896	2.1149997699310963	-0.41473332630203097	-1.036850816405714	0.3374097984711392	0.10130442951610426	1.0
1629000	-7.710293051337867	-3.2896332751060626	-4.420659776231805	-2.0855737536077115	-1.2040595214983512	1.817456926193174	2.590767325597944	0.05258406814874597	-0.42738883045529474	0.23018070683799735	0.10598069575958863	1.0
1630000	-10.207148689836648	-3.9405298308099765	-6.266618859026672	-3.1419941594161327	-0.7985356713938438	1.1811506193520203	1.5032005881086001	-0.8908580928614884	-1.6200037767453306	0.84666417318692	0.8718403325460087	1.0
1631000	-9.7650631690748	-5.916728340308104	-3.8483348287666965	-2.0278168496140943	-3.88891149069401	1.9368658174387643	3.760244905270438	0.10605350297177563	0.23171652493843475	0.49892891708924697	0.06646161895610996	1.0
1632000	-9.432414715306688	-3.6206337171511915	-5.811780998155497	-2.284077436769431	-1.3365562803817603	2.801830243455879	2.9828965199437367	0.1843210987272525	-0.5265473180108274	0.14261138440871016	0.0999774384641222	1.0
1633000	-10.810649564905063	-2.0292908891701646	-8.781358675734898	-1.3763160301201314	-0.6529748590500333	2.078006021205724	1.9722078650172885	-0.7122022921025519	-0.9516574352852121	0.2439083057472283	0.13816667380847533	1.0
1634000	-9.9326145955626	-6.117259817844141	-3.8153547777184587	-4.789715838538949	-1.327543979305192	0.929978347388927	2.713045448362488	-0.06944376942492408	-0.3882418788945866	0.8747958003901387	0.05381726465581652	1.0
1635000	-7.378595775939511	-3.2521407251484185	-4.126455050791092	-1.6605292824142168	-1.5916114427342016	2.0313835135109484	1.8236202922092413	-0.25932614078340877	-0.2962260385077127	0.9796829737135827	0.06164277954045554	1.0
1636000	-7.673741616075007	-3.995745353025155	-3.6779962630498515	-1.600626636943991	-2.3951187160811642	2.371564214813908	1.5721811943690143	-0.24360773090893587	-0.009005829306247881	1.1659259311893473	0.04363345660032863	1.0
1637000	-8.623653209648241	-2.376085014954244	-6.247568194693997	-1.795848160464761	-0.5802368544894829	2.3225843045555292	2.0933580227701407	-0.020094416418083932	-0.9441262160777414	0.8998358625433326	0.5823344613225733	1.0
1638000	-9.562725477200752	-5.492280876470936	-4.070444600729816	-3.5553837744263874	-1.936897102044548	1.2061953506383116	1.5207295407734418	0.16371847728290745	-0.4188858386690257	0.5963176957435834	0.5409245136806714	1.0
1639000	-7.727088629530051	-3.5772168032805443	-4.149871826249507	-2.2644420238226957	-1.3127747794578486	2.963838668021041	2.348286483627133	0.04761266078954271	-0.31079252390738954	0.46979195794207007	0.12283052418850413	1.0
1640000	-8.596445592177252	-4.533606535395118	-4.062839056782134	-2.6317013415375703	-1.901905193857548	1.3969733148379926	2.687091214158506	-0.29605057312617694	-0.0343260724863117	1.0021926850666247	0.09906306274522207	1.0
1641000	-12.120073861639883	-7.369125772629967	-4.750948089009916	-4.109066997435372	-3.2600587751945946	4.175008117812277	1.1239771171043316	-0.0072473733905035476	-0.41200576542556117	0.4636032439649428	0.23716862176538667	1.0
1642000	-7.883993050985146	-4.952661907851959	-2.931331143133187	-2.6264862455186426	-2.3261756623333163	1.5386815890169723	2.765738530413071	0.187448962568941	0.15326044592237942	0.4618609886722724	0.04629144129119237	1.0
1643000	-7.654832757534441	-3.1559892816946213	-4.49884347583982	-1.6938061993076676	-1.4621830823869537	2.337043129559233	2.4628749057014896	-0.13010417522917467	-0.22750793640972605	0.9914187277035681	0.07740771848413212	1.0
1644000	-9.670724050465841	-3.4560824691245733	-6.214641581341268	-1.3858423252443206	-2.0702401438802527	1.98769712950983	1.822016912289844	-0.8455058621216204	0.02166546585993645	1.2758159701230811	0.281021597886364	1.0
1645000	-13.266706484754794	-4.94413367335245	-8.322572811402344	-3.2140779417212713	-1.7300557316311789	1.7226786830380245	1.9918897065993062	0.9360310172555084	-0.10161813179907186	0.9902104566173394	0.08425451429111774	1.0
1646000	-6.795639489369382	-3.3381126470894564	-3.457526842279925	-1.7340902163330902	-1.6040224307563662	2.290081243563342	2.4715793061966314	-0.08294286079662477	-0.14235261267811283	0.3412800168290232	0.10132080899516165	1.0
1647000	-8.332319024238245	-4.141307402746524	-4.191011621491722	-1.7907811588123712	-2.350526243934153	1.7950815377658929	2.4934147604765555	-0.3893065460304292	0.2551157662436867	0.3771844053443086	0.12345256030141921	1.0
1648000	-11.033735357473699	-4.466380193012041	-6.567355164461659	-2.169634097680774	-2.296746095331267	3.13675785048594	3.446354304224571	-0.20124008575397173	-0.2714511865187499	0.28370185555682315	1.349689159143158	1.0
1649000	-13.056774610597152	-4.3032535768678715	-8.753521033729282	-4.197550458128459	-0.10570311873941218	4.561964258306973	1.6012588005165254	-0.5940856116171598	-3.119937444941887	0.3984844292278967	4.783382761000771	1.0
1650000	-10.576808720589405	-4.8758715371343975	-5.700937183455008	-1.8984343865823163	-2.977437150552081	3.114470766490303	2.4880429232107133	-0.47852685074316476	0.5428916370051831	0.5038007510771146	0.22915676937143184	1.0
1651000	-9.734765753945137	-4.777695248608451	-4.957070505336685	-3.0286274508325057	-1.749067797775945	3.567490762171155	2.0696566222026482	0.010364990179694458	-0.06338410719410237	0.29705652458174087	0.3721097873932285	1.0
1652000	-8.556832654264886	-3.0970300609757793	-5.4598025932891066	-1.579131005766369	-1.5178990552094103	1.8990726446916943	1.7077538166991173	-0.5653871509989679	-0.4688434789034335	0.6483905110114485	0.09872692056442793	1.0
1653000	-9.187328064402486	-2.0633957894058206	-7.1239322749966645	-1.5797904067820134	-0.48360538262380715	2.8630708903391855	2.8963614093267873	-0.6037443870738856	-1.2447274041771306	0.24826375010927007	0.6151945277758473	1.0
1654000	-10.37686758612016	-2.958406832461252	-7.418460753658907	-1.3032397466579226	-1.6551670858033294	2.587314942403686	3.5968896779280004	-0.8465098390609622	-0.8634226162238946	0.6490661500137189	0.616192852010381	1.0
1655000	-9.074353310152583	-7.61579944738955	-1.4585538627630332	-4.686864350081332	-2.928935097308218	0.9503318576360738	1.4439153083714649	-0.024481443731402083	0.1556854401913083	0.5869090992901117	0.04345185082241975	1.0
1656000	-7.49305039792672	-3.205091968776131	-4.2879584291505894	-1.610473127426939	-1.5946188413491917	2.2760769288206872	2.118951621380408	-0.22666978207456878	-0.14782326221239983	0.85687383744349	0.15566432114952697	1.0
1657000	-11.588176995670198	-5.06230053112053	-6.525876464549667	-2.765991690087004	-2.296308841033526	1.4026982244318922	1.0430194440481935	-0.05205229071033535	-1.8412781995468717	0.6533740961668175	0.627045861118372	1.0
1658000	-9.929922317825852	-2.2293499173652496	-7.7005724004606035	-1.470857226181046	-0.7584926911842036	2.1649146751210453	2.199285000704202	-2.267908785198326	-0.7413001860119376	0.6052579892415351	5.440008801697176	1.0
1659000	-10.902042522962038	-6.109587775440133	-4.792454747521904	-3.5468046359059056	-2.5627831395342273	4.066121266523951	2.7687044838983446	-0.26023644594397954	0.2640871310939744	0.3273268309424808	0.04090677424767345	1.0
1660000	-7.947901640563961	-3.461368558781553	-4.486533081782408	-1.8721868325866362	-1.5891817261949166	1.7312656576430612	1.8128247519638512	-0.39886705930065497	-0.30703715007348575	0.9328420981637622	0.2923584696376916	1.0
1661000	-8.913535618643674	-4.203081596467039	-4.710454022176636	-2.3972222669251746	-1.8058593295418648	3.315443277444561	1.7212538000530804	-0.19762383961299151	-0.23896959550858066	0.4990073273966501	0.3045515307753277	1.0
1662000	-7.051912748735283	-3.6527756287622495	-3.399137119973034	-1.9705390715561713	-1.6822365572060782	2.7595828621908587	1.9313306735034612	-0.04321428352427947	-0.1612171138820992	0.1726977874511662	0.04699778455055692	1.0
1663000	-8.67875463232043	-3.096025328006129	-5.582729304314302	-1.2966576595650263	-1.7993676684411026	2.328064423974072	2.101018210949931	-0.7367167496299774	-0.025094534492767995	0.24874183801015953	0.5111921336682742	1.0
1664000	-11.534312320122604	-3.669148954655687	-7.865163365466917	-1.7209765951448297	-1.948172359510857	1.6469451914005853	1.0018299894397917	-1.3378049353023447	-2.8045250058911044	1.382024066518784	2.145048052038066	1.0
1665000	-9.198832553433014	-3.094947692508895	-6.1038848609241185	-1.742885730448359	-1.352061962060536	2.7585834974453403	1.7320878777614026	-0.2733638320471982	-0.5720833571092611	0.6167624923257227	1.4833123164668587	1.0
1666000	-9.39478506363534	-4.238953742664866	-5.155831320970473	-2.618962896619707	-1.6199908460451589	1.5911175230983903	3.235791060186828	0.2897250211683825	-0.5178711412495727	0.28379300188491485	0.33298476218291034	1.0
1667000	-9.277875164084682	-2.283134972590764	-6.994740191493918	-1.5704928065257509	-0.7126421660650131	2.667751545716249	2.157363277611221	-0.4171612964473305	-0.7935554263447766	0.6638084034333949	0.12506695028016904	1.0
1668000	-6.401711326444	-3.649376995249309	-2.7523343311946915	-1.7894724343628745	-1.8599045608864344	2.406976251024529	1.9755287573716125	-0.04115764903907482	-0.026895982724033762	0.5295029388428624	0.06749974367644651	1.0
1669000	-10.8587735330688	-5.884513241463802	-4.974260291604999	-1.459678373379699	-4.424834868084103	1.863713732512448	1.0142146426814536	-0.995609659643041	0.06957462497954636	0.5609593813605788	0.7259283978289978	1.0
1670000	-13.256148001256825	-6.783391286193482	-6.472756715063344	-4.2638264002458035	-2.5195648859476787	1.023616615024548	3.3551527183541845	-0.029369305895271786	-0.0844295939228652	1.5439414151809379	0.28048032249296045	1.0
1671000	-8.414091315596423	-4.802232830054473	-3.6118584855419504	-3.116704384058113	-1.6855284459963604	1.232704352285802	2.0424462308641873	-0.40620676341045264	-0.11127111141916884	0.6742324161259162	0.050046056586169355	1.0
1672000	-9.006012450733497	-4.8203642473255535	-4.185648203407943	-1.7709055806978258	-3.049458666627728	1.8398442715157242	1.4283913104812846	-0.33457025819982517	0.20811537587660767	0.9791734532225088	0.32100064643660986	1.0
1673000	-10.267299764398299	-3.3780071244161824	-6.889292639982116	-2.253327686199489	-1.1246794382166936	2.4537363143506523	1.797482494602755	0.3402634678378864	-0.6866339474972125	1.2030922164911093	0.1216898789770584	1.0
1674000	-12.056877866642917	-4.4193813142466425	-7.637496552396275	-3.45155501472205	-0.9678262995245923	3.6791158848840095	2.739170126052557	0.16336644081950197	-0.6589303318183386	0.9188077268543708	0.46798903370834705	1.0
1675000	-7.069942512617859	-4.102145637882028	-2.967796874735831	-2.053626902028026	-2.0485187358540022	1.6471317576210083	1.7471122380064947	-0.3191849060224948	-0.04944681729376217	0.5574542771048863	0.0649704103611931	1.0
1676000	-10.596565294891395	-5.116140248999808	-5.480425045891586	-1.7212718411904095	-3.3948684078093985	1.6517843197269695	1.0548450746224776	-1.2403136318559616	-0.5865226707446769	0.9540275394248711	1.197624341222162	1.0
1677000	-7.088504123147435	-3.024016347108116	-4.064487776039319	-1.5398297175418278	-1.4841866295662882	2.4196589771720576	2.4471270804070504	-0.3311473045456773	-0.2110752633179956	0.45347108188809554	0.07450560176616687	1.0
1678000	-12.083084385023032	-8.217895857768877	-3.865188527254154	-6.038009857817119	-2.1798859999517575	5.115059315843869	2.4731838814389775	-0.10958131234687118	0.17460013406336936	0.2334551379793531	0.04289067502331401	1.0
1679000	-8.194495267621441	-2.9767255839146607	-5.21776968370678	-1.6540579699902267	-1.322667613924434	2.087719528570174	2.6320430880451045	-0.22883528040751736	-0.3608583116025147	0.5236100958400953	0.5813009508611486	1.0
1680000	-10.560821785787914	-5.394916641594612	-5.165905144193301	-2.7682616732535372	-2.626654968341075	3.769392304567172	1.3671205446262409	-0.5213067556553435	-0.1975506396839195	0.46583049342279664	0.08079926948506395	1.0
1681000	-7.28018650064657	-4.992044402486013	-2.2881420981605567	-2.387359936183648	-2.6046844663023654	1.588070552806429	1.6799842035858708	0.011951679346099198	0.23727435533280705	0.7046345589243899	0.023846073925657792	1.0
1682000	-7.332423698659409	-3.826585339789358	-3.505838358870051	-2.4965207647549716	-1.3300645750343865	1.5899090003790346	2.2529636211707302	0.150651578211008	-0.3004700317044061	0.8008164436808382	0.04655150167850183	1.0
1683000	-10.241085876720781	-4.768065357179665	-5.473020519541116	-2.402195481962475	-2.3658698752171903	1.48677689535448	2.2218069038227712	-0.2879476898107612	0.2989374414897943	1.6262916471476994	0.06851834336227092	1.0
1684000	-8.328136633736435	-3.9362080543175733	-4.391928579418862	-1.7596219825802972	-2.176586071737276	2.208374335798744	2.3011967730254153	-0.06037468401194551	0.19826651700248243	0.4789518014487511	0.3180132064808747	1.0
1685000	-10.28209525669609	-4.5570927041801	-5.72500255251599	-2.38691456667934	-2.17017813750076	1.4593249337907064	1.1827463100643918	-0.4426003383826082	-1.1955145283549096	0.4377374311105923	0.41509333234633905	1.0
1686000	-11.252491013796817	-2.1452738399701126	-9.107217173826704	-1.4124345586248133	-0.7328392813452993	1.958490186783857	2.7430905555045615	-0.836497250795315	-3.4757704713655584	0.8516181296911628	4.305225164481487	1.0
1687000	-9.561725175928618	-5.276888135518933	-4.284837040409686	-1.9753435865731035	-3.30154454894583	3.0454878862068546	1.1492060877805166	-0.2968976633146935	-0.2862133255380536	0.7802674892698724	0.1527536359193237	1.0
1688000	-13.318121921724053	-5.400687582319638	-7.917434339404414	-1.7756648282645457	-3.6250227540550926	3.0379459313207438	1.6683943505117387	-0.5399282156460311	0.7733735395346832	0.532443440208167	0.09539504105180405	1.0
1689000	-8.405248134698612	-4.095143967831724	-4.310104166866887	-2.2242602378100225	-1.8708837300217018	1.5679975298683462	1.4579011914374462	-0.2843913591597578	-0.5977986668986461	0.4554379087824165	0.1676557584769446	1.0
1690000	-8.610519800844521	-2.8679801136915906	-5.742539687152931	-2.008830328477167	-0.8591497852144236	2.5200457114551393	2.2062455177858586	0.12315476885349741	-0.6551115051615561	0.42822124102588005	0.08316315638235829	1.0
1691000	-6.294725306574385	-4.158410201526533	-2.136315105047852	-2.373072550130991	-1.7853376513955421	1.614814582816635	2.4419421981107186	0.055715932459507345	-0.03136338932689997	0.2590528668432373	0.029504927173144676	1.0
1692000	-8.942272968402412	-5.9692315871404515	-2.97304138126196	-4.27759269723168	-1.6916388899087718	1.0079353929961554	1.6931123822229224	-0.16168267371372141	-0.35343101171603475	0.8487851724689158	0.05001555217978178	1.0
1693000	-8.871263834319862	-2.620309960630385	-6.250953873689478	-1.5988612512661184	-1.0214487093642663	1.7611906394196712	2.136372985918695	-0.9560359564797858	-0.544036830451431	0.7995816230432269	1.6030901287797317	1.0
1694000	-9.044056039190345	-4.514557461692875	-4.52949857749747	-2.5720414119883293	-1.9425160497045457	1.6719048615322878	2.557824698349499	0.3728076598450114	0.029378227081446023	0.277495940349223	0.2715862342507221	1.0
1695000	-11.656452886056815	-8.88038106575337	-2.776071820303445	-2.8394563281111824	-6.040924737642188	1.37212289254314	0.7407073873979949	-0.07103077320669908	-0.18697268573335557	1.2000247773740755	0.2707831283141749	1.0
1696000	-8.394196675577714	-3.985500610671963	-4.408696064905751	-1.8544185249764595	-2.1310820856955033	2.71370202024008	1.723556828167259	-0.12163036641285932	-0.01668916969262535	0.24452604583739995	0.25654554009455016	1.0
1697000	-8.308490833302583	-4.227200429165714	-4.081290404136869	-2.0520107521686217	-2.1751896769970926	1.8584631980542092	1.880846363367406	0.06157083193551344	0.11993852353518925	1.382005008652348	0.09301790359459994	1.0
1698000	-10.596847423948425	-1.819964174975028	-8.776883248973398	-1.583809420978838	-0.2361547539961899	2.7058215635208143	1.821434041343663	-2.1399764448660976	-1.6466548524604558	0.36304223054597773	1.1721362866713294	1.0
1699000	-8.087687515868593	-2.7934372261102967	-5.294250289758296	-1.4820867026142563	-1.3113505234960403	1.93543732935714	2.4341330227026496	-0.7037606015376994	-0.31990144533463055	0.4703541085531782	0.19686719826576393	1.0
1700000	-8.489246023578206	-6.158626057433224	-2.330619966144981	-3.2433016923691125	-2.915324365064112	1.303658924466486	1.4112306427574082	0.20249019713547306	0.09215758313777359	0.8866326794169757	0.08728911681640289	1.0
1701000	-7.384705656750479	-3.878676694738745	-3.506028962011734	-2.1240948233130377	-1.7545818714257075	1.682744303513771	1.6596835863574086	-0.12227539633870331	-0.34752281487674835	0.8627333858717062	0.0393542654446545	1.0
1702000	-8.024837706081932	-2.9223386166466243	-5.102499089435308	-1.337343435000184	-1.5849951816464403	2.206124123604232	2.0281740079273765	-0.6837285137058529	-0.18110664070771554	0.4861365247307659	0.45635210354848676	1.0
1703000	-8.338190800589494	-3.4076984935529966	-4.930492307036498	-2.0190110470302827	-1.388687446522714	1.8447664264205332	1.8382917709228541	0.008380420703044622	-0.4333004689398924	0.23644926375924072	0.41014121739279047	1.0
1704000	-9.350037870881067	-5.208477988311042	-4.141559882570024	-1.9462715114682716	-3.262206476842771	1.9924492416306276	1.4449552554593257	0.05812683663129713	0.36434898536926674	0.5098459944212125	0.3764530808248631	1.0
1705000	-8.24913981071985	-3.558433349104358	-4.690706461615492	-1.7805110217172473	-1.7779223273871105	1.9109802461764538	2.2076339232978843	-0.21502870317452863	-0.022601678023837474	1.2946350220570548	0.11453234868143275	1.0
1706000	-7.663334441862836	-4.816157711575661	-2.847176730287175	-3.1181818729871624	-1.6979758385884987	1.2779907610896704	1.7652437473071676	-0.10139266128301404	-0.27198270754809956	0.3490835287456571	0.048370230233167874	1.0
1707000	-10.244033768547517	-4.04338191791389	-6.200651850633626	-1.370260338289918	-2.673121579623972	2.0727833519369847	2.447701006942456	-0.7338743256477706	0.4181932814560495	0.9294209741787008	0.490516975041946	1.0
1708000	-6.713660973570332	-4.089917571209155	-2.6237434023611765	-2.4217551451452772	-1.668162426063878	1.5733080871641771	2.2167407657873572	0.01997563406111061	-0.08758828488835835	0.5691563555568167	0.07806967835874422	1.0
1709000	-8.859636266104257	-4.29846004762125	-4.561176218483007	-2.631791860741189	-1.6666681868800604	1.4585070474626376	1.7501860276995445	-0.03665090933605311	-0.309278700994523	0.17115481729967244	0.20283567761380347	1.0
1710000	-9.44001667893723	-3.274042519578254	-6.165974159358976	-2.133799970261755	-1.1402425493164987	3.4270833483237455	2.4137827854193903	-0.7066881635029748	-0.43418842065920565	0.21959030317391467	0.23601779462907846	1.0
1711000	-8.839812802460234	-2.6855539342162107	-6.154258868244023	-1.8146487240220868	-0.8709052101941239	3.121366910036892	1.8590528127673647	-0.6144356967947343	-0.8472933986664519	0.3542439893122754	0.377639371023996	1.0
1712000	-10.52302102257806	-3.972247820621904	-6.550773201956156	-2.9755582060218906	-0.9966896146000135	3.467832536513561	2.5335673007009945	0.0826602184640959	-0.5604580685752344	0.8140277840148007	0.08565348390576803	1.0
1713000	-10.007528207747	-4.676740245399918	-5.330787962347083	-1.993276256433922	-2.6834639889659964	1.6725168924639544	1.164304328489123	-0.3481196116580956	-0.7601495678823618	0.5920080118133014	0.12174292798681927	1.0
1714000	-9.593312245953774	-2.1758589911036363	-7.4174532548501375	-1.4031492087174282	-0.7727097823862081	1.9802119813560606	2.6442392526105625	-0.8116865365485125	-0.7763417025161389	0.7517977914547392	0.20112835368355036	1.0
1715000	-12.178749241240284	-4.536432379948751	-7.642316861291533	-2.5752263005298897	-1.9612060794188615	3.33341205295936	3.6506034380191603	-0.06612570466894813	-0.6800089879538618	0.29091559742549034	0.05568529208074357	1.0
1716000	-9.67109972348936	-4.360403961716472	-5.310695761772889	-2.4561656092401094	-1.9042383524763622	3.5994392730352995	2.0633508096764097	-0.5822541197470216	0.02870842687119063	0.3322195778637682	0.10132008351245866	1.0
1717000	-7.4957831137003765	-3.6248445288827558	-3.8709385848176208	-1.8787633201355245	-1.7460812087472313	1.9444829875308975	2.62531238924011	-0.05402898127224365	-0.09966766212554334	0.18866231829270147	0.10816556128696887	1.0
1718000	-10.062696402303922	-2.762930210767439	-7.2997661915364835	-2.1256458746304174	-0.6372843361370215	1.5622644059282185	2.259385925511976	-0.4872203961339203	-0.8368814730207405	0.6952814639497761	0.1092425626076873	1.0
1719000	-8.157033607608222	-3.384906936156206	-4.772126671452016	-1.6721817421291298	-1.712725194027076	2.264147858806389	2.088036047737255	-0.15303680355502816	-0.08104517199855876	1.6191660793144351	0.021028059855552853	1.0
1720000	-8.503442363808274	-3.086667768805011	-5.416774595003263	-2.188909549764869	-0.8977582190401421	2.888780953970664	1.968457701937179	0.04773580798131727	-0.7281777906854467	0.40900465915797707	0.46208192561675715	1.0
1721000	-10.23477546210145	-4.78130769995027	-5.45346776215118	-3.4594231238918542	-1.321884576058416	4.0588872990392435	2.8376673735766786	-0.32482430176862215	-0.4506950711620207	0.3170903469935057	0.15025208725630101	1.0
1722000	-11.629949398736438	-3.7599086906684467	-7.870040708067991	-3.2294329591596225	-0.5304757315088242	1.2844752502217194	2.956922545367918	0.09929732580788969	-1.250957545147791	0.5134539436970635	0.1877440616824261	1.0
1723000	-8.585265029402741	-5.056592732810456	-3.528672296592285	-1.6194996649275915	-3.437093067882865	2.432130061423807	1.2463449595614873	-0.23387126371478098	0.10018408415670438	0.4379334803170355	0.17212205769823402	1.0
1724000	-10.242156961699303	-4.636909537533443	-5.60524742416586	-1.9152892178556247	-2.721620319677818	1.6351160392481188	3.4219167301881424	-0.6326170041870958	-0.032123452616591025	0.34320258806323706	0.08513740542984022	1.0
1725000	-8.555314224334913	-4.249218633096523	-4.30609559123839	-2.4532049486240677	-1.796013684472455	2.5092375574665535	2.077239350258062	0.4587329711237648	-0.03267262419881267	0.5097638543365912	0.08381550023286848	1.0
1726000	-9.506071905949955	-4.3270630591242965	-5.179008846825658	-1.5960577433749705	-2.731005315749326	2.8282154475841867	1.808901020922192	-0.5335830338690668	0.3958415869812666	0.30105303655320287	0.16112388203538874	1.0
1727000	-8.985183680324063	-3.2766620008503224	-5.70852167947374	-1.6894942509137874	-1.587167749936535	2.0395028842669194	3.1903350037986953	-0.21374909317811494	-0.5037752352577348	0.41538712548880286	0.777721254068029	1.0
1728000	-11.017181937326486	-3.661723234658057	-7.355458702668429	-2.7671382553619033	-0.8945849792961535	1.7730753148389282	1.7206412909123048	0.6460234203741563	-1.0037553901157708	0.6247815075895883	0.17133194534874358	1.0
1729000	-11.148788128896465	-1.871664980442139	-9.277123148454326	-1.8661694602116548	-0.005495520230484274	1.5947586621093004	2.577420734465763	-1.0257726988235063	-2.8125980348932518	0.9036002565555356	1.447023487450298	1.0
1730000	-10.452410304385872	-2.653015181952365	-7.799395122433506	-2.0917303236174183	-0.5612848583349468	1.6761583351008995	2.7637236642772636	-0.18338306253616835	-1.0404899482621022	1.2577920813807915	0.2521385907720213	1.0
1731000	-7.803124614704689	-3.4225431894356504	-4.380581425269039	-1.8578196914668759	-1.5647234979687745	2.8680833439516142	1.7705366752916336	-0.2411210540634579	-0.36386866339028745	0.36252914441771655	0.18659994898334192	1.0
1732000	-7.729986724872436	-3.4688655668256985	-4.261121158046738	-2.0199981173135697	-1.4488674495121288	2.6315146853033964	2.4529012622836035	0.07952790894456982	-0.2341369509464177	0.937192688503668	0.025685035116414956	1.0
1733000	-7.216405693136994	-4.356868210866399	-2.8595374822705946	-2.593149885874806	-1.7637183249915935	1.5152600184957044	2.8734620604910566	0.08729911291646783	-0.1930095071939706	0.4024776751864763	0.04837740421589441	1.0
1734000	-10.294897048841106	-1.9238950130508758	-8.37100203579023	-1.2143621836526108	-0.709532829398265	2.138915806596367	3.3188386264907557	-1.455257252974491	-2.2971128272708037	0.5325558062679294	2.6726815141581186	1.0
1735000	-7.755806399424026	-3.969025958186334	-3.7867804412376924	-1.820198336306838	-2.148827621879496	1.9272273400572715	3.037783760746487	-0.14339807922426856	-0.07024262200984277	0.3758669861878529	0.14011274393291917	1.0
1736000	-10.34512448073857	-5.724351824468986	-4.620772656269582	-3.920818180841927	-1.803533643627059	1.089881351505274	3.2966520063210027	-0.04186146694726295	-0.4460581906643634	0.5920520880880173	0.0446961812944928	1.0
1737000	-7.911245828185522	-3.754955136581489	-4.156290691604033	-1.8636090209462957	-1.8913461156351934	2.9887232936181127	2.219277140574735	-0.3590007057944611	0.043878145435635785	0.464276620273606	0.10411116791011654	1.0
1738000	-9.041383447791562	-3.6336143143778	-5.407769133413762	-2.4453205971516	-1.1882937172262	1.5996482702073556	3.0046727407578397	0.11089169455541004	-0.6503003580277384	0.7540616365559909	0.3127454570660013	1.0
1739000	-8.936966468769807	-2.9226257481364026	-6.014340720633403	-2.5076368616375877	-0.41498888649881494	1.714458201863018	2.085880372421396	0.3661469633982165	-1.1199252812014735	0.7578685978849419	0.4518625219504159	1.0
1740000	-8.330043261752412	-4.645027679079538	-3.685015582672873	-2.4686938431808967	-2.176333835898641	1.5464869751168013	1.3994258927186964	0.011344110437178312	-0.475213518811307	0.9250025322197969	0.20494325163384408	1.0
1741000	-7.24177926833379	-4.805832493603013	-2.4359467747307773	-2.4029744912855886	-2.4028580023174246	1.534047004191608	1.6971800977562197	-0.11640588250093209	0.13081813878009652	0.6998359660476763	0.07582964029372247	1.0
1742000	-15.63406234125539	-8.480418732346095	-7.153643608909295	-5.509847043488291	-2.970571688857804	0.7756948762627787	3.5358354035231523	-1.4262288978490267	0.0032783459165068862	0.2748049584059859	3.5207327825028805	1.0
1743000	-10.805114784311161	-6.215881676166199	-4.589233108144963	-1.957510803529492	-4.258370872636707	1.6750947971686583	4.289232266828903	-0.4032712489867104	-0.040791106833400426	0.4220368524553118	0.09357220067928561	1.0
1744000	-9.261286846168108	-3.188431916804861	-6.072854929363248	-1.2244781032432464	-1.9639538135616146	2.3996972445727436	2.842633432362009	-0.952700139125325	-0.06618162972559849	0.36418373967909434	0.3062763050922587	1.0
1745000	-13.424470245649868	-8.670028737727012	-4.754441507922855	-5.672557085709212	-2.9974716520178006	5.003636986007292	1.1927087884678826	-0.17022912293499293	-0.3833685271789533	0.2941118292664163	0.06083149035360804	1.0
1746000	-8.854859995762611	-4.325986397166874	-4.528873598595737	-2.763029163814455	-1.562957233352419	1.5523429409777698	1.8329948985745383	0.36644978064365435	-0.3090914788632926	0.8850264371437474	0.44623721264811805	1.0
1747000	-8.09737085089283	-5.30356105129101	-2.7938097996018203	-1.8676271624430143	-3.4359338888479956	2.2404412269569023	1.199202737602733	0.05418629624914856	-0.02603384735050751	0.8345028848028362	0.10084029585869235	1.0
1748000	-13.688163502033843	-5.5196009686745295	-8.168562533359314	-3.2647955603753687	-2.254805408299161	3.007286575768407	3.321278676046096	0.6362561847448688	-0.19872018655978516	0.26133399652057526	0.043280225279862486	1.0
1749000	-8.01936716770951	-4.72528924303488	-3.2940779246746286	-2.1856230926225955	-2.539666150412285	1.970908644832031	1.5778047898440244	0.28137734037372814	0.09231701958291319	0.3641345957905051	0.10136177546616543	1.0
1750000	-7.355133908328793	-2.7093078774750747	-4.645826030853718	-1.5824448983159307	-1.126862979159144	2.3453662518283087	2.388858364710975	-0.26306408150051674	-0.44123703049800567	0.3720279526811608	0.08797536191827232	1.0
1751000	-9.983928155640832	-5.770586016084223	-4.213342139556609	-4.041490592481379	-1.7290954236028435	1.1576264668874734	1.5915164379501159	0.5380370029763922	-0.4642498594843455	0.8141668349893897	0.16578650621995705	1.0
1752000	-7.392846774657045	-4.0898867278070545	-3.3029600468499902	-2.351241410491789	-1.7386453173152656	1.566866270231191	2.149453605287426	-0.09293245933557603	-0.05274018895519139	0.416180591825398	0.15382131956512393	1.0
1753000	-8.138680243802295	-3.430424440529821	-4.708255803272474	-1.7689010716834481	-1.6615233688463729	2.356951510992758	2.553187504617389	-0.052096909374878875	-0.12712260795512342	0.12536232785851914	0.14006650145999844	1.0
1754000	-10.488689479459545	-2.9907726711936515	-7.4979168082658925	-2.2513335576010443	-0.7394391135926073	1.8962521610615644	1.8301299967735862	0.2969608364954257	-1.0082117757430389	1.2523011531917931	3.6388314245015065	1.0
1755000	-10.208867136004606	-3.084147943151347	-7.124719192853259	-1.3295791444597214	-1.7545687986916256	2.217326902324095	3.8345798900675416	-0.6947976098175321	-1.1470178640528035	0.4682541124964429	1.2182630899558893	1.0
1756000	-7.021585936623648	-4.142567141900903	-2.879018794722745	-1.9218856094811194	-2.2206815324197837	2.5353003940137073	2.9168128962167135	0.04071924868334126	0.03186025521426161	0.7695315236188557	0.023889255607941935	1.0
1757000	-7.520262891956023	-3.8695952252396806	-3.6506676667163425	-1.7724774287884069	-2.0971177964512737	1.8489503984304032	2.2319754685041717	-0.3163444178022631	0.15833954147941248	0.44929776627945783	0.1144484216813247	1.0
1758000	-10.438783160559137	-2.3176273346733263	-8.12115582588581	-1.6633225515769228	-0.6543047830964035	1.6777830545967027	2.889614263326747	-1.4889712175615097	-1.037903071370211	0.3868999980993324	0.49657587185052715	1.0
1759000	-9.80650042036364	-3.902118926478833	-5.904381493884808	-1.9004967778370947	-2.0016221486417383	2.9481476311755426	3.4194603891759088	-0.2728715767949354	-0.42360391345419557	0.4937343261547047	0.46742836193400816	1.0
1760000	-11.898375725094404	-5.133446801689582	-6.764928923404822	-2.4319047322618736	-2.701542069427708	3.265005605223281	1.8444537694928638	-0.10802932655397215	0.3973232865407419	1.3676906386410026	0.11085334440618737	1.0
1761000	-8.25458994958142	-4.370282815565426	-3.8843071340159945	-1.981420174961288	-2.388862640604138	1.8265984274866969	3.105402358753867	-0.060102529041060504	0.01266378730619086	0.4024857515144417	0.17035097469344138	1.0
1762000	-9.39819983263958	-2.884359446590217	-6.513840386049364	-1.749064748965008	-1.1352946976252092	2.9186386746287125	2.4291190703461862	-0.4209639265875435	-0.4395587981633476	0.7623124104234321	0.06718219918031933	1.0
1763000	-11.814533927072075	-4.521456251061678	-7.293077676010397	-1.6843252979742571	-2.8371309530874207	1.715237540263254	2.6357091892455964	-0.8953136010172416	0.4371079545062698	0.9759601839433862	0.16889488021650734	1.0
1764000	-7.29224788231588	-3.8586346865485117	-3.433613195767368	-1.6817578083025015	-2.17687687824601	2.1681731212848843	2.2187552881021846	-0.15864540003572974	0.20087644245998237	0.41578842779747005	0.09874454883463775	1.0
1765000	-7.774743990463308	-3.3556432159017593	-4.4191007745615485	-1.6115081433314362	-1.744135072570323	2.6237254425206897	1.9810314630520331	-0.3320370964874577	-0.09717939798906447	0.5841314406881041	0.2380673348291657	1.0
1766000	-11.092205149049567	-3.8969951974055	-7.195209951644067	-2.173013334735833	-1.723981862669667	2.3988532444817143	1.2088695555526712	0.29677373957385167	-1.5966246260325665	1.0704477195753528	0.6296772145843494	1.0
1767000	-13.042538397395813	-6.736603367062128	-6.305935030333684	-4.567607224958721	-2.168996142103407	2.809923590886196	1.5997898101127204	1.3066413701076751	-0.12653340479567343	0.5250985600222569	1.0174674886593986	1.0
1768000	-8.001935107710853	-3.6525102372427334	-4.349424870468121	-2.1150218515237054	-1.537488385719028	1.969872635432493	2.81625545404716	0.21493759582832223	-0.30011656490920435	0.7244924370862267	0.04625085922954833	1.0
1769000	-18.320954345386085	-11.438453199091642	-6.882501146294442	-2.9450032301473907	-8.493449968944251	2.361426672026188	5.24209853813035	0.8090242761791743	0.5904662592718708	0.29217681060376305	0.7058470036502351	1.0
1770000	-14.367336410060135	-1.7589153540747215	-12.608421055985414	-1.9901357806565265	0.23122042658180497	2.618751653658204	2.2045369439633795	-2.6718862882021432	-2.6991557379949604	0.4418778244117456	1.0344667500907705	1.0
1771000	-10.656390847285753	-2.292557644190566	-8.363833203095187	-1.9378804420000941	-0.35467720219047205	1.6574713096770861	1.5394949840346992	-0.49723918555744895	-2.279137311912845	0.41291072650993277	0.723548557609679	1.0
1772000	-8.269426463514494	-4.423975288301753	-3.8454511752127414	-2.757590604736421	-1.6663846835653313	1.4042307530219118	2.486312402016599	-0.05828794703649587	-0.10839475656148884	0.6527389212688084	0.24260813779489335	1.0
1773000	-9.20320113241449	-4.013793236088545	-5.189407896325945	-2.6047380990006284	-1.4090551370879165	1.6883232055915167	2.9729675164261504	0.4254969133267093	-0.4701185657831939	0.6660899321843351	0.15428027704889744	1.0
1774000	-7.567481470339638	-3.3377483572669444	-4.229733113072694	-1.673985177381745	-1.6637631798851995	2.767668151988707	2.275611806689682	-0.36375834077602887	-0.08778404218036104	0.5795747444157394	0.09311423490340721	1.0
1775000	-8.217719408573158	-4.038898670030535	-4.1788207385426235	-1.7744810980207308	-2.264417572009804	2.2603083805895228	1.857925582567449	-0.03988392478604913	0.16037480639105817	0.11576614520084341	0.07140270537677068	1.0
1776000	-8.176026861626681	-3.1616341550007414	-5.014392706625941	-2.248211801742115	-0.9134223532586265	1.5446400358547487	2.593213527104919	-0.32718425872471135	-0.6418006480377763	0.5667114242696493	0.1950993074558789	1.0
1777000	-8.877595905177557	-1.4830226499940258	-7.3945732551835315	-1.2431141134821324	-0.23990853651189337	2.2549862847276323	1.8717655038912517	-0.9072983462126405	-1.5559695117146817	0.5689967895301346	0.6431238574689241	1.0
1778000	-7.525828359259454	-3.2941479701908554	-4.231680389068599	-2.1615190427797026	-1.1326289274111527	1.794339870560469	2.4283084971643762	0.10947499847354496	-0.4413396878898221	0.5616550387471626	0.18372843787126242	1.0
1779000	-11.870884149998732	-2.1317217965740376	-9.739162353424694	-1.355292391949849	-0.7764294046241886	2.79818678663562	1.298873853243239	-1.440530045712495	-4.041250153153328	0.9089501375545924	3.293568259222432	1.0
1780000	-8.215348998384698	-3.3897529990925026	-4.825595999292195	-1.933249687786848	-1.4565033113056547	1.839629150229185	2.7628101683284356	-0.10350618929709243	-0.3260676259548557	0.7154207497945181	0.3129487479103876	1.0
1781000	-10.588900370274237	-4.864225918839263	-5.724674451434974	-1.5484585102529138	-3.315767408586349	2.5082728523228424	1.3692526247021235	-0.35051044930183184	0.2774546984713134	0.5444556108024371	1.647168725552777	1.0
1782000	-12.490404428568961	-5.217870098561067	-7.272534330007893	-1.293771689267544	-3.9240984092935234	2.0696997707571643	1.1534529286011335	-0.9730380780134786	0.18750826922334168	0.6122068475506484	0.10337701245242033	1.0
1783000	-9.231546185151101	-3.8358216821935525	-5.395724502957549	-1.6208591805284343	-2.214962501665118	2.6108455775689743	1.9479960870438155	-0.3122203784746095	0.17273388419948876	0.5472908559897491	0.8007432359174608	1.0
1784000	-8.4458978458246	-4.211002127294872	-4.234895718529729	-2.270909872063222	-1.94009225523165	1.692224522274279	1.923418577247664	0.08338601867507883	-0.0007045413641691978	1.4471514180596274	0.1193983289483937	1.0
1785000	-7.899622480250473	-3.1742692997372135	-4.72535318051326	-2.059638606305196	-1.1146306934320176	2.780787516511607	2.243446130892516	0.020444669230421375	-0.4519359131690317	0.2193453131476135	0.08064596762370281	1.0
1786000	-8.408377730626977	-5.778974258585484	-2.629403472041493	-3.2465634293232357	-2.5324108292622487	1.2649096048299118	1.7497377113807269	0.0275306860033534	0.2493496039775531	1.074265018579561	0.058133689494837	1.0
1787000	-7.800949613407915	-3.965882254051044	-3.835067359356871	-2.1231229354383654	-1.8427593186126785	2.1190810105239093	2.3199523858419058	0.2755616668739247	0.01550361370012987	0.8822062758669224	0.025204977822579466	1.0
1788000	-10.22882405911816	-4.500128103619357	-5.728695955498803	-3.0309929103467077	-1.469135193272649	3.0227284843433075	2.4389396079592323	0.5024555990682187	-0.21916193062323824	0.1384138616703213	0.22750920296264487	1.0
1789000	-9.081946529131564	-4.413656135854635	-4.668290393276928	-3.2590468820009084	-1.1546092538537263	1.2854877090548922	1.7622104398324647	0.14487454214492365	-0.7019213695733334	0.5893520844797545	0.1248231168049857	1.0
1790000	-9.749321136129554	-3.3824594378704624	-6.3668616982590915	-1.2792524807919214	-2.103206957078541	2.52547309302953	2.8318387987239624	-0.8536811276624253	0.012517302735913866	0.3786594557722287	0.1473862020499158	1.0
1791000	-9.272142475898274	-4.574170208769967	-4.697972267128306	-1.4482564398026225	-3.1259137689673446	2.1369144486848195	1.6028048323031487	-0.5096499995267271	0.466760857842907	0.6471789447724391	0.22550669902563597	1.0
1792000	-9.191278001590096	-4.16533600465082	-5.025941996939276	-2.4262748561715455	-1.7390611484792746	1.4256221840613932	3.0437442963835903	-0.5483440514267317	-0.30399301362781583	0.6107103997817691	0.31795398737434605	1.0
1793000	-7.514585907665275	-4.298856189549666	-3.215729718115608	-2.2915839351381004	-2.007272254411566	1.619137094663241	1.9719642124780805	-0.03920947630639382	0.0609806091423063	0.40813383107112333	0.14992099000663248	1.0
1794000	-9.984518936831101	-2.6531566991069546	-7.3313622377241465	-1.8704628287141247	-0.7826938703928299	2.1294925816435377	2.2064414281402476	0.04007212876886837	-0.7188937086241459	0.84911225212474	0.06040141741315692	1.0
1795000	-8.174125410191316	-2.1828565338915347	-5.991268876299782	-1.4733182881280058	-0.7095382457635289	2.283798306937274	2.1634775429406274	-0.4139055277342063	-0.7943252175412682	0.47268440976249043	0.17454827089885583	1.0
1796000	-7.717964759283614	-4.44622484681522	-3.2717399124683944	-2.9262639820372267	-1.5199608647779925	1.33471380754738	2.3725852406415706	-0.11096527274962645	-0.17944075123074293	0.4648946213514318	0.1376212731839732	1.0
1797000	-11.387411211195392	-5.8608704955189905	-5.526540715676402	-3.949116667705348	-1.9117538278136426	1.1804301179309216	3.126900210760444	0.5345169018095514	-0.25561217670524444	1.0506317337495352	0.1871521889709748	1.0
1798000	-7.88609908336869	-3.8541953523874772	-4.031903730981213	-2.1154034758156444	-1.7387918765718329	1.6404061887050383	2.7301824708765987	-0.2384314974263413	-0.1421248295981088	1.0257080174640303	0.04694307351951005	1.0
1799000	-11.426970323687275	-2.7609178175669937	-8.66605250612028	-2.656404520986645	-0.10451329658034858	1.3228488799422973	2.8515011953023532	-0.750154621905029	-2.1583927798342413	1.2695040985910355	1.9533178075777151	1.0
1800000	-7.720889325964932	-5.556333049601274	-2.1645562763636583	-3.348101132098419	-2.2082319175028546	3.753177211599461	1.739016775738017	0.015342508701260513	0.04589015807789029	0.21133348106959787	0.018187772695872257	1.0
1801000	-12.171064886445704	-5.896876248344127	-6.274188638101577	-1.7671979206957316	-4.129678327648396	1.7605786550497964	1.0662307390342292	-0.5164364166943126	0.05085796360783795	0.2852940289184236	0.02885086347557871	1.0
1802000	-8.38677085285603	-4.40063657564409	-3.986134277211939	-2.0120622781052937	-2.3885742975387965	1.8092568266550908	1.553723297513787	-0.045856311211049605	-0.0380818148002654	2.1566181798359643	0.026393629976457417	1.0
1803000	-9.733010636216983	-2.909077862885896	-6.823932773331087	-2.4266974048774035	-0.4823804580084925	3.359681905768209	2.4220417570223365	-0.22584268040093147	-0.9825901313584464	0.6641014785838768	0.560021332621635	1.0
1804000	-9.565813255271806	-3.335083811828933	-6.230729443442874	-2.3054966280089646	-1.0295871838199684	1.9122694859004372	1.4963383687713727	0.35646328721584986	-1.341211561296959	0.3279291103037025	1.4904162650525843	1.0
1805000	-7.133872988638887	-3.125411507882406	-4.008461480756481	-1.8435467976988793	-1.2818647101835268	2.0705816001672575	2.311660792344489	-0.010290862999277839	-0.3307349016166692	0.6359177284874947	0.15251638175098733	1.0
1806000	-7.589662941521906	-3.324802702737739	-4.264860238784167	-2.1347218904124468	-1.1900808123252924	1.58978214083566	2.1122661883463634	-0.36323772214245875	-0.4247424582317705	0.43191624017956326	0.14056190065109295	1.0
1807000	-11.20175077200674	-3.91589065520901	-7.28586011679773	-2.118830977115561	-1.797059678093449	1.5165080920434368	1.9237581041979	-0.7425539996251309	-0.09048096247780668	2.064337447501256	0.4163014768200332	1.0
1808000	-7.05021490074379	-4.051477171324105	-2.998737729419685	-2.3017599957867123	-1.749717175537393	3.1900363728079433	1.8664257909662383	-0.13809901339200084	-0.15534584794646397	0.4882060235291892	0.03439706017416772	1.0
1809000	-9.265921744509445	-5.328078827561921	-3.937842916947523	-1.858648718061854	-3.469430109500067	2.76495445069517	4.029038805901664	-0.15421534713681526	-0.16654034878595328	0.3022268660121182	0.06398620908642619	1.0
1810000	-9.023836017989082	-2.6758139547921793	-6.348022063196902	-1.360759308759599	-1.3150546460325803	2.325708388360304	2.233203563819311	-0.6011035125945958	-0.31233248313537193	1.1076915052595806	0.14177068824251518	1.0
1811000	-8.830995091575804	-3.435770779655636	-5.395224311920169	-2.016744151674006	-1.41902662798163	1.5811810832933784	2.54946156151609	-0.6407036265946378	-0.2737749952590503	0.9209848032674214	0.26665020881569085	1.0
1812000	-11.47869669103525	-4.932670196976968	-6.546026494058283	-1.8581095045398524	-3.0745606924371156	3.156958383078779	4.158077051016073	-0.6068916481372988	-0.5141122783929503	0.3308172148780858	0.17260722466879516	1.0
1813000	-7.446358992332478	-3.8445823055972843	-3.601776686735194	-1.9954202118813988	-1.8491620937158855	2.8597035932050203	2.0375803879383345	-0.09665290283965614	-0.011445188318663382	0.8138327663255489	0.06690626215839042	1.0
1814000	-9.21152357205823	-2.0972279107665743	-7.114295661291655	-2.0622477187002195	-0.03498019206635483	1.7063497022458127	2.013418620062289	-0.1582864233747857	-1.6978542855659768	0.2666228575442766	0.7581445540725051	1.0
1815000	-11.225848709086709	-5.0256180468412275	-6.20023066224548	-1.391647889477765	-3.6339701573634624	2.394965278089271	1.3858967346031408	-0.5502736923352934	0.49735917243496736	0.17980963859898155	0.11325254009925198	1.0
1816000	-10.707665795016542	-6.390388488939917	-4.317277306076626	-4.391321713392625	-1.9990667755472922	3.9850262769199674	1.9655780327690828	0.3559733994944303	0.053616664679698334	0.39157758732793907	0.07524891327192643	1.0
1817000	-10.459178821885489	-2.130661491176994	-8.328517330708495	-1.7716500609880281	-0.359011430188966	2.1985840428688954	2.448945426274697	-0.04883300826309461	-1.1178368207630685	0.5953169192194603	0.1330928287782859	1.0
1818000	-10.544096855965343	-4.692364628785605	-5.8517322271797365	-2.466741198323403	-2.2256234304622025	2.236495625264755	2.196583519456908	0.5417150159486841	0.22616272705016366	1.1183432682008612	0.23035054010721273	1.0
1819000	-10.572007782104635	-4.512049784219909	-6.059957997884725	-2.730570501966014	-1.781479282253895	1.4802927012005525	1.5954257771138531	0.1615605491211981	-0.4169585437076717	2.0316045883331126	0.03731171567773375	1.0
1820000	-11.046768969025905	-4.906567516779193	-6.140201452246713	-3.717878500818788	-1.1886890159604047	3.6767853640005352	2.7097596529178984	0.31602479802787586	-0.481578001524488	0.3960405668439671	0.7375605958566989	1.0
1821000	-9.018969324873044	-4.234780032428431	-4.784189292444612	-1.5835274294875497	-2.6512526029408816	2.5060082473036407	1.735912822394337	-0.304083235493904	0.3076843446011536	0.27080583130897296	0.3346216361646352	1.0
1822000	-8.698302229552699	-4.021940488138613	-4.676361741414087	-1.4817759677646016	-2.5401645203740113	2.2056197173607632	2.4630348260431467	-0.41885386562107096	0.353091731294747	0.5104893048313648	0.13344322231505848	1.0
1823000	-6.4456522617789656	-4.46021902504949	-1.9854332367294756	-1.9609850271845737	-2.4992339978649163	1.9158585823011753	1.5345034067901326	0.01566570067585832	0.009435410269528044	0.39920961816759254	0.04642110576959771	1.0
1824000	-10.187251188998644	-3.4986974821810213	-6.688553706817624	-1.7392956133300395	-1.7594018688509818	2.7354517947608454	1.2326889833116375	-0.2591244234954044	-1.4365742419349392	0.9009520085358371	0.9802355987711182	1.0
1825000	-8.803394972627792	-3.379651864426328	-5.423743108201465	-1.910731378980941	-1.4689204854453868	2.0569754947828227	1.6349139492818228	0.055378324181914795	-0.6091502613446977	1.1994984666217896	0.10588853093195395	1.0
1826000	-9.533990618542589	-2.632970218019297	-6.901020400523292	-1.3383957901587031	-1.294574427860594	2.543223047608169	2.658056257865266	-0.7190746132582028	-0.3886866425401001	0.5320237176574559	0.10018574356915314	1.0
1827000	-8.024694739728954	-3.548705350222301	-4.475989389506653	-1.717119243345266	-1.831586106877035	1.901228370125202	2.1744505170049617	-0.3204420960722681	0.005874860905977997	1.2179795642025009	0.06838021145510317	1.0
1828000	-10.663306210787816	-4.964970992768644	-5.698335218019173	-2.1028096008401924	-2.862161391928452	1.73858321092377	1.3845039220881454	-0.0421071326360592	0.00684279416456457	0.15025959995496388	0.6696795023255406	1.0
1829000	-9.814888717816402	-3.062807278473672	-6.752081439342729	-2.54244864790057	-0.520358630573102	1.3154986467831424	1.7533278220132946	-1.428279444875218	-1.3708671843192226	0.9459034932118561	1.0686217770049786	1.0
1830000	-7.946710432722616	-3.5227497400401733	-4.423960692682443	-1.9825294569143939	-1.5402202831257794	2.4662212848556337	1.8344136377632645	0.12096344941722503	-0.32431793376218165	0.7750052399770914	0.21553016312073783	1.0
1831000	-10.837890817410672	-4.854109949961122	-5.98378086744955	-1.7762408894886264	-3.077869060472496	2.5613403553262164	1.1111429833775979	-0.110997691454922	-0.6201942513900321	1.526608532671588	0.18477998267521492	1.0
1832000	-9.366950438172951	-1.9976238911003472	-7.369326547072604	-1.2041972758104276	-0.7934266152899196	2.353005425179457	1.541768062099973	-1.0284728013282334	-1.507592675709893	1.031387228325435	1.1815623617517448	1.0
1833000	-9.659939482737009	-2.938670786296009	-6.721268696440999	-1.475676446632157	-1.4629943396638518	2.8208740013616946	2.0080255288550064	-0.7436241112126907	-0.2712134905571709	0.21647745636113402	0.10254303376216005	1.0
1834000	-9.713861132833083	-3.106973386262581	-6.606887746570502	-1.947718524210737	-1.159254862051844	1.8581063070144874	2.7831301529916255	-0.0613814524155214	-0.5364757265050986	0.818342610720519	1.6155952119200128	1.0
1835000	-9.439633091307083	-2.833865513806395	-6.605767577500687	-1.5384762662018847	-1.2953892476045104	2.581216188240141	1.824051001378066	-0.40200237091167207	-0.5184932170808632	1.3022770227765015	0.14325214526457375	1.0
1836000	-10.805282540402548	-7.38395018477464	-3.421332355627909	-2.745722833399265	-4.638227351375375	1.496209058992569	0.8808934371270277	0.2221815783065858	-0.4222313510240822	1.501772289951887	0.11387334733291574	1.0
1837000	-9.176660995841914	-2.780553922293498	-6.396107073548416	-1.8274166364097404	-0.9531372858837575	1.9472797362052388	1.9355283759232507	-0.11406907199969069	-0.704661046729563	1.2486471790634204	0.8706228146258363	1.0
1838000	-8.64568895302062	-4.448569208526671	-4.19711974449395	-2.3018753910250656	-2.1466938175016055	1.7288059518053045	1.3461516134795013	0.1758205406600486	-0.6355617212323731	0.679104148945829	0.27153572544340837	1.0
1839000	-13.654379334446004	-5.308381137443517	-8.345998197002487	-4.236471673900349	-1.071909463543168	2.8534380486101893	2.623784244572216	1.1581692887117738	-0.5319356807297946	0.8557477768131099	0.298910732660666	1.0
1840000	-10.083146347190981	-5.756075745536564	-4.327070601654417	-2.9016004239154727	-2.8544753216210914	1.392773732861172	3.501315302624719	0.09978553846330962	-0.025968360699310883	0.38474048279242995	0.26603849107780336	1.0
1841000	-11.012488977866889	-1.6715949351812025	-9.340894042685687	-1.6286650824947309	-0.04292985268647165	1.7657627608319586	2.224160864943774	-0.8323541448092184	-3.3606872156428826	0.7928667498139863	41.754010649424174	1.0
1842000	-8.127586443760208	-3.8036082204530866	-4.323978223307121	-2.5038701792508276	-1.299738041202259	1.50447133943914	1.8371571889070113	-0.06459699033329386	-0.5029586619266964	0.6785008644491346	0.422695687851689	1.0
1843000	-7.98224415470014	-2.2369133266627106	-5.74533082803743	-1.4020902964408162	-0.8348230302218944	2.533226878828289	2.163223204801228	-0.5864786296797015	-0.6861593788263967	0.413136860383146	0.27014825172432966	1.0
1844000	-7.1672714475504335	-4.396116909660283	-2.7711545378901508	-2.00224334107922	-2.3938735685810633	2.2728444601424096	1.516984516016903	0.17856968527616002	-0.08782609349269979	0.5203243909901049	0.07307921209331292	1.0
1845000	-7.252442619466903	-3.9224905967887587	-3.329952022678144	-1.9172282488668984	-2.0052623479218603	2.6687068198249713	2.2901984038435086	-0.03265909836376801	0.10743671639380073	0.8973674747085278	0.034906602498293755	1.0
1846000	-8.839807213940766	-1.8182532664224116	-7.021553947518354	-1.3014608852045004	-0.5167923812179112	2.272922267165274	2.7767264326059307	-0.7359427611305387	-1.0981173561381974	0.20458243135410903	1.4605548670070037	1.0
1847000	-9.13404000038959	-4.408456994980547	-4.7255830054090415	-2.0079739629943596	-2.4004830319861874	3.0709020652406402	2.9405702915691307	-0.2907336151675339	0.10876784933810783	0.696042703205488	0.05633713130982194	1.0
1848000	-7.937125449783927	-3.826350826779966	-4.1107746230039615	-2.472278134233928	-1.3540726925460378	3.095236507657063	1.951336630648839	0.09275619632195997	-0.37740332895780637	0.3791527841671176	0.08191870119660838	1.0
1849000	-8.767480530794579	-3.3695984662218006	-5.397882064572778	-1.5883301071609992	-1.7812683590608014	1.8449419042883206	3.1147583286963427	-0.6708550583785365	-0.3247684347065	0.44482344430929166	0.33128684786532664	1.0
1850000	-7.178845150788302	-2.9632604544922696	-4.215584696296032	-1.774112316846189	-1.1891481376460806	2.050159248916874	2.3510022772269945	-0.10040506780207012	-0.39509345905770243	0.7038193044716078	0.05906801338765754	1.0
1851000	-8.771140686018832	-6.219101913210018	-2.5520387728088143	-4.362917635740224	-1.8561842774697936	0.9992888070430731	2.303933947685626	-0.09175470625809456	0.02393975995011932	0.5798626821116225	0.09654450240217567	1.0
1852000	-9.372630248517293	-4.26357657906019	-5.109053669457104	-2.062015446045857	-2.2015611330143328	3.2364649209300134	2.015170170029288	-0.44789749235755927	0.1868699930532738	0.7039611154142582	0.1373219183264051	1.0
1853000	-13.013779528846563	-3.6984908772902134	-9.315288651556349	-2.9209809544677388	-0.7775099228224747	2.1752540702583643	2.7470445990737566	0.837735267998131	-0.8216507352599098	1.0197930894303362	0.15872221231055936	1.0
1854000	-9.431721935982047	-3.287602502301173	-6.144119433680873	-2.3409693038389765	-0.9466331984621963	2.6382986819275582	2.1745140361106063	0.322596247781472	-0.5920117999947633	0.5260110272675373	1.3849789918875004	1.0
1855000	-11.620180358422655	-5.5894010517834225	-6.030779306639232	-2.5389160537650692	-3.0504849980183533	3.402754441736671	2.7910925002759805	-0.17840317598311872	0.46776080945805265	0.743752726235226	0.18736077783195523	1.0
1856000	-8.696146964964523	-4.700163746475498	-3.995983218489025	-2.6431786332570333	-2.056985113218465	2.9849140139807706	1.5741147683146652	0.3003319553574175	-0.2414813552618901	0.6002818527845012	0.07754406791533804	1.0
1857000	-7.870302100984958	-4.6380414413667115	-3.2322606596182464	-2.0650169235717755	-2.573024517794936	2.9097394489876165	3.3141979376957	-0.07496077669135451	-0.029423319798357273	0.3250736706311636	0.053001358936957906	1.0
1858000	-7.739304456383776	-4.232678367337524	-3.506626089046252	-2.3889668975424803	-1.8437114697950436	1.4919638254281016	1.8672574585218502	-0.28944831622274364	-0.09297674032320369	1.042461201705356	0.1171281946543326	1.0
1859000	-12.476675671845275	-6.777714618142935	-5.698961053702339	-2.525502613953905	-4.25221200418903	1.4667536653281996	4.053678928838536	-0.16509885885762776	0.1532467146149381	0.3403293963626333	0.8150612812942964	1.0
1860000	-11.091515934092493	-5.790779784067398	-5.300736150025095	-2.767158805352894	-3.0236209787145043	3.3682126530525474	3.207375408041897	0.041878234450088314	0.2444096971823041	0.5720824286803933	0.20960165765746547	1.0
1861000	-8.869108794008916	-2.8715564182145066	-5.997552375794409	-2.0139938848786088	-0.8575625333358978	2.587059667596235	2.006721196157742	0.09734143307519388	-0.7376761123737443	0.20601132687893864	0.7172963596693733	1.0
1862000	-8.249150289406447	-3.2781443589028054	-4.971005930503643	-1.7526313842892378	-1.5255129746135676	1.7745721694156236	2.3142868308847935	-0.5074697414733124	-0.17268994056133172	0.405089764251908	0.05649639530362499	1.0
1863000	-10.332638460733538	-2.1945540123055407	-8.138084448427996	-1.295929838462742	-0.8986241738427987	2.1126422525885546	1.7185644438002832	-0.8845078235477376	-1.0029389092204906	1.1932259545754968	0.26105167271298496	1.0
1864000	-9.749363581942383	-1.8443568945582562	-7.905006687384128	-1.5716401155132775	-0.2727167790449787	2.41480257280526	2.3523294308995877	-0.2884902649165004	-1.2071551009672854	1.0806058908321838	1.9757341029118547	1.0
1865000	-11.136384028583484	-2.9990238929205275	-8.137360135662956	-2.8460245103862056	-0.15299938253432188	1.238147195853252	2.430496443152979	-2.0989090807764987	-1.3718112300333405	0.5808281569921996	1.0298033967062474	1.0
1866000	-12.76132491838232	-8.325920071134874	-4.435404847247446	-4.490437843149724	-3.8354822279851506	4.46018709455849	1.013827180237406	-0.1440768955588082	-0.39646233164249534	0.38268117743957447	0.09322126408206187	1.0
1867000	-9.100916521465841	-2.5581909327857275	-6.5427255886801134	-1.9710048620845448	-0.5871860707011827	1.593723084889262	2.3141405018295513	-0.6910910997216525	-0.8774085718438459	0.24917657552882327	1.8488236355993897	1.0
1868000	-8.96970368685504	-3.447558191994494	-5.5221454948605455	-2.065765873972442	-1.3817923180220522	3.1610429601804126	1.7218997562885823	-0.337717325857229	-0.560322330031274	0.38810497379559006	0.6478277984065831	1.0
1869000	-6.9951898008450675	-4.2857012126592124	-2.709488588185855	-2.380134579114002	-1.9055666335452104	1.6690599079028827	1.8227556177381286	0.16888063954853585	-0.08277278921513433	0.6889765484869534	0.0826384502998899	1.0
1870000	-11.92338515985983	-4.120537024428172	-7.802848135431657	-2.42902629232079	-1.691510732107382	3.0394096101477914	3.033639845033554	0.10961124345692819	-0.3265459669819385	1.3909414780798497	0.06365603404580007	1.0
1871000	-11.240371054731384	-6.289099612098511	-4.951271442632874	-2.420960581369478	-3.868139030729033	2.931111408379414	3.66706669282661	0.19096202333912066	0.28948962569204906	0.5539299343023997	0.09445690753874329	1.0
1872000	-11.575063389645484	-2.5774701947993837	-8.9975931948461	-2.210985974681476	-0.3664842201179077	1.424293375397601	2.3354562543821906	-1.5653985356819216	-1.099594948219625	0.47029364099453075	0.3765420605222904	1.0
1873000	-14.061279564268673	-7.9872639144048465	-6.074015649863828	-4.827162701320321	-3.160101213084525	0.8862176638268767	2.860835897514785	-0.6662489312281801	0.4821896717030202	0.33745966599413196	0.11377133051323461	1.0
1874000	-13.606112509079471	-2.25681917554345	-11.349293333536021	-1.3016005198014087	-0.9552186557420415	2.0121846300011472	1.9668245307923233	-1.654707587787745	-0.6800271008451793	1.3039087661134554	0.25769431088564304	1.0
1875000	-10.76190514337011	-2.2431335440157962	-8.518771599354313	-2.360324961104528	0.1171914170887316	2.0444737098582206	2.026212226658893	0.455493453428338	-2.007712577821681	0.7525022514456753	0.5934906028731567	1.0
1876000	-8.354391518993273	-4.505271181909459	-3.849120337083814	-1.8472259158542048	-2.658045266055254	2.0303875233087108	1.8574745830383135	-0.027349548016510378	0.3799471478087711	0.35056414698820254	0.1399260856781355	1.0
1877000	-13.340757360382785	-3.888698440181929	-9.452058920200855	-1.5809295291499108	-2.307768911032018	2.685927971720786	2.0216311888375698	-0.4170607155684961	0.24697259475438327	2.158332736235347	0.0729370401546897	1.0
1878000	-7.917482141256995	-4.191528382137528	-3.725953759119467	-1.701933065789703	-2.489595316347825	2.410434372371582	1.9481109898717257	-0.13388712211969717	0.3242800600130416	0.4327607979867583	0.10357839567592637	1.0
1879000	-9.164628883893041	-3.0608124999681543	-6.103816383924887	-1.900713149838861	-1.1600993501292933	1.924328026076145	1.4154037299741258	-0.04650434671124748	-1.4377451146069904	0.8083086552450414	0.6737000523583291	1.0
1880000	-7.5129942113659	-5.253965822301222	-2.259028389064678	-3.2326361482813657	-2.0213296740198565	1.270530672060924	2.124720372242785	0.03577985067098107	0.10853366529914615	0.5118240067180032	0.06333838962245726	1.0
1881000	-10.29530052385638	-3.69826403497178	-6.597036488884599	-1.6329889710460854	-2.0652750639256947	3.0878538856166546	2.533958195481581	-0.9519497475724039	0.10090932086125176	0.5735627250013831	0.9351497856962758	1.0
1882000	-8.93831589326172	-4.742603658167244	-4.195712235094477	-1.4655682763967448	-3.2770353817704994	2.218228323163953	1.397873300214904	-0.44009401875161147	0.3017089160470422	0.4001731086697726	0.11315870455975065	1.0
1883000	-11.301420436449426	-6.0438828224660535	-5.257537613983372	-3.206024462765045	-2.8378583597010083	1.6514803470769808	1.4878135305915072	0.8775743686310963	0.16359648470316657	1.1562665219348465	0.3878721586027818	1.0
1884000	-10.885358653442818	-4.999781271896942	-5.885577381545875	-2.452339875399999	-2.547441396496943	1.5164880451709903	2.748306984838273	-0.10016644328075242	0.26532322875894815	1.437906589893737	0.21283225495637434	1.0
1885000	-7.788380668441483	-4.536632151696996	-3.2517485167444864	-2.2443793293096856	-2.2922528223873107	2.790586534437727	1.7815124497924901	0.16212643611073174	0.1299766294693333	0.8536689163901664	0.027863189025468985	1.0
1886000	-9.081546612100288	-1.0974310368982465	-7.984115575202042	-1.3446050713368436	0.2471740344385971	2.4668179794876153	2.1477021485321393	-0.6610291010758444	-2.451582212692335	0.49506258109754425	7.64375801485923	1.0
1887000	-8.380800586408414	-6.235369683734556	-2.1454309026738585	-4.046678085427411	-2.1886915983071447	1.0971279215213647	1.6105017775438273	0.20899399518500528	-0.09932125528183347	0.9722445883384454	0.058486419657012526	1.0
1888000	-10.164357621884122	-3.921944372666559	-6.242413249217563	-3.3891786071664605	-0.5327657655000984	1.1846127140917504	2.672978422884744	-0.24209327302425873	-1.015356093723204	0.6754673510388408	2.136508508528364	1.0
1889000	-7.39810985535197	-3.411307180930141	-3.9868026744218295	-1.6731513621183556	-1.7381558188117854	2.7784880700470835	1.9978509294599558	-0.37455243037140007	-0.09407800887915327	0.42039624803235986	0.0815356010208207	1.0
1890000	-10.082217263724981	-6.015785504908311	-4.066431758816671	-2.236972876673363	-3.778812628234948	3.0867516639042716	1.2321504767286056	-0.08705524167671971	0.29501189351986107	0.5757022475178091	0.20282585194125782	1.0
1891000	-10.36880641863972	-3.4751805071319932	-6.893625911507726	-2.8821455662069386	-0.5930349409250546	3.6298544418763483	2.339524808980486	-0.178747369227088	-0.8710242451486768	0.5781681901866689	0.17602612255883288	1.0
1892000	-7.1056490221433695	-4.309711497248864	-2.795937524894505	-1.9603315282907285	-2.3493799689581354	2.4216126156534967	1.4548354732482258	0.11557143641638573	-0.22492382871412758	0.6076569823041097	0.023741081706154812	1.0
1893000	-9.509963627744966	-3.400774881553917	-6.109188746191048	-2.295622732770327	-1.1051521487835902	1.6891933921362796	1.4259197960167345	0.10703675096193377	-1.4705818282734064	0.4801064870139891	2.311771382200321	1.0
1894000	-7.3220311747731746	-4.125421804557673	-3.1966093702155014	-2.6388888599561824	-1.4865329446014908	1.4222987021163023	2.4896310627355858	-0.1658886305278243	-0.21747692824087014	0.3805122737564914	0.07937739708013662	1.0
1895000	-9.004858823429366	-2.3778085855333213	-6.627050237896045	-1.3216416468209378	-1.0561669387123835	1.9713949908579045	2.5681023951866817	-1.1914079697321274	-0.5256926041205682	0.48405720948533726	0.4244488249270889	1.0
1896000	-9.63241187435419	-3.836315121850304	-5.796096752503887	-1.5051372354650026	-2.3311778863853014	1.848274390397279	1.6703719085948885	-0.8908009215002985	0.0611343076151782	1.0893232399356678	0.22039277134616123	1.0
1897000	-12.396843833103535	-3.3162066890505173	-9.080637144053018	-2.2920447988290142	-1.024161890221503	2.492594041521538	2.0392372312053286	0.35421944918845083	-0.5806378474336491	0.5092266223278381	0.03306998067728932	1.0
1898000	-9.029585884588606	-2.0261163122433627	-7.003469572345242	-1.2199463391637213	-0.8061699730796414	2.1740273854421273	1.5026956266912854	-1.0987984142404308	-1.6109074613699983	0.7857548527510946	1.1475485177426112	1.0
1899000	-8.779226081659814	-4.1980706761894995	-4.581155405470314	-1.7444518678175696	-2.45361880837193	1.79060965781865	2.2616897148948207	-0.4826297342667918	0.3414156382049554	0.3941916582378189	0.22404445328662762	1.0
1900000	-9.733408878837182	-6.975353801389554	-2.7580550774476276	-5.013399354340114	-1.9619544470494397	0.8767911056711224	1.7725291777011878	-0.35116704163216794	-0.08462563061602596	0.9821987361826119	0.07637016916712938	1.0
1901000	-8.031521193017147	-2.821248973715635	-5.210272219301512	-1.570652242880044	-1.250596730835591	2.323169951207788	2.7606149412725087	-0.27668332007080826	-0.4611680847511773	0.5546308684719644	0.3562813793429424	1.0
1902000	-7.369325755940637	-4.207858877718422	-3.161466878222215	-2.3390738130560953	-1.868785064662327	1.5129166230223197	1.7307948144833711	-0.2914813205688025	-0.18523939334608674	0.5181149919788304	0.10830936814428117	1.0
1903000	-8.705175970664458	-4.040095834484212	-4.665080136180245	-2.343720806683308	-1.6963750278009044	1.7861103391267805	1.560667054751562	0.28927924131614147	-0.542005406859328	0.9387534826342002	0.1030330867893757	1.0
1904000	-5.986434532076447	-3.79949519193664	-2.1869393401398067	-1.9242710774581182	-1.875224114478522	2.1987861989604043	2.1572380172536145	0.10624829968814993	0.029308162865646137	0.5686922985380044	0.03181105525144341	1.0
1905000	-7.191184514295694	-3.0618207635519994	-4.129363750743694	-1.5283155933608494	-1.53350517019115	2.4681944018628683	2.1730740340148604	-0.3615156263891628	-0.17650249161218828	0.5957620112134958	0.08941799212326362	1.0
1906000	-8.072803500243504	-4.407679592357269	-3.665123907886235	-3.156843809536563	-1.2508357828207064	1.2457839405063058	2.4154947956379944	-0.23198612109487576	-0.3579256035564407	0.5740869826994727	0.10714226364103455	1.0
1907000	-8.701539528885009	-3.286522553845847	-5.415016975039162	-1.6696968898215179	-1.6168256640243293	2.171886472852315	3.240186058723572	-0.1721868019593546	-0.5236361335295785	0.6313925744450333	0.09579750540952427	1.0
1908000	-10.473315679190486	-5.378972416210562	-5.094343262979924	-4.142286152417343	-1.236686263793219	1.1093985892328337	2.796302081324343	0.4140100642107165	-0.4880883619327532	0.4820083248738913	0.6787927540283929	1.0
1909000	-8.83097498673817	-2.0705131884412307	-6.760461798296939	-1.5744051789775284	-0.49610800946370226	1.8968131110477469	2.4047300356262347	-0.5795734490432224	-0.966878685636833	1.0277319909601135	0.553416016140239	1.0
1910000	-7.8139302143674945	-3.694912954000195	-4.1190172603673	-1.944987218015818	-1.7499257359843767	2.5485728849558336	2.753115685908531	0.055556089860037905	-0.14520443367235547	0.551978735398336	0.14721451002663874	1.0
1911000	-7.606041818577017	-3.810554695377588	-3.7954871231994285	-1.7088335704189888	-2.1017211249585994	2.2261561392895275	2.025770552201833	-0.11448920428080145	0.133474933731571	1.0065024653350318	0.08235197526673793	1.0
1912000	-11.539326340818684	-3.1631053057383713	-8.376221035080313	-1.928466385886889	-1.2346389198514824	2.5819303411401506	3.392364063987712	0.02509859165606393	-0.9921523205329714	0.4070663526934738	0.108785849878761	1.0
1913000	-8.372448363890303	-4.962631513014392	-3.4098168508759104	-1.7076226613665382	-3.255008851647854	1.8522801910900064	1.3002604873436117	-0.4166365793113288	0.10140662889712461	0.7740208460074388	0.08243394154283522	1.0
1914000	-13.266223062329377	-3.124688451204152	-10.141534611125225	-2.408188126311636	-0.7165003248925164	3.667748476963812	2.5785500178441576	-0.8667781424516245	-0.800485620023599	1.2268464846451808	0.31635405920487797	1.0
1915000	-8.422470793606408	-5.339577642163524	-3.0828931514428835	-2.4645739381537677	-2.875003704009757	1.437675508277377	1.3610408250361405	-0.4002588138957748	-0.031199731938267417	0.8272802923772514	0.11968816410236276	1.0
1916000	-8.43344026480109	-4.298217045352706	-4.135223219448385	-2.3101198833975367	-1.988097161955169	2.9488434273302486	2.0545428521959286	0.09547038369362809	0.07566579441314077	0.62214674606583	0.16365548241583155	1.0
1917000	-8.105818191135373	-3.4076082113455204	-4.698209979789853	-2.240223515639725	-1.1673846957057954	1.783126679425078	2.2266311499600144	0.18086405547352716	-0.4159205124649318	0.23524808534780897	0.05192430815310113	1.0
1918000	-10.885884589234024	-5.33118741525261	-5.554697173981415	-3.705721485669872	-1.625465929582738	1.371155665352663	2.1870757118096664	0.8759076117977159	-0.1167294996978523	0.443259419725203	0.17162491862484255	1.0
1919000	-7.84824102123769	-5.42783072459134	-2.4204102966463497	-2.379359833943795	-3.048470890647545	3.126760154377279	1.2986825136080136	-0.007701984664674033	-0.04628566997842411	0.13471893233497498	0.016765211887114145	1.0
1920000	-7.107111500014952	-3.4087757678335153	-3.698335732181436	-1.7154833060334838	-1.6932924618000316	2.2661071686024035	1.7616868385613969	-0.10361116251928537	-0.2787310933666787	0.8907195928331514	0.08257331584734325	1.0
1921000	-9.140759212285475	-4.602243320098738	-4.538515892186737	-1.5824468268128147	-3.0197964932859236	2.1776155614322352	1.6681462595440952	-0.2825874338420487	0.46281420650030164	0.8156957956140318	0.1025640742046212	1.0
1922000	-6.993346927509579	-3.374409220900599	-3.6189377066089796	-1.6303791893074369	-1.7440300315931623	2.5031103491805795	1.8532026592749424	-0.2454610533735053	-0.1681358048909029	0.3860360287210145	0.1101151412556766	1.0
1923000	-10.320417051618671	-7.008279153720432	-3.3121378978982388	-3.0527880112717924	-3.95549114244864	1.407230879938848	1.0203241452662069	0.33190537618108484	-0.2677024077217126	0.9513140903423845	0.03965456554118128	1.0
1924000	-10.460595717487159	-5.034008334490245	-5.426587382996915	-3.019297074536686	-2.0147112599535593	1.742650788281236	2.7988991724660806	0.8133204798714305	-0.019085351683931384	0.5481192921240873	0.35664096684319174	1.0
1925000	-10.866743147597543	-5.899423762419714	-4.967319385177829	-4.5964398268090365	-1.3029839356106772	1.0503546754878705	2.0933532394106034	0.6342933946482288	-0.3498231915143065	1.1696510985259687	0.1717488310282961	1.0
1926000	-10.268977033653357	-2.4387386096865162	-7.830238423966842	-1.784486696664934	-0.6542519130215823	1.643298776940559	3.049552028707215	-0.9770595119914556	-1.2028262500273184	0.44520176971906106	0.3645448178981393	1.0
1927000	-11.332560402246944	-4.386509635391757	-6.946050766855188	-2.9393337640035497	-1.4471758713882075	4.0234540679031205	2.4537056460032534	-1.1382422951950297	-0.2353375394639921	0.23042452366504096	1.0138395141129868	1.0
1928000	-7.368363454134293	-3.571837579035134	-3.7965258750991593	-1.9639086450824186	-1.6079289339527154	1.700925705208346	2.3506608418298884	-0.32083420977725774	-0.12388500054667884	0.3156199463133117	0.12020723539820692	1.0
1929000	-9.144905670478554	-4.191705533343477	-4.9532001371350765	-2.498513472442731	-1.6931920609007456	3.2293332236159156	3.0081509999570626	-0.015633602019690773	-0.30972660595782336	0.4689693338269334	0.21201087836758237	1.0
1930000	-6.270402020795991	-3.7092470967798823	-2.5611549240161087	-1.9093220975774585	-1.7999249992024238	1.9811431492833695	1.8610176248662356	0.01031040799171029	-0.1256386720955992	0.4187645708947912	0.0638645771333777	1.0
1931000	-11.679271810653313	-2.8209631446992613	-8.858308665954052	-2.30499938140583	-0.5159637632934313	2.381094218066028	2.3395379335826254	0.3999765255844643	-0.9446118877428826	1.2428743331951306	4.335204515123417	1.0
1932000	-8.367501337932008	-4.3755575456683555	-3.991943792263652	-2.2642786250836675	-2.111278920584688	1.8455934810629857	2.3746410862932468	0.2694598522425885	0.15657339398671882	0.830104933355544	0.11879324329003851	1.0
1933000	-11.550962857711312	-5.917667913299299	-5.633294944412013	-2.985172153883589	-2.9324957594157097	1.207006850661322	1.1156146647454945	-1.0990111578409352	-0.7328334124401175	0.512811665045945	2.513043004367169	1.0
1934000	-7.971666830605626	-3.3198025546422087	-4.651864275963417	-1.8258512027342206	-1.4939513519079881	1.7824143660925695	1.6651622823585495	-0.35750144487850055	-0.5438237218128779	0.4047693648586248	0.1259350055171237	1.0
1935000	-9.084223041171011	-4.2365110961661365	-4.847711945004875	-1.850479620478838	-2.3860314756872985	2.0831908416415574	3.701144288220927	0.002828830706297525	-0.4459647663654677	0.291459731901244	0.18822787012705552	1.0
1936000	-9.338387508114446	-5.798696386927359	-3.5396911211870865	-2.6078892916663188	-3.1908070952610403	1.3780307833331928	1.254290329979125	-0.4478314610817441	-0.05376693775967839	0.5315831052894151	0.0499991097605311	1.0
1937000	-9.808400715150169	-4.837245094778469	-4.9711556203717	-3.8692477918786987	-0.9679973028997706	1.0979646449009308	1.7667351274789471	-0.06450149874138084	-0.8651559804053239	1.1306078714973808	0.2404146668094402	1.0
1938000	-11.82573071905593	-3.648594480953281	-8.177136238102648	-3.177574661631021	-0.4710198193222599	1.2023457761900092	2.4215401260689764	-0.5367414803354797	-0.9940145577183513	0.4288928738060059	0.1230044770743061	1.0
1939000	-16.663757292002806	-8.081737581304566	-8.582019710698242	-2.745529729810623	-5.336207851493942	1.7060836146648157	1.4393520142405756	0.5702533109362734	1.395198277559081	0.21211431894523644	0.26360834481034023	1.0
1940000	-7.518961449962024	-3.7944648984223575	-3.724496551539666	-2.0610019438566374	-1.73346295456572	1.720003311642802	1.7335329984185437	-0.13193982077520414	-0.27795387588703724	1.2188158264094513	0.02990001623564351	1.0
1941000	-7.4156640698716	-3.4256365758272382	-3.9900274940443614	-2.075871608574304	-1.3497649672529342	1.7734920192038743	2.2558640416856415	-0.019239467112402875	-0.28708698416179	0.8029676282460777	0.17141650148709137	1.0
1942000	-7.950820130817276	-2.694485578968724	-5.2563345518485525	-1.503891987181401	-1.190593591787323	2.5235655409320112	2.222053164374125	-0.4191366856691751	-0.3999840188156768	0.7547662289984993	0.12135921091335986	1.0
1943000	-7.843752194360002	-4.593706770582024	-3.250045423777978	-1.947896073715869	-2.645810696866155	1.8378905180332765	3.112532898912173	-0.08711216066534753	0.1315547586639479	0.4664845846529374	0.07519000685120163	1.0
1944000	-7.132053801315363	-3.6409133035037415	-3.491140497811622	-2.0195481621028657	-1.6213651414008758	2.1597570434716262	2.711121980458839	0.19028449506570666	-0.20311533549769256	0.3337220756226733	0.06012299509720575	1.0
1945000	-9.688222034365388	-3.7008679092551793	-5.987354125110208	-1.447038386224735	-2.2538295230304444	1.894534906520982	1.8274511030710525	-0.9179305494760669	0.13682040256743921	0.9650923531290609	1.0991618026110326	1.0
1946000	-13.036622540965801	-6.608745975093109	-6.427876565872692	-3.5852935121930964	-3.0234524629000123	1.2617175214558527	4.095729480688796	0.4514108880116005	-0.47389575969047704	0.7779842611960552	0.09356891745720179	1.0
1947000	-8.266915443288035	-5.512752034962746	-2.754163408325289	-3.106009187004542	-2.4067428479582045	1.309584549182692	1.4171842190638393	0.04074802336314759	-0.255735290425223	0.709169505952887	0.1440591678540276	1.0
1948000	-7.257504452259707	-3.867170559942622	-3.390333892317085	-2.09388318718792	-1.7732873727547016	2.2839368507557625	1.9695517029964489	0.25577072507137044	-0.08362117787812742	0.6403253021302506	0.08152853389642774	1.0
1949000	-9.846770294373188	-4.087213572339616	-5.759556722033572	-2.602555396448075	-1.484658175891541	2.1082416706787126	2.339304006161505	0.6403511517089484	-0.19917541759690593	0.6896967512659886	0.8606672075552683	1.0
1950000	-11.639237339693803	-5.0892554534434655	-6.549981886250338	-2.9647609352335813	-2.124494518209884	2.6749069619040298	3.8149645960760052	0.6850722880800945	-0.7552905672109544	0.29804714102486557	0.4500064967302711	1.0
1951000	-8.365409077705891	-5.051665829831563	-3.3137432478743287	-2.033901226649734	-3.01776460318183	2.077126843301217	1.5099256799723493	0.18493590775437124	0.3046081402126965	0.5528053358643985	0.0929570395833048	1.0
1952000	-9.261716494046226	-4.569950837322691	-4.691765656723534	-2.803894475411626	-1.7660563619110645	1.6085138765612883	2.199250505019079	0.5015378524436294	-0.03029574817588261	1.0514421542870518	0.15543166579109288	1.0
1953000	-8.626486746846911	-3.8541801134535074	-4.772306633393403	-2.3816714028179096	-1.4725087106355979	1.8155850685540644	2.790413463625512	0.35386246846864033	-0.3285499077494376	0.6549893500516907	0.06411265796723067	1.0
1954000	-11.281108712063537	-4.540684637426435	-6.740424074637102	-1.9630573916659282	-2.5776272457605067	1.6239847051215264	3.9572807339002747	-0.5711575588707394	-0.5998615743368234	0.634652399527996	1.1713880521482765	1.0
1955000	-8.250915908049118	-4.345699761478681	-3.905216146570437	-1.5566141669875435	-2.7890855944911372	2.1283995623937066	1.5373404779757034	-0.3410832921285075	0.19944624425188248	0.8390514155604535	0.1554234961722893	1.0
1956000	-11.647105220901997	-6.495301293697008	-5.151803927204989	-2.3235026002048738	-4.171798693492134	1.9046234651780956	1.2776145418789473	0.367724760393074	0.6295730790600348	1.2573800109021056	0.42610888270131897	1.0
1957000	-10.675210544216398	-7.450950296668125	-3.2242602475482727	-5.416547357308795	-2.03440293935933	0.8261681115548387	2.974250220402461	-0.28738810756109856	-0.09533594403230794	0.46687226065660636	0.02689244801953573	1.0
1958000	-7.824305006275216	-4.1982231796647325	-3.626081826610483	-2.5010663494431515	-1.697156830221581	3.032237898501036	2.1887254337581417	0.16752609624926837	-0.0726262321877208	0.23872691856551964	0.07942616867739392	1.0
1959000	-9.49640512368509	-2.049629471246165	-7.446775652438925	-2.1151272553830758	0.06549778413691065	1.6557854979503717	2.5716809326181402	-0.19845302983919416	-1.90249744485665	0.6865072634578886	4.836398035687513	1.0
1960000	-8.288035840439012	-4.150090447102555	-4.137945393336458	-1.860373267802709	-2.2897171792998456	1.9540339524202786	2.9796574832223173	-0.06756118801626493	0.034060773559366875	0.6487798034194885	0.16810579389829852	1.0
1961000	-6.603346578072216	-3.5235286908875345	-3.079817887184682	-1.8076338682730242	-1.7158948226145103	2.222111699610138	2.345921625224942	-0.007560263236956133	-0.05933153642607675	0.671747776996971	0.07081904313211149	1.0
1962000	-13.060797241621957	-5.311150212873471	-7.749647028748486	-4.658830434785518	-0.6523197780879535	1.0265159119097687	2.9194422940218194	0.5673520775510943	-1.0661896513859683	0.148507701817451	3.728100777106877	1.0
1963000	-7.850019105498877	-3.861401802755836	-3.9886173027430414	-2.0537797952620807	-1.8076220074937552	1.6170661889060782	2.5877999907716727	-0.4148634882729957	-0.05326238356821288	0.5795063225830193	0.12602851323882913	1.0
1964000	-9.124210488697347	-2.3329879094110577	-6.7912225792862895	-1.8692616990593454	-0.46372621035171235	1.6260061665153767	1.600347550852197	-0.7976994348375057	-1.820073180573903	0.8936054191610326	1.1688622553685817	1.0
1965000	-8.168118128969875	-2.8676192513948093	-5.300498877575065	-2.0045277861287945	-0.8630914652660149	2.015184747821573	2.355110648853143	0.13117179605682283	-0.6383565963108567	0.8361096910446109	0.21525553961305546	1.0
1966000	-9.890614701360725	-5.023207705525141	-4.867406995835585	-3.1248872284468288	-1.898320477078312	1.485301392101481	1.7844419148867154	0.5904999357222571	-0.11694978978891007	1.3060262235921445	0.1910506707763269	1.0
1967000	-9.041801975454518	-2.573550852854444	-6.468251122600075	-1.8444286086733062	-0.7291222441811378	2.5321417679816536	3.020147487250598	-0.03001327020717026	-1.0804272433898494	0.42990353947183646	0.3908483008201893	1.0
1968000	-9.214784658960816	-2.1575486495907326	-7.057236009370084	-1.5038798993908715	-0.653668750199861	1.8878458622174386	2.625398124283947	-0.7652598713808731	-0.8747155354083112	0.7154754123151786	0.24920658455525382	1.0
1969000	-9.147314332191018	-4.823475545719202	-4.323838786471816	-2.291911761370315	-2.5315637843488865	1.6355855847015122	3.655347339176852	-0.00129958594937081	-0.31724802422724047	0.48821933227908465	0.02203247782361852	1.0
1970000	-9.673279249416542	-3.1915828875053345	-6.481696361911208	-2.691745006887424	-0.49983788061791046	1.6650848601238517	2.4800198447674844	0.4763391256597467	-0.9753678711830671	0.9907363120235992	0.43926350873668174	1.0
1971000	-16.63365348303185	-5.266541709675142	-11.36711177335671	-2.0850511891786567	-3.181490520496485	2.691074732754289	4.524424389995778	-2.69639582055733	-2.4325910744256514	0.33112294015300814	1.4457961350522166	1.0
1972000	-10.907255587311278	-3.8607804267809023	-7.046475160530376	-2.349995724023529	-1.5107847027573733	2.294726729954785	1.674196272466991	0.4512393481580025	-0.5177293131175271	0.5560113036479496	0.048605611190390266	1.0
1973000	-8.956898346016843	-2.7191156719243716	-6.23778267409247	-2.0086317224401506	-0.710483949484221	1.6648978196957214	2.728110855065671	-0.3436758355587144	-0.8717983796440059	0.9115189355269843	0.34270856243920883	1.0
1974000	-11.321744963068427	-4.674661569146801	-6.647083393921626	-2.4870079348261136	-2.1876536343206876	3.701770173004472	3.0629374564130476	-0.8026179417893173	-0.06454778523302562	0.49551601536428364	0.18804660496909364	1.0
1975000	-13.564520861830767	-4.256785330581623	-9.307735531249143	-2.887122982062614	-1.3696623485190091	2.667856221720556	1.5754907608209674	0.6462723679644037	-0.799201343398994	0.7305481151716497	0.08511412434024762	1.0
1976000	-10.167480277297276	-4.37719130159296	-5.790288975704316	-3.1873085171621636	-1.1898827844307966	2.4743262622070747	2.1135897074396586	0.8962599260690614	-0.42447344818877086	0.42542548871042496	0.46946238969018317	1.0
1977000	-7.525654644551135	-3.739737402997383	-3.785917241553753	-2.11467224106479	-1.6250651619325929	2.9543233914017915	1.7586362584143962	-0.06952046295446265	-0.33117547752524024	0.5482871062079928	0.046686870455673546	1.0
1978000	-8.649040604638262	-4.044654122247769	-4.6043864823904945	-2.1501753217411217	-1.894478800506647	3.00897688873479	2.528845687573244	-0.08801734173986867	0.010916847051125361	0.7716319967240822	0.12798030062019447	1.0
1979000	-6.422127819175651	-4.805379138894642	-1.6167486802810087	-1.9320196405246328	-2.8733594983700086	2.7335601933603715	1.3693948271684182	-0.06064023934868987	-0.015276501689643146	0.6538471128811634	0.021385821877274818	1.0
1980000	-12.520052331725607	-5.4353226054871655	-7.084729726238441	-3.5833261375592116	-1.851996467927954	2.3994794367461876	2.16756649387688	1.1174052698359644	0.017028885933377702	0.4850563167005764	0.1935014240258409	1.0
1981000	-10.001386741831713	-5.643771959365506	-4.357614782466207	-3.79720865347183	-1.8465633058936763	1.0616496237650952	1.575086841251554	-0.5928076201796351	-0.39800283682810333	0.49214890633914204	0.48718140118955255	1.0
1982000	-9.389109347872644	-5.021152443333188	-4.367956904539455	-2.6434946580568948	-2.377657785276293	1.68455281046534	2.799046580316845	0.4566094555999922	0.16413118824805933	0.36173818802591295	0.10002798856813552	1.0
1983000	-7.3706179375845515	-3.6509499285024907	-3.7196680090820613	-2.054573946618114	-1.5963759818843766	1.8298316389909601	1.7688371757892678	0.03197552606357568	-0.3421449884385045	0.8635664079851554	0.14611726354720259	1.0
1984000	-7.855679444246814	-3.9618387279664002	-3.893840716280414	-1.8120191569874144	-2.149819570978986	2.444404760139957	3.3395783343038485	-0.028992540178657572	-0.27073071540203125	0.5183100274745246	0.02841265463926441	1.0
1985000	-8.52803860293956	-3.123343058357622	-5.404695544581939	-1.3788332364062938	-1.7445098219513282	2.17005172908322	2.1422429857588985	-0.6184290319273356	-0.050355242365107314	0.9510166718084859	0.16453006529732364	1.0
1986000	-7.480687275865571	-4.071603207910143	-3.409084067955428	-2.417305373290147	-1.654297834619996	1.6810039164350454	2.4359669070234755	0.22883528727874464	-0.10620352716787693	0.4704648869182422	0.11697493048288032	1.0
1987000	-7.444621085403323	-3.949675114359808	-3.4949459710435153	-1.6160382137312475	-2.3336369006285604	2.2551970610264593	1.7227514622315225	-0.22147989705743532	0.11025175463902531	0.6293565571690929	0.13555728098426986	1.0
1988000	-10.153528093497625	-4.82386212780104	-5.329665965696585	-2.993695883825815	-1.830166243975225	3.7370392329154742	1.6011691773902763	-0.23327773463469492	-0.37078772234998075	0.7981601234867811	0.06057280814208612	1.0
1989000	-7.55136519120645	-3.4407064466729063	-4.110658744533544	-1.888741933437668	-1.5519645132352382	2.407525620088697	1.8699330821089788	0.054670966083983474	-0.28870585233103035	0.9135665475086223	0.10983000328517886	1.0
1990000	-11.41255369625661	-5.815438089229511	-5.597115607027099	-4.5979783860054715	-1.2174597032240397	0.9198781145522518	2.04416893361583	-0.6668137179930766	-0.430044032317327	1.55361420670393	0.6272184137639802	1.0
1991000	-9.925322235823902	-3.8661362823601237	-6.059185953463778	-2.5507582042159473	-1.3153780781441764	3.005203817909152	1.4925844486767568	0.22367357846468905	-1.0345805201722544	0.6168991575551299	0.8090852717229072	1.0
1992000	-10.01527426472985	-4.12801306909181	-5.8872611956380405	-3.3223226994292308	-0.805690369662579	3.3627544403067113	2.0325334606386147	0.39107928386348334	-0.7676559682509316	0.4630540591166143	0.34615084353424175	1.0
1993000	-8.629150311873515	-4.258972596414954	-4.370177715458561	-2.643673146547881	-1.6152994498670727	3.2488389878615003	1.845223936291951	0.07382761792368717	-0.262344346305801	0.2478945438459144	0.17740252542969745	1.0
1994000	-9.622285240886523	-1.8647524675191454	-7.7575327733673785	-2.038916363842948	0.1741638963238028	1.5659398075765203	2.4268525723263195	-0.6640960934524041	-2.1173661344056818	0.9766789691078009	1.724051795265318	1.0
1995000	-11.511083716575653	-3.4507385434547135	-8.06034517312094	-1.9298373637093782	-1.5209011797453353	1.8584708430679728	1.0696226234262376	-0.08322003389212118	-3.0719334542892613	1.4114913895631753	2.5774582149491185	1.0
1996000	-7.9331928694691705	-3.3304300988427427	-4.602762770626428	-2.1207109040714522	-1.2097191947712904	1.667316668489687	2.402430057996361	-0.16208125562759754	-0.38452776713395853	0.8045724255457565	0.28720539175686244	1.0
1997000	-9.785503399438502	-2.945227185379712	-6.8402762140587905	-1.2479198129401077	-1.6973073724396044	2.564199822491632	1.2789176844460974	-1.009484170031225	-1.3091004663401598	0.3406745330223845	2.919792846618729	1.0
1998000	-12.468800558911452	-7.10210228413246	-5.366698274778992	-3.476591362920829	-3.6255109212116317	1.2205341723446812	3.519091688290188	0.12901252787065065	0.29511575625474007	0.3577860254672799	0.7467294954785476	1.0
1999000	-9.376724893081501	-4.551189361964456	-4.825535531117047	-2.9185612264947007	-1.632628135469755	3.29099129537154	2.5116645338414747	0.21900254640958738	-0.13381199523391962	0.6822409424533614	0.1390822128057315	1.0
