it	posterior	likelihood	prior	lik_L_5-0	lik_M_5-0	l0_t5-0	m0_t5-0	Gl_t5-0	Gm_t5-0	hp_rate	hp_sig2	beta
0	-12.125261648990996	-7.262048186723192	-4.863213462267804	-3.6123194860580083	-3.6497287006651833	1.8171827035848815	1.2081536922735767	0.0	0.0	1.0	1	1.0
1000	-12.194669618623315	-7.176156813167346	-5.01851280545597	-3.54933203185082	-3.6268247813165253	1.342042548860588	1.838593190186036	0.0	0.0	1.0	1	1.0
2000	-14.197815280632705	-9.380524919641033	-4.817290360991672	-5.012522049597626	-4.368002870043408	2.6986304442874296	0.7829958020063815	-0.616558755369477	-0.16872321784093947	0.517948351449109	0.09012574709302981	1.0
3000	-10.680375683191201	-7.684924968303834	-2.995450714887367	-3.321639556261545	-4.3632854120422895	1.5062190675702816	1.1047902911990177	-0.12498096606611409	0.26230964479215424	1.0334490712993787	0.1812521587538412	1.0
4000	-11.820377034047786	-7.781303140550149	-4.039073893497637	-3.3435220634366156	-4.437781077113533	1.387266047703582	0.7221404365245824	-0.5888278638112501	-0.622290580350764	0.900794408060138	0.24465135985610187	1.0
5000	-10.981862166326529	-8.964887776604625	-2.0169743897219043	-4.312432929865199	-4.652454846739426	0.9214671757801164	0.8827589612974919	0.10129172507517346	0.21576732982611668	0.4734388678159831	0.08000905720514076	1.0
6000	-12.594813999784371	-8.83802556420625	-3.7567884355781223	-4.510367173207091	-4.327658390999159	0.804307061683942	0.9557814994851443	0.012693026707961685	0.14858551608048276	0.19902927570308976	0.17866544019308986	1.0
7000	-12.28877189755548	-8.222320992439649	-4.066450905115831	-5.003703349864397	-3.2186176425752526	0.6080438849497614	1.456337178088356	-0.786095009131724	-0.27094047636130414	0.6005843440172247	0.27188345199212394	1.0
8000	-10.178431235889462	-7.456226801473962	-2.7222044344155	-3.451771612664464	-4.004455188809498	1.1299349216897712	1.2407715420458105	-0.27446846490341387	0.17888891358099063	0.9584269593926398	0.16593286627042383	1.0
9000	-11.452704898180443	-8.817809501492283	-2.6348953966881608	-4.48657970021763	-4.331229801274652	0.7100392879445349	0.7673597184431868	-0.5077784608625235	-0.29229143428793386	1.0866439799779388	0.10908374636514073	1.0
10000	-11.820147986030895	-7.24125959204048	-4.578888393990415	-3.7606810536589848	-3.4805785383814953	2.265719023169107	1.9467821073424791	-0.2918986679258976	-0.4438926216746895	0.6445793752514968	0.09209855839578857	1.0
11000	-10.865705877197389	-9.803423019311488	-1.0622828578858998	-3.517280161084727	-6.286142858226761	1.6501364988978207	0.48112985919681334	-0.00636343405159473	-0.007000098915748876	0.23925559332748614	0.015783464725661382	1.0
12000	-9.536432159646983	-7.633486847331761	-1.9029453123152231	-4.107576191843485	-3.5259106554882758	1.904142443712392	1.5887685069216888	0.16011857573281105	0.006358527444602406	0.586584523051543	0.03147224659238943	1.0
13000	-9.041189932327045	-6.6901365122055845	-2.3510534201214606	-3.2162590612685973	-3.473877450936987	1.4596986280128557	1.3504003597382293	-0.27580754112494027	-0.04342567492275151	0.9118694907224189	0.033729730359755426	1.0
14000	-16.607364728854677	-9.220497697064335	-7.3868670317903415	-4.38773708349589	-4.832760613568444	1.96157041781013	2.5058836603625303	0.22040277906058806	-0.67898822003718	1.1461271426398134	0.07849027499915816	1.0
15000	-10.05823714229121	-6.645004432766401	-3.41323270952481	-3.234494575903874	-3.410509856862526	1.6575160363613293	1.2039545674678223	-0.3708658232014051	-0.19926349923903874	0.3939621186318932	0.07806395787135133	1.0
16000	-10.856026860486342	-7.997039545005152	-2.8589873154811896	-4.64037342685363	-3.356666118151522	1.0947607821174064	1.2416899451279977	0.34697479125949726	-0.22215546897571686	1.2617876568065394	0.09363439478040286	1.0
17000	-12.489553882635665	-7.658473411570162	-4.831080471065503	-4.433947407048307	-3.2245260045218544	0.8180979667893462	1.4632739431087802	-1.001502307309851	-0.44036177978409935	1.1562494586631404	1.1153350579160517	1.0
18000	-12.243102336464663	-7.322640140859739	-4.920462195604925	-3.5190213852489913	-3.8036187556107475	1.9661463741120622	1.3323818185193448	-0.13075373422763614	-0.8646922043270602	0.5587090496822583	0.29505792644078704	1.0
19000	-11.770618958357403	-7.339317870939801	-4.431301087417603	-3.3562349554326465	-3.983082915507154	1.433902760068433	1.160095951471636	-0.5998281759022303	0.14113019550364328	0.29834735348582375	0.2759900858699281	1.0
20000	-11.89525235063638	-6.9287171924055375	-4.966535158230842	-3.522447813518598	-3.406269378886939	1.6646614317654012	1.4325620979999156	-0.006214308367877869	-0.6386715953158698	1.1048745187420814	0.08677801633832405	1.0
21000	-10.914223913902298	-8.253062317598307	-2.6611615963039914	-4.463039686174767	-3.790022631423539	1.511445582706179	0.9974608434410788	0.32722247922357683	-0.13451174745506944	0.5486341880091761	0.07587668717950109	1.0
22000	-12.745795850439205	-8.432867838228335	-4.31292801221087	-3.5820995238772104	-4.850768314351124	1.4425564513736122	2.9379676940221335	0.03564157701292736	-0.23137384844272996	0.6703186114051749	0.25435285608534514	1.0
23000	-12.28540780328972	-8.137778308536314	-4.1476294947534065	-3.3948568110624797	-4.7429214974738345	1.1518343050729751	0.6557008550125148	-0.36020725694702194	-0.7031908200461605	2.20625741868236	0.46353558128002137	1.0
24000	-11.435701100415752	-8.792502270574918	-2.6431988298408333	-5.104036507178461	-3.6884657633964575	0.651272502015913	1.5744363891628748	-0.03638013320341768	0.08261156091207905	0.6641399979322614	0.22094880970882425	1.0
25000	-12.19861004656438	-8.638732612799304	-3.5598774337650747	-5.138291017348056	-3.500441595451248	0.5813285995582393	1.488950059776714	-0.5773089849357468	-0.004046952651940883	1.2307133590903379	0.07774293346212428	1.0
26000	-13.232855063392488	-7.479064284778053	-5.7537907786144356	-3.883463894578088	-3.5956003901999645	1.9912476791196976	1.4015726638224333	0.05590815491779899	-0.7570539461960855	1.4359073035976	0.24761723849573916	1.0
27000	-11.380568427162208	-7.53006385996702	-3.850504567195187	-3.316978786962617	-4.213085073004403	1.3042329308670235	0.9479976847773344	-0.5361241363988177	0.0821253392367341	1.4339597153151618	0.06635665682334899	1.0
28000	-11.554197085950182	-6.9287452835257595	-4.625451802424422	-3.436913383492298	-3.4918319000334614	1.1464915894601169	1.6887552861789366	-0.2609811286063077	-0.6179266457354784	1.012365391247752	0.1004257642106561	1.0
29000	-10.001227760357397	-7.148120693357015	-2.853107067000382	-3.5378113414819525	-3.610309351875062	1.0554080227657514	1.6095511491291978	-0.34568186255250616	0.04507414325130269	1.0562480776468535	0.03928591431106407	1.0
30000	-11.718099553247892	-7.154810662807269	-4.563288890440623	-3.9096586492236054	-3.2451520135836636	1.9252542622190512	1.3274231809086134	0.08910375151248673	-0.3690917262862081	1.5092301007918125	0.16632235842155102	1.0
31000	-11.569769383845717	-7.98919355638277	-3.5805758274629462	-4.383244899191807	-3.6059486571909636	0.7586221993636658	1.0562360740775805	-0.2651176964976038	-0.6390946512331985	0.5634036118097084	0.2569329747496357	1.0
32000	-9.969275137642716	-7.585410281534312	-2.383864856108404	-3.5770771511678627	-4.008333130366449	1.0607712315377185	0.8818912037271844	-0.24207654179057247	-0.20698484003834045	0.43502321076568423	0.042291095713771	1.0
33000	-11.59078742448647	-7.457842956379691	-4.132944468106778	-3.288175960802834	-4.169666995576857	1.547704584217132	0.8105210509157521	-0.15653047334516368	-0.722129985320513	0.7682192193472962	0.6131481788091812	1.0
34000	-11.841422929920132	-8.037229799127434	-3.8041931307926964	-3.791138044308858	-4.246091754818576	1.2443544432605764	2.5743635796037667	0.09099491581948277	-0.3502210056378287	0.8963101189245741	0.09167607570597132	1.0
35000	-10.91555871319854	-7.452949541600306	-3.462609171598232	-3.5570136884699988	-3.895935853130307	2.079751739988805	1.4589867141297495	-0.216224463925039	0.1660901388493472	0.6838824511431993	0.16957077105307203	1.0
36000	-11.97441308176352	-10.120911008838103	-1.853502072925417	-4.127992374546965	-5.992918634291138	0.8142178930613915	0.5484432278037674	-0.35755545242583797	0.14736621635280223	1.0111099242738275	0.16757209506003234	1.0
37000	-11.743195318698406	-8.44590226897568	-3.2972930497227275	-4.21117228745379	-4.234729981521889	0.7855798747320671	1.588287428491224	-0.40363704572903913	0.26044247164093887	0.484554862628339	0.1416310264449097	1.0
38000	-13.710991206661566	-9.939273266839152	-3.7717179398224143	-5.23456620309526	-4.704707063743891	2.348259055653931	0.7968327487832566	0.28292776912885154	0.11437490647931225	0.8427170985984794	0.2964401714167474	1.0
39000	-11.9577764878474	-9.113313764868682	-2.8444627229787196	-4.209347041443822	-4.903966723424861	1.1509387825517672	0.9692912734815239	0.22596479586866844	0.3744763470398923	0.5780455983028153	0.07506172463822777	1.0
40000	-10.230881334703934	-7.436426300374121	-2.794455034329814	-3.63734062353506	-3.799085676839061	2.138478902608546	0.950792150540863	-0.18819729210963249	-0.2450896403120164	0.8862911284564163	0.03951491002683072	1.0
41000	-13.780225844942425	-8.299748936788296	-5.480476908154128	-4.3148030159138395	-3.9849459208744564	0.7862286431911943	2.0954889383843005	-0.2154466294104942	-0.634926746145488	1.8094034605527451	0.37109057410082563	1.0
42000	-10.326640462454623	-8.01812594860311	-2.3085145138515126	-3.229080756681614	-4.789045191921496	1.4446079192618424	0.7124191036029947	-0.2519518253257106	-0.05014792906716528	0.36662047904392425	0.0512732383833812	1.0
43000	-9.70697233824394	-7.678262909004127	-2.0287094292398127	-3.4898692362914683	-4.1883936727126585	1.5422887106562515	1.2140749331685214	-0.009808940883741027	0.23788568316823244	0.9721465721157857	0.03450153415914572	1.0
44000	-9.259954638608727	-7.351021771767234	-1.9089328668414933	-3.622239451444629	-3.728782320322605	1.2821168516832016	1.7864511042481641	0.02041550814520983	0.061201720246475966	0.6502261544908801	0.059606326786957646	1.0
45000	-11.63462675845757	-8.066180560402408	-3.5684461980551614	-4.166101684213022	-3.900078876189387	1.0357519738929604	0.9039019917551928	0.14570354268620056	-0.6734017618247985	0.8060702967226034	0.13868057063932382	1.0
46000	-12.754001132807037	-7.093809363982524	-5.660191768824514	-3.7387529749542745	-3.35505638902825	1.9811034992036503	1.8484061421605837	-0.002138335813120895	-0.39221208741966374	1.494425827277622	0.24337057556342528	1.0
47000	-13.305010735875314	-9.038748734158688	-4.266262001716627	-4.128712402622936	-4.9100363315357525	1.6171434161643043	0.9418720295473698	0.22730072230892107	0.36077929111112794	2.056933750795798	0.10058037696309349	1.0
48000	-8.188191654296736	-7.773261187037691	-0.41493046725904437	-3.6830646757912424	-4.0901965112464485	1.103871592240866	0.9265443140527946	-0.06439652335091213	-0.02488910934103561	0.556367789992696	0.021587209958363163	1.0
49000	-10.02521943529113	-7.314665311575012	-2.7105541237161175	-3.2856861926728405	-4.028979118902171	1.5249309407514224	1.5837549758150957	-0.15881890213447442	0.20205449819136134	0.3174659388879453	0.03490436768630066	1.0
50000	-13.637606518219151	-9.041435179421555	-4.596171338797596	-4.969576889372665	-4.071858290048889	1.0489512069090223	2.4842520673082276	0.425158209604514	-0.23919153360777395	1.1757832236922696	0.16995526943408662	1.0
51000	-12.529000923412317	-7.655673577590082	-4.8733273458222355	-3.3247952797760156	-4.330878297814066	1.2402861845295785	1.8395657655392377	-0.485421584965985	0.23809578812509855	1.302597270816039	0.06314579453970078	1.0
52000	-11.270564500766483	-7.364754358210787	-3.905810142555696	-3.262814479153826	-4.101939879056961	1.3194402580502989	2.1165736658314303	-0.44714102314554643	0.08586996017759563	0.8677985417629092	0.15413944743801386	1.0
53000	-11.10234116214269	-7.437579198493748	-3.6647619636489415	-3.8650117345362887	-3.5725674639574594	1.1656451374379997	2.0455693031612414	0.09043634866293604	-0.43113436728814664	0.5594877070703316	0.05463952632886071	1.0
54000	-11.90215408882851	-8.538496901934673	-3.363657186893837	-4.956163471560186	-3.582333430374488	0.7545452707616931	1.1056052017817146	0.16564076746899759	-0.1479983953348807	0.8451308462404614	0.656797590318635	1.0
55000	-10.29352941564068	-7.458104413361093	-2.8354250022795866	-3.2073714176322743	-4.25073299572882	1.5397209969969798	0.8583343403697036	-0.2921075959261376	-0.04620185936467025	1.788290635108129	0.04153286042491422	1.0
56000	-11.371500440608543	-8.250351863152513	-3.1211485774560295	-3.4780789031345476	-4.7722729600179665	1.603956587214139	0.9502839673247638	-0.02115415443642881	0.32062330936915595	1.229916101778118	0.17590496184997462	1.0
57000	-9.885348895067283	-7.777607963258435	-2.1077409318088476	-4.343799089208709	-3.433808874049727	1.0607286210894489	1.5022901496728904	0.23462805931386407	-0.042720874316099	0.7357949869836075	0.07277749181491015	1.0
58000	-11.697909033729353	-9.01095292122222	-2.686956112507132	-5.485970322544754	-3.5249825986774654	0.643103992220256	1.0596364494044528	0.18140313283771375	-0.47978812957964023	1.2603495010653287	0.07479688250447017	1.0
59000	-11.268279015418102	-8.42479846569889	-2.843480549719212	-4.861511409062254	-3.5632870566366357	0.715831385906777	1.3162613151845088	0.01473932420868116	-0.00019317325629370635	1.5428595846642434	0.28287812064715145	1.0
60000	-10.575792358803234	-6.932133571770082	-3.6436587870331523	-3.278074823540966	-3.654058748229116	1.6345790182946232	1.612588852920185	-0.4704297455703557	0.06409747090043533	0.5435643254412991	0.10266493209406705	1.0
61000	-10.55301101770095	-7.695019779081401	-2.857991238619549	-3.869129884533793	-3.8258898945476076	1.0055006085574212	0.9193220422494922	-0.054764939676994806	-0.33979672265446603	0.3580984496755014	0.09684149634434466	1.0
62000	-12.208495378040787	-7.592766172102336	-4.615729205938451	-3.527875892368529	-4.064890279733807	1.0772172564740656	2.0683895045788483	-0.2793217241557369	-0.6809859629979147	0.9401241191443251	0.2503813107701761	1.0
63000	-9.780301053490323	-7.306323210041189	-2.4739778434491337	-3.6153654716245898	-3.690957738416599	1.0575027824857155	1.2114242485080442	-0.19776999764014508	0.0255760741986006	1.948776549007725	0.0628051117879964	1.0
64000	-10.074226206195455	-7.776117808678985	-2.2981083975164687	-4.036142762369518	-3.7399750463094676	2.2408453082663087	2.062198294494061	0.0015538194276754173	-0.0421568941910394	0.41610807051009613	0.0448807435170226	1.0
65000	-8.856537337456974	-7.4514243548369095	-1.405112982620064	-4.169268680894476	-3.282155673942434	0.925871499494745	1.3549584857115877	0.025985583776340138	-0.21566647995739782	0.7824456140926532	0.01808357673614683	1.0
66000	-16.88673798215295	-10.43167333676931	-6.45506464538364	-3.7623757346856816	-6.669297602083628	2.095088469594969	3.5599999215727545	-0.04894546007552622	0.056080237033557453	0.9769176305210564	0.3823883181331409	1.0
67000	-9.586911594207935	-7.662838402309474	-1.924073191898461	-4.007979721769296	-3.654858680540179	1.6917011187260005	1.3984506802866903	0.17975322184911485	0.0656698137431654	0.8240929169613842	0.033667402929512334	1.0
68000	-10.89681362711438	-6.500866711472176	-4.395946915642204	-3.254022933098635	-3.24684377837354	1.6544618685001773	1.6729235777308804	-0.4219738632916304	-0.25401523368124057	0.6567952790085825	0.4885079848361642	1.0
69000	-16.342538847151715	-13.27210433658925	-3.0704345105624657	-8.944087993503084	-4.328016343086166	0.2843081622124334	1.7089702202467345	0.21169246559264326	0.26544993938036	2.4450334839710464	0.05968931826334999	1.0
70000	-14.30552940673834	-7.9182468132891515	-6.387282593449189	-3.764971141997635	-4.153275671291516	2.247070042512558	0.881529610961908	-0.3644085135918069	-0.8919600124221306	0.2507054475530283	0.16622968481023004	1.0
71000	-10.626181123461802	-7.987792855224967	-2.6383882682368354	-4.147719804484199	-3.8400730507407683	2.526936000288255	1.2654143692609503	-0.2087288709100143	0.11970856350249426	0.4078909180608866	0.03103081867896154	1.0
72000	-9.807409241716151	-6.856231396645851	-2.9511778450703	-3.32750159893028	-3.5287297977155707	1.2126380917186397	1.4820773631064614	-0.38901635156283854	0.010940845089291218	0.6231545166038658	0.11244177102707024	1.0
73000	-14.466096541782095	-10.916723536245463	-3.5493730055366313	-6.49980300653747	-4.416920529707994	0.4277289706461407	0.8098902923787229	-0.2860550833376332	-0.976498414176354	1.3524353117922887	1.2590040570572323	1.0
74000	-11.165932641020348	-9.02201935221045	-2.143913288809899	-3.298220802863419	-5.7237985493470305	1.4780110374198845	0.5302903788295865	-0.1496787028030417	-0.16042239723058552	0.6153364255007183	0.12284204994295336	1.0
75000	-12.099498472298519	-8.398157542656882	-3.7013409296416366	-4.92069668870926	-3.4774608539476235	1.1235037198904219	1.7963725381280005	0.4301153856320417	-0.06881582883694831	0.9731832631104395	0.23974557494321874	1.0
76000	-9.028660431681612	-7.461851071251822	-1.566809360429791	-3.6593359989998326	-3.802515072251989	1.0151674049202861	1.0743426562519032	-0.24507395908532728	-0.013752743046325157	1.2714358958227827	0.04278634392358745	1.0
77000	-9.586826399258177	-7.345644200197814	-2.2411821990603626	-3.60033343694269	-3.745310763255124	1.191073758215219	0.9743951940906613	-0.0428635132416591	-0.24438446858167978	1.7136683675890398	0.068655895702796	1.0
78000	-8.451224928259904	-6.998432859263343	-1.4527920689965614	-3.4187811330432183	-3.579651726220125	1.4017811623271517	1.288287283198154	-0.06588815038221495	-0.0012127947379524662	1.1474493011763833	0.03866266555453328	1.0
79000	-11.936613304291807	-9.264498273936077	-2.672115030355731	-5.818572626113873	-3.4459256478222047	0.49046482023538074	1.2970350334310117	-0.45944791918403227	-0.08592197493371775	1.5711024362128732	0.19677632231670564	1.0
80000	-10.383369186441525	-8.092031437618285	-2.29133774882324	-4.035657637645077	-4.0563737999732075	1.5351816607403834	2.210182473073764	0.20881443757696938	0.026550279899022547	0.561739409062347	0.024730703849682557	1.0
81000	-10.91804898476924	-7.37116355297538	-3.546885431793858	-3.4869500457939675	-3.8842135071814132	1.2387611880683502	1.793093840575555	-0.09062366599983201	0.11798606287847092	1.0494351966355209	0.24120613466887003	1.0
82000	-11.32594375394833	-7.97861069987731	-3.3473330540710213	-4.111631702613533	-3.866978997263777	0.8234513364064723	1.0031760903011901	-0.6844112017127615	-0.059907914908923054	1.3671583112221786	0.1616536464498291	1.0
83000	-11.96613667493044	-7.10622885910941	-4.859907815821028	-3.5607030747213195	-3.5455257843880905	1.7567818381782945	1.1248329275304756	-0.007793640171367688	-0.6609945323388627	0.4578170371728028	0.9033368409434115	1.0
84000	-13.098332372740012	-8.864523918487201	-4.233808454252811	-3.5100915253741882	-5.3544323931130124	1.6625927053326346	3.168346965952874	-0.012434094675713409	-0.14278459015114112	0.1381855427693219	0.09669739695724196	1.0
85000	-11.264588982128299	-7.42154293414352	-3.843046047984779	-3.812733422754102	-3.608809511389418	1.059834274687447	2.1396230148359026	-0.02298836201584713	-0.314170050966431	1.18252781468662	0.17905388736875297	1.0
86000	-9.839581074910345	-6.861719728535981	-2.977861346374365	-3.258866454440262	-3.602853274095719	1.4973790843533794	2.0466560171570216	-0.19158135600596043	-0.12297667699793097	1.0005084772755852	0.05754892446487331	1.0
87000	-9.937490543506499	-7.467097351139258	-2.470393192367241	-3.8310785517232855	-3.6360187994159725	2.1497167389960508	2.008891258593365	-0.04450442398607868	-0.07254834352861905	0.7731489189203599	0.041386992845305864	1.0
88000	-11.802387284306915	-7.38627851375362	-4.416108770553295	-3.754111077298644	-3.632167436454976	0.9609230964150449	2.104261347840194	-0.27935613937640413	-0.1503043018666137	0.25753270671174144	0.3425827389800294	1.0
89000	-11.497912646718248	-8.00269559754748	-3.495217049170769	-3.577279545846986	-4.425416051700494	2.110969971530986	0.869253870597832	-0.31956589243837413	0.0869097411347249	0.8653768844750975	0.236216079378667	1.0
90000	-12.706493265301527	-8.232242937751405	-4.474250327550122	-3.825418649926659	-4.406824287824745	2.233322122849723	2.668893616604174	-0.44609328931832415	-0.16304583784504434	0.3631851900526653	0.0966936771556052	1.0
91000	-12.343335021728688	-8.444221956713683	-3.899113065015004	-5.072481874309947	-3.371740082403737	0.8002998824930858	1.8409196631091078	0.29089727519264663	-0.1851405685490921	1.9667017970531546	0.08064145289525983	1.0
92000	-12.900243654757482	-8.03197320954072	-4.868270445216761	-3.3857044796626194	-4.646268729878099	1.1728344265614028	2.480503325536833	-0.3017211461209697	-0.6378154414545698	0.5181872283749905	0.5176794624920831	1.0
93000	-9.263280145161264	-7.665315845357194	-1.597964299804071	-3.825643915973143	-3.839671929384051	2.0916722404026014	1.1076122295159434	-0.014000541338622385	0.0391251295579379	1.1441445781071373	0.025610449106302925	1.0
94000	-13.999643940024772	-10.620812246873506	-3.378831693151266	-3.2178343994683134	-7.402977847405191	1.6143723790444722	0.419041514581549	-0.3603815934117703	0.33960720259942745	0.403554874956761	0.11193750720194041	1.0
95000	-9.070804845348292	-7.120288794062034	-1.9505160512862578	-3.3821664185388136	-3.7381223755232207	1.3556932968760402	0.9728142721624897	-0.10873467060219663	-0.2609310502607789	0.7438629654976895	0.04575033095460992	1.0
96000	-12.929708004012706	-7.655194050259052	-5.274513953753654	-4.227898541275965	-3.4272955089830868	1.953026077727806	1.961988446241973	-0.7926126055334907	-0.33112134560608586	0.5296770447115653	0.5809478375194917	1.0
97000	-9.345318240158948	-8.291317729460156	-1.0540005106987915	-3.5316746535258328	-4.7596430759343225	1.8714013094247322	0.7676061081632339	-0.06573869523111975	0.08520071219415805	0.3494692613222939	0.015119219386968832	1.0
98000	-9.763550709950875	-6.546511874885363	-3.2170388350655124	-3.25132792821797	-3.2951839466673936	1.3160820336117478	1.6783818038239648	-0.37625462072002797	-0.17751926255660488	0.6911468737053997	0.10520416148202905	1.0
99000	-11.172090560210345	-6.845733924437818	-4.326356635772527	-3.2060759481334333	-3.639657976304385	1.4761043667317948	1.1133891837517926	-0.38622825551117645	-0.7370156038290158	0.9108038967525919	0.317347751893217	1.0
100000	-13.979761170245064	-8.06949080698321	-5.910270363261855	-4.785710048709035	-3.2837807582741747	2.864535823249714	1.579020431598362	-0.3712006954164493	-0.5021232313986935	0.18084350812259775	0.08371149882237369	1.0
101000	-12.13295675254932	-9.295668963543044	-2.8372877890062767	-5.830514869538571	-3.465154094004472	0.5277034451700003	1.1437903945923171	-0.07771331067547249	-0.5867947289730698	0.9728121295029043	0.2531420205103864	1.0
102000	-12.481995159277108	-8.266084340908556	-4.2159108183685525	-3.7659878859113265	-4.50009645499723	2.1362777550678436	2.4823310529206175	-0.07362059037921241	0.04769356273930897	0.5400822457027765	0.25576271904560194	1.0
103000	-10.806449527063654	-7.2454111906316525	-3.5610383364320013	-3.4733888360849123	-3.77202235454674	1.158540744499668	0.9520354262848444	-0.6155578993848522	-0.2842652732201795	1.1005014379465272	0.16469688383653847	1.0
104000	-10.9501665141198	-8.025783572042506	-2.924382942077295	-3.703409784840228	-4.322373787202277	1.041606981128103	2.569627912330078	-0.13431222603930257	-0.09750940145781122	1.1505595661731594	0.045459622857723904	1.0
105000	-12.116622863505642	-7.390730302404181	-4.72589256110146	-3.526704255860406	-3.864026046543775	1.4204847719802247	1.9691179029266745	-0.7168721220176206	0.0566820142518803	0.3962537205061806	0.19365802618434788	1.0
106000	-15.410608460420065	-10.512064965024093	-4.898543495395972	-3.7325581426261483	-6.779506822397945	1.8628814241932306	0.37863714825155714	-0.6568731818340795	-0.8484316409502498	1.4455275123610822	0.956676464822395	1.0
107000	-10.622452935628647	-7.964466371661871	-2.657986563966776	-3.582412360393189	-4.382054011268681	1.7497423015951727	1.1596460309123875	0.005128253559039224	0.28710841497807116	1.0688105246677464	0.032314870818243455	1.0
108000	-9.797332405775197	-6.864382309433468	-2.932950096341729	-3.606482289090361	-3.2579000203431066	1.3228238152609073	1.3355370730790443	0.02582877475498696	-0.2799827282978178	0.3161964542231012	0.07736631205261921	1.0
109000	-10.740744489896443	-6.931408867397014	-3.809335622499428	-3.2046886681960456	-3.726720199200968	1.461936322721049	2.2253943904430042	-0.37099147205007676	-0.20846003094769686	0.3662817297880374	0.10759243851746948	1.0
110000	-13.510830235316975	-9.245382437961954	-4.265447797355021	-4.79073321136034	-4.454649226601615	2.884438601926358	1.073898967405474	-0.33973514534298477	0.28043627241883484	0.7367712884875364	0.20953755916703998	1.0
111000	-10.688726825629558	-8.34207441288012	-2.3466524127494397	-3.7125925707845395	-4.629481842095581	1.0321475196584302	2.576407904715844	-0.14246244102862596	0.03977829532988325	1.1073801909556171	0.02358773658171757	1.0
112000	-9.864941670194131	-7.264124461052257	-2.6008172091418746	-3.842735446940271	-3.421389014111986	1.5767899799741536	1.4566660424431663	0.14146819607545202	-0.054209313725098435	0.5261031447191116	0.10822722816871462	1.0
113000	-10.18947721708304	-8.210643976354941	-1.978833240728099	-4.583339223077536	-3.6273047532774045	0.7853762273523105	2.097458477692445	0.016174691297221433	-0.14794035040897097	1.293286142835173	0.03313280271551428	1.0
114000	-13.318712781806848	-7.5979958658495494	-5.720716915957299	-3.9668104518693967	-3.631185413980153	2.321175094243826	1.4047254258773978	-0.45697250650428956	-0.7746873549269646	0.6754985476002142	0.17328414175389006	1.0
115000	-11.17348963186144	-7.215015213106216	-3.958474418755223	-3.379098307751295	-3.835916905354921	1.5961690990233228	0.9733255268179745	-0.0831020869264569	-0.14073590957654974	0.9170569615851974	0.6508552036942491	1.0
116000	-11.301270805987883	-7.800476492735999	-3.5007943132518835	-3.3303801848175967	-4.470096307918403	1.4354514978221238	0.7596250024467314	-0.5771275407786394	-0.1563997109011026	1.376057653361293	0.19195674727498205	1.0
117000	-10.318592036914271	-7.356293984864232	-2.9622980520500386	-3.7292174601136345	-3.627076524750598	1.0214461858832642	1.3129948978653259	-0.14636222863782214	0.03372048003957051	0.3075414476146413	0.13023483203137393	1.0
118000	-11.429531780975438	-8.319197112934056	-3.110334668041382	-4.101461490658755	-4.217735622275301	0.8390890311531429	1.3506149989357268	-0.2564097574096369	0.2665960083728668	0.4481522839256672	0.18603145235432778	1.0
119000	-10.808666733057201	-8.671343618324443	-2.1373231147327596	-4.065311964177138	-4.606031654147305	0.8541994743842959	0.7842351084092628	-0.24017297672562854	0.02843566121952462	2.7413689784077935	0.07811323699179988	1.0
120000	-10.97744608397998	-6.945310802205489	-4.032135281774492	-3.321239063261616	-3.624071738943872	1.7878328798238392	2.1422331554724385	-0.21106646740092758	-0.34889333960626084	0.8294073712461303	0.061957645767731405	1.0
121000	-10.722683650228893	-7.47447234285192	-3.248211307376973	-3.301888481010471	-4.172583861841449	1.562663326733311	0.9833730337881839	-0.14367328153929043	0.10146267025501143	0.41244502719793696	0.22787664493837737	1.0
122000	-12.95900939225966	-12.362957716785404	-0.5960516754742557	-6.74553070798672	-5.617427008798684	0.4201916368168422	0.5784952513535438	-0.10489848032094105	0.031350749840280606	0.45392748162990665	0.03121747459084938	1.0
123000	-9.47406277395294	-7.381844269321413	-2.0922185046315267	-3.9667020276681075	-3.4151422416533057	2.2220543307443403	1.8233453266681012	-0.019467203776162012	-0.12774340304377874	0.5317288175710824	0.03292496236363602	1.0
124000	-12.071920245748434	-7.700283069783105	-4.371637175965328	-3.7306859531022756	-3.9695971166808297	0.9754427243982868	0.925501507504397	-0.6344132399883184	-0.8069381693310825	0.9701155286820835	1.216304289585428	1.0
125000	-12.644418330467833	-8.017905306016836	-4.626513024450998	-3.9762982766879214	-4.0416070293289135	2.213581641828418	1.8876209720589854	-0.5541017843068493	0.14466169021640896	0.6808861374458355	0.21670027412282267	1.0
126000	-14.375480331009234	-8.216370477010347	-6.159109853998887	-4.721359437764896	-3.4950110392454516	2.813772694860867	1.5500544680077177	-0.39614186574595056	-0.6704939870776132	0.9345708807483605	0.7386281757896211	1.0
127000	-12.452750652771876	-7.934214449075057	-4.5185362036968195	-4.260081252701954	-3.6741331963731034	2.523599851633543	0.9991095192110806	-0.09096441685404923	-0.609707668705255	0.6698561191589857	0.3702133550543193	1.0
128000	-14.778033655491527	-10.8551283570003	-3.9229052984912265	-4.900865729137729	-5.95426262786257	0.6454574316808863	3.4350691113881613	-0.2726475094157175	-0.11175278791836768	1.0604183828876492	0.05099679797891124	1.0
129000	-9.773327584471437	-6.992595558438493	-2.7807320260329433	-3.625949266965992	-3.366646291472502	1.071447128716227	1.3061775934559166	-0.15899413977391533	-0.14941954489094927	0.4515909378946942	0.15316831129922964	1.0
130000	-11.61810697057901	-7.752282500335902	-3.8658244702431075	-3.9889991272312035	-3.763283373104698	0.8556881891503477	0.9559607994079832	-0.6076035372666406	-0.2834663789113691	1.313155010540536	0.9606592427102671	1.0
131000	-11.615064896744212	-8.066292526392004	-3.5487723703522076	-3.7061968063397734	-4.3600957200522314	1.8613364390714504	1.215334406358627	0.02932683056970775	0.29326892360174084	1.4807677191925892	0.06603880529767948	1.0
132000	-14.447861218693724	-8.831802964694944	-5.616058253998781	-4.620855291819794	-4.21094767287515	2.793661269081834	2.544461747208959	-0.3394410133672436	-0.36698153433317254	0.7681879963265974	0.06793213339756701	1.0
133000	-9.566002175289645	-7.705757985945797	-1.8602441893438484	-4.357756640698743	-3.348001345247054	1.0297008886359886	1.5725003518912672	0.22170183441873667	-0.10417048230732386	0.8070490312913573	0.02978584191101885	1.0
134000	-12.157907319544421	-8.270000197137037	-3.887907122407385	-3.6016623201350244	-4.6683378770020125	2.1251907405302943	1.3148986540010967	-0.22504770765396154	0.3856176075068795	0.7036422752386156	0.21499438173980584	1.0
135000	-11.188750611546752	-8.48117220752434	-2.707578404022412	-4.740726685628504	-3.740445521895836	0.6872465967006307	2.161000957445679	-0.20690231070482307	-0.11059424072137786	1.4385499785304219	0.043734105726037927	1.0
136000	-9.765499029220262	-7.504580020160184	-2.2609190090600775	-3.812508673532338	-3.6920713466278463	1.0126304783631839	1.084703807492455	-0.08753304124341121	-0.08026443195485791	2.2008472066070386	0.06570965965994935	1.0
137000	-11.553883993658362	-7.359905807028262	-4.193978186630099	-4.077888043119053	-3.28201776390921	1.2993841933336265	1.482424893108402	0.21718974471813324	-0.5244827759321185	0.3694405247021881	0.3024226904832566	1.0
138000	-18.903203501760665	-12.4053587486998	-6.497844753060863	-5.930512728877928	-6.474846019821872	3.450310571575296	3.196424091194135	-0.16070091275700016	0.19357571031248955	0.3375881211583776	1.2446115378922498	1.0
139000	-14.02629106318102	-7.424131148989859	-6.602159914191161	-3.5663698788158125	-3.8577612701740462	1.4427139314734885	1.32355774826666	0.027752474701529972	0.14061817189170614	3.7692476989208576	0.03753974470967278	1.0
140000	-11.497148660645259	-8.507923339976628	-2.98922532066863	-3.3270167091554526	-5.180906630821176	1.2181403645723532	0.6780654560404217	-0.3407104628942668	0.10779332893849237	2.42342773521101	0.09733375388421504	1.0
141000	-11.989760998291777	-7.407553049096537	-4.58220794919524	-3.2597870676079888	-4.147765981488548	1.3023053273439997	0.8567375792560126	-0.3558591656443987	-0.8424337834218757	0.45200712038123764	0.30775105682073317	1.0
142000	-11.658775891776543	-9.09646695544221	-2.5623089363343317	-3.8756526859454468	-5.220814269496763	2.3371012184819002	0.70206217649241	-0.20047293965497323	0.19045399497936255	0.917275408932563	0.030435650873203077	1.0
143000	-10.056190362743152	-6.974594755046646	-3.0815956076965048	-3.563880693374637	-3.4107140616720093	1.1743350836969504	1.9427397391654813	-0.08324639636750125	-0.25985318825255477	0.4214770774298718	0.12209826300849834	1.0
144000	-9.385604178481564	-6.967050522300347	-2.4185536561812166	-3.691838212106373	-3.2752123101939743	1.2909494614166896	1.4758806588634286	0.05964169724544071	-0.17468748542225032	0.9044170010309462	0.10116244290952921	1.0
145000	-11.978132308897942	-9.38909995382254	-2.589032355075401	-5.7563898826278415	-3.6327100711946994	3.2043473981802992	1.1505746213902643	0.01861787969827	-0.05380546926439314	0.4657651172969941	0.058841448353869626	1.0
146000	-10.844865572590193	-7.529676276174354	-3.315189296415839	-3.2596771716353343	-4.2699991045390195	1.5961983566663727	1.3774887727490972	-0.19600562586503517	0.28276330473142075	0.39877057680625383	0.1390565013780968	1.0
147000	-11.931660457667249	-7.974780734530081	-3.9568797231371677	-3.5207007608463483	-4.454079973683733	1.060434937286928	2.334266164407913	-0.4611334399768182	0.10565645154424959	0.5512627566924403	0.24783958551536708	1.0
148000	-10.390485981272558	-7.512338267098231	-2.878147714174327	-3.7339866586918857	-3.7783516084063455	2.055251596424695	2.13486349150639	-0.04153233069987667	-0.06504571742700449	0.5131612466618306	0.0837584460555195	1.0
149000	-10.238405154142509	-7.2254691692074715	-3.0129359849350363	-3.301218337555819	-3.924250831651653	1.3716248084889806	1.208056127591805	-0.18033041898811425	0.1363151261825809	0.5706120700509586	0.21481669828866204	1.0
150000	-10.13107404320566	-7.6267387774917195	-2.50433526571394	-3.578551783975235	-4.0481869935164845	1.6901734379184494	2.1673283559600947	0.01719164744662552	0.044298417410865085	1.215124712680879	0.025330051873490144	1.0
151000	-10.903112611833873	-7.118786421856516	-3.7843261899773566	-3.379817080219187	-3.738969341637329	1.1636403546090988	1.82002945265295	-0.36768231835884385	0.056117023224635076	1.410143207439964	0.1114425852444423	1.0
152000	-9.710596778201875	-7.484386788208908	-2.2262099899929684	-3.7787805484289	-3.705606239780008	1.349912446230883	1.2011488447609904	0.11297588927159263	0.028013941969766476	1.801929665162214	0.04091048320957989	1.0
153000	-12.583096975153058	-6.5971032653141695	-5.98599370983889	-3.317588512580586	-3.2795147527335837	1.717117894898149	1.745345258514866	-0.16879403559240788	-0.3795638139594727	1.5287777208017732	0.025615505708785395	1.0
154000	-12.098945575516286	-8.0243448102803	-4.074600765235985	-4.561747948316297	-3.462596861964003	0.8723200259183205	1.400326573700933	0.16174643627275476	-0.6800732349251091	0.6977683223162131	0.11825678786174133	1.0
155000	-11.567732858469611	-7.938528960879788	-3.629203897589824	-3.733980347216787	-4.204548613663	1.6938434330665657	0.7822903950189348	0.08424167256082987	-0.5025899321763039	1.4043754797554984	0.17088993203097408	1.0
156000	-9.962178623397739	-7.51715071536508	-2.445027908032659	-4.005834711131622	-3.511316004233458	1.252451615941672	1.3771131301621333	0.1824161687626763	-0.012734014281329226	0.48908011912827665	0.1031638721392602	1.0
157000	-8.403561862293337	-6.8093544751301085	-1.5942073871632276	-3.486316704425641	-3.323037770704467	1.227821622286061	1.4273792046861111	-0.09940683088869162	-0.1360411149110494	0.6389694999408932	0.04175062171668431	1.0
158000	-10.036323918296851	-7.290073952441774	-2.7462499658550774	-3.493068193725099	-3.797005758716675	1.0931819393674669	2.0934770499948963	-0.29989933953008685	-0.029336544538384107	0.7287603690092085	0.03406740970910694	1.0
159000	-10.517779976729088	-6.943024304322905	-3.574755672406182	-3.5603554859925106	-3.3826688183303943	2.0177222706675573	1.9067344760458353	-0.1356333884655978	-0.34600518178312384	0.6446876220250833	0.07319442098758037	1.0
160000	-14.855865136906706	-8.928522503173003	-5.927342633733703	-4.196873070140408	-4.731649433032595	2.0173230803471163	0.7211169976759697	-0.7520871961834739	-1.0358376443741248	0.6158794894644425	0.31743537096726365	1.0
161000	-10.521813193463835	-7.995544351607551	-2.5262688418562846	-3.6592762162496792	-4.336268135357872	1.0089615365571163	0.8936890654987255	-0.26492988240007137	0.07513570771056413	1.857756367597965	0.1575122317964966	1.0
162000	-8.438794510746686	-6.899000055584709	-1.5397944551619764	-3.4592982207095653	-3.439701834875144	1.4334674574619737	1.776849377739718	-0.033132900991903046	-0.08696889454395473	0.9715353564887155	0.026260580340498527	1.0
163000	-12.263855838216948	-8.668199066193889	-3.5956567720230583	-4.8086378332970225	-3.8595612328968656	0.981459843408214	1.3510307528167376	0.3512094198800871	0.14568441489639875	1.132713469738172	0.45152489871416024	1.0
164000	-10.583854692734425	-7.5470529753738	-3.036801717360625	-3.224619270090443	-4.322433705283357	1.4346008986940049	0.8425489443939694	-0.26712721255679683	-0.0295119062533995	1.3352180820285042	0.24377136158857413	1.0
165000	-11.37218894294086	-8.791941513642705	-2.5802474292981534	-4.220227988139852	-4.571713525502852	1.1570100189403805	0.7031055980540267	0.23202325297560072	-0.3434108606142128	0.5836147951560184	0.1130437277754309	1.0
166000	-10.828105277015386	-7.8881713368766935	-2.939933940138693	-3.5332169924829238	-4.35495434439377	1.0755697751693736	0.9595893412487448	-0.2742114317388044	0.164977714801795	0.30663910039719977	0.07988855450713096	1.0
167000	-8.818063074875408	-7.262435113607779	-1.5556279612676291	-3.8364375880123407	-3.425997525595438	1.5842471749895664	1.515036061393291	0.1384770810105826	-0.0473513434190304	0.996061678557417	0.019972148535552767	1.0
168000	-8.927326817446648	-7.271432566946768	-1.65589425049988	-3.577616243195739	-3.6938163237510286	1.4001907910811364	1.151774452095121	0.02819513271747203	-0.011983539562731654	0.8163379734618418	0.06870501787177502	1.0
169000	-11.614508952553276	-7.168195750309286	-4.44631320224399	-3.334603410028413	-3.833592340280873	1.4413603337556005	0.9177531926833388	-0.12223621778354277	-0.6056183936559173	0.6734139171708142	0.06413898331633036	1.0
170000	-9.370239338782032	-6.767060774660344	-2.6031785641216882	-3.2802934363031118	-3.4867673383572324	1.7221328095858046	1.546195105516066	-0.2242025992267767	-0.011681899885465589	0.9438307204806945	0.055726283673310555	1.0
171000	-10.318453571707416	-7.900027363902323	-2.418426207805092	-3.406466708947491	-4.493560654954832	1.5712942492730184	2.2200997417068913	-0.06175272779209198	0.1630220710559275	0.8099118251047048	0.035400397848478905	1.0
172000	-11.324128857856499	-7.479132753047484	-3.8449961048090144	-3.877076626371311	-3.602056126676173	1.08103155422289	1.0123924422925654	0.03776055998330817	-0.4217154861377659	0.7035691251191643	0.025652614837486196	1.0
173000	-14.107654866522642	-8.84178922564049	-5.2658656408821525	-3.6252225532340834	-5.216566672406406	1.8957230336272524	0.5943276726244925	-0.5856350123418782	-0.24384265989230736	0.17568508759082066	0.33950326188258645	1.0
174000	-10.738503046174552	-7.29586325006175	-3.4426397961128026	-3.997048094243343	-3.298815155818407	0.9554554793569744	1.5013882878374294	-0.041111045059564005	-0.14655901453642434	0.7790315918162954	0.43373879750987077	1.0
175000	-10.224332079738968	-7.492077103661754	-2.7322549760772135	-4.163434782833045	-3.328642320828709	2.284015089837411	1.567076502114605	0.03074046435234208	-0.119687911224928	1.0410244574176715	0.03968980091158663	1.0
176000	-11.934654581575433	-11.660553617329171	-0.2741009642462616	-5.342934312853303	-6.317619304475869	0.6222195600177233	0.4865741678124353	0.02335915142573486	0.05185004236944857	1.2705964008758723	0.08097603988557114	1.0
177000	-11.60087551806894	-7.236285069913926	-4.364590448155013	-3.309832835169214	-3.926452234744712	1.2386812694155103	2.383280198953114	-0.43409259950552015	-0.2295337214248906	0.25999839046790846	0.10784561498271693	1.0
178000	-11.388357595143532	-7.0928441504838435	-4.295513444659689	-3.6924800500818593	-3.4003641004019847	1.2955822252664713	1.446728175510153	0.0614055894369992	-0.6328009684404974	0.6678809403237315	0.5934982567641683	1.0
179000	-10.850090254343236	-7.116052733288223	-3.734037521055013	-3.3623260582113357	-3.7537266750768867	1.8895738156605963	0.9391801344053423	-0.30893672945143913	-0.4645890094258845	0.6234590933141335	0.11599189703493534	1.0
180000	-10.252220343361941	-7.897737849334125	-2.354482494027817	-3.7639908946787806	-4.1337469546553445	1.620100906854399	0.8323454567835499	0.1076275206525335	-0.24168501003964515	0.38485974195938955	0.04195275320202242	1.0
181000	-12.930487947036447	-8.355225366010416	-4.575262581026031	-4.763512395555235	-3.59171297045518	0.777798377417007	1.7022767721291214	0.10927073114735264	-0.6662351902323024	0.8136101793118394	0.08070256787745185	1.0
182000	-11.386835151477396	-8.028447665564123	-3.358387485913273	-4.068222128559983	-3.9602255370041393	0.884120532526481	1.0114611643796734	-0.1357655640892463	0.014550276878817908	3.6506166136521196	0.04997252447027596	1.0
183000	-10.474238550136214	-7.648482651821642	-2.8257558983145716	-4.436734839284076	-3.211747812537566	1.0347286514438248	1.5894899920853112	0.25447223876828085	-0.3005431111735084	0.7833018770790592	0.08071880052934356	1.0
184000	-12.962948936007445	-8.220971629415446	-4.741977306591998	-4.024085332485704	-4.196886296929742	1.4753526654649527	0.7916587834854096	0.20858906124812354	-0.6578788364161572	1.0960612904303237	0.07439906624811386	1.0
185000	-9.853575478567839	-7.406232328456647	-2.4473431501111915	-3.8365210857530645	-3.5697112427035824	0.9172172764029424	1.3022636544236246	-0.3271247878277478	-0.0015235608729795786	0.49151764551110894	0.04295513890517491	1.0
186000	-11.897181135348514	-8.408294986781154	-3.4888861485673597	-3.8248721748253662	-4.583422811955788	0.9108896392933613	0.6878683717931817	-0.5180999705741578	-0.6335605270313379	1.7427146029786569	0.4985422597713499	1.0
187000	-10.33244307752128	-8.617186419765867	-1.7152566577554134	-3.976500828104599	-4.640685591661268	1.2408812841834558	0.7673314204278384	0.16820332276267175	0.009030381673067134	0.5349668426650432	0.07075281438834766	1.0
188000	-8.84422398719152	-7.106650554032517	-1.7375734331590023	-3.42473858322113	-3.6819119708113868	1.7225169510734655	1.7528886748893424	-0.07850709525108618	0.050101711623023626	0.7424122800777593	0.03313860913690874	1.0
189000	-16.06565437714865	-12.698818511384658	-3.3668358657639907	-4.078625473311794	-8.620193038072864	0.8528827157420633	0.28024131168030475	-0.7565551095073131	-0.11138135593795243	1.1086099444856046	0.1081722452482208	1.0
190000	-10.642633461246174	-7.85620763440672	-2.786425826839453	-4.649481094846999	-3.2067265395597206	0.7426383248591083	1.5478304640225113	-0.05750063046497453	-0.3743083100571196	0.7850888124972419	0.17488979468666582	1.0
191000	-10.01249796983729	-7.946290376103313	-2.066207593733976	-3.7879330945636345	-4.158357281539679	1.5022696156994482	1.0578424955228538	0.12607510557950208	0.1583299738726101	0.5712978867954157	0.07126534805768318	1.0
192000	-14.04043787331446	-8.03739987571675	-6.003037997597709	-4.721252135609344	-3.316147740107405	0.6632262450669077	1.6903683335544384	-0.7469817840013273	-0.1587161662881018	0.6111584470293427	0.06519893146054968	1.0
193000	-11.373066882456603	-7.759544690951266	-3.6135221915053375	-4.54578585891015	-3.213758832041116	0.6962931279542522	1.5371223566774004	-0.5162325255937052	-0.40496148724742	1.1380927279251056	0.1710871201998402	1.0
194000	-10.166448856505543	-7.081224687248812	-3.0852241692567306	-3.3918273480918817	-3.6893973391569306	1.2130132255612256	1.3899001189593354	-0.2114412756606458	0.08027807242496715	0.7291408525418863	0.2504655579363791	1.0
195000	-12.516551382949284	-8.703301064318754	-3.813250318630529	-5.447381747625403	-3.2559193166933507	0.5327543447575053	1.3764916085998624	-0.6263286187805819	-0.24201919498807511	0.7759330289465389	0.09732623510022395	1.0
196000	-10.316567395647958	-7.673078327445581	-2.643489068202376	-4.052911781269604	-3.6201665461759776	1.2829042889577846	1.026441646292463	0.20589382637836573	-0.2736512076886821	0.5596749311327656	0.11623232172991095	1.0
197000	-11.262870542819261	-7.189036726770941	-4.073833816048321	-3.570334467697405	-3.618702259073536	2.0645846524171243	2.0115789324835767	-0.4046814303134296	-0.08563845034608213	0.6000609646220608	0.04666318598762631	1.0
198000	-11.303037800461464	-7.767477355716978	-3.535560444744485	-3.9853505622205576	-3.7821267934964204	2.4194247808498517	1.2727442093713093	-0.3238605427641648	0.0964451938582092	0.8485599041451886	0.037707182700897277	1.0
199000	-11.434636908346793	-8.414579891636349	-3.020057016710445	-3.62017389807329	-4.794405993563059	1.6171399470687042	0.6524733651512425	0.04861026895693221	-0.3903719342577785	1.55813691089649	0.0518629279640049	1.0
200000	-9.578629270568761	-8.578458517651542	-1.00017075291722	-4.151747246952562	-4.426711270698981	0.9679599760882224	0.8328759422313502	0.07316978560356874	0.020854793269901917	0.8565433583654793	0.06492780492267526	1.0
201000	-11.411689147755878	-7.729385398815973	-3.6823037489399044	-4.43325177251011	-3.296133626305863	1.881598803845046	1.7948595166506893	0.2529847970862187	-0.32442995309421147	0.6701762451379585	0.11800264271033913	1.0
202000	-11.132485241141906	-9.786128919359822	-1.346356321782083	-3.905249599278779	-5.880879320081043	1.2904608253011653	0.5130451667739409	0.1527625769567349	-0.13421994932963316	0.6957294126773521	0.0597214442979165	1.0
203000	-9.08828505686634	-8.44457942986798	-0.6437056269983594	-3.59852625871145	-4.84605317115653	1.6313838236824327	0.7557152491291628	0.03680232852437677	0.10873740463453653	0.7896784260603772	0.020938671357796947	1.0
204000	-10.68135360725893	-8.299654243724333	-2.381699363534598	-4.565959992619921	-3.7336942511044118	0.7247568044226822	1.9290790753927023	-0.21059070501355398	0.0171490875800418	0.412520664603112	0.07191589410754573	1.0
205000	-13.062034099307802	-8.351999724672016	-4.710034374635786	-3.721520763183307	-4.630478961488709	1.1247605266415581	0.7129464229988428	-0.8027024183906544	-0.19634047618126566	0.7375114447607728	0.10942077938508596	1.0
206000	-8.612615561250736	-7.698759226496575	-0.913856334754162	-3.8998718314512346	-3.798887395045341	0.9819584696933341	1.0380646734297496	-0.06902883282491272	-0.060057689217734224	0.7681931918180263	0.04524145195798651	1.0
207000	-11.269588400270763	-7.272032011584656	-3.9975563886861063	-3.692914163813971	-3.579117847770685	0.9726168251260984	2.070431323917287	-0.5381078413350651	-0.16953107013700863	0.4395842873586225	0.1914391661894151	1.0
208000	-11.329282737801154	-6.813040766896421	-4.516241970904734	-3.422049081851486	-3.3909916850449346	1.8244621939730283	1.288213601816447	-0.49412458054969566	-0.13806208524181063	0.3598123553675129	0.05416648758039829	1.0
209000	-9.731536463780795	-7.471601951712163	-2.2599345120686314	-3.5895979304372156	-3.882004021274948	1.435245894016636	1.1038667068945078	0.038680171791717205	0.05923849377322088	0.4006929145445664	0.08598584742383217	1.0
210000	-10.354720973137315	-7.229445424675158	-3.125275548462157	-3.989300556739768	-3.24014486793539	1.0357321347594162	1.3917359899553554	0.05791444824320824	-0.45401759973257444	1.1733683573443654	0.12526003710101463	1.0
211000	-9.85144868806682	-7.793927556069276	-2.0575211319975444	-3.8819800275601515	-3.911947528509124	1.062145288828048	2.0325085557115234	0.022902580757319657	0.05070129575452516	0.41426156238238093	0.05774801828275371	1.0
212000	-9.529490400436195	-7.258703117244812	-2.2707872831913836	-3.468074383337706	-3.790628733907105	1.9758818985856859	1.193913927271989	-0.19698105029023655	0.06880857553151108	0.8334907869191517	0.048853494087001896	1.0
213000	-11.039982085597114	-9.817558700713532	-1.2224233848835826	-3.927133901760391	-5.890424798953141	1.0481223841358576	0.4961092474655138	0.03527455023415382	-0.272834106631071	0.8458809817657025	0.0460083716306687	1.0
214000	-11.089555962809357	-7.435349548361136	-3.6542064144482205	-3.659032675410054	-3.7763168729510816	1.1632778509037789	0.9365984638193999	-0.025152634669838636	-0.3586737698125466	0.5630348025691111	0.5288630388812177	1.0
215000	-9.728448675058047	-7.759950908594355	-1.9684977664636918	-4.516954425701062	-3.2429964828932927	0.8415453356269936	1.4496682696681356	0.09178085883308919	-0.2245547511353334	1.3639274411794682	0.0540220036792248	1.0
216000	-13.440813116997344	-9.11605830190958	-4.324754815087763	-4.725765351544169	-4.390292950365412	0.7537019029797514	2.48510132492043	0.030361585951172887	-0.5404501591412463	1.1024221533867227	0.11489816031874579	1.0
217000	-12.635943864289805	-7.348273663079143	-5.287670201210662	-4.036933250464113	-3.3113404126150305	2.4099972100766855	1.6950088779825032	-0.4065052024629571	-0.1658172184946607	0.5370257248053215	0.9001637253230405	1.0
218000	-10.25700314609868	-7.034189834795095	-3.2228133113035864	-3.392971113374354	-3.641218721420741	1.3906457598101913	0.992495905786042	-0.08771273993954021	-0.47292608012793114	0.861932676619866	0.06607893073668716	1.0
219000	-11.95485442298531	-6.635675055829564	-5.319179367155745	-3.3884927932574476	-3.2471822625721165	1.806489627294412	1.4723614216308845	-0.14267488465092293	-0.4807420816747131	1.4481769108369267	0.4454270562889639	1.0
220000	-10.965004868173306	-8.154526959494493	-2.8104779086788136	-4.570919372049352	-3.5836075874451416	1.0703165999890651	1.639050722868997	0.3170462888011004	0.028675404150352607	1.245583954789209	0.06214296840311371	1.0
221000	-9.963179824418742	-6.9655198052478315	-2.99766001917091	-3.49491873442903	-3.4706010708188018	2.0257625746568166	1.1251289838896519	-0.23338672226588708	-0.2522740045962647	0.5073412660489068	0.0773467068796371	1.0
222000	-10.870010693756555	-8.346470095124484	-2.52354059863207	-4.343972394184481	-4.002497700940005	0.758363836937227	1.31222678828806	-0.33153537296561364	0.1929854287032114	0.8983335029284276	0.15522966217697273	1.0
223000	-14.071125127254168	-8.69136169394675	-5.379763433307419	-4.08132864655515	-4.6100330473916	1.5665215404727948	0.6812057927968993	0.2197128519485152	-0.5666479713481887	1.6875392323927338	0.04826608321830185	1.0
224000	-8.786382948403837	-6.951570372323321	-1.8348125760805158	-3.508603929951321	-3.4429664423719997	1.5489840030854418	1.4618875128120885	0.00011922214244652896	-0.03972015483281996	0.4678654597294546	0.0525543980910639	1.0
225000	-13.957993189416914	-9.29626088969706	-4.661732299719855	-5.9237698484174555	-3.3724910412796043	0.8851785576014617	1.1747582025858876	0.6036731505088622	-0.4564330821229714	0.6096418756668233	0.09909370202113595	1.0
226000	-12.201678046073859	-7.347068223144197	-4.854609822929661	-3.245190225211711	-4.101877997932485	1.6838312164785003	0.871825962183752	-0.27088994822550283	-0.13786420459459828	2.7590717280461297	0.06888531135698715	1.0
227000	-12.028758014862387	-8.022447190275184	-4.006310824587204	-3.3461753101532894	-4.676271880121893	1.1946824979577921	2.3145613904383353	-0.36678195403037545	0.1743795092538325	0.8736624163522257	0.04039844305985742	1.0
228000	-12.641199062889328	-8.9353877205897	-3.7058113422996284	-4.902753746480938	-4.032633974108762	0.6847718999722372	0.9108549337154457	-0.06224049672015892	-0.8388322656443502	1.4121614990145421	0.17064373956292575	1.0
229000	-12.90809563915666	-7.597526132028954	-5.310569507127704	-4.395926725034688	-3.2015994069942666	1.7603924766770143	1.5040841943330236	0.2719966047417003	-0.32306989691895893	0.9658262015029693	1.1917244774145879	1.0
230000	-9.992686380926857	-7.015147507850748	-2.9775388730761096	-3.404843357374202	-3.610304150476546	1.1462249275318932	1.1725388366855554	-0.34435816231692606	-0.050556920286932386	1.4164740387891375	0.16143352894491553	1.0
231000	-10.252330366317953	-8.270533322429674	-1.9817970438882773	-3.588200366749357	-4.682332955680318	1.5771496158981417	0.9191176393558187	0.03814638371593192	0.2641529796260342	0.8952945373686478	0.04443917260721704	1.0
232000	-10.729958278222098	-7.868891334591214	-2.861066943630884	-3.614051072842023	-4.254840261749191	2.0967613482379193	2.533633761982183	-0.16095599222782447	-0.10509598455614222	0.45219630447114284	0.04750946186448431	1.0
233000	-9.97905887790811	-8.12197135040499	-1.8570875275031198	-4.195169404032554	-3.9268019463724366	1.0260823903806187	0.9042852430764571	0.15125624912555413	-0.23139623843427082	1.628320565650141	0.024478704478037235	1.0
234000	-12.144231981738958	-7.661303083826287	-4.48292889791267	-3.2986562127433947	-4.362646871082893	1.480872232616095	1.7288876499464263	-0.5424238227430747	0.270247162884495	0.807122155964129	0.09057189161745449	1.0
235000	-9.800172861335376	-7.360068412817167	-2.440104448518209	-3.431347216723095	-3.928721196094072	1.901500717766531	1.9879431943188062	-0.1653322067402871	0.07430390319344504	0.6631409198912626	0.04065466624401208	1.0
236000	-13.672416647859597	-8.265815082474315	-5.406601565385282	-4.350438490643172	-3.9153765918311425	2.037119202144282	1.1529865996654987	0.1881853631625796	-0.9175973166840821	0.3558556596167933	0.25048368148957123	1.0
237000	-11.251143345291263	-8.319362147451175	-2.9317811978400883	-4.507165310532833	-3.8121968369183414	2.5106664862412593	1.015456934850464	0.03423469623652017	-0.08323588178407863	1.2147534708044214	0.056588131386757765	1.0
238000	-8.868476316960422	-7.917574090873433	-0.9509022260869875	-4.225537704426932	-3.692036386446501	0.975840227250097	1.4019942136681718	0.12014995018042995	0.08295632883253835	0.5536183912388436	0.019705564733990124	1.0
239000	-11.297591782568707	-7.469980013099619	-3.827611769469089	-4.111843326127213	-3.358136686972406	0.8191841566492856	1.37519932272671	-0.657804692194849	-0.12138904829843308	1.3330425437368616	0.1382697950817726	1.0
240000	-9.53219436368052	-8.144910699774211	-1.3872836639063095	-4.238829262043353	-3.9060814377308573	0.84690558637743	2.1179157936865343	-0.08367935922734049	0.009758115577022344	0.8214075105151531	0.033910080766843896	1.0
241000	-10.858617563453382	-7.823545547753867	-3.035072015699516	-3.4625193628261055	-4.361026184927762	1.4910066549428125	0.8360853844558341	-0.025656822704552162	-0.016669966766905187	1.037487771123625	0.31822355894715987	1.0
242000	-9.840680223032713	-6.85602256372052	-2.9846576593121936	-3.3098707424533593	-3.5461518212671606	1.4377375258569964	1.394283951617715	-0.14599156304585803	0.010538761705367938	1.0571795263582597	0.16516264577949702	1.0
243000	-10.016126507279436	-7.052203534173138	-2.963922973106298	-3.603859692799086	-3.448343841374052	1.388617984993636	1.2672727953235605	0.03962945387803542	-0.10185689433865053	1.3905266995432453	0.14232518128068458	1.0
244000	-11.937498353160787	-8.714765701776443	-3.2227326513843435	-4.482048668590889	-4.232717033185554	0.8491325974774008	0.7841569140215346	0.08526301796723751	-0.6866243410904377	0.8905591169547629	0.4161814413385706	1.0
245000	-10.317358627585786	-7.310373507566904	-3.0069851200188817	-3.3196441645659256	-3.9907293430009787	1.2534267260878211	1.0126242353287918	-0.49424957446846596	0.034235829426384395	0.9098887648943352	0.10306124864766203	1.0
246000	-11.637341135070956	-6.975706043343623	-4.661635091727334	-3.7305184120797	-3.2451876312639225	2.237492816001352	1.3569717735142162	-0.3203139699947313	-0.44123502957891225	0.6716545350631298	0.0621503108784999	1.0
247000	-10.492482034093266	-7.577368252694108	-2.9151137813991572	-4.326575524770252	-3.250792727923856	2.233829672625316	1.5174112248494411	0.1101449695768214	-0.2008155435647409	0.6970341601876968	0.07284522403678886	1.0
248000	-11.54248750973381	-8.726079534229939	-2.816407975503871	-4.865299787936774	-3.860779746293165	1.0136633668383235	1.2579930845985134	0.383653234297434	0.12632292424994523	0.5227717828342013	0.08143028975711829	1.0
249000	-11.378704411253214	-7.514437458640314	-3.8642669526128985	-4.2043223590111145	-3.3101150996291993	0.7920516176679544	1.6264470458329046	-0.35927304004498517	-0.5101585538345158	1.2629858282839312	0.29474065883777867	1.0
250000	-11.237671774744573	-7.093436720104254	-4.144235054640319	-3.514835859500311	-3.5786008606039426	1.0653459376008556	2.1117640249132745	-0.4726121437998898	-0.2489730242520575	0.5914372285672764	0.3613303919347223	1.0
251000	-10.799807999966319	-9.277800980353062	-1.5220070196132567	-3.753466129390526	-5.5243348509625365	1.2649919295116971	0.5484679507313295	0.08072245620469215	-0.23608923862374293	1.8805473612893886	0.02780066254707436	1.0
252000	-10.615324234215327	-6.862556912714854	-3.7527673215004738	-3.342154849011191	-3.5204020637036626	1.8629879697832705	2.013405321400619	-0.31293615569824973	-0.1728233519108714	0.8338554141453692	0.09511920763892412	1.0
253000	-9.349439343183061	-7.120808257634138	-2.2286310855489235	-3.8465409898716234	-3.2742672677625144	1.55118761230582	1.4529761670075196	0.1450583331601002	-0.18055150617253563	0.43622382293298934	0.036041219897060106	1.0
254000	-11.721077196154145	-7.638521608285674	-4.082555587868471	-4.155987561184837	-3.4825340471008372	0.8067183470132357	1.8635093142869958	-0.35187197051771557	-0.5152131116619267	0.9159606225523882	0.10223171797609397	1.0
255000	-10.230050111061022	-7.057474138596777	-3.172575972464245	-3.574730609813071	-3.482743528783706	1.07166619883649	1.086841559847874	-0.2188608430139517	-0.3644548728278736	1.1344058676048998	0.03718419267611605	1.0
256000	-9.245785130658565	-7.98431549920027	-1.2614696314582938	-4.122152673131078	-3.8621628260691923	0.8400454416066752	1.116198991881647	-0.22393590094642357	0.05790791979834212	1.2146459751161742	0.03832759620569183	1.0
257000	-12.41451039723288	-7.13532932950142	-5.279181067731459	-3.6526764830525904	-3.48265284644883	0.9892449849096311	1.2437692388288282	-0.38251119175099807	-0.6782424347632936	0.9118543225145656	3.0704846621552426	1.0
258000	-11.282748543113806	-7.5410278739898855	-3.7417206691239207	-4.027924151632583	-3.513103722357302	0.8365797830057283	1.3268350443969654	-0.5329137392585171	-0.02651109752900227	0.38434055030361325	0.23638566757586293	1.0
259000	-9.205762943682696	-7.176696369539549	-2.0290665741431475	-3.6992053496091892	-3.4774910199303597	1.784667360097579	1.2267804586291442	0.04933794472265128	-0.10756977437999253	0.30889717028730324	0.037876913882647766	1.0
260000	-12.649260325547004	-8.8945972436869	-3.754663081860106	-4.14135467323558	-4.753242570451318	2.504055708654424	2.50111420731034	-0.1653006247505776	0.11666023335996412	0.4246407071281543	0.12411603755214162	1.0
261000	-9.139036149292918	-7.544932669413327	-1.5941034798795917	-3.5691433629285574	-3.9757893064847694	1.8121410817822865	1.1251634534003632	-0.020537566822232026	0.11960471585454889	0.9474100799618699	0.03532772714730063	1.0
262000	-11.233215602364272	-7.211086806537349	-4.022128795826924	-3.6705413156207403	-3.540545490916609	1.0162991433724848	1.7009443596115552	-0.2256611598773475	-0.6401584756871799	0.6576706516361638	0.18403977381266098	1.0
263000	-9.825028004434861	-7.257030252780121	-2.5679977516547403	-3.486888414445283	-3.770141838334838	1.564389058049325	1.9112355392695084	-0.01258301848430686	0.03968443500700217	0.7303941111949893	0.0865695231133738	1.0
264000	-12.85565232302847	-8.76143509955564	-4.09421722347283	-5.529930440879876	-3.2315046586757643	0.687913035186705	1.4945414784619577	0.305284575575135	-0.2329540373876655	1.6215639905371353	0.6510859226512373	1.0
265000	-9.963551675427812	-7.079251277304751	-2.884300398123062	-3.7023733978496733	-3.376877879455078	1.5361618266383619	1.1678841185206887	0.09097569347984236	-0.3545777783843513	0.5136017387646549	0.08573937143873836	1.0
266000	-13.964809068100426	-8.436965774128664	-5.527843293971762	-4.8177172431106685	-3.6192485310179956	1.6734791878772657	2.146725390087843	0.3816895904576529	-0.24324803077724416	0.21668358903146848	0.03136594141511646	1.0
267000	-12.090903715900655	-8.000404481323574	-4.09049923457708	-3.8684245919741578	-4.131979889349417	2.3365534783077786	0.8489015606370995	-0.33095359603712543	-0.1789254916484795	0.9812943874916918	0.3229921874440895	1.0
268000	-12.498652838421119	-7.094989694169259	-5.403663144251861	-3.767920550196595	-3.327069143972664	2.0009041785278097	1.2196950349152373	-0.5956805786108814	-0.4420157843620841	1.2232615985157143	0.13580766809048248	1.0
269000	-11.174028203059137	-8.043691513055744	-3.1303366900033924	-3.780503098028749	-4.263188415026996	1.2442342134647173	1.41684351977327	0.0859954595018215	0.28091988724629474	0.4369359008655763	0.16816155758621396	1.0
270000	-10.708880488185013	-8.43026643869413	-2.2786140494908835	-3.5869771376420516	-4.843289301052078	1.1700604139531698	2.6558311982873413	-0.06953041827161272	0.06581169886049187	0.42052181029543934	0.05018879115721649	1.0
271000	-9.57876388069296	-7.456973327386105	-2.121790553306856	-3.4477048878221686	-4.009268439563937	1.154982602872992	0.8780335609842832	-0.22601219038573844	-0.21975071590917428	0.7993820910534026	0.027577663597179235	1.0
272000	-11.32668658852951	-9.643377024984135	-1.6833095635453752	-6.032015624007956	-3.6113614009761785	0.5292205819056902	1.1160801639414497	0.0852083203827837	-0.10704629023735826	0.6745295681907123	0.11875843279094296	1.0
273000	-9.60702350626297	-6.712219592760071	-2.8948039135028982	-3.4030882946044594	-3.3091312981556116	1.1659813087805795	1.5576078902198005	-0.27972246158743735	-0.13643753937715028	0.8841466918922443	0.1449198726811279	1.0
274000	-10.667936270375394	-7.101749928877312	-3.566186341498082	-3.3331180820662327	-3.768631846811079	1.5628258579122414	0.9360344793860833	-0.1155810867481773	-0.5318369014079634	0.6298453869494318	0.2643939261857049	1.0
275000	-10.87361869146871	-6.7578642717471	-4.115754419721609	-3.46928290189189	-3.28858136985521	2.0051483406634967	1.3542340929808887	-0.25058169413542386	-0.2070423023809238	0.3875167551252656	0.3414107676199887	1.0
276000	-11.851676812132839	-7.27958145612139	-4.572095356011449	-4.017721007480744	-3.2618604486406455	1.9422490144498308	1.6727807745460672	0.12067747042764881	-0.4215409346907454	1.1517541961396554	0.19305674601830902	1.0
277000	-9.981313679440099	-6.801182423596128	-3.180131255843971	-3.3773653852922925	-3.4238170383038353	1.8536981681413707	1.2900791175925115	-0.18910453396247162	-0.1076272617695006	0.9126376446671394	0.15534773143044378	1.0
278000	-9.558670243879977	-6.768957914301053	-2.789712329578923	-3.4622949035746213	-3.306663010726431	1.26120994320552	1.557283340742292	-0.09459794283292183	-0.13873293584984858	0.34607099450394263	0.10185599078231643	1.0
279000	-14.810787140969524	-9.040933720779307	-5.769853420190217	-4.195660100703287	-4.84527362007602	2.547865878604844	2.895846486064758	-0.34088522932255894	-0.37070844473756664	0.18457249232776196	0.4915466683028437	1.0
280000	-9.881472155662347	-6.476271318655973	-3.405200837006375	-3.2561001458130754	-3.220171172842898	1.311102177762762	1.4696203340812448	-0.34006395595100763	-0.26181670266277546	1.0158678835323305	0.17154974532506384	1.0
281000	-10.770786357560468	-7.235344421538931	-3.5354419360215372	-3.5597751076972814	-3.67556931384165	2.0987327473669684	1.0500360558294621	-0.29392606259469517	-0.14641891245081995	0.9878674961902973	0.17435968418949344	1.0
282000	-9.049102889430868	-6.860380426792055	-2.188722462638813	-3.4576402202629177	-3.4027402065291374	1.2584198270237428	1.5358712526164573	-0.10024847222828093	-0.0625738260217945	0.5421622103611959	0.08448853048865697	1.0
283000	-11.461735595699176	-8.707087628363613	-2.7546479673355626	-5.336410924601497	-3.3706767037621157	0.6503747040504892	1.8668941123764233	0.11817597987056588	-0.21327850085729178	0.9497622072823324	0.17415409861470893	1.0
284000	-13.238965631429249	-8.851424862547596	-4.387540768881652	-3.4695562915719194	-5.381868570975677	2.0061142468585835	1.2524268120922442	-0.2528743334531388	0.5383017178862595	1.017702316263891	0.16937787169185828	1.0
285000	-9.472307023959917	-7.228863765611726	-2.243443258348192	-3.3455649345412213	-3.883298831070504	1.3473918633833788	1.0865650422595112	-0.14565117741790004	0.04603112512295354	0.6132746517446827	0.11453651588987533	1.0
286000	-11.868899753942463	-9.523021457206639	-2.345878296735824	-4.797462063659139	-4.7255593935475	0.7997292158290524	0.7275053173253475	0.16791206072441234	-0.047900890159339016	0.5742420111925447	0.2121945621831144	1.0
287000	-10.362507747274448	-7.255102328292094	-3.1074054189823537	-3.3200019486428642	-3.9351003796492297	1.7561526854980916	1.9700343945145735	-0.18800129588142106	0.08306369610934743	0.4199351621931894	0.10793438255149042	1.0
288000	-14.608335173366516	-9.809003294454879	-4.799331878911637	-3.8690702527510883	-5.939933041703791	2.1303106803591327	0.8541810794109005	-0.5604787254326586	0.5950473296959878	0.44749590048147436	0.5612858238569152	1.0
289000	-9.95315461244262	-6.7019561208618095	-3.251198491580811	-3.4302447831199885	-3.271711337741821	1.1321981752427657	1.3516573251222161	-0.3183963115495984	-0.23464608831045547	0.40543909005762097	0.1425690527802135	1.0
290000	-10.194578735069364	-7.221958786843736	-2.972619948225627	-3.769377763101082	-3.4525810237426544	1.3868839026703685	1.1043157247400222	0.11421661820169715	-0.4078615689605289	1.0534149107735593	0.11361346146647458	1.0
291000	-12.732981593760197	-7.834965681051689	-4.898015912708509	-3.617631130907559	-4.21733455014413	1.5419639180750175	0.811890546107509	-0.7365819806404235	-0.7962780912555121	0.8438408608658344	0.30737622391720365	1.0
292000	-11.352408101674602	-7.528473206204456	-3.8239348954701464	-3.7948888710836517	-3.7335843351208045	1.2674538851193746	1.3592109358006426	0.10054356457624958	0.09519338002637279	0.6727392418935917	0.5537130118329696	1.0
293000	-11.243450852722685	-8.9936568780404	-2.2497939746822864	-3.657341068639824	-5.336315809400575	1.10763491373797	0.5874555799594114	-0.07969595981249508	-0.15762645159707958	1.325421408461213	0.26438985320747327	1.0
294000	-13.467690266316087	-8.347556022183724	-5.1201342441323625	-5.081259082655349	-3.2662969395283756	3.046061884084064	1.3725186730384675	-0.3091606315260315	-0.2272758602931679	1.0869051308469089	0.16559375138799054	1.0
295000	-11.25811897158879	-7.348452668122787	-3.909666303466002	-3.932409897338645	-3.4160427707841428	2.3622391513250123	1.2382806944634681	-0.3729517088242237	-0.15428731922526856	0.5852724346810444	0.2331074064499418	1.0
296000	-10.430191538785047	-6.809011171470791	-3.6211803673142566	-3.3098933666252783	-3.4991178048455134	1.7857677797734701	1.4694105785242375	-0.39196804014754494	-0.005858438776804836	0.8742545921604051	0.16648765228747017	1.0
297000	-10.949500003167744	-7.532840376716114	-3.4166596264516307	-4.134305819723442	-3.3985345569926713	2.2943017536464896	1.1486723645299959	0.013404743862041844	-0.36131452614698095	0.76598611111422	0.11573752041557202	1.0
298000	-11.201227245288335	-7.642433557005636	-3.5587936882826985	-3.6373766606355575	-4.005056896370078	1.1222701227455245	2.028207436914666	-0.07867680456852959	0.08682859249649302	0.8688808143874682	0.2662405514066896	1.0
299000	-10.733506548908146	-7.971591452640013	-2.761915096268134	-3.6908216220008443	-4.280769830639168	1.1299300384728537	1.7311071014181754	-0.03252335165298642	0.24913637951413675	1.073936130984913	0.09725566313315742	1.0
300000	-15.304198029886692	-11.131293817691777	-4.172904212194914	-3.544024427920086	-7.587269389771691	1.1799767212159193	0.9409780784075051	-0.09374973775782774	0.8964596676556674	1.1090148274569303	0.6424109237909628	1.0
301000	-13.452057435729781	-9.122311740617079	-4.329745695112703	-3.255180795518161	-5.867130945098917	1.6541417732621728	0.8077279112591779	-0.4243132142064531	0.552290542871168	1.4336175939070006	0.16011197044842873	1.0
302000	-11.355329671475282	-8.580587396370095	-2.7747422751051873	-3.2103275769889135	-5.370259819381182	1.5495602774345905	0.5569341825194177	-0.28314280596056784	-0.37240994758013723	0.9602362139116668	0.1503160705954832	1.0
303000	-10.67359752939737	-6.460217226473324	-4.213380302924046	-3.231246614637959	-3.228970611835365	1.3821719006180169	1.4039484652478988	-0.29452481435102285	-0.43330909941217943	1.2736694626387095	0.3319576543168416	1.0
304000	-10.183268715224466	-7.046649734581015	-3.1366189806434517	-3.2463471596527733	-3.800302574928242	1.4105865511038496	0.973660472917137	-0.4734687873927008	-0.17677859078513397	0.8362247842151188	0.14172982415496954	1.0
305000	-10.385159853492967	-6.815397035215842	-3.5697628182771246	-3.4267498472447757	-3.3886471879710665	1.1257357346434278	1.7301701814341985	-0.4480832864562004	-0.10770748871794197	1.0831551791889182	0.0808511317623151	1.0
306000	-10.372314535252773	-6.798321512257521	-3.573993022995251	-3.4418122856162467	-3.3565092266412746	1.1283491892695314	1.1845816057563965	-0.30111162302913763	-0.4212950857449621	0.43230600691281085	0.19879623688297957	1.0
307000	-10.816582016177025	-9.394078267930006	-1.4225037482470182	-4.740884299659178	-4.653193968270829	0.8461433483035261	0.849423991014927	0.2101055412326984	0.17416979411982125	1.52147536275563	0.06570991376058913	1.0
308000	-10.499820038570983	-7.934280217325268	-2.565539821245715	-3.290222505305381	-4.644057712019887	1.3794419229500523	0.762531169864874	-0.18947147344344833	-0.0015702541471305231	1.05797287381625	0.22162361655026827	1.0
309000	-13.79751048753183	-9.689712415380225	-4.107798072151606	-5.39374508632032	-4.295967329059904	2.5416939733711987	0.7591692892692575	0.2468004517687119	-0.4548217614347328	0.41075522364851813	0.08163608929797711	1.0
310000	-12.313869578166997	-7.2545692682142375	-5.059300309952761	-3.816248061990845	-3.4383212062233923	2.2652408309847347	1.7905618991264178	-0.1548983701361754	-0.5300045147123711	0.410956678453755	0.6268320360807492	1.0
311000	-12.917408895750672	-8.47777194140868	-4.439636954341992	-3.8638873505113613	-4.613884590897319	2.289825067047444	0.7114736816144571	-0.4111144041650181	-0.22375459135199838	0.4473772736899325	0.5844499645169402	1.0
312000	-12.11014704149932	-8.334707880494863	-3.775439161004458	-3.7285829481355353	-4.606124932359328	1.76064364342553	0.9220435569376969	0.06765180504573873	0.23670136691499175	1.1724701325617473	0.3792815046114171	1.0
313000	-9.373201841312001	-6.740287784681694	-2.6329140566303075	-3.324003465125415	-3.4162843195562793	1.2932285635083904	1.8474195992026343	-0.20938502703778022	-0.1409450566514428	0.34341040698036424	0.040268166819839406	1.0
314000	-12.81038344946253	-9.188185579652226	-3.6221978698103037	-4.1078630773284655	-5.08032250232376	1.199819999397696	0.5954926063677944	0.20559023060264758	-0.4680227464272507	1.9647764706046023	0.050303183091132686	1.0
315000	-13.49150310129859	-9.03808729537219	-4.453415805926402	-4.091865890730425	-4.946221404641765	1.196280603608621	0.7469768181780936	-0.9945938292130158	0.14501267104110482	0.705120334195758	0.2747673557707428	1.0
316000	-9.81959896578827	-7.236078647891116	-2.583520317897154	-3.36967360691493	-3.8664050409761863	1.404637471229768	0.9161903542720968	-0.10191154663653715	-0.2744471837480363	0.41588404316650057	0.08271794831192025	1.0
317000	-11.824090292005524	-8.438880852008676	-3.3852094399968475	-4.672477420782843	-3.766403431225834	1.3392987192245132	0.9340918114170638	0.38668678054513994	-0.43859029603467214	0.7240114881332768	0.13964859223067821	1.0
318000	-8.44692246046718	-7.394968181564916	-1.0519542789022633	-3.7427136881239425	-3.652254493440974	1.0401812985374173	1.2497588523865015	-0.10151999958999836	0.023278920930058913	0.9369473693313921	0.041007340630138917	1.0
319000	-12.05985321516022	-9.37356266410925	-2.68629055105097	-3.388759591077965	-5.984803073031285	1.7286394556845075	0.5798331338985113	-0.10707005776810524	0.25539917233065557	0.3630003407204439	0.08464462760560654	1.0
320000	-10.706826400838047	-7.237783332084234	-3.4690430687538125	-4.019841096859555	-3.21794223522468	0.8389237540890155	1.5834460861593909	-0.47904504956967414	-0.271042129403557	0.8480472992707082	0.26726675029504926	1.0
321000	-13.824190305650733	-7.979920848957303	-5.84426945669343	-3.7706889722413757	-4.2092318767159265	1.4751089123709857	1.992255871855997	0.11972732556760057	-0.7682253962250783	0.4918178706864142	0.09271519965930658	1.0
322000	-10.481888295650453	-6.668566839745274	-3.813321455905179	-3.3792523727132986	-3.2893144670319754	1.1851472394051215	1.6814194382453045	-0.5064615530093592	-0.1861205067746347	0.5407391637569915	0.24984980671615828	1.0
323000	-12.353419569481005	-9.27969345101192	-3.0737261184690863	-4.814830340648612	-4.464863110363308	0.8088700982607008	0.721767200946846	0.19107528623523035	-0.3967219710118516	0.40205326073665903	0.16991227117736546	1.0
324000	-10.360434175424281	-7.923463396143247	-2.436970779281034	-3.424413856899146	-4.499049539244101	1.9610651052042258	0.8519715677701142	-0.2704967315035015	0.0994976794119706	0.5885245215559852	0.06086089480087991	1.0
325000	-9.800547787574542	-7.14969202102856	-2.650855766545982	-3.29646069027081	-3.85323133075775	1.5009850007968006	1.4239795528074635	-0.14892455528126763	0.14986167053400168	0.33863292490827407	0.06971628933234955	1.0
326000	-11.307066194153142	-7.835542721164728	-3.471523472988414	-3.541057352264639	-4.294485368900089	1.5283327829988271	2.620886007725426	0.017765165765594254	-0.21585959983515204	0.8560320257641886	0.08038790948865947	1.0
327000	-11.637940009308162	-7.090733215454099	-4.547206793854063	-3.5252516606298467	-3.5654815548242524	2.0402325402552446	2.0186499415051893	-0.37887498273832065	-0.13181837108319322	0.9990932027058864	0.15420669858875827	1.0
328000	-11.276455700516827	-7.845944446650719	-3.430511253866108	-3.7537189774646023	-4.092225469186117	1.4062152061530653	1.0148962090305371	0.10974185592211089	0.09216795390000015	1.7666645831961927	0.20246435213428926	1.0
329000	-11.157152116630908	-8.714713615553206	-2.442438501077701	-3.6471391189942115	-5.067574496558995	1.2849144061647497	2.598156438437195	0.034851312868293544	0.15472367940493498	0.9277319124131895	0.026908573124254983	1.0
330000	-10.629252693717424	-7.7780757091777435	-2.8511769845396806	-3.670954731856194	-4.107120977321549	1.6726423430226594	0.8153021300495221	0.06232777356529193	-0.4073385163183738	0.889672098806088	0.11069607702321972	1.0
331000	-10.513535022347856	-7.140829628081983	-3.372705394265874	-3.2504425869377007	-3.8903870411442822	1.3191228407232236	2.1628437329301122	-0.3493004921494548	-0.021672143582807227	0.7881409096803847	0.1011761345211429	1.0
332000	-7.661910971888817	-7.971864186922305	0.3099532150334885	-4.263496838058385	-3.7083673488639195	0.8514831075597589	1.1665396075399026	-0.0525470115189823	0.007850649741693756	0.8361438411371159	0.013612273883879755	1.0
333000	-10.751484210906392	-8.189314211793558	-2.5621699991128337	-4.779368427205856	-3.409945784587702	0.7312949568809076	1.7308339073829988	0.004104703559624376	-0.09170876495366337	1.3920326964615344	0.12554332694996073	1.0
334000	-13.335088878399763	-8.242954588664286	-5.092134289735477	-3.2726086641960226	-4.970345924468265	1.73134367480763	2.4785017686408484	-0.3820100141137996	0.18122091809455443	0.1265664757022477	0.09565224180891156	1.0
335000	-12.146624376119123	-9.16422137672731	-2.982402999391812	-3.415065753616378	-5.749155623110933	1.1997802205119459	2.977470573257051	-0.19914458700882093	0.1427001527272547	0.7041356310282147	0.03409363330973716	1.0
336000	-8.846145044762405	-7.921821503700811	-0.9243235410615942	-4.02883661022766	-3.8929848934731517	0.9962918752330923	0.9893848829070143	0.03751280919972351	-0.06203047582961411	1.1902745354410587	0.050770572675481525	1.0
337000	-10.283488681250107	-7.4788027771391175	-2.80468590411099	-3.418169086620425	-4.060633690518692	1.4622892626166946	0.8368565736151812	-0.05568886376830567	-0.3415016140921034	0.5994681460533073	0.16607023118044184	1.0
338000	-10.10310634077257	-8.590534656365005	-1.512571684407564	-5.299106052914082	-3.291428603450923	0.6531261574273736	1.628858610753029	0.1042862274151834	-0.16526326379731532	0.9021275737402431	0.051948900253920634	1.0
339000	-13.879103890171365	-7.412072236403354	-6.467031653768011	-3.2734602181666834	-4.138612018236671	1.382291587691829	1.3904518161530255	-0.5087136442240845	0.24437474041670937	2.682958203610034	0.15203493658291428	1.0
340000	-9.831116422769297	-8.42505789159583	-1.4060585311734664	-3.9449913830148855	-4.480066508580946	0.991711525843222	0.9572919593084362	-0.021216438742997338	0.21680483288771782	1.3373195852102862	0.05617288816849667	1.0
341000	-12.964051956078855	-7.64247851367946	-5.321573442399394	-3.6868076016360076	-3.9556709120434523	1.4876478385976357	0.860632581613888	-0.7833993304786536	-0.48009089572988506	2.0040367534516963	0.3329680209485462	1.0
342000	-14.27893959757827	-9.260323635894258	-5.018615961684013	-5.344555302846063	-3.9157683330481947	0.9138856317285865	0.885757881213655	-1.414065447048503	-0.6208775490328824	1.3049787884362003	0.6831361168073997	1.0
343000	-9.00268457877484	-7.972449529937542	-1.030235048837297	-3.71478343139133	-4.2576660985462125	1.1599398288357394	0.9618019593374049	0.006982975330990793	0.12120728711986216	0.7161951183024109	0.04198886819249368	1.0
344000	-9.540101660409896	-7.887295404358656	-1.6528062560512395	-3.6645484706701588	-4.222746933688497	1.0956156558533878	1.0272656550006631	-0.08845671287887208	0.16438677845913136	0.8982153347626232	0.0801396811003556	1.0
345000	-11.98214240649284	-8.079723881480712	-3.9024185250121284	-4.337845102287775	-3.741878779192937	0.7471945993923166	1.016578513882986	-0.4794969227102147	-0.14333603675767836	0.7712061251968214	1.0700150694060946	1.0
346000	-11.800030488699447	-8.726259969689702	-3.0737705190097446	-3.6279490013560975	-5.098310968333604	2.0608271792247748	0.8803845577028026	-0.11407662520249251	0.37950019954589803	0.7454453680209228	0.0803868693501128	1.0
347000	-11.704880825232735	-7.8574153641362825	-3.8474654610964527	-4.3529260084810755	-3.504489355655207	2.622817537688192	1.2581583245157002	-0.14035191043575668	-0.06459455950402399	0.8375118682528739	0.190507031584161	1.0
348000	-12.29496210279248	-7.314660321990303	-4.9803017808021774	-4.076853493707785	-3.237806828282518	1.2843662575584052	1.4462142067871333	0.21444939938994534	-0.46491216706035726	1.0048832663039358	0.03479838626411882	1.0
349000	-12.775708323540131	-8.27037245405501	-4.505335869485121	-4.192135152643654	-4.078237301411358	2.20088608458879	1.0767565549301048	-0.6519509505024115	0.13567723397129747	0.46294274014267495	0.37441161789250904	1.0
350000	-14.889873594512373	-10.248943409541816	-4.640930184970556	-3.716459251995439	-6.532484157546376	1.3788351734982964	3.657133460362101	0.09073699022538007	-0.06572090174695619	0.914069845879615	0.13165889348439247	1.0
351000	-11.695563000015722	-7.605512146334698	-4.090050853681024	-3.976163930959642	-3.629348215375056	0.8535318918916852	2.1063336988533874	-0.5041343488544383	-0.41681729889660696	0.6875608975806906	0.1864403325835128	1.0
352000	-10.52020435846923	-6.904975763867867	-3.6152285946013634	-3.5748401182348566	-3.3301356456330105	1.0405609606925579	1.50532258251808	-0.3136452635020087	-0.11765932965977274	1.5691455020291276	0.20347861540696655	1.0
353000	-10.003497528517578	-6.664987985161643	-3.338509543355935	-3.376511822294596	-3.2884761628670467	1.907480438103621	1.5414014991391582	-0.30444186206185514	-0.15599352134396155	0.524599013452738	0.03144737454272777	1.0
354000	-9.367455323484354	-7.1627630800460445	-2.20469224343831	-3.3540131946145846	-3.8087498854314603	1.8459047933421284	1.1090208280428886	-0.2169524740870109	0.02267801932451391	0.36231061309112583	0.026094706670283668	1.0
355000	-10.779392162275386	-8.092730424471128	-2.6866617378042577	-3.3149652892835517	-4.777765135187575	1.4157239468070548	0.9607258431341429	-0.14719036102601182	0.32920462235870657	1.3197611461241143	0.06322609458569436	1.0
356000	-9.889646819947453	-8.195724195617688	-1.6939226243297658	-4.916960182202742	-3.278764013414945	0.6943740312017299	1.326893655087457	-0.015520998982357266	-0.2459930266680555	0.7226278383548053	0.06643386195017704	1.0
357000	-8.639897672840341	-7.233624585769714	-1.4062730870706264	-3.3568297606133357	-3.876794825156378	1.4415805762680494	1.299612994358482	-0.10352128443629119	0.14348587131251966	0.7297493468945541	0.025045832378722776	1.0
358000	-11.64705634593519	-6.807472091478251	-4.8395842544569385	-3.302830529783284	-3.5046415616949673	1.5498882316839593	1.9375339752370881	-0.5315994230620039	-0.4752995484267546	0.5872926636878317	0.5753199833242776	1.0
359000	-12.39214086656279	-8.06413863923995	-4.328002227322841	-4.650745285347645	-3.413393353892306	0.9262663654660098	1.7977540805784062	0.2581615021191452	-0.5054485742534492	0.8130541657938027	0.06034218599803173	1.0
360000	-13.582886356502414	-9.0933008089224	-4.489585547580012	-4.824658328674133	-4.2686424802482685	0.7463611307721851	2.3243452476906046	0.07439918414272176	-0.6041389090812145	0.9742500183541042	0.44596515050526975	1.0
361000	-11.85062185314894	-9.279716394403051	-2.57090545874589	-4.535746818003362	-4.743969576399689	0.7412238584162869	0.6625607447313072	-0.16607504175529486	-0.3880229584004151	0.8577279456310688	0.3582126310733892	1.0
362000	-9.645975688101212	-7.695163448441301	-1.9508122396599106	-4.038697103546683	-3.6564663448946177	1.1344826633851026	2.1000992323323917	0.15234187084004808	-0.12400080403056582	0.45638178572374516	0.02318976679443143	1.0
363000	-10.2421464534808	-7.616170592561554	-2.625975860919246	-3.794278147538767	-3.8218924450227867	1.9386431161687678	2.109359316323319	0.03982548133766606	-0.02546367057332958	0.29238353958389574	0.0564361943021369	1.0
364000	-11.292394172065464	-8.758254352075319	-2.5341398199901444	-3.4040622518620967	-5.354192100213222	1.363460373425107	0.73381413349559	-0.08820352140665984	0.31060332894629117	0.4074079940576973	0.05195457577766621	1.0
365000	-9.444541031014285	-7.25974708017924	-2.184793950835046	-3.7009027894057165	-3.558844290773524	1.774784545999997	1.0833502333857643	0.052661695879990436	-0.214431749340884	1.125293901041354	0.03751303917333043	1.0
366000	-10.229046857156296	-7.389688091802785	-2.839358765353511	-3.627612061950035	-3.76207602985275	1.9350846006285143	1.548477224493539	-0.03838510980238037	0.11400344247293481	1.0571135734193857	0.06891046214057067	1.0
367000	-9.461750226021602	-7.32135170222365	-2.1403985237979515	-4.043206149672474	-3.278145552551176	0.9372527619026303	1.7166730751579395	-0.03931871176442528	-0.22374629602419716	1.3030603838369494	0.03345074726126967	1.0
368000	-14.13877727262814	-10.249112484631093	-3.889664787997047	-5.783514225954633	-4.46559825867646	3.384316685039383	0.8114562463361581	-0.16579612141144237	-0.0009066553555441281	0.5825837113179888	0.21500526056206623	1.0
369000	-11.413158475660625	-8.557782185775727	-2.855376289884898	-4.530756215708855	-4.027025970066872	1.8875876773235023	1.0261891354512724	0.27435089324439044	0.06898803292827671	1.1721743701105112	0.07120575405607456	1.0
370000	-11.45563024600985	-8.312793897907875	-3.1428363481019757	-3.5087273934551146	-4.80406650445276	1.776024083986419	0.9788499850237544	-0.042235613258009896	0.34834938399543713	0.36766090490551584	0.09411407700300202	1.0
371000	-11.051808421981317	-7.874498352139073	-3.1773100698422443	-4.053283906787398	-3.821214445351675	2.014456280275188	1.049854036391992	0.10821666863949796	-0.02898506940040739	0.40148576101527816	0.17339154475042212	1.0
372000	-10.063403501089653	-7.29303806262874	-2.770365438460912	-3.9295950637376906	-3.363442998891049	1.1770729612442774	1.8852084235253046	0.1257490090753211	-0.2634956333776437	0.5551711935512298	0.08826027640488383	1.0
373000	-12.839192915204993	-7.4775258421268225	-5.361667073078172	-3.7603383918308078	-3.7171874502960147	0.9435817264570896	1.8962463272879813	-0.562173717754104	-0.6321432192598713	1.137086882152359	0.14354960126448227	1.0
374000	-8.418682201039726	-8.08370105346791	-0.33498114757181474	-4.105683871823364	-3.978017181644547	0.9639420923293811	1.1277143701397352	0.042041607030963074	0.12209512693247124	0.9804300791216511	0.016698559928594734	1.0
375000	-11.44193971771783	-7.565152235895805	-3.8767874818220234	-3.986412819821929	-3.5787394160738764	1.8472501768600291	1.3403260886215378	0.13825283482107797	0.015911567062930093	0.4810742122567102	0.3738425956166949	1.0
376000	-11.877277584565343	-7.393324297646528	-4.4839532869188155	-3.5778975353177125	-3.8154267623288147	1.6994147651020788	1.260112662598557	0.014945174431297975	0.10736990574163746	0.31280583474811	0.5406984400175158	1.0
377000	-13.082803184228371	-8.431700355526514	-4.651102828701858	-4.788574531723478	-3.643125823803036	2.391113099088611	2.171589639688086	0.17245248998464918	-0.2694948937684728	1.0305622525364975	0.09218823510992534	1.0
378000	-11.008740460765573	-8.070659665251114	-2.9380807955144586	-4.627010456035453	-3.4436492092156605	0.6954226331105536	1.3130318070213998	-0.30859505124133685	-0.07950694361621419	0.9809614162954463	0.3484841242371137	1.0
379000	-11.144369805094438	-6.687884629496413	-4.456485175598027	-3.3357419470237644	-3.352142682472648	1.2327907929718902	1.3309310794425873	-0.2727872800910535	-0.5881466848600078	0.3369370617319169	0.37454517746709726	1.0
380000	-11.45963916416078	-7.8326839407508615	-3.6269552234099187	-4.61312717321592	-3.2195567675349417	1.0383518931410127	1.6179745662074905	0.3168864828426107	-0.36409096816475545	0.6283685172131203	0.30311692353451414	1.0
381000	-10.413837151783797	-7.835609473788988	-2.5782276779948092	-3.7751975497633943	-4.060411924025594	1.2904512299210413	0.9019521698849116	0.09848314717999473	-0.09770722313526585	0.2179806005629655	0.051188709312718454	1.0
382000	-12.317685023750752	-7.545299610963653	-4.7723854127870995	-3.6080332263437067	-3.9372663846199467	1.0178110288589686	2.2019950212148567	-0.33807010499547585	-0.021711902739087074	1.1804450694863449	0.5253221288195018	1.0
383000	-11.13920283349674	-7.1958193358561395	-3.9433834976406006	-3.283382296855071	-3.912437039001068	1.4554232806444931	1.0590096978773698	-0.5284247553087951	0.037535771398679946	1.4346746182451102	0.08089629847567274	1.0
384000	-12.122705240549003	-7.025400297380241	-5.097304943168762	-3.7025241748360873	-3.322876122544153	0.9816898913272137	1.8013313033517693	-0.604900530541299	-0.22193563325766127	1.762773172763434	0.1497577296762754	1.0
385000	-12.442679691058107	-7.644438374547097	-4.7982413165110085	-3.6280955598653692	-4.016342814681728	1.610149647797371	0.8639978801729999	0.05301931545160776	-0.707850101948106	0.26525977400518375	0.20018380930079496	1.0
386000	-12.460300860438313	-6.759597573309128	-5.700703287129184	-3.354309815173587	-3.4052877581355405	1.814934842252061	1.6332160988815567	-0.43052257540414546	-0.5858220438800306	0.8589014143725681	0.08694540893481699	1.0
387000	-11.207719187936153	-8.387863477376392	-2.8198557105597617	-4.091377629239584	-4.296485848136809	0.8200341077792437	0.8746722944701641	-0.6060933746242237	0.0192673796602994	1.101654347536365	0.1966261515279392	1.0
388000	-9.944929815081021	-7.998474823838612	-1.9464549912424087	-3.6481846043028563	-4.350290219535756	1.5170380272258799	1.0536055101953083	0.06863343598131177	0.2331410798907972	1.0337841708526496	0.03970741605018246	1.0
389000	-12.571848680060256	-8.931877644147225	-3.639971035913031	-5.381447885008464	-3.55042975913876	2.8576159550039777	1.2439569542409865	0.11231074729636253	-0.04124872506030558	0.9526450710131581	0.10313958326158926	1.0
390000	-9.23370836333435	-7.081126755471356	-2.1525816078629934	-3.2708979315973856	-3.81022882387397	1.5956515012563235	1.1111082175339515	-0.18144158711311165	0.025262769767791543	0.8121497559467782	0.08165780277301433	1.0
391000	-10.635193835442928	-7.342799157412228	-3.2923946780306994	-3.6755699611978097	-3.6672291962144192	1.1026134379504	1.9090886648095506	-0.07145994789395729	-0.00635923620314735	0.9816754162138893	0.21200955384366293	1.0
392000	-9.959646487056329	-6.933063698227609	-3.026582788828721	-3.466848215156865	-3.466215483070744	1.894096449058396	1.3458659600858636	-0.12532238932028392	-0.05003484635974112	1.2559938026645814	0.0788435808168002	1.0
393000	-12.185427577222885	-8.054044270155943	-4.131383307066942	-3.449016297006593	-4.60502797314935	1.277786812324029	0.7386300902894831	-0.09458412186768467	-0.9754006989509254	0.9123577225312043	0.43982148050711223	1.0
394000	-10.448889883708347	-7.834947425860634	-2.6139424578477115	-3.5735558074719433	-4.261391618388691	2.0843818485921863	0.8354774302282094	-0.19606792066385434	-0.09559102565081432	0.5093852386524083	0.10056723979815334	1.0
395000	-12.57919167068298	-8.677028791093914	-3.9021628795890653	-3.7921939771307662	-4.884834813963147	1.0196077026051946	1.2064266853205294	-0.0928666794337012	0.43210251052620374	1.2515965314811965	0.6557985132081329	1.0
396000	-10.175870178579606	-7.5201989816992985	-2.655671196880307	-3.393777493444374	-4.126421488254924	1.2801756289933892	0.8815163651302719	-0.1411900437421702	-0.09033190669065044	0.5891032446168648	0.20549549121948338	1.0
397000	-10.59949951821272	-6.821987479761429	-3.7775120384512912	-3.252898735003887	-3.569088744757542	1.606562806067842	1.1474943429694293	-0.20830835612901888	-0.1061405375934896	0.709155424202516	0.46805505926351204	1.0
398000	-11.20931193067375	-6.565436457328431	-4.643875473345318	-3.3152876939178504	-3.250148763410581	1.706232152763965	1.6688059975861593	-0.16631064328238893	-0.24273029689000702	1.270969366790838	0.3200538300510631	1.0
399000	-15.835379041302186	-11.037011262391571	-4.798367778910616	-4.954981918818401	-6.08202934357317	1.0106464389782648	1.3606046006085082	0.40815898620701097	0.6455496909187555	1.7999692171050228	0.47285796452261253	1.0
400000	-10.06974081895767	-7.3601984202949735	-2.709542398662696	-3.3453180640745117	-4.014880356220462	1.1988850170106045	1.0295182253530915	-0.3437493361490328	0.06572713492486743	0.9837350494496544	0.18585057814834896	1.0
401000	-12.437812516877177	-10.239103579452802	-2.1987089374243745	-3.3156706544556798	-6.923432924997122	1.8258699044116633	0.41389008461522386	-0.30173335595324413	-0.006933027120053649	0.9729374308983813	0.09523108511004366	1.0
402000	-13.53297115537261	-9.815287204817478	-3.7176839505551333	-4.74165413622563	-5.073633068591848	1.0772605016609955	1.320754757855051	0.370952027764461	0.4751965385769109	1.074515478295911	0.10962750319526351	1.0
403000	-14.782643576945706	-8.763093531757011	-6.019550045188694	-4.321866890052295	-4.441226641704716	1.0339038924472288	2.7032595768538816	0.21029594402284268	-0.31369263495119115	0.7739710214342592	2.101911185184131	1.0
404000	-12.03317257309941	-8.386368975745146	-3.646803597354263	-3.350567316710759	-5.035801659034387	1.3967310345678938	1.6319169870580064	-0.12030838340597398	0.4313548892480671	0.5233238881494521	0.2148371240457188	1.0
405000	-10.887971857167852	-6.703190441241569	-4.184781415926283	-3.4029812056806503	-3.300209235560919	1.5585021143913658	1.712721603307177	-0.06323731315735213	-0.4485806992510222	0.2521414707685433	0.1398608001264598	1.0
406000	-12.048527704831068	-7.519807949997428	-4.52871975483364	-3.3072713638606586	-4.212536586136769	1.6665448189702297	2.536562163660455	-0.15943366947246523	-0.38201011960942444	0.33898224889161666	0.30882740962042343	1.0
407000	-12.055563333803573	-7.668169755036937	-4.387393578766636	-4.307989765730701	-3.3601799893062356	1.4577681933170874	1.3078461647654005	0.29181408514113594	-0.5893504778201255	1.0385728635535807	0.11065117754388532	1.0
408000	-9.675622341813813	-7.274679360264413	-2.4009429815494006	-3.5142553853194984	-3.760423974944914	1.0810319930365277	1.423588491340493	-0.2948723752061419	0.11385344019758392	1.0895407320764336	0.046714487917964016	1.0
409000	-10.695280734698347	-7.598310414794122	-3.0969703199042247	-3.3653730802320045	-4.232937334562118	1.6340512752906184	0.792255401094821	-0.09925225443052621	-0.30101893603620855	0.9522084485561385	0.26151011949479114	1.0
410000	-11.571054170260728	-6.946381366113132	-4.624672804147596	-3.5577655574754194	-3.388615808637713	1.0647146330301689	1.616059623010463	-0.26249029793153555	-0.5806337805554985	1.6222212502823556	0.201252318446256	1.0
411000	-11.337932654751844	-8.408803715603142	-2.9291289391487023	-4.561356517210345	-3.847447198392797	2.2259153262121467	1.2250818457918367	0.17847648255061904	0.1093882496084645	0.6380899269164709	0.10982811951995994	1.0
412000	-13.050205159037718	-8.788042971225106	-4.262162187812612	-3.667946152429539	-5.120096818795567	2.173799644882912	2.2875026485567473	-0.3595612641562232	0.280779351684844	0.5121471801429999	0.07425328978172793	1.0
413000	-16.632084259709934	-14.00807035310294	-2.6240139066069927	-9.70042650755336	-4.30764384554958	0.2636938378959253	0.753827943996374	0.4616586050884466	-0.5319160527585431	0.9877663418662314	0.4537774910581505	1.0
414000	-11.702129779378366	-6.989804330901849	-4.712325448476516	-3.340481699376744	-3.649322631525105	1.2180886678628933	1.0846918974831465	-0.2942905289502913	-0.1158295231314391	2.645926679323697	0.224099590444221	1.0
415000	-9.613528866843927	-7.0597069766032945	-2.553821890240633	-3.6550101872492777	-3.4046967893540163	1.0807971806111598	1.473858211272262	-0.11638197714270904	-0.06356813200121653	0.3027340268546184	0.07721928905678101	1.0
416000	-11.05648829447562	-6.805436232437202	-4.251052062038418	-3.555328767586327	-3.2501074648508745	2.074084957791348	1.377969912180464	-0.20842252699738312	-0.4678727521258768	0.6454192045309217	0.06347321543472736	1.0
417000	-10.922505159419774	-7.372311727888048	-3.550193431531725	-3.6172673000990683	-3.7550444277889796	2.1399358187033704	1.0083891745214801	-0.2270498547565422	-0.14655636939764988	0.22186085798816219	0.09070323184011285	1.0
418000	-9.26515506445823	-7.336103419323915	-1.929051645134316	-3.6062211172508887	-3.729882302073026	1.4536791316955202	1.1503691733431072	0.048230409245791306	0.008962019590905979	0.8198352125559384	0.08586029828017856	1.0
419000	-12.769548009569558	-8.333267596682047	-4.43628041288751	-4.839438008557336	-3.4938295881247114	0.6418585742054552	1.905978419436421	-0.7968624151304075	-0.1105856021155143	0.5058321663764117	0.4892016870036295	1.0
420000	-10.70260975750461	-7.661848455151768	-3.040761302352842	-4.13038946525277	-3.5314589898989976	2.0642645422822663	1.4343230554233053	0.11536380644105432	0.008589498756696734	0.5716654029826045	0.1404089800723184	1.0
421000	-10.413611658006388	-6.789131571496172	-3.624480086510217	-3.4951402770875957	-3.2939912944085767	1.1523301683595286	1.2700944978099142	-0.1708932306703056	-0.2981829013967877	0.8627240088425815	0.4867887728055848	1.0
422000	-12.784257089858539	-8.356917950805666	-4.427339139052873	-4.919590851370092	-3.437327099435575	2.818404575152895	1.1341291312532147	-0.4975336434501285	-0.29321431430207084	0.44087462267621574	0.16933774025937637	1.0
423000	-12.131259784496178	-7.749694052971019	-4.381565731525159	-4.4283037519271575	-3.321390301043862	2.3379119664200743	1.317806801481553	0.09615317749384461	-0.19117725036938701	0.8998174927360957	0.3604348881357377	1.0
424000	-10.980329679163054	-7.853141946505399	-3.1271877326576543	-3.699777337860327	-4.153364608645072	0.9719840330522651	0.9515430313028821	-0.34436758893898856	0.0533754466232329	0.41101489239932587	0.2076358554348292	1.0
425000	-12.544913946297285	-8.844725253290916	-3.70018869300637	-5.371312920029396	-3.47341233326152	2.1758060060046236	1.7221358901732837	0.36006712255536116	-0.04696145122455589	0.3369374274714495	0.04413672712240875	1.0
426000	-10.847224733216002	-6.852200354526106	-3.9950243786898962	-3.527225337330359	-3.3249750171957473	1.907329124381026	1.7441137514523828	-0.0866577186339603	-0.45584380747819464	0.5700993137549349	0.062350379073541434	1.0
427000	-9.728858495918605	-8.40213780082357	-1.3267206950950343	-3.488170622292262	-4.913967178531308	1.290044976047718	0.6539227445035243	-0.05861067804983622	-0.20026396963371562	1.2897123528293482	0.0545562692564164	1.0
428000	-12.175072035887641	-8.782043190012313	-3.393028845875329	-3.2763678335066815	-5.505675356505632	1.7591651144723255	0.5299972675108385	-0.2877763649219659	-0.4816243369451867	1.0653664465045722	0.24981943812363558	1.0
429000	-12.476359838194812	-6.990358074138081	-5.486001764056731	-3.5119892249017064	-3.4783688492363747	1.4353279030931883	1.307950901435939	-0.7062233786061873	-0.6893402555518195	1.301292968693855	1.234292035925365	1.0
430000	-11.474745973601651	-8.976776910083496	-2.4979690635181555	-3.910145359975974	-5.066631550107521	0.8786663010944795	0.6226070487698099	-0.5400801058354576	-0.22215995702523628	1.3958692134123196	0.17570160457038164	1.0
431000	-10.097873638192171	-7.830891334862986	-2.2669823033291854	-4.146012120310779	-3.6848792145522067	1.9476680292899573	1.056856611441456	0.15878926299854818	-0.12601061227817356	0.823323982410938	0.0634763294745601	1.0
432000	-13.043163215414781	-8.890916883513743	-4.152246331901038	-3.6218277481805607	-5.269089135333181	2.0957981881744443	3.1248697924646534	-0.151675394257956	-0.14081563482233672	0.6725887384689132	0.11308350388015345	1.0
433000	-11.355551993707698	-7.345148120134972	-4.010403873572725	-3.5657523937325752	-3.7793957264023965	1.2406453166417144	0.9449833869379468	-0.03308213855154318	-0.6155579587273379	1.8611371019088072	0.1680405753520327	1.0
434000	-10.707505735279277	-8.244823725864151	-2.4626820094151247	-4.515761269373012	-3.72906245649114	0.7510464416540189	0.964995964453904	-0.14521627622072092	-0.3101760379754146	0.8514744780270977	0.24797008272591264	1.0
435000	-9.701595627941753	-7.10354985104745	-2.5980457768943035	-3.874082671981058	-3.229467179066392	1.0887218964723229	1.6596418688704693	0.04274640885086055	-0.3091268961892633	0.4922339190825897	0.0570636421274326	1.0
436000	-10.697295115640957	-7.449286385846321	-3.248008729794636	-3.57223288297721	-3.8770535028691113	1.0748598315512703	1.697246535719382	-0.21507491380208876	0.13619539498034783	0.9418417117157992	0.2322047731874659	1.0
437000	-16.08600268006082	-12.691932960781942	-3.394069719278876	-6.208777437768896	-6.483155523013046	0.4550781226539683	0.48197166878086367	-1.2254494492617665	0.13884481052412662	2.1518227818887277	0.3661000566825077	1.0
438000	-11.567467327956702	-7.591633555764243	-3.975833772192459	-3.722285809550323	-3.8693477462139203	0.9597155573836526	1.1576393575497994	-0.5490909350017074	0.08813034347977156	0.6438625328421153	0.7272387827484322	1.0
439000	-11.85000927572858	-7.0831168063689685	-4.766892469359611	-3.245361674695062	-3.837755131673907	1.6057806137336799	2.0775999593576135	-0.2200001363735664	-0.5808148163060677	0.5834805561005705	0.09268983127402687	1.0
440000	-11.86097605277238	-7.004625539359219	-4.856350513413159	-3.603460284964581	-3.401165254394638	1.9701500952310347	1.5583840677315186	-0.07073044669363837	-0.6092128301036177	0.6389169395712295	0.07756420030903288	1.0
441000	-11.160742547170472	-7.888354931706944	-3.2723876154635283	-3.4148092747343606	-4.4735456569725836	1.1514935295744988	2.4355467830252344	-0.2932838053500491	0.06351032651885075	0.7087616997115429	0.1103061756776337	1.0
442000	-13.670578018022233	-9.159129113670778	-4.511448904351456	-5.579720461774006	-3.5794086518967725	2.8510061036699383	1.3221128308164298	0.1622189338388692	0.010871003398924488	1.3280815436553945	0.08585045779310396	1.0
443000	-11.347047953895693	-7.19957910821079	-4.147468845684903	-3.8768132759378804	-3.322765832272909	0.9210387771203111	1.5242484253677082	-0.23929989976031132	-0.5571036423958504	0.3629553382697313	0.2893200025633552	1.0
444000	-12.47673522199232	-8.89146096148934	-3.5852742605029793	-5.4071156679297	-3.48434529355964	1.9907399171028521	1.4572298942194182	0.41614975155054335	-0.015268303580972174	0.7814083533770284	0.09602032251899698	1.0
445000	-11.969360478641082	-8.519054943056322	-3.45030553558476	-3.3810210208968625	-5.13803392215946	1.211017691846744	0.5863231109416391	-0.5496303702232295	-0.46218044123264634	1.6473787156803401	0.28623383985325185	1.0
446000	-11.635437236579332	-7.1296462871144515	-4.505790949464881	-3.345653053256955	-3.7839932338574966	1.8620219297360006	2.283997502053657	-0.3414463295576085	-0.28480115123123306	0.9132273784442702	0.08386607992251223	1.0
447000	-11.663617812184459	-7.469816171185105	-4.193801640999354	-3.9248051751875104	-3.545010995997594	1.0271126449711174	1.4531636771300105	0.011232186444960157	-0.7216288119217724	1.2997716278017037	0.24501080382216742	1.0
448000	-10.013515237714971	-6.740684326513897	-3.272830911201075	-3.498611434689187	-3.2420728918247104	1.2616891504658938	1.6884894250578257	-0.06671774546504067	-0.346485266145588	0.4806529313492584	0.15875273826313424	1.0
449000	-10.310622002308097	-6.7123779979334754	-3.598244004374622	-3.266056367728801	-3.4463216302046744	1.7392532806937275	1.108847687056657	-0.3426430610511658	-0.4063926539464495	0.6967486744522756	0.12279345280941881	1.0
450000	-12.743766104576089	-8.426916072797631	-4.316850031778458	-4.732011268315804	-3.694904804481827	0.6578574903359815	1.647347819803465	-0.6998869123448108	0.07648263254296168	1.355875747846856	0.11810953162896713	1.0
451000	-9.426512297785008	-6.923553776375056	-2.5029585214099526	-3.558186094281539	-3.3653676820935168	1.0449062970988547	1.4099554314558134	-0.3383193815669436	-0.10392698127666888	0.8286465144663001	0.050391108131570835	1.0
452000	-8.998914452256948	-6.6856236032936405	-2.3132908489633066	-3.421999511953274	-3.2636240913403665	1.514230527001167	1.3952816730185218	-0.04992160870940321	-0.21703107172852987	0.8758291658004088	0.06646510470690128	1.0
453000	-8.367688032198974	-6.883751905029267	-1.4839361271697062	-3.508422754139705	-3.375329150889562	1.3346550924198541	1.258385508772215	-0.026687775255656333	-0.17908894358802063	0.8255769311973772	0.03539579127428662	1.0
454000	-17.06599446190051	-11.283195997920256	-5.782798463980251	-5.1347090525178185	-6.148486945402438	1.0238730844989758	1.0308430408361202	0.4606822475210379	0.6758253912269467	0.46796685517925884	0.08515484917608208	1.0
455000	-9.564744703241836	-7.19036193388953	-2.3743827693523043	-3.7752645784410666	-3.415097355448464	1.1240978124922334	1.1550611911545532	0.015459123456452034	-0.2825580675047217	0.7435762481933113	0.12653854181344684	1.0
456000	-10.799888109944746	-7.123843441938702	-3.6760446680060452	-3.249488727125195	-3.8743547148135065	1.7097673545560073	1.6518009634710638	-0.32356494998215385	0.14298503949608143	0.288044285186468	0.03775547903710445	1.0
457000	-11.257718762465785	-6.738909087674294	-4.518809674791492	-3.4684559698266746	-3.2704531178476195	1.121794859299968	1.6917367474045282	-0.5542446395234397	-0.21938654255999904	0.2791142396973327	0.2657888069179196	1.0
458000	-12.997606365508243	-10.387947068696203	-2.6096592968120396	-3.842393080892255	-6.545553987803949	0.9035160070413198	0.44332731955766785	-0.5132207021083193	-0.07670581841974267	1.5927404625378658	0.054625471534127126	1.0
459000	-10.345727083201144	-7.9453261379808	-2.4004009452203445	-4.394272344372833	-3.551053793607967	0.7699498402477546	1.5973634495877964	-0.19439963940266897	0.018246566052332644	0.924220229209928	0.14778615748184037	1.0
460000	-11.446688164242225	-8.264748638671211	-3.181939525571014	-3.265628949869617	-4.999119688801594	1.51789673633175	2.7726383651761553	-0.18163113856298588	0.04896943724481198	0.41182476342054736	0.09159522008987529	1.0
461000	-10.666457599884538	-7.89836438687122	-2.768093213013317	-4.661610711068391	-3.2367536758028295	0.7245902974185396	1.390583368860486	-0.11259947640807721	-0.4454823926164337	1.0109869845086188	0.15349097323480232	1.0
462000	-9.323973554439345	-6.886745903262079	-2.437227651177266	-3.61992164718386	-3.266824256078219	1.7977536946785548	1.6361883794277674	0.009818107255931477	-0.19773881581071734	0.45507565028435565	0.05552657985364085	1.0
463000	-12.139393124267201	-8.618940392273467	-3.520452731993733	-4.713115819474983	-3.9058245727984846	2.509940398822649	1.1987566415814648	0.10115382319749339	0.12472942233995758	1.1521787113855955	0.0856235352419426	1.0
464000	-9.479801856336449	-8.509022184693384	-0.9707796716430654	-5.113467479000546	-3.395554705692838	0.6557892467320556	1.36778390253605	-0.011051566575437453	-0.093220973771582	0.901523891099093	0.050488779141701426	1.0
465000	-11.080162937361612	-8.618538872727957	-2.461624064633655	-4.704794275296535	-3.9137445974314224	0.8907935027442222	1.1347550467220473	0.24626819778836034	0.09622936252221698	0.3231899689501528	0.051102973608493696	1.0
466000	-10.56690425911659	-7.662843507635189	-2.9040607514814014	-3.272554097758145	-4.3902894098770435	1.4769677305972437	1.8234297599265148	-0.1776005172881312	0.2566908160118532	0.5332691880756696	0.03421540737773584	1.0
467000	-12.91414596258663	-6.700213201531756	-6.213932761054875	-3.2503934873444833	-3.4498197141872735	1.3733723271913667	1.9552174550997774	-0.2551932374561796	-0.39577604858136034	1.1442978606051575	0.024361494542789734	1.0
468000	-8.67013924289978	-6.889445379525724	-1.780693863374056	-3.5338004859847687	-3.3556448935409553	1.3421821639830978	1.4893404916008752	-0.008946816393861821	-0.09795566841596662	1.0308557743365578	0.049103981719669704	1.0
469000	-10.239360273919896	-7.864645288516005	-2.374714985403891	-3.7542354736088708	-4.110409814907134	1.9300025738373858	1.0826846292272783	0.025940875860053475	0.1537848959077745	0.5576655940338401	0.0860772698382114	1.0
470000	-13.109940346327233	-9.123739705255538	-3.986200641071696	-5.875193880703151	-3.248545824552388	0.6645498270232295	1.332200041655346	0.4020241746632789	-0.31601189141039243	0.26695414405564005	0.14931670959376575	1.0
471000	-13.049957546667237	-7.883807966635795	-5.166149580031442	-3.824489964945358	-4.059318001690437	1.6066521589708156	1.0177899565512762	-0.8034214123891674	-0.9523151755715478	0.6315974782965472	0.7032997070965624	1.0
472000	-10.386170037504616	-8.528917110237177	-1.8572529272674378	-4.999791942222565	-3.529125168014613	0.687142074690897	1.5349683354856487	0.01943270035019798	0.011459989731572473	1.7388112482816176	0.06444131166844869	1.0
473000	-10.712145891655144	-9.20328586824766	-1.5088600234074838	-5.555994085366029	-3.6472917828816307	0.5401497608631511	1.2991796924000678	-0.2701045941775878	0.039844798963927675	1.240784236935654	0.06195615807890253	1.0
474000	-10.832606697974018	-7.790227489786714	-3.042379208187305	-3.3126895637802516	-4.4775379260064625	1.4400618107279561	2.169200088751795	-0.14267527533605018	0.17726368180969304	0.56552944061114	0.10932384977315307	1.0
475000	-10.960123935605804	-6.993682047527111	-3.966441888078693	-3.3513305191017175	-3.642351528425394	1.3980153439197507	1.6327953600427496	-0.5964346216250774	0.05635191187305333	0.5822659570478897	0.17906520222956102	1.0
476000	-12.655891449519668	-6.537605197302197	-6.118286252217472	-3.2880359000314656	-3.2495692972707317	1.579070257786435	1.425834925165589	-0.15934750554107543	-0.2233574353333742	0.19686663302158977	1.5120908168007132	1.0
477000	-13.098874946594504	-7.793404626210037	-5.305470320384467	-3.6047474221046136	-4.188657204105423	1.5513672025407435	1.3996187980932873	0.04768756731683116	-0.9918677303778928	1.1929322178033095	0.5575750911465454	1.0
478000	-10.507010416306038	-7.3162948236737915	-3.1907155926322455	-3.2333298894788243	-4.082964934194967	1.3695628398221	1.9437903844353426	-0.30523416747327103	0.1409390950677289	0.8487638039565271	0.08820355120652625	1.0
479000	-9.714821236665836	-7.532817874176649	-2.1820033624891875	-3.95461970022272	-3.5781981739539286	2.306719534542281	1.6637315472371357	-0.08656819868370769	0.02205143940899948	0.6492260266662844	0.04096910898873167	1.0
480000	-11.60875261929849	-7.362522625935727	-4.246229993362764	-3.3840847315242137	-3.9784378944115133	1.2212845480118575	2.3262205708498214	-0.21067647192178465	-0.45975660962556414	0.31372014507534884	0.16766150514076958	1.0
481000	-12.009051841048366	-8.776229088846396	-3.23282275220197	-3.8953307060608364	-4.88089838278556	0.8880760933506249	0.875755609364466	-0.5803938817620078	0.300000206040539	0.8909265104677648	0.13187510392624777	1.0
482000	-13.607291100809148	-9.212912109212798	-4.39437899159635	-3.7107760729368024	-5.502136036275996	1.5573572849570116	0.6386556110109058	-0.7739185663451339	0.1775504704356019	1.0092252599283957	1.0644314899564706	1.0
483000	-11.824199122783224	-6.527045993631039	-5.297153129152186	-3.216493574933115	-3.310552418697924	1.4478224354132825	1.7773169969609135	-0.41730923284120824	-0.4038937196826542	0.15422058642845532	0.15593598128616334	1.0
484000	-10.070340998888692	-7.026939830263942	-3.043401168624751	-3.308376741798817	-3.718563088465124	1.482163098915352	0.9676793701559682	-0.1392341024161915	-0.3202893514906176	1.5829711832283768	0.08307766875722947	1.0
485000	-9.310133327732688	-7.382595703145581	-1.927537624587107	-3.582975540864706	-3.799620162280875	1.0586054950282693	1.2691246027923921	-0.2388135861414259	0.1031715708683506	0.8569276902649234	0.01982136076177818	1.0
486000	-9.348810055379523	-7.461177726056945	-1.887632329322578	-3.574909788484434	-3.8862679375725118	1.3197710234131186	1.6420088692307	0.00759924465396721	0.14853245660381287	0.28590780756104567	0.022565494288826364	1.0
487000	-10.610605873573789	-7.16356647255788	-3.4470394010159082	-3.8130631549566236	-3.350503317601256	1.0353017511905864	1.8723584475167723	-0.053367542523488354	-0.3254001081379124	0.47809644516200633	0.22297686552942764	1.0
488000	-9.22895770017923	-7.409347531799695	-1.8196101683795343	-3.693194555653876	-3.7161529761458194	2.0279924551891266	1.5469980763905196	-0.04911887556200312	0.09598422184709979	0.5712485268274116	0.03525212429552745	1.0
489000	-11.223931383917469	-7.15574792791249	-4.068183456004979	-3.7419298992335417	-3.413818028678948	0.9472057423057738	1.9365505385763144	-0.5221825401874647	-0.36077049667137656	0.8725289697475568	0.2749925249137586	1.0
490000	-10.19535402373348	-6.665368601456199	-3.5299854222772797	-3.22458685931164	-3.4407817421445586	1.6245499864175037	1.900744970595548	-0.2770178419738806	-0.15454304344534345	1.0722834763276914	0.03826706303682704	1.0
491000	-11.618557826231427	-6.987701489474992	-4.630856336756437	-3.2531406571659187	-3.7345608323090724	1.3431318742597673	2.0210393779834424	-0.44882057501218	-0.5656335185756721	0.6350963779368848	0.17437620730329778	1.0
492000	-11.97898717631135	-7.999133156003923	-3.9798540203074273	-3.338015406741346	-4.661117749262577	1.8134539571316548	1.415961779412714	-0.408157377358538	0.3814267161631386	0.734242877654291	0.13534695664567925	1.0
493000	-9.409820544627772	-7.581320634372627	-1.8284999102551447	-3.7048762717080774	-3.8764443626645493	1.3475945436665666	1.9304637146885197	0.08027589440281635	0.07517739348248295	0.489577706660694	0.04119309729547946	1.0
494000	-12.293025078376907	-10.017393362278424	-2.2756317160984825	-3.9511484840353286	-6.066244878243095	1.3070098807737813	0.4832474989133369	0.17350848192272283	-0.19248402380972202	0.9247590246724978	0.216711606284056	1.0
495000	-8.93010236033399	-6.834240811885779	-2.0958615484482115	-3.576475389717314	-3.257765422168466	1.3065178083737372	1.6793809517463134	0.003937027179174629	-0.23445036012696202	0.6897670204322044	0.038317061276841875	1.0
496000	-13.411193568843546	-8.8509051719799	-4.560288396863646	-4.1761069115537754	-4.674798260426123	2.2736386443634298	0.9640730110004166	-0.600876175512097	0.29601633461735893	0.9526853533073002	0.1737928830630411	1.0
497000	-16.66186579447319	-11.184543142293816	-5.477322652179374	-7.971552490466223	-3.2129906518275932	1.6881216883753425	1.4112191736509214	0.7986740830210693	-0.34550651287641715	1.2383901538953326	0.2136203665896567	1.0
498000	-8.819358894401283	-7.435046202614561	-1.3843126917867226	-3.5185641208777625	-3.916482081736799	1.227757355683498	1.9021765790788903	-0.07426440497523318	0.0988917000401871	0.38970731114632134	0.019088507186354298	1.0
499000	-11.107014678674812	-6.923921987396694	-4.183092691278118	-3.393483949775744	-3.5304380376209497	1.2334230518201623	1.1165379941615832	-0.587160148450113	-0.18643518041889756	1.7608949953868456	0.18221666624007016	1.0
500000	-15.135649829890692	-11.194048591189267	-3.941601238701425	-5.338116404748135	-5.855932186441132	0.567511877354251	3.4300705946456027	-0.31077348023039364	-0.23123987938320312	0.37993860515431965	0.04034154908302753	1.0
501000	-11.865533354962302	-7.546613627738851	-4.318919727223452	-3.7126188906658255	-3.8339947370730254	1.0085647799047777	1.549420066251796	-0.6862020794806125	0.14070288952335616	0.7743327081266163	0.694620908515099	1.0
502000	-10.26351482968204	-7.79149396341545	-2.47202086626659	-4.268867275154687	-3.5226266882607633	1.3645375968618931	1.3429579324507868	0.2821175428578316	-0.015329715220577994	0.9466596347417973	0.023051363009174246	1.0
503000	-10.722043539828784	-7.0626570741293015	-3.659386465699482	-3.345217465721241	-3.7174396084080605	1.2559976400519224	2.231365813425807	-0.22055619994520242	-0.25641133885617234	1.1068249980813143	0.07245157313189127	1.0
504000	-10.785788299923329	-6.930248125699691	-3.8555401742236377	-3.496152547159332	-3.434095578540359	1.3965829945782287	1.9214524283896801	-0.01737983844648594	-0.1806327474430613	1.7378273646278193	0.05174437869585744	1.0
505000	-10.951428846084326	-7.367058432870476	-3.58437041321385	-3.8071999464825987	-3.559858486387877	1.0285948355700287	2.0644109836843887	-0.06717696105355522	-0.39121839141764836	0.7026581574631666	0.22809453948914987	1.0
506000	-8.003930708430444	-7.371187589210606	-0.6327431192198385	-3.844014810499709	-3.5271727787108964	1.1094472538647135	1.5793898663735686	0.0429854425496414	0.007868345090553092	0.46750024887434954	0.01765083479498788	1.0
507000	-11.455276268102827	-9.99282538864474	-1.462450879458087	-6.143616135260625	-3.8492092533841142	0.5110864114009367	1.6073467846693341	0.0681494036494788	0.14039978396260466	0.9152408725069789	0.06948007364515371	1.0
508000	-12.185008521663558	-8.06966551021227	-4.115343011451288	-3.344755464349504	-4.7249100458627655	1.8364027276200485	1.8337502077085401	-0.3900852998586424	0.3295595274707813	0.4549345224515431	0.09171774365081861	1.0
509000	-11.265013398608666	-7.449176087374063	-3.8158373112346036	-4.179080703684354	-3.2700953836897084	2.0162874781369013	1.3329491547292276	0.14694021250150724	-0.47843494822411736	0.6944569966829391	0.12229172971284795	1.0
510000	-12.605247471637023	-8.303746916828548	-4.3015005548084755	-4.573301180156719	-3.7304457366718284	0.7320544047327179	1.049896012689602	-0.9264454193899824	-0.09698849026620615	0.5307657190187073	0.677362604716286	1.0
511000	-9.564153865259636	-6.917344395539371	-2.6468094697202647	-3.6913966029156766	-3.2259477926236944	1.24789445804431	1.3830812604584608	0.04343627242374909	-0.3139503855498532	0.9001705384667572	0.10615142035578988	1.0
512000	-9.86777297303233	-7.462105073925831	-2.4056678991064993	-4.076295145578493	-3.3858099283473377	0.8779393757298279	1.157643229142857	-0.14529751289693862	-0.37679511350097167	0.8008971021670945	0.08257176945474333	1.0
513000	-12.453034270873061	-8.09998174006246	-4.3530525308106	-3.684892133654513	-4.415089606407947	2.0894924956970775	0.9764991996945419	-0.48262304950356383	0.20611962151956326	1.2338191598730937	0.24329765027526853	1.0
514000	-9.569596344617215	-8.341980886925608	-1.2276154576916076	-4.068425779751653	-4.273555107173955	1.194358178358775	0.8569543179235545	0.18915088482145953	-0.032412813951033737	0.8144623116979084	0.04503450994266707	1.0
515000	-12.330489151482379	-9.126221084419848	-3.2042680670625296	-3.236366004614797	-5.889855079805051	1.3539018153319282	0.6804478601715789	-0.40434847153511305	0.43253766766568574	1.0284980151443364	0.12280169049218852	1.0
516000	-9.352069086194199	-7.300897168518528	-2.0511719176756698	-3.497025617012862	-3.8038715515056656	1.4261670850820043	1.3369342160744375	-0.011695592937345456	0.12118951451009219	0.40127999120512686	0.05785702991929823	1.0
517000	-12.382382540673536	-9.153213647256099	-3.2291688934174374	-3.626378965893041	-5.526834681363057	1.07451794178826	2.558188830834083	-0.1532777565736423	0.2659524978673198	0.3181154289954737	0.04616256933292997	1.0
518000	-11.497061232377476	-7.72680736616665	-3.7702538662108256	-4.463155264370606	-3.263652101796044	0.8081255795181352	1.3140340707594005	-0.010621339050109965	-0.2987429545705404	0.2425704299853716	0.19255818109109946	1.0
519000	-12.9072594837606	-9.483955999725463	-3.4233034840351366	-5.765096369630065	-3.7188596300953973	0.7484932099304732	1.810639198419328	0.4751211841999554	0.05045258164972588	1.0385248804133456	0.06674033302873589	1.0
520000	-9.536439792236532	-6.50332304037676	-3.0331167518597724	-3.270494478660886	-3.2328285617158743	1.3066447958226786	1.6110253558614698	-0.2920201814487256	-0.24580301638765983	0.621944258145636	0.05391581902095027	1.0
521000	-9.581063558871897	-7.346068367160429	-2.2349951917114677	-3.9883409112863966	-3.3577274558740324	1.0687835178444576	1.2355301820610718	0.0868518516099222	-0.2290158538297219	1.3534225224318983	0.08446144433369368	1.0
522000	-12.364474117872081	-8.860881083068334	-3.503593034803748	-3.5255313972862092	-5.335349685782124	1.6718823545294772	2.5881246885829094	-0.005959247322914307	0.21804315530734886	0.22315596380745908	0.07372938204424126	1.0
523000	-12.413657587564467	-7.591777347214718	-4.821880240349749	-3.7404638868520514	-3.8513134603626664	0.9450896435005248	1.3886027954000424	-0.4463219576434565	0.14676818583236678	0.8507139396193484	1.8509712329161092	1.0
524000	-13.710901013923248	-8.760513930011818	-4.950387083911431	-4.31365472734827	-4.446859202663549	2.4767723505185493	2.696586402810649	-0.02313495269217956	-0.339904780836001	0.26063382337787955	0.019152153840086093	1.0
525000	-12.508684712648837	-8.6719553368727	-3.8367293757761365	-3.229493466944088	-5.442461869928611	1.561744302485274	3.236039889449436	-0.23730277900577096	-0.23514471588973618	0.540360349324534	0.08091251834474082	1.0
526000	-17.46938627217982	-10.135624448771908	-7.333761823407912	-4.886270031865225	-5.249354416906684	1.086338509552897	1.6847721151705712	-1.2652949302844108	-1.1465351242267812	0.9984520498040181	0.4003234788856819	1.0
527000	-11.71574391318806	-7.7391612985301546	-3.9765826146579064	-3.93799614232495	-3.8011651562052045	1.9544464599006717	1.5413637454237838	0.08949776027987194	0.12925944526636962	0.8405643741756512	0.3049399213265519	1.0
528000	-9.687237615177857	-7.393856147467362	-2.293381467710495	-3.437889435413813	-3.9559667120535487	1.257014877942659	2.0482496327202893	-0.11794275951104154	0.06122215639452755	0.5819685266698406	0.06860173747285188	1.0
529000	-11.603389043761961	-7.597593865684856	-4.005795178077106	-4.125753394527477	-3.471840471157379	2.3056318180343545	1.9880278144302812	0.00328688648308708	-0.37963428638737795	0.2772232239578991	0.09769058564162746	1.0
530000	-12.007808865217413	-7.21232792523871	-4.795480939978704	-3.702759438879321	-3.509568486359389	1.7560013250469757	1.2537229234382878	-0.6948426869471404	-0.06363979896976668	1.212909278346383	0.15870722878355303	1.0
531000	-9.778454103940856	-6.847742606290785	-2.9307114976500714	-3.6349066818539493	-3.2128359244368356	1.7555786383197098	1.4497629475500913	0.02861804422686319	-0.2920653958505825	0.35590247140494297	0.03390444157502992	1.0
532000	-12.830642553229936	-7.685688874966696	-5.14495367826324	-4.401231173564116	-3.28445770140258	2.283835432260317	1.6543015542905841	-0.6753111375361183	-0.46737926315799166	0.49365681376225123	0.2590129638478724	1.0
533000	-10.031241557076884	-8.531982004092672	-1.4992595529842123	-3.410225333316138	-5.121756670776533	1.2747856684600425	0.691661112141844	-0.12967033921807683	0.11072737428292914	0.6924377874911053	0.07144645143086038	1.0
534000	-12.490923226435253	-7.747618271096882	-4.743304955338372	-4.392713465222601	-3.3549048058742805	2.1137293376319173	1.875954926218846	0.17421338092213517	-0.33470925052490536	0.9850229656760868	0.02840033324411473	1.0
535000	-10.137477130018844	-6.881390549076752	-3.2560865809420934	-3.553771893898524	-3.3276186551782274	1.0395973664563245	1.3223281875418094	-0.4082756137261934	-0.18026271878164885	1.4808278347174262	0.08538168208950364	1.0
536000	-12.031587605027637	-7.512592040081804	-4.518995564945833	-3.238033383756537	-4.274558656325267	1.6718482840278885	2.6059337576127017	-0.36215882544900324	-0.20558669083588316	0.9182479292882596	0.0691556200285134	1.0
537000	-9.780037861037668	-6.992302826312597	-2.787735034725071	-3.5455042110377244	-3.446798615274872	1.9895825529710602	1.1579379519409183	-0.12578363841172563	-0.2219623684483087	0.7665003245965689	0.09743506983033695	1.0
538000	-11.419597464243205	-7.951964903554499	-3.4676325606887057	-4.4989421636928055	-3.4530227398616935	2.343202858899211	1.2825520631292855	0.11503166155279468	-0.08856800081394012	1.1296108570533123	0.09724097121029295	1.0
539000	-10.673393000181289	-6.5505125668556525	-4.122880433325635	-3.2932583522511347	-3.257254214604518	1.6952231820949306	1.3086198496989092	-0.45222690902305185	-0.3425935617096882	0.4109877213784435	0.10639277128068773	1.0
540000	-9.743470221206518	-6.924026036417129	-2.819444184789389	-3.2869687603372304	-3.637057276079899	1.2615233477987344	1.0883601475637101	-0.39202598512407727	-0.12153240998107104	1.1907420545009624	0.09490850939282792	1.0
541000	-13.93948051963405	-9.617063883905384	-4.322416635728664	-4.6271296807076565	-4.989934203197729	2.817748226465228	0.6066144890579069	-0.25020112297316394	-0.5767706384332456	0.4914254789089427	0.21126690032728018	1.0
542000	-9.8107289474085	-7.391858798413269	-2.41887014899523	-3.7554212972387635	-3.6364375011745054	1.2178264648148034	1.9606993719634829	0.06279423010497857	-0.04582804321109696	0.5810686472248608	0.09213337843865776	1.0
543000	-9.53959609406347	-7.0502961341517825	-2.489299959911687	-3.2720348200379155	-3.778261314113867	1.4637472592732361	1.0376632795945713	-0.18072674252191873	-0.07638282357116616	1.7848012061465093	0.0464903701573926	1.0
544000	-12.046194208684799	-10.818576392660162	-1.2276178160246358	-5.276123556436752	-5.5424528362234105	0.591475953984742	0.658348661248014	-0.19475245101014552	0.24902302100273557	1.1406752910275546	0.10604693600099917	1.0
545000	-9.711447374209019	-7.208422619612609	-2.50302475459641	-3.4244546648733767	-3.7839679547392326	1.2507224031915924	1.032797043930188	-0.1350527827887193	-0.07904292438511515	0.30241557578143735	0.07587258214950034	1.0
546000	-13.013229553764136	-8.460653956129391	-4.552575597634744	-3.7295637337493077	-4.731090222380083	0.949827449889734	0.6626259024666843	-0.45551595610655726	-0.4176915112265082	0.27562451579749186	0.09175069417289307	1.0
547000	-9.129778431844688	-7.114960850084046	-2.014817581760643	-3.559560392284186	-3.5554004577998604	1.1007442804322942	1.1499836218273634	-0.18000485196904292	-0.11513865565004844	1.3078658879496745	0.08117451544380215	1.0
548000	-10.065116231116372	-7.487978844572702	-2.577137386543671	-3.66358835123462	-3.8243904933380817	1.5305070125184186	2.177852702870899	0.07491267386198425	-0.06706564123204396	0.5065599535457807	0.07690371899593378	1.0
549000	-9.4366050198954	-6.572915601133721	-2.8636894187616795	-3.32889049850207	-3.24402510263165	1.3766192483381834	1.3418658926561493	-0.14807456251220338	-0.3137978976395271	0.7544112183865969	0.12721554659027057	1.0
550000	-11.250484300396273	-8.073654822899266	-3.176829477497008	-3.494426381910284	-4.579228440988983	1.2689627164156632	0.9728854984763294	-0.06548491032609216	0.26754857215420635	1.6657164030936813	0.21133176726208866	1.0
551000	-11.01621586156085	-8.369310733387582	-2.6469051281732683	-4.0535301488527695	-4.315780584534814	0.8277650286285881	0.9357836842534055	-0.5066867618559224	0.12077853597130295	0.9205823102991916	0.113067870892784	1.0
552000	-9.606754686498528	-6.849062565196153	-2.7576921213023744	-3.43806049096578	-3.4110020742303733	1.933714751259933	1.607127492061394	-0.18847459894021973	-0.062477114190960616	0.272335296657475	0.04637436303049421	1.0
553000	-10.994799434467156	-7.816886961179382	-3.177912473287774	-4.288647632552262	-3.5282393286271194	2.294238313800579	1.6157563649880302	0.07114939702214221	0.004513961136225077	0.5193267344778865	0.13263779638517464	1.0
554000	-15.696933065272548	-10.957735608939949	-4.739197456332599	-6.908897487856286	-4.048838121083662	3.484752711274913	1.583689170127565	0.14922251910993017	0.2081043122864008	0.654790225335872	0.24736990345195697	1.0
555000	-10.021400315929727	-6.589145877155929	-3.4322544387737985	-3.272755510955157	-3.3163903662007717	1.7554510359858673	1.6424606496633845	-0.3239246899071533	-0.14308596804890744	0.9492884956409215	0.08237811082456659	1.0
556000	-10.49214066296803	-8.89772748603071	-1.5944131769373184	-5.154753496686728	-3.7429739893439824	0.6777740365240891	1.3583020237292314	0.09115609295479127	0.0991215088473909	1.7789027330409508	0.0564717789267831	1.0
557000	-11.769880736879529	-8.573426572020072	-3.196454164859457	-3.9488356435911793	-4.6245909284288915	0.9994926356936836	2.7794366158564197	-0.007900680525381398	-0.13509107365794557	0.5042803317170043	0.13768184699615987	1.0
558000	-11.887015959404845	-7.304566816471011	-4.582449142933835	-3.8595570566624016	-3.4450097598086096	1.30090141474734	1.8589913009624321	0.13683897902174955	-0.4881802304558303	0.7776418951433517	0.6642009931727161	1.0
559000	-11.032720828006624	-7.0153902670733554	-4.01733056093327	-3.660756550196846	-3.354633716876509	0.9884371352438927	1.874877330263552	-0.3567660441503695	-0.267973540365671	1.1115623680470488	0.3372477503290035	1.0
560000	-12.037697621879229	-8.502233201991105	-3.5354644198881227	-4.122247887715621	-4.379985314275484	0.9225138999127227	1.2371694047133228	-0.00989151278024188	0.3029769302444885	0.2403072945780035	0.02096061827028449	1.0
561000	-8.589117118797635	-7.585495355403344	-1.0036217633942917	-4.202498763179199	-3.3829965922241443	0.8691002480749513	1.3488334531003547	-0.05828652734179468	-0.1110011347497961	1.1670190561872913	0.0356421566981582	1.0
562000	-10.776595670980562	-7.060286683099682	-3.71630898788088	-3.302415657086192	-3.75787102601349	1.654817972784472	1.4643088129114277	-0.16078696023590106	0.11454714151670209	0.15204747889710377	0.07175263950818357	1.0
563000	-11.228942680633157	-8.030185503556153	-3.198757177077005	-3.207149667914742	-4.823035835641411	1.5614935155071645	0.6524521154027542	-0.3027664554195536	-0.3354518742763823	0.5922676593007605	0.24156664915240392	1.0
564000	-9.14186050885164	-7.064536831015047	-2.077323677836593	-3.7671198958086394	-3.297416935206408	1.155025506341115	1.4681263553749782	0.033616373868261676	-0.1520265682373485	0.6858378261543999	0.08586264032909736	1.0
565000	-12.096806488896075	-7.266769755636238	-4.830036733259837	-3.5343822586656284	-3.73238749697061	1.6111011176461136	0.9488685046088859	0.008259868377442692	-0.4783929785023285	0.4797582383490381	0.030148574772154265	1.0
566000	-12.366329474271216	-8.750193801472	-3.616135672799217	-5.082212252036455	-3.6679815494355443	3.051981929055596	1.0167409131701333	-0.19420164763994924	-0.22799874449982072	0.7395368756189178	0.10362552526864952	1.0
567000	-11.247085045354009	-7.4390068518378545	-3.8080781935161543	-3.2272382792351215	-4.2117685726027325	1.3754818582187727	1.5152359379155862	-0.3977266699419102	0.26182888570289603	1.0447638186976762	0.2365476718705911	1.0
568000	-12.367778719835616	-7.565934041828966	-4.801844678006651	-4.23513786852174	-3.3307961733072253	2.5849679620414716	1.3809995533066157	-0.30083403564363753	-0.5760201510831909	0.5256511418883266	0.12817152163482878	1.0
569000	-9.365948807830877	-7.868343459498808	-1.4976053483320697	-3.8424074864904356	-4.025935973008373	0.9907198029985914	1.1887103337560003	-0.10031201096270169	0.17069472513039258	0.8440298044080268	0.057168719713169794	1.0
570000	-9.996706810773926	-6.644242421578857	-3.3524643891950694	-3.2286438716535	-3.415598549925358	1.4997709431436537	1.4199272143031902	-0.23745744738721308	-0.06404968815469475	0.3257519558084898	0.15297991336630223	1.0
571000	-10.927118576295857	-6.60548275959789	-4.321635816697967	-3.234090006349534	-3.371392753248356	1.6719655639472475	1.845968347910177	-0.33650015400099387	-0.19009792572260772	1.242636761373177	0.04583528408299581	1.0
572000	-12.817507164874616	-7.889062283894842	-4.928444880979774	-4.428289087699739	-3.4607731961951025	2.6485020525067795	1.929178917222288	-0.11307898034502671	-0.44103013793493157	0.8344823706295199	0.060447383818607356	1.0
573000	-10.640248931076185	-7.514177679593748	-3.126071251482437	-3.452074532392931	-4.0621031472008164	1.9933565231688823	0.8441814827072385	-0.296827257883448	-0.29309976369392676	0.7070998596032588	0.1125057988781002	1.0
574000	-12.376092141732848	-7.361415113051809	-5.014677028681039	-3.383378751410755	-3.9780363616410543	1.4774338171138668	1.8344029126012151	-0.6157980521886791	0.13893956104398358	1.2616624130575966	0.1380435384682116	1.0
575000	-9.380989270553338	-7.495814651660794	-1.885174618892544	-3.6832107373296092	-3.8126039143311843	1.2000701624689005	1.1600707757316846	0.014769623695350897	0.061176747229762546	1.0838658869446582	0.0933952766739519	1.0
576000	-10.185695033898456	-7.396374920692889	-2.789320113205568	-4.07450511147905	-3.321869809213838	0.9529266177549308	1.7928976314756657	0.007502138555447124	-0.21488595406898914	0.6896288108215981	0.16051417425432857	1.0
577000	-10.754425761752687	-7.619254535499472	-3.135171226253215	-3.873313874242866	-3.7459406612566064	1.4596805496737801	1.839675518842649	0.158056901993796	0.053180977620882974	1.529084275326798	0.03835333393503394	1.0
578000	-11.597322894996667	-8.742256989146739	-2.855065905849928	-4.021654825710542	-4.720602163436197	0.9588348108512413	1.8357934125779964	-0.018336386943481053	0.32819176001380174	1.0540379910559499	0.08646974840840094	1.0
579000	-12.821573693806505	-9.644458392826525	-3.1771153009799793	-5.0517586123624625	-4.592699780464064	0.6390717945939866	1.4320628239082567	-0.13920777012278934	0.36456252140696144	0.4894447862547149	0.2422630757372125	1.0
580000	-10.396195826330107	-7.686831510708458	-2.709364315621648	-3.9917779098656982	-3.69505360084276	2.3692820356386477	1.0005531259022866	-0.12096729453117303	-0.23591293641880157	0.6082954022973878	0.06784049790821428	1.0
581000	-9.096922732200069	-7.629052528133714	-1.4678702040663552	-3.654795142633882	-3.974257385499832	1.8537109789010404	1.0353957945245393	0.008332827294315392	0.04923635249267912	1.0539469265012877	0.035251128726243273	1.0
582000	-10.517982721888664	-6.804949420369072	-3.7130333015195927	-3.498988873040374	-3.3059605473286973	2.0362867886852314	1.3824006335031387	-0.2521521599656816	-0.16951817181970769	0.5565624599987481	0.2506603517164544	1.0
583000	-9.387200941534568	-6.7333009789174385	-2.6538999626171287	-3.375351075288294	-3.3579499036291445	1.5009251622844397	1.2671763731459103	-0.08229044204417582	-0.1910990705146287	0.608737282504664	0.13187582104276427	1.0
584000	-12.838849569185154	-7.818221690026691	-5.020627879158462	-3.262150690347075	-4.556070999679616	1.6871849458101842	1.4841844769708048	-0.23142994316277749	0.35196787027514803	1.6236490930300078	0.26346557974817947	1.0
585000	-8.031023442448298	-7.079521803814954	-0.9515016386333446	-3.498447339663867	-3.5810744641510865	1.7419111434469976	1.349833418816675	-0.03768884989485022	0.019696104086210253	0.7259773330466407	0.022097214057411736	1.0
586000	-8.814645758323357	-7.633911555996552	-1.180734202326804	-4.029264698017016	-3.604646857979536	0.9536451407811756	1.5292672942164351	-0.02138575106643016	0.04862537188912393	1.1565176383646456	0.03781072491085198	1.0
587000	-10.642944603741244	-7.222854294748627	-3.420090308992617	-3.307813631621956	-3.915040663126671	1.2767712814007985	2.3793471612482535	-0.2546491119632075	-0.28219633758380047	0.5715048348225267	0.07636602387257926	1.0
588000	-13.438359699879173	-8.906987198094678	-4.531372501784496	-3.905173541088693	-5.001813657005985	1.5429003551620544	0.9738333041890775	-0.8547036183498624	0.40588448702828994	0.8151489995822033	0.3450630317634042	1.0
589000	-16.254761836973913	-7.240671890826578	-9.014089946147335	-3.434078510595462	-3.8065933802311163	1.2174201391839685	2.015007175392397	-0.621327776413775	-0.6055784717137228	0.753425799963399	0.052909865146819314	1.0
590000	-10.649494043714911	-8.015598603972846	-2.6338954397420657	-3.3103739264020575	-4.705224677570788	1.5088029112770125	0.7032797337247808	-0.13503345254538585	-0.16305341519037145	1.7786087070662429	0.11233878864685472	1.0
591000	-10.228071885206884	-7.1132940913386875	-3.114777793868197	-3.750877658821187	-3.3624164325175006	1.2439632120728732	1.8892995607762644	0.07175515215297917	-0.3137619130134933	0.39315317522017523	0.09218629085204544	1.0
592000	-9.990164729008534	-7.331850969345142	-2.6583137596633915	-3.8754258860269415	-3.4564250833182	1.165333907749393	1.3659130188928055	0.09524050517330548	-0.050034895457184834	2.283379261765697	0.03020895592855787	1.0
593000	-8.967536777014276	-7.017588660294031	-1.949948116720245	-3.5410788162867015	-3.4765098440073294	1.2596758195255562	1.4573678899859652	-0.03856344448801363	-0.019821017039809236	0.9732143215636484	0.07433734398430236	1.0
594000	-11.161403591782374	-7.923234052769956	-3.238169539012417	-4.170754273181837	-3.7524797795881195	1.8135477810299159	1.4862095439728327	0.20181729070921922	0.11255690378983729	0.7854915570978599	0.15831301095906752	1.0
595000	-9.08621738228123	-7.069716969468326	-2.016500412812904	-3.3613089071856224	-3.708408062282703	1.378382943942408	1.6604922353555909	-0.11741623231537271	0.07990810045591698	0.660390023997653	0.059085510535266006	1.0
596000	-13.50409453045414	-8.577617217989346	-4.926477312464794	-4.162140522729148	-4.415476695260198	0.9030395296994682	2.1528269540227516	-0.017515506822044807	-0.7501707289034631	1.2347062076792115	0.25596252332077424	1.0
597000	-13.189017369723588	-9.347611207010482	-3.8414061627131058	-3.4708607392324735	-5.876750467778009	1.3414978090022567	1.9368742898491924	-0.0484723444836329	0.5008131200453483	0.7134913414815126	0.18050605427793256	1.0
598000	-12.498914371840064	-8.731910855731151	-3.767003516108913	-5.147863852087627	-3.5840470036435237	0.6617072618213908	1.1673560971089434	0.035225691278473414	-0.725682309921906	0.8759839470187113	0.12174147987755805	1.0
599000	-13.753559707087856	-11.02192943038818	-2.731630276699676	-6.252182773418522	-4.769746656969658	0.5445061191691002	0.6725079322568839	0.2759550685419268	-0.2609306637619681	1.130431520941805	0.7132599246042649	1.0
600000	-11.287287407108773	-7.019819462441234	-4.267467944667539	-3.674922822557915	-3.3448966398833186	1.4324506531141779	1.3319117799252056	0.0782859331009057	-0.5809530967656664	0.4095235990850001	0.39911987314123865	1.0
601000	-12.394643937649203	-8.312875304859137	-4.081768632790067	-4.702226175483053	-3.6106491293760845	2.8079203476873342	1.9542611954428237	-0.3901795422028468	-0.057667328407848856	0.39562115235221185	0.05618853746927992	1.0
602000	-10.746403463550632	-7.839353235812039	-2.907050227738593	-4.11457913933774	-3.724774096474299	1.7723257824755094	2.0030160305557536	0.19533110878886173	-0.01917784891930488	1.020002294894178	0.039635657913934794	1.0
603000	-13.297985753273885	-8.890566846457844	-4.407418906816041	-4.837213518888198	-4.053353327569646	2.9003166110146874	1.5416999305537322	-0.140170608655302	0.21368974235290622	0.11260620332081174	0.05612017880364729	1.0
604000	-9.536116290943479	-6.856137049681215	-2.679979241262263	-3.6367375459583418	-3.2193995037228733	1.1423925141976004	1.5123165251586779	-0.05854143411860975	-0.2552011622618673	1.3432523018114984	0.018424574906752002	1.0
605000	-10.963134091684864	-7.47224671993108	-3.4908873717537845	-3.3760633908666833	-4.096183329064397	1.4630678190158868	2.438181267909426	-0.0851774698785864	-0.11602022825303838	0.19193428183582284	0.07993355060628317	1.0
606000	-10.853976896569165	-7.139366902086161	-3.7146099944830047	-3.5950357692379766	-3.544331132848184	1.0169607551572089	1.0458469844402918	-0.4033122941438761	-0.4623151767570706	0.984008444130525	0.6103935143994239	1.0
607000	-12.49458203718226	-6.990981424904689	-5.503600612277571	-3.2426483961067105	-3.748333028797979	1.3828063416359817	2.1774112050209786	-0.45471885239491217	-0.4447842128218105	0.7184267330736726	0.06299781414418043	1.0
608000	-10.418230385978042	-7.409118470687175	-3.0091119152908674	-3.596680571941519	-3.8124378987456558	2.117469238586618	1.0817469439371392	-0.21744274527496577	0.0001143513657103079	0.49032998401699346	0.13575025252045464	1.0
609000	-11.219736381789012	-6.856740237896515	-4.362996143892497	-3.3870927761089455	-3.469647461787569	1.1952187739761722	1.1972483215667222	-0.5390013338272026	-0.14212912567537794	1.6378918066504646	0.4825840971477789	1.0
610000	-16.520980908665607	-12.113314656679528	-4.407666251986081	-6.040565245286556	-6.07274941139297	2.641025076582909	2.8740880685509578	0.3245800489499363	0.24878033122204957	0.36970646689753967	0.10401682230898937	1.0
611000	-10.435397256624093	-7.604147135054017	-2.831250121570076	-4.21769319177493	-3.3864539432790868	0.8312245485825658	1.2852912365478806	-0.14887170067418543	-0.14453301910487248	1.011673861376858	0.3024591532958805	1.0
612000	-10.112367971665185	-8.79784728357074	-1.314520688094446	-4.117758651657029	-4.68008863191371	0.9852409697742003	0.8250025441514055	0.0747167984218591	0.15073868120832123	0.8868951583919433	0.07806635839027393	1.0
613000	-9.919751576134297	-7.464637151728327	-2.45511442440597	-3.664615149928771	-3.8000220017995563	1.5271604869529118	2.2537318098238495	0.07548280332331644	-0.15667633455379457	0.25676611036362545	0.025705661051283978	1.0
614000	-11.509052774270366	-8.322699028332066	-3.1863537459383	-3.203120451474687	-5.1195785768573785	1.5207828735550912	0.823992612843694	-0.3105822040742122	0.3363787111825497	0.4945077463390245	0.13892292022598154	1.0
615000	-10.36280720613869	-7.419330722866467	-2.943476483272224	-4.0094388671161445	-3.409891855750322	1.7062844199982004	1.7179665931788202	0.17752911123944792	-0.08757711620679182	0.6543318663174905	0.11627663452535318	1.0
616000	-9.896167876457055	-6.52288480283015	-3.3732830736269044	-3.204701329633975	-3.318183473196175	1.451818861149358	1.7923754420150537	-0.35435910605380583	-0.2208648680675843	0.6107077595163041	0.09895797307240599	1.0
617000	-10.770527960318226	-7.140028416977539	-3.6304995433406884	-3.209990385126506	-3.9300380318510326	1.4423753566278663	1.9001020953909116	-0.31002179803401736	0.10427564484285229	0.966713537587378	0.1580697996493456	1.0
618000	-12.252271169324167	-8.055865546452445	-4.196405622871722	-4.172207397846801	-3.883658148605644	1.4583257638732379	0.9366539360878906	0.2540039287883939	-0.7414359134325234	0.9430231730781377	0.18228133780875325	1.0
619000	-13.379642162810828	-9.542841012930044	-3.8368011498807846	-6.075855604107639	-3.4669854088224046	0.5436875271834304	1.655268208936961	0.17725177466680786	-0.6172050160585615	0.6569127605834111	0.49556504565172366	1.0
620000	-11.88258973500158	-8.600950355845487	-3.281639379156093	-3.723191688921302	-4.877758666924186	1.1563214484167192	1.767054114811846	0.009360321860082288	0.37504240209513684	0.371293575897954	0.09115308226827036	1.0
621000	-11.89248608698336	-7.515060670219859	-4.377425416763502	-3.2811368353835233	-4.233923834836336	1.4867732251521213	1.7790510462260405	-0.5229189664515673	0.22686830951997605	0.32379048078100503	0.22206541857002163	1.0
622000	-10.743835517768687	-9.001877648690614	-1.7419578690780724	-5.549984112936441	-3.4518935357541736	0.5855171077291896	1.8414569880415432	0.014705098917689457	-0.10707721638819219	0.3602656025259268	0.04293131290296671	1.0
623000	-9.631955711113967	-7.027678633099022	-2.6042770780149445	-3.766511647941189	-3.2611669851578324	1.1763989393579293	1.3080489701858766	0.0467741839972831	-0.3217838139734166	0.5063763596041416	0.03576413393905122	1.0
624000	-10.51276772933433	-8.236383231544629	-2.276384497789701	-4.782698540263247	-3.4536846912813823	0.7987019601174292	1.2219778237411378	0.15877844364653637	-0.13282176770278886	1.5858645029279783	0.13500177350170603	1.0
625000	-9.4229889092714	-7.351003716684609	-2.0719851925867907	-3.8324983038626326	-3.518505412821976	0.9503865292549047	1.5955693114929068	-0.2019028407453224	0.0018084323828160276	0.6905391782660438	0.08068784596169182	1.0
626000	-11.550198033611448	-6.932456068275678	-4.617741965335769	-3.343410667325087	-3.5890454009505905	1.8582444000777925	1.5736802365448062	-0.26421019327046735	0.03883144795676971	0.658294996898484	0.6927906089477711	1.0
627000	-16.013440492760317	-12.258537962047994	-3.7549025307123216	-3.9765952314123076	-8.281942730635686	1.5846971139670205	0.4262713985054557	0.18559538495180083	0.7261085568998007	0.948925235680952	0.5400325086450405	1.0
628000	-12.145716769210798	-8.729486487090647	-3.416230282120152	-4.496067267643313	-4.233419219447335	1.3133048755741659	1.6639688431427309	0.34234894078487493	0.2489697666192744	0.6711650875646552	0.1798862783714773	1.0
629000	-11.010577286459839	-8.178367928713815	-2.8322093577460232	-3.401199467336096	-4.777168461377719	1.2954782903717506	2.488235602670424	-0.12380961337355473	0.12899502572883584	0.9229424940900973	0.0513212850092832	1.0
630000	-12.494272421741517	-8.195575834772473	-4.2986965869690446	-4.5243169254107025	-3.6712589093617707	0.9967628305269055	1.8370227332926377	0.26345143712634317	0.021603483859374217	1.7717951021571505	0.2045656958642341	1.0
631000	-11.166991875512473	-8.030976674431235	-3.1360152010812383	-4.366844339373808	-3.6641323350574275	0.7657849666238872	2.126458555709407	-0.24860459836574178	-0.14253914074171026	0.43718620578446143	0.15047098440754914	1.0
632000	-9.342269458649984	-6.747349273571571	-2.5949201850784114	-3.490389590618622	-3.2569596829529495	1.157566773863546	1.3149586990437274	-0.16878674485143763	-0.32194323391752677	0.9508157056420606	0.05386982522653743	1.0
633000	-12.78530644398609	-8.32882150475994	-4.456484939226152	-3.6039283908717383	-4.724893113888202	1.9631696655773387	2.8425797204932666	-0.06655304047499955	-0.35371898477619135	0.5633919961345577	0.2148075395195663	1.0
634000	-11.603756490011634	-7.9878585999631	-3.615897890048534	-3.2057875022138775	-4.782071097749222	1.557690923183403	0.9302190446190515	-0.3606196515993547	0.3098895302774734	0.436179777185927	0.23526982272854657	1.0
635000	-11.41780049140572	-7.273626656668542	-4.1441738347371775	-3.913277148619322	-3.3603495080492203	1.2330504731249656	1.3646430269781662	0.14050290916742414	-0.6022011079677128	0.8511058414501377	0.5696900700773422	1.0
636000	-11.190911234113202	-7.512983710195776	-3.677927523917426	-3.321616186045549	-4.191367524150227	1.366292559745899	0.8464639635956532	-0.5643240504392885	-0.12669386144650835	1.1277920552542955	0.45853551807031134	1.0
637000	-8.73918344167887	-7.0746959770705855	-1.664487464608284	-3.7907004381553278	-3.2839955389152578	1.3087385936359437	1.466236543472531	0.10988480970607921	-0.1665264321690469	0.659116257177662	0.0306178020064111	1.0
638000	-14.969722473237569	-9.04788698279708	-5.92183549044049	-5.1764407236817345	-3.8714462591153445	2.8180374419988627	1.039389602121879	0.07733401599718048	-0.008135022675068437	0.7683470126173852	1.806542318738547	1.0
639000	-8.755857489581997	-7.3620956141100145	-1.393761875471983	-3.448452389770779	-3.913643224339236	1.253433804507585	0.980877566173019	-0.11147425133662817	-0.060284956743647505	0.7529660670647644	0.05901116189013946	1.0
640000	-10.865963385832256	-6.85676411201705	-4.009199273815207	-3.2169603996430864	-3.639803712373964	1.5840428518733867	1.2217947291495985	-0.3888956551294993	0.002025825334381448	1.3555920336166345	0.030774427520926254	1.0
641000	-12.79362934428276	-7.887084891950812	-4.906544452331947	-4.2450175117366	-3.6420673802142116	2.04430064583974	1.734559975708652	-0.7537489055912179	0.037031353725022455	0.4422105963874238	0.3535368128931321	1.0
642000	-11.395166843069584	-8.680528465342631	-2.7146383777269527	-5.330119609348458	-3.350408855994173	0.7536432783152697	1.2304281442652525	0.3302938008858728	-0.2487686363419803	0.6438048288776275	0.16581353770607302	1.0
643000	-12.632099117712563	-8.092657764169159	-4.539441353543404	-3.967672040685575	-4.124985723483584	0.8743561111214314	1.1744898808490174	-0.6695738889199854	0.2035685504038659	2.0501791170936783	0.11814355541260031	1.0
644000	-9.017922084418911	-7.642628438324387	-1.3752936460945244	-3.561650124230626	-4.080978314093761	2.0318200048490525	0.9393195670890563	-0.14714526495962715	-0.009495831454108122	0.7481340020018145	0.024483688906648104	1.0
645000	-11.295878808335523	-8.707605582341314	-2.58827322599421	-3.728138831699876	-4.979466750641438	1.0552290343915711	2.974476325985621	-0.09107726537915703	-0.13737589811765144	0.3462512721258502	0.04716671492699078	1.0
646000	-12.145731222093097	-7.157332768901356	-4.988398453191742	-3.5157504652486287	-3.6415823036527275	1.0733955501280974	1.0057602343314316	-0.5207774158110634	-0.3120813420274442	0.26563116078193955	0.739003341032311	1.0
647000	-11.677483003836622	-7.153491044578983	-4.523991959257639	-3.309953628332995	-3.8435374162459883	1.4431039996901767	2.1591119955766978	-0.5572414855379805	-0.04362561232109857	0.9505571788009403	0.18909324222683882	1.0
648000	-9.435565047114936	-7.237217749859464	-2.198347297255473	-3.908523793082831	-3.3286939567766325	2.1584544586086967	1.6664026707676112	-0.010442031444416577	-0.13804392579568192	0.7588098980791604	0.03426941176796445	1.0
649000	-9.76417934093043	-8.920108059958324	-0.8440712809721065	-3.5238290030397303	-5.396279056918594	1.305894339636738	0.5790370392430124	-0.02781782368125168	-0.15120879170621102	0.9821722212449902	0.04244395717030575	1.0
650000	-10.107701803924378	-7.454861787311353	-2.652840016613024	-3.7623529714722492	-3.692508815839104	1.124714902563759	2.2127226332155274	0.00828729594707972	-0.2823649721608535	0.5608548185425772	0.04538573701405863	1.0
651000	-10.857402091759624	-7.933455055248958	-2.9239470365106657	-4.525973869581957	-3.407481185667	1.3142615249724616	1.2122422049261303	0.3501498951478168	-0.19224417086820478	0.5624066543306846	0.10840977095890493	1.0
652000	-15.56462162309857	-10.856532832934189	-4.708088790164383	-4.027033679148985	-6.8294991537852034	2.4518364946783278	0.7913844994920475	-0.22553143025367234	0.7597273414959462	0.5050495905063264	0.39480026684543046	1.0
653000	-9.317768457880305	-6.665813596855301	-2.651954861025005	-3.3005314426417858	-3.365282154213515	1.3706903092790974	1.720365180643883	-0.1816461028616328	-0.12341198394196923	0.3283575998296106	0.05833527980640446	1.0
654000	-11.863067305741383	-9.633806760747955	-2.2292605449934277	-4.885477318933087	-4.748329441814867	0.7856986331044049	0.9875485263080751	0.18734321337193116	0.3351699700636813	1.7730866149004887	0.07222059646222437	1.0
655000	-8.939503294245206	-7.263720960243198	-1.675782334002008	-3.874298307334615	-3.3894226529085834	1.3526686435719275	1.3489128348389654	0.15157351304413208	-0.10561476160796987	0.8714881887178004	0.040046482498095386	1.0
656000	-11.449018049957006	-7.091811932242205	-4.357206117714801	-3.5986295271686	-3.4931824050736044	1.1838635197559937	1.5276099748458205	-0.04956961963019779	-0.6757355058664326	0.6747525873461176	0.6306211954234856	1.0
657000	-11.73602026585711	-8.072144600397356	-3.663875665459753	-3.2718771984236814	-4.8002674019736755	1.2856632950090403	0.8687674533870884	-0.40693377251746765	0.26183931417347284	0.7822582147911321	0.5745011944461276	1.0
658000	-10.26968679065703	-7.273785913280754	-2.9959008773762754	-3.9117729538306616	-3.3620129594500927	0.9614201813521839	1.6594570446823529	-0.09675237086768815	-0.10744807822060434	1.2650999847512239	0.17423698344279656	1.0
659000	-10.407509639545317	-7.971892561806983	-2.435617077738335	-4.1119085769393395	-3.859983984867643	0.9697694860938618	1.9406750871795844	0.053123927551690764	0.06540677039155621	0.2939040308475542	0.06310786872692448	1.0
660000	-12.663941223713861	-9.84324700669601	-2.8206942170178504	-3.685285265925438	-6.157961740770572	0.9736585912428571	0.5159452567363195	-0.3830781481640566	0.10329722062458647	0.7338012948817745	0.395155232882086	1.0
661000	-10.338010799851634	-7.465283721738448	-2.872727078113186	-3.9470831807433466	-3.5182005409951014	0.8668848279309452	1.3933912800596928	-0.407599121010233	-0.0052012714044952085	1.417924201507248	0.06973718512168513	1.0
662000	-11.283257478677369	-6.957892103239731	-4.325365375437638	-3.5951244266958664	-3.3627676765438643	2.1305167133437175	1.7909286404140408	-0.29087707803961965	-0.46215485495203806	0.5981000012748225	0.18057505222430045	1.0
663000	-10.351493807843124	-6.973129430537	-3.3783643773061227	-3.20677564207868	-3.7663537884583205	1.46540926874792	1.330444679578749	-0.3863574158205266	0.10410454507428497	0.7526555229426142	0.22630532627009295	1.0
664000	-10.469740664643588	-6.944011636826515	-3.525729027817074	-3.292438782951003	-3.6515728538755114	1.3824379285559307	1.2948862812205835	-0.1851870916556651	0.040636689897999984	1.2400948139651966	0.2820622481011039	1.0
665000	-11.114026247542196	-8.215842218354283	-2.898184029187914	-3.5380707654327685	-4.6777714529215135	1.3998336522974646	0.6734510081910965	0.0071246592153866445	-0.41733706282837635	0.46727105169052197	0.10098834829486532	1.0
666000	-10.51702345743908	-8.04006089548106	-2.4769625619580204	-3.259225024780052	-4.780835870701009	1.4553950660425083	0.8133595683924021	-0.19894054210343554	0.181858588114286	0.3351718892739356	0.0321689329278686	1.0
667000	-10.242641683408909	-8.505399824988066	-1.7372418584208438	-3.2990814140853613	-5.206318410902705	1.7008467238212364	0.6528669756094162	-0.1829250750715779	0.04404654583774886	0.7618424631393511	0.06709526881648349	1.0
668000	-11.249495925353168	-7.274655990848068	-3.9748399345051	-3.76845531416439	-3.5062006766836777	0.9502944410518389	2.021437251120098	-0.2987635970735739	-0.20297568025448656	1.5513187309570342	0.11518103681018148	1.0
669000	-8.655908171254898	-7.155792784272329	-1.5001153869825694	-3.732242399002269	-3.42355038527006	1.2502502207104627	1.5990571301041592	0.06510884984326534	-0.05332337791786587	0.5936436680209273	0.04262721471792088	1.0
670000	-9.927404371639627	-7.514512545448913	-2.412891826190714	-3.705089510484133	-3.80942303496478	1.0412191257517251	1.346098525474134	-0.13339998368649836	0.1250215088947761	0.6915674836416585	0.14535998171250653	1.0
671000	-13.421696319803761	-9.163170951383712	-4.258525368420048	-4.960177423231292	-4.2029935281524216	2.9907000910277866	0.9896723872655323	-0.2011051382395393	0.12297277375592075	1.4178728376581509	0.03994860121410429	1.0
672000	-11.204349194412355	-7.791078418396025	-3.4132707760163292	-3.5671065707187823	-4.223971847677243	2.1055500456253156	1.8646151196889966	-0.28073707103465084	0.2038595036960216	0.4490780646558842	0.056829866263315425	1.0
673000	-9.973409391930144	-8.24917135941254	-1.7242380325176048	-3.791325958190696	-4.457845401221842	1.2153260352378186	1.0127136958742526	0.07933194098416352	0.24905623720829742	0.7247639631876613	0.037577754960298165	1.0
674000	-11.378722840611026	-7.13532766420327	-4.243395176407756	-3.7361107131950066	-3.3992169510082637	0.9479361727018326	1.762497168515321	-0.4961598771946645	-0.11181331353669549	0.2856310090181551	0.0759539209650734	1.0
675000	-12.719206103970063	-7.749299903205664	-4.969906200764399	-4.011311564850377	-3.7379883383552865	1.8668130327209032	1.4522422294611796	0.1409198940888612	-0.8144876625495642	0.41374718860223125	0.24145833710627984	1.0
676000	-15.906389286172246	-10.39623296219971	-5.510156323972537	-4.00940378168637	-6.38682918051334	2.0306448642825683	0.7455732387231506	0.08743904720429518	0.6427078945634443	1.1053796629465584	0.05746917662572659	1.0
677000	-11.904846989450657	-8.40970573109153	-3.495141258359129	-3.6046133903652775	-4.805092340726252	2.027454100917344	0.642555733106033	-0.10664312453028574	-0.5139639892737045	0.8800746876380505	0.10724186420554953	1.0
678000	-9.873609899321107	-7.851689988959536	-2.0219199103615697	-3.2782594021726377	-4.573430586786898	1.3067068640972324	0.8537896772482003	-0.27222698105258913	0.14142271355441252	0.8696563200952918	0.07270376953349349	1.0
679000	-9.328089260350998	-6.966342379836869	-2.3617468805141297	-3.2686485687096316	-3.697693811127237	1.5918156819778275	1.7164921334734566	-0.18347443321037843	0.06502919820070549	0.41695603857942504	0.05094683474025534	1.0
680000	-14.313450146077283	-7.827163646086649	-6.486286499990634	-3.358886457046675	-4.4682771890399735	1.1845695087250134	2.5517934913287097	-0.35152005992293744	-0.5223385098104646	1.6829954437566539	0.24342835553803774	1.0
681000	-10.631137293482663	-7.091993419890224	-3.5391438735924394	-3.823648568477056	-3.268344851413168	2.290525837545994	1.3557493554884914	-0.18507799595864732	-0.2368899296365862	1.0304634579418923	0.07343014344402296	1.0
682000	-11.003876185408231	-6.575678808629961	-4.428197376778269	-3.209907664262539	-3.3657711443674216	1.4245529477205812	1.2320228799023372	-0.3639378086696763	-0.5493729617562697	0.36464698634981413	0.13543259578225852	1.0
683000	-8.933606815401713	-7.1242438304600615	-1.8093629849416524	-3.7199207869587316	-3.4043230435013294	1.9343748686851001	1.737212723490317	0.008741034271168846	-0.09809623586262199	0.5889047308163576	0.03356795593726383	1.0
684000	-11.749928046175846	-9.122195866259172	-2.6277321799166744	-5.583829743215789	-3.5383661230433843	0.5629869354212675	2.0791143997634833	-0.0750641579652399	-0.28787250654311775	0.41915441362550593	0.03179411069341945	1.0
685000	-10.54255293485269	-8.340815394752738	-2.201737540099953	-3.5750789418017836	-4.7657364529509545	1.0373840407165897	0.6815764877440985	-0.3280358991600414	-0.2097528407206422	0.6991883197409738	0.060865090726930256	1.0
686000	-9.673993185129856	-6.847756496544244	-2.826236688585611	-3.524210683556884	-3.3235458129873603	1.7565360349354242	1.4402578937116457	-0.027309768844640425	-0.13239944039679027	0.46539365131485855	0.12195827963206361	1.0
687000	-11.001428047158754	-7.4846922154832916	-3.5167358316754624	-3.294923628903807	-4.1897685865794845	1.613482995243784	1.0721199891642117	-0.5002402239716115	0.1808181842203953	0.7148001380578473	0.10684026405904437	1.0
688000	-10.009960880857008	-6.743452662854892	-3.2665082180021163	-3.4179691207243996	-3.3254835421304927	1.1315515040667747	1.2255595484795048	-0.43654460888772056	-0.31799317902494023	0.9836720101177028	0.1364059393976388	1.0
689000	-13.67939609396904	-7.968155212673845	-5.711240881295194	-4.098782628975328	-3.8693725836985173	0.8655257386756142	2.3261662591969365	-0.813773096730033	-0.3581666375143106	0.9788495090197566	1.5775500490540588	1.0
690000	-11.760390320865763	-7.618755594461053	-4.141634726404711	-3.973103498906987	-3.6456520955540657	2.3753523699847303	1.7537026357658736	-0.39612465009325576	0.033975954912426	0.27573130706255067	0.04969082377022048	1.0
691000	-14.679877025304796	-9.303602483549573	-5.3762745417552225	-3.20298155578372	-6.100620927765854	1.4650451186482711	1.206638773184256	-0.3431178776192715	0.665237513368847	1.5250808220666654	0.11229905625856187	1.0
692000	-10.83731081460112	-7.186757979566409	-3.6505528350347096	-3.973784193851938	-3.2129737857144716	1.5044966327781226	1.5510359061203365	0.19124029301808437	-0.27466204842266917	1.3344967898654205	0.03183018611907481	1.0
693000	-9.374004643507138	-6.920567494086326	-2.4534371494208123	-3.4042037905819957	-3.51636370350433	1.2785830591753784	1.9023301860746809	-0.1324918619100659	-0.09158231289253083	0.9695173413206735	0.06528585271096898	1.0
694000	-11.168852876767902	-6.905147038374407	-4.263705838393495	-3.212626713926213	-3.6925203244481937	1.413756025593208	2.1240800243031317	-0.3683160330320932	-0.11570529169278708	1.1718793395907472	0.14923525037794574	1.0
695000	-12.995754214358518	-9.164464537074636	-3.8312896772838823	-5.703103875850445	-3.46136066122419	0.6268936901980053	1.2487365561386996	0.24901461238373246	-0.10406815301634154	0.3284144785741958	0.3894397438171781	1.0
696000	-10.632041542325075	-7.619098322260761	-3.012943220064314	-3.269670669958822	-4.349427652301939	1.555811659674453	2.571114599354927	-0.17752347198660615	-0.08168381468440494	0.27490349780237994	0.055943858658942476	1.0
697000	-12.692030007710716	-7.356920116670433	-5.335109891040284	-3.781095155222838	-3.575824961447595	0.9547941138215602	1.9954491562644119	-0.6529933533174943	-0.4835610245347947	1.4636086253102152	0.24491045035901066	1.0
698000	-9.21603397485665	-6.857678939741756	-2.3583550351148945	-3.2942573136871975	-3.5634216260545584	1.3573828991593464	1.746547349367177	-0.19731709051649965	-0.003591816098928502	0.293465819411032	0.031264697094690215	1.0
699000	-10.388034396158643	-7.066004563558856	-3.322029832599787	-3.39076202260007	-3.6752425409587857	1.3016597945191202	1.067167753457049	-0.12932675047495706	-0.11858474974687996	0.9814136325374903	0.3998488623755417	1.0
700000	-11.419247429506395	-6.973716788130255	-4.445530641376141	-3.5105960870743376	-3.4631207010559173	1.1634699610591346	1.3762995559689988	-0.14057139815639286	-0.6816967239688803	0.8339874338251435	0.854739249396231	1.0
701000	-9.5679891688514	-7.118819545712014	-2.4491696231393854	-3.557500803724486	-3.5613187419875274	1.5613970070562349	1.072949398781101	0.024536534133563236	-0.23480918355991287	0.8852755930944752	0.10844280363162845	1.0
702000	-11.902145269117767	-6.676530239793554	-5.225615029324212	-3.362087518543227	-3.3144427212503276	1.8373511458278238	1.2784723557117057	-0.41752404103153534	-0.24048147498842393	0.12763998955921071	0.09301970113450574	1.0
703000	-11.825980172728814	-7.63580414775682	-4.1901760249719935	-4.138734383166982	-3.497069764589838	2.5106723458707814	1.3500918787507412	-0.18151572207711614	-0.028721711879121384	1.4676696318473037	0.05877964508719437	1.0
704000	-11.604378974583593	-8.172699835807805	-3.431679138775789	-3.9897528105238163	-4.182947025283989	0.9081691770804715	1.9373489188055906	-0.14716858809004257	0.17255418223451563	1.061158512034475	0.24350112656345332	1.0
705000	-8.962153666375595	-6.864850896670191	-2.097302769705405	-3.5255830402362442	-3.3392678564339464	1.2745141283060282	1.6027175554629742	-0.041012236016798584	-0.11477250914515699	0.9348145920575057	0.06907265517864299	1.0
706000	-11.860536645989587	-7.4555017364441225	-4.405034909545465	-3.544858604423615	-3.9106431320205077	1.0444841887490321	0.9143993797477092	-0.44048096045175217	-0.2171261428549171	0.19420233108936394	0.15169771504161264	1.0
707000	-11.680193668050928	-7.758149701718338	-3.9220439663325894	-4.039948349470933	-3.7182013522474056	0.8807333968053063	0.9857235357482018	-0.17449971643786596	-0.6437206976077547	0.5452713911101947	0.10604093881462197	1.0
708000	-10.951891279576547	-7.70980581976042	-3.2420854598161277	-4.358167769478	-3.3516380502824195	0.84057276972591	1.815789459607258	-0.008603407894677062	-0.42601689720149166	0.7522097685969923	0.04901014307196581	1.0
709000	-12.478197250292975	-8.082823706543753	-4.395373543749223	-3.2504493533732495	-4.832374353170504	1.4986373744118466	2.8537198734701743	-0.20272843019026798	-0.41891066832488877	0.6557507327753094	0.07403769348112813	1.0
710000	-11.95145737063894	-7.768358212903039	-4.1830991577359	-3.5835389126669783	-4.184819300236061	1.3120332401489527	2.4547234698040183	0.009859442294712695	-0.4622367056721525	0.6571059272051377	0.24521559824994021	1.0
711000	-9.751662954284653	-7.30552991405464	-2.4461330402300128	-3.217386728879689	-4.0881431851749515	1.5743254736706842	1.1004589503979985	-0.26876518655027204	0.1549237346084879	0.8788481451969683	0.037565632784994585	1.0
712000	-12.086855902907732	-9.233666152534369	-2.8531897503733648	-5.082710596160495	-4.150955556373873	0.6064207775937551	1.9882801561009555	-0.3291643237122245	0.14765888492171172	0.8577484744777847	0.036027280877669855	1.0
713000	-13.543294322837333	-9.796996369218359	-3.746297953618974	-4.255309892394336	-5.541686476824024	0.8691271384798037	0.5496609328053368	-0.019278848904504098	-1.1361671505392223	1.6626007908704103	0.5921507931891706	1.0
714000	-10.61048058450842	-7.371044337175821	-3.239436247332599	-3.3906842421677386	-3.9803600950080824	1.159741438976636	1.5023344030185743	-0.33459633369480957	0.1934829275284548	1.3381412443580774	0.08994062842668059	1.0
715000	-11.361812986723926	-6.837856409491665	-4.52395657723226	-3.376260547396864	-3.461595862094801	1.16716606480708	1.1150523802831158	-0.4335021158259761	-0.2979849429275014	0.9713732715960578	1.3628564770174416	1.0
716000	-10.976238129168056	-6.6263013714055194	-4.349936757762538	-3.4063449366179612	-3.2199564347875578	1.1406694245555495	1.4068767850471116	-0.37720832694921563	-0.3048509473277318	0.9849353959328478	0.8467369013981094	1.0
717000	-10.302339196517133	-6.701732828296294	-3.6006063682208396	-3.3141041201287718	-3.3876287081675214	1.4600869600529245	1.1865197850163653	-0.13715137686156886	-0.5263767507565265	0.5887006004445493	0.1077702586210558	1.0
718000	-11.26429916281552	-7.477709480755456	-3.786589682060064	-3.6349088410581	-3.842800639697356	2.1503020434961235	1.4531267067486477	-0.35135756930538437	0.14689237260576715	0.36661843115811843	0.16003690771179774	1.0
719000	-10.667299527307392	-7.973174509673192	-2.6941250176341995	-3.8900052133614773	-4.0831692963117145	1.7117234737994202	1.483460213590598	0.1378742316774625	0.2265957969375154	0.7072115959541053	0.0785372903914798	1.0
720000	-15.742224155038727	-9.054732576699985	-6.687491578338743	-3.4836680750384055	-5.57106450166158	1.1238637164153573	2.235041708386353	-0.5833387683631024	0.3759767315287168	1.0279965655233587	0.05543121241439392	1.0
721000	-12.673420921099115	-8.765122154470658	-3.9082987666284565	-3.7402430256282186	-5.024879128842439	0.9772833206952803	0.7737775620560743	-0.6543641961697367	0.23275579074112007	2.438871927577906	0.21843158254645353	1.0
722000	-10.481526074128222	-6.878491342268077	-3.603034731860146	-3.5356394291441307	-3.3428519131239467	1.0525946635173802	1.7882427523139617	-0.37569640362311885	-0.1807220879190225	0.3834694884100594	0.04892581616144613	1.0
723000	-12.342949739283895	-7.522570903459526	-4.8203788358243695	-3.501959962320821	-4.020610941138704	1.7476730015255952	2.3581129787588173	-0.596339093021986	-0.08889937899710204	0.28916121087602353	0.1506460486655874	1.0
724000	-10.97035685582306	-7.940301605944845	-3.030055249878215	-3.907647536832857	-4.032654069111988	2.103928459237991	1.8900269428383591	0.01729991796272487	0.14116891433698905	0.591518746905565	0.09790593645926912	1.0
725000	-13.445469563183496	-8.180435596932035	-5.26503396625146	-3.789999978285902	-4.3904356186461335	1.2814183997297706	2.5988144123965844	-0.8632188109515975	-0.0838147062703779	0.6526227557872305	0.31100022150711726	1.0
726000	-10.167933557514454	-7.738491566698466	-2.4294419908159886	-3.881364208659348	-3.8571273580391177	1.2600383988285737	0.9437837770006315	0.13552933524964372	-0.19155346663830977	0.3523692286268085	0.06940347525711035	1.0
727000	-11.683536691310788	-6.991789913915105	-4.691746777395683	-3.5664062999391204	-3.425383613975985	2.0651012744146406	1.66386468819707	-0.17843347659673892	-0.5868515461865805	0.3081676894676283	0.15416276164709153	1.0
728000	-9.430517897931548	-6.576223440499291	-2.8542944574322564	-3.319727076348651	-3.2564963641506397	1.6074376370105947	1.3127969133828263	-0.1325269139655864	-0.33097325389229726	0.7729364790743769	0.06314806533285523	1.0
729000	-10.564128259012314	-6.46511251268481	-4.099015746327504	-3.2075578195577363	-3.257554693127073	1.5796089913196263	1.3092510676964104	-0.3240531071063838	-0.33759435376789837	0.27275204307038753	0.17128985730342583	1.0
730000	-11.516866885639843	-7.731568965199265	-3.785297920440577	-3.3004333500286887	-4.431135615170576	1.6039627552353093	1.5179042363058344	-0.15037306182650748	0.31878901268819637	1.3738188807116967	0.09326196961781819	1.0
731000	-9.871126336126428	-8.338577980665242	-1.5325483554611865	-4.082853166414592	-4.25572481425065	1.138876560271832	0.9106704233971472	0.1727463979472691	0.05469095744901448	1.1499089875256612	0.07391386975970725	1.0
732000	-9.373846564944479	-7.853320168138333	-1.520526396806146	-3.6136600883758376	-4.239660079762495	1.2103231917692259	1.0740000571700783	-0.02081496043622727	0.2020306992087929	1.1795615006399223	0.041789848588118975	1.0
733000	-10.311960340479228	-7.8849983477629415	-2.426961992716286	-4.069483793745958	-3.815514554016984	2.3463899067489034	1.701641906896284	-0.05036065494862951	0.11364535854745988	0.20713209489935258	0.02434127847925729	1.0
734000	-8.67145225757315	-7.448109753145413	-1.2233425044277373	-3.6731422447575026	-3.774967508387911	1.1149832503705053	1.4195952796958975	-0.05962369420851198	0.11944444152227632	1.049344777027044	0.03136970588337726	1.0
735000	-9.561682081063214	-6.565671196013589	-2.9960108850496256	-3.3540085416239056	-3.2116626543896833	1.6742706043912572	1.5765157675496322	-0.11790301126301408	-0.2899573173784668	0.3838047782077568	0.042278881030757505	1.0
736000	-16.160307267925567	-9.63209949604264	-6.5282077718829274	-6.113951533426318	-3.5181479626163217	1.7341567490470744	1.4533696569980237	0.5805396105611939	-0.7066936481486688	0.8063950924387853	4.980826925395931	1.0
737000	-11.234323706895157	-6.707257944089016	-4.527065762806141	-3.2705536978289196	-3.4367042462600965	1.4063531352144678	1.578219330225786	-0.5100751045507959	-0.042966863608543765	0.24743131565222862	0.2603412896680682	1.0
738000	-11.494823042468141	-8.023493875719595	-3.4713291667485455	-4.549706139400287	-3.4737877363193066	2.2487760261665057	2.0155223376063858	0.16704594054955801	-0.2803287618139114	0.42607869796719966	0.07250759572322624	1.0
739000	-12.255350238659817	-8.203137331794622	-4.052212906865195	-3.6213799203427524	-4.58175741145187	1.1021416387412075	0.7417633395398697	-0.712627827579841	-0.11869805590321703	0.7282077519995755	0.10460071140396696	1.0
740000	-12.496472657727097	-7.116208690008781	-5.3802639677183155	-3.4720048847156573	-3.6442038052931243	2.011807930913401	1.9022696723822188	-0.2661741623940802	-0.015183662727574931	0.3433869150310646	1.0262574982512551	1.0
741000	-10.228496341263675	-6.813512233050122	-3.4149841082135537	-3.217107620508258	-3.5964046125418636	1.428297593336974	1.4788784706279028	-0.41091021007887985	0.04476787435256671	0.3830586356629094	0.07783892686353257	1.0
742000	-10.269489638386128	-7.296669867790804	-2.972819770595324	-3.354090428875716	-3.9425794389150886	1.6010174265390775	1.7888894240985176	-0.1025416473717661	0.1387325470798475	0.6631231997899334	0.12871097945168047	1.0
743000	-9.514855456824577	-9.245552420450066	-0.26930303637451036	-5.338729315067798	-3.9068231053822675	0.6053693141221693	1.0328460711623704	-0.0549562664548808	0.006696847879752638	1.675785509927857	0.03601349175181656	1.0
744000	-13.264530175466742	-6.823629801819453	-6.440900373647288	-3.5340288598327216	-3.2896009419867314	1.6385857962464387	1.281879861153722	-0.6621001196379024	-0.28607503246566185	1.832411251185412	0.09093329248266005	1.0
745000	-14.162044317223542	-7.773668767671618	-6.388375549551924	-4.449720824936734	-3.3239479427348835	2.124500309153418	1.7129733857917622	0.18551336189095302	-0.4768582373760595	1.4855407412872543	0.04942249991060252	1.0
746000	-12.825425987443435	-6.934316380833123	-5.891109606610312	-3.4786841057929747	-3.4556322750401485	2.020939955127865	1.2962864584802118	-0.28874818956026294	-0.07894974318965942	1.9633366845534346	0.28088161095039743	1.0
747000	-10.592460537017288	-7.399798432408865	-3.1926621046084236	-3.539312148977793	-3.8604862834310714	1.0889050448328652	1.6254373999123353	-0.22920403225080022	0.14201622734115144	1.6403828857393057	0.07465996275933813	1.0
748000	-9.803543111751774	-7.496490515580871	-2.307052596170903	-3.853258686336809	-3.643231829244062	1.0408812655829087	1.824730755223339	-0.01826116685654712	0.012526579567513477	1.451217859224702	0.05237493781816704	1.0
749000	-10.603155986587554	-6.542960874301026	-4.060195112286528	-3.2336431721505843	-3.309317702150442	1.6212103905781738	1.249054533919476	-0.249096697868537	-0.46110593469317096	1.2674068152452849	0.18749959960468465	1.0
750000	-12.465819948768871	-7.774613100023904	-4.691206848744968	-4.472258285905772	-3.3023548141181327	0.8222049269779715	1.7355119517491566	0.027717695004432052	-0.19847941581679276	1.7715782249194614	0.5657406546218052	1.0
751000	-11.701958192894073	-7.588116271557885	-4.1138419213361885	-3.70242969482465	-3.8856865767332347	1.4495584853163528	0.9595346739769035	-0.7995345666282534	-0.12356261132393498	0.7163292349951613	0.3296133286773388	1.0
752000	-12.030895767088364	-7.745161926862457	-4.285733840225905	-3.47346118810324	-4.271700738759217	1.7247280035588062	0.76388034681729	-0.5901015370291652	-0.5692081937044435	0.9403195598070023	0.2335886324036014	1.0
753000	-11.103415653014466	-8.0846424534652	-3.0187731995492646	-4.009952370249553	-4.074690083215647	2.427049843521668	1.8398839912625178	-0.18750438881143883	0.1676114296780321	0.4289661133237411	0.052805671286081615	1.0
754000	-10.205807150166716	-7.406484942187732	-2.7993222079789835	-3.813316184681038	-3.593168757506694	0.9381512146444239	1.01862582584194	-0.27047721942397984	-0.3936471864514414	0.7518397465592743	0.1804619243714187	1.0
755000	-8.150791689228738	-7.522390372672872	-0.6284013165558657	-3.964985353189706	-3.557405019483166	0.9520593969687883	1.360252116858458	-0.07129720581941705	0.009416170229136822	0.6074058548476301	0.024293382020460275	1.0
756000	-11.758132462396777	-8.704529283192462	-3.0536031792043143	-4.546305818242704	-4.158223464949758	1.1002211445287793	1.6700165805314966	0.32029993008616153	0.22749402033579985	0.4953210232789429	0.0786520735519454	1.0
757000	-9.443451347255483	-7.996945760477777	-1.4465055867777048	-3.659107106284079	-4.337838654193698	1.1829292826126852	1.0040019626930627	-0.0105809730369609	0.19578027886290994	0.7319981003615529	0.049607274907897576	1.0
758000	-12.415431328091355	-8.49701819400127	-3.9184131340900845	-3.3436761296209374	-5.1533420643803325	1.2426680572065425	1.117857557388759	-0.2410811811406821	0.4848326087047454	0.347731833746625	0.1037749427477033	1.0
759000	-10.307563996986563	-6.482371535517496	-3.825192461469067	-3.260056519977128	-3.222315015540368	1.3132667391022366	1.576395001166446	-0.3129917605123953	-0.40893651726007063	0.9412935423461212	0.25117269455464997	1.0
760000	-11.01098423836445	-7.060439431265845	-3.9505448070986056	-3.36693281429056	-3.6935066169752844	1.3840635167181412	0.9982109806482585	-0.11059583201273868	-0.2453300467345104	1.0072294180580394	0.7244031712183752	1.0
761000	-12.151120044208344	-7.371483141108833	-4.7796369030995125	-3.4949095323707295	-3.876573608738103	2.029684447055413	2.231004455137198	-0.33758297509555923	-0.48467325346315115	0.33997518692783485	0.11944908306769361	1.0
762000	-13.21144491868652	-8.439685822112136	-4.771759096574384	-4.418757317770251	-4.020928504341884	0.7254941367915514	1.826535167825349	-0.5595080905883243	-0.784829019336652	1.1878309950658874	0.3957391240574856	1.0
763000	-10.276159954856464	-7.267224838266034	-3.00893511659043	-4.02776461209688	-3.239460226169154	1.7849517400934694	1.6720507582952635	0.16671621293834749	-0.27592175919478956	0.5974664657411135	0.06787818057822644	1.0
764000	-12.527874451726472	-8.176471188652176	-4.351403263074297	-4.2852611044788045	-3.8912100841733723	0.8567376463082451	2.069194605015283	-0.024438295135727983	0.0265283323119751	2.476122214565725	0.05338436986877363	1.0
765000	-10.40475695730206	-9.007697242766838	-1.397059714535223	-5.257728954262703	-3.7499682885041343	0.5930923331373985	1.3088700949847665	-0.20409766047991312	0.09201486754507884	1.3097941288216923	0.06035741341077523	1.0
766000	-12.40254927297256	-6.909076181250114	-5.4934730917224455	-3.6681352354264436	-3.24094094582367	1.5057960155512808	1.6477258810946325	-0.7702308119811083	-0.24848469333847328	0.9945524175687765	0.12755374548301873	1.0
767000	-8.617415202268656	-6.680280780874924	-1.937134421393733	-3.332333289481489	-3.347947491393435	1.3769707230225119	1.293685103612723	-0.14453067714038673	-0.17883325425000074	0.7615573548118476	0.04868707621893988	1.0
768000	-14.075343232990226	-11.124266297649314	-2.9510769353409128	-7.136934607063946	-3.987331690585367	3.921935122782585	0.8912390845226628	-0.07374044090166064	-0.20025659452952832	0.5877287162336405	0.02092270737251224	1.0
769000	-17.214658336469924	-10.48439914256381	-6.730259193906116	-6.768745987979478	-3.715653154584331	3.1051687357414104	1.502072287096624	0.2774312714598628	-0.7922435842858541	0.552879607617193	0.10247334538267824	1.0
770000	-8.269607157572082	-6.972167373587006	-1.2974397839850762	-3.5293525570429303	-3.4428148165440757	1.657822097221751	1.2639400474190177	-0.0013484770421969827	-0.1087237060402294	0.7294509888156097	0.030257423075298585	1.0
771000	-13.149030371915131	-7.817984943208303	-5.331045428706828	-3.251246981226675	-4.5667379619816275	1.426183238222735	2.766913728891632	-0.4849003175377278	-0.33268143673727757	0.3891084816011319	0.06321987080112156	1.0
772000	-8.00990499423882	-7.582083282079876	-0.42782171215894405	-3.856258785914629	-3.725824496165247	1.0973434188858442	1.0863521770828055	0.040031815386877334	-0.05290570995956065	0.5263005292770023	0.019094422222032958	1.0
773000	-11.665819384729927	-7.356548655504499	-4.309270729225428	-3.719205656282038	-3.63734299922246	1.3000961288030188	1.1271391227846437	-0.8287351116821844	-0.07344311161028183	0.5598760150917941	0.4095251432797147	1.0
774000	-10.759629991240638	-7.276191628635015	-3.483438362605624	-3.244387279387142	-4.031804349247873	1.5640973865044898	0.9883838339208336	-0.45661138109488275	0.029598228838155008	1.370569173837984	0.08140430337220193	1.0
775000	-12.122662184196658	-8.914928298850885	-3.207733885345773	-5.137831718593102	-3.7770965802577843	0.5804120816827792	1.039180230016076	-0.6573717540589761	-0.07510091912022254	0.7364254315114869	0.14899704230085617	1.0
776000	-9.41606635066383	-6.679047890589886	-2.7370184600739442	-3.2952217381591202	-3.383826152430766	1.5510184355276093	1.4097533409135594	-0.1494946736405838	-0.08944755809866417	1.6390538008666165	0.03214144102981654	1.0
777000	-11.285722488348217	-7.202553201727534	-4.083169286620683	-3.263848075953522	-3.9387051257740118	1.3099974473462936	1.901678271727603	-0.3063212812210716	0.10679216685520315	1.0940310581019057	0.01794886967217325	1.0
778000	-9.925511120522202	-7.115953951784681	-2.8095571687375207	-3.891326423253847	-3.2246275285308337	0.971664400871629	1.3892489305086557	-0.09427393008774404	-0.3097158873701945	1.6574511014706343	0.06370647637942801	1.0
779000	-8.690750370681435	-7.360154967908255	-1.3305954027731806	-3.7750379333821975	-3.585117034526058	1.1382800245607678	1.1943408373366118	0.026261978403107983	-0.050888534943586944	0.8715421500674877	0.058227301729999945	1.0
780000	-8.961130581299374	-7.300861751297343	-1.6602688300020314	-3.758355689797053	-3.5425060615002897	1.1116296833855772	1.3322887648987896	-0.0054233473229081675	-0.006925844968453609	0.7117192049736745	0.07444793444348967	1.0
781000	-13.373605609640272	-10.042857570077196	-3.330748039563076	-6.609713491679024	-3.4331440783981724	0.40038654051205974	1.5191358415051266	-0.5770729602598229	-0.04279908530739229	1.7225800952634112	0.24276453235825965	1.0
782000	-10.18485995606454	-6.576033906700815	-3.608826049363726	-3.2365549504706275	-3.3394789562301868	1.5294174042525799	1.3771350447705908	-0.45529143086087875	-0.137597230537915	0.5124490220854703	0.1945712012032102	1.0
783000	-11.482308962218983	-7.697667171119151	-3.7846417910998316	-4.420786903826568	-3.276880267292583	0.7252505608479395	1.7424705010368133	-0.5840012588828034	-0.25254884567285424	0.6020740295829462	0.27622320914420245	1.0
784000	-9.39873179819035	-7.796489596262999	-1.6022422019273517	-3.895216400164481	-3.9012731960985185	1.2597506184427592	1.0593759837234282	0.14114159756639455	0.03147082391987982	0.8728162191376837	0.06821086661324656	1.0
785000	-9.209208170335787	-7.953699768367247	-1.2555084019685396	-3.6979317861617886	-4.255767982205458	1.4426834003212556	0.9876415023208542	0.0889929457361796	0.14608552534863647	0.9117738670349702	0.03210724149149221	1.0
786000	-10.916950609492517	-7.59917429522418	-3.3177763142683374	-4.368272944568982	-3.2309013506551976	1.4564001320540867	1.6218193357017419	0.3077715466142461	-0.25609540158211863	0.6226667354347141	0.14303229075338803	1.0
787000	-12.234504957488157	-7.487371571348058	-4.747133386140099	-3.958531379438332	-3.528840191909726	2.1237200581656737	1.10297400030056	-0.6066108951024869	-0.21355314888682458	1.0036895692374914	0.4641870647270275	1.0
788000	-11.884233515169036	-7.470325324929902	-4.413908190239134	-3.3777657207632994	-4.092559604166603	1.3206618036063518	2.0385713390919684	-0.6104451722314894	0.11250011628877704	0.3913323284992821	0.15116070153252142	1.0
789000	-9.077526195990764	-7.638588887034086	-1.4389373089566784	-3.5608471299010422	-4.077741757133044	1.4022007475306202	0.9336742262437641	0.019775710772343545	-0.02113921133890881	1.9533058591234722	0.026291563897714	1.0
790000	-10.656270054694637	-8.362749522907631	-2.2935205317870073	-4.779400457496551	-3.58334906541108	0.8281094377679808	1.042505248355063	0.20304504443494156	-0.2871009789226553	0.7611831054361735	0.14263572959644596	1.0
791000	-10.975234806329711	-7.3063541977203315	-3.6688806086093795	-3.2953376117967905	-4.011016585923541	1.7731379305591541	1.631358562699542	-0.37739302635520655	0.19042635930313873	0.3709753735492345	0.09017645916489032	1.0
792000	-11.154318897876932	-8.693844407853401	-2.460474490023531	-5.342165957929294	-3.3516784499241075	0.606785631376119	1.188561964649168	-0.04523235007379927	-0.41229738501217494	0.6386615650941404	0.11222123909769462	1.0
793000	-12.025872248991165	-7.307282052527748	-4.718590196463417	-3.8433540812571723	-3.4639279712705755	1.0068260432890126	1.36655003609299	-0.807087365429068	-0.04488812781530299	1.1206675805278983	0.1321136767515906	1.0
794000	-9.34194830752417	-6.9166415096104625	-2.4253067979137075	-3.27615872747602	-3.640482782134442	1.4626798847565938	1.41259093442923	-0.1760926689669342	0.060720155567050016	0.6554585062623172	0.09844592058215272	1.0
795000	-10.866708140114287	-7.433850284433751	-3.4328578556805365	-3.2065803807456033	-4.227269903688148	1.5596208775951972	1.9368825686753546	-0.3049510500759985	0.1851433635805193	0.3859343378742233	0.10207542071944013	1.0
796000	-14.768896403579753	-11.31672314026275	-3.452173263317003	-6.210541162978933	-5.106181977283818	3.1547472934689784	0.6094893307784442	0.16046184560166435	-0.26832481840461697	0.899261041434481	0.06457139583439205	1.0
797000	-10.277824859123186	-8.320159041830916	-1.957665817292269	-4.792523890695374	-3.5276351511355415	0.7876418990157984	1.2046036033388756	0.14411066291467123	-0.08512122167588843	0.8795962660131946	0.13644671137141753	1.0
798000	-10.552387372926844	-7.67046039521987	-2.881926977706974	-4.310047649094189	-3.3604127461256814	0.7930377573579738	1.1924925105470845	-0.1915642337249798	-0.4752013182282494	1.1848808220348328	0.19038342660176108	1.0
799000	-11.69304251631048	-7.299010269384667	-4.394032246925813	-3.6586134710849163	-3.64039679829975	1.693633230247499	1.1857844381400924	0.05313583346904971	-0.7728012032142239	0.8242891763285176	0.3045629260189365	1.0
800000	-11.291550442439277	-7.441369752633259	-3.8501806898060194	-3.721273035343059	-3.7200967172901995	2.121258252433967	1.1725851223557315	-0.4800114127629619	0.0187766189472304	0.8792346875772343	0.09583494820671795	1.0
801000	-11.853243692501135	-8.03372359524251	-3.819520097258626	-4.546136164769785	-3.487587430472724	1.4163665275944617	1.4614762367635714	0.3543408258521342	-0.013012411750140895	0.6536055116264039	0.4044329585747688	1.0
802000	-12.88196361963534	-8.015688002387575	-4.866275617247763	-4.4115232672532825	-3.6041647351342925	2.105487161641582	1.5488861518004857	0.18198471021308216	-0.7280532507767002	0.7276758827281025	0.2924208430406526	1.0
803000	-11.090348792391861	-8.815921734275806	-2.2744270581160544	-4.630489189568097	-4.185432544707709	0.9705926053552368	0.8403954907877474	0.28464400944195734	-0.15124110726593676	0.5124824251526023	0.0904716600001244	1.0
804000	-11.474727266404223	-9.623307529262352	-1.8514197371418715	-5.129555353236893	-4.49375217602546	0.6748648855006253	0.9900675359120439	0.06651260200292662	0.24754888767717415	0.783050850976666	0.13143384397415867	1.0
805000	-11.497985750272012	-7.2155168421635745	-4.282468908108438	-3.7739211389279284	-3.441595703235646	2.1827998129546704	1.119193037277262	-0.4594545883490051	-0.33930673004901285	0.3936608305970196	0.25993605920813795	1.0
806000	-12.907755080308089	-7.413843186868162	-5.493911893439927	-3.346659579388732	-4.06718360747943	1.5313560529145043	2.4751442070632224	-0.575783461746046	-0.31776328423269345	1.0574939324372905	0.15493829648331633	1.0
807000	-11.350077699773047	-7.11413773334384	-4.235939966429207	-3.5477499344112857	-3.5663877989325545	1.5152817034986124	1.2323841723904396	0.02135394507188204	-0.7365698092677617	0.6426891872416698	0.381462016681541	1.0
808000	-9.748049493101423	-8.27319711717561	-1.474852375925813	-4.410733809341559	-3.86246330783405	1.009041471518504	1.073528012020299	0.22870115440782998	0.022436208262013313	0.7521793230568031	0.04665355145153722	1.0
809000	-10.36298221520541	-7.5906091285573964	-2.7723730866480123	-3.939223704696647	-3.6513854238607495	2.302354417612328	1.045879053768859	-0.09298359321273994	-0.17983335226695696	0.834998954665695	0.08523374191073378	1.0
810000	-10.8636785214029	-7.350952510587836	-3.5127260108150637	-3.3874802405185056	-3.963472270069331	1.2360178337335448	0.9563144715259715	-0.5818387859376276	-0.06466859445498796	0.5296819046759451	0.1530312528340434	1.0
811000	-13.157409540732393	-7.894908196524188	-5.262501344208205	-3.7363738418995105	-4.158534354624678	1.5700366557172072	1.4913360084817266	0.10234553159568521	0.2484700765956145	2.2602761280572534	0.11248518828532593	1.0
812000	-13.293921024592155	-9.22328904511825	-4.070631979473905	-5.14785334868816	-4.07543569643009	0.5868475347189465	0.8595770582917329	-0.864859273662734	-0.20588267187681714	0.4905016946803979	0.5033233593957084	1.0
813000	-9.957724221223	-7.308407053405518	-2.6493171678174825	-3.8344383245514893	-3.473968728854029	1.2667703684364182	1.3595856986516526	0.1176888691034616	-0.04045160187021957	0.5394324132946486	0.15090722453025845	1.0
814000	-13.473640918923941	-9.013305052803346	-4.4603358661205945	-4.336429244628617	-4.676875808174729	2.6310255147614203	1.8351601231193935	-0.3438610752235781	0.3191444236028417	0.6581180644058967	0.15542153687920307	1.0
815000	-11.658843141489552	-6.82371179664996	-4.835131344839592	-3.204869037959084	-3.6188427586908753	1.5493243508548071	2.151297724420708	-0.30939936225720016	-0.2789409265363417	1.2303168403900724	0.04353556877930233	1.0
816000	-12.373627369365456	-8.185923310906805	-4.187704058458651	-4.7965485853554455	-3.3893747255513587	1.4400961573934539	1.166042227932106	0.40971153210823863	-0.313686351888894	0.5026371431505298	0.05008387148743779	1.0
817000	-10.651810010437249	-7.956386933972819	-2.6954230764644294	-4.557114926013221	-3.399272007959598	2.4212066650335715	1.1897768530131272	0.09704927268077959	-0.23678333728505285	0.522503511239754	0.051915178106982526	1.0
818000	-12.859279994215632	-6.921375759026796	-5.937904235188835	-3.6463334092238617	-3.2750423498029346	1.7917094049530309	1.569669126784466	0.024027087166591216	-0.49554859466148177	1.8508896390468683	0.2518823467891443	1.0
819000	-9.289073905482168	-7.725580144299915	-1.5634937611822526	-3.783969980893812	-3.941610163406103	1.037651968464771	1.0370940544375942	-0.07195900243327913	0.03232643206589714	0.8442411983403522	0.09082109882618697	1.0
820000	-11.818648306054163	-7.1164168680632915	-4.702231437990871	-3.4962438750706024	-3.620172992992689	2.0142942092281007	1.9812643768678828	-0.37586825109818356	-0.5262718003272373	0.5047497162493109	0.15711824978748018	1.0
821000	-12.081444063794015	-9.612902841524985	-2.46854122226903	-5.45850294995882	-4.154399891566164	0.6888008774399778	0.7970260000410581	0.27576646025035506	-0.4875815447373993	1.5599284583706676	0.22239319511860278	1.0
822000	-12.172951506488399	-8.219609789005233	-3.9533417174831653	-4.141973025030536	-4.077636763974697	1.7414798915761793	0.857740057424463	0.20965144228968136	-0.21005070304617912	1.275812430121924	0.4436358963075151	1.0
823000	-11.197840537004499	-7.08548368453087	-4.112356852473629	-3.496010832822032	-3.5894728517088383	1.9712836175923267	1.9978045934121784	-0.15723734062924707	-0.09715455321491358	0.7594226720608879	0.25757477642230553	1.0
824000	-13.23509021690004	-8.719172032470045	-4.515918184429997	-3.77795991368107	-4.941212118788975	1.2354041513283875	0.7495368191356644	-0.8578634816600954	0.14770649532779134	2.0564691993362105	0.33322599897365723	1.0
825000	-9.613392639086166	-6.926229521910157	-2.6871631171760093	-3.7102596921316264	-3.2159698297785306	2.0030316418051086	1.560407561992425	-0.02665806038392088	-0.2682045084589374	0.5606621732805432	0.041811109469542695	1.0
826000	-11.039489571592659	-6.9531033542430505	-4.086386217349609	-3.5335553231629158	-3.4195480310801347	1.1434093392978963	1.1610657948810557	-0.1432674747212735	-0.25917657541279654	0.48116411333819276	0.6783759962167598	1.0
827000	-9.394643519013108	-8.080405927599063	-1.3142375914140452	-3.8333865741213344	-4.247019353477729	1.1851010861541547	0.913851735206354	0.08533440031099873	0.0544011954259602	1.4914213540239543	0.05219833656024479	1.0
828000	-10.965761271193742	-6.732210352943641	-4.233550918250101	-3.2626774000289522	-3.4695329529146886	1.299946474723989	1.910149127870552	-0.3419949441046275	-0.13377322568197642	1.1802001091260896	0.2693121543602069	1.0
829000	-9.8192936373268	-7.657646874301239	-2.16164676302556	-3.778816104024444	-3.8788307702767955	0.9684347349874096	1.0393476775585693	-0.21653014315134925	-0.003445320739726032	0.6816664349273748	0.13788141209225696	1.0
830000	-9.424429201189602	-7.274202340149317	-2.1502268610402844	-3.54060789581699	-3.7335944443323275	1.1852047014599683	0.962237823541463	-0.09166755457834264	-0.31392079872894174	0.6699855084022104	0.05611672929040326	1.0
831000	-11.315163695647232	-7.488775619698776	-3.826388075948457	-3.7816221888829764	-3.7071534308158003	2.260445607545966	0.9637919634346087	-0.18997714694994272	-0.38149118658393805	1.0549537266668847	0.1445359996930223	1.0
832000	-10.040543774888128	-7.2627005660224055	-2.777843208865723	-3.4125509672889773	-3.850149598733428	1.1561812664681546	2.196538638408405	-0.28508412492150714	-0.06493545421602465	0.7522735294546289	0.0447160093611438	1.0
833000	-10.61651897355505	-7.565571280268496	-3.0509476932865525	-3.2666480393976967	-4.298923240870799	1.578961548167383	1.51950510580674	-0.1837817365775459	0.28500005090504266	0.6201334896123856	0.032789851770569194	1.0
834000	-11.05757150089211	-7.509208669468753	-3.548362831423355	-4.051336480808238	-3.4578721886605157	1.043314339639456	1.1023392286532527	0.097355530218391	-0.3763418220353912	2.143264314900158	0.1590307669273829	1.0
835000	-8.583765735016755	-7.171751426408237	-1.4120143086085177	-3.483174251927225	-3.6885771744810123	1.2838010408914464	1.0210440878762814	-0.06536922537143657	-0.1909197613819684	0.9647098618425496	0.03907117471360083	1.0
836000	-10.651757800331794	-6.940030679157563	-3.7117271211742313	-3.2365892199815054	-3.703441459176058	1.3595043156951971	1.0981780971597341	-0.3096769226798174	-0.05576990678102678	0.17933710588955526	0.05259926183625527	1.0
837000	-10.690582501319952	-7.706490957067626	-2.9840915442523266	-3.6436871326483318	-4.062803824419294	1.714850940877941	1.3366625314471068	0.0422121341438095	0.21678625849376015	0.7401582140120052	0.15368209696210816	1.0
838000	-9.831351787940395	-7.735580585827315	-2.095771202113081	-4.39534058589731	-3.340239999930005	1.0552850465468753	1.3585578434540024	0.2506716436468426	-0.14522441523889898	0.6533428789981549	0.043294721230192304	1.0
839000	-9.807193472154124	-7.361588936514055	-2.445604535640069	-3.9759208770419274	-3.385668059472127	2.1442049996541637	1.4512837021127392	0.026572413707972198	-0.07975114459944181	0.42230075448480087	0.06811226976489596	1.0
840000	-9.760315654001138	-7.624486108833681	-2.1358295451674567	-3.6052465774132627	-4.019239531420418	1.0848270695378377	1.142044902256886	-0.1576226756347841	0.14787069403552255	0.8761896983269547	0.12120861466014186	1.0
841000	-9.987634870844683	-7.496380690742251	-2.491254180102432	-3.9610002723124467	-3.5353804184298045	2.2470388111818864	1.8876470371017469	-0.03805700455670116	-0.07105967399240518	0.42743688719867495	0.05663049450873163	1.0
842000	-10.540939035962532	-8.315669465802983	-2.2252695701595484	-3.4986739468192436	-4.81699551898374	1.0964717685686516	0.6959468379642249	-0.27721057643871205	-0.08968844455047804	0.517289404146393	0.10349582027874288	1.0
843000	-14.070729022085676	-9.908787331493038	-4.161941690592638	-5.4127692898694075	-4.49601804162363	2.4645234039294817	0.7260037860747967	0.27733664800235436	-0.2987349945420038	0.2385054031693789	0.1632318147414815	1.0
844000	-10.26583432227016	-7.353948648774177	-2.9118856734959837	-3.6894485919058777	-3.6645000568682997	2.1283156596314026	1.061975578065414	-0.12196219588051194	-0.1367264153337237	1.0046336918593375	0.10156240278022514	1.0
845000	-9.077738447300227	-7.306113291518898	-1.7716251557813296	-3.325090661498176	-3.9810226300207217	1.5752824959364344	1.2261753946752567	-0.12347493264261745	0.16564477620431978	0.9482474320515498	0.02597105950922137	1.0
846000	-9.976547082472658	-6.89513030610542	-3.081416776367238	-3.417213003321528	-3.4779173027838914	1.9328495241804327	1.4405787802214487	-0.22090296226681447	-0.02088674025320611	0.6737000167379708	0.13517366020410057	1.0
847000	-13.221521636910566	-7.52246894528475	-5.699052691625817	-4.14492964335761	-3.3775393019271394	2.5329547824865255	1.202647018337922	-0.2700544439371737	-0.24969861204562188	1.2694313342187966	0.5961676897299264	1.0
848000	-9.444143376044007	-7.170326902439948	-2.273816473604059	-3.3698604829120646	-3.8004664195278828	1.5951305845592845	1.5348188262463311	-0.08973654110730787	0.129402711356683	1.1112832524175937	0.044645115151900235	1.0
849000	-8.7084862166799	-7.202305288622432	-1.5061809280574683	-3.5605272485263795	-3.6417780400960518	1.1352820890150128	1.1221682082058182	-0.1280931732929957	-0.07539462491785268	1.2174489725531297	0.05590521103731964	1.0
850000	-10.247261082694129	-7.022035940689328	-3.225225142004801	-3.285325911459508	-3.7367100292298203	1.7746070065613124	1.4969999928473694	-0.3377197764269971	0.1061686306985897	0.9003039874855422	0.06662612127880715	1.0
851000	-10.825545793868379	-6.505501961602215	-4.320043832266164	-3.3016437073903195	-3.2038582542118963	1.4108559232254638	1.528560822236404	-0.16252948945252915	-0.30722519912744917	0.7401122247128142	0.681193687298601	1.0
852000	-13.844163369387246	-9.733204345045873	-4.110959024341372	-3.50846852130301	-6.224735823742863	1.0702776711484265	0.44122988856189665	-0.47847970122087646	-0.515307580727635	0.9398633876135969	0.07428559053681127	1.0
853000	-13.263793881295365	-9.138933356739965	-4.1248605245554	-5.788078941839705	-3.35085441490026	3.3409643572161856	1.5560565944725755	-0.0890665389417562	-0.10078589641389887	0.3589426714821904	0.20947903954699842	1.0
854000	-13.106960482414848	-10.029714033426162	-3.0772464489886864	-5.5184851254255625	-4.511228908000599	0.5717878830669616	2.6046954832812554	-0.08102716169376245	-0.025541476027660395	0.9615412686469761	0.14690756055107618	1.0
855000	-12.574277527115935	-8.622251098227586	-3.952026428888348	-4.669555931189676	-3.95269516703791	1.2074768588494955	2.4058424817857262	0.37888120066641995	-0.26016968866238854	0.759674749887475	0.15615572319152263	1.0
856000	-10.71990314313535	-8.812017637780137	-1.9078855053552126	-4.940508031210384	-3.8715096065697527	0.7329857655865865	0.9011274050213081	0.11055324099003194	-0.34446719240855656	1.825410982221094	0.07929510069795642	1.0
857000	-10.714989644470782	-7.618710831048816	-3.0962788134219656	-4.362103984324062	-3.2566068467247535	0.7652966448082772	1.3725330460878384	-0.2578208256311624	-0.2438781086791258	2.0429864564820472	0.09796309240881099	1.0
858000	-12.456457081509773	-9.267123463109805	-3.189333618399969	-3.2656184385345446	-6.001505024575259	1.3227139090915352	0.5961683328263448	-0.45876913123630003	0.30998056700761434	1.6751963612828493	0.20965957331091306	1.0
859000	-10.112579658227279	-7.81676020083697	-2.2958194573903095	-3.6684229290042607	-4.148337271832709	1.144882018718683	0.8798904791296674	-0.0341929709630408	-0.07612931411489092	1.1164449962016552	0.20198812395456192	1.0
860000	-11.418422143757851	-7.263881847070326	-4.154540296687524	-3.7230091096507505	-3.540872737419576	1.030101718410527	1.1331007395943735	-0.13616681375991438	-0.6642355389505326	1.7743503265944522	0.3682593651794367	1.0
861000	-11.401342385974573	-8.190721295814495	-3.2106210901600787	-4.746054844829555	-3.4446664509849407	0.9443546874907682	1.6976946086601425	0.30747720306779364	-0.058337653953499546	1.6518189912618295	0.03888015427519796	1.0
862000	-9.78095725041031	-8.346611384046474	-1.4343458663638353	-4.14791091471909	-4.198700469327384	0.9892726036383689	0.8812062534859367	0.0950066385767131	-0.034632104189319945	2.0125058519649337	0.0573696257567834	1.0
863000	-12.327826510061861	-8.229460014362411	-4.09836649569945	-4.430169418600983	-3.7992905957614287	1.8929733627742036	2.0543259045514413	0.2493489395932841	-0.007620816621840942	0.3771358390227516	0.27480007391027306	1.0
864000	-11.314578487005205	-7.0990819025551986	-4.2154965844500065	-3.211234354685636	-3.887847547869563	1.4229571185016878	0.9283274363800027	-0.3296564150970992	-0.7277261370141852	0.5316322339832362	0.286196180673422	1.0
865000	-9.959022466055394	-7.362785089434718	-2.596237376620677	-3.2446294749968714	-4.118155614437846	1.6986634472921247	0.8842256354969203	-0.3275722748466514	-0.09074207966868456	0.8242917124066577	0.09221962784884923	1.0
866000	-12.849053391753543	-7.690640695744531	-5.158412696009012	-4.2231491526755125	-3.467491543069018	2.5366337087267086	1.184671726734581	-0.3917894534392359	-0.6328219794849684	0.7121760582612825	0.14308721465325625	1.0
867000	-11.088786757457903	-7.0589017900348665	-4.029884967423038	-3.6963403646563	-3.362561425378566	0.9877876052049733	1.6784447198634547	-0.2764942876393388	-0.533044355851175	0.4125472279542522	0.23721617796435812	1.0
868000	-11.183179184332616	-7.952423670645337	-3.230755513687278	-4.646642777759829	-3.305780892885508	2.804560037495196	1.6061072083386165	-0.15676529317173682	-0.14545330237057458	0.538010340776068	0.08226418952985654	1.0
869000	-9.999745921045193	-6.780378687197524	-3.2193672338476698	-3.376529692998962	-3.4038489941985617	1.7740925604953537	1.1863814677760234	-0.13662929316264577	-0.23555694101825486	0.5655652604048577	0.1978827953745128	1.0
870000	-9.580381557588709	-6.541357316521317	-3.0390242410673913	-3.307888108915919	-3.233469207605398	1.2415155046985753	1.5471054561654767	-0.3315030671258593	-0.2280714782006249	0.8889884139266914	0.08384942557198316	1.0
871000	-10.852542361012617	-7.945488158433125	-2.907054202579491	-4.692224005396313	-3.253264153036812	0.7327013833040461	1.611865072513767	-0.05669064242586365	-0.4482327221068977	0.7076496249066715	0.10567031946128266	1.0
872000	-11.662318553134932	-8.175123221819764	-3.4871953313151685	-3.4654857734578814	-4.709637448361882	1.114230312683896	2.662589929161402	-0.2917382325014081	0.016139860281978613	0.806416638162398	0.1086619668991089	1.0
873000	-13.488637381064276	-8.226004918758319	-5.262632462305958	-3.320423346851247	-4.905581571907072	1.2569108010893162	2.868112957161382	-0.5004829019878377	-0.4443828804565448	0.23116981725633526	0.2992202183463331	1.0
874000	-15.715684968508025	-10.262981266670447	-5.452703701837577	-4.745846999251961	-5.517134267418486	0.6546873824958734	0.8080337334762647	-0.6950760065810485	0.45373451084361816	0.1814700899765442	0.3654645594797183	1.0
875000	-12.399647632112705	-7.196303155294503	-5.203344476818202	-3.252083903013134	-3.9442192522813695	1.7115760959420148	0.8893947248177227	-0.3429870185004639	-0.2656977901782425	0.1638963866903973	0.4016408553047698	1.0
876000	-10.573395425215049	-7.597530043719509	-2.9758653814955394	-3.9690176969396394	-3.628512346779869	1.4950650757220039	1.5716686554738106	0.19012081493191843	0.05706911962729408	0.5438342957172106	0.1530916902218087	1.0
877000	-8.920063659320203	-6.7905594156801135	-2.129504243640089	-3.51283602500773	-3.2777233906723833	1.1216696120085203	1.4133719808768497	-0.19877405888222727	-0.1891799070051316	1.0606765453261373	0.03757341895425373	1.0
878000	-10.318576028458649	-8.53473155938952	-1.783844469069128	-4.513818912852263	-4.020912646537257	0.7574150482400178	0.9845940931238074	-0.12241938873928537	0.01812894870026105	0.5301397836059571	0.09777477408203562	1.0
879000	-10.640028393377438	-7.480830620972876	-3.1591977724045623	-3.464950792172548	-4.015879828800328	1.1071311183205619	1.0626705687236007	-0.50649229527905	0.09574910509757084	0.7735997026295872	0.2415744922660209	1.0
880000	-11.809664618681792	-7.449019728552762	-4.36064489012903	-3.267882370099356	-4.181137358453406	1.2932272270080527	2.297835076436582	-0.41141956120686146	0.03031444596768018	1.0977285450168077	0.1831796301832284	1.0
881000	-12.336582690649637	-8.470418054730688	-3.866164635918949	-5.23107012381577	-3.2393479309149176	1.220770810852204	1.658753740729112	0.5088160060334944	-0.2613963155181727	0.5378057644820284	0.22797182173028316	1.0
882000	-15.695478464781877	-11.91250538383801	-3.782973080943867	-3.6175119756005056	-8.294993408237504	1.3773614514383627	0.3080348831035858	-0.771523791407081	0.008425274353341866	0.6801010778179826	0.1599934753606768	1.0
883000	-10.047318357276346	-7.0450195345091755	-3.0022988227671705	-3.5326427855999114	-3.512376748909264	1.9848972968117704	1.2629200086229728	-0.1333539691612788	-0.05622288473320419	1.4994013572715839	0.04344429464515857	1.0
884000	-11.868637122027085	-6.498289248041171	-5.370347873985914	-3.2637637656612495	-3.2345254823799223	1.5216766047111296	1.4785858279564756	-0.4960565479407362	-0.4599437127329833	1.5297753478038971	0.5264085960522531	1.0
885000	-10.652323187530252	-7.541266108695897	-3.1110570788343552	-3.9163097661298165	-3.6249563425660805	1.2061326128660197	2.037528346340395	0.1322025016384818	-0.09878527190700218	0.4526139100230367	0.1543375902460693	1.0
886000	-10.778972328787928	-7.17962731862019	-3.5993450101677387	-3.829971514484987	-3.3496558041352027	1.9535687671193298	1.8314206104810677	0.04892834331678303	-0.2080565075243264	0.32917435844487153	0.15686006791888754	1.0
887000	-10.139344793199893	-7.553606690689863	-2.58573810251003	-4.299717137213173	-3.25388955347669	0.8625386625349981	1.556936103656246	-0.002154845071186212	-0.19763589490344524	0.8557757816303209	0.17444832709865618	1.0
888000	-10.195113197219754	-7.453249498851237	-2.741863698368517	-4.09206941603795	-3.361180082813287	1.2724916924942757	1.8037284176953752	0.2175756022393981	-0.16951366488064146	0.6580624652224324	0.09440166837710376	1.0
889000	-10.753422569954749	-7.683826897145389	-3.06959567280936	-3.2151164328009223	-4.468710464344467	1.5655142946515634	0.9551955612389706	-0.395472802842638	0.21029167507252225	0.8714284076721289	0.14456690281946147	1.0
890000	-12.063384782410836	-8.48845913963583	-3.574925642775005	-3.9412035101882292	-4.547255629447601	2.367728116227553	0.7230114074246764	-0.3738342757830281	-0.24340787077448559	0.7736832839399587	0.1778361901760513	1.0
891000	-11.362361732241869	-7.44058070899862	-3.9217810232432484	-3.5790043373467633	-3.8615763716518563	1.0302297530003726	1.2450654639344345	-0.35751827595233127	0.12262546999126872	0.7958070518467346	0.7573729468305979	1.0
892000	-10.099101874338285	-6.979668457641941	-3.119433416696342	-3.623435734902629	-3.3562327227393123	2.145392198274146	1.4295881226379865	-0.22703384100786966	-0.10651102657887285	1.08663615389237	0.03919019265771984	1.0
893000	-10.336593444324627	-8.12314620284831	-2.2134472414763158	-4.211518939904285	-3.9116272629440254	2.0194080855343137	0.9599231863212648	0.15542716114430807	-0.09982587957690076	1.2431275944069924	0.03309411759731169	1.0
894000	-9.030694848508741	-7.175243136396723	-1.8554517121120169	-3.434634739130418	-3.7406083972663047	1.329619003972637	0.9874841057814109	-0.0786440271136021	-0.21153837935778308	0.7279381959915401	0.06903882005547111	1.0
895000	-11.337485177024604	-7.027008475082617	-4.310476701941988	-3.4941063249515074	-3.53290215013111	1.127183418595349	1.0779730812521506	-0.6033343211914731	-0.5724459086456205	1.5305851536128916	0.300298625522061	1.0
896000	-10.407164413776945	-7.508380265529464	-2.898784148247481	-3.964455066710875	-3.5439251988185894	0.8668003139708818	1.8218533371004708	-0.35259263169707694	-0.037916539029814234	1.0646665375888593	0.09932483974337802	1.0
897000	-10.254063608243637	-7.790596182197456	-2.463467426046182	-3.526868828236016	-4.26372735396144	1.9404156289603285	2.087008087410952	-0.10636677313403761	0.1476586310755283	0.8008745687384696	0.023671458644729918	1.0
898000	-11.532972993027567	-7.134996173778164	-4.397976819249402	-3.341121118918919	-3.7938750548592455	1.6018000788660025	1.4036265215372947	-0.5488072153069763	0.12576636198199548	1.254255841737659	0.24718199508176372	1.0
899000	-14.795102362386293	-8.305857283479218	-6.489245078907075	-4.576893356364708	-3.7289639271145103	1.4978249382137159	1.1381169560721167	-1.0701533351622807	-0.812941373943453	0.2830342973018155	0.3879325633065293	1.0
900000	-10.713393190503961	-8.503657789861991	-2.209735400641969	-4.212097399532178	-4.291560390329813	1.6765737113368937	0.8489297264106963	0.24112992274713863	-0.03740925708521042	0.42839784848659124	0.04935947904456441	1.0
901000	-10.335462344638188	-7.1817074103946545	-3.1537549342435334	-3.8769336962841745	-3.3047737141104796	1.27993548194944	1.5708722686412948	0.13900916714889372	-0.1415999648820933	1.0186943487294056	0.19126164583808586	1.0
902000	-9.85171710675292	-6.821274026192834	-3.0304430805600857	-3.4655560509070567	-3.3557179752857778	1.774423653283378	1.3651287084374075	-0.06841851284976294	-0.1276608806764561	0.40542212637534436	0.14079798955221473	1.0
903000	-10.184447693441049	-7.7443189501417855	-2.4401287432992635	-3.503654977489853	-4.240663972651933	1.384205435722787	1.368761929493123	-0.015605611668703862	0.2741158090643764	0.7665451807588797	0.08224863841703149	1.0
904000	-11.502553166190168	-7.532501205096969	-3.970051961093199	-4.065541125966773	-3.466960079130196	2.4813889871577754	1.4789888875932138	-0.2512390754873605	-0.02368921233126181	0.4736934618909293	0.25599370911204045	1.0
905000	-11.700047525551588	-7.636089796134698	-4.06395772941689	-3.447089185501107	-4.189000610633591	1.7271041890209524	0.7868588667443406	-0.06490373308830372	-0.5501856985778153	0.5378688869240191	0.5144339549006787	1.0
906000	-11.211229305387814	-6.695441835381397	-4.5157874700064164	-3.293985264565134	-3.4014565708162627	1.2758023234183526	1.6403760323930268	-0.46775201123980154	-0.07419822834023482	0.43439499887606137	0.6514006823587503	1.0
907000	-11.265189980597123	-7.539191821624577	-3.7259981589725464	-3.7063540833467012	-3.8328377382778758	0.9612104658353342	2.2151687094443666	-0.48724398364131766	-0.09014663868518005	0.7922934265644573	0.11328252658789709	1.0
908000	-10.432983388849449	-8.784606767141304	-1.6483766217081455	-5.308950561402174	-3.4756562057391296	0.5912814978010815	1.6534610367683271	-0.1611097970873951	-0.029975336943510122	0.32406695057385915	0.023981857070000053	1.0
909000	-10.358937692906732	-7.307810269514153	-3.05112742339258	-3.212443299655373	-4.09536696985878	1.4811539269638265	0.9473734180038357	-0.41076270333992	0.012482506152117875	1.3311733092059495	0.06827029749198889	1.0
910000	-11.633730033408566	-6.9399163057312485	-4.693813727677318	-3.394470101108768	-3.545446204622481	1.6875028375956016	2.0116553376358013	-0.08989156707420226	-0.14424736115805956	0.6799880316164435	0.6353751591776201	1.0
911000	-13.573536012515296	-11.059820121065199	-2.513715891450097	-3.7812690449241426	-7.278551076141056	1.0749237774340674	0.4215433001458794	-0.02714191957822315	0.2853337033205951	0.38620108659030444	0.11513384075573893	1.0
912000	-11.050361827731136	-7.65883343077714	-3.3915283969539964	-3.604073459767278	-4.054759971009862	2.1279766856854803	1.1390971981246691	-0.22663207425628043	0.1613503821536885	0.482558233145304	0.18453526128465386	1.0
913000	-16.030503396797382	-9.237230970459828	-6.793272426337554	-4.214440527594801	-5.022790442865027	0.9096120427448421	3.0213573933853115	-0.9678971296563036	-0.2934168242194644	1.032414180970637	0.19835504619586755	1.0
914000	-10.405226891451138	-7.616895721001207	-2.788331170449931	-3.9620343468066963	-3.6548613741945104	1.4751546395176254	2.057404103241804	0.18847709660483788	-0.0915518414072316	0.5869453636849196	0.08710541654390602	1.0
915000	-9.18575121947303	-7.211609267809989	-1.9741419516630403	-3.8020201545565815	-3.4095891132534075	1.969820643208471	1.5105752752955866	0.031098196460615225	-0.05810187909981673	1.1444780721942391	0.02569149650399771	1.0
916000	-10.858663912677432	-8.072165382578927	-2.7864985300985046	-4.456279358406681	-3.615886024172246	0.7924377386208	2.14757765740523	-0.057260148907729985	-0.26320551566701456	0.9296450325919059	0.10147224300101712	1.0
917000	-10.07686105389304	-7.821398144216935	-2.2554629096761047	-4.506303777191015	-3.31509436702592	2.5242179682347166	1.5370549916882585	0.02594464016837411	-0.13017867724330912	0.7804080250530105	0.028541030401282377	1.0
918000	-8.806277801967353	-7.376605626538478	-1.4296721754288755	-3.643215204548827	-3.7333904219896503	1.798316232871652	1.1423648750218307	0.020660854833149382	0.0049843319074081155	0.36285260160133037	0.02988756579489333	1.0
919000	-11.404572065732099	-8.328621613204046	-3.0759504525280534	-4.727909085172497	-3.6007125280315493	0.8926516964197533	1.0970171963946345	0.257408363611376	-0.14283233282422805	0.23759193295138326	0.05589957470594967	1.0
920000	-11.460479036855569	-6.821206666392381	-4.639272370463187	-3.5110485467513697	-3.3101581196410113	1.2743409470389822	1.4586721332986985	-0.7073425384331653	-0.1411552759063521	0.742504874384765	0.10848683459948305	1.0
921000	-12.92669119084755	-9.195621802231498	-3.7310693886160515	-3.880299726816585	-5.315322075414913	1.8398094260452427	2.5280610312215948	0.10441594372160387	0.23639064767900364	0.7524187018199889	0.1009735935167161	1.0
922000	-12.627014833544855	-7.663964060027215	-4.963050773517639	-4.225064521695968	-3.4388995383312473	2.3149723070974932	1.9789081754999107	0.03809368344221925	-0.3048771537260569	0.6564896570316643	0.5360876950793968	1.0
923000	-10.097256913588286	-7.162602822386122	-2.9346540912021637	-3.2137649650572873	-3.9488378573288347	1.5807740664651784	1.112969077321987	-0.38010938605244404	0.09943494113678802	0.8338417791559035	0.057363611801042935	1.0
924000	-13.48066373430768	-10.589299066052607	-2.891364668255071	-4.696283256772605	-5.893015809280001	1.058784794803271	0.6908085651448854	0.3513075302493608	0.448439982294718	0.8019342423692992	0.1294536492865995	1.0
925000	-11.934061452583542	-8.127724524904213	-3.806336927679328	-3.2469000957513865	-4.8808244291528275	1.68373046507056	2.0547700380620606	-0.26507984774460863	0.3043061967121736	0.8274792820187256	0.08931594826703691	1.0
926000	-10.715446678522103	-7.346363815064436	-3.3690828634576677	-3.276660824198901	-4.069702990865535	1.2844852791726666	2.4400363917645262	-0.32181870646241334	-0.14065279982670215	0.5148387624014319	0.09240609745044599	1.0
927000	-11.283833389068409	-8.56729822208201	-2.7165351669863984	-3.3334084093245275	-5.233889812757483	1.2157729171213527	0.6090522651525944	-0.3228070039228091	-0.12847099708796933	0.6514762804503007	0.2427156984714683	1.0
928000	-9.704950170690102	-7.383130519988143	-2.32181965070196	-3.887193480562853	-3.4959370394252893	0.9500726070033694	1.1282965686028683	-0.1433477987921499	-0.20842027503654525	0.8938597175138084	0.16698782378679647	1.0
929000	-11.853596783415007	-8.255765521393144	-3.597831262021864	-4.01091775517008	-4.244847766223063	1.5581957390968464	0.7840315424362416	0.19913260949283407	-0.3345026771951273	0.8415946932598221	0.02381998404189861	1.0
930000	-12.479790039089945	-8.93119446335608	-3.548595575733865	-4.101660258510839	-4.829534204845241	1.6958589024195159	1.1585220874303985	0.20695146337995712	0.4130462489812323	0.5235581114485699	0.19910663731818048	1.0
931000	-10.640162964592442	-8.704188807720193	-1.9359741568722484	-3.5403207458051087	-5.1638680619150845	1.5464389973209807	2.8174050912344666	0.016769077755684536	0.07402928643010272	0.14984665072390121	0.009515395996322316	1.0
932000	-13.234319847447019	-8.13271863851482	-5.101601208932199	-4.699619528231499	-3.4330991102833224	0.7268380027048967	1.835578866578662	-0.07113746533518003	-0.11910157272441171	0.23458022975834728	0.7790851585229024	1.0
933000	-11.9787315127741	-7.075254608781721	-4.903476903992379	-3.292236153655754	-3.7830184551259673	1.7232438010777626	2.266058605134627	-0.20518194580186827	-0.3527744987931982	0.1351217966178073	0.09553200674870198	1.0
934000	-12.25097322813875	-8.427862819025007	-3.8231104091137427	-5.212851611882925	-3.2150112071420818	2.657539149162265	1.4832345606436714	0.16353851760444488	-0.27069609425960306	0.2786645493120837	0.11577422664013241	1.0
935000	-11.090500039384853	-6.6074383784013975	-4.483061660983456	-3.405534709136032	-3.201903669265366	1.1405146942915831	1.519277301272247	-0.3895506825111264	-0.35893190179388224	0.2797074632148519	0.35127996047484433	1.0
936000	-12.27072398540828	-8.041477939267343	-4.229246046140936	-3.2470669867622006	-4.794410952505142	1.7031629508467716	0.6428786570623378	-0.3336843424005212	-0.6238080394215768	1.56544995632381	0.24299254971932965	1.0
937000	-11.719221772930833	-8.525158103658994	-3.194063669271839	-5.271443047180197	-3.2537150564787964	0.564518893626787	1.3127503875478235	-0.47475821453989187	-0.35369313638256045	1.2387398483244205	0.09882182001013119	1.0
938000	-10.507967393117607	-7.107627100627903	-3.4003402924897044	-3.33888954368895	-3.7687375569389534	1.2041429873540963	1.1901607481614729	-0.35008111210999454	0.0557144450830202	1.2186214505270831	0.31337992060672776	1.0
939000	-13.828213419744426	-7.671473421390355	-6.15673999835407	-3.2468312131599806	-4.424642208230375	1.5844385173172326	2.6989048057873424	-0.45191140622155535	-0.2936838405954637	1.3732138332954567	0.15044049046364935	1.0
940000	-10.21959712692668	-7.5668150607240126	-2.6527820662026675	-3.827747326586506	-3.739067734137507	2.234463522882839	1.916962072526999	-0.11075210001810093	0.024175227861470694	0.5853870510533352	0.06136229960102728	1.0
941000	-13.599690738507318	-8.316343644441659	-5.283347094065659	-4.638756353924443	-3.677587290517216	2.6785566101974068	1.913394016311924	-0.4934123366330884	-0.0030002875477648794	0.8788993168616024	0.06412511698734485	1.0
942000	-13.805204639333667	-10.01814876384848	-3.787055875485188	-4.21292840895167	-5.805220354896809	1.5080265840706948	0.7150711097640521	0.2627180625898108	0.4504587721798487	1.3427642184309876	0.05568993897001968	1.0
943000	-8.571129092150631	-7.422900110344514	-1.1482289818061178	-3.5343321877242877	-3.8885679226202265	1.3611780074815054	1.0282095869655774	-0.0033248789945513613	-0.010437894732732031	0.43928422511562326	0.03383501672835227	1.0
944000	-14.767154777465194	-11.450434352979414	-3.316720424485781	-3.6531663811320954	-7.79726797184732	1.7537668758018232	0.3217750234824386	0.03732664157773101	-0.27626236441431884	0.3204700133387176	0.18856653278934296	1.0
945000	-13.479809337595881	-9.53560692705165	-3.9442024105442313	-5.856667356686495	-3.678939570365155	2.7552724146935943	1.9095899766552253	0.25470993348516374	-0.0008253799503415427	0.22509102643567333	0.10785643433880979	1.0
946000	-14.067769831595097	-7.310740801112065	-6.757029030483032	-3.6929769643947328	-3.6177638367173324	1.8353457389735888	1.2656097920316238	0.03190402106860919	-0.7741730540151042	0.6003800653207751	0.06238994568811952	1.0
947000	-12.289319952112224	-7.49072141769887	-4.798598534413355	-3.27313441814715	-4.2175869995517195	1.496235553474098	0.8708307009264605	-0.17432249379272133	-0.9249883049904959	0.45014295437749213	0.2851452018172918	1.0
948000	-10.16512787804695	-7.274846538932623	-2.8902813391143276	-4.05015710574034	-3.2246894331922835	1.2774665866557189	1.4624560224329965	0.2039248400834451	-0.25407059634762763	0.48922484748387207	0.11147424798198584	1.0
949000	-12.27531656466072	-7.339851847940712	-4.935464716720008	-3.8751671868182402	-3.4646846611224715	2.3385832283977654	1.9867038914939341	-0.20495071190315767	-0.368799601489205	0.27543957503497246	0.4110281334026147	1.0
950000	-11.212058213649719	-6.505460642158244	-4.706597571491474	-3.201446216207235	-3.3040144259510096	1.5199029979637033	1.5422876412041608	-0.3531980828613892	-0.5349294484890661	0.9813110069126224	0.09361706008024284	1.0
951000	-10.334318308714769	-8.644050968944317	-1.6902673397704522	-4.538466419440616	-4.1055845495037016	2.7034859177830493	0.9228563960187652	-0.10047966834833899	-0.020695770205376995	0.5780478789612755	0.029679145942952283	1.0
952000	-12.462461548143676	-7.301762930685983	-5.160698617457692	-3.2638447151914347	-4.037918215494548	1.6393541940204541	1.537879870517766	-0.4483328134436592	0.20929158461079017	1.5126302252276502	0.37442319240104643	1.0
953000	-11.1349191256334	-8.198817668078513	-2.9361014575548876	-3.607125946849971	-4.591691721228543	1.3252096196428833	1.7706460333579768	0.0268759633111407	0.3150540330954642	0.7081438517757462	0.1036760036348863	1.0
954000	-14.59238577472131	-9.419552658081923	-5.172833116639387	-5.467044077294172	-3.952508580787751	3.188793122313126	2.2561567191676772	-0.09107954949258154	-0.5084521654825676	0.5151927179244802	0.07361724764280886	1.0
955000	-9.919518840756453	-7.162291971219336	-2.7572268695371167	-3.316525934939322	-3.8457660362800135	1.224811424406999	0.9473024931229871	-0.381914651062827	-0.19487779688267876	1.020279130404615	0.05742956719831223	1.0
956000	-11.673510365542633	-6.9496486126198596	-4.723861752922774	-3.439133406714214	-3.5105152059056457	1.7467876665802649	1.0707936209750735	-0.5559337117601606	-0.4909816362367432	0.5203934419531004	0.12580549886321787	1.0
957000	-11.068066870264571	-7.276931955057347	-3.7911349152072247	-3.6355169157528433	-3.641415039304504	1.9033447601040103	0.9917176113635555	-0.020118376754917205	-0.4377112879197512	1.341803059336243	0.0945805269063993	1.0
958000	-13.83448909104666	-8.66205868383097	-5.17243040721569	-4.150743455063223	-4.511315228767747	0.8452300364503085	2.5549399510622792	-0.17117372600660757	0.008857130667555835	0.8216419900157126	1.1446474844253856	1.0
959000	-10.859891794771286	-8.143964109914439	-2.715927684856848	-4.6710117336723265	-3.472952376242113	2.038463508545047	1.6131598106855718	0.26492842762451446	-0.025218311293010998	0.5061466590149292	0.040509953253339524	1.0
960000	-9.71228572253998	-7.925799891396171	-1.7864858311438083	-3.868384339107774	-4.057415552288397	1.1077589673405825	1.1321948265969295	0.054934559787838226	0.15906394703874188	0.43994354885503983	0.05236881941603277	1.0
961000	-10.711420603262786	-7.77755239354666	-2.9338682097161257	-4.4457975825946585	-3.331754810952001	0.9044730103351605	1.5810100379570524	0.1470630539532935	-0.11832451960701107	0.2744910061699256	0.0943511598213244	1.0
962000	-8.845814949888071	-8.026617673997361	-0.81919727589071	-4.3117915752027764	-3.7148260987945836	0.8224719967567693	1.2393751085338918	-0.08935327689872372	0.05187843046623177	1.2139923495290283	0.03781407962979806	1.0
963000	-14.260328120710216	-9.934927673826689	-4.325400446883528	-6.721103624110334	-3.213824049716354	3.695026473254947	1.5307384355490536	-0.023919883076159137	-0.40735310209176423	0.3299373700834886	0.06543021536599666	1.0
964000	-10.612965107106138	-7.684966577832194	-2.9279985292739434	-4.087652230091909	-3.5973143477402845	0.8306943951580316	1.2845995671407973	-0.3261163694294576	0.007468372177532767	2.14755652793599	0.06135530777803754	1.0
965000	-10.48602025213098	-8.084554438337184	-2.401465813793797	-3.8295398581584816	-4.2550145801787025	1.9605643614381612	0.9055446250845012	0.04613211959954078	0.04635761382060879	1.8007228366776395	0.03046091630793931	1.0
966000	-11.540696901536553	-8.345764627340149	-3.194932274196403	-3.822821641620613	-4.522942985719537	1.5999372007936123	1.571384694647807	0.13188165230134052	0.3344581517628591	0.7266240770122625	0.11888220556839199	1.0
967000	-9.022112410421528	-8.760191256581729	-0.2619211538397983	-4.172414636287918	-4.587776620293811	0.9060380989855168	0.7690799915822063	-0.005031841030238689	-0.023759386985087283	0.5340016048650001	0.023811903446164965	1.0
968000	-12.874335511084002	-8.955571260890395	-3.918764250193607	-5.745374414688767	-3.2101968462016286	2.7203601821066545	1.5505557478141987	0.24752890735891284	-0.2839093210676328	0.5057865645177184	0.1447818307734876	1.0
969000	-10.040003733823838	-8.129210924935572	-1.9107928088882649	-3.604772890516056	-4.524438034419516	1.0987656448669474	0.7676054719925122	-0.13632005886598503	-0.07771474843015197	0.735762179947457	0.1345993038090164	1.0
970000	-9.569831060462963	-6.661154499389143	-2.90867656107382	-3.303128682548717	-3.358025816840426	1.2932244717065382	1.7615507016554872	-0.24134743871746836	-0.1480409122543205	0.9839213931355394	0.08923934314005677	1.0
971000	-10.339716144334684	-7.562573990538721	-2.777142153795964	-3.8050112180009172	-3.7575627725378036	1.2603128659840814	0.9821256140393256	0.10280547907089219	-0.20482076218488948	1.152657744278662	0.22848354468802692	1.0
972000	-11.988540451122455	-8.24323493173014	-3.745305519392316	-4.454344198255177	-3.7888907334749633	1.0885267464138435	1.6336395323108648	0.2865081707554646	0.11516312418037034	1.837049095374996	0.0902339580886532	1.0
973000	-12.368070077491842	-7.145658238980927	-5.222411838510915	-3.7657566543442913	-3.379901584636635	1.555340947223174	1.3639289038819846	-0.7974512246563467	-0.6192529101048392	1.0685371040531257	0.35695628329576323	1.0
974000	-9.415154982431602	-8.464832552317018	-0.9503224301145832	-5.018685483273879	-3.4461470690431386	0.640588974187022	1.3300479794936957	-0.16413212607215608	-0.07002901626220807	0.7730745531251334	0.03319185750722276	1.0
975000	-11.835427331017167	-8.501005378942782	-3.3344219520743845	-5.148925833601605	-3.3520795453411774	2.583177595561696	1.5927080251106498	0.17998339365235566	-0.1030429498571694	0.42029333178575684	0.11270618801459123	1.0
976000	-16.449997369578718	-11.483103432912777	-4.96689393666594	-6.671139605439192	-4.811963827473586	3.666773335924793	0.7523762084535467	-0.4403966878108132	0.08122729438230517	0.7350944672169789	0.36406861751771963	1.0
977000	-11.427174334793865	-9.561878220966411	-1.8652961138274526	-5.8344332671041474	-3.727444953862264	0.5859542513090156	1.3031206056702782	0.19589202458373672	0.08023202063417154	0.847092269053975	0.1243168998710094	1.0
978000	-15.823328183036717	-10.470442646221226	-5.35288553681549	-6.980676065443537	-3.4897665807776885	0.36448479110361465	2.018321606244611	-0.6771180867742399	-0.22856656137379472	0.18916163320911591	0.1687420213669945	1.0
979000	-11.885751917535941	-7.835715780764856	-4.050036136771086	-4.613377812839017	-3.2223379679258386	2.4733525492950825	1.5122836765114436	0.08917161644695432	-0.24874843441392133	1.11669085611264	0.0903223521404512	1.0
980000	-12.26278098396959	-7.032744283777539	-5.23003670019205	-3.253124193553386	-3.779620090224154	1.5900408403242832	2.1422641538009306	-0.2038252649372031	-0.06933863426839308	1.7098139625331168	0.12157076470625555	1.0
981000	-8.562703454984332	-7.091148125597393	-1.4715553293869383	-3.3096587101426516	-3.781489415454742	1.3491533566654927	1.2101634554932208	-0.18337839309661175	0.0721906377332491	0.5920703150990729	0.022704091512961377	1.0
982000	-16.511657660099203	-10.895323725438518	-5.6163339346606875	-4.970698556660274	-5.924625168778244	0.7094182648411459	0.47698725987185475	0.06796839582092078	-0.4719836629514748	0.3852384018532371	3.995490964946558	1.0
983000	-10.282417814808781	-6.837234490124944	-3.4451833246838377	-3.627437395370598	-3.2097970947543457	1.03043144727769	1.5802372838864849	-0.24881455671176977	-0.3026858667718469	1.3604871094785693	0.16740471912613963	1.0
984000	-11.56101606948785	-8.474060808135146	-3.086955261352704	-4.436016990514231	-4.038043817620914	1.481717332082531	0.8942500989574855	0.323237573684371	-0.13723025860995025	0.48590666888083184	0.18645098180131972	1.0
985000	-10.630569340876754	-6.741978889722967	-3.888590451153786	-3.3687657141484593	-3.373213175574507	1.5355183639196077	1.296781611765378	-0.08647946915015667	-0.5988007497996439	0.6119224560034549	0.23979446248300035	1.0
986000	-10.702004584836976	-7.044798802685081	-3.657205782151895	-3.301197948413977	-3.743600854271105	1.2718155144280598	0.9590255997415514	-0.47940375128292784	-0.3081019392947118	0.44518601320616	0.2053185811405142	1.0
987000	-9.2856921155632	-7.824794697290537	-1.4608974182726633	-4.253850584244715	-3.570944113045822	0.9716348657251325	1.1000200608116886	0.12965365129052686	-0.1686147316019584	1.0651618183287315	0.05799332113945213	1.0
988000	-11.233627371128193	-7.438390587268893	-3.7952367838592993	-3.4733403873831508	-3.965050199885742	1.6152397323201209	0.8597429584972568	-0.025270220320448955	-0.559816045172461	1.0602731231938796	0.38300729718785964	1.0
989000	-10.940101808643721	-6.885836532390854	-4.054265276252867	-3.4450764035609884	-3.440760128829866	1.1397031224588268	1.1188063523443483	-0.26228061505546707	-0.4748972116208441	0.5532105999091568	0.6393973023768752	1.0
990000	-10.45076694558263	-9.016752518392956	-1.434014427189675	-3.904642107053302	-5.112110411339653	1.087401432104934	0.7291113287551698	0.05834506004420052	0.19348475366632958	0.46877184986472575	0.012969461999991055	1.0
991000	-10.91865795879488	-7.378352734727839	-3.5403052240670405	-4.17600185579725	-3.2023508789305892	2.410917743848568	1.4714851514689111	-0.042396574062611825	-0.3501710557180388	0.3484666219457027	0.07583272966474859	1.0
992000	-12.626284822452423	-8.27822450816866	-4.348060314283762	-3.7482289597809446	-4.529995548387716	1.9285039379416797	0.8994485833351546	-0.6288779438056653	0.18059873348654798	0.7414762575750782	0.10206172048098161	1.0
993000	-9.932113947821213	-7.26561751493247	-2.666496432888743	-3.553728173538431	-3.7118893413940386	2.015056954699816	0.980651721099169	-0.1394212521837296	-0.2761144162648041	0.5328122197238446	0.056539820465917705	1.0
994000	-12.902600611338444	-9.404776012341667	-3.4978245989967767	-3.577927235349211	-5.826848776992456	1.522568614397414	0.8399466793089838	0.03615924388316688	0.5607446967863472	0.6431125339621393	0.1033874040573573	1.0
995000	-9.746859176943236	-6.684112191511877	-3.0627469854313585	-3.3030924508626813	-3.3810197406491955	1.5476825233116045	1.8913466758252515	-0.14163473363205348	-0.22772979974601687	0.30006160383891695	0.05992228708071021	1.0
996000	-12.454001324108445	-9.563332475122449	-2.890668848985996	-4.4827689081964746	-5.080563566925974	0.7163711307189592	0.6097012002963065	-0.4111734981255245	-0.3026260047266781	0.6314551283149349	0.3353183279188143	1.0
997000	-9.165386501706077	-7.6704809588209555	-1.4949055428851228	-3.5929730835959592	-4.077507875224996	1.3519427300377302	1.1386969513989327	0.02654725103448899	0.17049522062380462	1.2228656661339332	0.031433065953607814	1.0
998000	-9.8356306059173	-7.628582554580985	-2.2070480513363147	-4.068819468956798	-3.559763085624187	1.414345724303902	1.4564315228536184	0.22323098910620912	0.025527647332136437	0.4295591358477833	0.043575858053689964	1.0
999000	-9.999196163760057	-7.655591201427908	-2.343604962332149	-4.348270030427195	-3.3073211710007127	1.056609880972489	1.4224802749136174	0.2340512550844458	-0.15276359745414442	0.9548195557164024	0.09321682061968768	1.0
1000000	-10.483757432751165	-7.226279022838732	-3.2574784099124328	-3.9264190060494273	-3.299860016789304	0.9840965926699864	1.2486908120898939	-0.045634594557136976	-0.42207463565847014	1.1585638115636083	0.3133440433418279	1.0
1001000	-13.125662482481903	-8.966204562664492	-4.15945791981741	-4.636302625292362	-4.329901937372131	2.6125781322561443	0.7605700763149644	0.020444592645736892	-0.3422314406348985	0.35155816999408995	0.32029031804818003	1.0
1002000	-14.41049607306105	-8.83528248011985	-5.5752135929412	-4.413989553158942	-4.421292926960908	1.3612454761356751	2.687782516652528	0.32201230946135273	-0.32558961718990936	1.3282102951472938	0.20513480115037688	1.0
1003000	-10.14624674327514	-7.905528777129593	-2.240717966145547	-4.405190044127312	-3.5003387330022817	1.0444815236651133	1.7182342069202614	0.2484201834470232	-0.03013833938562893	0.4706852422295027	0.045095272542713075	1.0
1004000	-10.178640296517958	-7.377414793299992	-2.8012255032179656	-4.087578742460859	-3.289836050839133	1.0919522752561244	1.651818945806581	0.14960720796569407	-0.17388836148436546	0.31566927721184224	0.07857138955838192	1.0
1005000	-8.93421445569381	-6.910324797315161	-2.0238896583786503	-3.2512148006419777	-3.659109996673183	1.3780868768389314	1.0872279882704932	-0.2495830764626208	-0.10384101101986955	0.7989849107898284	0.025287239110241864	1.0
1006000	-12.261979769362426	-9.182157573168109	-3.0798221961943186	-4.274671762179586	-4.907485810988523	0.8998322119379257	2.965340824450748	0.04903134949886723	-0.278909634379632	0.48817881432127486	0.07120003855867747	1.0
1007000	-13.071789541005458	-6.908711087709817	-6.1630784532956415	-3.3288282336749995	-3.5798828540348167	1.2629725848678264	2.107787813174755	-0.23688598554748497	-0.3391945217047168	0.16892683059790928	1.1315348896366837	1.0
1008000	-11.203174314964434	-9.183850047761487	-2.0193242672029474	-3.2473974369540834	-5.936452610807404	1.6544935520207198	0.5609984807166041	-0.23872130525950935	0.16403141754121808	0.8241548580481403	0.07495195865861494	1.0
1009000	-11.517671838569163	-8.607922170763404	-2.9097496678057593	-3.5524877700345545	-5.055434400728849	1.1718454587059055	0.9314304964922859	-0.09465265203063766	0.39978400928441593	1.4432362983203562	0.04521686406522274	1.0
1010000	-9.414444612349934	-7.3578564797381505	-2.056588132611783	-4.030456748230368	-3.327399731507782	0.9257124434193634	1.646962066278706	-0.07079936815982042	-0.1338876115894287	0.8779662859465325	0.08797792454198004	1.0
1011000	-12.68039407062281	-8.715985581659144	-3.964408488963666	-3.8194338779958077	-4.896551703663336	1.2595900348158535	0.6900479911118543	-0.8776201760252424	-0.04684919496133427	0.947701609386998	0.662829451242467	1.0
1012000	-8.58436975871096	-6.839503925720339	-1.74486583299062	-3.3750212683177416	-3.4644826574025975	1.7489611805924679	1.300990267099506	-0.12639728719431348	-0.07002549031973293	1.0873387323663908	0.026271915823563526	1.0
1013000	-12.297528749254589	-7.123145180563957	-5.174383568690633	-3.9061085524548833	-3.2170366281090734	1.439941910405037	1.492399022769466	-0.8846773160148219	-0.2633465253288677	1.05389439046081	0.23901005034704276	1.0
1014000	-10.60051375673629	-7.020104221312845	-3.5804095354234455	-3.531009063003463	-3.489095158309382	1.0577896269078861	1.6238069015362033	-0.4941746411582139	-0.017556898711943783	1.1552316054366236	0.09492834978700768	1.0
1015000	-13.988835758026545	-10.015379700139288	-3.973456057887256	-5.5802686725851816	-4.435111027554107	2.5095007107090814	2.027809210839313	0.292207320736821	0.21282964579250524	0.34983592082224924	0.12615143225670764	1.0
1016000	-9.786875777730307	-6.517697854074003	-3.2691779236563043	-3.217502758725968	-3.3001950953480352	1.4618371946321354	1.5346321087469246	-0.2714575938489894	-0.14410789541397673	0.9883644108343419	0.15632332925334805	1.0
1017000	-12.54833921141	-8.445438532840674	-4.102900678569324	-4.541872276779191	-3.903566256061483	2.3994134147561916	0.8817639201171977	0.10258319655893944	-0.41451944450141437	0.3258035948666119	0.24011779562435176	1.0
1018000	-11.140419638418377	-6.456639517168979	-4.683780121249399	-3.251288900678899	-3.2053506164900796	1.4785874712549154	1.503967823140111	-0.48634420380021315	-0.2989176308838161	0.9569185110377364	0.7255647396981652	1.0
1019000	-11.207035544195538	-7.006015727944439	-4.201019816251099	-3.454055662314285	-3.5519600656301535	1.2590883957899783	1.065758227550515	-0.6599336318852441	-0.2696483525754887	0.4984473831721001	0.14690149408730768	1.0
1020000	-14.217146951975952	-9.276342260078241	-4.9408046918977115	-3.2394665092899397	-6.036875750788301	1.404836652645697	3.342202763530915	-0.253007098912954	-0.4899614960857529	0.4503919689426469	0.34077870759395334	1.0
1021000	-12.547931780607495	-8.248604581809772	-4.299327198797723	-4.9148134995531265	-3.3337910822566457	1.3112097969108232	1.3037593968895271	0.4420230972732241	-0.18726060168031797	1.0081619137072853	0.7284955774741131	1.0
1022000	-8.566323145736568	-7.286288844983402	-1.280034300753166	-3.5207741597600863	-3.765514685223316	1.1727626147642545	1.1196317375043563	-0.12065707318183613	0.005957948341550126	1.3738655466927887	0.038288662333674076	1.0
1023000	-9.781609106676306	-7.344443819541699	-2.437165287134608	-3.2520305118843784	-4.09241330765732	1.5600506781734662	1.027667108972008	-0.20051522556470042	0.10411687168808009	0.8000928141984666	0.11854142097222826	1.0
1024000	-10.507081627987361	-6.541233581149141	-3.96584804683822	-3.2104081809463243	-3.3308254002028175	1.4668104077442572	1.8472795176106496	-0.4022548555454122	-0.3156921954138052	0.7934957100855572	0.09187543528474047	1.0
1025000	-11.488855105599262	-8.364417697503413	-3.124437408095849	-4.808061982317825	-3.556355715185587	2.3793355117680504	1.1309390180533923	0.18175500915591553	-0.13759951320183939	0.8187226216195869	0.10766308045583112	1.0
1026000	-10.963209667831496	-7.87109385586642	-3.0921158119650762	-3.7535359253500586	-4.1175579305163605	1.9077625460484533	2.4274018186108846	0.03386101225983476	-0.0897385797046098	0.3464341033902904	0.088971898246591	1.0
1027000	-12.481176711875623	-7.398368601090873	-5.08280811078475	-3.759692190135344	-3.6386764109555285	1.9309880811158744	1.3248993857674662	-0.6327922929828417	0.04315770236096356	0.26879689691463193	0.5278839893854551	1.0
1028000	-11.315303187123256	-7.001525173121901	-4.313778014001356	-3.5718259838777673	-3.4296991892441335	2.030021575363507	1.9610144305991717	-0.4474404518996925	-0.24854047895308623	0.4104988991872576	0.08822757852622887	1.0
1029000	-10.887430776227651	-8.492475984291596	-2.3949547919360543	-3.2059899238396947	-5.286486060451902	1.5502465216634695	0.6452258159875883	-0.3686366364827438	0.07053471953678542	1.0580575577241553	0.07138457873388823	1.0
1030000	-9.372471902952837	-8.3695085411886	-1.002963361764238	-3.478838272846528	-4.890670268342071	1.48541866629243	0.6949767523518375	-0.01638931276335425	-0.033257573835684826	1.2465015295054407	0.04381471306602441	1.0
1031000	-11.901681777011696	-8.46143849020068	-3.4402432868110173	-3.780172857706157	-4.681265632494522	0.9524779779453655	0.7178553697216891	-0.6442551269245183	-0.12179670344126259	0.5626516588880943	0.15930489612536933	1.0
1032000	-12.786779289147137	-9.624233566632608	-3.162545722514529	-4.471178071929881	-5.153055494702726	0.8085055207890738	3.0797737359226747	-0.004086690591055597	-0.16908348321616262	0.5947705610586826	0.11649565686753226	1.0
1033000	-8.189720749081054	-7.029824883866855	-1.1598958652141989	-3.347393952193129	-3.6824309316737263	1.5527836358309615	1.1705417057954113	-0.10335458511147495	-0.004935353207273868	0.5222167766619032	0.02747995270084396	1.0
1034000	-10.649491645747743	-7.322278050237292	-3.3272135955104507	-3.304611661602289	-4.0176663886350035	1.2396174642117872	1.1262232257957114	-0.4030213329800725	0.13893753866414416	0.48672615238118455	0.2195571599417696	1.0
1035000	-10.14373772434475	-6.820131665632638	-3.3236060587121106	-3.561677011053301	-3.258454654579337	1.9445804597042984	1.3157915498306878	-0.0837318554042007	-0.31335237339581085	1.0240344897733324	0.03236759102181152	1.0
1036000	-15.056871761160004	-9.952526184741211	-5.104345576418793	-3.298646011593337	-6.653880173147874	1.437116217396915	0.8849545069355965	-0.1575182157570778	0.7496632344239753	1.7397887608232356	1.0585623540607112	1.0
1037000	-13.941928938487687	-9.210408264157998	-4.731520674329689	-3.9681655341359	-5.242242730022098	1.710630789237573	1.63559163761659	0.16377809653150077	0.46783779727841046	1.382598161706797	0.14392565051676953	1.0
1038000	-8.223398854642298	-7.321401304157014	-0.9019975504852837	-3.5130428171418573	-3.8083584870151563	1.5906672429206512	1.0467234675964794	-0.0005706754817405568	-0.04175933273343968	0.567384383017093	0.027390209978704064	1.0
1039000	-9.424702785866833	-7.2131168617778805	-2.2115859240889524	-3.3778049604058427	-3.8353119013720383	1.7226207368213147	1.2983762773860021	-0.11372691657890319	0.12633341427766465	0.5957382828455061	0.06920531527365668	1.0
1040000	-12.349558479597412	-8.669169214984455	-3.6803892646129572	-3.5033688323075185	-5.165800382676936	1.1369364706536198	1.7545517452566977	-0.18459655203546937	0.43098746883557426	0.801866269613031	0.2629906919886206	1.0
1041000	-10.868011558338452	-8.299915405411195	-2.5680961529272572	-3.906095750324514	-4.3938196550866815	2.2889471088349786	2.4141516258459625	-0.10390648445535206	0.04724661216123516	0.24205881876202232	0.03172316890058986	1.0
1042000	-9.058905568671086	-7.205668887119884	-1.8532366815512014	-3.97460228052328	-3.2310666065966043	1.0054441130207465	1.4319694164613952	0.016062556999339384	-0.2539845030199926	0.6816115892604449	0.03928522016717196	1.0
1043000	-9.266272726199594	-7.993414771985849	-1.2728579542137444	-4.092033714537121	-3.901381057448728	0.8689008645601842	0.9771161543926702	-0.15627874780552076	-0.07618198441171425	1.501661446344386	0.0630628743197985	1.0
1044000	-11.802872604633393	-7.276258990619564	-4.5266136140138284	-4.071754232226619	-3.2045047583929445	1.4618390345840424	1.5430286157721427	0.22388663703777534	-0.3082937972093814	0.20626143830168003	0.2527143541875727	1.0
1045000	-9.29044207628032	-6.991650442269746	-2.298791634010574	-3.2423324955071604	-3.749317946762586	1.617862935544999	1.3285854444410232	-0.22968054732883653	0.09628242471807558	0.4442462845007627	0.02887762047278614	1.0
1046000	-9.013243695184547	-6.925500671708747	-2.087743023475801	-3.5285224422598596	-3.3969782294488873	1.7349259440841092	1.2059492791715531	-0.018872138884763356	-0.21440680530153397	0.5935148268245922	0.04939447005340812	1.0
1047000	-10.952127017387248	-7.52764345527616	-3.4244835621110887	-3.9861878245769073	-3.541455630699253	2.4265730300053727	1.3368286687650368	-0.2960550142421179	-0.00610948012431084	0.5298780827012094	0.1349927375260928	1.0
1048000	-8.86186233345574	-7.830161322104437	-1.0317010113513037	-3.537795667666388	-4.292365654438049	1.902695198848773	0.871462577851014	-0.07701575644011438	0.010543128449094184	0.6388378008498042	0.027781834012643936	1.0
1049000	-11.197943409569632	-7.419811835901875	-3.778131573667756	-4.153307838401859	-3.266503997500016	2.263616781056463	1.7430284993006158	0.03742375081474836	-0.29867671280224894	0.8862451157307278	0.09952570972868927	1.0
