it	posterior	likelihood	prior	lik_L_3-0	lik_M_3-0	l0_t3-0	m0_t3-0	Gl_t3-0	Gm_t3-0	hp_rate	hp_sig2	beta
0	-28.41670095664606	-25.859774199770456	-2.5569267568756042	-8.12379029982109	-17.735983899949364	0.6630333163093505	0.056016374156908376	0.0	0.0	1.0	1	1.0
1000	-19.339026796571375	-16.36357030163753	-2.9754564949338445	-8.109822404020518	-8.253747897617012	0.6684035994828796	0.46917582904161953	0.0	0.0	1.0	1	1.0
2000	-13.996670770448597	-5.642824974939641	-8.353845795508956	-8.219293083649895	2.5764681087102534	1.0585569922804117	1.0596943449023282	0.9123533065874724	-4.998244021338329	0.3821966604051001	27.458211942133953	1.0
3000	-16.18048620333647	-7.758081484488413	-8.42240471884806	-9.577155182099364	1.8190736976109516	1.7529676568565515	0.741363532267126	-0.8289225907036087	-4.0575300098699145	0.25749544099457294	13.157709748018222	1.0
4000	-13.233688146603528	-5.81239523631073	-7.421292910292799	-8.894765413928155	3.0823701776174253	0.6938189540903051	0.13704702260419235	3.07233778280742	-8.171930646317545	0.9171896211963538	43.36623866064366	1.0
5000	-14.297088440944112	-5.56553119386328	-8.731557247080831	-7.972695557443973	2.4071643635806925	0.6132673178971711	1.1422930203970563	1.6504320333984617	-5.263945782425222	0.2725684093168859	10.174523043837498	1.0
6000	-16.00553923212628	-6.482863791505237	-9.522675440621043	-8.352753725915914	1.8698899344106765	1.1669452137728957	1.0263326857009807	0.6255043064653347	-4.164477359982222	1.5410733035408344	1.975263935710416	1.0
7000	-11.572730785108043	-4.8638890371393835	-6.708841747968659	-8.181268539770393	3.3173795026310096	0.523598157764218	0.7066583488990622	2.254477916762828	-5.251394067797624	1.318633539506206	18.717466976643124	1.0
8000	-15.50419338474206	-7.9645478069655296	-7.539645577776531	-10.410016574211307	2.445468767245777	0.26503045697208727	0.837766378076611	5.8139486127594715	-4.47836313005268	1.765176128995315	10.667129294073046	1.0
9000	-13.949875192753735	-6.610449980952998	-7.339425211800737	-8.79390111808005	2.1834511371270526	0.4105218764952735	1.154519057584191	3.6334048091307793	-4.755400033606774	1.147578659403669	28.69917160998225	1.0
10000	-12.319167203361522	-4.651396378678678	-7.667770824682844	-7.878819291448725	3.227422912770047	0.704939821316077	0.8788092512706361	0.5893703330203537	-5.4618880447821425	1.0066963595849792	6.241444573646301	1.0
11000	-10.844544026723927	-3.78447846356804	-7.060065563155886	-7.900497739072074	4.116019275504034	0.7020851086967232	0.4975838126487916	1.46020788573207	-6.473859409148566	1.1835214402212428	16.434361476504307	1.0
12000	-13.343758447212842	-5.788009035285188	-7.555749411927655	-8.547004355140805	2.758995319855617	0.8957078960103998	0.8732994546669147	2.0204247651298624	-4.779320278776265	1.3006430499071888	6.500835847568804	1.0
13000	-14.942531690151466	-8.318743954158798	-6.623787735992669	-8.385804328684364	0.0670603745255649	0.5850965041012879	1.0521514968266106	2.8136729989918536	-3.0714949097745827	1.068650757612556	9.917392463958551	1.0
14000	-16.197602633298757	-7.412566148621673	-8.785036484677082	-9.505984587143198	2.0934184385215246	0.7462377427029858	1.0834700972173321	-2.3075448883057614	-4.443801894229822	2.815531174755767	6.085712972480823	1.0
15000	-11.901134829253603	-4.545193118293617	-7.355941710959986	-8.709403992144585	4.164210873850968	0.8255533169922051	0.5182348409807567	2.4381808850888165	-6.865130195112486	1.765909923448105	24.343025093657644	1.0
16000	-17.055081903158367	-6.972038554617469	-10.083043348540897	-10.287200485063021	3.3151619304455524	1.9749545274812939	0.5158773806810644	-1.234009835061632	-5.4393649639863835	1.6957619695903585	143.95808313895546	1.0
17000	-17.159281950914227	-8.897686543743358	-8.261595407170867	-8.351601938380657	-0.5460846053627009	0.5318450957220916	0.606032416067046	0.6071207100090401	-2.9411309132200825	0.6156510523502423	0.9356537643487872	1.0
18000	-16.470633734026627	-11.852004531881526	-4.618629202145099	-7.932971081866086	-3.9190334500154407	1.0027912568381632	0.7793198318492913	0.3425526816900583	-1.3360870210148863	1.4221865494629273	0.9861630358198324	1.0
19000	-12.930283072896312	-5.099845869867833	-7.830437203028478	-9.184562399711144	4.084716529843311	0.5309183782764682	0.4924595675907367	-0.8648296387802221	-6.40734900826798	0.7151605385477292	8.551844550920496	1.0
20000	-16.31930018897971	-6.711278484402723	-9.608021704576988	-10.79469288762326	4.083414403220536	0.5098988961197809	0.3479063373645774	5.017697017348333	-6.881977191845526	0.39901393909127936	228.52333123483967	1.0
21000	-18.861727373239944	-12.310652461000505	-6.551074912239441	-8.266378500792513	-4.044273960207992	0.48528751410463317	1.191448217399953	2.276216524026943	-1.3949892678897076	0.7988660412195646	1.362672931500017	1.0
22000	-13.503925590493392	-5.01452385025418	-8.489401740239211	-9.029957159115208	4.015433308861028	1.0149733562978753	0.5274715539379015	-2.2114264363991696	-6.244665698690019	1.2974916513058183	6.718082993845677	1.0
23000	-14.51663494077751	-6.396065121950371	-8.120569818827141	-9.113349443328662	2.7172843213782913	1.1981970610377992	0.5199750318487331	1.4480099324389895	-4.960098095639302	0.557433494850197	5.409025233501804	1.0
24000	-12.218595309253853	-5.2491696538508155	-6.969425655403039	-8.758028833703815	3.5088591798529998	0.3700219603050724	0.36057745768341537	2.666324387638238	-6.164277889751406	1.4636334884973692	8.346335292267614	1.0
25000	-14.650668060448293	-5.7887865514806975	-8.861881508967596	-8.938475745536104	3.149689194055407	1.4412104130787409	0.40282432864589	-1.578191648262426	-5.661661168326881	0.2637054247384291	14.056625382293193	1.0
26000	-11.022828940362501	-4.114734315088955	-6.908094625273546	-8.356848646624144	4.242114331535189	0.47061886081866067	0.2599780339071845	1.585048383392859	-7.97509706654144	1.2579232141782493	21.32261392115332	1.0
27000	-15.804965416795227	-6.089278897650486	-9.715686519144741	-8.130875871855979	2.0415969742054934	0.6537363496044116	1.1621094364190332	2.2117077291378453	-4.58426777186693	0.5847038400496191	2.734693096125025	1.0
28000	-12.124380111310577	-5.590584904452639	-6.533795206857938	-8.753229471284405	3.162644566831766	0.5576762369498611	0.32484676030716486	3.3758286967179583	-6.075002782726129	1.8734132591073664	15.523763429051163	1.0
29000	-15.163411011556423	-7.83336721301273	-7.330043798543693	-8.393741137311034	0.5603739242983039	1.2110937140552416	0.5020546418895103	0.46482576098465334	-3.713218500346	0.5424703571807404	3.2319421683356744	1.0
30000	-15.181584135747286	-8.16699440635976	-7.014589729387526	-7.91109439755013	-0.25590000880963126	0.72969122634278	0.3339920022300206	0.24743227308592997	-3.949368997964024	1.5523208996007318	2.1516273158641974	1.0
31000	-15.441598361786085	-7.009572816133079	-8.432025545653005	-8.770235909491607	1.760663093358528	0.6018722903043661	0.587659598119007	-0.7995019009144335	-4.196259467334176	0.23414444918821392	18.537878192448083	1.0
32000	-12.73320051711231	-5.414695806328506	-7.318504710783804	-8.475112159319568	3.060416352991062	0.7464508226768237	0.7466459054603692	-1.0787206775765161	-4.993110308813328	1.3393317218569625	5.547792615821792	1.0
33000	-12.418453133742414	-5.005622301509129	-7.412830832233285	-9.257130397707884	4.251508096198756	0.8813629035668631	0.44885532998722744	2.692283630916583	-6.937569023353534	1.2867833882643187	38.1806204478994	1.0
34000	-12.875718778292125	-5.601148728788222	-7.274570049503904	-8.769238697829246	3.1680899690410245	0.44690803382569066	0.8606329228065377	3.61476275572193	-5.265437961908274	0.8700880114504908	18.419750411273892	1.0
35000	-12.370814451074263	-4.204524246300934	-8.16629020477333	-8.469321967009208	4.264797720708274	0.44067812138814366	0.35088873117471314	1.7732722483526764	-7.229916583030419	1.5214601286874245	6.863097499403525	1.0
36000	-12.406839372929294	-5.484303567312084	-6.922535805617211	-8.03823842245718	2.553934855145096	0.7113979422934092	0.2716945168275343	1.8828399421597046	-6.0032093312483275	0.9156451688693227	16.09170924385632	1.0
37000	-14.513940193942652	-7.330006093451203	-7.183934100491449	-8.136163234503972	0.8061571410527684	0.9388232620577459	0.8041899636269427	-0.9107364123568373	-3.437736495330075	1.0265361852413009	2.2654299973766308	1.0
38000	-11.691836137543255	-3.7644916720347554	-7.927344465508501	-8.06550576954485	4.3010140975100954	1.0938328640131159	0.3118775840894423	0.27394718466291135	-7.927105618010807	1.6078544745629102	80.50835262301123	1.0
39000	-14.236529822665513	-6.991777161017596	-7.244752661647918	-9.220846873081165	2.229069712063569	0.58125218448772	0.5719662208943218	-1.278467859119511	-4.517500542952768	0.5181961250026601	7.345540720657197	1.0
40000	-11.659959188899053	-5.733968472960468	-5.925990715938585	-8.39569633918308	2.6617278662226123	0.4530433723825412	0.26616308488311397	2.6220312911380406	-6.124700354228213	2.310730655254991	21.002604012064907	1.0
41000	-14.76706466580088	-6.9346894164125	-7.83237524938838	-8.753007110500175	1.8183176940876749	1.4161442450435444	0.3248992030146154	-0.04832490496921327	-5.152185061658926	0.6093201362010285	6.3266822101090066	1.0
42000	-11.526185253269158	-4.561451252971046	-6.9647340002981135	-8.2176916458266	3.656240392855554	0.4993345971461403	0.7300751937577532	2.128269942395741	-5.818883986295701	2.058394989293019	13.036994963469565	1.0
43000	-15.35650027036548	-7.312888995914107	-8.043611274451372	-10.536743403866895	3.223854407952788	0.24646376928048738	0.7019070131712188	1.6664591919197393	-5.151472088388053	0.4738126703324543	5.887141480457406	1.0
44000	-13.938917960335637	-7.467246863990394	-6.471671096345242	-9.053123214927092	1.5858763509366982	0.36548687451553563	0.5851723112742384	1.574114209338585	-4.096791735625262	1.3130600405297068	3.656814945096457	1.0
45000	-18.57558132452764	-9.510418751397847	-9.065162573129795	-9.002722527258765	-0.5076962241390817	0.6325876216585524	1.380983297900822	-1.3037378358134348	-3.060554678413034	0.5169750498420872	1.1761783367809484	1.0
46000	-12.978725290660734	-5.82074841061368	-7.157976880047054	-7.838394315902751	2.0176459052890707	0.8945260855415201	0.34776229735678865	0.4963908852807184	-5.143610879192945	0.6552042917673965	19.832022136984236	1.0
47000	-16.872771525260042	-8.610068167552459	-8.262703357707585	-7.8553475646834645	-0.7547206028689941	0.699323388099552	0.5570476965449379	0.9389492553357243	-2.9281528133233596	0.5586463588045795	1.0479137966429657	1.0
48000	-12.801689139933632	-5.306385035028743	-7.495304104904889	-7.82351354385373	2.517128508824987	0.8106608204794334	1.011922063971817	0.3670170933682293	-4.750215940167318	1.1882387109180577	5.1762847405222026	1.0
49000	-14.32307784016146	-6.356628228637615	-7.966449611523846	-7.882387263095874	1.5257590344582583	0.8004088486970595	1.120767488130122	0.043720326782856755	-4.015414679800243	1.9658736088107192	3.1567735700968886	1.0
50000	-12.798084394212736	-4.06786148136239	-8.730222912850346	-7.910734148892297	3.8428726675299076	0.9659730391249004	0.3605873552111891	-0.2017661632529762	-6.500794466232561	0.5387435875604241	7.094273546650432	1.0
51000	-12.903770450288686	-5.342104855558461	-7.561665594730225	-8.31324948223897	2.971144626680508	1.0375156545085553	0.7393994090478088	1.1700342919850375	-4.907922764581503	0.8771376472175547	34.12416978627837	1.0
52000	-13.65656609028341	-6.395610781729825	-7.260955308553585	-8.338331350265921	1.942720568536096	0.7091003384288712	0.6777047747493031	-0.7011674209350982	-4.185322452202389	2.4451797246949187	35.36477223402442	1.0
53000	-12.929474105687454	-4.945663690667724	-7.983810415019731	-8.952351106767903	4.0066874161001795	1.0692163263489023	0.463507380401331	1.7795855062278598	-6.321938291436625	0.5430506600861398	17.66402373528582	1.0
54000	-14.198524295085171	-6.669146655517775	-7.529377639567396	-7.949773022836128	1.2806263673183533	0.642706805036715	1.350907474015113	1.648838377132397	-4.290648590857979	1.2004464390712357	5.285573696505409	1.0
55000	-12.304748022249559	-4.8817713462953405	-7.422976675954217	-8.65746809527796	3.775696748982619	0.6858959248312068	0.4907614569124297	2.870206621549287	-5.955216658575294	1.4801879627659469	8.983578789992203	1.0
56000	-12.044436276738146	-4.0825915926505605	-7.961844684087586	-7.841617528029064	3.759025935378504	0.8326120672764176	0.42454461162077717	0.16460981965214866	-6.129119792081235	2.0180289367317323	5.819283681125963	1.0
57000	-11.550076346116402	-3.9395442201159687	-7.610532126000432	-8.120256515830945	4.180712295714977	0.8823031589459147	0.46161945206797506	-0.8139134260401493	-7.348469799606183	0.8538282715583597	26.090847064802926	1.0
58000	-17.272975752170314	-9.5715580460296	-7.701417706140714	-10.060671682692659	0.48911363666305974	1.8140726582162965	1.2476253322123056	-0.1670661510045255	-3.4700681009396805	0.9324203280763627	4.230230253661502	1.0
59000	-12.03125468854714	-4.4529312580646625	-7.578323430482477	-8.715652903147415	4.2627216450827525	1.1268937100640457	0.35989830401619877	1.3260978078046242	-7.17662260720282	1.5877634725697665	21.71267348155095	1.0
60000	-11.50987245561167	-4.866596805369107	-6.643275650242563	-9.174607636297601	4.308010830928494	0.4319548472810406	0.3544067037336342	0.19313026851673948	-7.683256134618764	1.9670356463056655	16.131548547636534	1.0
61000	-12.539123252142119	-5.963519842237572	-6.575603409904547	-7.857466417428785	1.8939465751912135	0.7761414926066293	0.6887812308720614	0.2592072256040293	-4.143984662279558	0.8352580221679058	8.692811780716593	1.0
62000	-13.608598813231305	-5.09881607225198	-8.509782740979325	-8.419047582539292	3.3202315102873126	1.243142245087383	0.8534225059156216	0.32754066795896375	-6.120193370710965	0.8171436038103606	73.69834231071991	1.0
63000	-15.773289195731296	-10.05623008274874	-5.717059112982556	-9.442127018955984	-0.6141030637927569	0.4575912113732293	0.8607838573499481	-0.5221342875441243	-2.707320518520861	0.772633911244098	4.372679424821382	1.0
64000	-12.282501131978588	-5.118104655024397	-7.164396476954192	-8.238524734731236	3.1204200797068387	0.5449062444801238	0.5298236001290298	0.7755620494482366	-5.244437108386872	1.2835002621877682	4.928727006397747	1.0
65000	-12.156434560073144	-4.798956807859177	-7.357477752213966	-8.550443459449475	3.751486651590298	0.8755504064114723	0.6334264532554729	2.0973948163235976	-5.796422079049286	1.214841013152749	11.848839136351504	1.0
66000	-13.373707283630544	-5.449795322575815	-7.923911961054729	-8.205526945202745	2.7557316226269304	0.693572810688133	0.893655753817276	2.2571300885885366	-4.800494191462468	2.7313316634886844	9.002520774292012	1.0
67000	-19.505063980274695	-15.776771319466192	-3.728292660808502	-9.20222684309794	-6.574544476368254	1.4961124201305636	1.090123161364553	0.3041213407903427	-0.47330192940169	0.7403079258038596	0.33224340199198477	1.0
68000	-12.021031607537918	-4.675428925649122	-7.345602681888796	-8.102660754038473	3.427231828389351	0.6089469947075803	0.6854260723628891	0.4964562997289609	-7.0302305570252255	1.864624160402394	15.572482248083563	1.0
69000	-12.78080395824129	-5.399725429170413	-7.381078529070876	-8.02159033163056	2.621864902460146	0.6456778712677292	0.89022793401682	0.4342330710007847	-4.6636001295536476	0.6137390170327618	5.969231110722652	1.0
70000	-15.845745198495887	-7.980316583581699	-7.865428614914188	-9.732716629346209	1.7524000457645101	0.2639768849158965	1.1354808316797214	2.7611020492939753	-4.2232476849264975	0.970424385324387	3.9270579003982844	1.0
71000	-15.381335223350137	-4.226218785349243	-11.155116438000894	-8.098125114316153	3.87190632896691	0.6236429543013076	0.32761829507080403	0.37394204415063514	-8.528300749608862	1.2661488450072669	5.262079604675819	1.0
72000	-14.744842216635803	-6.032164375427463	-8.71267784120834	-9.213901429137636	3.1817370537101723	1.5528065871291354	0.9031494848573767	-1.6603049247240167	-5.975715715041638	1.4618773343891227	13.012651627386584	1.0
73000	-14.73588051271674	-5.323111397634594	-9.412769115082146	-8.550481752899708	3.2273703552651147	0.6444083440827647	0.7963762441116714	-0.7228007970626825	-5.216605050229802	1.140873312846832	2.6581211019281636	1.0
74000	-12.871004339027692	-4.812587294251897	-8.058417044775794	-8.75245457981794	3.9398672855660424	0.6525807298358852	0.5905115391808082	-1.07268404702064	-6.113610093826394	0.5556751845168846	8.868372886172965	1.0
75000	-15.56466501864637	-9.066056135085294	-6.498608883561076	-9.429453965529186	0.3633978304438923	0.4317846257839751	0.8221471381025129	-0.20204228522712064	-3.197308057869277	1.5661671405161965	1.6632905439573602	1.0
76000	-19.190505739279306	-15.196924569215915	-3.9935811700633903	-8.121375067333018	-7.075549501882897	0.6739237676154997	1.6102664061733338	-0.06468797313424855	-0.7727150636290595	1.127146278866495	0.3742364301174528	1.0
77000	-16.24710487050061	-15.181246351577327	-1.065858518923282	-8.02229575344754	-7.1589505981297865	0.7183245204964285	0.5188304823628233	-0.062374103520388635	-0.32584868070546863	1.2628265787317192	0.07172475863802255	1.0
78000	-11.987249019992856	-4.8451414020614685	-7.142107617931386	-8.791201851558426	3.946060449496958	0.4303115677075547	0.5639225441284804	0.9558553776006329	-6.1073600225186855	1.0688199627992234	8.591522257030336	1.0
79000	-13.412041690728934	-5.248218318192755	-8.163823372536179	-8.116755956507609	2.8685376383148533	0.988204525658572	0.5873594391758626	1.037246128840863	-7.833663748842955	1.1479987122136848	14.947759324764865	1.0
80000	-16.3930296569261	-6.773270169804656	-9.619759487121444	-8.670317313685572	1.8970471438809167	1.102600572071269	1.0845890498441935	1.3714538917292698	-4.264093055401893	0.1790905819102018	3.8578282530057955	1.0
81000	-15.59865848525683	-9.48895672925386	-6.109701756002969	-12.737264805043173	3.2483080757893132	0.19795469266545887	0.46549760638498144	0.19006133853610196	-5.515118862566244	1.4012744051739057	7.71386737394054	1.0
82000	-12.136582225265972	-5.071083316799321	-7.065498908466652	-7.955919102874107	2.8848357860747864	0.6272570130785476	0.8051339309067995	0.9604882929255942	-4.846460532009325	0.7299809671909625	17.081342560893752	1.0
83000	-13.918985848561999	-5.542154000403822	-8.376831848158176	-8.243002863650302	2.70084886324648	1.2029337061009389	0.22732503748699223	-0.7517042491910096	-6.517359672556969	0.6615715240469046	8.01444427757849	1.0
84000	-14.540180296179715	-7.633101266786701	-6.907079029393014	-7.836453708503938	0.20335244171723676	0.8700037652704778	0.8142671617157691	0.6619879472694835	-3.1181542979331933	0.7214817830817473	2.0431326799599403	1.0
85000	-13.646146970516416	-4.180270795053997	-9.46587617546242	-7.889415645578539	3.7091448505245417	0.9253088422275427	0.19069431959064864	-0.15515137529804818	-9.545868816847024	0.6367464903275111	13.298619073690897	1.0
86000	-12.12229955119089	-5.008436954330308	-7.113862596860582	-8.238420566853641	3.229983612523333	0.5708621082305635	0.4196975506526562	2.5533514049278474	-5.657883846626076	1.3833708130505638	7.641787839217595	1.0
87000	-13.466380200547452	-4.394521854054462	-9.07185834649299	-7.8877060942917865	3.4931842402373245	0.9377878817401941	0.7672268510956453	-0.12626118843764855	-5.576121719775085	1.2097441872307262	3.6545690620954	1.0
88000	-13.68831403032712	-4.905615721335654	-8.782698308991465	-8.5149080503774	3.609292329041746	0.42525234373029186	0.11809565838849423	1.9870844037342525	-9.4532034004939	1.010035946491662	11.823973687477292	1.0
89000	-11.660763103773402	-4.537809254268257	-7.122953849505143	-7.871912695691587	3.3341034414233297	0.7537192830485253	0.8070118420477903	0.2931390780789407	-5.395615586555764	1.6677445163584579	18.339987006862867	1.0
90000	-11.676777152311113	-3.9844383041909435	-7.692338848120169	-7.954820494420198	3.9703821902292544	0.8252892502864528	0.5709535639521656	1.3415489034479178	-6.16024149957385	1.1080629879804265	8.289124077645624	1.0
91000	-14.697486578860579	-5.702246051251441	-8.995240527609138	-8.689045445655228	2.9867993944037874	1.0219999930645356	0.7398906659025234	1.7020395509829358	-4.922318838736644	1.7613456253480546	3.4306851513432175	1.0
92000	-12.078054483434677	-5.176055890177205	-6.9019985932574714	-7.824121964072408	2.648066073895203	0.7617787518634043	0.43541364231137936	0.6224301402431028	-5.163028674830544	0.8889409027438563	8.061897729366382	1.0
93000	-13.129613328560604	-6.438120943921101	-6.691492384639503	-9.5024143516324	3.0642934077112987	0.28831368791746	0.6006170141659216	2.5295763260534185	-5.076700940327719	1.0760512410275767	8.395728030015167	1.0
94000	-11.928611126691907	-4.178634482531804	-7.749976644160103	-7.961418958824769	3.7827844762929654	0.8015684261412265	0.7017874708674754	1.4401308472730148	-6.264747350268971	0.8673134557468933	10.451882051990554	1.0
95000	-13.627087852720909	-4.786935453319738	-8.84015239940117	-8.62148997916103	3.834554525841292	0.4471342741216863	0.6626068922517614	1.0984517961225602	-6.034300084679676	1.061312066878432	4.164220817207593	1.0
96000	-13.368122851864978	-5.995289252375989	-7.372833599488988	-8.434061203248056	2.4387719508720673	0.7252523939358216	0.948950692152409	-0.9327383982638646	-4.55804835742072	0.5357779244205495	9.546065761957758	1.0
97000	-14.191099441965285	-4.879105427569542	-9.311994014395744	-8.33199231949728	3.4528868919277382	0.621470220211268	0.8231124567830235	-0.18070053970421146	-5.837536377627903	2.7859785573459965	226.67081530264053	1.0
98000	-16.807587329857697	-5.663527347889855	-11.14405998196784	-9.641763199762241	3.9782358518723866	0.8651256337420985	0.5691577748083613	3.006933723318117	-6.176051941390692	0.4206952070976383	4.275412052807354	1.0
99000	-13.595797081978766	-4.269083229176924	-9.326713852801843	-8.074383420670857	3.8053001914939335	0.5950211829349242	0.19200152289813952	0.748733445326792	-7.998993038144155	0.6257968589628596	8.147085620421276	1.0
100000	-11.936240862246162	-5.923873087919656	-6.012367774326506	-9.498565560016232	3.574692472096576	0.28465767643048967	0.37213789670603004	2.678888434506333	-6.166690629179507	3.223566380600679	53.138067036363054	1.0
101000	-14.525660529939568	-5.9740812181249865	-8.551579311814582	-9.273698032932526	3.299616814807539	1.4301160690981491	0.8700000665823867	0.6952358724333484	-5.980832505717789	0.4728582781163622	9.845398383478983	1.0
102000	-17.31188720715545	-9.873811941214775	-7.438075265940675	-8.552449531048925	-1.3213624101658512	0.47685514235152626	1.0669258219914926	0.8133588584448146	-2.415465455182846	2.499801894544968	32.222861661175116	1.0
103000	-14.689325140714502	-7.437867339757808	-7.251457800956693	-8.619684323473788	1.1818169837159798	1.0814199052000932	0.3830276527628745	1.3974310157588556	-4.471677000814773	2.249424042051086	5.2880308046622435	1.0
104000	-19.03306677283298	-15.032717256173143	-4.00034951665984	-8.010835912798393	-7.021881343374749	1.0563811226472146	1.193150388166017	-0.4330103983354787	-0.4051505804039342	1.7275290111064918	0.29096811170037523	1.0
105000	-13.144476702252806	-5.644546365413751	-7.499930336839055	-7.883478840552965	2.2389324751392143	0.8788579086931827	0.9284617457749946	-0.1269352657958291	-4.364151415668352	0.5041897391028881	16.50864780745118	1.0
106000	-11.864321843626904	-4.442242214478537	-7.422079629148367	-7.894288556831797	3.4520463423532597	0.6631263640738753	0.4293703945134463	1.3007017871276103	-8.264839882554893	1.3367663685682636	21.220677410788714	1.0
107000	-17.223709394970037	-8.012404800991025	-9.21130459397901	-9.987732787598208	1.9753279866071836	0.9475370411255066	1.224434932174585	-3.0204457672070237	-4.741890177764917	1.4503907383437955	4.5903735165067125	1.0
108000	-12.048835567918507	-4.944544282519955	-7.104291285398553	-9.081615535029286	4.137071252509331	0.35724990068744356	0.52392018958001	4.069093656375474	-6.572401052818392	1.4015067842194109	73.84318542185808	1.0
109000	-11.409918752437697	-4.674595997716917	-6.73532275472078	-8.017456894535007	3.34286089681809	0.5784599031003878	0.5051478455049057	1.5225287467471476	-5.488548772242787	0.9759213604043366	14.720418609404726	1.0
110000	-19.538370848605098	-15.868580675252435	-3.6697901733526637	-7.853023039107263	-8.015557636145171	0.9263147078577656	0.20449725273561423	0.34184286384002904	-1.3253916001644546	1.9152458326115183	0.7371491547023064	1.0
111000	-14.12669704183797	-6.186900756963488	-7.939796284874482	-9.460284443033114	3.273383686069626	1.7164914460171936	0.679817974173742	-1.1103477979664702	-5.204419586590354	0.6484513161904453	18.38463538695265	1.0
112000	-10.92316019726429	-3.650041938476736	-7.273118258787553	-7.898608386263927	4.248566447787191	0.7304644575264568	0.4337339886051457	0.29730783342962486	-7.356945306540457	2.090034782320068	52.41962749832574	1.0
113000	-16.64741354948817	-9.403343900063545	-7.244069649424627	-8.170234041486065	-1.23310985857748	1.1873660618937414	1.3054206572442528	-0.32241263329481984	-2.618482835159162	1.6748408949331564	4.172798041450416	1.0
114000	-14.136472704863309	-6.3791874415454775	-7.75728526331783	-8.149715763892464	1.770528322346987	0.5646309779555545	1.2770834634665709	2.309958235492997	-5.584830441258226	0.7441419763002072	13.411459549282403	1.0
115000	-14.761793433956504	-6.9843951193474005	-7.777398314609103	-9.282374370382552	2.2979792510351515	0.2946625578890177	0.6396261464898698	3.201656635081954	-4.458834612661365	0.4011110239813768	12.12923627757737	1.0
116000	-13.354233230984548	-4.806538637438855	-8.547694593545692	-8.10337546947651	3.2968368320376555	0.684798856233992	0.6521237647692987	-0.08676042778992385	-5.237981946102407	0.3299891695262467	41.185197637453946	1.0
117000	-13.79843131596401	-4.093942621483198	-9.70448869448081	-8.251755704670927	4.157813083187729	0.5034010238420267	0.5228154522168115	2.4442801622377854	-6.709218671634041	1.4043771250018149	4.563500246443029	1.0
118000	-13.55153568426635	-5.5094019747421346	-8.042133709524215	-8.9014185820123	3.3920166072701647	1.5161475666611546	0.7256493789314118	-0.5906657286810317	-5.349441375499028	1.4626356881221165	12.389107348997154	1.0
119000	-13.963801669340297	-4.163141233561978	-9.800660435778319	-8.129987029313115	3.966845795751137	0.7089877778480995	0.4240817865699797	-0.2847891221795662	-7.892624451381963	1.5405663519413932	5.871824871660692	1.0
120000	-12.00424601778086	-4.493379200856376	-7.510866816924484	-7.845908985211693	3.3525297843553172	0.8302664996450471	0.7609530052805411	0.9190905667328946	-5.334788954889463	0.6046212737036943	18.02003010270799	1.0
121000	-14.061071148319321	-6.236877238415526	-7.824193909903794	-9.435595215360825	3.198717976945299	1.2584274746902055	0.5527297484271675	-2.512058952264942	-5.264332615740298	1.0507610898611994	8.173369717533511	1.0
122000	-12.807386137123975	-4.963780159255657	-7.843605977868318	-8.842609203499098	3.8788290442434405	0.448220183726656	0.502959188460927	0.5731764674368851	-6.058955278871781	1.4873732345694868	4.871600645418311	1.0
123000	-13.65620737243984	-4.9936924499714355	-8.662514922468404	-8.959341994105962	3.9656495441345267	1.027745316886532	0.26361722272998916	1.9367007720683502	-8.81983979128863	0.4972673990927385	28.190064990187228	1.0
124000	-12.549682667105676	-5.865230240985391	-6.684452426120285	-9.037655654879591	3.1724254138942003	0.4976581652152388	0.5617134737635483	3.857096155703038	-5.2261931402840505	1.5965617808875634	16.005390538949587	1.0
125000	-13.644134539591992	-5.92169827382634	-7.7224362657656505	-8.982149030023919	3.0604507561975787	0.7003820260950671	0.4185640311658882	-1.5900692881617684	-8.531411107116657	2.87334093816373	69.08225003305301	1.0
126000	-13.418099735808116	-5.866614659034837	-7.551485076773279	-9.141558375160045	3.2749437161252084	0.5705295835811667	0.2271122839006509	-1.1055451872594708	-6.977315982494807	1.170016683877586	8.418756236112111	1.0
127000	-16.583445417524572	-9.093402481277382	-7.490042936247191	-11.254056046969009	2.160653565691627	0.7200335514152768	0.16170635683729298	-3.6390645509837958	-6.982518343172515	1.4653023125860456	133.1470917318709	1.0
128000	-11.631659879580653	-4.0479863574208785	-7.583673522159774	-8.291366155306477	4.2433797978855985	0.47549929538369995	0.4368750237700599	1.9628464880555654	-6.886804189223195	1.4405537378308853	8.479234914769114	1.0
129000	-13.00401861892517	-5.35804761840234	-7.645971000522828	-9.00894013276099	3.65089251435865	0.3316529742118742	0.3380004593993291	3.513076000490592	-6.424346377907191	0.5730595340804079	21.874453122739144	1.0
130000	-12.736390125278355	-5.21680551725743	-7.519584608020926	-9.481999177911995	4.265193660654565	0.7574683630959537	0.4429950943874469	-2.3139178479380256	-7.157932416883925	1.118907034413852	15.559046526905487	1.0
131000	-11.960320534865815	-5.459048205853146	-6.501272329012669	-8.136860085637931	2.6778118797847847	0.7943953036861491	0.3497566112938976	-0.645776586826618	-5.568148634608705	1.4830319652745452	16.17470237913469	1.0
132000	-18.242427392490946	-12.016408958964831	-6.226018433526114	-9.67940133401891	-2.3370076249459197	0.2978937500818052	1.5269451412540607	1.8010775329711544	-2.3553296510326938	0.8245645694555968	3.675480954368775	1.0
133000	-13.931143686221269	-5.59107962221603	-8.340064064005238	-7.92008367393532	2.32900405171929	0.7746579334208971	0.4712261429537662	-0.007442243670641613	-4.828155522448084	0.3024096675003441	27.283022566691407	1.0
134000	-13.781701186367318	-5.4136895923861275	-8.36801159398119	-8.885901378539739	3.4722117861536113	0.742943324355909	0.7881859400594412	-1.6253107616029792	-5.607296479626772	0.41093849705935326	40.51582651279897	1.0
135000	-15.802931317688609	-6.921871172488055	-8.881060145200554	-8.693801165680322	1.7719299931922663	0.816452835997851	1.258236819573577	-1.5894148979561953	-4.574575753941767	1.9749706956773687	4.023107964794279	1.0
136000	-13.72597081144671	-7.308088833777276	-6.417881977669433	-8.226749515911907	0.9186606821346306	0.6497620004134805	0.5786194086272631	-0.15388936445869772	-3.7329934941427405	1.018440588502436	20.644164760376633	1.0
137000	-13.319606438163085	-4.588693201342362	-8.730913236820722	-8.872231510349785	4.283538309007423	0.7581314852948936	0.3940800512731262	2.8262556331868023	-7.117698827588943	0.5461331138990743	11.06510892851706	1.0
138000	-12.020306220033959	-4.464095577807818	-7.556210642226141	-8.250782708673764	3.786687130865946	0.5613275352812752	0.695692352969006	0.5437107990326617	-6.373935591978049	1.0510395130333838	8.821243869609397	1.0
139000	-13.4119306181132	-6.961946408160423	-6.449984209952777	-8.372887788341743	1.4109413801813195	0.5332370005332564	0.8731005445845109	0.5353633947083927	-3.772532357507131	0.7665846245332734	8.933878053609948	1.0
140000	-17.066811993758854	-8.734624376227128	-8.332187617531726	-9.55831840063966	0.823694024412533	1.5003198792625325	0.7059780058921354	0.6995343979128599	-3.5090977967060137	1.4991076777929175	1.9117332705797312	1.0
141000	-15.188698467010823	-7.469456782311417	-7.719241684699407	-8.135880397093157	0.6664236147817402	0.5320099114222971	0.6049582608600511	2.0404327913460896	-3.551957119738403	1.2910059179502196	1.9775789420378358	1.0
142000	-12.732240219610167	-4.156175480252363	-8.576064739357804	-8.171455148231667	4.0152796679793035	1.1568183642335172	0.5787923356476204	0.19639576433002026	-6.291285565874617	0.9369512621967596	6.309257861600336	1.0
143000	-12.509850111962887	-6.264927943417899	-6.2449221685449885	-8.354171403063104	2.0892434596452056	0.5063459542266464	0.2420102787244078	0.9376293871673402	-5.950797642486343	1.3090646106672115	12.83216780315385	1.0
144000	-13.048388663477443	-5.7732077095421355	-7.275180953935308	-9.50130170836556	3.7280939988234243	0.26764609400380757	0.723633255827366	3.9426525258589455	-6.110315411662567	1.5509385211032118	11.192087116634436	1.0
145000	-12.683688962332994	-5.319088399866129	-7.364600562466865	-8.015414951124374	2.6963265512582444	0.5805638638838094	0.5528752194043123	1.4116473843621886	-4.8732605361507675	0.8156871148410632	4.964869043364926	1.0
146000	-12.749654856199852	-4.869635389758956	-7.880019466440896	-8.462793803330669	3.5931584135717127	1.105937589444146	0.6467326007567307	-1.486652890478265	-5.571872899414604	0.7880659083073032	45.60142667885239	1.0
147000	-11.719400806398614	-4.584008987979124	-7.135391818419489	-8.344347903493013	3.7603389155138887	0.8580741318393103	0.5232512711775559	-1.1798700941240816	-5.873594248001039	1.1355904068948586	28.778118758375705	1.0
148000	-12.518003149302896	-5.318020219002101	-7.199982930300795	-8.162168250672096	2.8441480316699947	1.164582307472721	0.23319441036224628	0.07623195582332698	-6.563467913179521	1.50036198065248	24.158011028004804	1.0
149000	-15.330011636871067	-7.732485100745624	-7.597526536125444	-7.917806451142782	0.18532135039715847	0.6550865480581001	1.5917416194573308	0.8542986851655714	-3.9271063673739097	0.4232480466366066	8.237171997366092	1.0
150000	-14.009231121031931	-7.85427005493297	-6.154961066098961	-8.435492549007854	0.5812224940748849	0.7758756888304608	0.5817937702846909	-1.1168278091730839	-3.5471412585837734	0.9726553202880532	6.136033025405581	1.0
151000	-15.759791367982608	-8.052332750771976	-7.707458617210632	-10.231416149085103	2.1790833983131273	0.7139117848520787	0.17842379585643317	-2.8687731740769737	-6.743825108841433	0.7130209670453697	14.006080858666476	1.0
152000	-12.303199658536215	-4.462744508063004	-7.84045515047321	-8.691666260516834	4.2289217524538305	0.39479716684811045	0.46410137785775923	3.2561826267672007	-7.164618579657877	1.3003108220085824	9.94486193517758	1.0
153000	-13.280589629217854	-4.627338347975509	-8.653251281242346	-7.813246979581551	3.1859086316060425	0.8116113720051776	0.36078091536328494	0.5322206615523926	-5.888199989882935	0.5028998204389663	5.580607324129707	1.0
154000	-13.895085606986159	-5.806296816464068	-8.088788790522091	-7.855184381810091	2.048887565346023	0.7202160977635484	1.1887992903321725	0.6345859889076577	-4.692781237164753	0.6457820560141881	4.105238603246026	1.0
155000	-11.394076443329967	-5.00924629188072	-6.384830151449247	-8.061901845365835	3.052655553485115	0.6152439796057836	0.4753982665252079	0.5745957389468865	-5.3282008218727555	1.3308878253388752	13.357864791341303	1.0
156000	-13.419713024929674	-5.468526826230104	-7.951186198699571	-8.70938410832038	3.2408572820902766	1.3916143926479838	0.7926912334341523	-1.2786278995743903	-5.228983126280615	0.9091440866864434	7.579814881450828	1.0
157000	-13.056863843963328	-4.314240322641059	-8.742623521322269	-8.106348376238623	3.792108053597564	0.754064914658289	0.23823340136284146	1.9064933786106364	-7.377571180876121	1.7901600043279986	6.586088512722888	1.0
158000	-14.725391268688796	-6.732318110548473	-7.993073158140324	-9.6485835320683	2.916265421519828	0.6708113151943366	0.5445906139075543	-2.203549860595314	-5.052786971548102	1.24237793798492	4.157572300743444	1.0
159000	-12.459468855230556	-5.377610503654337	-7.081858351576219	-7.921496224457926	2.54388572080359	0.9978705246864079	0.3995606275200802	0.29826695286394644	-5.2336060729896055	1.044126184874503	7.290016096977132	1.0
160000	-15.402508337089845	-6.873573668159089	-8.528934668930756	-10.298433194815827	3.4248595266567374	1.9660941728407964	0.8111906427823867	-1.5055582363421998	-6.263603698396132	0.7416042719142102	21.705843880677325	1.0
161000	-12.285789595304088	-4.330466131129348	-7.9553234641747395	-8.267387179849456	3.936921048720108	1.1190765259799547	0.6373790259521008	-1.1022944861173256	-6.410586027989773	0.6680596392392297	14.371718041767705	1.0
162000	-16.073059920653037	-8.59299859726269	-7.480061323390347	-9.163501320412086	0.5705027231493958	1.1558549248773622	0.11470572710796478	1.6466659772560088	-6.869749750107911	1.088217601576583	51.752197768917476	1.0
163000	-14.03258773845678	-6.147362161996332	-7.885225576460447	-9.052477013683092	2.9051148516867595	0.5912041410433587	0.9041533705008542	-1.1257673389092546	-4.990707148590739	0.6864007629160549	4.87597982569466	1.0
164000	-13.670841660913698	-4.466704121537051	-9.204137539376648	-8.31889555349399	3.852191431956939	0.6747615912789613	0.4974414440495051	2.4882452721194976	-7.606707497024079	1.43149526616702	7.234716658326333	1.0
165000	-12.727394078833129	-5.621476641865513	-7.105917436967617	-8.504648190281326	2.883171548415813	0.42974225127263815	1.0048289704609137	1.901107715012753	-5.633749348941971	1.472011739870825	12.828380502365434	1.0
166000	-15.437570086393752	-4.318762212995431	-11.118807873398321	-7.940887149699945	3.6221249367045143	1.0265126627438348	0.3929063314414178	-0.015470711865617215	-6.115567009083165	1.102700316438055	2.7036459939349475	1.0
167000	-14.465271602219643	-6.29561397837853	-8.169657623841113	-8.881266661873147	2.585652683494617	0.3577293267597849	1.066170832900458	2.3686282395795013	-5.052264399544541	0.9371940441999848	4.684410264807196	1.0
168000	-20.84359715519077	-9.528287142390647	-11.315310012800126	-8.141649857060763	-1.386637285329885	0.8386444177671487	0.7906290230096443	-0.774364881285573	-2.3771622256837346	0.37529842680662406	0.39947143117429784	1.0
169000	-12.353692444838602	-4.255177175859847	-8.098515268978755	-7.976671714547249	3.721494538687402	0.6155620252537906	0.6584858942964182	1.6981620733294007	-5.769510182714815	0.7774077928218425	6.1203330271894485	1.0
170000	-10.630449480163266	-4.287805848235511	-6.342643631927755	-8.397620415029351	4.10981456679384	0.445439690581291	0.198706937757832	2.3354900499525635	-8.726046978097052	2.4753198109096077	34.59702462730484	1.0
171000	-13.308394346018531	-5.451380185030574	-7.857014160987958	-8.740283537876692	3.288903352846118	0.37872869268789383	0.8782627882051749	2.3250989977132073	-5.868526975036205	0.5023755208517122	16.497225208307434	1.0
172000	-11.959838815681017	-4.503433360059859	-7.456405455621159	-8.508375360835872	4.004942000776014	0.7472148747417088	0.4531157906277534	2.5019496808309345	-7.686568065802508	2.3452443157644023	26.70930799798061	1.0
173000	-12.248992838286867	-4.027084107458276	-8.221908730828591	-8.047976345542008	4.020892238083731	0.8258352945407095	0.28953073278839514	1.5570143278537163	-7.189313801990184	0.8366110476874392	9.526322100638147	1.0
174000	-14.029216677794233	-5.174312523598216	-8.854904154196017	-8.303022268739635	3.1287097451414194	0.5302917122123478	0.5468903133954774	0.7633739229468598	-7.879097025199977	1.6197334818084443	7.396930366141886	1.0
175000	-12.572281644969088	-3.9635698098001138	-8.608711835168975	-8.206263005241476	4.242693195441363	1.2044554015999718	0.42429886176904363	-0.4891980327624992	-6.898790127304503	0.7061431244553743	8.63837579604287	1.0
176000	-15.10483617273586	-7.11710144489467	-7.98773472784119	-9.019385410821803	1.9022839659271327	1.5217924951316926	0.9114877099952652	-0.18736166557935596	-4.101099349074642	0.4658019246209648	4.01679163758279	1.0
177000	-16.588413680249033	-9.468419909862822	-7.119993770386213	-9.92457814398096	0.45615823411813894	0.3907876105582509	0.2192977107713698	-0.35582103188399783	-5.20495434468126	0.5235315331228825	19.50553777158581	1.0
178000	-13.155593836822355	-5.7277094349128355	-7.42788440190952	-8.65967156168406	2.931962126771225	1.3559997213149328	0.6279981148616898	-1.3153419378586853	-4.935395643600563	0.9872983077807035	17.365933530743312	1.0
179000	-13.36373063621323	-4.691337345699266	-8.672393290513964	-8.80261950079784	4.111282155098574	1.4817906365434401	0.20922185683100253	-0.7561174334523029	-8.829335651584689	0.6534736196571641	21.922286071544207	1.0
180000	-14.477873924006884	-6.24352318616773	-8.234350737839154	-8.496850274021694	2.2533270878539646	1.2644995269120156	1.0970980961101184	0.37146696230414156	-6.070969462137013	1.2058651863370893	20.575722459771914	1.0
181000	-12.129355020967248	-4.541558377929306	-7.587796643037942	-8.581449126246458	4.039890748317152	0.9689603318190622	0.35964799054880886	-1.6633713350659907	-6.753947973872892	1.5376773688734506	11.281537985948919	1.0
182000	-14.256116699158948	-6.687915505825234	-7.568201193333714	-8.827198076295415	2.139282570470181	0.48542948216123216	1.1136560051080324	0.12927035549925583	-6.0972375335479745	0.9424095379369747	10.75167162944265	1.0
183000	-11.37075974756436	-4.393164485668792	-6.9775952618955674	-7.953295206709358	3.560130721040566	0.833928760449921	0.2643860641603911	-0.30401185718642043	-6.872488285669639	2.1481746329319313	14.41846429013044	1.0
184000	-14.768580801684035	-7.043768187461617	-7.724812614222417	-9.100081292371993	2.0563131049103758	1.5484617206132116	0.785886232510447	-1.4362742845376275	-4.1934677078646585	0.7320297226450935	22.66453603747686	1.0
185000	-12.34395327726088	-5.276346297307862	-7.067606979953018	-8.882417273535886	3.6060709762280236	0.3615405366043731	0.41387389337305014	2.224946569097403	-8.247364381638496	1.1786423763487006	27.20368698589798	1.0
186000	-16.160334768749312	-5.602954336653025	-10.557380432096288	-8.847019210995379	3.244064874342354	1.3726971524703384	0.4882237764210342	-1.6337656491167865	-5.446555863578953	3.0472528008879696	4.210498871185436	1.0
187000	-12.958245028144042	-4.462328230670562	-8.495916797473479	-8.174038423734176	3.711710193063614	1.1875179089553332	0.6591155340266743	-0.18693894351415086	-5.753371775007684	0.34627977102598	11.145364041169918	1.0
188000	-12.462965182682055	-4.306756089259497	-8.156209093422557	-8.307416968097787	4.00066087883829	0.8355295086016434	0.43297177313001395	-1.0719402097647766	-6.396489804140019	0.72705168100846	7.763404234910724	1.0
189000	-12.770623428426502	-4.843861274576314	-7.926762153850188	-8.508335872028844	3.6644745974525303	0.6632422672837547	0.7373731216559418	-0.7601040892090326	-6.335000562072967	0.5411679020861634	13.708366721380209	1.0
190000	-15.231424622094977	-6.770776485830569	-8.460648136264407	-8.25832042238501	1.4875439365544407	0.5048150046178899	0.6085894887541052	1.327777392373795	-3.999819776175271	0.20312900372346335	7.161892281802434	1.0
191000	-14.068912528622224	-5.684620112445762	-8.384292416176462	-8.082245320691543	2.397625208245781	0.967508582175617	0.6203662023838973	-0.7998845656444108	-4.551379096254387	0.9354237420904422	2.7186903805570144	1.0
192000	-12.389100965547907	-4.579665213742598	-7.809435751805309	-8.72470090560514	4.1450356918625415	0.5780184966743782	0.5312761078460998	-0.5612557187798416	-6.785335006068847	1.2072955091719921	7.866256626609155	1.0
193000	-11.409360701711819	-4.677530338923851	-6.731830362787968	-8.455389278831289	3.7778589399074383	0.48777887207641707	0.36802178846735684	0.9115022613692088	-6.391065706219606	1.7544998713915214	67.1077104025738	1.0
194000	-12.002093848503229	-5.218590278877349	-6.783503569625879	-8.944016099747266	3.7254258208699174	0.3442655486134417	0.5856747860694345	2.596832094584881	-5.759196567879435	1.6984165903662527	59.878662033777644	1.0
195000	-16.26811716362083	-10.087142787675962	-6.180974375944867	-7.877171475534839	-2.209971312141122	0.7098592391697987	0.8845021219760304	1.3335364662164984	-2.0001484614405896	0.47849388987303915	2.171919100339229	1.0
196000	-16.603417716043992	-9.78779925298343	-6.815618463060561	-8.200921301264309	-1.5868779517191198	1.189181967026363	0.8099474549435244	-0.6348926136712574	-2.2812048532659848	0.6999329076888022	0.9673384505092559	1.0
197000	-13.748576276075141	-5.620990246857879	-8.127586029217262	-9.50754765350808	3.8865574066502013	0.9731838295686461	0.6319766769591568	-2.6455183406464715	-6.0705038311878745	2.24155624641586	46.063520919142626	1.0
198000	-12.927704479046657	-5.420174756191744	-7.507529722854913	-8.620583655561667	3.200408899369923	0.7332948561513256	0.40329144839110287	2.6717008310844945	-5.700211142191823	0.6100958686424783	18.76883724665762	1.0
199000	-15.907242633415407	-8.806639395108467	-7.100603238306941	-11.253664642105345	2.447025246996878	0.39700613634349874	0.7446576342441455	-1.9508488000723707	-4.480778813640846	0.7602746251967233	5.642985952652865	1.0
200000	-13.058644946427304	-5.936538086116548	-7.122106860310755	-9.389509694862504	3.4529716087459557	0.27992434406720207	0.7404000424234888	3.580915807996688	-5.449414330614292	1.8242811071667988	8.59158734426342	1.0
201000	-15.85653805991778	-8.871231617271242	-6.985306442646538	-8.270616220885357	-0.6006153963858845	0.9837449890621167	0.8204033513406496	1.3302232462686117	-2.7241003808151776	0.5046137493055087	2.2164156293554003	1.0
202000	-14.383217480145687	-5.872613828493318	-8.510603651652369	-9.100576992184836	3.227963163691518	1.3702685871820177	0.34392012276268424	-2.0072183023481123	-8.85531498285269	1.5458474497012555	24.056145197530128	1.0
203000	-14.416391238450409	-7.572893841854843	-6.843497396595566	-8.070075153923844	0.4971813120690003	0.6606949092152223	1.1731323501591038	2.061049163092748	-3.3936636808652656	0.7650852890292913	8.4563547010999	1.0
204000	-15.178264908392851	-7.577453453315957	-7.600811455076894	-9.534923003367489	1.9574695500515311	0.4468011478316721	1.1150908082746593	-0.5301170741692591	-6.239960917148066	0.8940604714930976	11.581522901350146	1.0
205000	-12.046588487021491	-4.670652533994911	-7.375935953026581	-8.068303708498608	3.3976511745036966	0.7098568821808154	0.8426591303984767	-0.14031806445064898	-5.82081431222732	1.6720481308339568	10.423422977869294	1.0
206000	-13.63243784553862	-4.247096513122516	-9.385341332416104	-7.991009640282635	3.743913127160119	1.0238237630329154	0.7174801402954171	0.4900621932296747	-6.126883339308267	0.9391754380519903	306.40895720893593	1.0
207000	-16.798678529582457	-9.645379292536294	-7.153299237046162	-12.916723444601663	3.27134415206537	0.19022444278264733	0.6447283411817686	0.23167726730864313	-5.217319873475121	2.1952003620833853	3.618084522091248	1.0
208000	-19.552378722487415	-12.599742044950045	-6.952636677537371	-7.876667454543553	-4.723074590406492	0.959889482447224	0.7993375383311162	0.1304513369931523	-1.0268218832924212	3.2159142251000956	0.14340314620893385	1.0
209000	-16.99033070914437	-8.733582790089429	-8.256747919054941	-8.11588053958732	-0.6177022505021101	1.0725447804562085	1.0247768975502138	-0.794696896886925	-2.7217241310556397	0.5527284764564012	54.611232507198196	1.0
210000	-18.83709896514422	-12.447371292006922	-6.389727673137298	-8.488502584737265	-3.958868707269657	1.3417343055385966	1.2624320983473876	-0.7913582686986693	-1.4759111948428925	0.4569963015098368	4.369647032730613	1.0
211000	-15.584313199269133	-9.113273686644224	-6.471039512624908	-12.00650646152706	2.8932327748828355	0.38861463701238685	0.5245134236255091	-2.575271826266408	-5.078602417056389	2.5503672356985922	7.4980179664268185	1.0
212000	-15.155617484933064	-7.477839004743114	-7.67777848018995	-9.402695833762028	1.924856829018914	0.3027623507263877	1.2543679462492914	2.330335569372539	-5.491732210790046	0.8836094966236593	8.63559159742443	1.0
213000	-14.839385608352725	-7.466080542820817	-7.373305065531908	-8.67455747904744	1.2084769362266234	1.0033065772936438	0.718995115505383	-1.8014866374212282	-3.710132848415149	1.0186519742592481	3.2059394527431526	1.0
214000	-16.32870538672969	-5.11980386964045	-11.208901517089242	-8.662433018688741	3.542629149048291	1.378628570805403	0.673381790786553	-0.001313073356747907	-5.51259920276263	0.41862406649259476	2.6157032543075807	1.0
215000	-20.627352734709042	-13.020579407262034	-7.606773327447007	-10.020755654689086	-2.999823752572947	1.6573361205422474	0.7081182197686345	0.5100349035580709	-1.7387847295934484	0.5548177978649822	0.3887588591433774	1.0
216000	-18.137754271133833	-16.111979305652053	-2.0257749654817796	-8.379054890069462	-7.732924415582591	1.2720944224057436	0.4197293120725432	-0.014937569359526393	-0.3047776696573819	0.744281063485991	0.13410536151885646	1.0
217000	-11.822743865555932	-5.823030435218943	-5.99971343033699	-8.519551896721378	2.6965214615024355	0.4619157715144909	0.3764934871493791	1.1366161585739514	-5.444033013140217	1.6286260843888978	12.075113809968766	1.0
218000	-13.153057564765795	-5.330362354395179	-7.822695210370617	-8.082538327171417	2.752175972776238	0.8482334842024482	0.4162109943860887	1.5446517220295992	-5.309249287288589	1.5805914571833592	4.498781722623697	1.0
219000	-13.250941058273675	-4.345726989697855	-8.90521406857582	-7.941068231146673	3.5953412414488177	1.0005120097823974	0.21381927478263635	0.4182420485784988	-7.439647488244121	0.3056149942749168	29.44826263291121	1.0
220000	-13.585425628752672	-6.530928976980779	-7.054496651771893	-9.900300032850748	3.3693710558699683	0.2569763373428771	0.12888820880941917	5.141797475526772	-10.333218481886515	2.5512194147781555	22.145328176143153	1.0
221000	-13.766324121216657	-6.175569997927439	-7.590754123289218	-10.38181131033567	4.206241312408232	0.8325927117225701	0.2775432870953599	3.5335802023813816	-8.384011344346906	1.111739852071169	36.698020686943295	1.0
222000	-11.014705598916766	-4.682212999112986	-6.332492599803781	-8.354159278574766	3.67194627946178	0.4775577692219576	0.35473664737014815	1.4391884424671315	-6.350637200943137	2.0880855155762093	12.369378275126179	1.0
223000	-17.683256383495394	-8.513995381079694	-9.1692610024157	-8.002921812595938	-0.5110735684837557	0.619494332688655	1.3171767301876405	0.7771152696015375	-6.714230030858696	0.5769710092651577	7.310012924805457	1.0
224000	-12.475956032014896	-5.197652869186335	-7.27830316282856	-8.323762688220834	3.1261098190344985	0.6382581402385495	0.8654933463545328	2.5939097609806048	-5.211532813161025	1.3162835118216196	9.809388125745205	1.0
225000	-18.55708153416696	-15.290862022453602	-3.2662195117133583	-8.142664659296722	-7.148197363156881	0.7374732547761805	0.9025720758072427	-0.44753802065679926	-0.19548714496047204	0.5206451179655528	0.054939933367482374	1.0
226000	-14.85347302866763	-8.668237380201742	-6.185235648465888	-9.10238988449012	0.43415250428838004	0.4536396214913639	0.9309625213764741	0.03404739695272113	-3.2248939699046595	2.46433564954154	3.49680588336475	1.0
227000	-11.69582811207217	-4.838888882522796	-6.856939229549376	-8.891350725116116	4.05246184259332	0.41786989253394796	0.19680230349316685	0.9367086902139465	-8.39636003028744	1.1616862711792597	28.211458561819192	1.0
228000	-14.089254302679137	-7.23130016042028	-6.8579541422588575	-10.580527332766515	3.349227172346235	0.43652787681489513	0.2571223815153093	-1.6699513354224838	-6.743148506923929	1.806565383763064	8.636864654462311	1.0
229000	-13.684554427584771	-5.3957274961636745	-8.288826931421097	-8.452005407165245	3.0562779110015708	0.6992074143302632	0.822977638621268	-0.8484754264730285	-5.041547432825435	0.30412821216544483	10.067743927318888	1.0
230000	-13.176079258390784	-5.1401043182076975	-8.035974940183086	-8.941671938135979	3.8015676199282815	0.4889668830969647	0.5963105981290142	-0.10766052320968367	-5.8636789115911885	0.47527455506838645	8.251138825769997	1.0
231000	-13.395849630514643	-5.891551999233064	-7.50429763128158	-8.023183765441457	2.1316317662083932	1.091055609500113	1.112011663045443	-0.027406382147414643	-4.548331514112099	1.2857539489621228	10.490676645236533	1.0
232000	-14.885827333336598	-6.438423797064013	-8.447403536272585	-9.223289895998178	2.784866098934165	0.7425000402649697	0.6890145604825969	-2.008833779906029	-7.448641230094632	1.082793596607642	10.315134474830062	1.0
233000	-12.679714313039627	-5.271111053708834	-7.408603259330793	-9.096809943446171	3.825698889737337	0.31967139307192655	0.6549579049094897	3.6579923757105894	-6.682176055421453	0.8176220516019937	26.786446169446794	1.0
234000	-15.857250216906344	-8.00205832983194	-7.8551918870744055	-8.27066811862135	0.26860978878940944	0.7107847145148484	0.9589537421987749	-0.5850375029134642	-3.1428909682444752	0.24645636537161875	9.817279721673938	1.0
235000	-15.322914739640801	-5.879902899763469	-9.443011839877332	-8.65398222578764	2.7740793260241716	1.069508574853517	0.701651443430927	-1.7800441872270958	-4.749963211893485	0.8997712619931917	2.6702074081018967	1.0
236000	-12.396198502669453	-4.020000182535729	-8.376198320133724	-8.232049656596592	4.212049474060863	1.1219290269406053	0.48577754973927334	-1.0122819497941036	-6.834925501489821	1.0715113152743412	8.474573272701319	1.0
237000	-14.852453619665447	-6.682209655239951	-8.170243964425497	-7.8907868189714065	1.208577163731456	0.8909139036781418	0.7862258498463113	-0.16857915600463286	-3.669189879861047	0.6417856928916424	1.7782945176669196	1.0
238000	-11.450568594844189	-3.7759311362753696	-7.674637458568819	-7.9549278293805195	4.17899669310515	1.0248032256920168	0.40736317815974243	0.2799346870577428	-7.706512599481088	1.8598371043481916	36.92306338094118	1.0
239000	-12.563377040810394	-5.180670525877569	-7.382706514932826	-8.469181033480425	3.2885105076028553	0.5281774071924878	0.23568804585583591	0.3634174592578139	-6.8981511936637165	0.6471334313906927	21.083315125932316	1.0
240000	-13.11001378946208	-5.462272814733197	-7.647740974728883	-9.370067367167914	3.9077945524347175	0.9098335057610397	0.496301740274343	2.6712487120822845	-6.110521802061669	2.306097754074058	13.749658610912746	1.0
241000	-13.19542000162918	-5.852191311234373	-7.343228690394807	-8.145893055032714	2.2937017437983407	0.554230003394935	1.164493507496129	2.2697152993021588	-5.054995793786899	1.5102248299030485	14.231964900884126	1.0
242000	-12.924578833131111	-3.729346702692655	-9.195232130438455	-7.903592041750065	4.174245339057411	0.7692544135584487	0.29599355000129657	0.07708170685022775	-7.394850478306609	0.25173313964088984	22.33855538297553	1.0
243000	-13.520207953866787	-4.67045763800657	-8.849750315860216	-7.861886661329808	3.191429023323238	0.9397539790547047	0.9039505214850767	0.1559414358117898	-5.928416281815812	0.7672068176751403	5.120830032406555	1.0
244000	-16.967539596770372	-9.83379686531069	-7.13374273145968	-8.639755278979264	-1.1940415863314264	0.4507147322271646	1.5504527897689773	0.9911611537785485	-2.924087775356335	1.6698820606821931	14.003128725908667	1.0
245000	-10.860206665271456	-3.7294779132104114	-7.130728752061044	-7.953550257009736	4.224072343799325	0.6372042455463667	0.4620959712387612	1.6529912034719207	-6.812232226086717	1.1023630636763477	37.107669647802545	1.0
246000	-14.071317496996521	-6.901785742908087	-7.169531754088434	-8.274954844704585	1.3731691017964973	0.5853540916415192	1.3115285399330283	0.23918979609721502	-4.268448798049594	1.2477852474399311	5.190122635019215	1.0
247000	-12.61832310104463	-4.741314731069327	-7.877008369975305	-7.998570054128859	3.257255323059532	0.6492450074326852	0.8851225623185176	1.8669160031731649	-5.930803058712093	0.5361736197050003	17.0524629987407	1.0
248000	-14.073918381656208	-5.82162905735105	-8.252289324305158	-8.251640444923288	2.430011387572238	0.5948517145735032	0.861622581189271	2.557412958118936	-4.475719167195615	0.31598130308150996	19.395062904144996	1.0
249000	-11.76287512854626	-4.666033817583191	-7.096841310963067	-8.427648594997288	3.7616147774140978	0.7541171516612253	0.2644321588702573	-1.0322156817787838	-7.081111348988106	1.0225820626063533	21.1646900312073	1.0
250000	-11.057162854041753	-4.17456607877348	-6.882596775268274	-8.424526586242125	4.2499605074686455	0.43912722062492904	0.2992510896858872	2.444524315357648	-8.175958422438834	1.4118512012692843	24.147300525705802	1.0
251000	-18.307795590032278	-13.07782059517897	-5.229974994853306	-9.151255091646435	-3.9265655035325358	0.5180150771667869	1.10727172139799	-0.7091602366476442	-1.3878394457314451	1.0393016701002777	0.4851585243058624	1.0
252000	-12.965745430892163	-6.553167784350661	-6.412577646541501	-8.829808411295584	2.2766406269449226	0.4537132163550806	0.34246137929724746	0.5223662557392111	-5.338157457149204	1.478904933517273	6.040387565598198	1.0
253000	-15.21658152022003	-3.7660042828267564	-11.450577237393274	-7.932071527238357	4.1660672444116	0.9256074900592409	0.2210276707785673	0.8507962561218472	-8.32719314473363	1.2823921956801763	4.98037152697715	1.0
254000	-16.995919061911177	-7.375966749786542	-9.619952312124635	-8.133049273872064	0.7570825240855217	1.0589316778646827	0.26789421152357656	0.7236254624991165	-4.9312296602018115	0.9868304205680745	2.194264152893129	1.0
255000	-12.037599621862878	-4.644856800879907	-7.392742820982971	-8.092572722132447	3.4477159212525397	0.698646286429863	0.8154605771474258	2.033028979320618	-6.15284502698351	1.2292538969378477	15.048452163759459	1.0
256000	-15.481366678981793	-6.591877595669215	-8.88948908331258	-8.684422169640506	2.092544573971291	0.5736159927292114	0.8455824190014607	-0.4624722007780545	-4.215816517707067	0.8279490686940384	1.8393157859975884	1.0
257000	-17.539053947215756	-10.666734090378995	-6.872319856836759	-8.957245706507312	-1.7094883838716832	1.52417941462662	1.424273413599809	-0.4069746397066911	-2.5187477752567147	0.5434511571816628	2.550341382201548	1.0
258000	-17.31186915934371	-6.944516932612999	-10.367352226730713	-8.664162240054527	1.7196453074415272	1.4170333151398218	0.9918130628713471	-0.9166283700202749	-4.020880916227787	0.49970020368896806	1.5452918935671383	1.0
259000	-13.542417967932174	-6.212249355670327	-7.330168612261846	-8.127355080768243	1.9151057250979164	0.9723878306750365	0.40821732985521	-0.9058687090441939	-4.7925480492171895	0.7870175638937396	5.238159008232684	1.0
260000	-13.36798855174825	-6.247178812950343	-7.120809738797906	-7.844348922931961	1.5971701099816178	0.8714114941669059	0.8831660235389066	0.10184247928547441	-3.889455220192571	0.5939861537255194	4.417955618914073	1.0
261000	-16.897604013912115	-7.074801264638266	-9.82280274927385	-7.931414993873366	0.8566137292351002	0.7604965244836889	1.4908255991169594	0.012738175673297603	-4.313769202585787	0.5733912616955458	1.8794044870979334	1.0
262000	-14.403945910863326	-5.170628534015856	-9.23331737684747	-9.050719622762362	3.8800910887465054	1.419480617434307	0.6552134512559237	-1.8301552985774234	-6.506208170585446	0.4139591448373524	8.78674814686039	1.0
263000	-16.017527467658766	-4.088242847334801	-11.929284620323964	-8.192991489937704	4.104748642602903	0.9481779237673638	0.2402666855065251	-1.0324412204443822	-7.827494268749163	0.6496157605613743	4.480071196371134	1.0
264000	-13.621302614725066	-5.3853746968051635	-8.235927917919902	-9.396599546871958	4.011224850066794	0.8239148473428312	0.5908800539889008	2.9945402429225356	-6.325980692331218	1.2826881533583967	8.240765942875452	1.0
265000	-14.23842601532115	-7.775714351951813	-6.462711663369335	-8.662856481846319	0.8871421298945057	0.7783974971213167	0.6760298851145756	-1.4501184907399365	-3.5734128950059714	0.8177420941553936	9.457617173818331	1.0
266000	-16.126830877086412	-7.654334880494358	-8.472495996592055	-10.500875189641736	2.846540309147378	0.6596495420889325	0.4884197074331933	4.243364175011816	-5.1351667150525735	2.108855538142258	5.560845961089436	1.0
267000	-13.32899588809094	-5.7446236235177475	-7.584372264573194	-7.909398942980552	2.1647753194628043	0.8994538096245313	0.6370539661263898	-0.25263452811952725	-4.373898684878072	1.3434783727770288	3.0345788536532505	1.0
268000	-11.501307349185431	-3.952857757595579	-7.5484495915898515	-7.859331230905279	3.9064734733097	0.8332737466839012	0.6492438880020158	0.05928530524786657	-6.2750505192193815	0.7154159243951518	19.921763183523712	1.0
269000	-17.330624281376522	-8.725665048847945	-8.604959232528575	-10.052962593168044	1.327297544320098	0.3298126878326142	1.2859856747024985	0.4508070522071907	-4.153530186063723	2.147680054197479	2.1493949633946925	1.0
270000	-10.94877355884078	-4.024190761858259	-6.924582796982521	-8.278657770986062	4.2544670091278025	0.5611733450743361	0.3214983984222173	0.46901082284637846	-7.3862389965712865	1.1172247924486216	32.14054519983545	1.0
271000	-16.069349842310423	-10.23352358610952	-5.835826256200903	-10.526860516367702	0.29333693025818164	0.3099326068139437	1.1173142715390063	0.16583980860736092	-3.2313233722327097	1.4505596304302564	6.304552454098044	1.0
272000	-18.04207674050889	-7.437139973467833	-10.604936767041055	-8.592513379900002	1.1553734064321683	0.8623962583708712	0.5493064880474163	2.1895600716992942	-3.9217432881529866	2.205255557068353	1.4729325215631277	1.0
273000	-15.539814778160904	-9.334040701896098	-6.205774076264806	-8.41031250476325	-0.923728197132849	0.6506763043660244	0.38935100614075824	2.6864145811510265	-3.3450233978261146	1.9455010701299458	4.0357502077529634	1.0
274000	-19.423330602153566	-9.042559816486651	-10.380770785666915	-8.595270442331644	-0.44728937415500614	1.161853753557594	0.8021904803797322	-1.6403307235982707	-2.803569902540043	0.6423871018438934	0.7964348755433395	1.0
275000	-14.627721922089412	-6.679006450224465	-7.948715471864947	-9.767752743516017	3.0887462932915515	1.3592952491322552	0.9301661670304437	1.3961687114999886	-5.4230257923137914	0.7604721773841452	11.029816071676812	1.0
276000	-15.57425782074181	-8.198071530442286	-7.376186290299524	-9.082429464308873	0.8843579338665868	1.5496058154236325	0.41288526870100384	-0.25073134635973027	-4.178836860452876	0.6021594713203335	5.138263960913243	1.0
277000	-16.712524410304326	-12.557752487190434	-4.15477192311389	-7.9611381440179	-4.596614343172535	0.7820542156957946	0.8158596591455584	-0.17100211644484442	-1.0713641709721	2.0550572904529427	0.5399350100055549	1.0
278000	-13.79811077116515	-5.3649538680097315	-8.43315690315542	-9.115835134343468	3.750881266333737	0.47083917572288886	0.5238106492198293	-0.18871623859924955	-7.562953050144322	2.61104024869306	7.275835310587554	1.0
279000	-13.181516069516334	-5.663976510844508	-7.517539558671825	-8.746959973519235	3.0829834626747274	0.3717679319248257	0.7792418391991945	2.6738349882449515	-5.030316888150849	1.4253787579567885	5.252821925168835	1.0
280000	-13.093064212932974	-5.59845939628914	-7.494604816643834	-9.515895195295014	3.917435799005874	0.31970949078697414	0.6460782781074552	1.5858555751543406	-6.3789167197853605	1.3778907610261455	7.226681017581651	1.0
281000	-12.027592274648413	-5.388441723026009	-6.639150551622404	-8.38151243977283	2.9930707167468213	0.6302807661215007	0.6592623195712763	-0.33942803599061006	-4.956588688003283	2.2579388969206535	13.732051980357419	1.0
282000	-11.36559611932147	-4.437439772332122	-6.928156346989347	-8.008179039532937	3.570739267200815	0.5886299577636175	0.7357983075429128	1.2446486701805801	-5.639726582950282	1.081807890628839	17.312611521926698	1.0
283000	-11.917621551685816	-3.7891589969354875	-8.128462554750328	-8.095280458780284	4.306121461844796	0.5491844766510036	0.350605934643555	1.3884326370390938	-7.716864099050153	0.6007489957696942	15.392534065979408	1.0
284000	-11.433183844022201	-4.219840464578004	-7.213343379444197	-8.48938614404221	4.269545679464207	0.4323293823891197	0.27270528525050686	2.833671548970352	-8.172308434451194	2.1316930396954588	13.403939743124768	1.0
285000	-14.323222156586542	-6.237302971354772	-8.08591918523177	-8.147742036584315	1.9104390652295429	0.5727390981529611	1.2688206034349245	0.7368573850095271	-4.928426543906188	0.5012049778231573	5.583402944789853	1.0
286000	-13.783656017387393	-4.248741674162549	-9.534914343224845	-8.076849698327697	3.8281080241651484	1.1276622198452235	0.6402784187854687	-0.08372972376993992	-6.791056494361527	0.8401676679304265	5.560367275862095	1.0
287000	-10.964124352604493	-3.534302946204602	-7.429821406399892	-7.8510896217710835	4.316786675566481	0.7256967753829893	0.3250071081626881	0.6214276873736839	-7.677796652953727	1.0620311804445568	60.905766727352685	1.0
288000	-12.801594206380583	-5.606278875837253	-7.19531533054333	-8.460248755261677	2.853969879424424	0.602513068108669	0.5271140867244009	-0.2913368665109637	-5.0432972693660965	1.358488979577432	4.279202932989314	1.0
289000	-12.23489172885473	-4.85463297293701	-7.380258755917721	-8.326443976346939	3.471811003409929	0.4647115580192437	0.803108879956667	2.243226187391623	-5.687993767597831	1.0002429081260138	8.99539624148326	1.0
290000	-12.019893288027191	-4.418400655700485	-7.601492632326705	-7.849991003233403	3.431590347532918	0.7671364410351874	0.41045554595013584	1.1266874430652145	-5.865453783232177	0.5360890193978869	16.30289836813624	1.0
291000	-13.24540929587472	-4.93216599316054	-8.31324330271418	-7.845737979034805	2.913571985874265	0.827320844902897	0.9218697725576946	0.9294604570229907	-5.043699096680036	1.5339937126347394	4.046593344849246	1.0
292000	-12.541743309599147	-6.8231355556878075	-5.718607753911339	-8.200974640126045	1.3778390844382375	0.5333002537719069	0.4287546951434838	1.0787554384041556	-4.3939099350307425	2.355129063354317	10.967970551975416	1.0
293000	-13.555527003746336	-6.146700248592911	-7.4088267551534255	-8.902206326137836	2.7555060775449256	0.3802284939683251	0.9983356304086868	1.6441651783046722	-5.047266135730838	1.0133016643249644	5.74603728756215	1.0
294000	-16.5404809353356	-10.260363574851036	-6.280117360484566	-8.429145491778119	-1.8312180830729172	0.7455245793814604	0.5447268485853782	2.4141381184886055	-2.454061718642009	2.597818051625814	3.2581679877361793	1.0
295000	-15.334737767731953	-9.177171489043104	-6.157566278688849	-8.082722876531632	-1.0944486125114727	0.5523215135624089	0.4164906144753556	1.428476069337382	-3.154290582618215	0.6349197174817909	6.6452768949666225	1.0
296000	-11.46525042378746	-4.41493665963898	-7.05031376414848	-8.246918659540118	3.8319819999011377	0.4882215119684102	0.30543744972916276	1.9628744364421709	-6.827608674895694	1.4183943313008922	90.69860280282815	1.0
297000	-12.53090718714314	-5.210577851723226	-7.320329335419913	-9.193813782515688	3.9832359307924623	0.5750809899949991	0.41343608700920365	-1.2039064907472798	-7.934843476346799	2.85961273254347	16.468270313617335	1.0
298000	-10.809493459795135	-3.7053409748725796	-7.104152484922556	-7.831596004379347	4.126255029506767	0.8816856532983777	0.3828587361486773	0.5172940394370917	-6.776377110250101	1.2753243182180038	23.778900594310816	1.0
299000	-17.628019658910617	-10.38866427018631	-7.239355388724307	-11.42072652111726	1.0320622509309505	0.623047930949548	0.30279212614835477	-3.513521361023614	-4.831690385721718	0.7722939004372439	42.52126952908205	1.0
300000	-12.115595317137565	-5.561988619137145	-6.55360669800042	-8.731687575225536	3.1696989560883915	0.636910219618639	0.35278558681396155	3.1088908154776997	-5.917781056328509	1.8004116209203298	24.291765350743002	1.0
301000	-14.312276960670333	-6.739725283549644	-7.572551677120689	-8.862860422923662	2.1231351393740177	1.1798713471918796	0.5703720997970642	1.2759068455692721	-4.452289581071074	0.903925389823407	4.306713970858798	1.0
302000	-12.85106077072582	-4.49719180732609	-8.35386896339973	-8.597079549533886	4.0998877422077955	0.7480661769831211	0.5486535091308605	-1.2639064025327806	-6.845834782271734	0.41019626745456766	28.817741138790392	1.0
303000	-12.702908438003403	-5.204518308961902	-7.498390129041502	-8.025240831243304	2.820722522281402	0.7202730848589385	0.11739997216318265	-0.08086899262713815	-10.864325600754213	2.507282945755214	29.108203356153044	1.0
304000	-11.778875247481867	-4.2011017770806935	-7.5777734704011745	-8.33123428293548	4.130132505854786	0.5758965896384108	0.3740302420175489	0.1933829757508994	-7.981296571366804	0.8961249595875818	65.58788818739698	1.0
305000	-12.580635349139808	-5.612901975358497	-6.96773337378131	-9.625996355882393	4.013094380523896	0.4508987015552385	0.5994756672286028	-0.6979285029806983	-6.604795150512975	1.0194658734486703	20.185028567429086	1.0
306000	-12.48574029663282	-6.547558134230158	-5.938182162402662	-8.146175899467579	1.598617765237421	0.5368550484901667	0.47448913962816003	1.2922738349851677	-4.367332851690123	2.0016451203688583	6.539387407513096	1.0
307000	-12.735971005332242	-4.883171467783617	-7.852799537548625	-8.25986148954579	3.3766900217621725	0.6937879561834327	0.39888487340765655	2.3445497829303905	-5.865676877911476	0.560386847195349	10.584746223792154	1.0
308000	-14.266785220979806	-6.271551588165703	-7.995233632814103	-8.705132483851015	2.4335808956853118	0.44494710268423826	0.7201444542025828	3.5035134706352093	-7.496914047776471	2.533324487763014	118.66930372056338	1.0
309000	-14.98846305659892	-9.212896452637969	-5.775566603960953	-8.723104991256573	-0.4897914613813952	0.5877038963106317	0.5006694106646652	-0.6298413952507833	-3.1844427750877196	1.2172214169430293	2.540972255706285	1.0
310000	-16.18945846220922	-11.15622738450234	-5.033231077706879	-8.365003627440299	-2.791223757062043	0.4729368012520166	0.5633939548018032	1.4897822100604317	-1.9969543972100403	1.0832894618300262	2.0464137961291895	1.0
311000	-12.707612164384367	-5.251385021237025	-7.456227143147341	-8.567655860002377	3.3162708387653517	0.9510420445313557	0.8397021594715286	1.8389226603384898	-5.47387726526707	1.273733079343259	18.903211027400268	1.0
312000	-13.24069708526661	-6.590050502222607	-6.650646583044004	-8.114477908638252	1.5244274064156444	0.8091851121510522	0.5296358352089641	-0.642525812138218	-4.175755770832236	1.125053998929598	4.268300141128135	1.0
313000	-11.58684248201953	-4.434572474388016	-7.152270007631514	-7.903557604430896	3.46898513004288	0.9363967777619696	0.18239564601486177	0.6750818510953923	-7.739620733296401	2.299377013625731	30.071385733625082	1.0
314000	-12.873218409781153	-4.59698526634084	-8.276233143440312	-8.516463668321016	3.919478401980176	1.2668774518649848	0.644969626733661	0.3983250525147475	-6.400742104317336	0.6887588781998412	9.84429129010413	1.0
315000	-12.260038390390374	-4.172700231238979	-8.087338159151395	-8.228477537759959	4.05577730652098	0.4939824192514806	0.25095530895914	2.020282872620436	-7.609108879915573	0.787068434803033	11.191247062760175	1.0
316000	-13.863239225964948	-5.297339042699763	-8.565900183265185	-8.245867542430387	2.9485284997306245	0.8771310460890795	0.7444381993145508	-1.047751495135637	-4.887459285651187	0.24823107165680677	14.799275990431244	1.0
317000	-14.796168694157506	-6.941890293798309	-7.854278400359197	-9.399152184608214	2.4572618908099044	1.6903392011673455	0.4095018783565121	-1.2126444782655348	-5.133400976101976	0.6692955317807499	8.115436180371821	1.0
318000	-16.897614240658843	-5.925298963314794	-10.972315277344048	-8.481002732896414	2.55570376958162	0.45703653991577853	0.6187171623030345	3.014249980532211	-4.66364570631773	1.105364204750645	2.0796788910172794	1.0
319000	-13.337277037592013	-6.059345213929018	-7.277931823662996	-7.986817355845084	1.9274721419160663	0.677901638530679	1.1855260420025635	1.8082849424970626	-4.516872249265014	1.4662454330467896	12.632515231427268	1.0
320000	-14.578164924725687	-4.407801155697893	-10.170363769027794	-7.941774553643585	3.533973397945692	0.6327856187051318	0.6784370550916936	1.5438783472021396	-6.96177064702925	0.4854358448675586	5.619649589269105	1.0
321000	-15.513788236973298	-6.865836455685191	-8.647951781288107	-8.74988475173221	1.8840482960470197	0.6936366084254213	0.8316353758727176	-1.2646303566000232	-4.07231263065032	0.25420290730030537	29.09745967656553	1.0
322000	-13.232992764462118	-7.012929049056547	-6.220063715405572	-10.430375207492828	3.417446158436281	0.3694056450340173	0.46165764677235893	-0.7006624294296806	-5.672517930787531	2.880499373443782	40.47429863197356	1.0
323000	-12.079201789340098	-3.8616395764175007	-8.217562212922598	-8.067273469872157	4.205633893454657	1.0810977325699944	0.47749865744532594	-0.6000003662659965	-6.752414924750124	0.831417700017908	85.18874967607744	1.0
324000	-18.82167702024296	-13.94839142582259	-4.873285594420366	-8.877357276344576	-5.071034149478015	1.4934204902404478	0.6072189513681211	-0.36908035693007796	-1.0059942272576552	1.6082159159783398	1.077282989789279	1.0
325000	-16.443119080539912	-10.168453698317514	-6.274665382222399	-8.897453994123886	-1.2709997041936276	0.4768575792845072	0.7868960224024535	0.10352699527378595	-2.4304171992960493	1.2695884292129853	0.8530009641078925	1.0
326000	-12.849543525533496	-5.277049961931933	-7.572493563601563	-8.57801180380062	3.3009618418686877	1.3454106185129198	0.5676990652346873	0.021492692082039966	-5.328773446158809	1.005162791564671	27.013369660485434	1.0
327000	-13.120372143574404	-4.697670477682664	-8.42270166589174	-8.007503301825665	3.309832824143001	0.6985122248741079	0.8638409996424676	0.09414624942665491	-5.613060938293724	1.4183810248230961	4.391574640699458	1.0
328000	-12.53592955047494	-4.985099969151477	-7.550829581323462	-8.121722987162231	3.136623018010754	0.6646930518930401	0.7324397593854087	-0.005834160825147983	-5.065780532419017	0.5332736734338812	7.66716938280689	1.0
329000	-13.826802374093536	-5.300740598380496	-8.526061775713039	-9.118437667193113	3.8176970688126177	1.4575040251864433	0.6697612458354727	-1.8280047780587019	-6.014154016578117	1.8139074132015252	26.273347181700164	1.0
330000	-11.36750820985699	-3.6633920323494875	-7.704116177507503	-7.980059880375506	4.316667848026018	1.0464339367906137	0.3375601590812933	0.23217833100856744	-7.552989960178353	0.894030781278118	40.3094038484386	1.0
331000	-12.333427543841443	-4.526516940716185	-7.806910603125258	-8.509698380026625	3.9831814393104406	1.357678903497847	0.5923560277671045	-0.4789841927192966	-6.230625434389664	1.0657309906075243	26.9174383985237	1.0
332000	-15.318690256774904	-5.4095048583160965	-9.909185398458806	-9.382460077477628	3.9729552191615314	1.2836094239851867	0.570278158539058	-2.4371202245305206	-6.165318156874827	0.8968239530711802	4.741670670888855	1.0
333000	-12.56112062299633	-4.536753572756287	-8.024367050240045	-8.157297436322521	3.620543863566234	1.1680262365850724	0.6940688165691974	0.004768427344993942	-5.64530552715473	0.4756437430311097	21.94199099888807	1.0
334000	-13.70984227899238	-5.4988343918782085	-8.211007887114171	-8.575817458527897	3.0769830666496887	1.1473497507633463	0.46761525592360836	1.0731250799363468	-5.370491268382328	0.44428472986928974	38.05061849317787	1.0
335000	-17.456245295375957	-10.918416723807084	-6.5378285715688715	-8.772734545152975	-2.1456821786541083	0.506987431119106	0.9249951410230414	-0.009834539996537744	-2.027032798294872	0.27822905982794377	2.5648216230028607	1.0
336000	-11.789455908217874	-5.549657992481782	-6.2397979157360925	-9.660768047002804	4.111110054521022	0.36214983584217	0.45985378940728067	0.46727551520327015	-6.5077807023756975	2.155412560241018	13.823372236883943	1.0
337000	-13.311040337630944	-7.077889022259209	-6.233151315371735	-8.065617896045985	0.9877288737867769	0.572202599249837	0.9025559977662753	1.1167792511281172	-3.5254453201096076	1.6432206453458795	5.1742187035682985	1.0
338000	-12.955202003522526	-5.110650883885448	-7.844551119637079	-8.97117027067728	3.8605193867918324	0.7048417806654352	0.6538553341676726	-1.5940403659026148	-6.598517817397253	2.590998873763299	12.195056461166468	1.0
339000	-12.50881449928778	-6.1080421962409055	-6.400772303046875	-7.903046969461338	1.7950047732204322	0.6511866652781234	0.6033347582767851	1.1658336519440198	-4.190554203800401	0.9880696648947576	6.960621591900657	1.0
340000	-16.34968162564237	-9.293021362197173	-7.056660263445194	-7.970451249064878	-1.3225701131322962	0.6051657638834964	0.7314548392611957	1.4829000641983323	-2.4402097440172805	0.9963485019924179	1.0692515583398532	1.0
341000	-11.570300149261223	-4.494405434130958	-7.075894715130265	-8.510715235737916	4.016309801606957	0.4197700620403811	0.4022854112551251	2.6601163960436027	-6.526624910018105	3.0865260468757643	9.010368372684512	1.0
342000	-12.603930162979509	-5.357603068940991	-7.246327094038517	-7.884951009287495	2.5273479403465045	0.6738506326865107	0.8218464449502846	1.2840179040601016	-4.539331623380713	1.1155725115293045	4.556371671731201	1.0
343000	-18.344390535368056	-11.853009111931401	-6.491381423436655	-11.661053993538282	-0.19195511839311985	0.351300898845157	0.5020270972898548	-1.8065872932112126	-3.327983723299222	1.5645506286382693	2.0513036847665713	1.0
344000	-13.232641716478032	-5.554269690087517	-7.678372026390514	-8.607115396383712	3.0528457062961953	0.903807932567454	0.6778945181635184	-1.6340787800799579	-4.9964356589901175	0.5665829209124771	7.983961877380777	1.0
345000	-12.456565343473358	-4.645951619462426	-7.810613724010932	-8.05886860794687	3.4129169884844437	0.878658835697925	0.12465604963987165	1.3829234759990938	-10.320404060553631	3.086227479253037	96.2480500322038	1.0
346000	-12.61644237407772	-4.54598141018962	-8.070460963888099	-8.860650818804455	4.314669408614835	0.5939898485208659	0.3442791196151171	-0.8796787225079584	-7.488134613856701	1.0280473186885075	9.135999641247361	1.0
347000	-14.795212368201767	-7.294675214830777	-7.500537153370991	-9.198291181044583	1.9036159662138061	1.5697201084306587	0.715964424563049	-1.5510947629723835	-4.127586832926134	0.6479283631168417	7.434315432484407	1.0
348000	-12.172240956827498	-4.718132953726947	-7.45410800310055	-8.975904375263532	4.257771421536585	0.8108685213749453	0.45005682795461754	2.727108292525593	-7.003612367306906	1.3965032840132956	16.31402030517202	1.0
349000	-13.943421169529763	-7.018274768785978	-6.9251464007437855	-9.113035522374865	2.0947607535888872	0.6026912874043984	0.5622127223665302	3.5809236191848552	-4.450084420863629	0.8881256784629847	13.237043320779728	1.0
350000	-12.830574371995915	-5.55916827359172	-7.271406098404197	-8.993018305924608	3.433850032332888	0.49525731991136396	0.32694421802472434	3.816728000588544	-6.2892769794782275	0.7918761178722342	32.85257282419154	1.0
351000	-11.72424130393311	-5.078221559784689	-6.646019744148422	-8.527939776436963	3.4497182166522737	0.5085109531971945	0.43245889144786376	0.45714758040462433	-5.79799043240258	1.1755571569338856	34.1127337042234	1.0
352000	-13.765247802253487	-5.532506659851019	-8.232741142402467	-8.447178197542309	2.91467153769129	0.5722488139398413	0.5276623848100178	-0.022458047212668975	-5.0876779944377635	2.3312968358936645	2.903474221774784	1.0
353000	-11.709760767934355	-4.633229182041944	-7.076531585892411	-8.152800020784444	3.5195708387424993	0.787608353979037	0.64422528041626	1.8816728906102935	-5.48083849739888	1.5787381001694956	11.788222099796165	1.0
354000	-13.980034970815193	-7.855977218354192	-6.124057752461002	-8.168095857215516	0.31211863886132374	0.6618002365635482	0.3822883969428903	2.2699179766862	-4.001612953419191	1.142672844970194	10.210986774995677	1.0
355000	-13.17226089266051	-5.7724098450374015	-7.39985104762311	-8.765436862374896	2.9930270173374947	1.0209505250954722	0.2300617907392002	-1.9184358600059057	-6.71116723047219	1.2058856396718445	52.79493907941439	1.0
356000	-13.840622987774026	-6.173656717494556	-7.666966270279471	-10.26309027902714	4.089433561532584	0.5374006368119066	0.3985065159261747	-2.1478582098908015	-6.650891512219451	0.6221591764397085	16.042476716076298	1.0
357000	-12.025386427464717	-5.037071651748865	-6.9883147757158515	-8.538624302184928	3.5015526504360635	0.6734024500424888	0.5707474826125136	-0.8617827940200391	-5.516942088783389	1.1967520415817114	8.063395260792271	1.0
358000	-16.905258840022295	-13.697495138045397	-3.207763701976898	-8.00296838111607	-5.694526756929327	0.7708962057538925	0.6693293342265191	-0.24901788945051817	-0.7170967847855337	1.6027409742972072	0.6412924133713297	1.0
359000	-14.360873917368277	-7.020388355812078	-7.340485561556198	-10.387959846982028	3.36757149116995	0.30147863259328694	0.6463053603982142	0.527933739276782	-5.312494649097089	1.4121943333340157	4.15436832372159	1.0
360000	-14.588580128172271	-6.844334320139762	-7.74424580803251	-10.97991543430158	4.135581114161818	0.17919054678795182	0.24369557967739358	3.450158316299899	-8.683437879605155	1.2344612602611842	13.688314756111698	1.0
361000	-12.631210792385417	-4.709076548084104	-7.922134244301313	-7.855182653508852	3.1461061054247477	0.907287983548031	0.8600979001751649	0.570445484656313	-6.385862998084235	0.6806614526317156	13.859242378014555	1.0
362000	-15.853833974342171	-10.072179712634217	-5.7816542617079545	-7.900744042515697	-2.1714356701185205	0.9677341351754604	0.555578076045359	0.4327779135313502	-2.2811543001095265	1.220129444363864	1.1505182831329561	1.0
363000	-11.947196048703589	-5.197403932749175	-6.749792115954413	-7.9531547819285855	2.7557508491794103	0.6337838615235741	0.25305887832895735	0.8835682633793841	-6.306762777428951	1.0885683798882457	13.204288965504196	1.0
364000	-15.171712417315351	-6.443172574187578	-8.728539843127773	-8.967613044087884	2.5244404699003056	1.1312224161638023	0.8257149550450371	1.5645980176805891	-4.538100115861379	0.2607471074033503	25.56978362792613	1.0
365000	-15.031798595027187	-8.215937649800384	-6.815860945226803	-8.394552801533731	0.17861515173334563	0.7025020055879526	0.6759142786653489	-0.768219003180473	-3.203779648123011	1.1484330653907717	1.740980601409898	1.0
366000	-12.82616345700252	-5.679503430371266	-7.146660026631254	-9.01857421759184	3.3390707872205745	0.3281961466098146	0.8109607964499311	3.405720727004532	-6.42664688214259	2.1452798688810013	44.679014403410335	1.0
367000	-14.44162438081238	-5.029979259619857	-9.411645121192523	-8.147694648183396	3.117715388563539	0.9056859519101607	0.8483131557920178	-0.9030429045195962	-5.1593103700197345	0.15958407540195696	12.449695535309923	1.0
368000	-14.50835089025918	-5.259747670507411	-9.24860321975177	-8.619836314332336	3.3600886438249242	0.5629102576223701	0.5403014193982586	3.2001375979669935	-5.429268991568008	0.8035115020241329	4.288405510634629	1.0
369000	-12.46048118999808	-4.703382717176771	-7.757098472821308	-8.372502362730021	3.66911964555325	0.953316426999577	0.7182826640421133	-1.3495390511983945	-6.51139202489921	1.1055130514633424	12.887280305662765	1.0
370000	-16.23087721888421	-7.910305188273622	-8.32057203061059	-8.422664955042045	0.512359766768423	0.6271991279601785	1.6168425420005743	2.7685057708254384	-4.545047038033426	1.4100808882862903	6.760878306477929	1.0
371000	-12.768269354969316	-5.798922710624818	-6.969346644344499	-7.997859317806649	2.198936607181831	0.5888789718847993	0.3989717208818016	1.440073173349068	-5.009059405452239	2.8477167099915826	4.765850478238283	1.0
372000	-16.479911338682484	-11.389589385781214	-5.090321952901271	-8.217867218560572	-3.171722167220642	0.597292664787348	0.35923536252820104	0.27344631428671107	-2.4253590852393003	2.109210081701416	11.9113522163509	1.0
373000	-14.178216180095369	-5.936393585687576	-8.241822594407793	-9.020719561787928	3.0843259761003523	0.4496287640447737	0.7088952838969164	3.960981452284557	-7.186677928055815	0.9744761802062498	12.470243893058903	1.0
374000	-11.27307888858542	-4.779584761807175	-6.493494126778244	-8.043498719270108	3.263913957462933	0.6431121074534085	0.34782674202079206	2.0119652760093434	-6.021363878766866	2.48364854685616	17.481244681068038	1.0
375000	-14.383579878441942	-6.282908998089134	-8.100670880352808	-8.16185083684101	1.8789418387518761	1.030307423295986	1.2592090440041566	0.9331473370713257	-5.540765331709314	0.6171772216899747	27.26445535640572	1.0
376000	-11.60357278464897	-3.6436634596483275	-7.959909325000642	-7.925325195004273	4.281661735355946	0.6613006442556868	0.2939252080667335	1.5560017709407847	-8.084306284305642	0.7038160612622512	71.98799279894213	1.0
377000	-12.184907522236621	-4.842596542310201	-7.342310979926421	-8.035040938279394	3.1924443959691935	0.6228259084735179	0.8676975371577297	0.59920913621008	-5.331816846103117	1.1830287535814192	41.80097530488876	1.0
378000	-16.897883659976046	-5.051820870300968	-11.846062789675077	-8.25768001525388	3.205859144952912	0.5675334150405301	0.3626211488670291	0.4579835046876588	-5.894679212961107	0.6309072513711473	2.2765956708642663	1.0
379000	-14.263372288313093	-5.549385275877794	-8.713987012435298	-8.848341339549997	3.298956063672202	1.4892539594197607	0.3586279863781358	-0.4501156231339396	-5.991825703041768	0.4870861289610684	6.944739858488933	1.0
380000	-15.300381539470914	-7.58128417774193	-7.719097361728984	-8.241981890677438	0.6606977129355087	0.5958131106279827	1.27131849431919	0.22566052770387895	-3.610815950548179	1.6118147234476161	2.1322285927396507	1.0
381000	-12.538033610179825	-4.74109863281483	-7.796934977364995	-8.849587811434356	4.108489178619526	1.148698101953605	0.4229660605168727	-1.9898977696989073	-6.596413770973261	1.3606892591576911	12.338231334516562	1.0
382000	-13.153123735464613	-5.09051457715338	-8.062609158311233	-8.065750029502677	2.975235452349297	0.8637576112742306	0.6912742328048543	-0.6623129292331126	-7.332302444944917	1.398936795196092	12.220380798307492	1.0
383000	-18.29214865059452	-13.402558191327593	-4.889590459266925	-8.696926151013347	-4.705632040314245	0.49431339220427817	1.3758444596752524	0.2712117667485524	-1.3041349281769792	0.7925281283116404	0.48563724933639385	1.0
384000	-13.622408689250546	-6.743517917083487	-6.878890772167059	-7.884134860422675	1.1406169433391873	0.8548155376743768	0.24200019990359814	1.001375809474529	-5.370691837979008	0.9859074869356087	31.95039839563943	1.0
385000	-15.543907628476564	-8.978771340610315	-6.565136287866249	-8.21363152772974	-0.7651398128805758	0.5224553965910297	1.3045322628897749	1.2068087794381437	-2.8425803744131293	1.1637428550340398	12.443534867576203	1.0
386000	-11.702774294990151	-4.269447802737334	-7.433326492252817	-7.990532362513929	3.721084559776595	0.9569375746035997	0.7260670893809468	-0.546699580688161	-6.091127068114537	1.0639438413599847	19.12456277753421	1.0
387000	-10.960859944709991	-4.523334037236271	-6.437525907473719	-8.09287238564536	3.5695383484090897	0.5450154900805877	0.3949225163445551	1.8266287114094675	-6.056395924122447	1.5653001548887107	15.911149432366207	1.0
388000	-11.686054851542359	-4.175719991458365	-7.5103348600839945	-7.944233236318864	3.7685132448604985	0.6530246559389536	0.3161022347227897	0.7025136897707278	-6.683312662923509	1.4964622083343906	7.489495762256698	1.0
389000	-11.219167674263648	-3.7164646081690753	-7.502703066094572	-7.829528070209072	4.113063462039997	0.7578578173442714	0.4644207069341553	0.9712747721617396	-6.503226320296579	2.147818614780792	9.203073006445148	1.0
390000	-13.402518760265071	-6.649544964821596	-6.752973795443476	-8.794449054625732	2.144904089804136	0.45504937449474897	0.1486810259787748	0.5753455094969588	-7.190990919933916	1.0760912127303497	15.674543396440251	1.0
391000	-11.551084819185442	-5.584517230937868	-5.966567588247575	-8.700237806595549	3.115720575657681	0.4394274151337931	0.28210508833938575	1.0234546056818266	-6.336835826174286	2.548912223567241	12.758961151049618	1.0
392000	-12.897230086139054	-5.4311971893877935	-7.466032896751261	-8.75684855450654	3.3256513651187465	0.5233280967358707	0.8670597116630895	-0.1468344562642842	-5.849005681386889	1.7986103379094238	7.474652369470258	1.0
393000	-17.651378681633844	-14.704148002106349	-2.947230679527495	-7.823887887389535	-6.880260114716814	0.8720507925681227	0.9775608327877697	0.4211967671760572	-0.31303327330449005	0.7432758988835161	0.08695312198751774	1.0
394000	-15.792590592951425	-9.122586247821697	-6.670004345129728	-8.67215925718243	-0.4504269906392677	1.177273408333906	0.434816111587718	-1.7355678960934706	-3.402887216137751	1.1424856860850874	3.792706297342855	1.0
395000	-17.2927387668029	-12.959207125126978	-4.333531641675918	-8.638905413538993	-4.320301711587986	0.5358081110402536	0.8367332590457258	-0.05703658930167399	-1.1723463624499457	2.2846032682185737	0.3202266982708106	1.0
396000	-14.134903407847169	-7.00966980856333	-7.125233599283838	-8.658265799080176	1.6485959905168466	0.7092837906950391	1.0852926061678203	-1.2038473794776983	-4.062972079776246	0.7473144082439382	5.285236608041525	1.0
397000	-13.986770375556805	-4.614118486999276	-9.37265188855753	-8.454477549065905	3.8403590620666286	1.177274015757192	0.48511780049389724	-1.3862454256938341	-7.684684699287066	3.024911114846242	74.48945246423521	1.0
398000	-12.187475572750616	-5.371132663975164	-6.816342908775452	-8.039649875234433	2.668517211259269	0.6073485593110272	0.5901582622754378	1.9894616283818973	-4.786473253313429	1.0223678445962885	7.5742298644285615	1.0
399000	-11.339299192025567	-3.849971795193749	-7.489327396831818	-8.01455952155725	4.1645877263635	0.6254721790546333	0.4308134591353685	0.6557481061421555	-6.681035265230462	2.7270020766857184	8.571088398555109	1.0
400000	-13.178579911300599	-6.191465806093687	-6.987114105206912	-8.279873322020528	2.088407515926841	0.5093007175252567	0.9807547947035506	2.5918859517081305	-4.2898541958547	2.019479863035121	10.600791327942927	1.0
401000	-12.038272314772438	-4.802320712647085	-7.235951602125353	-8.007388639792874	3.2050679271457883	1.0342469873702311	0.6652804763951348	0.48500462190351	-5.142340888781722	0.8486969266235056	10.28787644474053	1.0
402000	-14.385270814735012	-6.2441684040426635	-8.14110241069235	-7.891320069630551	1.647151665587888	0.6994681612078899	1.0642485894763365	1.4119593268982982	-6.623446344645418	0.6538727756171027	13.520344098527595	1.0
403000	-11.94431627566439	-4.156898107854543	-7.787418167809847	-8.326176471954646	4.169278364100103	0.4934193645576544	0.28305763512558574	1.246011912819605	-8.431800978594476	0.6621656258590256	30.157715201291275	1.0
404000	-11.964412272678507	-4.3239363377498	-7.640475934928706	-8.061628277009207	3.737691939259407	0.5933287825417344	0.13288425321075042	2.0489164048426973	-9.742269660659494	1.1868324520965252	23.136114894542576	1.0
405000	-13.988463613318203	-6.753910352257472	-7.23455326106073	-10.711980160715258	3.958069808457786	0.4376914218949762	0.5538461340156046	-1.8188554355561692	-7.1521040117679835	2.5703083519191776	81.67783136326103	1.0
406000	-12.326770097161244	-5.029920073797164	-7.296850023364081	-8.939530712303888	3.9096106385067246	0.6688275766748867	0.6253615774482801	-1.4031035825482956	-6.114866873724173	0.9128268444574307	33.188486183477316	1.0
407000	-14.572733143466653	-4.728324353012414	-9.844408790454239	-8.187070123295179	3.458745770282765	0.7985722435897737	0.12869927427087602	1.9009820220896883	-10.240848964916417	0.2764894836602956	31.20141368476852	1.0
408000	-13.968121141716658	-6.895951741209204	-7.072169400507453	-9.091513127011936	2.1955613858027316	1.1957267347066354	0.34504392212861584	1.4375438296313212	-5.271306351034283	1.132565660377953	19.693930109265942	1.0
409000	-13.00919068038824	-5.094193150041495	-7.914997530346744	-8.40349761899346	3.3093044689519653	0.45933055235746645	0.62210835603576	1.6224277897501265	-5.2708607677656945	1.4043494815091428	3.9308021987302335	1.0
410000	-11.201956754892244	-4.568517803335339	-6.633438951556906	-7.850310352965268	3.2817925496299294	0.7740165034513783	0.32029521609902073	0.31103551627550136	-6.200977102866894	1.8651485221043231	26.176658398715215	1.0
411000	-14.536346051344733	-6.3057601416762585	-8.230585909668475	-8.171236077784473	1.865475936108214	0.9051158030528637	0.26120908052714614	-0.9494283164470061	-5.637363931241164	0.34423466168128447	11.637889980202372	1.0
412000	-14.654296329690256	-6.719944060862674	-7.934352268827582	-10.305825289547531	3.5858812286848574	1.4077199288318558	0.42119503105027195	-3.0450824625324295	-5.965553667592943	0.7598752445355329	16.749379558356253	1.0
413000	-14.194673749481067	-7.9428682539652975	-6.25180549551577	-7.882250559093102	-0.060617694872195926	0.9670805540001767	0.830721069092569	0.17336919544325347	-2.9807818188871646	1.4697195675302033	3.32775216843943	1.0
414000	-18.20774222279362	-13.56126904526246	-4.64647317753116	-7.963146858381244	-5.5981221868812145	0.9736836002803262	0.41077416016052243	0.7010691608031683	-1.1818384534630102	0.6747469104699538	0.5758625122948745	1.0
415000	-12.243188996877894	-4.759867344701748	-7.483321652176145	-9.019866277896783	4.259998933195035	0.32736555245325655	0.44600318582313264	3.1018322564916985	-7.16877692872428	0.9611319447302306	13.943745477135183	1.0
416000	-13.648825723284304	-6.084812501342443	-7.5640132219418605	-7.829837406202609	1.7450249048601663	0.7814156538468054	1.067812734224804	0.42596290566800965	-4.115703289651098	0.6674155345248948	29.86204854293959	1.0
417000	-13.46231260653023	-5.559802981027612	-7.902509625502618	-9.387008368688072	3.8272053876604595	0.716423564672091	0.6709292070786068	-2.0995491711827152	-6.053636962681423	0.9677343428439029	7.94385377731618	1.0
418000	-12.635738936185811	-4.330845546374201	-8.30489338981161	-8.168180198101629	3.837334651727428	0.6277697330672163	0.6682662334027247	0.14368950020327742	-6.075932653759238	2.155458418473041	5.181493366660871	1.0
419000	-14.420265978431926	-7.098173649135358	-7.322092329296568	-8.011543443687392	0.9133697945520343	0.585467855104147	1.0880443846997685	1.6886294929244774	-3.567138869628494	1.7909574354698679	29.66613195479475	1.0
420000	-13.465882316639107	-5.24655943706513	-8.219322879573976	-8.052101579172113	2.805542142106983	0.6445548117250005	0.9734594407291476	0.33996395679953917	-5.037011022646693	1.1443651732209135	107.92898756811604	1.0
421000	-12.43142126665724	-4.1386440464022165	-8.292777220255024	-7.830098526587701	3.6914544801854845	0.7375921226467367	0.428550170381419	0.8411859870963054	-8.108841887086149	1.3231112397997031	10.720158038185252	1.0
422000	-14.369253147825136	-6.855195497727486	-7.51405765009765	-7.861918798397832	1.0067233006703455	0.931444714929373	0.873207600626828	0.07151608681281774	-3.5352195029102673	0.36961286922151	3.594573179966672	1.0
423000	-14.726515445604008	-8.184001686070898	-6.542513759533109	-8.427160602659026	0.24315891658812738	1.1763259877934618	0.645443884032638	-1.336192741456831	-3.273226940046592	1.3627004765205726	5.500514379522642	1.0
424000	-12.693408596830253	-6.112911553933354	-6.580497042896899	-9.89632131132517	3.7834097573918166	0.38000193256828957	0.599123826158697	-0.16324834881637496	-5.8359449509966455	1.2912913022869652	10.255993163409576	1.0
425000	-12.891886105726158	-4.9591384728677825	-7.932747632858376	-7.913201295888929	2.9540628230211468	0.9960421869675105	0.8593061173974107	-0.051674035377443306	-4.971607347323892	1.6285958172840063	43.00348204067796	1.0
426000	-12.844160063707688	-6.073540262262206	-6.770619801445482	-8.721219953054836	2.6476796907926303	0.3881547470365293	0.5955901007900669	3.290566463158109	-4.762890785040373	1.499583730235764	7.388080793117209	1.0
427000	-11.72637302807794	-4.690512174469382	-7.035860853608559	-8.528359375138656	3.837847200669274	0.8478463025709307	0.49139647312634044	-1.435612125528467	-6.02870474791014	1.3648518888402834	14.796444512431112	1.0
428000	-13.835552959840406	-6.93293993159629	-6.902613028244117	-7.97180574560359	1.0388658140073002	1.0372055354692007	0.7008389955206704	-0.2906786730785067	-3.631140344301596	1.2733706969611487	2.940610684051914	1.0
429000	-12.046619916679237	-3.871318446531859	-8.175301470147378	-8.010532979377066	4.139214532845207	0.8929550042459646	0.5334153349522941	1.2199409393404135	-6.657227019454898	1.851305182106696	8.059890485187154	1.0
430000	-14.091645709522838	-5.571153810769083	-8.520491898753756	-8.863264047924064	3.292110237154981	1.3332581680354794	0.8036827381838896	-1.7577254643302112	-6.537482909353137	0.8021810847715044	65.0649605936426	1.0
431000	-16.830752650871034	-9.485997561661595	-7.344755089209441	-10.606843600268432	1.1208460386068362	1.7800434684070003	0.7180769058356168	0.5426680521107589	-3.661593656792632	0.8369878297584348	12.119420227502742	1.0
432000	-12.206143735973873	-4.467139259881263	-7.73900447609261	-8.271310314713455	3.8041710548321923	0.9283539449818151	0.5487953103749195	-1.1601883359863299	-7.3775702610106375	1.7763337840218414	44.99294410210329	1.0
433000	-13.17704015728394	-5.62339091868229	-7.5536492386016505	-8.111810821005946	2.488419902323656	1.0752540455798938	0.9700638629064647	-0.7764101729016175	-4.636472240424366	0.5637908215551118	13.13205449649355	1.0
434000	-16.03301818037205	-7.802859148800095	-8.230159031571956	-8.373792384954077	0.5709332361539827	0.5589854144468587	0.0871733306173446	0.2575456465700422	-7.605909090440548	1.1799849226688335	7.285047597916734	1.0
435000	-14.236169535595959	-4.451826184671353	-9.784343350924606	-8.649507754479737	4.197681569808384	1.4191761356515558	0.3523380249351558	-0.6045859155411155	-7.058249250770296	1.7711291530400266	6.0411909716885805	1.0
436000	-15.973993955581038	-6.369725231459329	-9.60426872412171	-10.291216645405814	3.9214914139464856	0.44108725954438355	0.6216803335913772	-1.4001883772196169	-6.727819355909068	0.8613522479586782	4.722228562749946	1.0
437000	-14.53796444710289	-6.8967385259294485	-7.641225921173441	-8.964573439748026	2.067834913818578	1.4829587086074658	0.3416890660949363	-0.028587934618559935	-5.208805832763686	0.6724910637762186	7.914932855624506	1.0
438000	-14.335196251375418	-6.419763147667087	-7.915433103708331	-8.049166999118862	1.6294038514517748	0.9551182988937026	1.2682146191467867	-0.7148738917249633	-5.809506845802528	0.9862637195665758	20.62704171776024	1.0
439000	-12.742891784001326	-4.751127303377537	-7.9917644806237895	-8.198818752497557	3.44769144912002	0.5810514257525539	0.7767001375746828	0.4817796331144528	-5.515953939805997	0.39853435033477064	11.586004262320799	1.0
440000	-13.342756884747896	-5.593123937825187	-7.749632946922709	-7.831601614625949	2.2384776768007626	0.7879646032185162	0.6471245871118964	0.9586312216579977	-4.410053034445192	1.9816215638936068	3.0740920086817516	1.0
441000	-16.332014795632908	-8.62172748808058	-7.710287307552327	-11.507784265257767	2.8860567771771874	0.45653767774346193	0.13515086113022326	-2.7367329230983417	-8.030184004601143	0.6750534173872806	58.93631116667892	1.0
442000	-12.8735709246398	-4.683419565805352	-8.190151358834449	-8.21580162546324	3.5323820596578877	0.5205566060399577	0.3077066160514736	1.231179973469	-8.897712296898877	0.5678946333942456	29.635076422510846	1.0
443000	-12.663025089608237	-4.931039560097201	-7.731985529511035	-8.906387564123651	3.9753480040264506	0.9714341396687324	0.5603354483757612	2.0941008871809808	-6.164211330854132	0.6752105245967853	17.398849167947546	1.0
444000	-18.731245406264108	-9.25333950230678	-9.477905903957328	-13.25867160309609	4.00533210078931	2.023313829732255	0.4842072108071621	-3.757975805233059	-7.5068996925730085	1.5525315000136037	25.098362964006153	1.0
445000	-21.539958978541257	-15.088673707827962	-6.451285270713297	-9.872852030884076	-5.215821676943887	0.32196962568813403	1.523976611441877	0.8845674869089127	-1.269955110070065	1.0127489133505763	0.30190282307117566	1.0
446000	-15.350681699483221	-7.843057973789967	-7.507623725693254	-7.928195268770657	0.08513729498069011	0.7429725117572832	0.6883615194725865	0.10786054208144151	-3.143590209350617	0.5699422164721218	1.4831744999538543	1.0
447000	-13.330413608465594	-5.740953252542095	-7.5894603559234985	-8.28080676455283	2.539853512010735	1.2430559276546516	1.0239802845483	-0.20690656620499392	-4.809950328104095	1.096281040194965	11.701821973830961	1.0
448000	-11.789684174826498	-5.052458641581422	-6.737225533245075	-8.793281907323161	3.7408232657417386	0.3778841775534848	0.31764179550967153	2.0813251045971684	-8.693622675424985	1.889334823783108	23.48382860983136	1.0
449000	-13.095198444800998	-5.4089312124936875	-7.68626723230731	-8.318519305444203	2.909588092950516	0.7351293909631116	0.8446907887406846	-0.7786717366806228	-6.70501864963598	1.1848468266429495	13.028149403821212	1.0
450000	-11.615583502799453	-4.475270316414048	-7.140313186385404	-8.076630252248327	3.601359935834279	0.8191051547866508	0.701659931659556	1.6375944696370137	-5.624695566159144	1.4164804937502156	16.093061147544372	1.0
451000	-12.070150110609859	-5.746138362393242	-6.324011748216618	-9.63283380605086	3.8866954436576178	0.2543047094256325	0.2040105787823308	3.8379245975947707	-7.936324511874065	1.839698059956735	21.861191283563183	1.0
452000	-14.152742232597067	-6.189814603475258	-7.9629276291218085	-9.626672944045954	3.436858340570695	0.4149954909538645	0.42128773478048637	4.669329969638866	-5.827714429462159	0.5447060601161156	48.27670598430976	1.0
453000	-11.908015850726292	-4.9964479945109215	-6.91156785621537	-8.658650561223123	3.662202566712202	0.47236040862220396	0.3387647887161532	0.6264286637579404	-6.431033379550781	1.2311351818901397	9.180474642898256	1.0
454000	-15.359871098292375	-8.632135899990946	-6.7277351983014295	-10.296742890846286	1.6646069908553391	0.2678866251987727	1.0018840754245941	1.4602728705067913	-3.9898544524088457	1.2108247053428152	3.7330680297650516	1.0
455000	-12.839477603310204	-5.166542633012687	-7.672934970297518	-8.25257172257013	3.0860290895574423	0.8206060363032242	0.7733552022072211	-0.9413741867677093	-5.029831769209119	0.4943847883927269	9.292847023101322	1.0
456000	-12.370673567882678	-5.395069176088864	-6.975604391793814	-8.327011646418018	2.9319424703291546	0.47221338394992	0.5869659880172825	1.7247351772372193	-4.989525847274113	3.8728722029790688	9.031535893820598	1.0
457000	-13.969814516720717	-4.604244466091885	-9.365570050628833	-7.973349110551457	3.369104644459572	0.9009941573556393	0.8519183653673048	-0.4747635591403662	-5.914493482438424	0.9415424224888561	4.036059302361353	1.0
458000	-15.324068102103364	-6.791677599325614	-8.532390502777751	-10.616904083666283	3.8252264843406687	2.068466063819269	0.6851283576512337	-1.3593312763151681	-6.28133344218275	0.6130377845462406	20.549347138807505	1.0
459000	-11.168142762976128	-3.85562598766234	-7.312516775313789	-7.961234668327366	4.105608680665026	0.8292572118989059	0.3373265228394756	1.3444797149864773	-6.97868997566614	0.922420666197588	28.745962091858146	1.0
460000	-11.635701085284335	-4.246053076914532	-7.389648008369804	-8.21152561951874	3.965472542604208	0.7357083393656574	0.61582139010884	2.1438325877259703	-6.2748137791336305	1.1296857492298875	12.767144743867934	1.0
461000	-14.245264445951133	-4.233813490534282	-10.011450955416851	-8.35675049591418	4.122937005379899	0.544371736446414	0.541657741563333	2.8214604196407516	-6.801405361513034	1.566871286798202	4.646999567634868	1.0
462000	-15.384612517253705	-6.140156183548603	-9.244456333705102	-8.608786453966882	2.4686302704182794	1.1933003027440843	0.3036635637376219	0.9172203142149371	-5.706520574729785	0.5469968738087475	4.244030253795269	1.0
463000	-19.862542684208027	-11.858021062196347	-8.00452162201168	-11.410465621568306	-0.4475554406280402	0.15690864845924962	1.7316768821364676	3.7664971718955034	-5.438363989528488	1.064427638831422	12.417052874698172	1.0
464000	-13.210309569449738	-4.838498671895891	-8.371810897553846	-8.097114386700998	3.2586157148051065	0.7021065678375785	0.8585148037662763	-0.17053326778228162	-6.218055653917189	0.7805817329500944	6.593414252754273	1.0
465000	-14.161182517328735	-4.784516832129961	-9.376665685198773	-8.475378007230386	3.6908611751004243	0.8316563285363899	0.29588377472430016	-1.3255672282412045	-6.745330699172675	3.458453293750419	5.307662270500743	1.0
466000	-11.378393457087473	-3.93191810489476	-7.446475352192713	-8.009853736864136	4.077935631969376	0.9361265082477712	0.27845446109688127	1.0312339487188047	-7.372102671615569	1.3556682827977304	61.62118195541298	1.0
467000	-12.720578722811641	-6.408249257638931	-6.312329465172709	-8.309125512639687	1.9008762550007559	0.46936414825662465	0.7116477986974974	2.164671630882201	-4.129079544396324	1.464621579403953	6.883491729522279	1.0
468000	-12.755248930124253	-4.232824649647042	-8.522424280477212	-8.212311309026724	3.979486659379682	1.2110630550874582	0.1672085318496469	-0.3920239136666539	-9.02646575739634	1.2644551810317315	15.159110904436067	1.0
469000	-13.087000834440829	-5.218546658185695	-7.868454176255135	-8.341799882921196	3.1232532247355005	1.015036017999499	0.7294323943221104	-1.3229719487810285	-5.051923206802273	1.7107279596797385	5.752474277825411	1.0
470000	-16.939364183094806	-11.665762380830305	-5.273601802264502	-8.444910375653809	-3.2208520051764964	0.6294601130711142	1.159197227588148	-0.45106509839083486	-1.6811858632798624	0.6889729469875313	1.1457087231637275	1.0
471000	-14.79089448113248	-6.090387612323518	-8.700506868808962	-9.828690305639267	3.738302693315749	0.9480909661011955	0.47991723733227654	2.8293524832602244	-5.938400729867738	0.339892820930239	13.204458245842405	1.0
472000	-12.051870315283727	-5.46430431608232	-6.5875659992014075	-8.844785765622717	3.3804814495403974	0.3541808926465971	0.6304222229664701	2.9232883517291497	-5.334839071517271	1.4386620153854415	11.329151462886763	1.0
473000	-11.656845168929998	-4.03294864210471	-7.623896526825287	-7.845176552000931	3.8122279098962206	0.7123184802691332	0.6081572090401858	0.9612734486961636	-5.882981299365638	2.1465424011153083	7.021657163151578	1.0
474000	-13.269476312080869	-6.411222577114586	-6.858253734966284	-7.870264020231958	1.4590414431173722	0.9513064049702338	0.9032074778751749	0.2587315304834157	-3.8060997563346404	0.6958892093079521	8.951038736154803	1.0
475000	-11.293778079752808	-4.109868759695272	-7.183909320057537	-7.937855565354312	3.82798680565904	0.7076292787548314	0.6803033031884588	1.60816470171642	-6.140650711192777	1.2626640908274105	14.6370453171509	1.0
476000	-12.037850148461745	-4.06537159802491	-7.9724785504368345	-8.047509384919177	3.982137786894267	1.106051891004739	0.34135305013793116	-0.30022215075911785	-6.776407882041214	1.260301936391752	8.887313674722025	1.0
477000	-11.868097772182358	-5.275600968235308	-6.59249680394705	-8.344469637416964	3.068868669181656	0.5340534185210045	0.5315560765040089	0.599698943135117	-5.199142707028517	0.9291640900739211	13.272672901364764	1.0
478000	-13.049551712665952	-4.1972080078197935	-8.85234370484616	-7.966812222346593	3.769604214526799	1.030987330833003	0.4396505826646316	0.30222240869206873	-7.98918302249315	3.3489641546631046	24.224611653995577	1.0
479000	-17.874886547989224	-8.77382331613952	-9.101063231849704	-8.52748950578491	-0.24633381035461088	0.4327953102183466	0.8342226939899307	1.7006665971061463	-2.8889012226814654	2.5954191992142626	0.946383809346482	1.0
480000	-11.700986608103392	-4.825846572476035	-6.875140035627356	-8.365830115469725	3.5399835429936903	0.4736713064548053	0.44537898559771333	1.469700072636765	-5.836668654397592	1.0851917411617504	44.56752774444425	1.0
481000	-15.00507867606436	-6.838640298940481	-8.166438377123878	-9.84188393900617	3.003243640065689	0.7117715977224083	0.6559943710554275	-2.5254179125670877	-7.467135232151302	2.4637692757425596	15.246089893732291	1.0
482000	-15.024629880495212	-5.23148404461628	-9.793145835878931	-9.027333865694224	3.7958498210779448	0.5227518587122476	0.6855009921685162	-0.5722735452415422	-6.02767110511535	0.9173657282438963	3.354718375312424	1.0
483000	-14.979060390060237	-7.155608204487086	-7.823452185573152	-9.072923349784974	1.9173151452978878	1.4721289025333208	0.6251158595642139	-1.711187952049948	-4.23259425763137	0.7394195189508094	4.462532104602659	1.0
484000	-12.482369298723132	-3.9829543688884526	-8.499414929834678	-8.055225371047857	4.072271002159405	0.5969210704765525	0.2854580347100124	0.8073927773904634	-8.565650281176309	3.034971146851056	9.318013906865902	1.0
485000	-13.892393246772905	-6.76839559478147	-7.123997651991435	-10.681081008937246	3.912685414155776	0.35915574250303506	0.5419394463371112	-0.8534732865304598	-6.057167902940058	0.7370453455407294	12.78101567567477	1.0
486000	-13.569625615993932	-5.519500855963686	-8.050124760030247	-8.031555036507664	2.512054180543978	0.7164779293308772	0.8440086649514456	-0.07825376211882151	-4.534743521571193	0.6191859488655111	3.3367888157522962	1.0
487000	-11.66275198055277	-3.942639293502281	-7.720112687050488	-8.154929111640644	4.2122898181383635	0.8455967760876529	0.37699584447473766	1.6834694798502075	-6.968511059105832	1.5453855467041238	10.057063795567466	1.0
488000	-11.631590047861174	-3.859149968659662	-7.772440079201511	-8.027104216814692	4.16795424815503	1.0839001851949606	0.4783463845049574	-0.3616323567585838	-6.617405737200279	1.8649840271684404	12.757312926912796	1.0
489000	-15.99033078073963	-8.779126956244935	-7.211203824494694	-9.15328221636209	0.3741552601171545	0.3397848692959869	1.5927035902152242	1.9428149781396087	-4.136222849967741	0.9320897993618752	7.0894366554524355	1.0
490000	-11.572614919004597	-3.803777527339582	-7.768837391665015	-7.944313316693133	4.140535789353551	0.6434092948851764	0.48701703718334693	0.8149566938482466	-7.261267804396949	1.2133979233454113	110.4348327973991	1.0
491000	-12.825217115725659	-4.9884901229882015	-7.836726992737457	-8.328388141327784	3.339898018339582	1.1570334428820492	0.6326374885124881	-1.168238247898907	-5.29249828232068	0.5440871426287176	9.324380763989279	1.0
492000	-12.819998894844503	-5.5079655882222625	-7.31203330662224	-7.91244071999341	2.4044751317711475	0.8107919953924149	0.6521162412074737	-0.10708217777912762	-4.516912602762256	0.8135636899704215	36.21538428348739	1.0
493000	-12.955811206504816	-5.440550112569947	-7.5152610939348685	-9.255992242521636	3.8154421299516885	0.9728927187163489	0.17265646473711613	-2.416985332686173	-8.353788017569856	1.8833819383006685	22.773906308945765	1.0
494000	-11.898091592986434	-5.0803034665378455	-6.817788126448589	-7.9538026562272055	2.87349918968936	0.6913669655320951	0.3906347686305369	0.32506300337684013	-5.504955226783684	1.10689076302067	7.953484527588689	1.0
495000	-11.487807802286504	-4.565075647272275	-6.92273215501423	-8.672081391687879	4.107005744415604	0.3991316021500238	0.42373207244912153	1.9727394249396184	-6.591457499690078	0.9227512672316799	22.882725388478672	1.0
496000	-14.67230547688541	-7.691186068526305	-6.981119408359106	-8.604008707450763	0.9128226389244585	0.550976882315038	0.8250264258273623	-0.13394105101185472	-3.489580703658469	1.009142079533796	36.87364372151494	1.0
497000	-11.951958419413906	-4.410582242310671	-7.541376177103235	-8.096470955154837	3.685888712844166	1.1337801683194335	0.2928526987012084	0.02302700257420376	-6.763146814594858	1.0169261352510497	13.709755878544465	1.0
498000	-16.640247642901382	-9.871352412023935	-6.768895230877448	-7.935622278401502	-1.9357301336224335	1.0051990419087495	1.1433206442012485	-0.21086617368202965	-2.1878738790744805	0.9809184090464691	0.8045592794705119	1.0
499000	-14.630507061717097	-7.321326560152328	-7.30918050156477	-7.967687699848583	0.6463611396962552	1.0263654006818237	0.45016854825163233	-0.3237897092477122	-3.9139003019444987	0.41334525407978423	10.8168254225575	1.0
500000	-12.98456075785407	-5.306422739674597	-7.678138018179473	-8.41244406171834	3.106021322043743	0.6980025258865248	0.4880458421456255	2.54714582951628	-8.16526873890588	0.9822617342508054	27.924623415979575	1.0
501000	-12.94048081097967	-5.485723331858644	-7.454757479121026	-8.831067148949774	3.3453438170911305	0.7684637141532847	0.8370594359930544	-1.6366699786071457	-6.2157061597879935	1.322982335272479	16.683619336688036	1.0
502000	-11.854482042441994	-4.626657596426726	-7.227824446015268	-8.065083080849284	3.4384254844225586	0.5744701818729306	0.45948526415031504	1.0807142710261401	-5.698012009594793	4.0066490032362685	9.480439849469562	1.0
503000	-11.862688727614465	-3.842931944394514	-8.01975678321995	-8.108257258189681	4.265325313795167	0.9515109679283419	0.4160792074476705	-0.8568862912355869	-6.996703539928095	0.5871453489645362	40.416581440199955	1.0
504000	-15.581012471429087	-7.400734925744263	-8.180277545684824	-8.77741889419476	1.3766839684504966	1.4153340629751465	1.408377784836568	-1.3373647900323582	-5.155319037340458	0.7038227748201255	13.73889454209671	1.0
505000	-12.113748050152665	-4.618519657735125	-7.495228392417541	-8.146194936788852	3.527675279053727	0.6187940020932042	0.7911858927258699	0.2759656004322676	-5.802037947443039	0.6212890160545451	15.464113139774378	1.0
506000	-12.605951832302031	-4.16359092191272	-8.442360910389311	-7.838323331879579	3.6747324099668592	0.8205924423362595	0.31870040265273414	0.21515869757148942	-6.5685538415733244	0.5053190680082137	8.59595753937741	1.0
507000	-12.482747285485239	-3.9479895924281925	-8.534757693057045	-7.900479333144205	3.952489740716013	0.9074171893060865	0.6277364874564499	0.8229913303879361	-6.52187555325243	1.0903814000041647	6.49939307762723	1.0
508000	-12.377511682782163	-5.380105554408865	-6.997406128373299	-7.930682669226812	2.550577114817947	0.6309275672897945	0.9053225447237233	1.1994781852700416	-4.612290071802533	2.0778939459185137	11.069534073794674	1.0
509000	-15.828894529930476	-7.627644260518105	-8.201250269412371	-8.963886831943014	1.3362425714249095	0.8815256580523938	0.7955100038485587	-2.0297862798617556	-7.648480530768024	1.9217937294268583	28.986989857411178	1.0
510000	-17.621939441877828	-13.232183484203484	-4.389755957674343	-8.203158058215786	-5.029025425987697	0.8004892951561623	0.9336559759897285	-0.7957537856035877	-0.9230877874942045	0.9565540541714009	0.48814988069367693	1.0
511000	-13.01480355027177	-5.435386280143275	-7.579417270128495	-7.8763228196492925	2.4409365395060174	0.9051382556617706	1.0833823031740761	-0.0973481619279129	-4.86781964694707	1.3679223712068491	6.9125447707548515	1.0
512000	-14.06121645515465	-3.9153884560102723	-10.145827999144377	-8.13401052667507	4.218622070664797	0.6693337750012779	0.4829528193493178	-0.06667290939471812	-6.966997921780684	0.15685576890006175	13.147379644895025	1.0
513000	-12.228645729261043	-3.592691593051023	-8.63595413621002	-7.822932720427032	4.230241127376009	0.821557386323603	0.3757956491611075	0.3433889267477479	-7.79902220116254	1.4045642075804619	8.27439247092077	1.0
514000	-12.640219266399383	-3.6608660539973066	-8.979353212402076	-7.813536493101559	4.152670439104252	0.8293150662551187	0.3084480937921292	0.5293712982039461	-7.254272803022573	0.8557956142346321	6.6861342341424255	1.0
515000	-13.464805225575876	-5.485398649426251	-7.979406576149626	-8.432974337906225	2.947575688479974	0.5695267366986609	0.9846581416321286	0.03046818145889979	-5.483395052651932	0.739467233120031	5.663577834444105	1.0
516000	-14.006850843159551	-5.350724559144669	-8.656126284014883	-8.862758562755086	3.5120340036104176	1.3407651404124428	0.7599999480224945	-1.740192894617298	-5.591848881184477	0.38419745407603545	9.04682441260589	1.0
517000	-12.306624193421143	-4.534991957059789	-7.771632236361354	-8.559473910593221	4.0244819535334315	1.2527260273333445	0.542280623981334	-1.4299202146432715	-6.262347853143409	1.5522035162408454	20.336465665885935	1.0
518000	-12.933373884842164	-4.222270523045319	-8.711103361796845	-8.058558647740842	3.836288124695523	1.055932284076921	0.5999619339453617	-0.6433588366129697	-7.045346453362039	1.2272063720756992	7.842405079926152	1.0
519000	-13.30996050442833	-5.733117095304187	-7.576843409124144	-7.89589844217573	2.162781346871543	0.9818307693054991	0.7572793656896332	0.06718043616674141	-4.274684406002241	0.40788124385671704	7.4121770545450545	1.0
520000	-16.47784233881115	-5.22352308824855	-11.2543192505626	-9.060412864949736	3.8368897767011862	0.4090130229455654	0.5779754385598228	0.7339261530984551	-7.175985846789925	0.26304042318859217	5.426137450105165	1.0
521000	-19.05681711005886	-11.32222369542183	-7.734593414637028	-13.74573237128915	2.423508675867321	0.14117322066251506	1.0845587400396652	1.1850805731982723	-5.946933916195278	0.9855024932462167	85.06501161164996	1.0
522000	-13.795433410657676	-5.297862119752417	-8.49757129090526	-8.014316933429198	2.7164548136767808	1.0384667399850425	0.3600240851368054	0.4834800825702421	-5.540511810809444	0.3235975243173673	8.593984826956095	1.0
523000	-11.962955401919308	-5.294447720897149	-6.668507681022159	-9.11244644824312	3.8179987273459703	0.5211604216479848	0.5311460241393068	-0.6817639121617112	-5.933788951493163	1.3420110366723652	11.233636314579341	1.0
524000	-12.749763190148482	-5.276083343979919	-7.473679846168562	-7.885154978560036	2.6090716345801166	0.7223693748535789	1.0452786045824933	0.41563471149361764	-4.990097429441681	1.7702034204751445	7.967249373369459	1.0
525000	-12.48579725394762	-5.596913929868229	-6.888883324079392	-9.38051271861423	3.7835987887460014	0.4490596080244346	0.6155016540541356	-0.3386176108984782	-7.02359352404146	1.5499278858906254	36.813206392892475	1.0
526000	-14.13253203873614	-6.124988954392567	-8.007543084343574	-9.613361774515969	3.488372820123402	1.1960653033467021	0.5670647229956945	-2.714861947027662	-5.508473796370555	0.5192648492025627	16.850164719082983	1.0
527000	-15.673235298711436	-6.791410261579091	-8.881825037132344	-8.817633463247475	2.026223201668384	1.4868637583222846	0.8874406400287868	-0.6540844532402723	-4.179359399649511	1.963456845827641	31.389413795329805	1.0
528000	-11.06866539327407	-4.327048721498275	-6.741616671775796	-8.557573171758094	4.230524450259819	0.46751459250860394	0.3301431208537768	0.9394255489866363	-7.2640262788226275	1.180065107665195	24.48755881617912	1.0
529000	-12.980963162874598	-6.082079397519541	-6.898883765355056	-10.265572350568716	4.183492953049175	0.2689886166525601	0.41489408986146	1.4827906811588105	-6.7659355872355995	1.6343034159699947	8.674490425852426	1.0
530000	-13.568447836617837	-4.509423904850113	-9.059023931767724	-8.739224076021952	4.2298001711718385	1.4556384874580965	0.41991003964477236	-0.6192096822292683	-6.867247927995738	0.8427627994677475	7.129766498572552	1.0
531000	-11.905299573482344	-5.030292880654759	-6.875006692827585	-8.090462068387039	3.06016918773228	0.954761363574513	0.3529058742212738	-0.8170502171826262	-5.831317735712634	1.5033458751330682	13.509135684398068	1.0
532000	-14.309203970819233	-5.798661071769638	-8.510542899049595	-9.088891119760236	3.2902300479905975	1.4196813776954602	0.628806256165211	0.5220169214863633	-5.246971821129646	0.9032336897399595	4.445827069637394	1.0
533000	-16.962988529580983	-11.537199161078389	-5.425789368502593	-8.527811090445054	-3.0093880706333356	1.3341419061985995	0.772282607529215	-0.04126576002938909	-1.6985144468418092	1.3105009381165362	1.5197672389229577	1.0
534000	-11.404946578598524	-4.405008224150939	-6.999938354447585	-8.443257808560952	4.038249584410013	0.7042365212017935	0.5481644407297014	-0.8572280027122604	-6.298382888023793	1.3508200083008326	29.733388058885645	1.0
535000	-13.246044504888907	-5.125845128061722	-8.120199376827184	-8.528258587503501	3.402413459441779	0.43882746094434855	0.14719356016153512	1.5545285331064318	-10.15180013414561	1.6821120884929543	14.361750911962474	1.0
536000	-12.224447744196375	-4.863826093292898	-7.360621650903476	-9.065409940323242	4.201583847030344	0.7179176398727914	0.2668625722890796	-1.7536903039259626	-7.73975051762688	1.4404045961559957	14.647314772438818	1.0
537000	-17.83960480903461	-7.095100250816218	-10.744504558218392	-8.552661859603152	1.4575616087869339	1.2282566715573084	0.7769964614882685	0.6698761655078239	-7.670955922205894	0.20184490872314717	9.829794591257425	1.0
538000	-11.089685498709493	-3.6645002332950414	-7.425185265414452	-7.884880182890182	4.220379949595141	0.8974875763671966	0.46315803252975524	-0.14308644960015227	-6.7968139288499385	1.2610844082220314	13.121706496141638	1.0
539000	-11.083520021308845	-4.206509182435158	-6.877010838873686	-8.26945870494801	4.062949522512851	0.6179269705326031	0.5629745591333091	-0.021214681850661263	-6.408475572625685	1.8000774954678833	14.54357559119488	1.0
540000	-14.060272843842263	-4.932151225772505	-9.128121618069759	-7.856939687695173	2.9247884619226685	0.8711989151427395	0.3185143377201868	0.799091817349669	-5.931714392867697	0.9790256483776661	3.765132796860061	1.0
541000	-12.68595100721954	-5.653771111870739	-7.0321798953488015	-7.886165587605806	2.2323944757350667	0.7493027203286281	0.758422829009439	0.24709319338971203	-4.322304373646386	0.6883698457114706	17.945583827177586	1.0
542000	-12.510030711184562	-4.120406298940163	-8.389624412244398	-7.95135250307594	3.8309462041357767	0.7691022968646061	0.569497924560089	-0.09033703648991057	-5.914999757175804	1.3739698387108017	4.570598181972247	1.0
543000	-12.761436890491662	-6.360083761085976	-6.401353129405686	-8.412502860026471	2.0524190989404953	0.5135269555162845	0.5358670578638871	0.6735502824378978	-4.479385392970588	2.581634635474799	30.365628071295678	1.0
544000	-12.445724051071217	-4.935519357920418	-7.510204693150798	-7.964383239759233	3.0288638818388147	0.7614573061015923	0.7282218714320656	1.5699678598387306	-4.96119001935767	0.8356723412024367	5.905972998185009	1.0
545000	-11.86832185273648	-5.288644183661085	-6.579677669075395	-8.678045696083977	3.389401512422892	0.397919300193975	0.16819700536339272	1.9816256606861815	-9.986209766640169	2.2243184174462662	91.23391478294658	1.0
546000	-13.39926680185755	-4.077872488494767	-9.321394313362784	-8.220647932488674	4.142775443993908	1.1045135122829517	0.3614432536668542	0.6823345628021591	-8.035960069096225	3.904518968720893	30.52895258726779	1.0
547000	-14.733544196281288	-5.7904146329701245	-8.943129563311164	-8.985752458102471	3.1953378251323468	0.6244975365073852	0.8905149717544365	-1.2374747956726226	-6.075011366234777	1.0751097127212614	4.723449463289999	1.0
548000	-12.059209583345567	-4.875252282413107	-7.183957300932461	-8.015745829091204	3.1404935466780968	0.823625911791508	0.33107139133978897	1.4959903952665148	-6.019091150405139	1.796758715380808	8.23909567472305	1.0
549000	-14.76447316946562	-7.013331819513697	-7.751141349951924	-10.628048228605149	3.614716409091452	0.6304065431853921	0.6218439962964648	-2.9329971878840233	-5.601670788358467	0.567303385966212	13.929472338635858	1.0
550000	-13.816597202170465	-5.584735840642431	-8.231861361528034	-8.499155636836802	2.9144197961943714	0.7874137975547914	0.6315456273364553	2.3537042731872586	-7.620780558623736	0.5711891869197444	34.70852440733743	1.0
551000	-16.229758233805335	-7.089216710255306	-9.140541523550027	-8.614231453623155	1.5250147433678496	1.4039206712487853	0.7769634657957734	-0.5641430370585043	-3.8588055419604075	1.4029820486633358	129.18690781221989	1.0
552000	-18.586688172134274	-12.130143067505	-6.456545104629273	-8.096021750976195	-4.034121316528803	0.9994723447212074	0.9569331687925845	-0.8279749839332329	-1.289574368756274	0.3106888637233043	0.4936207422417682	1.0
553000	-14.300911607618502	-7.09705615764513	-7.203855449973371	-9.06182480599358	1.9647686483484508	0.559908614172979	0.8986707843899366	-0.9228466216998708	-4.139853564990566	0.6637385624870556	24.978628642882075	1.0
554000	-13.965685429307086	-4.936064441869722	-9.029620987437365	-9.205548277818334	4.269483835948612	0.9323920638220327	0.3665080327649358	2.47385616512881	-7.165725660840273	0.29342420941951286	29.411280119151176	1.0
555000	-13.372380573961845	-6.829019266758153	-6.543361307203692	-9.654603481617269	2.8255842148591155	0.2704184557675457	0.8809286548348767	2.740788467089044	-4.857964629346912	1.4870660209939326	11.778908972668614	1.0
556000	-11.64602279250383	-4.048974308625889	-7.597048483877941	-7.829073719577105	3.780099410951216	0.8842991906252282	0.1444654571407105	0.41485460398827495	-8.96083767407788	2.0241137203441903	18.58722694753901	1.0
557000	-14.182246264477746	-5.366482315048678	-8.815763949429067	-8.211326633921335	2.8448443188726564	0.499553751581382	0.9805242963045647	1.9574015971398735	-5.1341867728990405	0.2538689402655312	9.196670668823982	1.0
558000	-15.158676675778947	-7.788224207259605	-7.370452468519343	-8.49098249302908	0.702758285769475	0.7470543295293656	1.3001520141855243	-1.1050949659723743	-3.682659273979369	1.5375918905438954	16.318032620740293	1.0
559000	-13.67016665697069	-6.7517714268798015	-6.918395230090887	-7.982625003910531	1.2308535770307296	0.7262920572147523	0.6745392495810929	0.012010337280678351	-3.764958091276559	0.7526304066285369	3.00723099526409	1.0
560000	-11.471924629152772	-4.286728611219203	-7.185196017933569	-8.135911975233322	3.8491833640141184	0.5265430754631536	0.6692888970944837	1.832667952465745	-6.455298736129678	1.1250915879055674	38.700977898050525	1.0
561000	-13.269098707820465	-5.875332350552947	-7.393766357267519	-9.105296717862803	3.2299643673098566	0.3353836897872822	0.39114096685892474	2.219310776271107	-5.776911025034808	1.8033127237993956	206.9458882539014	1.0
562000	-11.317628098932069	-4.004847449200352	-7.312780649731716	-7.973106271665251	3.9682588224648985	0.6142102558915693	0.4312294248903496	1.0396819822400478	-6.357059189719552	0.704848833536382	23.217897441151223	1.0
563000	-11.528127013635375	-4.432396050913475	-7.0957309627219	-8.311429286065529	3.8790332351520544	0.48041998505694594	0.24191488884274467	1.594733757424387	-7.446139186209344	1.3335173389801602	12.26923665318889	1.0
564000	-12.780507500552739	-5.485781928465148	-7.294725572087591	-7.8339098979817985	2.348127969516651	0.7385241584629647	0.7038767609762	0.6989931553109944	-4.43147972287362	0.9534057407247984	3.7931289596177793	1.0
565000	-12.411528420114482	-3.623462582903886	-8.788065837210596	-7.922810346669296	4.29934776376541	1.0086186773062422	0.3052339608338998	0.13538758749539823	-7.954960651783289	0.7479156535605027	10.39214002406921	1.0
566000	-11.669904725530081	-4.214880655417202	-7.455024070112879	-8.25603257273383	4.041151917316627	0.6715073162285559	0.37363708393982814	-0.3508028837096342	-6.685979601330085	1.1745992421038407	85.58369816499545	1.0
567000	-13.61766531098993	-5.39249664102651	-8.22516866996342	-8.22422035377372	2.831723712747211	0.5407708872203751	1.007793219117997	0.8786054460702264	-5.813114154685766	1.4628480185270478	5.409946244017293	1.0
568000	-12.834347403379326	-5.0453489340020115	-7.788998469377314	-8.033879076919588	2.9885301429175763	1.0803754987368808	0.6014607696122671	0.2312034748373868	-5.013548704114454	1.4565240058509028	4.627774834737675	1.0
569000	-14.926503108171172	-7.910225914131649	-7.016277194039523	-8.763675290885349	0.8534493767536997	0.8309205654516366	0.7350152414579214	-1.7090762785602562	-3.5013133159716494	0.6898028497905884	3.714827138282485	1.0
570000	-13.661203272892703	-5.446268069597518	-8.214935203295184	-8.177886541497966	2.7316184719004477	0.5110423025208797	0.5041177166154716	1.8734897834954978	-5.009713331417329	1.518627406271952	3.165390822409617	1.0
571000	-14.32445900527513	-8.062693282740355	-6.261765722534776	-7.959615113007811	-0.10307816973254402	0.6387765448631754	0.6098063998455557	1.692304487478096	-3.151010806200833	1.1633025189837698	2.8914361647229043	1.0
572000	-14.123437059408374	-4.463377369944567	-9.660059689463807	-8.499719050062057	4.03634168011749	1.349866756540183	0.48731773042967524	-0.3773848400011538	-7.445741347126733	0.3049331622951305	100.49392875409282	1.0
573000	-11.84669971136078	-4.359769689379175	-7.486930021981604	-8.490939201469718	4.131169512090543	0.5666870308452446	0.3810490983091652	-0.06040003864425447	-7.939063952951253	0.8069501771149841	28.622846186822517	1.0
574000	-11.97162236028355	-4.466687439889188	-7.504934920394362	-8.602982187820247	4.13629474793106	0.9817733283970248	0.21803233173388675	1.7623362034459575	-8.25151213362204	2.1142954800348908	25.960737242017604	1.0
575000	-14.610956663230033	-6.286194833593855	-8.324761829636177	-9.43948507158115	3.153290237987294	1.2190380462185026	0.5061047875538599	1.6414859950279848	-8.055007528451592	0.9622082912598585	18.373873268151335	1.0
576000	-11.228243513073021	-3.6818997753595264	-7.546343737713496	-7.836425285752795	4.154525510393269	0.8163374501582723	0.49047618015467437	0.9111766542191413	-7.200365404088116	2.4358021389016367	20.45092743431152	1.0
577000	-14.1539136498592	-6.295466712722	-7.8584469371372005	-7.901829248430337	1.606362535708337	0.7126136839838515	0.9878438077023807	0.39877973170707315	-3.939194733964094	0.298322247441371	6.081029544949826	1.0
578000	-12.813253895754237	-4.625728004326139	-8.187525891428098	-8.73709018166717	4.111362177341031	0.3793499606547818	0.5063346267028382	3.2101677762793868	-7.187829489757183	0.5465376908909383	16.970688743284775	1.0
579000	-17.772958567378673	-8.82752356398875	-8.945435003389921	-12.006774864020464	3.179251300031714	1.5440097133488087	0.40641400952269197	2.0349499307464898	-8.535878819713794	0.5773923340548182	83.03438179325781	1.0
580000	-12.452038819321935	-4.415171673677574	-8.036867145644361	-8.477871570181348	4.062699896503774	1.327050299819517	0.5349704965203451	-0.16809276513159238	-7.086320816619176	0.7590839549575992	21.80367213345523	1.0
581000	-12.743772889686985	-6.313228699909921	-6.4305441897770645	-8.417576521952661	2.1043478220427403	0.47355732854701066	0.732424593138776	1.2634846830121316	-4.247161439154569	1.000182544373797	6.441687990667663	1.0
582000	-11.717381767137278	-4.99756498889832	-6.7198167782389575	-9.154826074555253	4.157261085656932	0.476115964746089	0.3728478130206703	-0.30658404600490174	-6.876350440407194	2.97241389602225	11.13817220323857	1.0
583000	-12.799503763753215	-4.419820552642643	-8.379683211110573	-7.969964276463246	3.550143723820603	0.9525766691047041	0.733065460739436	0.8392583341584905	-5.594442230932737	2.8107309600758534	10.59127798569692	1.0
584000	-17.63593277674311	-11.778832874342198	-5.857099902400913	-8.866452719213186	-2.9123801551290125	1.4277017155001381	1.0694666097259602	0.1299638591672315	-1.754337265777663	0.5689693454461462	1.2049515486746127	1.0
585000	-15.1937069946005	-8.182487959459818	-7.011219035140683	-8.04476711421981	-0.1377208452400076	1.012309985175266	1.1458435633205515	0.7446916582820026	-3.022751653832802	0.49501691325866004	3.0775722011238065	1.0
586000	-18.915638718173007	-9.710314311388032	-9.205324406784975	-10.920167102355448	1.2098527909674157	2.144480053606267	1.2585007506388035	-1.5805044818145064	-6.168243562719579	0.43497029258480324	42.158000146767236	1.0
587000	-12.066645867445	-4.738935776318121	-7.327710091126881	-7.990167347537888	3.2512315712197672	0.676597031549424	0.3438998830983772	0.298043224729895	-8.843311501767129	1.334778325271028	52.244005912440585	1.0
588000	-11.661981588592102	-4.69978982816593	-6.962191760426173	-8.415316818696967	3.7155269905310377	0.5098948526760518	0.29593730584797623	0.7131044012229455	-6.7705063531598695	1.879860470231472	8.473409000211895	1.0
589000	-12.224382840644111	-5.154191861354099	-7.070190979290013	-8.183233955458622	3.029042094104523	0.7090934471464342	0.7433994482631637	2.1759318091098625	-4.962243455588924	0.916225015208166	11.201653984991577	1.0
590000	-12.675495867030332	-5.84294263273777	-6.832553234292563	-8.22733566172243	2.38439302898466	0.5943970003573796	0.5556646786298622	2.508490218127097	-4.651594517758686	0.8747663213017367	9.504860082586916	1.0
591000	-12.872164712954948	-4.4690776432891965	-8.403087069665752	-8.46804345846831	3.9989658151791136	0.8582776960741828	0.4994970596104182	-1.3696538040666857	-6.242005043366617	0.4229139231189672	45.77477992051267	1.0
592000	-11.455198566876177	-4.019607432673761	-7.435591134202417	-7.941514207702949	3.9219067750291874	0.6781434325151849	0.6420004654991855	1.647717716786874	-6.286162215504248	1.6387471265543918	9.928147976579947	1.0
593000	-13.196362883355992	-5.992073768865152	-7.20428911449084	-8.828570229847053	2.8364964609819	0.3710825385242423	0.9672865043712897	2.144393835484272	-5.065532622983737	0.834540629179728	28.924490035201984	1.0
594000	-15.69619429224743	-6.767826109879786	-8.928368182367645	-7.9702382241664465	1.2024121142866608	0.9650174721541505	0.3736922551048164	-0.47409511812246663	-9.41626414785284	1.0372224431404593	14.254629037024767	1.0
595000	-11.943056668347413	-4.461067706524043	-7.4819889618233715	-8.400994627427762	3.9399269209037193	0.6556463267668581	0.6337807328258463	2.6594539580197467	-6.307307717833244	1.4301234417202422	11.119331677537609	1.0
596000	-12.148275607185994	-3.7372780785236257	-8.410997528662369	-7.998008454374222	4.2607303758505966	1.0737688151934481	0.41190349171656376	-0.1107703730858931	-6.985413696413052	2.8314900153336997	12.913918422985823	1.0
597000	-12.486278482105536	-4.80293304894144	-7.683345433164098	-7.841776975040143	3.0388439260987035	0.902730350322795	0.8796021832926096	0.46110673993103757	-5.117083516710212	2.080596122022946	10.760304882453992	1.0
598000	-12.225661352327549	-4.112894282916603	-8.112767069410946	-8.050334050360105	3.937439767443502	1.1115009372608387	0.4839106929491726	-0.1189178327474599	-6.176064448324118	1.4205932379869435	6.84574305255883	1.0
599000	-12.672459446882765	-5.233129449501336	-7.439329997381431	-8.470509612969021	3.2373801634676855	1.3392357380564326	0.5979287905160547	-0.4301383907787729	-5.229525297840199	1.2395088409619957	12.208094912181403	1.0
600000	-17.432728489430616	-8.298420832154594	-9.134307657276024	-10.898649088485026	2.600228256330432	0.41220824235175185	0.7084128016784573	-1.7541838518367847	-4.611377615321403	0.8552256107701096	401.39464412366567	1.0
601000	-19.38301271317536	-14.648953060760274	-4.734059652415089	-9.019857824594624	-5.62909523616565	1.460290043835394	1.201441831401595	0.21541381362190987	-0.8546349640054247	1.16083844415439	0.5429690506172673	1.0
602000	-14.73216711733836	-7.447188348844909	-7.284978768493451	-9.786962836131266	2.339774487286357	0.5190925508127322	0.11762375389160017	-1.516850643532896	-7.9734976168174265	0.8089887779457325	38.97987900677884	1.0
603000	-15.049460013140509	-8.115492450261268	-6.933967562879241	-9.394451482963886	1.2789590327026188	0.6546709218977325	0.8457575133735381	-1.8732175757782463	-3.69433810547775	2.4939640731322847	6.715966058049252	1.0
604000	-12.507651458081218	-5.3216082042670285	-7.18604325381419	-8.11874417052072	2.797135966253692	0.9167121033083172	0.8585896388906624	1.3481890790629039	-4.802274031894928	0.8820419215330076	14.415426647312408	1.0
605000	-12.894551708869376	-6.216861529159083	-6.677690179710291	-8.239052238202651	2.022190709043568	0.5300172908323374	0.18553777892159629	2.524035957606068	-6.5403300711957115	1.0694153067415346	21.854757759323356	1.0
606000	-13.805217423453033	-6.960528992949029	-6.8446884305040046	-8.502337966682104	1.5418089737330751	0.4203009850766108	1.115088996466115	2.527051684007905	-4.020008456719926	1.632889666579831	16.173435838893777	1.0
607000	-14.028867911586374	-6.250775850726584	-7.778092060859789	-8.424035358793528	2.173259508066944	1.204762200567677	1.0420294327100652	0.5626186200547405	-4.445300765498265	1.5049678999350782	7.058945381665706	1.0
608000	-15.835955988982477	-9.55236491209998	-6.283591076882497	-8.374934868126397	-1.1774300439735828	1.1829969607654225	0.6713890166318813	-1.215348115414712	-2.559704257373533	0.8637931203965489	2.3898914112386245	1.0
609000	-14.042177274953602	-5.787771700604389	-8.254405574349212	-8.710380110106344	2.9226084095019553	1.4344491717124124	0.5712482959748199	-0.9650185113766077	-5.007809352113258	0.3502345106724191	18.186822475525922	1.0
610000	-12.484344949299611	-4.81652544942021	-7.667819499879402	-7.911902937581715	3.095377488161505	0.6479221342299358	0.5132513747763657	1.362244633285214	-5.261626898195203	0.5229673532675808	7.995317256227196	1.0
611000	-15.232231821876772	-8.427422341943883	-6.804809479932889	-9.65041180399633	1.2229894620524462	1.036551479293531	0.6100341054958542	2.416445092121205	-3.8466027010004282	1.2260162940381643	12.813851357975233	1.0
612000	-17.509233598677923	-12.249468251879328	-5.259765346798595	-7.840110186715032	-4.409358065164296	0.723766744696208	1.2187134711273546	1.0077009959257053	-1.2829626122874018	1.3749448765082595	0.8739730758705644	1.0
613000	-13.68827640451094	-5.277561952927646	-8.410714451583296	-9.282084863351852	4.004522910424206	1.6164461995454673	0.5163199345298425	-1.4843045052948962	-6.231885812447349	0.4851821124869324	14.420988967955951	1.0
614000	-12.022169109034673	-3.899493768271716	-8.122675340762957	-7.84868513621283	3.949191367941114	0.8990783980403418	0.17831257304721915	0.5747701664365861	-8.50893133138491	1.046153603367796	13.902025047437641	1.0
615000	-16.313263003134928	-5.928883511625486	-10.38437949150944	-8.134016795171767	2.2051332835462816	0.6124028945897401	1.184894348875491	0.3669558678694848	-4.981792888110498	1.1002769711966198	2.067829146875174	1.0
616000	-14.935058123770741	-7.430056670658955	-7.505001453111787	-10.611617854194172	3.181561183535218	0.8708768496116389	0.39802614841852	-3.4114855743128323	-5.7075594351841	1.64963512246648	9.524161596699534	1.0
617000	-11.82203175099489	-4.001737874656708	-7.820293876338182	-8.194012348553866	4.192274473897157	0.8355335817104285	0.37138741320220947	1.783033849239703	-6.950965127936415	0.6113848735229362	30.21148413815589	1.0
618000	-14.194831707376167	-4.889393025370707	-9.30543868200546	-8.781942344678491	3.8925493193077836	1.4492135120997462	0.5842674460235449	-1.1436943501704167	-6.013450997778894	2.0171191715245245	6.44855679181108	1.0
619000	-15.280400292371537	-6.369719039204911	-8.910681253166626	-8.043865767001229	1.6741467277963178	0.9584397866468896	1.2088714884619172	-0.7012805166277816	-4.303090474829229	0.39244568230207577	2.887938392553131	1.0
620000	-12.579615129425202	-5.389887761915651	-7.18972736750955	-9.668172799238718	4.278285037323067	0.35260888641724036	0.4257955691886336	4.888492815351621	-7.272644288851733	1.072781087461938	44.175105088115075	1.0
621000	-12.113996253283087	-4.513323943364113	-7.6006723099189735	-8.086408406169358	3.5730844628052454	0.5754890329410693	0.7128346290631774	0.9513304280266675	-5.595410302766791	0.8753640345520024	6.417690230555595	1.0
622000	-12.34185321330985	-5.573159284308642	-6.768693929001209	-8.321919515333006	2.748760231024364	0.5546736659383056	0.6391652734444947	0.426123897380436	-4.780164321725486	3.160594397583246	9.711600807540938	1.0
623000	-15.640938361463226	-4.3354539283210904	-11.305484433142135	-8.411557607645587	4.076103679324497	0.4422211611535453	0.562188422779463	2.4075829305956993	-6.794313072746768	1.4763192220804515	3.4525394917600836	1.0
624000	-13.77258955393608	-5.033145237677279	-8.739444316258801	-8.410436120611003	3.377290882933724	1.1625373127319818	0.7655589711244075	0.7554346183932474	-5.376648132590489	2.25257796038836	6.288854143007557	1.0
625000	-17.20063054610057	-14.537009608824198	-2.663620937276372	-8.055547714922355	-6.481461893901843	1.1138959807520599	0.6778046683597548	-0.07338363307463575	-0.42584772300232643	1.3580889631244624	0.0437576354510561	1.0
626000	-14.684127592473835	-8.111814694156925	-6.572312898316911	-7.935741481055101	-0.1760732131018239	0.8165940652561939	0.9109243651946308	1.3185969561335957	-2.9131296357014147	1.439754503500145	2.4651244034191633	1.0
627000	-14.979454758457862	-7.1886744527157305	-7.790780305742132	-8.201737555338271	1.0130631026225405	0.8348952716105867	1.4359303329894075	1.7973924687381624	-4.282159165612239	1.2557821054535265	20.94490308545173	1.0
628000	-13.222728787745968	-5.161309827784005	-8.061418959961962	-9.435536829332513	4.274227001548508	0.7718083392460898	0.3176568203790664	-2.304474204541525	-8.017097381455017	0.6258090125338744	25.413560213348468	1.0
629000	-14.549070808258293	-7.85929641031718	-6.689774397941112	-8.428164734924222	0.5688683246070418	0.5725458644539394	1.3131726962173211	0.013551246811992324	-3.6114973884813995	1.391418450021708	7.727274628342645	1.0
630000	-11.7389528190797	-4.231864250574046	-7.5070885685056545	-7.920787062350462	3.6889228117764166	0.9345724217102628	0.7335318174885093	0.760895658135046	-6.282096088008743	1.4314049096998998	21.332249077434856	1.0
631000	-12.934785110536819	-5.245622480129066	-7.689162630407751	-8.431384350566741	3.185761870437675	1.3104815270112766	0.4973101126854724	-0.8113598313856084	-5.374311019934973	0.620580335660474	22.83909160750972	1.0
632000	-14.992185046183216	-7.971356055188655	-7.020828990994561	-11.269445189768295	3.29808913457964	0.4104190988417061	0.8434645670740966	-2.108041714188732	-5.450080635852262	2.577571843281648	15.186116563948378	1.0
633000	-11.816081149615336	-4.542399968512071	-7.273681181103265	-8.421524568284987	3.879124599772916	0.44669855470792186	0.15975951965189783	1.879597009213716	-8.783317891117973	1.0507561060936292	22.754640090198674	1.0
634000	-11.509379013397226	-4.049635434128574	-7.459743579268651	-7.8699452189266195	3.820309784798045	0.7553673841179437	0.33995751616310943	1.2554135040272847	-8.500034057109913	1.1021487795763685	38.22930266787444	1.0
635000	-12.401179881893002	-3.9048935434001564	-8.496286338492846	-7.916098999543022	4.011205456142866	0.9793921372171791	0.3774172088313017	0.43975654795386565	-6.626145179745325	1.0459209559884382	6.328875399596867	1.0
636000	-14.2796619164791	-7.230585823483327	-7.049076092995772	-10.66432543890366	3.4337396154203326	0.2538783907813963	0.8047227392245381	1.2556985519195876	-6.300734469473801	0.9935251108600969	13.13599569387032	1.0
637000	-13.937483256182379	-6.4047414407750995	-7.532741815407279	-8.172160639256015	1.7674191984809156	1.1472121194189557	1.2379039147977486	0.2785355953555984	-4.490619418802092	0.7598326645372916	12.352801687035502	1.0
638000	-14.652913579068487	-7.430180340928643	-7.222733238139845	-8.853029227367466	1.4228488864388238	0.5577133086833309	1.0924672363370078	3.4854888333785223	-3.905189428053001	1.19290742006717	25.125597175284444	1.0
639000	-13.657820981971085	-6.7263462876277575	-6.931474694343327	-8.091647492452491	1.3653012048247337	1.1390286762629747	0.8628892463613653	-0.25911444426545427	-3.7446895546617793	0.9635536710397594	4.345162163098439	1.0
640000	-18.87301376004533	-14.164318295803442	-4.708695464241886	-7.971287751973712	-6.19303054382973	0.9329139714722793	1.2311182037587083	-0.48621933438268294	-0.6937558217496888	0.41570449791026226	0.19269053814763332	1.0
641000	-14.466717809874318	-8.676472741414507	-5.790245068459811	-8.262671313171593	-0.41380142824291344	0.603728189577548	0.2905594006696409	2.5646961446436674	-4.13800270629102	1.760768839910692	9.138890323122354	1.0
642000	-16.049529326987937	-8.759591168825894	-7.289938158162044	-8.19760075924009	-0.5619904095858033	1.1893032826539884	1.3641790072470354	-0.006332715028810387	-3.011260168112059	0.815512154501865	1.997308487623223	1.0
643000	-11.496128867920115	-5.3987974014758855	-6.0973314664442295	-8.643960416779176	3.245163015303291	0.46936896148951546	0.49413416909559466	0.7007460033411612	-5.431883396106799	1.9480978271566338	17.099533133682126	1.0
644000	-12.467597087628878	-5.667779096274263	-6.799817991354616	-8.21355881856919	2.545779722294928	0.7863193293622991	0.35228341086084025	1.9838639398570461	-5.463191256544541	2.150181288573143	9.316194981178768	1.0
645000	-13.941165521516538	-7.4109685957294245	-6.530196925787113	-9.081422774813099	1.6704541790836744	0.6672119240872476	0.6320326372147749	-1.571076770302304	-4.072623994729036	0.9320325570389814	6.457729576221717	1.0
646000	-15.305521316446622	-7.508248857952301	-7.79727245849432	-10.061642864936438	2.5533940069841368	0.21856744544588796	0.6520534653256824	4.020198946150713	-4.62206703257435	3.9563559070680068	5.182771214896424	1.0
647000	-12.16408189417577	-4.950290024292506	-7.213791869883265	-8.868617729615698	3.9183277053231924	0.7078742254803579	0.3868253879486927	2.9997769263723084	-6.462976139662313	1.0233820609149447	17.946361784153613	1.0
648000	-13.018287431614059	-3.8317797835256044	-9.186507648088455	-7.872507411191163	4.040727627665558	0.9515491902348951	0.19251680430526355	0.08248924225434612	-9.04250235982447	2.4046264590759527	10.127814767715678	1.0
649000	-12.694144850604701	-4.292637599278504	-8.401507251326196	-8.423371664588005	4.130734065309501	1.1487492121307241	0.2059321504408263	-1.3731309715958904	-8.537238868420243	0.67432525603314	20.06781606187693	1.0
650000	-11.435923052581053	-4.046700924761559	-7.389222127819495	-8.266785527543998	4.220084602782439	0.4846932517264926	0.3939725033250055	2.2627119966304243	-7.70906332682693	0.9336003510695897	20.542807776016698	1.0
651000	-13.68890372313154	-4.083139905736791	-9.605763817394749	-8.049063920241014	3.965924014504223	0.8098975458706419	0.4540195968009039	-0.49687869385642836	-7.726384112788112	0.5367759449137376	7.944640584689487	1.0
652000	-14.014304218445927	-5.173688297014747	-8.84061592143118	-8.24951027799614	3.075821980981393	1.0921376590010543	0.0776135178296798	-1.1030419448969921	-10.14851283167887	1.1763535909046414	16.574371624294926	1.0
653000	-15.018238200209307	-6.088066983195276	-8.930171217014031	-8.53897176459258	2.4509047813973037	0.9820186812638826	1.123759732975877	-1.613182131740941	-5.552891757728672	1.0527780918957805	127.35333046261546	1.0
654000	-19.944950037172276	-15.431354513619137	-4.51359552355314	-11.18772861208173	-4.243625901537408	0.21174431905105234	0.8265216489872227	1.7414469918800226	-1.2021246362658822	2.3329290843282107	1.3727230486047997	1.0
655000	-16.651686616386584	-6.860802407625654	-9.790884208760932	-10.525195309906644	3.6643929022809907	1.0407826483247469	0.7140428324964787	2.889612887774277	-5.774864236777998	0.741008896052638	4.6070010497433564	1.0
656000	-16.961436220772484	-11.567697941391202	-5.3937382793812825	-8.00394001075804	-3.5637579306331615	1.0782182183382747	0.5931822526254865	-0.12594007300959043	-1.625578740244507	0.7408908867610061	3.99486016114541	1.0
657000	-13.159112126462396	-5.8692596015483245	-7.289852524914071	-8.803231114938717	2.933971513390392	0.9102650653607613	0.5824682274081062	2.2225795570292304	-4.99813701883031	1.1131441080315765	7.537424003443023	1.0
658000	-13.636380855906555	-3.6647072453619556	-9.9716736105446	-7.919450119200855	4.254742873838899	0.9907841222992507	0.30503457409449786	-0.16266361222482328	-7.516197434519182	1.8075283314217647	5.329872496524869	1.0
659000	-15.64763151528651	-6.638009185607116	-9.009622329679395	-9.756770084001795	3.1187608983946795	1.745304744422586	0.9325249784647897	-1.7848995582724676	-5.599859854182387	1.5793644043578443	15.327556194087714	1.0
660000	-15.693728878489663	-5.904796880675647	-9.788931997814016	-7.852058753536234	1.9472618728605866	0.8584237624026672	0.9057655752749932	0.057865823138478545	-4.130365024216242	0.6985644360292533	1.530099775690305	1.0
661000	-13.29273323066596	-7.0411629302177055	-6.251570300448254	-8.161350793776947	1.1201878635592415	0.7340381852644842	0.8413982190369477	-0.4724647057052433	-3.602774078947243	1.2963761207261784	6.102825181945512	1.0
662000	-11.612478452458163	-4.6076534555484585	-7.004824996909704	-8.08636496096289	3.478711505414431	0.6764687444952939	0.49059493220432515	0.00877504928956363	-5.647803611227804	1.7823113902013514	6.9013384884651465	1.0
663000	-14.891857601501586	-8.184702890762757	-6.707154710738829	-8.135569688304361	-0.04913320245839525	0.9769179904332312	1.0970310904579592	-0.9247049015138835	-3.036044273839343	0.957638391060372	2.9189414903568744	1.0
664000	-13.152220335227383	-6.097187595820145	-7.055032739407238	-9.165764059117436	3.0685764632972905	0.35096136982013854	0.800861204467084	1.6286677720350655	-5.031832048272034	1.2878946532671884	5.528354466487678	1.0
665000	-11.738348268535397	-4.94761507105798	-6.790733197477416	-7.9762948060569165	3.0286797349989367	0.6691251229328925	0.2611882128885173	0.4067299739615461	-6.441090580597782	1.1810084691551836	12.594428647952952	1.0
666000	-12.20504726482685	-5.668361129055178	-6.536686135771673	-8.786632137105183	3.118271008050005	0.6379305260387077	0.6160926199536426	-1.0419954581037276	-5.10350764101421	1.376696515380852	12.391725630112148	1.0
667000	-13.123469754163098	-4.229129281785273	-8.894340472377825	-8.024247353284487	3.795118071499214	1.090900363284389	0.5156744534014038	-0.002871996029538859	-7.564626914979827	0.7152979028053604	9.624250512127674	1.0
668000	-13.053120470798735	-5.607936045868249	-7.445184424930487	-8.61763778334212	3.009701737473871	0.9763910565357777	0.23977600007818897	1.7982289568777392	-6.625405706098165	1.7069228690270792	10.456830744408483	1.0
669000	-13.734552578706033	-4.83308152520614	-8.901471053499893	-8.10925435992684	3.2761728347207004	1.0895009431579652	0.7875988005951068	0.47637801173928174	-6.647765359654473	1.564472093391539	7.329817166248673	1.0
670000	-11.224933489150946	-3.7534601269208006	-7.471473362230145	-7.858435586611691	4.10497545969089	0.8591308827263793	0.21682398440232659	0.01979583242458576	-8.170963238768092	0.9979340118822149	46.23045933942185	1.0
671000	-14.575086550335712	-6.676704538077106	-7.898382012258606	-7.842233221392786	1.1655286833156797	0.8769355410172073	1.2540826978319912	0.669080793617459	-3.947358767306487	0.747238084589637	2.809986080239848	1.0
672000	-15.493955376948264	-9.771084404907983	-5.7228709720402815	-8.305054869001138	-1.466029535906845	0.6212201287155034	1.0475181867265893	-0.12301913666876582	-2.3439141106907333	0.906756083495508	5.17472729327819	1.0
673000	-11.205963272402862	-4.441204436419201	-6.764758835983661	-8.36655156506096	3.925347128641758	0.5682199603427016	0.3658643906885545	0.18488986701761034	-6.57092588724543	1.7161541913441882	10.550319768866808	1.0
674000	-14.97633518682802	-4.804668393092353	-10.171666793735668	-8.548403417424726	3.7437350243323735	1.0985978005017643	0.6339894746526117	-1.6230750485128644	-5.784206947241193	0.4152890846347176	4.047357724508846	1.0
675000	-16.634499868875693	-11.60738804968415	-5.027111819191541	-7.92439549211578	-3.6829925575683715	0.8116980793629135	0.7665916453428041	1.3014568599050997	-1.4324763857469687	1.0484320547947317	1.9834720006075266	1.0
676000	-12.512788534546502	-4.308586004127158	-8.204202530419344	-7.818248874143435	3.5096628700162764	0.8342309161380852	0.792364002290242	0.3851086085374358	-6.219075032583035	0.43039789660702216	16.474868376522533	1.0
677000	-11.921604687467147	-4.4624524883439936	-7.459152199123153	-8.248811048446097	3.7863585601021033	0.49724314603424796	0.5405869178638381	2.3636679527434854	-5.880278481399638	1.766883618130294	6.612492969020052	1.0
678000	-17.317397909567315	-5.841919156969223	-11.475478752598093	-7.888066125826092	2.0461469688568688	0.9524063668125794	0.12399066730213532	-0.08778406203091887	-11.161199531034557	2.02185825452503	9.3966537650453	1.0
679000	-11.313095838253759	-4.621700799318302	-6.691395038935457	-8.570575457535593	3.9488746582172913	0.49756731794178677	0.6187517733465812	0.4948180918732419	-6.220093094910437	1.5647582571663423	15.190337696140693	1.0
680000	-14.603850084420976	-5.922928149173698	-8.680921935247278	-8.427075890874056	2.5041477417003577	0.4385765645123638	0.5058507415448936	2.2223096363943218	-4.846685509066527	0.40574919740168064	4.514762137867209	1.0
681000	-14.314948674149552	-5.820662845344181	-8.49428582880537	-8.569995454064454	2.749332608720273	0.40571091935831616	0.9981448564210835	2.67044098979585	-6.054234332147582	0.4909987588000585	9.583115028923316	1.0
682000	-13.573201917180254	-6.067108253395952	-7.506093663784302	-8.251676552140847	2.184568298744894	1.1511020708779545	0.6822962319899104	-0.9942842921802162	-4.337536762629943	1.9220296173925142	5.917697640369898	1.0
683000	-10.853083378737814	-3.8516315919967914	-7.001451786741023	-7.966303924182835	4.114672332186044	0.8267216311619715	0.2617353379231487	-0.32504857573441315	-7.599632997463569	1.6282438173519262	27.43903418645964	1.0
684000	-12.663022092221848	-4.976039752335782	-7.686982339886066	-8.372073006475977	3.396033254140195	1.0737077128438108	0.3320006722781881	-1.3572820114138688	-6.225044770793073	0.6282784792525054	25.717049792018997	1.0
685000	-12.072842136714645	-4.405904673770341	-7.666937462944304	-8.457702532531902	4.051797858761561	1.2582492660814564	0.49426052262318554	0.322938091831829	-6.341150333587041	1.5090836538177776	18.49370062018775	1.0
686000	-15.971548302910337	-8.93626510576631	-7.035283197144027	-9.993496987784933	1.0572318820186233	0.3375488344579873	0.9919355852650334	0.39498735385997835	-3.591852845739005	2.5810258256036107	2.3114975123027888	1.0
687000	-12.923875238967616	-4.322329359766712	-8.601545879200904	-8.015795908134749	3.6934665483680362	0.5872224430254335	0.6327937700176939	1.199086497115276	-5.706977236044833	0.2732449065684865	18.155317877329427	1.0
688000	-13.080056792810932	-5.138042850635634	-7.942013942175298	-9.056782452471317	3.918739601835683	1.0193509931169946	0.3400345605720921	-2.2404486403760844	-6.7039352407661	1.0024540445300099	10.381683605953747	1.0
689000	-12.803948021611799	-5.205240812035465	-7.598707209576334	-7.903819666498787	2.698578854463322	0.9239198930349635	0.42418568889223246	-0.2291540650838359	-5.240236157452877	0.5162820157973151	8.728357719754662	1.0
690000	-13.882479281251964	-6.829418150270378	-7.053061130981586	-8.483404656819287	1.6539865065489092	0.679368095217133	1.2376652573461278	-0.8037219328181487	-4.357426735977469	1.1624417364324606	9.016507686737645	1.0
691000	-18.150564523051443	-7.693130894534372	-10.457433628517073	-8.057893177670504	0.3647622831361321	1.0973453712321375	1.0685490195756113	0.2000157748927457	-3.238210151756898	0.20791650997344063	1.058765093126199	1.0
692000	-15.06351118857051	-7.645782837855381	-7.417728350715129	-8.182554168052988	0.5367713301976069	0.5094468786782106	0.9437896177163795	1.8658995085424448	-3.2817049560127907	1.4010025980901926	2.0299485433821465	1.0
693000	-14.486453378819485	-4.148284993432112	-10.338168385387373	-8.10073825087846	3.952453257446347	1.1435437091851366	0.4320097903290824	-0.32411160688990004	-7.863509902990021	0.54170929252616	6.898353903340278	1.0
694000	-12.516121474125999	-5.139881170808088	-7.376240303317912	-8.215685619922397	3.075804449114309	0.7416690260649557	0.42681325526131775	-0.6149442538487595	-5.5080928817549255	0.6771512510213508	8.293071167559225	1.0
695000	-11.022440627769107	-4.34532044764584	-6.677120180123268	-8.643993546369689	4.2986730987238495	0.39025789085150275	0.339056990628074	2.6799123698421923	-7.817907145741639	2.2665186451140826	17.33588127289393	1.0
696000	-19.334102682504376	-14.560506400965739	-4.773596281538636	-8.276708425538676	-6.283797975427064	0.6143275447335589	1.02256668207802	-0.00959701633344251	-0.5290393809871805	0.21240445588533738	0.4350697460672103	1.0
697000	-12.174924542484117	-4.091689280994131	-8.083235261489985	-7.873554763972584	3.7818654829784535	0.9562177479755952	0.6671941615284566	0.14776588150802916	-6.680411968375595	0.5807881409104619	14.447527871595092	1.0
698000	-15.72048431442329	-9.60862611122137	-6.111858203201921	-10.146571990476104	0.5379458792547354	0.23368293335495405	0.40287519246436576	2.8672054487465477	-4.0323061996029	1.2062808144652932	5.733409735666081	1.0
699000	-13.507614576995909	-4.5725732754885255	-8.935041301507383	-8.527972743338495	3.9553994678499693	0.913556532406939	0.312903808235464	-1.5396164858315913	-8.537138215175828	1.2511464907570737	10.201761199942416	1.0
700000	-11.420864876013098	-4.6785911684634245	-6.742273707549675	-8.25262688169016	3.5740357132267357	0.5003024221790653	0.1686579407530048	2.4207022173395423	-8.085469521419517	3.0516300229480144	14.87280263568958	1.0
701000	-11.840455614152832	-4.33117655350301	-7.509279060649822	-8.397055169443494	4.065878615940484	0.5628370390337413	0.5418069351415131	2.873013214611528	-6.364210560587022	0.7793045094448724	15.549478140660154	1.0
702000	-11.306988597557343	-4.755174145722636	-6.551814451834708	-8.036767512607392	3.2815933668847563	0.6154251059474043	0.23528043494124826	1.9894432161767364	-6.896322185689713	1.5023543498820235	27.049067004526457	1.0
703000	-12.38710923915195	-6.152561729665005	-6.234547509486944	-8.314172318083873	2.161610588418868	0.4687124335366196	0.4488964393535567	2.015989211967864	-4.792985953848387	1.5476511089833578	7.213467000280535	1.0
704000	-11.21771045535765	-3.7221549471305595	-7.495555508227092	-7.823190122770018	4.101035175639458	0.7693961917164495	0.23153768225768487	0.8939126585001088	-7.935089371961943	0.8372731018597513	29.788444209708814	1.0
705000	-13.607488947580412	-5.667945473572711	-7.939543474007701	-8.35192412244014	2.683978648867429	0.4576514078685102	1.0645701048176972	2.285367796646388	-5.433854746302656	1.7413905802687517	6.440884496202965	1.0
706000	-13.580661473769386	-7.099441174891306	-6.481220298878079	-7.888732882246181	0.7892917073548744	0.663761936403193	0.20500108614780035	1.0951070546309092	-5.547490284679966	1.0766655044728948	24.81637467098997	1.0
707000	-13.842487911504136	-6.329029506857021	-7.513458404647115	-8.109844794534377	1.7808152876773562	0.5390467481516422	0.8629117400575089	1.554761934085395	-7.257014375000401	1.0912276099122382	25.043375099770344	1.0
708000	-16.015375594378398	-6.419205610585134	-9.596169983793263	-9.630310267232122	3.211104656646988	0.2580295815045335	0.8041071512615348	3.4670821558144307	-5.206768116275935	1.1430578670715699	3.5240450614315133	1.0
709000	-13.582793083011232	-5.090866285195266	-8.491926797815967	-8.656161235858718	3.5652949506634526	1.2608796240514812	0.3992970632860154	0.6729649771499249	-6.0335875805202726	1.0864171486934298	5.593652399470558	1.0
710000	-12.204431547437949	-4.7976848922551305	-7.406746655182819	-7.995155718853357	3.1974708265982263	1.0663406734173528	0.47173491916910765	-0.2387088487537733	-5.454483061135505	1.3513880925185404	6.893768012103979	1.0
711000	-13.250550114443422	-5.523501665264744	-7.727048449178678	-8.030267570466929	2.506765905202185	0.7570484980989799	1.0729188281718423	-0.26607501767566977	-4.93351555496233	1.1113406103124002	44.30560690079407	1.0
712000	-10.788871015494092	-4.400251547493181	-6.388619468000911	-8.393328610382632	3.9930770628894505	0.48262346043022475	0.24109667259182832	2.8546108844306235	-7.617384145300793	3.35994727960888	24.954705430052407	1.0
713000	-12.976471120376855	-5.892236632380171	-7.084234487996684	-10.211197372096809	4.318960739716638	0.22165439623774427	0.36276089585481464	5.42120955556227	-7.507040236064302	2.25209194838519	15.100157058691021	1.0
714000	-11.998680989796302	-4.187215773512454	-7.811465216283848	-8.279495087630092	4.092279314117638	0.48186147756667885	0.3145592821005227	1.7951950884428283	-8.373553685599518	0.9925887669591527	14.841300437797921	1.0
715000	-15.321427305546697	-5.450865461509149	-9.870561844037548	-9.573697672741702	4.122832211232552	0.279066758217566	0.2498746529986206	2.653949844426363	-8.680279724882961	0.7246201677160337	8.459100214561046	1.0
716000	-12.184001608459816	-4.324314258414074	-7.859687350045743	-7.947660629473412	3.6233463710593377	0.9625070542466536	0.7451543313377814	-0.3897978958731376	-5.801062214957264	1.5299892611653854	7.553735797082019	1.0
717000	-13.620265472489685	-4.800349691586819	-8.819915780902866	-8.090382410124885	3.2900327185380664	1.1301092845777576	0.6111100675557924	0.026095930756401597	-7.489625947411139	0.4480604524886771	14.694074972372356	1.0
718000	-15.6271686178112	-6.945624927419522	-8.681543690391678	-8.403596831756442	1.4579719043369197	0.9597471952057749	0.7474629964850439	-1.402622694376797	-3.8340846183613095	2.974614768261137	42.50053371880365	1.0
719000	-12.636718272728546	-5.13874862535968	-7.4979696473688655	-8.472648549609715	3.3338999242500353	0.5739196875878795	0.8123162909235263	-0.08732070868988207	-5.409980875563335	1.350917827215598	5.4258057240357145	1.0
720000	-17.182284390479122	-6.286972995362094	-10.895311395117028	-9.4929363879727	3.205963392610606	1.7182009065933275	0.6369484524514153	-0.6736396533452791	-7.4271696065787935	0.6601232382581183	5.623337653179356	1.0
721000	-11.156726111545785	-4.5361553752634896	-6.620570736282295	-8.707418868739742	4.1712634934762525	0.495843624335662	0.25469830017656425	0.2331324883359836	-8.56154015460199	1.8011575673233085	33.06834351933712	1.0
722000	-15.968537746651034	-9.646950745188025	-6.321587001463008	-9.921160225501378	0.27420948031335257	0.26533675302221	1.0326855905263312	2.240455670387556	-3.1707809234285844	0.8179400258651542	7.718726685225125	1.0
723000	-13.986103292009979	-6.322124189766725	-7.663979102243253	-8.37768735472039	2.055563164953665	1.1041997424920726	0.38457904895614964	-1.343215181520658	-4.982526996986951	2.612303740710343	30.670285287965903	1.0
724000	-15.111249900340914	-4.86850716173525	-10.242742738605664	-9.1408780394959	4.27237087776065	1.5998464952405227	0.43804360303856255	-0.5947857745469443	-7.124356329457094	1.6947865228186398	6.0837181882881985	1.0
725000	-11.898197426746378	-5.38149222429819	-6.516705202448189	-7.821621076595696	2.4401288522975064	0.837077882847205	0.4986582000624468	0.6948841394975769	-4.822516245876422	1.432815295227954	13.745288999776093	1.0
726000	-15.30647322749035	-6.88571268084439	-8.42076054664596	-9.363407233901412	2.477694553057023	0.46430515068877526	0.9894435769203452	4.274104874350959	-4.65862960707482	0.8771181201377947	133.77374045478427	1.0
727000	-12.224990740747788	-4.282684694443329	-7.94230604630446	-7.975982313406105	3.6932976189627755	0.7248270670090019	0.5533211465822068	1.6940781339248616	-5.749748284286186	1.56205159866062	5.4311044611039	1.0
728000	-12.927786999503564	-4.969838012352046	-7.957948987151518	-8.200622097423258	3.230784085071212	0.5097398558929145	0.6367252950858578	1.5700806620712648	-7.41193239329017	0.6871766943214247	15.69670977085709	1.0
729000	-15.123398624069074	-6.445892915802789	-8.677505708266285	-8.740315487899128	2.294422572096339	0.5959036160611804	1.1741145004063875	3.248099506723735	-5.279647265497904	0.9795888501678236	5.814715126469461	1.0
730000	-13.17169134853781	-5.069389233938246	-8.102302114599564	-7.92992661481824	2.860537380879994	0.9312142019761555	0.116645480009538	0.8140733967815593	-8.439146559918674	1.0247012379726275	13.71131266888534	1.0
731000	-12.533301235699293	-4.084035017391978	-8.449266218307315	-7.899622685971744	3.8155876685797665	0.6610815447973201	0.17640255236010574	0.941906401094329	-9.515745465902727	0.6382592121712969	21.804850651862555	1.0
732000	-12.000435580393747	-4.4005877650721335	-7.599847815321613	-7.9637553779234285	3.563167612851295	1.0239559117701194	0.10891542810197344	0.35006658738280105	-9.84136432664177	1.5639686511854474	44.729861887120705	1.0
733000	-14.086814724526082	-6.607619222166936	-7.479195502359147	-9.96533947895083	3.3577202567838933	0.23936639161182846	0.784949160275364	3.1188044331210487	-5.382579421353137	1.4235751050178378	6.369170205718472	1.0
734000	-13.229220275680625	-5.440364230033509	-7.788856045647115	-8.960411224404226	3.520046994370716	1.164163437484046	0.7103975894344332	1.4340941705170462	-5.509427363678852	0.6647773337156085	10.629023270579602	1.0
735000	-15.004633127215534	-6.455505586450352	-8.549127540765182	-9.242920724776898	2.7874151383265455	0.42416178110944447	0.2796419622899402	0.18623375741537873	-6.1061556530659375	1.4320873471882822	3.637113045274936	1.0
736000	-12.714094285630797	-5.429173055747632	-7.284921229883166	-8.324078557360577	2.8949055016129455	0.6649130793990549	0.6269571606234645	-0.44636772612320486	-4.907002695376091	0.542281998635489	9.739721005846103	1.0
737000	-15.452556954161702	-8.962069063336415	-6.490487890825287	-9.269288127480635	0.3072190641442214	0.6231134989981912	0.6308977920891654	-1.5804757544480126	-3.3257372227307767	0.6207239273632641	6.055624561606881	1.0
738000	-13.335687280329065	-5.135992095445862	-8.199695184883202	-9.359950323922526	4.223958228476664	0.2915548163258981	0.414472449656834	2.918985338399413	-6.864318034970307	2.611887754393893	5.984323788184091	1.0
739000	-15.643672666930954	-6.4430368387338675	-9.200635828197086	-9.866232177375553	3.423195338641685	1.262746670159089	0.5340489133795634	1.791980794874698	-7.7633002963517495	1.1570953516533098	9.568878003687246	1.0
740000	-14.2293304499127	-7.487279619435581	-6.742050830477119	-7.844678089344455	0.3573984699088748	0.8897509697016521	0.4469931359887823	0.6060905437986897	-3.7719862795052026	2.156706274147991	26.71438063646576	1.0
741000	-13.454765855310052	-6.1243385703232525	-7.3304272849868	-7.849643394727697	1.7253048244044447	0.9232948926618038	0.6492460715094336	0.28021912064686166	-4.082985680215615	0.9592127590173091	2.982213785477072	1.0
742000	-13.831920792259954	-6.984805429326301	-6.8471153629336525	-7.975781017130412	0.9909755878041109	0.601202114962243	0.823275365924561	1.3983060972946697	-3.533484216004118	0.6083981096054994	4.232465487152038	1.0
743000	-13.463848242733716	-5.6189372202743515	-7.844911022459365	-9.873466392046879	4.2545291717725275	0.2651378800537263	0.4205604092451629	2.354370944295492	-6.947070779780134	1.5911761036517882	6.8657112383297685	1.0
744000	-14.676296241361406	-6.30874281535267	-8.367553426008735	-7.8152338234505985	1.5064910080979281	0.8262559390758679	1.3720032193458414	0.6462089394257888	-4.784737307828536	1.7846768659815146	5.814321046990742	1.0
745000	-13.66742924624362	-7.8204470119807805	-5.846982234262839	-11.482002989356541	3.6615559773757607	0.23401701192538618	0.3914928393697388	0.6592571817435791	-6.160570799422335	2.2009398387788623	43.20211089377849	1.0
746000	-13.526412813566743	-4.991296556712752	-8.535116256853993	-9.035564537621697	4.044267980908946	1.5665596125104568	0.575931389434227	-1.0125690746926015	-6.775277624521848	0.4615889264353304	26.38672619730381	1.0
747000	-14.101895454367625	-5.58746833475562	-8.514427119612005	-8.219858394809522	2.6323900600539023	1.0817775698352416	0.9858015401480076	0.799246848177531	-4.8290423163376595	0.3144513996214915	25.69695824068092	1.0
748000	-12.085908790719682	-4.443563729643446	-7.642345061076236	-8.206080361143336	3.7625166314998895	1.1550209921773755	0.6337089924904087	0.3361881093571695	-5.814917451350187	1.1786135980831254	9.648376516786781	1.0
749000	-15.324197964763117	-9.147221096695262	-6.176976868067856	-7.969697936362602	-1.1775231603326604	0.9945902748709798	0.32897966905564513	0.598939959469843	-3.515557116816154	2.4032719723217557	4.55956663873867	1.0
750000	-11.156725677088353	-4.378740211825981	-6.777985465262372	-8.15550286700913	3.776762655183149	0.5244368366761268	0.21754976965891096	1.531711506312214	-7.601350792815076	1.4849932546546731	64.05564688234173	1.0
751000	-14.551681663244702	-6.801602013229344	-7.750079650015358	-8.988513910312314	2.18691189708297	0.6146617208840518	1.162590146961972	-1.184881751934397	-4.798027591554339	0.4670456564815251	8.870453879496324	1.0
752000	-14.99716567338887	-8.33647150372215	-6.660694169666722	-7.860197732928341	-0.47627377079380917	0.7530148560324252	0.3956041117405525	0.3617504036417556	-3.5398225052365193	1.6062814999770676	1.9401972791407502	1.0
753000	-12.367654109064654	-4.914955581832793	-7.4526985272318615	-7.840002801022634	2.9250472191898416	0.733375429315407	0.6167575498505643	1.0568667162233698	-4.942977704055173	0.852874935282628	5.063412881792632	1.0
754000	-16.017668371312134	-7.77704082431447	-8.240627546997661	-10.407322477146025	2.6302816528315542	1.7631582148298317	0.6271014469967162	0.44093063846708774	-4.706322551431026	0.44107085560742043	5.6362570706627535	1.0
755000	-12.631316019854784	-6.124353165200105	-6.506962854654679	-8.218326415075468	2.0939732498753627	0.8478996919682417	0.4036595344830266	-0.9428070432514273	-4.9225382681842005	1.2207643158050463	14.480031356830455	1.0
756000	-11.983406927745467	-5.655488886148451	-6.327918041597015	-9.855864013227887	4.200375127079436	0.24710042331516227	0.4729444568740053	3.1065442928143074	-6.72374832265604	1.7286409280641084	21.81186689279095	1.0
757000	-12.614406187796082	-5.563252273090987	-7.051153914705095	-8.10471202630137	2.5414597532103826	0.6198569389906717	0.7282467095496697	0.387510351597118	-4.557372262542848	1.1357126366726285	4.168747957720591	1.0
758000	-15.855466680913523	-6.20574027860396	-9.649726402309563	-8.88017302082423	2.67443274222027	0.6087798185070143	0.4451782349156932	-1.0024084021853044	-5.146730824482978	0.6513531937789314	2.584823038796177	1.0
759000	-14.583374726696654	-7.242599373344379	-7.340775353352276	-9.978899263629625	2.7362998902852462	0.7982121501942789	0.6736728915584227	-2.845678180942452	-4.738405694042965	0.7335329983275475	23.260453626343175	1.0
760000	-15.358482658349446	-7.002675254491896	-8.35580740385755	-9.686671350727247	2.683996096235351	1.2510120369764182	1.0644365702456762	1.7105852169890365	-5.419329588681019	1.4541198193850755	27.39466703909866	1.0
761000	-13.439761149078645	-5.835848323653491	-7.603912825425153	-9.356237212746635	3.5203888890931436	0.7919037685318864	0.4039404644880672	-2.2731847160626204	-5.9722334842561375	1.5758667392120937	7.274249192109343	1.0
762000	-17.183717374415462	-9.461494979550405	-7.7222223948650575	-10.478724428464721	1.0172294489143159	1.5202392621342025	0.9399054144651967	-3.0202667764621287	-3.549065436860986	0.6253320446356885	8.86659572612425	1.0
763000	-12.780667891933877	-4.884263690585558	-7.896404201348318	-8.37858280688059	3.4943191162950322	1.1114471504733419	0.6585203416566782	-1.337489153273045	-5.449412444261332	0.5354607676658387	25.864502127568514	1.0
764000	-16.593748442024175	-7.681694901465447	-8.912053540558727	-11.46565866698251	3.783963765517062	0.28091266473613663	0.6733004646712908	-0.427970423828297	-5.931141616525347	1.5102939571230563	3.3730171541460705	1.0
765000	-18.00199980433601	-10.801098701062832	-7.200901103273177	-8.665567648406526	-2.1355310526563067	0.6270776200550816	0.1668523290801244	-0.8008660487789374	-4.48811086976141	0.773109216190932	3.477820686471371	1.0
766000	-13.591422580070622	-6.03641075132061	-7.555011828750012	-8.268339901071855	2.2319291497512443	0.6432238793604244	0.8801454207637938	2.4922941431973	-4.3284471798474335	0.6485290282367991	6.042628639722733	1.0
767000	-14.660561852473656	-7.257810569881018	-7.402751282592638	-8.006403844531803	0.7485932746507853	0.8246862087456506	1.3031830026778115	-0.4306731499499862	-3.7197586688225157	0.6196406804159122	3.3895400146761814	1.0
768000	-15.6003210460572	-8.015749921662767	-7.584571124394433	-9.173848873324523	1.1580989516617572	0.866758988173624	1.0567490297500055	-2.229193792716426	-3.694712268207339	1.1995763955391627	3.753072380358294	1.0
769000	-11.131797501578651	-3.7117845630690764	-7.420012938509575	-7.817761263461767	4.105976700392691	0.8342809276331347	0.53108291977195	0.3936725793594918	-6.469823001599654	2.0906966864224046	12.568670386781246	1.0
770000	-14.329017946542297	-5.026950629186442	-9.302067317355856	-9.007225101540753	3.980274472354311	1.5035036481776773	0.3039116394044845	-0.07837894327805339	-8.564770140842304	0.9128147114284894	11.500337209743961	1.0
771000	-16.06063790041449	-4.687310761777012	-11.373327138637478	-8.552035368110317	3.864724606333305	0.4364490929450114	0.6669257190774515	1.5172093006893217	-6.393729279242235	0.3111339994041252	3.934732873139199	1.0
772000	-13.848625660081794	-6.310464567522218	-7.538161092559575	-8.44188977703482	2.131425209512602	0.9277470238389933	0.2970785082955617	-1.4325726193189807	-5.529911752470113	0.6115888101395337	9.512888474162276	1.0
773000	-13.429419125580782	-7.278864898155478	-6.150554227425305	-9.097221759654019	1.8183568614985406	0.5925806097611132	0.6001607139428363	-1.1930646943295937	-4.209908567120667	1.9032056000366442	6.719554762210526	1.0
774000	-14.5555630467832	-4.8440001345057375	-9.711562912277463	-9.11148755123839	4.267487416732653	1.0446461617715317	0.3410953760985409	2.0033081269714854	-7.29449007071742	1.8673592925233355	6.040539998497979	1.0
775000	-14.344610330126812	-6.447583145197992	-7.89702718492882	-8.507800338018086	2.060217192820094	0.8633668058688745	0.4936080409660843	-1.4361255138753373	-4.590769794114124	1.0054753950453017	3.292064108948234	1.0
776000	-11.650027238235715	-4.720193648034471	-6.929833590201244	-8.049553033448943	3.329359385414472	0.8484745497911063	0.5925508035233136	1.4784364124362472	-5.32059149087717	1.1900456300693996	15.813022151542695	1.0
777000	-12.308110831410403	-4.222097262537517	-8.086013568872886	-8.32105404954352	4.098956787006003	0.7647712936495794	0.399057084775765	-0.8941365233672024	-7.8790782672458874	0.5742036870821737	25.643437842512387	1.0
778000	-14.829513923111111	-5.1552425876279555	-9.674271335483155	-8.244912863761126	3.0896702761331705	0.5106922664391232	0.844617971513743	2.465678603702873	-5.114560494009241	0.6008523747272365	3.365377213763857	1.0
779000	-12.617610088799898	-4.962417395811341	-7.655192692988557	-8.22314509597137	3.2607277001600288	0.844246052972555	0.8061475166715285	-0.9438277162700738	-6.561544356428811	0.9414066522683563	31.009757951004744	1.0
780000	-12.329492936141863	-3.912023132071859	-8.417469804070004	-8.10652739232326	4.194504260251401	0.6638209396200915	0.4222732699546337	0.03914432106145066	-6.769887777841625	0.39312223104618577	13.798450415360417	1.0
781000	-13.43704528949287	-5.775962486129247	-7.661082803363623	-8.03308124582835	2.257118759699104	0.9062157905158555	1.0600190887586332	-0.6445689674002913	-4.564116240412901	1.6794868752301326	6.03454777379727	1.0
782000	-13.946236647527115	-5.991923131594572	-7.954313515932544	-8.49131492315532	2.499391791560748	0.4341642652906356	0.3688582594987978	2.8713896562571235	-5.345824717651565	0.6176801542528995	6.674123402483278	1.0
783000	-12.358237824885489	-5.227165174754388	-7.131072650131101	-8.348385110333485	3.121219935579097	1.0761482159757891	0.469443187991607	-1.3138912239394405	-5.399851495832079	1.17957851683191	22.53736525726018	1.0
784000	-13.348113942070956	-4.244507961337454	-9.103605980733501	-8.363522711145183	4.11901474980773	1.2459447432104447	0.46014787382133737	-0.9783518662676635	-7.483342567925127	1.0315507240496902	8.230721041558567	1.0
785000	-18.636562452460467	-6.6146659898066655	-12.021896462653801	-7.9176158321706716	1.3029498423640056	0.7236592521885935	0.23479696077384246	1.5106061861386406	-5.533614533594848	1.8497670396134516	1.819288278123872	1.0
786000	-15.407592911577222	-6.60774987653953	-8.799843035037693	-9.212396207280289	2.604646330740759	0.721754694653255	0.9393125006206439	-1.9317725612213301	-4.707857451380259	1.8474081704834378	3.2962172028758983	1.0
787000	-12.445320041422148	-4.726216760464451	-7.719103280957697	-7.92969452784317	3.2034777673787183	0.7619609567147382	0.6668290641044974	1.4679886014670043	-7.294017457470284	1.3886971251224538	14.991217585503625	1.0
788000	-13.679154504938527	-5.372627776972049	-8.306526727966478	-8.586144729330062	3.213516952358013	0.5582731118547298	0.9035999938934429	-0.16606589962088633	-5.777017943407652	0.6538188420981967	5.722033114846544	1.0
789000	-12.364112237411327	-4.588164272368974	-7.775947965042352	-8.126929613636348	3.5387653412673736	1.1402678224842295	0.3533364311790051	0.1433534107141589	-6.230348788420786	1.969135855022054	9.021289053456565	1.0
790000	-11.281237462218542	-3.6449642201614934	-7.636273242057047	-7.863247875870054	4.218283655708561	0.7137640857740892	0.23963562686876672	0.6252656939612912	-8.232559823304513	1.0887798644081232	15.621231941834852	1.0
791000	-11.942593067944824	-4.441043683941036	-7.501549384003787	-8.41000536192715	3.9689616779861137	0.9789606581573689	0.6224079106917143	-1.4236626035400566	-6.393999064248129	1.1007651441163961	17.154585578088795	1.0
792000	-13.609332162427432	-5.8166541029492205	-7.792678059478212	-9.796483183618433	3.9798290806692123	0.40371530210303946	0.49660005659582823	-0.3584537424932097	-7.46771567214431	0.5750472175974676	27.487793926165946	1.0
793000	-12.087613881149206	-4.528693945675218	-7.5589199354739876	-7.874012113777888	3.3453181681026702	0.8203353888742339	0.7382831910211941	1.093078361283746	-5.300864723984304	1.239218353245026	6.060725768420367	1.0
794000	-14.152890802795548	-6.017412456724493	-8.135478346071055	-10.215624314249052	4.198211857524559	1.5308248393228066	0.4222480320509493	1.1271880749230692	-6.77874412844677	0.9366688980003499	13.765981564576267	1.0
795000	-12.048813911424809	-3.8504823600895035	-8.198331551335304	-7.829049604009314	3.9785672439198105	0.8590389598265674	0.5994520563046501	0.6562954724536469	-6.767473165062258	1.3015968696026885	7.914407611815661	1.0
796000	-13.032781534619893	-6.3960105735513375	-6.636770961068557	-7.997630863999876	1.6016202904485386	0.9318223103265642	0.6524789253191465	-0.5666998695069664	-4.004977187144084	0.9540027836569535	5.486772720168253	1.0
797000	-16.65227713825709	-13.935825239290534	-2.7164518989665583	-8.030721495120956	-5.905103744169578	0.6633134066770604	0.7096042397722407	0.2609388111734804	-0.6193198622039292	1.043737135742542	0.18676531478227362	1.0
798000	-16.08893240619294	-8.610881333753296	-7.4780510724396425	-8.653807862078184	0.042926528324887414	1.185091808173019	1.4454525302213261	-1.7003100404347689	-3.479342053434073	0.6710212703265661	5.3709637078534485	1.0
799000	-13.313193553617527	-5.636946873983624	-7.676246679633902	-7.993840039922252	2.3568931659386276	0.9158768661177422	0.44092372296854254	1.081232065641271	-4.946777713540074	1.0182268882920331	4.188705056829385	1.0
800000	-12.766089469409874	-4.505220012403092	-8.260869457006782	-8.501344501114183	3.9961244887110903	0.5896263050733412	0.1707728858739823	-0.26941293079517786	-8.959117024584708	1.339249649683857	11.259264931036347	1.0
801000	-12.827166907732767	-4.7961345200273	-8.031032387705467	-8.05052434052745	3.2543898205001494	0.8014101308117958	0.8620020229016266	1.6463043589149593	-6.197909204419455	0.6860174999816272	10.626752711292774	1.0
802000	-12.902932813548292	-4.776542543956266	-8.126390269592026	-8.087854862672735	3.3113123187164692	1.0376770906377988	0.8708188075783004	-0.7718709857279347	-5.886289583329251	1.178029584232481	7.481064180783191	1.0
803000	-12.644023833170387	-5.654526442141931	-6.989497391028457	-8.478505460661161	2.82397901851923	0.5656796049035325	0.9089706770388624	-0.027089267766964742	-4.9000945315633295	0.7668631861301848	13.21771658600724	1.0
804000	-12.059153874307928	-5.155028581827951	-6.904125292479977	-7.973166494799452	2.818137912971501	0.6623076258920636	0.7936254907709149	1.7737064779697147	-4.779087954256727	0.9261651747376951	13.046481351775128	1.0
805000	-14.37320934859366	-6.003030618441299	-8.370178730152361	-9.68514582323057	3.6821152047892713	1.1231224935721655	0.6997588044335551	-2.8066920146037266	-6.630409402268175	0.7098698387938478	62.827076418743516	1.0
806000	-15.144173291809253	-9.568300857776666	-5.575872434032586	-7.83107076974128	-1.7372300880353868	0.746114471722012	0.66561540347133	0.9717242580153549	-2.3144953559120216	0.819060589275974	2.4459544030749383	1.0
807000	-13.82560611389432	-4.097593408818624	-9.728012705075695	-7.826162320307465	3.728568911488841	0.842715401592687	0.6373795839075267	0.7176207691809965	-6.965711479194074	1.3758685997769071	5.027269430874942	1.0
808000	-12.613896316134888	-5.544660837810332	-7.069235478324557	-8.995896461071618	3.451235623261286	0.4161674776149826	0.1616944938873736	3.979756823589802	-8.06762337119039	1.9412159905264703	184.32853614082157	1.0
809000	-11.21239526944351	-3.901180864147033	-7.311214405296477	-7.908693622325261	4.007512758178228	0.9868777747749612	0.23772106624375966	-0.08619244649581104	-7.679801929881933	1.490349397788923	21.141869702494947	1.0
810000	-15.213355490549112	-8.288170036553458	-6.925185453995653	-8.30936628556796	0.021196249014501234	0.6210054593260824	0.546307492417258	2.61214078509483	-3.330002683437613	2.1383811422124666	2.95949125754696	1.0
811000	-16.793508254822783	-9.24692956007315	-7.546578694749634	-9.208835232858604	-0.0380943272145462	1.5593583005980176	1.367273567638571	-1.622235819160958	-3.3076830532034323	0.6817204979214652	5.315968526531504	1.0
812000	-14.525426359708096	-7.367060317177245	-7.158366042530851	-8.442744019496562	1.075683702319317	1.3234958173965878	1.077059475582738	-0.33666301224506756	-3.6589211769251593	0.744020588065762	8.84495464011475	1.0
813000	-14.305838137947521	-5.743639475587502	-8.56219866236002	-8.186591641158909	2.4429521655714073	0.6037954597575486	1.0637392620545216	0.29724248808452003	-6.04771822404363	1.3026063742474552	5.40051791740773	1.0
814000	-11.746913064889807	-4.440380106224539	-7.306532958665267	-7.910778767906751	3.4703986616822124	0.8213282353683461	0.3005082522227593	1.2251209726261256	-6.499144890417061	1.0321901648750462	11.13602428456048	1.0
815000	-14.911339249673961	-6.295235852011246	-8.616103397662716	-9.415336319560769	3.1201004675495225	1.4787197713347298	0.5258796819713086	0.6425279506816283	-5.252727252243628	0.8256900813815252	4.252833655211687	1.0
816000	-12.24411308105535	-5.329873256830989	-6.91423982422436	-8.711801009530848	3.38192775269986	0.41283787794662513	0.2890952148104469	1.4878988530200692	-6.504906731749486	0.8307504571938882	18.39661994835126	1.0
817000	-11.61309939290524	-4.938888013332502	-6.67421137957274	-8.336424369228002	3.3975363558955	0.7023849981750374	0.22044893243585137	2.4317068507088297	-7.163120339956338	1.8466802093374046	25.902307432312707	1.0
818000	-13.53856399640801	-5.485054421873771	-8.053509574534239	-8.306938902384166	2.821884480510395	0.7120042351236383	0.9364765892631064	2.3605651480406924	-6.331355126106796	0.5738759607478382	17.982176658112664	1.0
819000	-15.36577408057045	-4.037310112181397	-11.328463968389052	-7.917926822757261	3.8806167105758638	0.9519011903927302	0.17423125482703367	0.6472280255287327	-8.442727187455601	0.752452105302694	5.652399956853137	1.0
820000	-13.226014422524537	-4.375701317345756	-8.850313105178781	-8.300679706870904	3.9249783895251475	0.8371377585900132	0.6389398164770361	1.9334861602731608	-6.50860470888798	0.8735027063090904	6.413055267098513	1.0
821000	-11.257642675040556	-3.820134897722328	-7.437507777318228	-7.990564625523781	4.170429727801453	0.7354387829981426	0.5151533172414772	-0.058728491284429696	-6.7431278258973535	2.064185352527133	10.971364482732996	1.0
822000	-15.413597978816021	-5.8728420683800655	-9.540755910435955	-7.890693513231796	2.017851444851731	0.6617159304127435	1.044115041131872	1.131836468990197	-6.488097382166702	0.5294393779612712	5.735923415565462	1.0
823000	-13.066430349470707	-6.1803960125416815	-6.886034336929026	-9.121730523707864	2.9413345111661826	0.4224913403375836	0.8400065278234763	0.4154336331518001	-4.9327380008835755	1.043534320081603	6.105628825093288	1.0
824000	-16.884316174685218	-8.545439502351144	-8.338876672334072	-10.562921993208775	2.017482490857632	0.2457866105522764	0.04259202107837486	1.6436074236896006	-12.555040663531528	0.9701272619022991	28.533696592539858	1.0
825000	-11.312933769795777	-4.014791940375725	-7.298141829420052	-7.812910473765108	3.798118533389383	0.8145456985194226	0.2392638070248535	0.5396941783536178	-9.137464770940323	1.9696467084177185	46.49035286768028	1.0
826000	-15.319161502154145	-7.266127402773588	-8.053034099380557	-8.884858156080325	1.6187307533067372	0.47089307639954187	1.3332207264175902	3.749370025285916	-4.722656983655841	1.8003333957652772	39.977941930187264	1.0
827000	-14.794505837671801	-6.365090512026235	-8.429415325645566	-9.750132442694412	3.3850419306681765	1.7374754632956457	0.45739393024869807	-0.19932735202816743	-5.656994277520692	0.6061914475247192	6.866027713350421	1.0
828000	-13.741927432831702	-5.6602267169417155	-8.081700715889987	-8.013060713990216	2.3528339970485	0.6445397242346367	1.0107838507796025	1.9169896121617596	-4.567442587038063	0.4214073790966701	6.109190104446168	1.0
829000	-13.231515250506302	-4.707457032385652	-8.524058218120649	-7.853207710238414	3.145750677852762	0.7132296711135456	0.7392311871100523	0.7292866943697535	-5.07670865267828	0.7236904077110291	3.5286130271679275	1.0
830000	-12.194905749778151	-4.3709901675461476	-7.8239155822320035	-7.848283874102594	3.4772937065564467	0.8692532315004182	0.5855750732474346	0.07398372784643306	-7.477837875537436	1.370025063792222	14.197584518664245	1.0
831000	-13.847317235969534	-5.479079986308736	-8.368237249660798	-8.620409659865327	3.1413296735565917	1.3839532746303997	0.8333443029430925	-0.18376917162003936	-5.162769210182281	1.8318229732162412	20.961773664666737	1.0
832000	-17.514253825417065	-10.48662242416028	-7.0276314012567855	-14.776663589296106	4.290041165135826	0.15697802164092978	0.39362337581214824	-0.6003140316264934	-7.501158473201561	1.5233474250584338	9.691239351135712	1.0
833000	-13.507356049863539	-5.082056982223979	-8.42529906763956	-8.094152106050794	3.012095123826815	1.1377727270775941	0.8865070735461228	-0.35292885562544285	-5.0954591279633545	0.5566659312459123	4.7920488206914404	1.0
834000	-11.0437651539124	-3.858633546522709	-7.18513160738969	-7.820045663988479	3.9614121174657697	0.7786275000276853	0.23397598707868342	0.8474079093520016	-7.65197161797044	3.131963294325088	20.829145747944704	1.0
835000	-12.767737380566345	-5.236387785306942	-7.531349595259403	-8.70260295132368	3.466215166016738	0.4161146112164216	0.5683893023035957	1.4473796988622682	-7.56882239118337	1.4053274101979185	11.752179968183153	1.0
836000	-14.47813361912812	-8.761886702530456	-5.7162469165976635	-9.990456813801568	1.2285701112711127	0.44204742535608554	0.5928235649124726	-1.0612697734641081	-3.8783178035500985	1.683156572990598	5.461595107167505	1.0
837000	-13.599411923713607	-4.792958397679524	-8.806453526034083	-8.567703273932304	3.7747448762527807	1.1896230243902175	0.5471767262509513	0.8758241749064584	-7.41660097125124	1.0175554180929978	9.265134228649753	1.0
838000	-16.396971560935	-8.761333933112812	-7.635637627822186	-8.297434827036767	-0.46389910607604534	1.1013885276093225	1.4723148461536013	0.8529341812692898	-3.210475960141233	0.902036131087681	2.239360659546363	1.0
839000	-14.20660167061283	-7.445112687042043	-6.761488983570787	-8.196499412381623	0.7513867253395805	1.138357095441415	0.40685871467455276	0.4211603756292912	-4.130670507722292	1.4139267702355236	4.442565575818724	1.0
840000	-12.095160763359956	-4.676748637596709	-7.418412125763248	-8.461387782031679	3.78463914443497	0.4720869777654448	0.7008940248512524	1.1422187900076437	-6.272641573215261	0.8492237812055305	10.849036521865452	1.0
841000	-13.846915726446216	-6.839630578766457	-7.00728514767976	-7.957849597635153	1.1182190188686967	0.7272796161890072	1.2204664837304442	0.08654675438874548	-3.8548867824197455	0.7867964898656538	4.490926176728057	1.0
842000	-12.458209381174099	-5.367589751711531	-7.090619629462568	-9.118831435043422	3.751241683331891	0.42917012781788727	0.6434353608207704	4.120270185706298	-6.897370560087847	1.7630436761666533	40.003479387623976	1.0
843000	-12.692989460153736	-5.233817153314872	-7.459172306838863	-8.066076132045085	2.832258978730213	0.7206105500159908	0.2949481840944083	1.9217182484287996	-6.023835208765414	0.9629008886009606	73.35348442168642	1.0
844000	-16.675638426462648	-10.071007906805994	-6.604630519656654	-7.944561725181255	-2.126446181624739	1.0299818875951239	1.505308360394631	0.022689623868180575	-2.4223734261042837	0.9619056082989906	1.7148878752373369	1.0
845000	-13.393157192452989	-7.021109167911454	-6.372048024541536	-8.06859489375361	1.047485725842157	0.5892842465079606	1.0323576373586396	0.8448605270137444	-3.6085980311848744	1.4388191045000571	7.285810200061865	1.0
846000	-12.806277953741397	-4.570294263177615	-8.235983690563781	-8.789437548039498	4.219143284861882	1.4733059493879628	0.3639335017315452	-0.8888088307963316	-7.044591230779426	0.5799560584356699	21.209098117250186	1.0
847000	-11.58799623464098	-4.591752548282647	-6.9962436863583335	-8.424512256016305	3.8327597077336577	0.5647920257988405	0.3790731160072811	0.09103570552723897	-8.267431500640003	1.5113855134227472	27.409828345976695	1.0
848000	-10.647945837357021	-4.227609640291386	-6.420336197065636	-8.535901474466337	4.308291834174951	0.413728741389618	0.3460600309034503	2.6750413420679053	-7.730947581956537	2.6294289995654765	38.00787128126812	1.0
849000	-11.438190944969431	-3.9783187065949015	-7.45987223837453	-7.966511165560818	3.9881924589659166	0.609206865886322	0.21900172360545392	1.230967444398032	-7.887173159775409	2.858797828031271	10.661367990228031	1.0
850000	-15.293135030144168	-6.202466922978192	-9.090668107165977	-10.467409763686284	4.264942840708092	1.9135426305621472	0.4195710187089571	-2.141290784872889	-7.407201428094308	1.3306114776601872	75.71772796712804	1.0
851000	-12.841746052367276	-4.523524827328179	-8.318221225039096	-8.039833067127436	3.5163082397992564	0.9938216928424815	0.802151885498336	0.8292355330192993	-5.967073802679967	1.0409882109574216	6.402225033070045	1.0
852000	-12.608839346856676	-4.672459133472576	-7.9363802133841	-8.921480142652452	4.249021009179876	0.743940673841436	0.44869876447484186	-1.6716522052455085	-6.920925158806564	1.3893117312022294	8.599531591584714	1.0
853000	-15.212830390157512	-9.103174063672151	-6.109656326485361	-12.436472822158699	3.3332987584865474	0.19639942125334636	0.18497365933902665	7.566326042466959	-7.563925994665775	2.3789032298439206	42.2952368734589	1.0
854000	-14.374980016073836	-5.52343022440874	-8.851549791665096	-8.972942691795577	3.449512467386837	1.466361365087141	0.6228178518112755	-1.549101235880072	-7.319347190646956	0.5992311345138213	12.78188451778223	1.0
855000	-14.830387019521988	-6.795787449887149	-8.034599569634839	-10.36962959941492	3.5738421495277706	1.0046824760873456	0.711346243197827	2.93190557133518	-5.594248391874291	0.581299734433408	12.654076126859868	1.0
856000	-13.578258728620206	-4.407515818079901	-9.170742910540305	-8.164511080204946	3.756995262125045	0.5281862261813239	0.6896510068640084	1.3623106468188528	-6.5494734954098455	0.23428441318579926	29.768180273621883	1.0
857000	-12.656510634917051	-4.134860159541024	-8.521650475376028	-8.050219871014397	3.915359711473373	1.0659396076699295	0.5806090370003688	0.4299581186477144	-7.047873276385543	0.5574935000973263	11.628425685843778	1.0
858000	-11.635550904071648	-4.920008582569531	-6.715542321502117	-7.866155540892317	2.9461469583227853	0.6861331015227166	0.7117798275290476	1.0158381190020713	-4.88929989482495	1.1049057306992223	10.903554923543842	1.0
859000	-11.931485606804456	-5.313537333309453	-6.617948273495003	-9.16120758052895	3.8476702472194972	0.5461422913759799	0.5127752290287373	-0.9540926027175363	-6.000638748491267	1.3111635685776992	15.362751354829363	1.0
860000	-15.935139179465956	-7.325821217386877	-8.60931796207908	-10.890610864847325	3.564789647460448	0.9279876990016647	0.5803101969878726	3.438216804265805	-5.572404394414879	0.852774688066023	6.508625434962394	1.0
861000	-13.24669048013562	-7.157022424210535	-6.089668055925085	-7.839835039361384	0.68281261515085	0.8741915659254593	0.5625897845522441	0.1392741760009591	-3.637575934801039	1.5811175093679923	7.363437187720774	1.0
862000	-12.115162518412461	-5.212045677381473	-6.903116841030987	-8.162792547383578	2.9507468700021047	0.5284174131681489	0.5467111580180308	2.192747755720485	-5.075017191790471	1.0156995931594082	35.77306721358009	1.0
863000	-15.57091953567525	-7.550104139372538	-8.020815396302712	-10.12004402910535	2.5699398897328116	0.2464615841565829	1.0612081431389095	5.4550613055140325	-4.993339735485676	1.9900698310850398	10.492097373197565	1.0
864000	-12.927187558310443	-4.39377298909753	-8.533414569212914	-7.9683662494990175	3.574593260401487	1.04801380017941	0.6347690163885965	0.07768283703768997	-7.1511776090681485	2.5027145308348193	17.683512410139578	1.0
865000	-14.39111962784109	-8.045070117652607	-6.3460495101884815	-9.060529218500559	1.015459100847952	0.4463774599868264	0.6497736039250422	0.19552793866402585	-3.6745869336649584	0.9040266944716062	3.099935974514789	1.0
866000	-15.606008805183906	-8.199234179275418	-7.406774625908488	-8.395854159323312	0.19661998004789316	1.2286853531009658	0.5046048512413123	-1.139897049005563	-3.5175651375638872	1.0700978551232234	2.249652101440144	1.0
867000	-16.00315905568663	-7.968351537017501	-8.03480751866913	-9.010430239212669	1.0420787021951678	0.433720532432206	1.1718416170151233	3.977795322633198	-3.73420639118456	1.9436290687701334	5.517564056628718	1.0
868000	-14.13087816442697	-6.5158596256259	-7.6150185388010705	-8.665650894614927	2.149791268989027	0.9171625744157159	0.23555929534418973	2.0661003955426533	-6.052319247156807	1.1984939670542034	93.62790727293635	1.0
869000	-13.073050879896112	-4.625429612890847	-8.447621267005264	-8.287121644632254	3.6616920317414072	0.5638837133946789	0.6655620799782784	0.4182958058895342	-5.67816087011627	0.7168818770548201	4.5762657076282025	1.0
870000	-12.140217088918025	-4.402624384261331	-7.737592704656693	-8.31692985189561	3.9143054676342794	1.0012082889632317	0.5523842568367888	-1.2794522095185983	-6.05330560707046	1.6259371637583273	54.202314487759644	1.0
871000	-13.35099995804742	-4.711453491671877	-8.639546466375544	-8.935786918454898	4.224333426783021	1.4295215880731702	0.4783261568359379	0.24621140115739293	-6.99492817333512	0.9146777672496899	9.219128802490978	1.0
872000	-13.220112991320484	-6.070742580468937	-7.149370410851548	-8.709672467479763	2.6389298870108258	0.8631174036269159	0.6874929856654528	-1.7036098078413024	-4.65382503763244	0.982294870817264	27.09663397523143	1.0
873000	-10.82460967746599	-3.7292079640422235	-7.095401713423766	-7.848743790717449	4.119535826675225	0.7660276993671623	0.5283201818841105	0.36118836040787095	-6.512515329129844	1.6834647158553606	15.219189079919932	1.0
874000	-12.606013341857512	-5.279236962002685	-7.326776379854826	-8.309097269201414	3.02986030719873	0.7146356506755926	0.16996530859020373	2.3555481089183896	-7.516736631179359	0.9593972319593259	53.21033273651154	1.0
875000	-13.542992697289076	-5.675297318494278	-7.8676953787947985	-8.943644816020074	3.268347497525796	0.656482678060166	0.6964382861796719	3.2460424830431935	-5.197430229444111	0.6730210260190128	8.655674195589743	1.0
876000	-11.35464451216593	-3.8258636433595896	-7.528780868806341	-7.897328890942895	4.071465247583306	0.9221920607130938	0.5486051068358047	-0.19888663620524483	-6.953688586702439	1.1530823233284124	16.1608743333485	1.0
877000	-11.603891339426733	-4.500489462258679	-7.103401877168054	-8.279102642532528	3.778613180273849	0.5261869689314785	0.5455329800829041	2.635509780248155	-7.421525591919322	1.4326224376073706	26.239258148029226	1.0
878000	-15.554104864595535	-7.904697577043629	-7.649407287551906	-10.322084724700378	2.417387147656749	1.1337489663880893	0.15761292552896428	-3.26830322057324	-7.232600025867527	0.9208545001165199	27.911663948340717	1.0
879000	-13.603091637707259	-4.238521005796341	-9.364570631910919	-8.311832918097913	4.073311912301572	0.7926610819871666	0.4670906096528164	-0.9676952817773623	-6.423430077604124	0.25641384236819886	63.352855953919	1.0
880000	-13.458952641415342	-4.430807544817908	-9.028145096597434	-7.832125487433045	3.4013179426151368	0.8917686242703445	0.5506377110986325	0.35958941077794815	-7.698476773304357	0.49791384001340516	11.133362528294484	1.0
881000	-14.884844877136647	-7.185157195496528	-7.699687681640119	-9.4986469278734	2.3134897323768726	0.9197096068973013	1.097857951487116	2.7231140964889207	-4.732332776445913	0.8384669913545864	25.167174451415864	1.0
882000	-14.194813192591003	-6.273953193487628	-7.9208599991033735	-9.437724651500131	3.1637714580125036	0.5951248670292042	0.1964285311730116	3.862780920727695	-7.248801298843842	2.5027497332461732	9.028413473234417	1.0
883000	-14.460383453093494	-6.657261765857372	-7.803121687236121	-8.296678433673641	1.6394166678162687	0.6132554898219802	1.344205917676162	2.607584336912272	-4.918105044356796	1.1895793766880367	34.11453204293223	1.0
884000	-17.660287694043337	-12.289936196085876	-5.370351497957462	-7.847973705910924	-4.441962490174952	0.8094068724696399	1.319560604464796	1.0055651519048296	-1.3482289107664651	0.8250426515999749	1.9368711414736879	1.0
885000	-11.938881873685933	-4.422260399607591	-7.516621474078341	-8.13948108580529	3.717220686197699	0.6726853087971517	0.7184432113535952	-0.10113262063707527	-6.36997695243236	0.726957701982059	16.77120717932724	1.0
886000	-14.509597616642278	-7.124056033548287	-7.385541583093991	-9.455611297350208	2.3315552638019206	1.0051281070785363	0.5419690441804541	2.3964574263934235	-4.645210445567907	1.705709460696052	6.480543496832021	1.0
887000	-11.602447709041734	-3.900249518693707	-7.702198190348026	-8.137590324202204	4.237340805508497	1.0375273287270133	0.45410255629918417	-0.9047734744409053	-6.865678073431794	0.788293782998026	18.57409257789476	1.0
888000	-12.800109684991867	-4.558949339018732	-8.241160345973135	-8.484939118769468	3.9259897797507355	0.4280138054176387	0.6418348193836642	2.1072929796205635	-6.33436493154138	0.39183076915633247	25.01379515883284	1.0
889000	-12.623597700327117	-6.172581665251997	-6.451016035075121	-7.998651072490688	1.8260694072386916	0.8346714569079104	0.4968272814551432	-0.4350242893670169	-4.437987757007569	1.1071567393840245	13.671306149154605	1.0
890000	-14.991719482172739	-8.020119579218541	-6.971599902954198	-8.57268312702995	0.5525635478114088	1.228108096188113	0.9928341375920321	0.7027024195014813	-3.304093121614603	1.2476733381968066	4.071931498756986	1.0
891000	-12.18153002885538	-4.509556022766222	-7.67197400608916	-7.872119661876358	3.362563639110136	0.7644635389727126	0.8231191321701631	1.247287783449127	-5.504989098935895	0.8075736081696977	7.597764942694059	1.0
892000	-12.017491059378383	-5.194083279759044	-6.823407779619339	-7.988551031187791	2.794467751428747	0.7260148880296885	0.6116874434055883	-0.004681273570547484	-4.848109583650077	0.8046899283882403	10.203707052279833	1.0
893000	-14.497575880749148	-5.773621400929857	-8.723954479819291	-9.223260555014594	3.4496391540847373	0.31230107379044736	0.42508232302390664	2.5979347194200244	-5.824836567844949	1.3593930871892255	3.974027283689429	1.0
894000	-11.191196769472633	-3.893666317526754	-7.297530451945879	-8.10171604997521	4.208049732448456	0.7280751542773893	0.26966265082047697	-0.3132471944523202	-7.726221065771879	1.0400220645417468	48.813647112664235	1.0
895000	-11.620598139432362	-4.244079541121697	-7.376518598310665	-8.290722174655846	4.046642633534149	0.828877906037888	0.5697448403606946	1.9491503856513215	-6.834021709183664	1.6531685441597979	27.306957617711422	1.0
896000	-14.00864737222184	-8.048291639342132	-5.960355732879709	-7.842542299289596	-0.20574934005253676	0.8648224552267647	0.3573415531180274	0.7404976293800247	-3.851592475746857	1.5879325196686818	5.45370096935664	1.0
897000	-12.327861498517155	-5.645336655019982	-6.682524843497173	-8.564621040180825	2.919284385160843	0.42427937228477897	0.7714067365874462	1.7548167269373776	-4.864817957708282	0.9884009998425463	18.424028555107153	1.0
898000	-14.824893554969032	-6.7710235811120025	-8.05386997385703	-8.676305562780238	1.9052819816682351	1.2915881732994028	0.44890377651240293	0.5525672287796789	-4.633437520435004	0.3389826754097805	7.569848364860507	1.0
899000	-13.198332331242817	-5.615953786537987	-7.582378544704831	-7.969902213478371	2.3539484269403843	0.6557534024130374	1.064515377689949	0.5485298106854152	-6.1387279125581	0.8302706611209741	18.65145917656891	1.0
900000	-13.543753690423813	-4.182918134266118	-9.360835556157694	-8.306548760938439	4.123630626672321	0.983825630992163	0.448660651654684	1.384075599712526	-6.555348316374637	0.22419992456871118	36.41853447244144	1.0
901000	-13.757865974440481	-6.2763123481723735	-7.481553626268107	-9.542648107245206	3.266335759072833	0.44291274296782546	0.8836545787292904	-0.4963645140408084	-5.907098947586704	0.7182430494243195	33.00349466082721	1.0
902000	-13.629513007948603	-6.645940492656184	-6.983572515292418	-8.580862433126809	1.934921940470625	0.4039140650759699	1.164203144790479	2.7348855932949894	-4.464275500563983	1.358126304567977	15.895133230693727	1.0
903000	-13.504389741888811	-5.663830249187866	-7.8405594927009465	-9.089376421857475	3.425546172669609	1.1556932006587537	0.8254070773539548	1.5837134846444396	-5.704277833906371	0.7757271602299425	11.684544660836707	1.0
904000	-11.320582875567952	-3.7694853095152236	-7.551097566052729	-8.028794311688783	4.259309002173559	0.7322587132888208	0.44566034682710187	1.8087195455118414	-7.180344050204826	0.8045456452642469	33.62638558336142	1.0
905000	-15.43114272057983	-6.775347373324557	-8.655795347255273	-9.2166387828434	2.4412914095188434	1.3831666905774898	0.6402896942532775	0.8300066102856417	-4.555946241484226	0.6184589234559379	3.0811257759008135	1.0
906000	-12.070500474830938	-4.851150080137449	-7.219350394693489	-8.739259602249518	3.888109522112069	0.4770996739329789	0.17292542776852338	3.540164138441504	-8.485740173952465	1.0440246491471386	31.7732934211932	1.0
907000	-14.83238075401659	-4.941912017105494	-9.890468736911096	-8.952553907811373	4.0106418907058785	1.5029071254295756	0.47062726840226954	-1.3169161402423928	-6.312099959466135	0.18030324677667192	45.15886584809442	1.0
908000	-12.477417581375434	-4.827312621363603	-7.650104960011832	-8.062269177400317	3.234956556036714	0.804831940217475	0.4112513386517831	1.658496236317857	-5.695375671689835	0.9104449467710235	6.744322756036333	1.0
909000	-11.99449681758005	-4.413624725818707	-7.580872091761342	-7.912884644839142	3.499259919020435	0.7410245397405931	0.7803699408605216	1.4612660097112602	-5.638321346243681	1.089940749236449	7.619240436076712	1.0
910000	-12.808185599227613	-6.286135995968456	-6.522049603259157	-10.06589223754496	3.7797562415765036	0.3996711994006992	0.3909016679055846	-0.6584360856513309	-8.244859481267975	2.7526274539278446	35.55759575008676	1.0
911000	-15.340525996402015	-6.387717515011376	-8.952808481390639	-7.955304148069288	1.5675866330579122	0.9254065606119609	0.7171215529645717	-0.43177101356910486	-3.920181002046741	0.9297802787857584	1.5552772896180371	1.0
912000	-13.913886993915753	-5.356470184617767	-8.557416809297987	-9.145448845750305	3.7889786611325382	1.453051706699023	0.16347863236548374	0.43828391865976274	-8.495883023287817	1.065310808127357	126.08713286586939	1.0
913000	-12.028706023275504	-5.039126562365963	-6.989579460909541	-9.245366799545007	4.206240237179044	0.32219680883868607	0.45416960317000116	4.239831841748484	-7.335653886272473	1.4276620564592273	20.95193841430475	1.0
914000	-11.297323715187026	-4.38938151264605	-6.907942202540976	-8.27800748155688	3.88862596891083	0.8221264569764705	0.35219547006261304	-0.9899004234217756	-6.59862738497217	1.7381289877428139	17.480204937371685	1.0
915000	-11.691803423715676	-4.907003582511637	-6.78479984120404	-8.651959355056482	3.744955772544845	0.5060291035364056	0.40446363631667204	0.22600752141207947	-6.191087163143298	0.9634258238015118	14.61004827272991	1.0
916000	-12.13708408571797	-4.561487183960925	-7.575596901757044	-8.63096133779764	4.0694741538367145	0.9034305399212513	0.22459722928270376	2.0809408938321674	-7.963665561281116	0.9428851906866309	44.45695942451377	1.0
917000	-12.758245722903926	-5.173292530353152	-7.584953192550774	-9.022265248960979	3.8489727186078273	0.8247243135698151	0.34227374259712257	2.7154218397633	-8.462786375477563	2.452269435793039	36.539378904779056	1.0
918000	-12.830153488767568	-5.012490738149432	-7.817662750618135	-8.4476774203697	3.4351866822202686	1.2264374877668345	0.795025266832511	-1.268252446922445	-5.55105794809098	0.9974883132205489	31.09332741321147	1.0
919000	-12.451464770544403	-5.1653682527241145	-7.2860965178202886	-8.54670006421918	3.3813318114950666	0.41420309214839646	0.19339147147223848	2.194733953089352	-7.490099435636855	2.9802453477656874	8.19162372670189	1.0
920000	-12.554575481658452	-6.258885436449088	-6.295690045209364	-8.53131493582543	2.2724294993763414	0.42280504128200347	0.4518653205709001	1.9676271589527574	-4.853870746128828	1.610333884605485	6.384424922627349	1.0
921000	-15.113582789918365	-8.382113716493471	-6.7314690734248925	-11.181554593775306	2.7994408772818353	0.1536223113002328	0.7686224872470381	4.599835869393519	-4.7569688332730005	1.26133204524286	14.20982840859722	1.0
922000	-11.01764986978534	-3.852463596797149	-7.1651862729881906	-7.955477482499019	4.10301388570187	0.812626407512126	0.24234598723505796	-0.25431977240994685	-7.7977921884761034	1.4843667881157117	18.84351437586645	1.0
923000	-12.125005601628075	-3.928812692617476	-8.196192909010598	-8.17555169834619	4.246739005728714	0.8143330394631709	0.2679258105600579	-0.7814125805500628	-7.880483688943735	0.8046983976714331	120.65974311868911	1.0
924000	-13.59487365123157	-5.881789988221202	-7.713083663010368	-9.094152115213642	3.2123621269924403	1.5413810942121904	0.5846023427984937	-0.15627215610267137	-5.224896212687867	1.1896853856025127	9.416207747341865	1.0
925000	-13.810075959299352	-7.20124962006008	-6.608826339239272	-9.52590315691588	2.324653536855801	0.5143975871746416	0.22209463603484986	4.230355301318367	-6.306975395988377	2.223416048813801	13.586926785369615	1.0
926000	-10.887650848405052	-4.282879102670005	-6.6047717457350466	-8.147434189714367	3.864555087044362	0.5319365533085428	0.41053974868859744	2.131668505036974	-6.300181878077003	1.3560798270735452	23.426050660701904	1.0
927000	-14.072071602961671	-6.4756271300890305	-7.596444472872641	-9.229820532812669	2.754193402723638	0.8244624202123088	0.2826894722517231	2.8751258920211273	-6.058380320049283	1.8335391425232646	7.782563801502497	1.0
928000	-19.566911638809295	-11.113877252569056	-8.45303438624024	-9.092165873089082	-2.0217113794799744	0.6995456212392117	1.6542921428906485	3.218758343744393	-6.345023791789549	0.6943688536514319	20.853379271893616	1.0
929000	-15.999847652180817	-7.087774434963908	-8.912073217216909	-9.050092346665993	1.962317911702085	0.8103695913888488	0.883900854080819	-1.996294803622939	-7.105811784183038	0.34531768865387275	19.738735236415607	1.0
930000	-11.822063001877803	-3.779939556900679	-8.042123444977124	-7.925243377977869	4.1453038210771895	0.996900850767739	0.23341609649934686	-0.17543968369684917	-8.019362642708394	0.612891619761039	32.01401289922589	1.0
931000	-17.358753585945443	-10.375284210182183	-6.983469375763259	-7.884889941602343	-2.4903942685798413	0.7995640282269075	1.5533768315280228	1.2058838974249984	-2.3200199330577043	0.6486903863231823	1.424321079730731	1.0
932000	-13.033545210304638	-4.912057446811713	-8.121487763492924	-9.056472530653505	4.144415083841792	1.1976498457766953	0.4288270569715053	1.3982224216569348	-6.645243570389272	1.5353844954204166	9.737147490064352	1.0
933000	-13.005836838832003	-4.462303288277772	-8.543533550554232	-8.307817376694537	3.845514088416765	0.4866553802782556	0.268061177046595	1.4643732659712485	-8.911439132749786	0.6459202577106983	15.769618450424385	1.0
934000	-13.093745040528994	-5.0001843552509735	-8.09356068527802	-8.398283592638512	3.3980992373875383	0.7319914759726526	0.7821478768697864	-0.9017433872564286	-5.441960184635138	0.9915330009435277	4.8018777744334535	1.0
935000	-14.022589522248	-5.663309069454408	-8.359280452793591	-8.123401112729889	2.4600920432754805	0.8987114292755899	0.596273451715902	-0.843949282463249	-4.629833204042222	0.7465988093614627	2.966001059620417	1.0
936000	-14.502872768976514	-4.621187979143976	-9.881684789832539	-8.358647308723665	3.7374593295796887	1.2692978394383345	0.2545117386946315	-0.07639631902451538	-7.147523776169915	0.9056987322205428	5.330999401923525	1.0
937000	-10.640508646112405	-3.5964250065077152	-7.044083639604691	-7.852492275957775	4.256067269450059	0.7516567336661852	0.2805662475840106	0.4182409886534576	-7.761482233542489	1.613799978506416	20.345952009544447	1.0
938000	-12.696957721340226	-6.244662004050128	-6.452295717290098	-7.861839806240768	1.61717780219064	0.9030652392985142	0.4516712256144254	0.6491643687498949	-4.451421765836594	1.099003589155171	10.051301636739554	1.0
939000	-12.498372934885033	-4.222395854441719	-8.275977080443315	-7.935334421349621	3.7129385669079022	0.6424527793565402	0.48590288697141215	0.8924703245364191	-5.895709380844282	0.5961960019471568	6.073693578199329	1.0
940000	-13.200040895954876	-4.615987972122374	-8.584052923832502	-8.911212220465305	4.295224248342931	1.4145642987618976	0.4111119630190791	0.2878474861566369	-7.2742863800622	0.5851816619895314	12.964837455918241	1.0
941000	-13.201574652516658	-5.6371646694151485	-7.564409983101511	-7.9252969347066795	2.288132265291531	1.000261011446519	0.7773506840986415	-0.15404245187242516	-4.356461491967878	0.7556095339136195	3.831852010292289	1.0
942000	-17.59596274551196	-14.867306367489117	-2.7286563780228446	-7.8935590406130185	-6.973747326876099	0.9697596676036704	0.4145274773705209	-0.04883154159305064	-0.6155852434956681	0.8335131641914986	0.24611972585004713	1.0
943000	-12.553100112675786	-5.060478491787226	-7.49262162088856	-8.124299973555237	3.063821481768011	0.5508566961912891	0.32302057055528016	1.151422913877536	-9.06027276160685	2.062759047366797	16.842212308300564	1.0
944000	-12.139927372576949	-5.195864122260912	-6.944063250316036	-9.474187055832772	4.27832293357186	0.6082322894429493	0.28197966667618624	-1.7359773078270033	-8.12076934877627	1.8270251747779205	21.043168843882036	1.0
945000	-12.120978484202245	-4.270906769995134	-7.850071714207111	-8.353172045591664	4.08226527559653	1.1179790785187573	0.5446709221789908	0.8721802615719454	-6.9558794447721475	0.9301727410187578	41.811999982483954	1.0
946000	-14.22728099804801	-6.4914805569340785	-7.735800441113932	-10.224098751804034	3.7326181948699553	0.9994934130591144	0.6854112784990591	-3.213040836805674	-5.843768935833571	1.337252713936831	38.297602713634255	1.0
947000	-13.36033554880862	-6.875696157612288	-6.484639391196333	-9.41842007433143	2.542723916719141	0.3109587411143577	0.5394319870832459	2.0377959033749606	-4.793143843432599	0.8818943867786766	18.112225652899955	1.0
948000	-12.551052334397328	-4.905023158621683	-7.646029175775645	-7.970446828993462	3.0654236703717794	0.920188387259681	0.8969515872048016	-0.47939985971755616	-5.205943338801015	0.8658642654688163	6.668534042952235	1.0
949000	-11.291709330051697	-4.02812593659541	-7.263583393456287	-8.261107170710256	4.232981234114845	0.8482533783246881	0.2603620473231011	1.83811899698035	-8.365628252886701	1.6992719095130775	36.76196646082544	1.0
950000	-12.980687831174986	-5.380080177417884	-7.600607653757102	-8.171779256432307	2.791699079014423	0.6632254019561803	0.9787484688666631	-0.11756458714882959	-5.0333337167189764	0.9000253620059552	5.242963446874738	1.0
951000	-10.63681860403188	-3.7011770259751087	-6.935641578056773	-7.872200504680207	4.171023478705099	0.6822430784753898	0.4870024395644511	0.9453425630920378	-6.628675952208654	1.4525511469445473	29.712927114380353	1.0
952000	-11.97345391659007	-3.8581709994602766	-8.115282917129793	-7.833070398725567	3.974899399265291	0.7402018064751523	0.5997726456791765	0.6933791749751619	-6.775799314787376	0.6889537967164315	10.100913784019147	1.0
953000	-16.943783490393024	-10.985893845907649	-5.957889644485375	-8.281617831249786	-2.704276014657863	0.8685862825211043	0.9789715560702086	-1.0952926113675998	-1.8067283268610597	0.718384479483338	1.0927134100534632	1.0
954000	-10.808944612408903	-4.103642339704691	-6.705302272704212	-8.200713896529793	4.097071556825102	0.5060798140801931	0.28952713133392505	1.6981997695020146	-7.307285956607245	1.399855727916702	18.96345797582371	1.0
955000	-16.248501506373835	-5.1975081013601745	-11.050993405013658	-8.237344033560937	3.039835932200763	0.6363582945953306	0.5794127444003309	2.4543832029534682	-7.7807088212321185	0.7668084879876682	5.506707894950751	1.0
956000	-16.4700237570274	-8.918462236142739	-7.551561520884661	-8.189897642864207	-0.7285645932785325	0.5196782984414364	0.32721248720425183	1.3907082772158357	-3.7480721581761456	1.2931533183041677	1.7466909982786833	1.0
957000	-14.75653288967379	-5.63213979917327	-9.12439309050052	-8.432509851013439	2.8003700518401686	1.3233792382892453	0.4268478838320209	-0.5175802823862632	-5.302438790843835	0.19405205894450506	11.996032020539195	1.0
958000	-16.01788389981032	-5.498686928348391	-10.519196971461929	-8.498347961145333	2.9996610327969413	0.943320678387669	0.2394268781449873	1.7898383862092309	-6.620938045198498	0.8810429715307145	3.9045166941526674	1.0
959000	-13.433605048198924	-6.434681204782733	-6.99892384341619	-7.921777149359229	1.4870959445764953	0.6701138476737188	0.9250030187596033	1.5521043444645894	-3.8295376320823102	1.0128514630494043	3.832893334652821	1.0
960000	-13.853877726749179	-6.234578472565985	-7.6192992541831925	-8.973244097694973	2.738665625128988	1.0183268830194023	0.9899519533477329	1.9827688514553805	-4.988300459961537	0.8726994628406128	9.718860406908925	1.0
961000	-13.649325241992242	-4.7001915040631115	-8.949133737929131	-8.004081514334104	3.303890010270992	0.6787399035418346	0.27181503759348424	0.2352069582911972	-9.262007463805926	1.1066195048139236	11.145297705003637	1.0
962000	-12.4617163014011	-5.237920048808405	-7.223796252592696	-8.182049054367196	2.9441290055587905	0.9188829472405233	0.4404191577028414	1.450652846526799	-5.358273210070636	0.8179680030112876	27.3574230393647	1.0
963000	-13.177920672563085	-6.209263387967235	-6.968657284595849	-7.875712603690147	1.666449215722912	0.9112517567510457	0.4460136330702412	-0.08997839090056525	-4.499844271819528	2.326007988929106	4.8734298128507065	1.0
964000	-16.634911068973494	-6.329466311368582	-10.305444757604914	-9.218735669541024	2.8892693581724425	0.5903153702302604	0.6190276432411256	3.712387447604319	-4.9119043384181165	0.21720646754105083	5.499797593068042	1.0
965000	-12.900482558435435	-5.182400563918375	-7.7180819945170605	-8.057970142892911	2.8755695789745364	1.0164238642585077	0.6351407719226108	0.7591044853970702	-4.882681775641531	1.8460429487804744	4.9782286083179015	1.0
966000	-13.277759916940806	-7.416224522798313	-5.861535394142494	-10.098857573065136	2.682633050266823	0.40741445847348584	0.47032558200256563	-0.7973930307977508	-5.070354537975061	1.6912347101718992	15.443210817142269	1.0
967000	-15.443413811980193	-5.0536704692569145	-10.389743342723278	-8.510909036101033	3.4572385668441186	1.2797012022516197	0.8184985520533864	0.3094452147451492	-5.7779903726489845	0.6130510107293805	3.2837573889435534	1.0
968000	-17.23154913997415	-9.605813681248787	-7.625735458725362	-8.610808030131695	-0.9950056511170917	1.0665479612659508	0.73751894073169	1.4458399990550082	-2.584393649364761	0.738873237463385	1.1940104892658432	1.0
969000	-13.407928596488325	-5.539368582757161	-7.868560013731163	-9.70823522603662	4.168866643279459	0.4430823828470492	0.41992163842493646	4.636531944998342	-7.6473849792946265	0.7495211960424667	25.487021194037663	1.0
970000	-12.914685342143695	-5.129078313084088	-7.785607029059607	-8.316988338094347	3.1879100250102588	1.1119331205701075	0.42220401369671967	0.8374068675702624	-5.61413482925241	1.2258120268543815	6.008441334114654	1.0
971000	-17.91443708865415	-10.554160886231887	-7.360276202422264	-11.63197488085586	1.0778139946239733	0.37631785571685256	1.4680145799364281	-2.0896368117539494	-4.558643968946659	0.9097056684860625	7.942693095698001	1.0
972000	-14.451570699213974	-5.7518015033332155	-8.699769195880759	-8.96292581339597	3.2111243100627545	1.5132102724909648	0.25449050623458436	-1.2776365002863537	-6.648743436712646	0.778088258583406	7.831677731953974	1.0
973000	-13.303764332846999	-5.699427689261335	-7.604336643585665	-7.9516155305173735	2.2521878412560383	0.9980658896786794	0.9392935936739818	0.49503022739716696	-4.384176147352145	0.8429347692377086	4.079948450713468	1.0
974000	-12.49837815628974	-5.230290678684854	-7.268087477604885	-8.671150094365993	3.440859415681139	0.4449048805373501	0.7681516735769588	1.005980742821867	-5.4818924909063185	2.616541793172826	6.914213678004986	1.0
975000	-11.997455798855114	-4.335234158448244	-7.66222164040687	-8.077917507880379	3.742683349432135	1.024050146562372	0.608011995663921	0.7714289648015793	-5.775497677873211	0.6521640597141383	11.845224879742887	1.0
976000	-11.958042291885025	-4.280992913809041	-7.677049378075985	-7.98803288721217	3.7070399734031287	0.6897424727453583	0.6955131499200439	1.7957590875816054	-6.614099518643432	1.3385138609178266	68.33540970160901	1.0
977000	-14.22220513323905	-6.259525214448886	-7.962679918790165	-10.437278864171834	4.1777536497229475	0.5251439894413474	0.24837399925125855	-2.23939189992057	-7.900273229711931	1.0886737357746366	11.054908500125318	1.0
978000	-14.233950744197978	-6.789040420291808	-7.44491032390617	-8.118282385728124	1.3292419654363155	0.7882086024790731	1.2970690745675306	1.8196789074045019	-4.183247814569462	0.6226479448219533	8.624850261379855	1.0
979000	-12.470543135300531	-5.3029042088276235	-7.1676389264729075	-8.509122551236256	3.206218342408633	0.4470301413418041	0.09012103382339938	1.449882288087955	-10.774956539347766	1.903725208397806	24.784710346727756	1.0
980000	-11.48296229195689	-4.488727685330546	-6.994234606626343	-8.32538394852094	3.8366562631903944	0.5674491471783372	0.1541915149694675	0.28743583561463437	-8.822934214056238	1.2959138968554014	26.958688001202685	1.0
981000	-16.300896727361042	-10.057188537095458	-6.2437081902655835	-8.70673878548832	-1.3504497516071385	1.0194471262587999	0.7738761033724847	1.7298262331506704	-2.4013529986091684	0.7501912506027549	3.848253079095106	1.0
982000	-18.465028053920932	-7.412572220079573	-11.05245583384136	-10.040377299096686	2.6278050790171132	1.2457277767105832	0.599167069246024	1.957936913327996	-4.743114010005845	0.23715781488095583	2.6794948782397765	1.0
983000	-14.289260499030567	-4.041814349983845	-10.247446149046722	-7.885548596643924	3.8437342466600786	0.685135158198151	0.3490438442021063	0.7393332343633109	-8.428226610656889	0.4180520420463161	8.825793121361777	1.0
984000	-15.715517099590349	-5.799759499412955	-9.915757600177393	-8.191393015619884	2.3916335162069284	1.1996015447045918	0.32774069149344537	-0.3244999813221808	-9.310636048983822	3.1820818888596185	15.567534314822344	1.0
985000	-14.083694968176758	-5.534338659763939	-8.54935630841282	-8.585629201302895	3.0512905415389566	0.9027770534906837	0.9130927814975063	-1.6042806253753534	-5.238944964321684	1.2830772183356187	4.4236862886259605	1.0
986000	-14.350221864420016	-6.655585836699587	-7.694636027720429	-9.765490384770793	3.1099045480712055	0.7031936004281724	0.8962110491587354	-2.4287362021591186	-5.2833572087714895	1.4487444310285529	7.429493075175452	1.0
987000	-17.559800780336104	-10.770109376857834	-6.789691403478271	-7.845494281149097	-2.9246150957087362	0.7549576328955003	1.8183234625275353	0.44729423026598636	-2.479382677552271	1.2219097366271443	4.4844170698917685	1.0
988000	-15.498095285847015	-5.296479111606565	-10.20161617424045	-8.321043615322584	3.024564503716019	1.2288864594391862	0.5903087137137675	-0.917189934709461	-5.0583824477898895	0.2563114750295844	162.98503540056566	1.0
989000	-12.807411584224067	-5.5649840366587915	-7.242427547565276	-7.966284868626826	2.401300831968035	0.6085963223982885	0.8769969055243275	1.5034437094098225	-4.460585632533507	0.831729748837016	5.104656148517241	1.0
990000	-11.665858361328857	-4.673467886394385	-6.992390474934472	-8.959785358797879	4.286317472403494	0.46960934978405455	0.2807627265580986	0.0806213408443468	-7.977778402772864	1.8736463483479224	13.078989460160306	1.0
991000	-12.681640890422905	-4.906438628016344	-7.775202262406561	-8.811075981611497	3.9046373535951524	1.4669639040972073	0.4864649126386349	-0.33237073521472915	-6.1256031462331	0.8496931883493152	22.75991985896937	1.0
992000	-13.859183907165955	-6.044913988627487	-7.814269918538468	-8.478202515344082	2.433288526716595	0.894495345921191	0.9938352901671076	1.9476851627083003	-4.619911198333277	1.5915437305350437	5.925054748940884	1.0
993000	-11.855815329313788	-4.362362381908532	-7.493452947405257	-8.487044202019703	4.124681820111171	0.7076852239957596	0.5206206357143748	-0.9426894243020915	-7.037690484807259	1.9141000631967888	11.81533701046556	1.0
994000	-12.430327662720604	-4.762617726282644	-7.66770993643796	-8.524112090267014	3.7614943639843696	0.43691364953158124	0.26682833249524274	1.6149458014597722	-7.059268330060191	1.1070745075253687	162.91587607618428	1.0
995000	-13.849189074282338	-5.709592287028483	-8.139596787253854	-8.362194488756154	2.652602201727671	1.1953833292929443	0.8491017647521345	0.4871183941493381	-6.870338070441474	1.1261777185263002	35.41856344041488	1.0
996000	-13.745932002642949	-5.650698692972734	-8.095233309670215	-8.681936633817948	3.031237940845214	1.3987345119560295	0.8121324915283668	-0.10996723119432428	-5.001483478946283	0.8186569822479121	42.69879284180722	1.0
997000	-15.284907062793891	-7.790921855798477	-7.493985206995415	-8.297550307239515	0.5066284514410375	0.48316592456261576	0.7792551803669522	1.6086532799873208	-3.2893702964325016	1.3292413001853691	1.6589221764402042	1.0
998000	-20.55989422480617	-10.919390914814596	-9.640503309991573	-9.96013982473999	-0.9592510900746056	1.106374586390276	1.7420538729231074	-3.022792559059493	-3.4042700312138763	1.3086212441227083	2.9286820411145724	1.0
999000	-12.06992291317187	-4.611953428541086	-7.457969484630785	-8.011701439042595	3.3997480105015088	0.7486315043055417	0.31663074897493876	-0.18056180667915278	-6.325357207641138	0.9611058171437474	68.28769790085701	1.0
1000000	-14.561802653423111	-6.012044518585853	-8.549758134837258	-8.257343598615462	2.245299080029609	0.5477355393540753	0.41160877737583895	0.6816776383281228	-8.898925277086041	0.6285868828594138	131.19990863000734	1.0
1001000	-16.095173161070512	-10.367615043029865	-5.727558118040648	-8.900907546411702	-1.4667074966181635	0.4093794550647151	0.5242455875157296	3.832806280690423	-2.663684817335974	1.9399623547643419	13.07630086163892	1.0
1002000	-14.453532131983108	-7.292954785407021	-7.160577346576087	-10.295660390441089	3.002705605034068	0.5085724414955808	0.9680502736409059	-1.9849703353649724	-5.717220623211164	1.5629168191838931	17.84490977251104	1.0
1003000	-12.770946131018249	-4.184065703177685	-8.586880427840564	-7.870247892603956	3.6861821894262703	0.8755664293800314	0.2110282261129687	0.8473718982613432	-7.575949884593628	0.7351041173218384	175.82699665361733	1.0
1004000	-12.520739758809128	-4.928064904447714	-7.592674854361414	-9.07542682789082	4.147361923443105	0.8230148586449991	0.48561547855798226	-2.0502267112973094	-6.557917581042488	0.9459156775799527	12.61963860684037	1.0
1005000	-15.304096751267265	-6.545466531492762	-8.758630219774503	-10.491582348755001	3.946115817262239	0.35718226750490756	0.5865571474583866	-0.5968101897013355	-6.9522068625908515	0.6777101718727729	6.784027491237299	1.0
1006000	-11.392142921602048	-4.085127122266607	-7.307015799335442	-8.015592863140288	3.9304657408736814	0.6996836284169908	0.5185631925464874	0.06257197125436637	-6.10834654828508	1.3755415845153134	7.885754826031206	1.0
1007000	-17.316145910664858	-7.695575436339089	-9.62057047432577	-9.020959639866135	1.3253842035270456	1.2904615474202121	1.064682343779043	-2.0439418663126236	-3.810386192831726	0.37557175575185714	2.2688710975515916	1.0
1008000	-14.690962299874014	-5.654354248419855	-9.03660805145416	-9.05695692034076	3.4026026719209046	1.020130652102946	0.495175814010199	-2.2408409951471864	-5.566253627025415	0.8922313129981035	4.336138697840216	1.0
1009000	-12.348379459467424	-5.022885308724138	-7.325494150743285	-8.58419770493084	3.561312396206702	0.4561328466072906	0.60520729131059	1.0492949943829324	-7.313793566122082	0.951636172773736	19.11567066912635	1.0
1010000	-11.32473016920186	-4.961592451332393	-6.363137717869467	-8.907171027268374	3.945578575935981	0.4255238356234247	0.34382860705933577	0.7789970046941098	-6.715044733507741	1.5302733387571812	16.069347036730466	1.0
1011000	-11.803727891937754	-4.155480517374019	-7.648247374563736	-8.037136460256729	3.88165594288271	0.9856747154119048	0.6592504260472432	0.8636757429329716	-6.229160240968135	1.4130157977537858	11.258264284168149	1.0
1012000	-11.170015984602877	-4.6555345763059135	-6.514481408296964	-8.457584077972829	3.8020495016669154	0.4566900735662951	0.5576674827380832	1.4437619380032298	-5.882389280521864	1.3651864363477446	16.605099193290513	1.0
1013000	-11.969679002555186	-5.94659733107173	-6.023081671483455	-8.114278777731652	2.1676814466599224	0.5428559910503492	0.41889207108506044	1.3849499546521655	-4.907070809706744	1.7575878501842737	9.420213281082477	1.0
1014000	-20.282328376766806	-7.229027931394959	-13.053300445371848	-10.579116735297218	3.350088803902259	1.2241800620044525	0.741705815532104	-3.387536554005308	-5.309891390772049	0.9378744994794092	2.3663946626861065	1.0
1015000	-16.66166642102815	-10.116639015971945	-6.545027405056205	-10.045578460993653	-0.071060554978291	0.8836065973748883	0.607541332775924	-3.0151598207497967	-3.170453513881826	1.121396600285651	8.646531011051653	1.0
1016000	-12.04713027484687	-3.8483035152534075	-8.198826759593462	-7.937091555401352	4.088788040147945	0.8540052357101126	0.3971427989493098	1.1848012478064238	-6.6552387026964634	0.498916269900146	12.614446703181692	1.0
1017000	-17.849991149466113	-5.580257760015892	-12.26973338945022	-9.35636447199004	3.776106711974147	1.6643466399544864	0.1767978954530674	-0.5270990776143333	-8.212691804130117	0.20559071358714043	6.8123057273448895	1.0
1018000	-12.381775846962839	-4.009883913195943	-8.371891933766895	-8.076235046569751	4.066351133373808	0.7840202181849525	0.44889064284759755	1.7548901079466943	-6.45206719500553	0.862301254041369	6.8899047550669765	1.0
1019000	-15.203382469416011	-6.77946162007953	-8.423920849336481	-8.25246482429345	1.4730032042139185	1.2304147503401177	0.33195776868819626	-0.2364613970995547	-4.903481167892271	0.6158425351853002	3.5603843740526626	1.0
1020000	-15.461599135090085	-7.260669901365782	-8.200929233724302	-8.5856585489329	1.3249886475671175	0.4130146680447926	1.409982314810987	3.0343178730701403	-4.6539214901838575	0.5386522609222236	7.040472918846952	1.0
1021000	-13.441487541355052	-5.269250507739893	-8.172237033615158	-8.692314327526383	3.4230638197864893	0.5053147533011351	0.6940062529693741	3.4265035870570726	-5.369930362834511	0.6203292453450314	7.898267735865006	1.0
1022000	-11.834806732490415	-3.8289505073215793	-8.005856225168836	-8.097621586259988	4.268671078938409	0.7236185496292156	0.26651235459037204	1.9782543978805318	-8.106729720432758	1.28509816691871	11.931260743314628	1.0
1023000	-13.341989072663113	-4.364142687654086	-8.977846385009027	-8.089015867914688	3.7248731802606017	0.5892432269495713	0.1402622933939116	0.7589005257263061	-9.801027064684387	0.7901530138836098	13.987757834166246	1.0
1024000	-15.275384476290416	-6.837130441101614	-8.438254035188802	-9.129806223252059	2.292675782150445	1.550489034549138	1.128083890748441	-1.4969092440871865	-5.8448006617121235	0.8261486674315036	11.912067506852747	1.0
1025000	-14.198768764845912	-7.469748411818129	-6.729020353027782	-8.101481728485052	0.6317333166669226	0.636554865929944	1.0394449133328105	2.172620587070847	-3.369438576183495	1.0997659867913923	14.815648840288539	1.0
1026000	-13.354803669575855	-6.605652243679844	-6.74915142589601	-8.154868147908406	1.5492159042285616	0.5320188418223446	0.9944572142730258	2.180696213639189	-3.904932519424814	1.3740276894668326	6.086784410011765	1.0
1027000	-12.65342091422447	-4.525465103637426	-8.127955810587043	-8.09702688524045	3.571561781603023	1.1362532388988775	0.4777276450694864	-0.011241508860346583	-5.770415547822741	0.5053574016709986	8.406698090209975	1.0
1028000	-11.17857263120187	-4.426611979339825	-6.7519606518620465	-8.057431127177516	3.6308191478376908	0.7285523469929626	0.20799177944053493	-0.2078266098483844	-7.552505568187218	2.147820278019952	19.61204485424011	1.0
1029000	-12.70340650431579	-4.656123416195144	-8.047283088120645	-8.65547283611319	3.9993494199180466	0.39791224364611333	0.49886708371635424	2.0957915931683613	-6.243537392102465	0.7573856126412797	7.242313818440833	1.0
1030000	-12.434934993527893	-4.259970441161261	-8.174964552366632	-7.920498792723873	3.6605283515626112	0.7904867629055901	0.5309071738264715	-0.06916252212907392	-5.745746095848533	0.7668273263157757	5.274662821126091	1.0
1031000	-11.99429560864976	-4.81596894525657	-7.1783266633931895	-8.15809236946377	3.3421234242072	1.0302930980472784	0.46312468671793333	-0.9598527243943243	-5.6018663670855755	0.9387151052530497	20.857550543077142	1.0
1032000	-11.18727961478075	-3.748675247281785	-7.438604367498964	-7.904932097475361	4.156256850193576	0.7185677140810255	0.47527797741201366	0.34359406196013675	-7.309095065048978	0.9593175777539947	41.68896407623403	1.0
1033000	-16.39236417745896	-7.991340969792585	-8.401023207666373	-8.805816273939419	0.8144753041468338	1.4077255987016417	1.4127221378447123	0.1333960754715937	-5.830574989065377	0.8631455439169162	16.369725369090677	1.0
1034000	-12.743565090178649	-5.2519668510325435	-7.491598239146106	-8.219243821557408	2.967276970524864	0.8616492787301655	0.5532244150368898	-0.9720589212995445	-5.075149518814511	1.0683699462621823	5.015815086320152	1.0
1035000	-14.502432508772106	-7.6470882124844595	-6.855344296287647	-8.268846490887972	0.6217582784035125	0.4834096176968074	0.7361328235283883	2.244162133483888	-3.376690544364711	0.8171078219254049	27.65466522579999	1.0
1036000	-12.6730146597618	-5.517960489288088	-7.155054170473711	-8.94413431196713	3.4261738226790417	0.6984642158217064	0.7705957046399341	-1.5359772883865275	-5.462569986134428	0.9961947914948837	23.796272555671784	1.0
1037000	-13.309994373495321	-6.846101434282124	-6.4638929392131965	-8.072333012843936	1.226231578561812	0.6650051116583832	0.8719086993537213	0.12389394971415457	-3.6619739307443564	0.8751051678627869	11.171191804142502	1.0
1038000	-12.58964370903201	-5.6268846262445855	-6.962759082787426	-8.341261970482815	2.7143773442382297	0.7790311645039483	0.8137667710199017	-0.9754973721240958	-4.694262667697	0.8824896634986008	9.174275398937377	1.0
1039000	-15.031361478286282	-9.468833349755597	-5.562528128530685	-8.040115709875106	-1.4287176398804906	0.5676528201683543	0.6085446212774394	1.5167406136035293	-2.525466484269682	1.391415493391164	2.227963331441255	1.0
1040000	-12.089553434403104	-5.546453880727627	-6.543099553675476	-8.978642486130973	3.4321886054033452	0.34450956534275334	0.6167245716013189	2.402950985546313	-5.397839269273055	1.9586893693316358	8.723250295222917	1.0
1041000	-14.516258929764778	-6.561811359200917	-7.954447570563861	-8.968235877689699	2.406424518488782	0.8482886204676162	1.0999194177481093	2.58739380123556	-4.8816484044645225	0.4966791555656235	19.151082383184683	1.0
1042000	-13.577997398956139	-4.910726571033759	-8.66727082792238	-8.652618832373731	3.741892261339972	0.5434810893942964	0.7153274982748508	-0.1536835184119496	-6.052296175824502	0.3611840420573641	8.207523254963323	1.0
1043000	-15.86424782343386	-6.671687575689749	-9.192560247744112	-7.912798031435742	1.2411104557459929	0.6495815512560813	0.4287127697734025	1.396089687042799	-4.316253254761172	0.16491966179143805	5.521086047927427	1.0
1044000	-14.346347248032634	-8.096504476909338	-6.249842771123296	-8.532122689026064	0.4356182121167267	0.4148388025223415	0.45553344956202474	2.3228692136516074	-3.784611728212381	0.8122802619707115	9.493654126270478	1.0
1045000	-17.799154413351236	-9.179887319734435	-8.6192670936168	-8.181277179376007	-0.998610140358428	0.5386261606581402	0.35461465017268345	2.3489653021246966	-3.4679711730462763	0.8203244014375157	1.7157858480730115	1.0
1046000	-13.72276229627005	-4.82485137070157	-8.89791092556848	-8.588010350458125	3.7631589797565557	1.0199431372360677	0.7099371525995388	-1.6931192583952195	-6.227794752221646	2.6317857228967516	9.506554379293949	1.0
1047000	-12.647863694976145	-6.397186348988148	-6.250677345987996	-9.98789602933585	3.590709680347702	0.22266004204924073	0.5081958463641955	4.180407445593642	-5.715735198800821	1.8091388468015706	35.55746236999874	1.0
1048000	-12.56710671164335	-6.6363156242579935	-5.930791087385356	-8.004007693024418	1.3676920687664245	0.5964590908857066	0.48020369775469185	1.111080413688932	-4.216629670742334	2.373620962834926	8.074146828165308	1.0
1049000	-13.103729649812045	-4.8410349928339755	-8.26269465697807	-9.12022015888376	4.279185166049784	1.5797120602647705	0.27642568416299595	-0.4210566279758563	-7.963817328678096	0.8015300820386172	41.964202803666744	1.0
1050000	-16.421437669474674	-15.352898086170546	-1.0685395833041276	-7.914885807456539	-7.438012278714007	0.9969351132337583	0.6732339090507862	-0.06576998235538345	-0.09096288182045031	0.62186207550411	0.05675388139621189	1.0
1051000	-11.797949558135905	-4.5998615781804295	-7.198087979955476	-7.942865226444581	3.343003648264151	0.6258852912898647	0.8576081216122614	1.478702450353252	-5.697171941121678	0.9645924452524772	15.675624440376085	1.0
1052000	-13.70461554024698	-5.097884260589628	-8.606731279657353	-8.531875865503018	3.4339916049133903	0.7138296889749695	0.7685781506431522	-1.0382006998359434	-5.4711934271278535	1.055817679329353	3.9324441163300077	1.0
1053000	-13.993431268685498	-6.957019787519339	-7.036411481166159	-8.399325375252046	1.4423055877327062	0.46209581360478985	0.6612050743351665	2.757667228561157	-3.9010706451161665	0.8023311718264166	5.141642267196986	1.0
1054000	-16.41204624448634	-10.30550860181606	-6.106537642670283	-8.965664998629792	-1.3398436031862677	0.5252130764627283	0.8038188808059273	-0.5018233226693593	-2.3924418216796006	1.2314395586161564	0.9706269949042166	1.0
1055000	-12.082504559220116	-3.575070054016977	-8.50743450520314	-7.882622260460829	4.3075522064438525	0.6862663509520501	0.3713541870854194	1.3308238230194522	-7.312070241239193	1.4636604635948027	7.019077803672731	1.0
1056000	-15.511597863047538	-7.581871341301685	-7.929726521745852	-8.233846146601543	0.651974805299858	0.5090369281249826	1.0115557045018275	2.403597878242822	-7.191057492692288	1.9454996330732095	18.73763865043431	1.0
1057000	-13.919136930983814	-5.968418880983615	-7.9507180500002	-8.980418643484512	3.0119997625008974	0.3378899605906204	0.9390393805001187	2.6835134668830536	-5.277532978007478	0.8109262302678797	6.177244383659616	1.0
1058000	-13.975263461610712	-6.817322203641086	-7.157941257969626	-9.750569840753224	2.933247637112138	0.2744383204504397	0.09734599382916416	4.97493996886421	-9.08014065970145	1.0947113173082716	34.532381241695624	1.0
1059000	-13.435944888972308	-6.451407622631815	-6.984537266340494	-9.770093133705439	3.3186855110736238	0.49335845156388725	0.6070291427231034	4.489098744821136	-5.294199861683657	1.9897772844969404	14.552240505576002	1.0
1060000	-15.212212301185662	-7.420107586085787	-7.792104715099875	-7.916703982339546	0.49659639625375895	0.7800518080951246	1.59791206654909	1.3767158183883488	-4.341311558507128	0.5761895156509718	6.352778292274572	1.0
1061000	-11.49858929096025	-4.317776051286696	-7.180813239673554	-8.143951064149256	3.82617501286256	0.5985368052794003	0.5149055720022904	0.46837549777630755	-7.538422016589186	1.2318214349039656	38.02357962490923	1.0
1062000	-14.484142936729818	-6.857956291707142	-7.626186645022677	-8.296679568138073	1.438723276430931	1.0056694824581218	1.3106865533128118	-1.2445129468177374	-4.338990786568072	0.551944567686682	10.176881464173949	1.0
1063000	-13.036545485458442	-4.461154724721672	-8.57539076073677	-8.237608475883224	3.7764537511615526	1.1993068443738224	0.7039050318321307	0.09167069495215197	-6.13453428925535	1.1031775358419609	6.2797974736991256	1.0
1064000	-13.634545546431134	-5.5731428030397545	-8.06140274339138	-8.294931435086763	2.7217886320470086	1.0741276840437635	0.9988586251262461	-1.2156592950944733	-6.088526894783746	1.3536685962955046	13.74172292763093	1.0
1065000	-13.21459546484833	-4.329173218363726	-8.885422246484604	-8.148671333440976	3.8194981150772502	0.6458400404533502	0.1730277632208014	0.056759867799244024	-8.353479690469742	0.3974964655000012	17.143421438811334	1.0
1066000	-13.233731920868815	-5.971797761282548	-7.261934159586267	-9.335389056321725	3.3635912950391775	0.7201333733135941	0.5862077381902356	3.3274365370531793	-5.3608224475175605	1.988938102708068	11.088439439572024	1.0
1067000	-14.477760354629762	-6.492596658235801	-7.98516369639396	-9.062658404215664	2.5700617459798636	1.137190681381127	1.081441881240421	-2.2342213010681315	-5.119973024979775	1.3069805019152974	20.625535718661748	1.0
1068000	-13.144964945853644	-4.236839908863276	-8.908125036990368	-8.417346050737498	4.180506141874222	0.4743779451916865	0.5094011818821756	1.2493160100787468	-6.860377345232404	2.1343774577628905	4.980863508877188	1.0
1069000	-12.548325466341764	-4.8381581353520815	-7.710167330989682	-8.21842405438531	3.380265919033228	0.8902441412719689	0.8490159964246856	-1.018804874079073	-5.855030796279538	1.780716074940131	25.331615271575384	1.0
1070000	-12.074831331832025	-4.015447283514728	-8.059384048317296	-8.105186553731228	4.0897392702165	0.8927076495498095	0.5534543999113122	-0.7969484011645812	-6.483960907284682	0.5340565361222543	37.61320048743294	1.0
1071000	-15.947501682194787	-8.889734494212572	-7.057767187982214	-7.926335592368196	-0.9633989018443749	0.84240587835583	1.5245015062288174	-0.23662166167808096	-3.0088365166647675	1.2639906294731131	8.879790929876528	1.0
1072000	-17.443853361662814	-12.165392125181087	-5.278461236481727	-7.876205045644601	-4.289187079536487	0.8767593609471408	1.133078866850939	0.8697642007989199	-1.2706883051994387	1.3872778053085624	0.7326962422060972	1.0
1073000	-18.7386686276323	-15.605652977780814	-3.1330156498514876	-7.864775191178022	-7.740877786602792	0.9425150723501707	0.5652127307967775	0.3130323474801332	-0.05567974564906619	0.26722872296416955	0.11014389268329378	1.0
1074000	-13.887582567527346	-7.527353358348004	-6.360229209179341	-9.848164631481117	2.3208112731331125	0.29570272830777106	0.8424533431791837	1.5256946193397805	-4.382660811848734	1.4398411072650725	23.389525929366837	1.0
1075000	-13.46142137194176	-6.56939774224217	-6.892023629699589	-9.440901264998224	2.8715035227560537	0.6182931402848778	0.42921334054787114	-1.7516095006533479	-5.345184865444646	0.8555015735997582	10.764288384549962	1.0
1076000	-12.226221891411264	-5.347265439873599	-6.8789564515376656	-7.9945442842793195	2.6472788444057205	0.592234735513282	0.7754910653428249	1.3322338574392654	-4.629807075582077	0.762230436486182	10.613414337280833	1.0
1077000	-14.078302488187962	-4.713077174288392	-9.36522531389957	-8.6279241142803	3.9148469399919072	1.0004175419555037	0.5221010331830731	-1.740621352708193	-7.401592659302999	0.7574199227457018	7.635900722489537	1.0
1078000	-13.600659292338932	-7.04197953183228	-6.558679760506652	-8.29435264067136	1.2523731088390797	0.5668153241143293	0.17842918251930187	2.6768539039192185	-6.151109914216333	1.1228643787805108	24.064395634918874	1.0
1079000	-12.156220073387228	-4.951938201923329	-7.204281871463898	-8.17655709565275	3.2246188937294216	0.9648275138671303	0.7363015830689279	1.2539371926427867	-5.159129653380577	1.350774168202029	17.704855657405737	1.0
1080000	-17.59455662132703	-7.135167029892301	-10.459389591434727	-10.822754157827678	3.6875871279353767	0.27926601908446247	0.3522111247257794	6.112753466044378	-8.53077118625366	1.13303831098055	9.291843283689511	1.0
1081000	-15.189353084414797	-6.911639801374111	-8.277713283040686	-8.284790234074116	1.3731504327000046	1.1186589442964356	1.3250743915141583	-1.1418235853250707	-4.310814516079322	0.8529319126297534	3.61159915638138	1.0
1082000	-11.302839091144534	-3.682258982635891	-7.620580108508644	-7.873994616495567	4.191735633859676	0.7489015846821959	0.437365883002961	1.2863633673226391	-6.728152724556118	1.9595938000049338	9.002633765857118	1.0
1083000	-13.137131899465459	-6.726655143558415	-6.410476755907044	-10.682073971288524	3.955418827730109	0.3647087735117232	0.5187037950844323	-0.9338479427035448	-6.146933425476196	2.9759628501793403	11.47221230048836	1.0
1084000	-12.944333603687985	-5.053278754519759	-7.891054849168226	-8.337495558686536	3.2842168041667765	1.2151579758669	0.8808489189829376	-1.0291539745161842	-5.805248243546291	1.2936839781361023	16.53173849614016	1.0
1085000	-12.271207564392373	-4.462806749285019	-7.808400815107354	-8.123627614482968	3.660820865197949	0.7127478556127488	0.5554568892222543	2.058308241772387	-5.709246999955655	1.420577167129954	5.971282516698522	1.0
1086000	-14.195156058158105	-4.890903246092721	-9.304252812065384	-8.416685687474002	3.5257824413812813	1.2057537726793202	0.7717884547804742	0.5427129060451614	-6.378972328692581	1.1244871588619554	5.407884117399143	1.0
1087000	-11.53798591058037	-4.000436508400915	-7.5375494021794545	-8.094721497132012	4.094284988731097	0.7135940063891444	0.5162203585941265	1.9994766317555288	-6.4194628768802975	0.7826795609104579	14.152171947356178	1.0
1088000	-13.191265839860165	-5.3879106245667545	-7.8033552152934105	-9.615956009837753	4.228045385270998	0.5528782567490241	0.44205823655452764	-1.5635706911601952	-7.3623639317518474	0.989172387668834	11.094051105447017	1.0
1089000	-13.92144340832241	-5.6701029002077235	-8.251340508114687	-8.614004607919576	2.943901707711852	1.374780492289687	0.8616073666520246	-1.0853375578489213	-6.5951192129748355	0.8672016298710697	15.256224575994816	1.0
1090000	-15.039500407150033	-8.41168585157062	-6.627814555579413	-7.882217729398871	-0.5294681221717497	0.7689591893677852	1.1400098719818224	0.16825820181059126	-2.8220913649961084	1.8946413246508753	2.8382673204910893	1.0
1091000	-12.002411166531939	-4.207478041826162	-7.794933124705776	-8.309037724042419	4.101559682216257	0.9975314397230787	0.5492407571737593	-1.265233710805399	-6.521851218511312	0.6550067040476877	24.04422792819957	1.0
1092000	-11.476213921891052	-4.530592654604548	-6.945621267286503	-7.950139969992074	3.4195473153875264	0.6991408109579684	0.31641054562485094	1.6623614945597673	-6.3441753616256005	1.0449130850800645	15.263428039251608	1.0
1093000	-11.858259628673098	-4.99022944172996	-6.8680301869431375	-7.988334478212002	2.998105036482041	0.9090730096270009	0.5199161257290933	1.0968565739480018	-5.169329692923711	1.3590108378533297	20.508458651253598	1.0
1094000	-13.214532783300646	-4.752747645339877	-8.461785137960769	-8.372381766122162	3.619634120782285	0.4974203629571256	0.7368015905311126	2.8365167699203395	-6.46655238323279	0.40255995058002286	16.7357142696512	1.0
1095000	-16.548942542742648	-4.884843661255884	-11.664098881486764	-8.318002274564265	3.4331586133083807	1.1896164821487	0.1841647882960343	-1.061424472083751	-9.824048788170288	0.6751164813295609	8.109544804122224	1.0
1096000	-13.389076055215078	-6.819931690532085	-6.569144364682993	-8.272891896679404	1.4529602061473188	0.5867562371473937	0.621126405298002	2.6106334446816954	-3.960504284657673	2.2091774316420993	6.133174642897932	1.0
1097000	-12.59463709157656	-6.662481561612767	-5.932155529963794	-8.534137845253403	1.871656283640636	0.4646875492804451	0.4210730369868637	1.0481097685278837	-4.714551793002102	3.585204331844618	9.809513627185126	1.0
1098000	-14.53451257668979	-5.468824199673993	-9.065688377015798	-7.8499780495715825	2.38115384989759	0.9230405595976163	0.5791481969998215	0.22184296943261964	-4.604951437162665	1.695892064812986	2.134726619786356	1.0
1099000	-12.41293019795436	-5.147748717015411	-7.265181480938948	-8.121883511961363	2.974134794945952	1.147371929983901	0.5021591037824732	0.02993903331172662	-5.194130305691559	0.7498068682577973	15.884470633043827	1.0
1100000	-13.691459735967753	-7.21196672981556	-6.479493006152192	-9.199902662622662	1.987935932807102	0.34064552470646603	0.6485034256519666	1.7949769167333514	-4.2461079330561375	1.2823240658374777	4.4828554831289615	1.0
1101000	-13.20070976874426	-6.389724254510722	-6.810985514233537	-9.844450433364422	3.4547261788537	0.26644880508934465	0.5177644829570104	2.3782522637438146	-5.562012276374658	1.552829860327731	6.689730790705905	1.0
1102000	-12.51046502197389	-4.174775651168185	-8.335689370805705	-7.939745678193795	3.76497002702561	0.6836704546970288	0.3416401945642856	1.6387049884065563	-8.534219316445022	0.7092529298895022	16.606871204748558	1.0
1103000	-11.61915192661889	-4.141410068604037	-7.477741858014854	-8.233911080908072	4.0925010123040355	0.887400147633312	0.3978620478767522	1.6538771761893802	-7.894591814686641	1.544531805516416	44.11308221541256	1.0
1104000	-13.443193237991455	-5.777025448539256	-7.666167789452199	-8.013051245896685	2.2360257973574296	0.8901490190905791	1.0934089059890675	1.2373445648019625	-4.620678518554197	0.5051937091732905	14.318871027924095	1.0
1105000	-20.787739357983092	-14.565727129819635	-6.222012228163458	-10.583283510084538	-3.9824436197350965	1.7479833625246375	1.0775120423670705	0.6403760800212032	-1.3523787633452578	0.30357819068942665	1.4404342870245652	1.0
1106000	-13.634035819271963	-4.09088249675259	-9.543153322519373	-8.329632079178111	4.2387495824255215	0.8108611978234063	0.39390230939624893	2.0651645936032508	-7.667148316336585	1.2014028318616259	6.668500423547732	1.0
1107000	-13.516393259793535	-6.157103100186406	-7.359290159607128	-10.09989848608426	3.9427953858978544	0.6962304746412807	0.3268454389124545	3.891812919293276	-6.814712580132824	1.038447912182117	50.850758193073	1.0
1108000	-11.651025461276284	-4.265839003817364	-7.385186457458919	-8.29090724235844	4.025068238541076	0.7902630435899763	0.5779753252981021	2.0836546147873123	-6.826337254331468	1.272365011566531	18.826146214901673	1.0
1109000	-13.646966191233485	-5.86663394770536	-7.780332243528125	-8.4653210723579	2.5986871246525407	0.6973457907833907	0.6860567392453434	2.6155849787782786	-7.5539684777808205	1.7188420804730318	18.42399859288549	1.0
1110000	-14.102571478815484	-6.278029152370488	-7.824542326444996	-9.416590036448492	3.1385608840780037	0.6318139783129155	0.3074848605373757	3.710712860205116	-9.119063378924183	1.4729311368435118	20.603496440776233	1.0
1111000	-13.324383811332925	-6.031332070507999	-7.293051740824927	-9.210555877623161	3.1792238071151617	0.36038879995678186	0.583557304380371	1.3174722394953204	-5.197560411642548	0.5956634273695193	8.205055510716393	1.0
1112000	-14.292456219489143	-8.14041927027719	-6.152036949211952	-7.817136875112101	-0.32328239516508983	0.8147759762498612	0.9654284711248228	0.7323116422419829	-2.8469036860038885	0.8330187009466314	4.032828090651317	1.0
1113000	-12.639339747308538	-4.329300283460144	-8.310039463848394	-7.819464796503981	3.490164513043837	0.7912336152304749	0.5006308789468297	0.4929700499257408	-7.881472388022143	0.6116799997781635	16.393766451140827	1.0
1114000	-13.805879609434662	-6.352188180846756	-7.453691428587906	-7.987929233821641	1.6357410529748853	1.0380655858852739	0.938272148273372	-0.38997710107524997	-3.9310146733290683	0.7721704738619447	26.54009030938744	1.0
1115000	-14.236817943341816	-6.768242843039957	-7.468575100301859	-8.202552715542662	1.4343098725027055	0.5512286000812089	0.8199525227886731	0.8143245329328499	-3.790739999775367	0.7990682667975904	2.3148240433700544	1.0
1116000	-14.618598099583524	-8.124521320615832	-6.494076778967692	-8.144722155274602	0.020200834658769873	0.537887819360226	0.15474048825847964	1.2799511582170853	-5.7928950108909705	0.9442451263390627	21.60424836246798	1.0
1117000	-13.713206008882521	-4.909064157643707	-8.804141851238814	-8.212453411588314	3.303389253944607	1.13560205563668	0.224292916729057	-0.9269523609526364	-7.033550518994808	0.6404823933748	154.7094274343297	1.0
1118000	-13.751588031172139	-7.404400457608824	-6.347187573563315	-8.180963283197919	0.7765628255890951	0.6381098192192765	0.3850501228297266	2.3445083123639874	-4.2377615184148745	1.083572757464143	18.974416197882242	1.0
1119000	-13.422263572221024	-5.675572637144617	-7.746690935076406	-8.955396290201847	3.2798236530572296	1.3242314486210416	0.3644539836705899	0.7854367840240889	-5.945653408031939	1.5862128305406527	41.05079327382449	1.0
1120000	-13.561577754896053	-7.2743359087266395	-6.287241846169414	-8.322989812779953	1.0486539040533138	0.4656868929439375	0.5166622440862026	2.0845663076172487	-3.938474365935423	3.856858648256448	7.067993767085939	1.0
1121000	-11.854554832699337	-4.691087338841131	-7.163467493858207	-8.086919575572955	3.395832236731824	0.5509125055676144	0.8140017663076337	1.9047470784898028	-6.303831165488352	1.3058824308735428	21.085508284109515	1.0
1122000	-13.333492050032657	-6.718895870730637	-6.614596179302019	-7.838562275614979	1.1196664048843425	0.7348204790519739	0.8127494545631014	1.0428451653616828	-3.6089513463894543	1.4926972417500435	3.5032280682834367	1.0
1123000	-15.90889807994327	-9.573505785007997	-6.335392294935274	-9.49348326865308	-0.0800225163549173	0.37808044593737633	0.11583574218145228	0.4685225816986154	-6.4701840861453634	1.0399908152265738	25.268432721973625	1.0
1124000	-13.931603215243946	-6.239399550208516	-7.692203665035431	-7.988548865558371	1.7491493153498556	0.7080646934179537	0.5714930386859278	0.0955718495649136	-4.2190436262526	0.3988578386214839	4.398894348472265	1.0
1125000	-11.986356844746602	-5.5182138623826695	-6.468142982363933	-8.343344797008044	2.825130934625374	0.5033554609852746	0.5816372035050511	1.0175858067707995	-4.915897242335419	1.365662045345575	27.470344154488444	1.0
1126000	-13.38400587894845	-6.6385575893142885	-6.745448289634162	-10.535022924721181	3.8964653354068925	0.20166920435889507	0.4774366945353198	3.3487064522105783	-7.670748405093862	2.2242969124809546	15.55854745255165	1.0
1127000	-15.152063480076325	-6.944018867735564	-8.20804461234076	-11.157708532670355	4.213689664934791	1.531936675285049	0.4869560728010654	1.68006124464086	-6.885307511339821	0.6927097589540967	21.353320183968048	1.0
1128000	-15.988437131594997	-7.992296767023102	-7.996140364571895	-8.907424043077713	0.9151272760546103	0.5553005137857975	1.5043544236764403	-0.6671738299466242	-4.490019933984526	1.6753621432001722	4.69989058953398	1.0
1129000	-16.855979004351777	-9.75676519624234	-7.099213808109437	-12.19633138882978	2.4395661925874403	0.2836619745246338	1.0889818301825553	-1.2890276336212403	-5.895681313688808	1.950916776049262	15.14853591979455	1.0
1130000	-12.539108873593053	-4.559216030254373	-7.979892843338679	-8.605656116686927	4.046440086432553	0.9599997305142917	0.5798731464572547	1.8466002340310619	-6.711777355258901	1.0160748147176573	10.92071709790465	1.0
1131000	-16.178077387765757	-6.592186982661516	-9.58589040510424	-8.478402144090456	1.8862151614289404	0.8240893923383495	0.784744998331232	2.2015974784053713	-4.081266429747153	0.3365569134415729	2.6528650035949495	1.0
1132000	-12.739879068649621	-4.86898405811212	-7.870895010537501	-7.872079294468086	3.003095236355966	0.7580743541251127	0.9697857801819831	0.26932133212087517	-5.616468710352829	0.8879764796619823	52.437585773188424	1.0
1133000	-12.788704391712699	-5.866454958538603	-6.9222494331740965	-8.726759125175203	2.8603041666366	0.37459804979682987	0.7982655837425985	2.839921914759832	-4.819708249253336	1.6457282304872458	7.180460182524277	1.0
1134000	-13.328745812560129	-5.577199910598102	-7.751545901962027	-8.053524342413532	2.4763244318154296	0.6269790336140312	1.08189094289158	0.4899288121627313	-4.920925987752979	0.43455589853883436	11.849772780771708	1.0
1135000	-12.425088792089554	-4.806211833518605	-7.61887695857095	-8.140964109312042	3.3347522757934374	1.0893999277496698	0.2459170161763542	0.5712461803685531	-6.836107796175452	1.1814546101432555	11.000486712403989	1.0
1136000	-12.921185373684553	-5.5458918793256755	-7.3752934943588775	-8.425696811798328	2.879804932472653	0.44131832400334475	0.6469958353869703	2.061259855260694	-4.874096617299926	0.88816918987262	5.2243600469702125	1.0
1137000	-17.156875571039343	-8.327566211509993	-8.829309359529352	-8.98498427646709	0.6574180649570973	1.5515002983549504	0.6361391777972132	-0.7654921765029139	-3.500202606843808	0.467746890936987	1.6178544385282592	1.0
1138000	-17.730128914485217	-12.927935208570176	-4.80219370591504	-8.093184589505448	-4.834750619064729	1.014868368989943	0.778221404787859	-0.8111069304637585	-0.9896454032567827	0.5716863779115829	0.6714608217821664	1.0
1139000	-11.866061566555041	-4.441552072531798	-7.424509494023243	-8.256069641810637	3.8145175692788387	0.9679993975132044	0.6033810491322318	-1.161975005019516	-5.885145992550304	0.877641356783138	25.691315817483527	1.0
1140000	-16.7202937040878	-7.761377761816286	-8.958915942271513	-10.791175434402279	3.0297976725859925	1.8579647927259508	0.960674968854643	-2.6330215932103727	-5.701489837082259	1.2405714594161443	13.74221514092399	1.0
1141000	-11.171038917416944	-4.369576230651687	-6.801462686765255	-8.039592059305043	3.670015828653356	0.6101687033552167	0.6381066429969293	0.7173133091243051	-5.674726885903113	1.4039848318360781	10.89761879484364	1.0
1142000	-11.49034012425809	-3.8701526967749906	-7.620187427483098	-8.020882182372485	4.150729485597495	0.7568870869941772	0.49135521686386574	1.7224973783117157	-6.567009653160031	0.8896661953359403	11.597440152382129	1.0
1143000	-13.775434757942918	-7.630845596576679	-6.144589161366239	-8.06895855794681	0.4381129613701322	0.6124478767842744	0.9450527440876751	0.5773857359058496	-3.229214248750756	1.091083506093848	3.5563426738002764	1.0
1144000	-12.310279366085801	-5.132922913561822	-7.177356452523978	-7.9754879829009635	2.8425650693391407	0.608247542435872	0.10634054692564954	1.6245863035373658	-8.703720147446194	1.099555083768656	27.244676957914184	1.0
1145000	-11.46068979820755	-4.889982368976036	-6.570707429231515	-8.976103580759272	4.086121211783236	0.47500003746725933	0.5429806732301167	-0.00981066569402067	-6.428997357182241	1.6965387934207445	27.196450439524455	1.0
1146000	-12.560551604314572	-4.807742500707785	-7.752809103606788	-8.955743427372177	4.148000926664392	1.0863155619683635	0.3928171362376661	-2.1367350482746215	-6.773228438908508	0.7705195842211001	20.232868815745803	1.0
1147000	-13.925870632888175	-6.606049948215249	-7.319820684672926	-9.008615996458886	2.402566048243637	0.329796837650792	1.022392073411239	2.98667225660536	-4.6420292899853735	0.6409764286000057	16.277611982715463	1.0
1148000	-17.136701814658103	-12.317273952353627	-4.819427862304475	-8.447260020574191	-3.8700139317794364	0.6246710526622689	0.9666029071263615	-0.42364605502034336	-1.353089043993493	2.0668612362337417	1.7937198984836593	1.0
1149000	-16.445897419138326	-10.014675444181997	-6.43122197495633	-7.831806055655891	-2.1828693885261057	0.8770896135179949	1.489691188877486	0.5616931443145858	-2.38003526708483	0.8446004279733869	1.7795548284798375	1.0
1150000	-10.983643692966007	-4.100619108219394	-6.883024584746613	-8.266231663601797	4.165612555382403	0.6449795328146145	0.5033076052753086	-0.20712239667512022	-6.6332634454259765	2.003074515870808	29.90504160828787	1.0
1151000	-13.373058023684653	-5.173288253127612	-8.199769770557042	-9.145415016721536	3.9721267635939244	0.5042440959564265	0.4917839207005261	3.9438405433607473	-6.211812508654446	1.1853262346280915	7.810617657182367	1.0
1152000	-12.307418736399761	-4.828081242817779	-7.4793374935819825	-8.283343454571956	3.4552622117541762	1.21837488355104	0.5904585530891874	0.10498583814668094	-5.44599325268858	0.8351128986169353	10.345459619714989	1.0
1153000	-13.031362538423581	-4.078543301077698	-8.952819237345883	-8.080065210163589	4.001521909085891	0.6003039189700715	0.5056248246660372	0.6656954707073887	-7.3852200656670925	1.1766235128623215	6.425348064508792	1.0
1154000	-14.5123646949257	-7.192601837464697	-7.3197628574610025	-10.974097951094294	3.781496113629596	0.8050114915273129	0.5561314343823482	-3.5847931832380024	-5.8563031390918	1.2646654720383623	35.13198425820209	1.0
1155000	-15.00477729427201	-9.426278608236743	-5.5784986860352666	-7.828796323073271	-1.597482285163472	0.8515900265316169	0.5458182908790626	0.24175985911609676	-2.55785970710245	1.2308818628933764	1.7692974927500547	1.0
1156000	-13.787711276744664	-6.679286781578	-7.108424495166664	-9.465656908562558	2.7863701269845578	0.5135478946929837	0.8413188030312986	-1.0889031337921815	-4.7764181610042895	1.7942562659939612	5.002413725554515	1.0
1157000	-14.170482133864766	-7.041005574856813	-7.129476559007953	-10.467550911365798	3.426545336508985	0.4457799685406041	0.8177384678354062	-1.6395113246489426	-5.644017355311945	1.158060852472191	8.94580616515	1.0
1158000	-13.277246901586688	-6.36412168778536	-6.913125213801328	-8.207466555904603	1.8433448681192424	0.9598919364812843	0.8524595517351025	-1.0672511935569322	-4.04586695051069	1.4442536230932967	10.957844199159716	1.0
1159000	-11.166069665262896	-4.101323546044308	-7.064746119218588	-7.8199006624915555	3.718577116447247	0.8147735920552711	0.49734104986283295	0.3963810762519815	-5.875516416762861	1.1783837371131929	32.09704292907207	1.0
1160000	-11.652504047324888	-4.045277975520893	-7.607226071803995	-7.90556450479401	3.860286529273117	0.9720170403557407	0.6699457718222376	0.4303879427935736	-6.35321377422861	1.1195989998264504	12.318345536664411	1.0
1161000	-14.200193427998595	-6.718185222472556	-7.482008205526038	-10.04902947723396	3.3308442547614043	0.5577908185554888	0.14040675036889444	-2.0594946460674963	-8.35865473169532	0.920240070685573	20.314187261558832	1.0
1162000	-15.07812041924355	-5.729852342827589	-9.348268076415962	-7.980173781084134	2.2503214382565453	0.6189927036089504	0.954092606451772	0.911687990754178	-6.697529867475255	0.7398950470897399	5.707998131170925	1.0
1163000	-12.565503284731834	-5.110524884168739	-7.454978400563095	-8.796400230579723	3.6858753464109837	0.5213303569185538	0.7402224718393554	-0.19509433145107646	-6.107970271566101	2.1498400457883093	7.869697342304556	1.0
1164000	-13.655311142073263	-6.368965369092125	-7.286345772981138	-9.488478894850081	3.1195135257579554	0.9672113084699415	0.2275566476341773	-2.625598725964763	-6.840106530978684	1.2060835188295922	17.97333828902108	1.0
1165000	-15.289548551819458	-6.930668212784116	-8.358880339035341	-9.401424453167033	2.470756240382917	0.8097740816291398	1.124170906227064	3.0485359426755214	-5.434208909015342	0.41944301613762186	17.390954981612566	1.0
1166000	-13.305086507330309	-3.855162400838795	-9.449924106491514	-8.03032359586305	4.1751611950242555	0.918428008948159	0.3956628578939165	1.1589518426825076	-6.814104190485067	3.223998211283083	6.115994750206782	1.0
1167000	-14.179009684930223	-6.833770410760322	-7.345239274169901	-10.34789000636629	3.514119595605968	0.4394021545403984	0.4447297494911219	-1.4463385815055574	-5.8145492675000305	1.806454943925832	5.216425136291261	1.0
1168000	-11.917946059154794	-4.5188177880452045	-7.399128271109589	-8.014452330824023	3.4956345427788182	0.6863532615543232	0.6994372345296841	1.8756653973071655	-5.465008113187694	0.6969293087449957	23.980104792162777	1.0
1169000	-13.959992803219707	-8.112568436648079	-5.847424366571628	-9.02915057631532	0.9165821396672413	0.5397561494360005	0.7430049168456727	-0.7200817882826771	-3.529974163199176	1.8279977551946975	6.2216356534645225	1.0
1170000	-13.715555241996396	-6.731038064340572	-6.984517177655825	-9.052954659623994	2.3219165952834224	0.32261079520355385	0.6320310335712772	3.379196544192581	-7.890065468043379	1.8985765725635833	32.10178437437735	1.0
1171000	-12.85131832543404	-4.338921532454768	-8.51239679297927	-8.49665412838703	4.157732595932262	1.018973736442433	0.28938877750708397	-1.5652353225645834	-7.418062512241844	2.13346759183533	8.966330742550443	1.0
1172000	-14.780176887367041	-6.138133675923648	-8.642043211443394	-9.122946546064643	2.9848128701409955	1.3321703634874142	0.8218265004589108	0.9399747371486966	-6.7501980384604465	0.6743425211267582	10.496701140717562	1.0
1173000	-16.446353472500512	-7.390262187208853	-9.056091285291657	-9.685079936307835	2.2948177490989816	0.25329781672447055	0.08501877360243709	4.481733274313023	-8.887192118133095	2.7364413357070365	7.947149533936436	1.0
1174000	-12.720064845389917	-4.349940408463272	-8.370124436926645	-8.053353981378937	3.7034135729156645	0.6117077456904934	0.538786256104348	0.6439464665937532	-5.781702284934993	1.197148678602318	4.130856541215614	1.0
1175000	-14.020066814310226	-5.952703377719171	-8.067363436591055	-8.180400263620784	2.2276968859016133	0.9778583291542831	1.077677417705997	1.2053898995347865	-4.571767965828251	1.221716983520911	4.144242692039618	1.0
1176000	-13.57137050022961	-5.64191918220203	-7.9294513180275805	-8.81411500233035	3.1721958201283202	1.4823030623349946	0.8744714979339014	-0.9179746064839545	-5.31850975291228	1.0502628278935864	11.272181879025004	1.0
1177000	-12.411164556221845	-5.013323579946466	-7.397840976275378	-8.649749761003518	3.636426181057052	0.5013204125568489	0.7297238980593229	0.28367746063059884	-6.488611464118275	0.752946973452277	25.462219503097078	1.0
1178000	-10.969237504115206	-4.324721226694061	-6.644516277421145	-8.148500766895754	3.823779540201693	0.6151321228067723	0.14972564049950693	0.3012030327550206	-8.919385184424744	2.388175589685034	52.87462433512579	1.0
1179000	-15.459841450237573	-7.182530406974078	-8.277311043263495	-8.377771975568661	1.1952415685945832	0.49629682127653574	0.961251392894509	1.0147623035413464	-3.661548188668352	0.9664727679688982	1.6086726701477259	1.0
1180000	-16.28912942427941	-6.987217113011683	-9.301912311267724	-11.153022714566916	4.165805601555233	1.9772185461951612	0.5192634738319144	0.2478105783568183	-6.781956932110218	1.3352029514980748	9.282846432862708	1.0
1181000	-12.38501679254317	-4.51227518688279	-7.872741605660379	-8.103097001558673	3.5908218146758832	0.92860930192983	0.12675859182368734	1.2696836435142802	-10.069466230413184	2.0912664579506965	138.63556808775874	1.0
1182000	-12.072050991058173	-5.081730262037512	-6.990320729020661	-8.472397026085309	3.390666764047797	0.7242904894674513	0.30913470170455215	-0.9896673418609223	-6.367722503744668	1.2082116409414054	46.17651324781536	1.0
1183000	-13.824199782263966	-7.345145561572281	-6.479054220691685	-9.174953436686524	1.829807875114243	0.3905042597989539	0.7055110876337745	0.8207764677548546	-4.089315474563634	0.7023062375343212	9.203277164391439	1.0
1184000	-13.01435070250537	-6.842872800430644	-6.1714779020747255	-9.367707806531032	2.5248350061003877	0.31096753416068323	0.40287519604642286	4.438736609823369	-5.206515606711593	1.7178589830627322	18.07133796042167	1.0
1185000	-11.595969567142982	-4.52440427019733	-7.071565296945652	-7.90641217222433	3.382007902027001	0.7612092462113614	0.36610759494028544	1.392414198834461	-6.023448955112301	1.685102700129547	8.573393917224418	1.0
1186000	-13.867379876343215	-4.258801317631752	-9.608578558711462	-8.1809357354313	3.9221344177995476	1.0865512720353512	0.637764322308356	-0.9491081118502489	-6.232699211455933	2.081007275627977	4.8951862810046975	1.0
1187000	-13.395027512006738	-5.495447878335689	-7.899579633671049	-9.545986696852564	4.050538818516875	0.2671071689315329	0.5831274388690798	3.341474113858325	-6.524734469574601	0.6501177159461684	71.75921749651773	1.0
1188000	-13.033746588133411	-5.168602636883421	-7.86514395124999	-9.403422803581416	4.234820166697995	0.343306251876139	0.2542953835031592	1.278089809782651	-8.359165620738803	0.5751116542597104	36.93129509721285	1.0
1189000	-13.982231791799794	-5.359001519741724	-8.623230272058072	-8.701844910199156	3.342843390457433	1.3795798181865058	0.6133551840291135	0.09135245799516234	-5.311123612947206	0.5283823162711824	4.931561682778778	1.0
1190000	-15.94838872075541	-9.112653591639354	-6.835735129116055	-10.738897941201488	1.6262443495621337	0.1712216796031953	0.7730270576938386	4.888588081211862	-3.921925533898401	1.5568247160279756	8.753435714530019	1.0
1191000	-11.253385670873726	-3.755711667873398	-7.497674003000329	-7.87544891192085	4.119737244047452	0.7996705992881536	0.5368015263651688	0.07684180092744541	-6.546294419706031	0.7864363260917469	15.309279960871624	1.0
1192000	-14.438675091256552	-7.3286545376715555	-7.110020553584997	-10.179845672659361	2.851191134987806	0.7601235280973831	0.6582736989491202	-2.9355285411358483	-4.84109128489194	0.905121921444045	19.11952216396212	1.0
1193000	-18.410054802783307	-11.918981473845978	-6.491073328937331	-12.68470916609575	0.7657276922497727	0.42758045168505077	0.3993923716925503	-3.482910543164192	-4.16939731234905	3.9389053340122744	6.523227851486668	1.0
1194000	-15.167582884417795	-6.506268414268753	-8.661314470149042	-9.25720264730813	2.750934233039377	1.6122732327033353	1.0448453894110328	-0.3191113309030751	-5.441735579017932	1.3254099610485777	8.773997066519776	1.0
1195000	-13.718587068594898	-7.4516779762095045	-6.266909092385394	-8.311988536027059	0.8603105598175547	0.47815535033827683	0.5713126946209108	2.495349258164438	-3.7153023018394706	1.1284323399941905	5.785422097819739	1.0
1196000	-14.556800554805578	-5.802792679800703	-8.754007875004875	-8.76092590873445	2.9581332289337463	1.3965374690345052	0.17954462834818563	0.11066917424452671	-7.309504204744626	0.6570903383878196	9.62440360344261	1.0
1197000	-14.073275854005837	-6.441777181959742	-7.631498672046096	-8.34652998122366	1.9047527992639193	1.1738726474791243	1.1061707699895087	0.5751773354304841	-4.307261879501458	1.2830758754240987	5.986431040539178	1.0
1198000	-11.91464155404104	-4.2247284839148715	-7.689913070126168	-7.882028776599788	3.6573002926849165	0.9555050277119477	0.4118910565542738	0.38708906467725124	-6.071264672113162	0.6684448149669012	10.253104011631498	1.0
1199000	-11.337222216181962	-4.037339840296076	-7.299882375885886	-8.28661875080493	4.249278910508854	0.5411556056734947	0.31015448375644106	0.6750878761858616	-7.457774658568379	2.9061717025850684	9.915903800077794	1.0
1200000	-12.048284104634618	-4.159218206441094	-7.889065898193525	-8.429237447557608	4.270019241116514	1.2143652992039626	0.4396614524531567	0.5202564691876945	-7.147354430528399	1.5292720321573947	16.16516728856836	1.0
1201000	-15.336821669747636	-6.802978813917957	-8.533842855829679	-8.291112769073766	1.4881339551558095	0.6177705629514798	0.4716238736767345	-0.06756562583669676	-4.311757342415465	0.21656953550769234	5.460104491372769	1.0
1202000	-15.953789036139842	-10.303260181424196	-5.650528854715646	-8.085055495518	-2.218204685906197	0.765345142266069	0.858226116171509	-0.4326368179194586	-1.999402118575426	1.8748857816247302	1.0671319247848752	1.0
1203000	-15.596415079008068	-8.02645420076194	-7.569960878246129	-7.931615613584388	-0.09483858717755211	0.9933708337675907	1.4540982368148505	0.4207518525086078	-3.4051895724731023	0.39428871086907896	10.350759715296077	1.0
1204000	-10.98805220283445	-3.5634516602271304	-7.424600542607318	-7.8141112304960085	4.250659570268878	0.825837885665847	0.27245067361024106	0.616982538862946	-7.837829545679097	1.0313282810820898	48.08674504996601	1.0
1205000	-13.294970448869918	-6.91360563135068	-6.381364817519239	-8.746768356660345	1.8331627253096654	0.524943019781945	0.6761853951493555	-0.1450158498793599	-4.118388445420028	0.9853602871268139	4.845281784105662	1.0
1206000	-12.682303268909056	-5.623951513139908	-7.058351755769147	-8.110760648539085	2.4868091353991764	0.8215051985438099	0.8144466543536597	-0.6680914888225828	-4.5051565339355335	0.7799953078787808	6.7317228779184335	1.0
1207000	-15.686465216429346	-7.529672008913641	-8.156793207515705	-8.18826815225972	0.6585961433460792	1.0846767869941922	1.5254882633220646	-0.9707159386737324	-4.20513300810225	0.6507225482819842	3.866048920990427	1.0
1208000	-12.233694033239338	-3.589522390563043	-8.644171642676296	-7.866317282001687	4.276794891438644	0.8655404942709747	0.38558709764223753	0.8757222014066619	-7.11481310595877	0.52903460561044	10.006095984391889	1.0
1209000	-13.955157334450428	-7.27676765668721	-6.678389677763218	-8.49441738551688	1.2176497288296693	1.1890457519602544	0.6345292785026952	0.7668516617378569	-3.8071631505896653	1.0237111123411633	7.684502344526051	1.0
1210000	-11.20168916814332	-4.179683942806287	-7.022005225337033	-8.01312127659512	3.833437333788833	0.7231828886518937	0.17490853337527032	1.7945454134720262	-8.341000551035995	1.392180990449477	34.743272803602814	1.0
1211000	-13.324149152264187	-4.632570459975421	-8.691578692288767	-7.99660532830176	3.364034868326339	0.8136107374616905	0.7709687545436118	1.4870816503101898	-6.63994780653487	1.8334623991773777	7.294229321869823	1.0
1212000	-12.46690451499284	-4.909372820237713	-7.557531694755127	-9.01336496503178	4.103992144794067	0.3439680896551687	0.22473216008075594	3.802785735704325	-8.040732471728967	0.8429600612837184	21.74329805848295	1.0
1213000	-12.579591898726132	-4.704194291165582	-7.87539760756055	-8.583945486924687	3.8797511957591055	0.6534395482853473	0.6361730252481108	2.8949071571525753	-6.710136927097816	3.101352884808836	22.343947472549477	1.0
1214000	-14.398548206388003	-6.252917896626677	-8.145630309761327	-8.70737586995364	2.4544579733269636	0.7990863673314327	1.1089601996951801	2.529947038252085	-5.02839220984655	0.45846145190603077	26.38440346711509	1.0
1215000	-13.848404974584223	-5.145017406704846	-8.703387567879378	-8.693256596249615	3.548239189544769	0.4157596505422984	0.7563658920374049	3.4192259542629277	-5.656602672284163	0.4179122612084523	8.960210829079559	1.0
1216000	-12.892514512678137	-5.236849024632209	-7.655665488045929	-8.961085047612952	3.724236022980744	1.1430098782992324	0.49930084381076756	1.5144492899076973	-5.877569251305962	0.7162605151970689	13.254053682410733	1.0
1217000	-16.44466741290249	-7.701075520053974	-8.743591892848517	-8.04031694810229	0.3392414280483167	0.5856436122041364	0.32812210280415754	1.044872887488694	-4.293876930192377	0.40600994607662594	2.5805046225846873	1.0
1218000	-11.43658772137076	-4.4404505384792685	-6.996137182891491	-8.175173772658441	3.7347232341791727	0.5248603942188452	0.6857532053221921	1.367687989924404	-6.633451325836983	1.4354033625946072	26.646678319429416	1.0
1219000	-11.03513740422823	-4.692713059739834	-6.342424344488396	-8.720819606540369	4.028106546800535	0.4595719366846471	0.3428390542902861	0.6673703180378437	-6.830041927649069	1.707584651988553	32.3514951788389	1.0
1220000	-14.205178283085058	-5.768255162055015	-8.436923121030043	-8.728655548045001	2.9604003859899866	1.3277480952023837	0.9692633187791468	-1.5509459497997744	-5.879779749029761	0.8464438631414245	8.45595902209377	1.0
1221000	-12.00341158798655	-3.8788971338886693	-8.12451445409788	-7.931142444299303	4.052245310410633	0.8412042932580933	0.5796779661918408	-0.25016667693201566	-6.471594390941957	0.46066886269768353	28.080423247849478	1.0
1222000	-13.303782114046452	-6.2005539489147585	-7.103228165131694	-8.720398180741274	2.5198442318265153	0.683272316194009	0.6375972639570916	-1.178017806436017	-4.614276273805745	0.6178932926776148	16.271438049850495	1.0
1223000	-13.947806267636114	-6.691531153725919	-7.256275113910196	-9.059294899278335	2.3677637455524163	0.8468120859868403	0.7165202202847516	-2.0777356398563875	-4.437066226607685	0.8588883903817726	6.128166777357095	1.0
1224000	-12.686934041038096	-4.963877171739854	-7.723056869298242	-8.119900134296943	3.1560229625570884	1.0387930784561352	0.9077953688476246	0.798376750542465	-5.456202030229352	0.6197576126868535	14.797834392253383	1.0
1225000	-19.90393839016779	-12.216476765654654	-7.687461624513136	-11.905896452234504	-0.31058031342015013	0.555254086764748	1.5041492851676936	-3.6148789099108756	-3.3542394117464616	1.5252753443685636	8.887139653533492	1.0
1226000	-18.72749903169608	-10.845413786166688	-7.882085245529393	-8.497706748549355	-2.347707037617332	1.1169085593333694	0.6510599886101135	1.0982783742329632	-2.064526505832837	0.4002467458548283	0.7108276969839795	1.0
1227000	-15.636202989880063	-8.54064677942907	-7.095556210450994	-7.8777549126494995	-0.6628918667795696	0.7869339388631162	0.4706409708171691	1.2150068992388874	-3.1831758145179836	1.7971163956985567	1.5573870253518696	1.0
1228000	-12.409293546274931	-4.860825356589472	-7.548468189685459	-7.877544013570216	3.0167186569807445	0.9589247918898329	0.947615332566187	0.27356007402909366	-5.341530115704964	0.869536087677404	23.950458102605573	1.0
1229000	-11.39936876561198	-4.131108290315965	-7.268260475296015	-7.917440713674721	3.786332423358756	0.9978685140131089	0.33936271269155294	0.2542919734539576	-6.556066988318793	1.5774411843705638	40.486637482806486	1.0
1230000	-15.42792183777033	-7.849395456049217	-7.578526381721114	-9.659577716359244	1.8101822603100275	1.5312542871438202	0.4533293601609668	0.6734456591934701	-4.560737853790703	0.5473224473727681	7.215736756678562	1.0
1231000	-11.947602645247041	-4.90200716900458	-7.045595476242462	-9.15498587949931	4.25297871049473	0.5759256906701975	0.4087410035556779	-1.1596822719990358	-7.530033623811493	1.1690982541220647	30.303455206612327	1.0
1232000	-11.449329524271604	-4.0609050738203925	-7.388424450451211	-8.160929969986267	4.100024896165874	0.6170684179647656	0.5575228564366588	0.2503843328266646	-6.654789411572435	1.0904399319482148	58.01195956141628	1.0
1233000	-14.34898842321974	-4.9048799548962885	-9.444108468323453	-8.1184083285944	3.2135283736981117	0.5666457901702314	0.8076478570577401	0.9313322427799193	-5.215598652328681	0.8962821284058201	2.7233091990194014	1.0
1234000	-11.613065998664187	-4.346652599146705	-7.266413399517481	-7.869244150762057	3.522591551615352	0.8407793970358329	0.6659017511124566	-0.00623618673819748	-5.484569642291999	1.631032283961863	8.092172499975764	1.0
1235000	-12.555724561832669	-5.463841752928107	-7.091882808904563	-7.874546547377406	2.410704794449299	0.9527782028121976	0.8878061743902189	0.32514983432967326	-4.475136757906148	1.4566350135042851	12.105335877001748	1.0
1236000	-13.267216208375272	-7.075068734612823	-6.192147473762449	-9.764701239520491	2.689632504907668	0.31815824565633527	0.24340079411994994	1.1484477485389801	-6.348305472882458	1.224699847362168	27.6135663721257	1.0
1237000	-13.002399646380034	-6.669559581134089	-6.3328400652459464	-8.01983195247242	1.350272371338332	0.7269736351986151	0.4901287469885661	-0.10032828535013127	-4.177962781518767	1.4132310447066083	21.22709385089083	1.0
1238000	-11.84309657787185	-5.003845932536974	-6.839250645334878	-7.832355649548864	2.82850971701189	0.7815585182741465	0.32235590594267466	0.9780011680702343	-5.8363709056336965	1.151126004343902	10.610050038325708	1.0
1239000	-15.865900562091973	-5.997195001774409	-9.868705560317565	-7.863800902739483	1.866605900965074	0.783996109578732	0.7255255826222121	1.1612831136168955	-4.097441136118347	1.137329586853059	1.4652236698678542	1.0
1240000	-12.004508566630395	-4.9333822058842385	-7.071126360746158	-7.938698711496355	3.0053165056121163	0.7309265403649798	0.5088465136177411	1.569827352878601	-5.2013544954758135	0.8910848229009826	8.263997162780415	1.0
1241000	-14.822769432854534	-5.740099525855424	-9.08266990699911	-8.903433323659193	3.163333797803769	0.6737889066497491	0.1984790194263299	-1.379615793349991	-7.221449216771208	0.7167277388527457	6.661376486960298	1.0
1242000	-13.551044173314498	-4.764288091615121	-8.786756081699377	-8.426612828699636	3.6623247370845142	0.5388367674902645	0.6361312683956782	0.343950003989689	-5.6634665004449785	0.466523993043864	4.896602664019842	1.0
1243000	-15.70731193925343	-7.8416832014692615	-7.865628737784167	-8.53012918455605	0.6884459830867877	1.3649006761051552	0.5607054102538199	-0.7375070910801333	-3.6443677212349805	0.2782928462908378	6.732651628645377	1.0
1244000	-14.115038495584658	-5.987063464109825	-8.127975031474833	-9.807831526666858	3.8207680625570326	1.6263436801810671	0.6390475817835087	-2.257976778805319	-5.930102700611333	0.7803342496452481	16.300354599082947	1.0
1245000	-12.289600242542049	-4.7515528559148414	-7.538047386627207	-8.381929598661236	3.630376742746394	1.1974287127094019	0.5185805112897626	-1.1965323299364772	-5.7356316557599705	0.7753335775082086	14.28668786135918	1.0
1246000	-15.582440004966168	-9.08158933029582	-6.500850674670348	-8.820911412081301	-0.2606779182145198	0.4997022688637223	1.196998147685146	-0.01760049583321388	-2.9991821112371877	1.204693461786625	1.9249629938870476	1.0
1247000	-16.372599294245504	-8.748656567942449	-7.623942726303055	-7.894679224408806	-0.8539773435336429	0.9803224249153619	0.6536514862856443	0.18505315411856393	-2.729326695829571	0.5060066000241711	1.0563922839163715	1.0
1248000	-12.82863010472068	-6.3153954723439085	-6.513234632376772	-7.832830747217386	1.5174352748734776	0.8629063492604548	0.6151069505140362	0.20033844954095792	-4.007027881452551	0.9442695856283847	5.536474386578523	1.0
1249000	-13.136310840302931	-5.986954407479827	-7.1493564328231045	-8.400838828868224	2.4138844213883974	0.4633409280692424	1.1333496834510939	1.539348741306542	-5.128942445672763	1.6491492588378618	12.056876268993033	1.0
1250000	-13.355269057382714	-5.4938808355794295	-7.861388221803285	-9.657928773947903	4.164047938368474	0.4811016897665914	0.3963945942733968	-1.0432222694377395	-7.798443744778941	2.365858824742708	8.878672081545323	1.0
1251000	-13.347687195348353	-4.115799509062657	-9.231887686285695	-7.842445063446326	3.726645554383669	0.7605766166759416	0.5658861335176439	1.0871744286940899	-7.364644235922275	0.2613215998370152	37.51392638275461	1.0
1252000	-11.96851859701307	-4.604676865574025	-7.363841731439044	-7.828831087975956	3.224154222401931	0.8806219786303601	0.6229360931313712	0.30003958076314863	-5.190345152743863	1.1208629160234802	5.885083965180533	1.0
1253000	-12.635583256303637	-4.678343237191784	-7.957240019111852	-7.94173686603094	3.2633936288391556	0.9863610859398926	0.16335618222293677	0.5310323941223909	-7.841161953564623	0.9920698025622265	12.79395882671292	1.0
1254000	-16.193468308738932	-9.091565145127468	-7.101903163611464	-8.785202663981424	-0.3063624811460439	0.3766353558826696	1.1214104899689625	3.3949024154487346	-2.9204558074993257	0.6239780340333018	6.8809647476878615	1.0
1255000	-15.074834422465894	-9.058376001019909	-6.016458421445986	-7.830209275222172	-1.2281667257977364	0.7425816922941915	0.6987869579015136	0.9402315668448525	-2.5094687590094096	0.754512929423691	1.9086656408517486	1.0
1256000	-15.32056852233454	-6.549016465727559	-8.771552056606982	-8.174681529733245	1.6256650640056867	1.0533655190478326	0.23738055797254484	0.8473169206972408	-5.7028418382064565	1.495403508763251	3.6915362113513823	1.0
1257000	-12.95845186742654	-4.241137611570942	-8.717314255855598	-7.951556707373843	3.7104190958029015	0.6308190896944535	0.6480676162444591	1.6100720701438214	-6.9257348987008145	1.3746638373989253	6.506922947933428	1.0
1258000	-19.537634171812787	-11.837411700614492	-7.700222471198296	-9.967296761556103	-1.8701149390583884	1.7354156576219038	0.6568127781048557	0.11589102695241177	-2.2655463293954945	0.5915476918030615	0.6802578202824651	1.0
1259000	-16.89441980045011	-7.006398134133317	-9.888021666316794	-8.166365413622264	1.1599672794889475	1.150162983691023	0.9811792284401308	-0.7168470930290565	-3.648703109278122	2.5247756419252707	1.7434286664674274	1.0
1260000	-12.558225644243512	-6.113898523611425	-6.444327120632087	-10.090505197111796	3.9766066735003704	0.23762952357063202	0.23026516987123663	2.8457657191983783	-9.003287444637472	1.7534901862198848	28.749293346882478	1.0
1261000	-13.059498808420553	-4.437075695099831	-8.622423113320723	-8.041066487653168	3.603990792553337	1.0506918498318683	0.14546746644697695	-0.5914153517567577	-9.962400169941649	1.101430991917877	17.966825661691544	1.0
1262000	-11.216792252628403	-4.363535265219996	-6.8532569874084075	-8.575847593595507	4.212312328375511	0.42285314815787883	0.27806123922333525	1.7429017882497708	-7.648065293916711	1.75641183388554	13.200894226980708	1.0
1263000	-11.960252269825993	-3.8724666983016895	-8.087785571524304	-8.018341822693078	4.145875124391388	0.6529195330783164	0.47268330584024615	1.9296238543180295	-6.562977763522381	0.7940444444983241	8.489740952480906	1.0
1264000	-12.557926852219918	-4.772563367661176	-7.785363484558742	-8.646135234188154	3.8735718665269783	0.84110327260362	0.5974521800256618	2.320688667263746	-5.9851084899414415	0.910531946537802	61.14248639170538	1.0
1265000	-14.334372527080982	-8.002526466536914	-6.331846060544068	-8.0398420701744	0.037315603637487094	0.8521619515122244	0.6015416997788177	1.4445520318686822	-3.234162414242639	0.847604274319102	4.179770062171399	1.0
1266000	-13.438194722320581	-4.510779209363025	-8.927415512957555	-8.725913090128387	4.215133880765362	0.40883305039573964	0.47410825235529397	3.472336800205663	-6.791950997179864	1.4683389277343928	6.126718627450847	1.0
1267000	-13.703305457640091	-5.713567926769393	-7.989737530870698	-8.991511265616234	3.277943338846841	1.3563363125842156	0.4755827182219466	0.6879476541467486	-5.510151273799339	2.0715062078171065	23.535212061709544	1.0
1268000	-14.901162722792716	-8.38763952414866	-6.513523198644055	-9.025228070740823	0.6375885465921627	0.5327482804551388	1.0820171684361277	-0.6559852759378991	-3.3993106950032534	0.8298619912937691	3.5117322339695933	1.0
1269000	-18.497002270859916	-13.280142044345286	-5.21686022651463	-8.03925635313424	-5.240885691211046	1.0020745468855188	0.9862848833542416	0.7843976546820353	-0.8651290161977546	0.48821224315068246	0.32496483207447274	1.0
1270000	-16.725442457954827	-11.903614607313653	-4.8218278506411725	-8.209165071366172	-3.6944495359474816	0.7163754457914702	0.4587098869286547	-0.4910029288718785	-1.83950284625506	0.8591177726351641	2.7504047461264536	1.0
1271000	-10.821128552308888	-3.948021951113458	-6.873106601195431	-8.060999760596188	4.11297780948273	0.6533211978931495	0.512642818858053	0.24248571954439269	-6.467656665522837	1.456299193503159	15.638729349609944	1.0
1272000	-12.350802939452086	-3.9484928286263443	-8.402310110825741	-7.8352724144276555	3.886779585801311	0.7293509511911285	0.5804663530119818	0.8146024549172737	-6.0022040745992635	2.099800316469922	4.964111600808728	1.0
1273000	-12.992035918089906	-5.851467231603502	-7.140568686486404	-8.387045510730188	2.5355782791266854	0.4683895604567414	0.9045749446896808	2.758878107460312	-4.597743741936888	1.9117743820215318	7.17625816306739	1.0
1274000	-13.08172731304052	-5.253533333296078	-7.828193979744443	-9.376547171257183	4.123013837961105	0.322769328425827	0.396959271135968	1.8182793601386793	-7.857937807893045	0.5904486557983409	25.749714284381117	1.0
1275000	-13.756852275293848	-6.407460507192013	-7.349391768101835	-8.028200145466272	1.6207396382742587	1.08727754831348	1.01500049928088	0.10909934994463888	-3.969662940718406	1.3929034285121362	4.56299271737593	1.0
1276000	-16.16646152605307	-6.918182045729157	-9.248279480323912	-7.981950985402293	1.0637689396731362	0.6159416306334163	0.738375662096001	1.7353873661876635	-3.6143265186716214	2.0994147339107854	1.4080447238498441	1.0
1277000	-14.911706880070827	-8.168830143018287	-6.7428767370525415	-8.6868994702297	0.518069327211415	1.018266145702941	0.905436836819299	-1.8214640000376305	-3.2671726940920367	0.9765312672566423	5.456793869006712	1.0
1278000	-12.691113576758589	-4.505238297637693	-8.185875279120896	-8.557651132393195	4.052412834755502	0.658016612857923	0.4319837888832767	2.850109663595699	-6.476553816518606	0.46162788470410054	17.25966508879697	1.0
1279000	-12.712899508166885	-5.346942641881216	-7.365956866285669	-8.390574875174945	3.043632233293729	1.202357516869257	0.64284469154017	0.5082159805175264	-5.012913288488831	0.8518822738021363	20.280492622509325	1.0
1280000	-13.14440937657249	-6.627694477096965	-6.516714899475526	-9.555367488737414	2.9276730116404495	0.45637081193348306	0.42566943602916907	-0.6632719805619927	-5.399961016746974	1.3288571654596881	41.05321894262179	1.0
1281000	-11.456439110308978	-4.859470743260101	-6.596968367048877	-8.359451875932876	3.499981132672775	0.5265116471967741	0.3872347545333264	0.6510918505031623	-6.026158952888102	1.2729080940273736	34.88215411800989	1.0
1282000	-13.292711050284755	-6.15282074371272	-7.139890306572034	-10.123695855308096	3.970875111595376	0.618671975899536	0.6110650255141445	-2.44566249201862	-6.267563560037449	1.0929072041396715	27.270679426232782	1.0
1283000	-15.059067651915191	-7.7245195170593455	-7.3345481348558454	-9.3525262706125	1.628006753553155	0.2916813745288508	0.721081410038425	2.9482164017951766	-3.953417229439076	1.9359700531930804	115.84271299554761	1.0
1284000	-11.825093387056343	-4.848928072073813	-6.976165314982531	-9.026817095917629	4.177889023843816	0.3328715859408457	0.39661310435149855	3.663723451489197	-6.816026724291055	1.6443462126341084	12.389562450874491	1.0
1285000	-11.18899013634013	-3.7643530321774064	-7.424637104162725	-7.927530593526349	4.163177561348943	0.7921038237527929	0.4171205577034191	1.3745966249773658	-7.674657353815662	1.4665030686596907	17.994497843976827	1.0
1286000	-15.517750990803687	-7.884620691063757	-7.63313029973993	-11.407855688032338	3.523234996968581	0.5092966046259088	0.6078182480943755	5.3029831570208295	-7.333016566836583	1.0795622429181486	52.87975306537474	1.0
1287000	-16.657682698661333	-8.124809600142584	-8.532873098518747	-10.463953253570576	2.3391436534279926	0.5586970044505515	1.1172885909982357	-2.4652981618191725	-5.850476636108785	0.6982445245962646	99.95960260246157	1.0
1288000	-11.803250762333288	-3.781049619129023	-8.022201143204265	-7.8518464082909105	4.0707967891618875	0.7252118471414115	0.3210798606522484	1.1626038746292486	-8.363141587633892	0.6709372399339881	23.0500020397969	1.0
1289000	-12.8410977949513	-4.688038459691375	-8.153059335259925	-8.198412597670975	3.5103741379796	0.8012451976209134	0.5190119857567097	1.9097935824057255	-7.777323399895035	1.4513158631864227	12.095311848851786	1.0
1290000	-12.888772974189456	-6.030973309707883	-6.857799664481573	-7.946711463477468	1.9157381537695848	0.9790297811613217	0.27421310107806146	-0.3617056106955648	-5.563038682209748	1.5167120421929963	8.66945866569397	1.0
1291000	-15.206684296494535	-7.415229807479795	-7.79145448901474	-11.077205803437167	3.661975995957372	0.3046143880667645	0.24839435308037014	-0.42892765065619154	-7.125957453075532	0.6749937062240556	10.384010293284602	1.0
1292000	-11.725127251716764	-4.6654889530938615	-7.059638298622902	-8.400416723309915	3.7349277702160535	0.5263794523566607	0.5527618174785519	2.9192496334333615	-5.800643187021417	0.9306013684261845	26.611762232923617	1.0
1293000	-12.00270785684653	-4.9948510707628015	-7.007856786083728	-7.857226835831109	2.8623757650683075	0.7149652702764902	0.44228291056030944	1.1920085911878322	-5.291240158286251	0.8280039413653971	8.961490720751286	1.0
1294000	-16.00981198673884	-5.07239174842259	-10.93742023831625	-8.168064436882046	3.095672688459456	1.13670480440696	0.8990663048991807	-0.7817521858801781	-5.267447068617066	0.8561863516077226	2.2786186496895793	1.0
1295000	-13.609549334169447	-5.857252693860144	-7.752296640309302	-9.829688950273777	3.9724362564136326	0.9771366034464553	0.24264259177850708	2.729909307318681	-7.568333119899192	1.5617387902703552	14.56211172235553	1.0
1296000	-11.31119548468725	-4.203955914156388	-7.107239570530863	-8.37540882074118	4.1714529065847925	0.45179879764785985	0.21853038644067843	2.1322075704087124	-8.506701294881143	1.111326180847807	26.08876218057637	1.0
1297000	-14.376932746347325	-6.691854335109014	-7.685078411238311	-10.526047470786374	3.83419313567736	0.3529054795651937	0.2440431811830705	-0.5742803701138866	-9.073524446022535	0.7026533634203849	42.51757282980346	1.0
1298000	-14.059596210256109	-5.309185731767634	-8.750410478488474	-8.113186210522255	2.80400047875462	0.9059407316230745	0.46097363397185065	1.3810959712921498	-5.186178674352869	1.1791380086517544	3.2309026640548324	1.0
1299000	-12.837063645893798	-5.023217369733954	-7.813846276159843	-8.573710556282023	3.550493186548069	1.2865486621361373	0.5644035970704384	0.3990053343429106	-5.57624195897572	1.5284133364930048	8.33404656802845	1.0
1300000	-14.018945393814128	-5.068108943395146	-8.950836450418983	-8.194731353836332	3.126622410441186	1.070186848733608	0.7220485148240993	-1.006686339004793	-5.054559957842265	1.44183510108018	3.254673251709781	1.0
1301000	-13.625836319856552	-6.215856370524087	-7.409979949332465	-9.501182716699551	3.2853263461754647	0.2928833522486876	0.8801628679288633	2.3750114741963517	-5.746756723043426	3.306080533764736	12.213787089164457	1.0
1302000	-14.670391202605499	-6.110914269728362	-8.559476932877137	-8.114540088071893	2.003625818343531	1.0150992775716308	0.45239631591626217	0.9051983779954512	-8.779553082802696	1.2112804733967266	161.86758141072593	1.0
1303000	-11.948640147987104	-4.499416062210769	-7.449224085776335	-7.945318336572473	3.4459022743617043	1.030590930868093	0.7397851546417077	-0.013413524227968376	-5.438079660265164	0.7344431083943671	15.008077438857397	1.0
1304000	-15.208469363709135	-8.088778844814591	-7.119690518894544	-9.867840273061713	1.7790614282471222	0.964490900237798	0.4630045355068092	-2.9372716498737734	-4.510264983895116	1.0090650161632768	8.322528051144348	1.0
1305000	-13.495373875121647	-5.590650488257676	-7.904723386863972	-9.204001471346004	3.6133509830883273	0.9333136487261632	0.20948698144003894	-2.337866072146729	-7.513857007955535	1.6069024462826358	11.208063509757041	1.0
1306000	-13.806585865642173	-5.7619203599912305	-8.044665505650942	-8.055081760341109	2.293161400349878	0.5701569920174288	0.6450312589076491	1.8942626074893507	-4.449077306235702	2.3522392200798024	2.9359747965626704	1.0
1307000	-13.199988936002914	-4.302539933972817	-8.897449002030097	-7.9737989102025875	3.6712589762297707	0.9633756551022108	0.6812086658530259	0.7948653995989713	-5.712926025224967	0.5559023695881858	4.9268719479910414	1.0
1308000	-13.10771251990024	-5.55851582474215	-7.5491966951580896	-8.41893539715502	2.8604195724128694	1.1505825923460633	0.6634515856335234	0.8278438456170181	-4.84416263205623	0.7394155708361023	6.239808472987942	1.0
1309000	-12.334062080682143	-5.076928948964023	-7.2571331317181205	-8.267169581490085	3.190240632526063	0.510553361261233	0.6170354457814856	1.1812000189505	-7.526696383361186	1.1165232938082748	34.16809705809225	1.0
1310000	-11.570209685399156	-4.563145736259754	-7.007063949139403	-7.979435763576262	3.416290027316508	0.6103011549535647	0.7748531458818332	1.0567469049234335	-5.455609343381566	1.0463407617940481	10.768825594778235	1.0
1311000	-12.439634940440104	-4.816539760483178	-7.623095179956926	-8.515343567164294	3.6988038066811155	0.5618477045419485	0.5389741297318278	-0.0649539509607223	-5.77606973069199	1.2721290685630127	5.178514224594821	1.0
1312000	-13.014906719399168	-5.031779210231325	-7.983127509167842	-9.00466004665201	3.9728808364206847	0.8250502644657355	0.4063113537669261	2.700048952050433	-6.451587927986239	0.5218247056536288	22.176922509042168	1.0
1313000	-17.639421568129734	-8.843104923758387	-8.796316644371345	-10.575775224221086	1.7326703004626989	1.4832339726234647	1.2041070592478151	1.5126445633082302	-4.350998194661984	0.4206624406059789	3.866972854533655	1.0
1314000	-11.860240817258704	-3.8224822221637798	-8.037758595094925	-7.913796368352095	4.091314146188315	0.8550964218341374	0.5551013155261294	1.1079111474103742	-6.8070332685527974	0.6355270884786517	12.956973874666012	1.0
1315000	-18.255701250374347	-15.444344737450145	-2.8113565129242013	-10.4075363634606	-5.036808373989544	0.3200000541777625	0.7776790794284228	0.13473799927748342	-0.9151306329501625	2.108328729350031	0.42244010170335816	1.0
1316000	-17.24524571351138	-13.496150232375594	-3.749095481135784	-7.9102582505494485	-5.585891981826145	0.8944345424025297	0.8012590403803679	-0.2531703597444292	-0.7127313655525004	0.535423933107028	0.2579484715617791	1.0
1317000	-20.200720133857917	-18.416178093313817	-1.7845420405440984	-9.793453086034084	-8.622725007279731	0.37285811805157504	0.8255203031444117	0.09095961152763077	0.2994239542525759	0.5083360801150143	0.04691463228637939	1.0
1318000	-18.28290608819224	-15.246762988486378	-3.0361430997058623	-7.857335285024464	-7.389427703461912	0.7299136814518522	0.9964449053471024	0.5339897165413283	-0.16066931314368205	1.972842137444798	0.1331832233804059	1.0
1319000	-14.46908583486651	-5.830349192064723	-8.638736642801787	-7.8124527858653465	1.9821035938006233	0.8113960005512828	0.5494147010992311	0.6086668473559673	-4.40575560361264	0.22870051607041644	21.933805791443003	1.0
1320000	-12.18723770848316	-4.0716386518502325	-8.115599056632927	-8.221634701925218	4.149996050074986	1.1350765501083033	0.2593187859388884	-0.9542645256746859	-8.585154703663784	1.9523647877954473	86.80257473224897	1.0
1321000	-14.032499498858517	-4.690297470413043	-9.342202028445474	-8.12048542002678	3.430187949613737	0.8588454314766777	0.7477320847297922	1.5754609863890339	-6.693967115243912	0.683689708928086	6.184488384140321	1.0
1322000	-14.448076656357744	-5.461200451229253	-8.98687620512849	-8.389115895085247	2.9279154438559942	0.9668026280545086	0.9604072241897701	-1.3846900390373011	-6.035139606252705	1.1477450741327035	5.450909922569771	1.0
1323000	-11.8594733166976	-3.787810947776822	-8.071662368920778	-7.895740507861973	4.107929560085151	0.8038463976043304	0.5531881013373917	-0.022585323919728895	-6.666517036150482	1.1102588235365844	7.662726585362523	1.0
1324000	-14.436412429918093	-6.467822170851019	-7.968590259067075	-9.284038239312821	2.8162160684618023	0.3268975004966836	0.5530483669147056	4.3523449143796356	-4.96055059011992	0.5369229327536845	10.6065327306975	1.0
1325000	-11.75187897084542	-5.024609464502882	-6.727269506342537	-8.484682308357042	3.46007284385416	0.4559456385834486	0.7302053143529879	1.3582071278618655	-5.4459412261100555	1.1871919140703948	11.143120004267029	1.0
1326000	-12.714959735068243	-3.9655562289000503	-8.749403506168193	-7.923252250238165	3.9576960213381147	1.0102364955423997	0.6013005012340159	0.08151144198547342	-6.180468125143758	0.530645977833027	6.57339388370364	1.0
1327000	-11.757613001589338	-4.5186868543209	-7.238926147268438	-8.14872382020463	3.63003696588373	0.5238833143702032	0.7240338898391794	1.991525164532966	-5.729283474421594	2.369915082005034	9.69203027197269	1.0
1328000	-17.214692342666822	-10.10439773835505	-7.110294604311774	-7.847219893375725	-2.257177844979325	0.7534214877439113	0.9741757429884207	1.128591867383212	-1.987313767162184	0.444658843747535	0.8610799362198861	1.0
1329000	-15.493586739411613	-4.969182026554771	-10.524404712856843	-7.826617328044631	2.857435301489861	0.7622108667261873	0.1250847309308329	0.9374608962402495	-8.229026056204901	0.15827895104422274	86.87918227547586	1.0
1330000	-14.725709515834668	-5.694385317337543	-9.031324198497124	-8.838512506680091	3.144127189342548	0.43848113273432593	0.5988781221580266	0.7233447541808733	-5.146420506372017	0.683697787007836	2.8981649202265642	1.0
1331000	-12.516847401021984	-5.028290129041432	-7.488557271980551	-7.88136343160922	2.853073302567788	0.6738952077848916	1.0144157295497171	0.9582502972225412	-5.476737605619345	0.6911758362101298	13.761770577361446	1.0
1332000	-13.149133755467005	-4.453682282652868	-8.695451472814137	-8.238674234369952	3.7849919517170845	0.6132729823424492	0.6683238530762834	0.08591834019580444	-5.917743729712584	0.816198638986479	4.485478812607622	1.0
1333000	-11.057887966674226	-3.972318740035865	-7.085569226638362	-7.8633963187134395	3.8910775786775744	0.691347810422254	0.3985440633891809	0.9233893182169253	-6.379643221568468	1.327354997970707	53.44512284163659	1.0
1334000	-11.130104543542473	-4.105238801235171	-7.024865742307301	-7.82364847675157	3.7184096755163996	0.7583778951743868	0.6032687089111693	0.8796546040212836	-5.742188011395585	1.3134356161918292	10.76257734261315	1.0
1335000	-13.025801002441895	-5.392266641706857	-7.633534360735039	-7.925056080826278	2.532789439119421	0.6471385630044006	0.6786800039818318	0.9084723243319746	-4.5821629907635	1.0023050760629146	3.341888715046427	1.0
1336000	-14.259284519797138	-6.639387523087599	-7.619896996709539	-9.276273223051497	2.636885699963898	0.5479419887450868	0.7638742044372385	3.9108097016429437	-7.224600151541324	1.0857429259389342	31.096616131921273	1.0
1337000	-11.745790466547774	-4.609059303356284	-7.136731163191489	-8.0974287667987	3.488369463442415	1.0369490593376336	0.28105977254303705	0.7528166213309992	-6.663511556580156	1.6465340177490702	19.19197761045044	1.0
1338000	-14.652606615424155	-7.953606037034438	-6.699000578389716	-7.989642651473909	0.03603661443947104	1.041557600384562	1.0278504415981866	-0.38369033453421153	-3.044564613618553	0.6019249561009415	3.4774483444929905	1.0
1339000	-11.835462119586918	-4.246081383856874	-7.589380735730044	-8.338637249248842	4.092555865391969	0.5442909941918121	0.230438049239695	0.49676431123636433	-7.93142765785577	1.2815819865090052	11.08150048505112	1.0
1340000	-17.059214598160175	-9.48112998720011	-7.578084610960067	-8.936409030287585	-0.5447209569125238	1.5265574011981689	0.6189687651005883	-0.5461065910495962	-2.9220728094811435	0.5363005601756291	1.5058931506601085	1.0
1341000	-13.567977922779596	-4.961172307996721	-8.606805614782875	-8.012065164753084	3.050892856756363	1.0449059704897086	0.24805142774784586	0.4270548787185823	-9.558537214191732	0.6931541178007419	22.68075017236634	1.0
1342000	-11.660899189128045	-3.6004788798905585	-8.060420309237488	-7.832418170567807	4.231939290677248	0.8588647021356784	0.43036352843461256	0.20407296863562885	-7.43804081852908	0.5592533529712633	22.98561219372098	1.0
1343000	-13.183053023847906	-5.188034059527087	-7.995018964320819	-7.836732494251546	2.648698434724459	0.782631098062233	0.09704614379741418	1.0093404839612696	-8.799843872599983	2.4598676938593234	11.795127801803426	1.0
1344000	-19.598263641396997	-10.997447534078798	-8.600816107318199	-10.22651097288474	-0.7709365611940591	1.9550681588888943	1.494287307047655	-1.3126502575693504	-3.069670256671506	0.20319488441556538	3.338275246650463	1.0
1345000	-13.555047585605275	-4.029669454625044	-9.525378130980231	-7.952536972306149	3.922867517681105	0.7992664830729879	0.632345696384875	1.42381438980053	-6.613656634456536	1.1185855832312646	4.833172625444524	1.0
1346000	-11.569080840342977	-5.177109054315129	-6.391971786027848	-8.25876532960724	3.0816562752921106	0.4849789269148063	0.5842919350589314	2.146811968357209	-5.114062835301408	1.651881802879196	22.10403172497353	1.0
1347000	-12.192782767390007	-4.413626247716699	-7.779156519673307	-8.678286669828463	4.264660422111763	0.46979253229054796	0.44558751570612576	0.6182054500816568	-7.081135951747105	0.5543009710701287	20.408231471318143	1.0
1348000	-11.021811281227837	-4.307098926507775	-6.714712354720063	-8.111726251388177	3.8046273248804017	0.537743966706629	0.37611754478245807	1.5833554030605572	-6.380545790664421	1.4661177544766018	11.759684135639734	1.0
1349000	-13.828019910776147	-5.1922404139210965	-8.63577949685505	-8.527200567281442	3.3349601533603455	1.198010754882944	0.7617776288979182	-1.4816263027704593	-5.312047745065394	0.330932354812676	31.800200228050645	1.0
1350000	-13.34362432053945	-7.437432267916164	-5.906192052623285	-8.6761696244699	1.2387373565537354	0.5422704894622802	0.6137895913408616	-0.18435525708629008	-3.8495460655645384	1.2407133982289806	5.348316906665394	1.0
1351000	-11.30911683656263	-3.8091430412103042	-7.499973795352326	-8.059393120867902	4.250250079657598	0.9370412560657765	0.408903187137218	1.1437767100322178	-6.955753524575108	0.9655947645547382	38.11249735079266	1.0
1352000	-15.070333239956414	-9.152997372879458	-5.917335867076956	-9.348912277635694	0.19591490475623718	0.5718607132839664	0.5805570948914994	-1.375409176022102	-3.350504681060846	0.9884461046969516	8.696593167344929	1.0
1353000	-15.514224606134988	-5.329041445109468	-10.18518316102552	-8.92401223230559	3.5949707871961216	1.3267864660419328	0.29880770960977665	-1.8584710181538866	-6.628079033463914	0.29621708350794246	6.715564565311395	1.0
1354000	-14.82444609384316	-5.578268276871025	-9.246177816972136	-8.174402640443962	2.5961343635729364	0.9140699929224658	1.0871194304698395	-0.9661740966662472	-5.289939671512576	0.32268935676985633	5.001918325419417	1.0
1355000	-14.686101011716504	-5.822025440573425	-8.86407557114308	-8.379373136725512	2.557347696152087	0.5313761897200572	1.095209832731517	0.5406003061641126	-5.576376474295884	0.4523873366244843	5.106390328460513	1.0
1356000	-12.853337504853123	-4.957845335060858	-7.8954921697922655	-8.27897062026948	3.3211252852086215	0.5471540170524317	0.8506736763746129	2.6523816125056485	-6.1461944093796435	0.8257793698755549	65.13660878898108	1.0
1357000	-11.331947029914684	-4.703231821902075	-6.628715208012609	-8.709441254133083	4.006209432231008	0.3827399471623662	0.19507528575915384	2.3593286176279733	-8.305376990052807	1.511267811098787	23.483067268003936	1.0
1358000	-11.825647548249252	-5.200494267019933	-6.625153281229319	-9.217522946712386	4.017028679692452	0.3239023612086974	0.2220315657598667	4.185123086522847	-8.99137612903637	1.8874198390877415	30.64548098118228	1.0
1359000	-12.122846007613358	-4.287756899539318	-7.8350891080740395	-8.317789901597838	4.03003300205852	0.47604883226244754	0.5259821565898491	2.5007184628850103	-7.213263589741175	1.3071572052772165	9.967296640473919	1.0
1360000	-12.162061384084694	-4.880561398841818	-7.281499985242875	-8.267156184282815	3.3865947854409963	0.48641030635633314	0.3554743899325825	2.3130752514593422	-8.70306201495042	1.3478881535931235	22.776445129685545	1.0
1361000	-11.699671439804584	-4.183067714458805	-7.516603725345779	-7.916042436214537	3.732974721755732	0.9941977396807595	0.6688601037803067	0.28830132836197137	-5.806340921402778	0.9365018434273241	10.034390693487484	1.0
1362000	-11.30988041987366	-4.027455227031781	-7.282425192841879	-8.10876113686794	4.08130590983616	0.5372494945361935	0.507431696813432	1.7039712652083838	-6.389399641585277	3.75523571313006	14.929315435803948	1.0
1363000	-11.573725092876415	-4.287550793642426	-7.28617429923399	-8.070780172077665	3.783229378435239	0.9221390289175951	0.5865461759117763	1.2316790525472103	-5.838157228344319	1.405777509633308	31.02939944263046	1.0
1364000	-12.635553296993438	-4.903436649492253	-7.732116647501185	-7.851677569042076	2.948240919549823	0.9148276885286892	0.23959043839548397	0.11075263168268401	-9.669767966089422	1.592407607906356	83.80400687724186	1.0
1365000	-14.237626157756482	-4.188211579988609	-10.049414577767873	-8.218819890203356	4.030608310214747	1.2027485007600653	0.5470684460361982	-0.6210649309780651	-6.278837995415859	0.31706445089043467	5.4263550879272815	1.0
1366000	-16.296577552809183	-8.623717073383382	-7.6728604794258	-7.938378158104354	-0.6853389152790275	0.7162000909928546	1.1760241453396894	0.219789491753479	-2.771134204918713	0.5081977342356528	1.1403289661281992	1.0
1367000	-12.956622987727796	-5.088841507826179	-7.867781479901617	-8.373979604308884	3.2851380964827053	0.4639565925683621	0.8420224513544718	1.6616867969992046	-5.4169466418071766	0.4362644125087804	12.92387005936002	1.0
1368000	-12.148856912334297	-4.7674260386854765	-7.381430873648821	-8.284113044917426	3.5166870062319493	0.4819015966784412	0.5074587648173549	1.7486778607807505	-5.643769782197612	1.3130837414373167	5.737760828159974	1.0
1369000	-13.045170506045363	-4.694279820763894	-8.350890685281469	-8.065143522982831	3.370863702218937	1.0951956310825421	0.30976752263905916	-0.5272739195403457	-6.346202611251902	0.7941979531926591	6.673838600684458	1.0
1370000	-14.16120079229703	-4.882398653205006	-9.278802139092026	-7.875299376994506	2.9929007237895	0.7911532011626576	0.7968562867329197	1.1926316302947608	-4.94834546413105	0.4007044779619468	3.4723206499946353	1.0
1371000	-16.002666246192813	-8.422219871351595	-7.580446374841218	-8.212334294676904	-0.20988557667469188	0.6653719987423253	1.070137543843641	-0.22221872381951885	-2.9394762744890133	0.30458054230975834	2.0518347351703183	1.0
1372000	-12.55043268553044	-4.256765706146544	-8.293666979383897	-7.940280490209519	3.6835147840629747	1.0108609903100931	0.17626321917192322	0.3155530173162161	-8.091072620429365	0.9410278090100006	147.69454620131094	1.0
1373000	-14.242371180719267	-6.535495798929176	-7.70687538179009	-8.89627643289632	2.3607806339671438	0.3703466295337114	0.8789014228257283	1.9085797384522725	-4.428811094730063	0.6433144595955594	4.249868090562471	1.0
1374000	-11.864518941930355	-5.2470672049681895	-6.617451736962165	-8.599959374456269	3.3528921694880793	0.5676684821423553	0.367327519875554	3.162373087996424	-5.992348159993952	2.312926673483719	42.90783819088077	1.0
1375000	-14.178289687598514	-5.987618398668257	-8.190671288930258	-8.532566219900861	2.544947821232604	1.3414536898530536	1.0967995149270187	-0.09215080459753133	-5.601137176146402	1.2403813650138515	14.065001195649243	1.0
1376000	-16.456500752042853	-5.886149246083086	-10.570351505959767	-8.051361770782982	2.1652125246998963	0.8982316973278096	1.2041630776025296	1.2895180836184514	-5.065630389535817	1.256664943469271	2.410518775502684	1.0
1377000	-11.580318029914425	-5.327221880940132	-6.253096148974293	-9.599447838153445	4.272225957213313	0.26488431046441113	0.4218548484027681	3.1975679094160476	-7.025703356273589	2.8040851181109105	17.83271409298769	1.0
1378000	-12.072812886169862	-5.364476277623206	-6.708336608546656	-8.79415912601957	3.4296828483963644	0.4558938109249919	0.40253970192389243	3.647375270997431	-5.896341506239734	1.22520171314317	18.039865414388707	1.0
1379000	-10.867806958394015	-4.272918700365861	-6.594888258028154	-8.2895687136826	4.016650013316739	0.5257551526743667	0.22088792587887537	0.8658588760944596	-7.911782745243413	1.9429802755331214	18.373673646196433	1.0
1380000	-11.480000616316655	-3.7168552962113512	-7.763145320105303	-7.999554973601149	4.282699677389798	0.6795690318420009	0.42107443821568036	1.8445933310200309	-7.291378251304616	2.022631694102772	10.128135136644877	1.0
1381000	-12.691340221316384	-4.1630392803977445	-8.528300940918639	-8.43558739601924	4.272548115621496	0.4473028657683416	0.41395320350265685	2.765557464666001	-7.420292919359119	0.7508183277071834	9.850353356361653	1.0
1382000	-12.788343698977013	-4.026652123453396	-8.761691575523617	-8.144909224127083	4.118257100673687	0.5253237685566365	0.2887499145738814	1.9832488260434267	-8.483780809871432	1.2130275574415825	9.265498320351425	1.0
1383000	-13.452651138966377	-6.626625777211349	-6.826025361755029	-7.8741742345377475	1.2475484573263982	0.870524484314937	0.2856240328139377	0.8897944195090329	-5.074817994722452	1.054249115596844	6.756571685961663	1.0
1384000	-14.694497968304477	-6.677997674347152	-8.016500293957325	-9.258287369912718	2.5802896955655665	1.4594590010012674	0.3137173661357924	0.5500334209775118	-5.715758921128762	1.3191570891918882	6.5627009792294615	1.0
1385000	-15.802370946093768	-9.657512506775756	-6.144858439318012	-8.398870551807063	-1.2586419549686934	1.0217557105513444	0.8864311159139278	1.3605684345122884	-2.409424984513813	1.1058532633131963	2.7909648431458196	1.0
1386000	-13.176599379788483	-4.3789960373415	-8.797603342446983	-8.228006677022865	3.8490106396813655	0.7960892567450829	0.3805194092686652	1.9728227828550753	-8.245641519069556	0.7375369924804023	11.981753638667001	1.0
1387000	-15.486224139426124	-5.721810491602547	-9.764413647823577	-8.599321166805701	2.8775106752031547	1.3841268735552972	0.9987451693185432	-0.9443534076086102	-5.339081526387697	0.653078525115983	3.429692812716126	1.0
1388000	-12.183762933839649	-4.27313190444044	-7.910631029399209	-8.093193640450398	3.820061736009958	0.5464605834915846	0.3715423023971785	1.879697490952932	-8.320129423478994	2.4399680926514606	11.441387382984773	1.0
1389000	-13.716839638510086	-6.960800598794751	-6.7560390397153345	-9.146087644274957	2.185287045480205	0.7404032674612564	0.8029784794232757	-1.9187060293456812	-4.279812563974328	1.4803408342345565	9.056775100089679	1.0
1390000	-14.433718532571955	-7.316283002437352	-7.117435530134602	-8.033684715579266	0.7174017131419141	1.0093694256251597	0.6705868704734255	0.7288501608627426	-3.4884948138347482	0.7952888353383977	2.4541391955432896	1.0
1391000	-14.991039737429686	-6.970094976101569	-8.020944761328117	-9.582366306727138	2.6122713306255694	0.2591195231195326	0.613263343836482	3.838514325863693	-7.8437191767401435	0.7689133551972755	18.363304840225975	1.0
1392000	-14.097026130133958	-6.600548307791762	-7.496477822342197	-7.826656144875803	1.226107837084041	0.8608622519070845	1.135756237362113	0.6159460800083432	-3.8167673197029686	1.885657171600473	4.518181724769563	1.0
1393000	-11.580304694933954	-4.019530290242306	-7.560774404691647	-8.331777721076453	4.312247430834146	1.0413056058453793	0.3136131280639058	1.1824026656350708	-7.753113863894632	1.8287997950328345	24.657860171202348	1.0
1394000	-14.955408066703407	-5.899333990321262	-9.056074076382146	-9.668187732230843	3.768853741909581	0.580955078853773	0.7072185102078111	-1.7972806642317838	-6.254844539273954	0.3650107402659329	89.67522664689179	1.0
1395000	-11.569882830202374	-4.245340050021399	-7.324542780180974	-8.100810163731328	3.855470113709929	0.7476164276210469	0.6723471470361398	1.9154912707960299	-6.330560243786866	1.8252051003205494	18.683842918333735	1.0
1396000	-11.315225933508316	-3.8486566886868117	-7.466569244821504	-7.96121284982597	4.112556161139159	0.7652391448262178	0.42323400270011	-0.10538020944647009	-7.718363853594944	1.84157358845335	15.527647730307164	1.0
1397000	-12.562345704728623	-4.602173747281769	-7.960171957446853	-8.537542214590975	3.935368467309205	0.4633310575058286	0.23707425735879106	1.0606331577500983	-9.013039294143915	3.642133382485932	10.940479870553874	1.0
1398000	-15.29030035435743	-8.734061394732901	-6.556238959624529	-7.816728984626361	-0.917332410106539	0.8261163150480656	0.6844984713182101	0.4194065532528999	-2.6656536525165437	0.47633428347082707	1.9951832970219674	1.0
1399000	-11.492735316055924	-4.4458595331350175	-7.046875782920907	-8.0718353557192	3.6259758225841825	0.8278925927162397	0.4258411118335938	-0.5984670903804536	-5.987334792842334	1.4496986261105493	9.748050476881728	1.0
1400000	-11.292522617856612	-3.8109989092311762	-7.481523708625435	-8.009796549189858	4.1987976399586815	0.778578392734519	0.4572469844067084	-0.29623249415355957	-6.7191807901248755	0.8443742807376976	13.83895164612049	1.0
1401000	-13.921706087473364	-5.696991175719443	-8.22471491175392	-9.273034188867092	3.5760430131476486	0.5058002613363766	0.7755700135440362	-0.7692010073020881	-6.177942569091314	1.0098789487822288	5.767156302589358	1.0
1402000	-11.938235154858162	-4.07400540564383	-7.864229749214332	-7.8432294549142565	3.7692240492704263	0.7816044110239417	0.48874111329435804	0.32114500618370756	-5.952288578909871	0.48420203628119063	12.119788314626994	1.0
1403000	-11.67354154553962	-4.036463665160108	-7.637077880379512	-7.964657520973872	3.928193855813764	1.0092164243050374	0.43008865392139445	0.4762816134205234	-6.308034470688833	1.790272637801686	56.39547433732986	1.0
1404000	-15.777669201657343	-9.030687957247956	-6.746981244409387	-8.276636854834342	-0.7540511024136138	0.7599875645341917	0.3308455731944783	2.1647842629935754	-3.7147582728062862	1.5724685606691362	3.121895462560281	1.0
1405000	-13.020541663461351	-5.378444080640283	-7.642097582821069	-8.27009000435819	2.891645923717907	1.2188914810999565	0.6958168212335151	-0.7699023013712669	-4.84891679622692	0.8720648527189867	32.945785331250555	1.0
1406000	-13.216494181612399	-5.178116655026976	-8.038377526585423	-9.40923812545331	4.231121470426334	1.4803277598514475	0.3938347903767938	0.6292299044629264	-6.94686621633693	1.2499577261101609	15.673890706873587	1.0
1407000	-11.47240662520478	-4.799322007243199	-6.673084617961581	-9.00238870108647	4.2030666938432715	0.49789141717858676	0.44669572782361716	-0.2986107133966487	-6.742676224223097	1.948167429240649	46.454796254593234	1.0
1408000	-16.06331849025826	-10.348694436019263	-5.714624054238998	-10.38355340783104	0.034858971811775774	0.24376600115804556	0.6345276451051077	2.0129608324794908	-3.183083587040475	1.7600480171366406	3.0022622507175973	1.0
1409000	-14.175757660810522	-5.75967996237808	-8.416077698432442	-8.590371114882789	2.8306911525047087	0.7213480532283365	0.11834097811699115	-1.155497747813286	-8.368205343090349	1.0929505379523548	305.31973169703116	1.0
1410000	-13.12860324524914	-5.228494139241011	-7.900109106008129	-8.89868772590878	3.6701935866677697	0.6594519477492616	0.43569856881732705	-1.3061053671341507	-5.996801212636392	1.0929092118506545	5.704005408543302	1.0
1411000	-14.059533353400763	-6.086751508045591	-7.972781845355172	-8.13751864793445	2.0507671398888583	1.137723092936202	0.9669567177658106	0.21824364874657148	-4.24679938241342	1.2583783411269824	3.2768657064063325	1.0
1412000	-13.188730475826391	-5.161295746404658	-8.027434729421733	-7.9328294035457105	2.7715336571410525	0.9870956126281413	0.5022475754532959	0.47909032926674344	-8.256923037621732	0.7888235022429673	30.22131963306923	1.0
1413000	-15.597905386390039	-7.3997508285710145	-8.198154557819024	-11.083810873347712	3.6840600447766976	0.7128462894465583	0.37525507214046305	-3.5093150269986397	-6.258018519287781	1.1252189993437323	7.73993017352003	1.0
1414000	-12.669093214280796	-5.119286187283418	-7.549807026997379	-7.88522779425197	2.7659416069685525	0.8041513598774125	0.48387711903719344	0.019251703525297037	-5.089397773939014	0.9720573888642142	4.450158223484163	1.0
1415000	-14.008780992756076	-6.648720846223166	-7.360060146532909	-10.457233105548742	3.8085122593255756	0.18773865485324476	0.17236442071829156	4.895067983724047	-8.34771748388799	1.6495411886241282	14.334211597390567	1.0
1416000	-13.764695722143182	-6.751204849075684	-7.013490873067498	-8.56909090757522	1.8178860584995356	0.4950653957437374	0.17396720393884124	0.5292627960448946	-6.566927229835872	1.150442253968887	83.66579745414774	1.0
1417000	-11.728771085849285	-4.090080979834289	-7.638690106014997	-8.044824103275712	3.954743123441423	1.0490894032442515	0.6288824258973023	0.5260609022642322	-6.3721812673523015	1.0200883070898492	34.11532948740679	1.0
1418000	-14.898113110304987	-7.426096766406112	-7.472016343898876	-9.07529444635017	1.6491976799440584	1.2288823491950307	1.0437745325462922	1.2976352957855255	-4.016450333630019	1.0243112211218257	16.89520774008891	1.0
1419000	-11.504505100396766	-4.098700957121803	-7.405804143274963	-7.864522504660721	3.765821547538918	0.6894691190022855	0.6778924884657602	0.9444842568894609	-5.900208171690504	0.6912865383698462	16.729290207933886	1.0
1420000	-13.89031477721666	-5.944908927846263	-7.945405849370398	-7.996720905990254	2.0518119781439914	1.0727754675517882	1.1892636786296393	-0.05716768525811247	-5.7772378177862045	1.0745893159026945	15.008757908085325	1.0
1421000	-11.502278572701828	-4.375310277887712	-7.126968294814116	-8.397029779401251	4.021719501513539	0.4479257254916209	0.45752347171924973	2.5000031563311556	-7.640712035811843	1.4142380338925	68.91031373133711	1.0
1422000	-12.191090389137553	-3.845801052232476	-8.345289336905077	-7.845605635411029	3.9998045831785527	0.725523439324058	0.4384052433898254	1.1007580707339395	-6.378643643618998	1.8656066409539578	5.367899250610077	1.0
1423000	-14.174866246556432	-7.859239538006197	-6.315626708550235	-8.208692374957991	0.34945283695179397	0.669145919682972	0.41063450508552096	-0.23735150274948214	-3.901149142033844	1.8612093342706049	2.8786880369789043	1.0
1424000	-19.964099864614827	-17.408419418021325	-2.5556804465935024	-8.767632665623259	-8.640786752398066	1.4322348632868984	0.8303363028807256	-0.1390112973209956	0.30355041888780654	0.8508031113075221	0.026569656435246895	1.0
1425000	-17.325789080999762	-14.932417735450525	-2.3933713455492374	-7.948471510079145	-6.983946225371381	0.790895090027332	0.5826931080001357	-0.1634933872145301	-0.3124431541089291	0.496742068560437	0.1389453706882609	1.0
1426000	-15.336945908889838	-10.091576984202137	-5.245368924687701	-8.518169957950661	-1.5734070262514752	0.5810888051750601	0.913631406661777	-0.23289950056989367	-2.270084207327555	1.1333855723174064	2.934125073114065	1.0
1427000	-14.569325339842429	-8.180415701272667	-6.388909638569763	-8.187621365124455	0.0072056638517890015	1.1591148990490345	0.465074478744567	0.2414245905328274	-3.533155148133374	0.9551874140715212	4.388064130338683	1.0
1428000	-16.669837684180777	-5.068129909414012	-11.601707774766766	-8.758183652930953	3.6900537435169403	1.4625848860801165	0.707497691340727	-0.8232592458009412	-5.8135928365719165	0.9604426882536574	2.5938134157476562	1.0
1429000	-11.381879672129902	-3.7875613685315273	-7.594318303598375	-7.8266080985968935	4.039046730065366	0.8791655643690234	0.19543421409007727	0.39702002711062634	-8.38451680114651	0.8914500687940781	39.682042113435855	1.0
1430000	-15.979867474464255	-7.5937091240244285	-8.386158350439826	-8.588193298076	0.9944841740515713	0.939317644161849	1.1044132509103235	-1.6488859589226708	-6.786472373766001	1.6232928113209208	21.988867058242175	1.0
1431000	-14.746662911407405	-8.062100417449555	-6.68456249395785	-8.500682766932432	0.4385823494828762	1.3002953052153001	0.4287738567613825	0.14717185320917703	-3.8787471169408767	1.1289655490996335	4.806734158591872	1.0
1432000	-12.521453596802607	-4.5407838049931435	-7.980669791809463	-8.241083600709286	3.700299795716143	1.2252811014419982	0.7347130217198584	-0.2551258936698939	-6.132763128296772	1.060327094504259	10.053236261090793	1.0
1433000	-12.502142858807481	-4.85212259512482	-7.65002026368266	-8.251289060403955	3.399166465279135	1.2326965811613175	0.37741510323105587	-0.37871262496160857	-5.982488370743217	1.6536173443057265	9.36417288939437	1.0
1434000	-15.56140681058311	-7.710721129106484	-7.850685681476626	-8.829614881086144	1.11889375197966	1.1725132849263848	0.19513206640664904	-1.9477849010320705	-5.855141164087721	0.6100807593820756	10.185651243497347	1.0
1435000	-12.829888230556124	-5.1363944738394816	-7.693493756716642	-9.227761970299195	4.091367496459713	0.5916369966270686	0.5618017171429811	-1.3522113431394422	-6.670922150698583	2.6231406292595487	9.071455924911671	1.0
1436000	-16.241947657814976	-8.06512947718086	-8.176818180634115	-7.929743768260361	-0.1353857089205004	0.9919672865008385	1.027776725834127	-0.23328935425461061	-2.957694056773448	0.47678408172257264	1.1803283803697542	1.0
1437000	-14.316622654171397	-7.391931073468776	-6.9246915807026195	-8.433543016338545	1.0416119428697685	0.5971956477238872	0.8458479987940786	-0.2005877009255066	-3.5573654151638925	0.4687952568434491	4.740515167367204	1.0
1438000	-17.151999733075925	-9.54119892014663	-7.610800812929293	-8.000253213850925	-1.5409457062957053	0.5893186614813256	0.8342242774014605	1.3383810687843303	-2.293802793393921	0.20195548962221235	2.833904207014059	1.0
1439000	-13.416060397181692	-6.911516776159587	-6.504543621022105	-8.044233440518186	1.132716664358599	0.7710129506601425	0.4045269851303667	-0.35656650602764905	-4.35036830887951	2.5504453765122643	4.860786870790971	1.0
1440000	-14.301638430792867	-5.6243935307760315	-8.677244900016834	-8.054838898615762	2.43044536783973	1.1103399075396758	0.5074751540171515	-0.32365345843835125	-4.792788827157628	0.5152301622539878	3.314197182197032	1.0
1441000	-12.802344187697393	-6.2570368250089	-6.545307362688494	-8.356941270039044	2.0999044450301443	0.5096656930681652	0.2777885546589591	0.8811498529955117	-5.651945120876979	0.9060701183239909	17.381850984483602	1.0
1442000	-11.782222852325962	-4.77470039878566	-7.007522453540301	-8.111124626220047	3.336424227434387	0.6022482332443536	0.8457502457545066	0.5354416504436902	-5.557796846790177	1.3436789105975162	23.113451202408907	1.0
1443000	-14.463526129864789	-6.777877792188261	-7.685648337676527	-8.519930581357103	1.7420527891688424	0.5530793453396664	0.5583421400354088	3.0856553840831182	-4.240839148907175	2.515589273470676	3.885369323490224	1.0
1444000	-15.254737150381427	-9.109249640575115	-6.145487509806312	-7.997669038232403	-1.1115806023427126	0.7583482812112723	0.9532808886315591	1.6638334107792634	-2.4769431388785015	1.610088178479437	5.183296424490628	1.0
1445000	-18.073017167676095	-12.420631958356783	-5.652385209319314	-9.215420818331769	-3.205211140025014	0.775137874231028	0.585912763448463	-2.090211826974741	-1.7851408728097309	0.8946859202765097	5.182088606841503	1.0
1446000	-14.149786669607007	-6.314438249259409	-7.835348420347598	-8.141320570024316	1.8268823207649074	0.5275120564663158	0.9327661731535427	1.5836770809923544	-4.058393440996287	0.4773519291276641	3.8276312548621085	1.0
1447000	-12.338240926246579	-4.654504856654288	-7.683736069592291	-8.079549627125207	3.425044770470919	0.819647454371141	0.5174698626140473	-0.5946754952191267	-5.534883015201117	1.4830555468847988	5.1411651811016945	1.0
1448000	-15.828531135220047	-6.015541215400357	-9.81298991981969	-8.218794405070554	2.203253189670197	1.1932254799278859	0.7540831844518792	-0.701127948056073	-4.303716361353359	1.3678202550158667	1.7716452579869246	1.0
1449000	-16.570001520244073	-5.959071335562836	-10.610930184681237	-9.538245979936043	3.5791746443732073	0.9538994364019483	0.7592440242235043	-2.660740249734142	-6.363187862399375	1.2128985701861996	4.2153139695614925	1.0
1450000	-10.867853947595162	-3.984907872973772	-6.882946074621389	-8.192624565297114	4.207716692323342	0.5085099711047995	0.4893082795018172	2.1003256269347625	-6.974892253226029	2.5578663767037964	17.747023188578005	1.0
1451000	-14.491253988288161	-7.299431732401832	-7.19182225588633	-8.828205562601601	1.5287738301997695	0.8428500950598612	0.8317168553101113	-1.8108109616792467	-3.846051542785472	0.6907304015287593	4.76646861804439	1.0
1452000	-12.669889323314454	-4.170581302503998	-8.499308020810455	-8.092704483301624	3.922123180797626	0.7599951834252465	0.5950929722680688	-0.42955374111777567	-6.080127004024958	1.8398404319974475	4.887153651604627	1.0
1453000	-14.187251220684779	-5.468893567151873	-8.718357653532907	-8.599949576573842	3.131056009421969	1.319725096855156	0.4422788419340255	0.2548990841239853	-5.495558692983201	1.2559556655184188	4.067855064308297	1.0
1454000	-12.035313555887303	-4.639623407971524	-7.395690147915778	-8.86843428152088	4.228810873549356	0.42097595184644615	0.38430353589593347	0.9354335573198966	-6.976827594563106	1.2392831847718337	8.806057149759216	1.0
1455000	-12.324273007430742	-4.498050990775845	-7.8262220166548975	-8.222032754867493	3.723981764091649	0.7715398793630466	0.24017572857659636	2.0459794265957605	-7.277781147045972	1.5171592818339925	166.59394321944347	1.0
1456000	-14.717209651444144	-7.583420556943842	-7.1337890945003	-7.868320282444433	0.2848997255005905	0.69732393728409	1.4830475019369982	1.2421979970647623	-3.7244003538779547	1.1894916648065628	6.846902386192403	1.0
1457000	-14.428147844389287	-5.2469285300253405	-9.181219314363945	-8.240490558932708	2.993562028907367	0.8484466645145082	0.584644354945991	1.8073950799264926	-5.041869069857466	0.3890243282203798	118.72297139635835	1.0
1458000	-15.17374698898084	-5.817401036650972	-9.356345952329868	-7.936853926799078	2.1194528901481053	1.0202706413749223	1.2180208748999786	-0.08308489362694801	-5.359285677349298	0.24508112686698022	6.125076440637033	1.0
1459000	-15.004893347598104	-6.771092822335701	-8.233800525262403	-9.941272461575204	3.170179639239503	0.3825282219368629	0.891570459187998	5.043471696596602	-5.390409949530785	0.5442767349843965	53.16231532232451	1.0
1460000	-13.534436917380631	-7.381313627062048	-6.153123290318582	-8.474402103707032	1.0930884766449838	0.7432931275352612	0.680856698982822	-1.0661240348598395	-3.681052179763084	1.4362850198131794	7.437892721586062	1.0
1461000	-12.624606358593727	-4.167382593952977	-8.45722376464075	-7.841548728479578	3.674166134526601	0.8062679715126413	0.7142708150127836	0.23591079196689457	-6.5336278976547915	1.108087735271364	6.557634853393692	1.0
1462000	-12.05295460924415	-5.089550054207479	-6.963404555036671	-7.8868521533279825	2.797302099120503	0.873985841654776	0.48524161167837593	0.9288596199321284	-5.108152645782377	0.8150619584398272	15.290038275268067	1.0
1463000	-13.977028628619554	-7.425862707887449	-6.551165920732105	-8.254409102442635	0.8285463945551861	1.011888878094639	0.5858922023318514	1.1859595189927683	-3.671034753838203	1.2150269484430285	4.474572437211087	1.0
1464000	-12.686308830551123	-4.61071845618313	-8.075590374367993	-8.798946520557848	4.1882280643747185	0.43694175797600354	0.4423303051715628	3.6664245420620145	-7.464923479124998	1.1485249166583555	11.194400459857082	1.0
1465000	-12.101890377318673	-5.428124785802199	-6.673765591516474	-7.836094003827456	2.407969218025257	0.8968070049933403	0.4802109088510531	0.4240065101936027	-4.85308801627477	1.13285365439064	16.668419950405937	1.0
1466000	-16.827874962273576	-5.184446976316053	-11.643427985957524	-8.936699991979921	3.7522530156638676	0.4426351059734743	0.21308771108918675	3.866723940428879	-7.62808043838931	2.098427275648134	4.329568569957059	1.0
1467000	-10.66988080432809	-4.443241592126195	-6.226639212201895	-8.467698750781508	4.024457158655314	0.4333030325648552	0.23315600193400574	2.712483140818269	-7.763904107798337	2.763276701219929	24.4365546852271	1.0
1468000	-14.324739615434035	-6.282886234202136	-8.041853381231899	-10.10157409802538	3.818687863823243	1.5407938886650103	0.6067326792641458	-2.7065423582605868	-5.893200540195941	1.0417415846097748	19.5394464719994	1.0
1469000	-15.636763396957093	-8.355115921011295	-7.281647475945799	-10.067796715323372	1.7126807943120763	0.643243946524309	1.2072211125873753	-2.496415705048899	-4.338188739588762	1.3865682059397444	13.689817080738335	1.0
1470000	-12.934484479933712	-4.828836651081701	-8.10564782885201	-8.046104699572947	3.217268048491245	0.6325959238160946	0.16709608286290745	0.46391768113578224	-7.733011078778404	0.5055609138361333	19.873506311313104	1.0
1471000	-11.917689324397362	-5.220261985040676	-6.697427339356686	-8.280080880392646	3.0598188953519694	0.5138512368588396	0.7904726605655902	1.0753079743072045	-5.013642845730427	1.188376429729272	20.095726761542156	1.0
1472000	-19.49211726552005	-9.184649515322874	-10.307467750197175	-10.382331809584947	1.1976822942620728	1.463916605915938	1.4494032680470676	-3.0293752127957108	-5.15888094555821	1.3705503698342851	5.163994896767436	1.0
1473000	-15.707180916951707	-10.302210775624733	-5.404970141326975	-8.110903268921646	-2.191307506703086	0.8131865997955096	0.414758904721238	-0.6460753307361187	-2.645320656589971	1.1021693118655613	2.4554216235881703	1.0
1474000	-11.643656099879607	-4.9353691168258305	-6.7082869830537755	-8.354481805320672	3.4191126884948417	0.5270626947878835	0.3309317911251281	0.6577189450444225	-6.251701644903458	2.030509207720664	71.37969411399516	1.0
1475000	-16.48775604655057	-6.808676563403258	-9.67907948314731	-8.756283740023907	1.9476071766206484	1.1814708168331904	1.0825609189545837	-1.8460631248057975	-6.381008732292212	0.4821072774043936	6.434379990307187	1.0
1476000	-13.240447320871358	-6.945666929188898	-6.294780391682458	-8.043596557707273	1.0979296285183748	0.6899029307454734	0.9386888337819859	0.04104299874042239	-3.5959263984478538	1.2671990406323141	6.59217399478546	1.0
1477000	-11.406022951793197	-4.002785713750979	-7.40323723804222	-7.986824034030717	3.9840383202797387	0.6031470554756404	0.2731036865652458	1.1301121903844837	-8.743052533593149	2.7551092467288107	16.265341683253542	1.0
1478000	-15.418961266799144	-7.982019624699614	-7.436941642099529	-10.0224373414198	2.040417716720185	0.29710648398246237	1.1407753116200614	1.185314069906136	-6.055601909913822	0.8194221414344605	13.198264039738667	1.0
1479000	-13.209742757062557	-6.806981421601306	-6.402761335461252	-8.597789167219542	1.7908077456182356	0.4481619941077771	0.8871385595903051	1.1462771164371508	-4.0165103822572945	1.431925480599552	4.891215849052937	1.0
1480000	-11.546242722132183	-5.064000449854691	-6.4822422722774915	-8.572933796422708	3.508933346568017	0.4164588516363528	0.6079248911071062	3.0230484407632594	-5.486158654713255	1.858761382682734	18.036679661115453	1.0
1481000	-14.205835073685012	-5.736218335782357	-8.469616737902655	-8.233992128012968	2.4977737922306114	1.0072820106252467	1.0073170412677661	1.1717257507197643	-4.71684979497331	0.9309448018550159	3.5209795187737014	1.0
1482000	-14.483449173024141	-5.811530951646099	-8.671918221378041	-8.481140994034819	2.6696100423887197	1.0391390891806442	0.65035169563823	-1.543030730987442	-4.708889555115971	1.5335118924783566	3.0932225424696	1.0
1483000	-12.285989193766106	-4.879394347128534	-7.406594846637571	-7.89899838691889	3.019604039790355	0.7828481599865302	0.9563052626652593	0.03926365827543643	-5.426346057659577	0.8523381356706082	10.177790741673888	1.0
1484000	-16.99193867779003	-11.653481726915977	-5.338456950874055	-7.964308251879003	-3.6891734750369753	1.0392759875307969	1.0927457019218292	-0.20729742251378647	-1.4681838547555626	1.269677293165793	0.6401724698570758	1.0
1485000	-14.05281931979749	-6.145444983378744	-7.907374336418744	-7.8652848914845155	1.7198399081057714	0.827987599942352	0.7530517318240681	0.04139542753370007	-3.989121290462863	0.4220071454714784	3.1432908357581177	1.0
1486000	-16.06099384362703	-10.725792525665153	-5.33520131796188	-7.892268596901449	-2.8335239287637046	0.8385678702389542	1.13181921549419	-0.10259852547380523	-1.8158420181790333	0.8668409054578456	1.6999578051152961	1.0
1487000	-11.91377690662675	-4.1049409052442964	-7.808836001382453	-8.127014809365551	4.022073904121255	1.149704299591696	0.5304677587777344	-0.5107450638269533	-7.19758872161356	1.2318948918927322	37.4649626705405	1.0
1488000	-12.993026714098152	-4.646995712730737	-8.346031001367415	-7.851432453284865	3.2044367405541276	0.7393144055066141	0.45850411747894254	1.1668262591899432	-5.500702825151925	0.5372694569192795	5.377740965214873	1.0
1489000	-14.12424178227548	-7.122321755678874	-7.001920026596605	-11.330899105548061	4.208577349869188	0.31647575866265354	0.31982071212988444	-0.9326685170949978	-7.283890645936415	1.0691335454354842	13.26855880467589	1.0
1490000	-16.144271979227263	-8.434790859946833	-7.709481119280429	-8.917012281377728	0.48222142143089375	1.47601505858112	1.1274811292007358	-1.3792141391925268	-3.3446354419830806	0.7462303627204924	20.61127697302556	1.0
1491000	-12.462891604550219	-5.171582307629552	-7.291309296920668	-8.185349035719927	3.013766728090375	1.0986204640631556	0.7125048714761623	0.6325357776226892	-4.9491168908762635	1.5461108685471885	13.505612760676891	1.0
1492000	-15.771414640824904	-7.647948134388196	-8.123466506436708	-8.693503766425298	1.045555632037102	0.644030023876343	1.4919590646856598	-0.9413659767137316	-5.0363306613521575	0.9665675639036392	5.268638387937624	1.0
1493000	-15.643810973280038	-9.125753174822647	-6.5180577984573915	-9.184815395660602	0.05906222083795498	0.44649224465740495	1.153730279458934	-0.011049643185325121	-3.1320456694573493	1.481769047727709	2.0723909964775307	1.0
1494000	-12.84424248455403	-5.333299248954074	-7.510943235599956	-8.197369179382651	2.864069930428577	1.199546476329887	0.35655217496445213	-0.17425223472866672	-5.664730892823258	0.9885093303121814	41.43624002070429	1.0
1495000	-16.407562160211782	-6.799637177563018	-9.607924982648763	-8.26570212588197	1.4660649483189525	1.0319314914554198	0.23451401596272275	1.117513959453884	-5.633607078371094	0.252925876187346	5.508533606870384	1.0
1496000	-14.327379394894308	-3.981918215724294	-10.345461179170014	-8.040026775626172	4.0581085599018785	0.834874987217682	0.3849182621053066	1.5082980643900217	-8.01211380847288	1.3314054117504768	5.839438521096872	1.0
1497000	-14.688292168577057	-8.247992812154152	-6.440299356422904	-7.8625940178788944	-0.3853987942752566	0.7070758276433935	0.770262202924498	1.2211049884935354	-2.848875657312317	0.548469575749044	5.955620809506672	1.0
1498000	-14.303374760666062	-7.858755992485999	-6.444618768180063	-7.928580168131885	0.06982417564588594	0.7301016591251646	1.1537165885950464	0.1753839895515764	-3.1377911739831945	0.7354020820270404	5.694735078609553	1.0
1499000	-13.443934336573431	-6.306312889877484	-7.137621446695947	-8.904810918282145	2.598498028404661	1.156320787301455	0.5661452997099434	1.4098245084273753	-4.778068284543264	1.4993796622693936	14.213204537952441	1.0
1500000	-15.795520949324594	-7.25956416219957	-8.535956787125023	-8.509642546569319	1.2500783843697487	1.0879497457229201	1.2596195002129345	1.2362943032924922	-4.026875547485593	1.1325574399759821	2.689334295226561	1.0
1501000	-13.953257042635723	-7.313247561769041	-6.6400094808666825	-8.420151478604309	1.1069039168352686	0.8133253531051597	0.380999813869022	-1.1991308288783158	-4.438814894766544	0.7860952860673946	13.260056001146301	1.0
1502000	-12.907113746586582	-4.751010450885245	-8.156103295701337	-9.020085347251808	4.269074896366563	1.1846975073135293	0.4368676569607141	-2.1593839358677442	-7.211917544225287	0.6122446499884657	28.421378994906355	1.0
1503000	-12.900673509906406	-4.7446247869231915	-8.156048722983215	-8.623165416414956	3.8785406294917646	0.7527363521762386	0.17798470876100284	-1.3163046267031309	-8.363065495592462	1.6989508507117905	10.360652713446546	1.0
1504000	-13.643010389569504	-6.3870551864983405	-7.255955203071163	-7.920818568290105	1.5337633817917649	0.7551261622173896	1.1449133041984754	1.4567959969932125	-4.056407235825365	1.316778970508964	5.003408547481967	1.0
1505000	-14.064167737164322	-6.6601918284142645	-7.403975908750057	-8.77593473873753	2.115742910323265	0.367330454920375	1.1839547915927426	3.089299821943793	-5.721634220486175	1.3271778373049639	26.298548794063034	1.0
1506000	-21.01077252862828	-13.548543313476564	-7.462229215151717	-9.82894314724706	-3.7196001662295055	1.833349434090395	0.5774229858894621	-0.9029755041549276	-1.5840195424566847	0.5776007533643119	0.41386863980526095	1.0
1507000	-18.866223968322362	-13.789425214595454	-5.076798753726909	-10.991944698915908	-2.7974805156795455	0.2305432403648201	1.047448323643744	1.433117236755614	-1.7906387279076732	1.1953640970786492	1.730851412863806	1.0
1508000	-16.475860723973128	-11.38270949205296	-5.093151231920169	-7.867478575081466	-3.5152309169714946	0.8064571089881436	0.9198049166624813	1.1118441351481925	-1.479084755878438	1.2531562870589914	1.9085139728267817	1.0
1509000	-14.470959318086255	-7.9256719213863	-6.545287396699956	-7.835145609255449	-0.0905263121308515	0.8807909258031674	0.6504300345892141	0.1954634028422858	-3.0997294485357805	0.838331464985239	2.0493872172316463	1.0
1510000	-12.2496730032696	-4.51228346647657	-7.73738953679303	-8.755065801276801	4.242782334800231	0.5928571248724986	0.4484313387896817	3.2734476365387764	-6.886053093490432	0.8967115024742509	13.595032119285422	1.0
1511000	-12.271905678625691	-4.057084242160597	-8.214821436465094	-7.876260331715683	3.8191760895550857	0.8909197343823618	0.39955802834019566	0.7996138242287624	-6.292090079402581	0.9234005756380995	6.3215141417215355	1.0
1512000	-12.800188879299917	-4.135941552965426	-8.66424732633449	-7.979425107743846	3.8434835547784196	0.8473819149675972	0.35669126396690004	1.3244441143258896	-6.5220589846588926	0.8359953021246717	6.047724344781282	1.0
1513000	-14.655355215058554	-6.6657127691506215	-7.989642445907933	-8.06074434538775	1.3950315762371286	0.9093557622405786	1.3720386883788134	1.2638339959647702	-4.536283510097715	0.43431317543003073	7.504695294679842	1.0
1514000	-11.460178142518666	-3.602201135325063	-7.857977007193603	-7.913599438462726	4.311398303137663	0.7868072329125546	0.38034397175463125	1.3467518772135336	-7.3317141394151335	1.328696917534042	10.25116043507889	1.0
1515000	-11.646767114419543	-3.7644879297766005	-7.882279184642942	-7.9556621411022785	4.191174211325678	0.7140451782467497	0.2996896609877033	1.656535649053807	-7.399754985056008	1.4298753267058482	171.05521446802368	1.0
1516000	-16.699646157691294	-12.150486163932667	-4.549159993758628	-8.391829677962242	-3.758656485970425	0.5023487198960143	0.26141368009544597	0.8816698017427561	-2.73364046766618	2.772540969132027	8.630213191841007	1.0
1517000	-18.772470564661283	-12.289196983027267	-6.483273581634016	-8.442902725159964	-3.846294257867304	1.1531113114544493	0.6517310487421627	0.8549336776839727	-1.4427158511170748	1.786980397424013	0.40287126222148106	1.0
1518000	-17.532805136253923	-8.753082214937862	-8.779722921316061	-11.157996736244625	2.4049145213067638	1.7073391827444862	1.0185108881949172	-3.1806543960895426	-4.6366041537325415	0.5578259321065028	6.737405062552686	1.0
1519000	-12.873224273626562	-5.96248877396759	-6.910735499658971	-7.946725664895187	1.9842368909275967	0.7650053442242031	0.8797227618066634	-0.058408136852891146	-4.147036059902292	0.6568234539127006	8.681376109890147	1.0
1520000	-17.86716480445342	-8.740379162037279	-9.126785642416142	-12.634530581675609	3.8941514196383293	2.5044131936841314	0.399663178423634	-0.6257602299295668	-6.378721449320451	0.7733102068294203	8.669566360724184	1.0
1521000	-12.072787981811402	-5.017163031755155	-7.055624950056248	-8.95512598054281	3.9379629487876553	0.762420909037019	0.32693130271329435	-1.7679325070150003	-6.808099503050342	1.0995801648432904	23.457288593422742	1.0
1522000	-14.10347463671902	-6.1811968863555995	-7.92227775036342	-8.386029279360304	2.204832393004705	1.238959271410277	0.8501763480008794	0.2718997736554149	-4.297743292378485	0.5213434611093218	4.03628750548106	1.0
1523000	-14.16462458604524	-7.0612009379985325	-7.103423648046708	-8.91062127245171	1.8494203344531774	1.3011745998060504	0.816569607069627	0.8315708259553676	-4.050655464834935	1.0076212623625143	8.934610306529354	1.0
1524000	-16.061675234221987	-16.628798521266305	0.5671232870443179	-7.8859368361594395	-8.742861685106863	0.8450657886211218	0.4107465716886692	-0.08989182811676844	0.05809816452413774	1.8747575650488388	0.02364405160461296	1.0
1525000	-19.743536643966834	-15.125324506458929	-4.618212137507905	-8.145697671711165	-6.979626834747764	0.5720705402641997	1.209567782568512	0.7523197491867639	-0.4308287216541554	1.9735984289283355	1.4364928826954875	1.0
1526000	-12.829301425600967	-5.781315774654581	-7.047985650946387	-8.183698023910585	2.4023822492560045	0.9162128837086263	0.7526415216763372	1.4639193941546693	-4.445390115924678	1.0900062766199072	6.4379688803188255	1.0
1527000	-11.541238172189841	-4.056410566427422	-7.484827605762419	-7.9958700152729065	3.9394594488454846	0.9615325665584497	0.5050898048521407	0.8717952079872479	-6.14078667368694	0.8794480083565545	34.63447265262438	1.0
1528000	-13.897534687809156	-5.793553021567244	-8.10398166624191	-8.686708600453384	2.89315557888614	1.4147972341751878	0.867057536223038	-1.055707516153191	-4.913326341285046	0.4106230833149748	10.78789411143774	1.0
1529000	-14.513444006183443	-6.173976740531847	-8.339467265651596	-8.068855476458458	1.8948787359266106	1.1168195295270396	1.0920756052541742	0.03772793115719972	-4.27424001512059	1.3981140513658945	3.0916114873922402	1.0
1530000	-13.875561641583916	-5.756347873423605	-8.11921376816031	-8.37334817841391	2.617000304990304	0.9652173754403854	0.2770865553404189	1.5514075773599245	-6.004202553889683	0.5015467371425439	48.50926631137578	1.0
1531000	-11.809141885265335	-4.531760162140194	-7.277381723125141	-7.970630385206325	3.4388702230661314	0.9771139088426447	0.4958865648878	-0.4640784799676191	-5.597548083765595	1.2590774701240957	37.5428388747824	1.0
1532000	-14.940865044262047	-6.377706646938023	-8.563158397324024	-9.894883291756752	3.5171766448187287	0.6094782825470908	0.11865669517575127	-2.1839119933060074	-9.201206197762184	0.580818524272932	20.26024638513926	1.0
1533000	-14.815059026056652	-5.41022323669328	-9.404835789363371	-8.695691681369063	3.2854684446757823	1.193852403214294	0.6446847621914877	1.028581912355282	-5.231037916441744	2.2983749146186145	3.898633881941089	1.0
1534000	-14.793351293711911	-7.787722772928459	-7.005628520783452	-10.159128414833773	2.371405641905315	0.22306693327530075	0.8894240298075915	3.315920815128428	-4.443759851681403	2.2756199468539346	6.298982603507914	1.0
1535000	-13.511903404232946	-6.710121474585485	-6.80178192964746	-8.999168595053138	2.2890471204676532	0.66934473637676	0.4912653563349598	-1.4803139952222577	-4.743175190410787	1.51087214450373	5.150904877282609	1.0
1536000	-14.106182252316223	-6.742307348756135	-7.363874903560087	-9.870891986275737	3.1285846375196016	0.8477658856060316	0.6032715337996104	3.2057004823626247	-5.127512039962773	0.8302454020936045	13.816168383499248	1.0
1537000	-16.477873441574214	-10.509089786514824	-5.968783655059391	-7.824955464305027	-2.684134322209797	0.7836388892892225	0.3928168554592244	0.9060516103486375	-2.503358529763657	2.0695212692069584	1.1906932846831788	1.0
1538000	-12.495892414209859	-4.851652989724824	-7.6442394244850345	-8.0077163209852	3.156063331260375	0.7775187564068385	0.6100019297653847	1.6305724257965424	-7.579026337662856	1.439259970356368	18.634754814747282	1.0
1539000	-13.935202738702024	-5.4036706503095076	-8.531532088392517	-8.967727499331298	3.5640568490217905	0.4121067690465276	0.783673909983834	0.869526673103796	-6.0867404933482785	0.3174818841806672	12.989160985557858	1.0
1540000	-12.036321002963279	-4.216424034265001	-7.819896968698278	-8.327014293519891	4.110590259254891	1.1934047086348512	0.5373164079286821	-1.0736605299812778	-6.9272815316211656	1.014134453776542	18.022957699512077	1.0
1541000	-14.198856703093387	-8.05461757175037	-6.144239131343016	-9.71595556610174	1.6613379943513702	0.25296531021796703	0.49499252027238616	4.61013880966301	-4.344654774854374	2.5931648737145268	10.383943535654248	1.0
1542000	-13.89968361324591	-6.066631254038784	-7.833052359207127	-8.331932313374521	2.265301059335737	1.2744336423688614	1.1178540925126044	-0.4191081556861644	-4.7340421513266335	0.794677911790898	6.289797681283955	1.0
1543000	-12.16451324301786	-5.5720477990339825	-6.592465443983877	-8.605470680982641	3.033422881948659	0.40007591016408445	0.7818413740105443	2.8489640525602584	-4.980301965141665	1.623962899308135	15.070820540488056	1.0
1544000	-12.067687297646708	-5.341940363810202	-6.725746933836507	-7.840965637829064	2.4990252740188623	0.728001074570017	0.6021033927899649	1.0503892840763762	-4.647685940526632	0.847501304971575	11.620866736703999	1.0
1545000	-14.86765018247036	-7.583248299028361	-7.2844018834419995	-8.010533752899875	0.4272854538715132	0.9130013959746968	0.9872864992986808	-0.5916015672843644	-3.2343566645012456	0.3514849856522936	5.419861727495021	1.0
1546000	-13.103469561123088	-6.943732390999398	-6.159737170123689	-10.654283900083609	3.710551509084211	0.30224562475760947	0.587604682216494	0.1475144435246747	-5.7386385891286995	1.924605860061122	10.535442466747517	1.0
1547000	-18.676678349137703	-10.321389693047863	-8.35528865608984	-8.222424876481902	-2.0989648165659602	0.5047465752616199	1.970430613584741	2.2925295417650267	-3.177625177750301	1.11716844860532	2.5159090057760483	1.0
1548000	-14.533091957368601	-6.884193046329628	-7.648898911038974	-8.05006499893771	1.1658719526080823	1.088212466283447	1.2069621916639046	-0.4841394341363617	-3.869371418957186	1.5942853430856132	5.535633998405535	1.0
1549000	-12.00971770287403	-4.273751504260804	-7.735966198613226	-8.315879966939054	4.04212846267825	0.9698086972686719	0.5484145098108217	-1.267444581632	-6.308487878278546	0.7611055488491608	12.229948942937511	1.0
1550000	-21.829105703322632	-15.47847356574066	-6.350632137581973	-11.98434512178153	-3.4941284439591307	0.2954430811502927	1.2147525749249652	-1.2800752227723524	-1.6132315576503062	0.3241807247402275	1.7591741742152598	1.0
1551000	-15.19165985329811	-8.98523604691419	-6.2064238063839205	-8.94280169447795	-0.04243435243623983	0.6259823320975151	0.5144154143019324	-1.1891929140277302	-3.3714064923401397	2.4061255669585364	2.660085615786053	1.0
1552000	-13.035160790439328	-5.273205127013944	-7.761955663425383	-8.819222273620202	3.5460171466062578	0.3903930267446424	0.5773488079377888	1.65551329416604	-5.555392607136473	0.47572994076326003	31.129368198783723	1.0
1553000	-14.484180753782237	-4.576893719899648	-9.907287033882588	-8.11221757358294	3.535323853683292	0.9639251158999516	0.6524168967515303	-0.8700604348083424	-5.4990596726755205	1.9134250761495237	2.993013408423646	1.0
1554000	-19.262559775430333	-5.3589332588367755	-13.903626516593558	-8.143334232486357	2.784400973649581	1.1078882280053255	0.8333824525577517	-0.7934343971009218	-4.768687705188562	0.7131813031967316	1.18838521754775	1.0
1555000	-13.962103508071912	-6.540660161530265	-7.421443346541649	-9.61143195061246	3.070771789082195	1.1978819413511237	0.3656003125262262	-2.712133389037088	-5.772863758686559	1.4566937224448913	27.97213603625681	1.0
1556000	-14.377386342583014	-7.353295179863833	-7.024091162719181	-8.999450922250125	1.6461557423862914	0.9903390617757482	0.759709029164737	2.105662852320239	-3.940329289616842	1.4692746301070199	6.801745564032962	1.0
1557000	-18.0294909694468	-13.845705362178894	-4.183785607267908	-8.061732946129492	-5.7839724160494015	0.7055552421813605	1.3690150771669787	-0.09989716306592039	-0.9387157462210997	0.876498276008672	0.66867439241781	1.0
1558000	-16.956218114322294	-12.212555969998872	-4.743662144323421	-7.993924276033465	-4.218631693965407	0.7770031396255977	0.6269506197444699	-0.24733043236169017	-1.3190906908306141	1.5777576816000145	0.3334217137295745	1.0
1559000	-18.978339281947324	-11.973845140445835	-7.00449414150149	-7.88997811264139	-4.083867027804445	0.9742481223177928	0.45974958620113027	0.22229878309635281	-1.670967429867822	0.5707034314130722	0.32706085997478185	1.0
1560000	-18.432118592564894	-15.398161771109493	-3.033956821455401	-8.591585321446264	-6.80657644966323	1.3598030573488922	0.5309719740522192	-0.05657549342609747	-0.4402099976533247	1.0423418858187465	0.03832738907700736	1.0
1561000	-12.363708884937143	-4.814419219565455	-7.549289665371687	-7.954826315408213	3.1404070958427583	0.8099900927954452	0.891238744011059	-0.24459989692468898	-5.323299909920195	0.6078632720107751	11.283997931617478	1.0
1562000	-12.556418069687004	-5.628601826563136	-6.927816243123868	-9.62078994076471	3.992188114201575	0.39535068657797046	0.607268076844667	0.0057594130214151384	-6.350638159889989	1.0434057442211782	34.775225368346	1.0
1563000	-16.656092595640523	-9.600277008000505	-7.055815587640018	-11.407642806737538	1.8073657987370328	0.3605544785972716	1.2502942482517418	-1.6705170177304836	-4.592668219006215	1.5966940515258807	7.8494245627681725	1.0
1564000	-14.87818675642645	-6.324913373055741	-8.553273383370708	-8.337678224700737	2.0127648516449947	0.7223506539813997	0.36570531703137793	-0.7589540399373549	-5.046552885111696	0.23572214061160546	12.21586506144318	1.0
1565000	-13.332295987833962	-5.232791022930764	-8.099504964903199	-8.786946086691955	3.5541550637611916	0.3639317108433281	0.5939381924069023	2.8556323263964956	-7.376138864521544	0.5631913485338512	19.521918045778573	1.0
1566000	-14.333528028030152	-7.377168864165127	-6.956359163865024	-8.508052665762325	1.1308838015971974	1.1953896897901237	0.6778985338092749	0.7582284706851956	-3.705235914387007	0.6020332947777407	8.167888536313102	1.0
1567000	-11.895955872850951	-4.489253510902103	-7.406702361948849	-8.038111529504466	3.5488580186023633	0.581311940367843	0.20529476366834712	1.1359780612962247	-7.4990129148644735	1.0352697880474537	12.528480898094037	1.0
1568000	-11.809445030629243	-3.7992246705995	-8.010220360029743	-8.104773130696259	4.305548460096759	0.5539787948958588	0.3232465717430395	2.0765262304992786	-7.858623692338964	1.183386042564526	10.631937339442475	1.0
1569000	-16.767499891910784	-10.734520787492993	-6.032979104417792	-7.982780675819975	-2.7517401116730174	0.6352852391700284	1.5016961244711065	0.6950364646019684	-2.15310253000547	0.7775717565474652	1.7203428293254843	1.0
1570000	-14.486361393294821	-3.6428028719674144	-10.843558521327408	-7.953054077627543	4.310251205660129	0.6386427383959851	0.30934639743216796	0.8192696091351501	-7.816123839965195	1.1060192067412222	4.665991333323149	1.0
1571000	-12.897019929466794	-5.264228179791449	-7.632791749675344	-7.909408135258648	2.6451799554671984	0.6481823732635199	0.758978296985487	1.0834360326672443	-4.629015617529904	0.41325883276817077	9.262653118384103	1.0
1572000	-14.780148243343753	-5.393318227761796	-9.386830015581957	-8.440029680162272	3.0467114524004764	0.7224738402379609	0.9097202339956691	2.5034987369919484	-5.217640475864716	0.3068945437255565	5.67879858106843	1.0
1573000	-17.30594158638017	-9.663617320690582	-7.642324265689591	-7.860981441070775	-1.8026358796198068	0.8557789727631687	1.7778303540682787	0.01011572504211422	-2.9643036804017067	0.356015403073896	2.166088892869175	1.0
1574000	-11.95552736756525	-4.539084878460282	-7.416442489104966	-8.769249818720162	4.23016494025988	0.4666389160576484	0.4738613902624823	0.4699467986429451	-7.012826432832609	0.792820809067642	46.29757001094562	1.0
1575000	-13.064660826713006	-4.331529035060787	-8.733131791652218	-8.379216168843692	4.0476871337829055	1.2979193520994083	0.25627187797585044	-0.4779805219292568	-8.763218508379785	0.8274740112916359	15.44791636492962	1.0
1576000	-16.422522965620438	-9.356330690844318	-7.066192274776119	-8.41371447718178	-0.9426162136625393	1.0761280179422703	1.4693840535860434	-1.4263281320685515	-2.9434491435238983	0.8425511145927164	7.825687271593388	1.0
1577000	-11.664895118246367	-4.950302004389073	-6.714593113857294	-8.5398506651047	3.589548660715627	0.45594264615981667	0.3296301136867035	3.1694447026923958	-6.415440622887676	1.3995124448463805	14.318825604115197	1.0
1578000	-12.439387497209992	-3.7877339016397293	-8.651653595570263	-7.826857986640736	4.039124085001006	0.8447105883370176	0.18092316342542383	0.7144611139266188	-8.80171293399998	1.049638454223359	11.493676477056392	1.0
1579000	-12.664523057737467	-5.539762658728599	-7.124760399008868	-9.67373368838323	4.133971029654631	0.2967941365736414	0.28237786216153565	1.8427579839264667	-7.434664434908663	1.5855141750460455	9.728553648977528	1.0
1580000	-12.96362582591339	-5.044338637233313	-7.919287188680077	-8.565943589103576	3.5216049518702626	0.4663699200536215	0.7967638891690357	0.9350656115560425	-6.101166058417471	0.619884082819283	54.01830522563031	1.0
1581000	-10.979665554646086	-3.9021630160698795	-7.077502538576207	-7.986484708763079	4.0843216926932	0.6585855099917542	0.5513775126867235	1.822488934776677	-6.449034057455272	1.386061333248025	36.77793152609978	1.0
1582000	-12.671147468877795	-5.401253300428148	-7.269894168449648	-9.486355926971553	4.085102626543406	0.2831322335689427	0.515081170143794	2.782893797834737	-7.182412162256356	0.8385484498888683	36.584963796796295	1.0
1583000	-13.173715714210687	-5.820198607398548	-7.353517106812138	-8.294146928420265	2.473948321021717	1.0867637005278268	0.5000421268309948	-1.2024832430508985	-4.841533116119312	0.6457334087446642	19.912904246797602	1.0
1584000	-14.23308701329383	-7.11964059481888	-7.11344641847495	-8.467674338455796	1.3480337436369156	1.1728144404736935	0.7860413241849075	-1.4175573154570755	-3.750008224034597	1.5248085476686173	11.16071970106631	1.0
1585000	-14.204149921336892	-6.0206004158665625	-8.18354950547033	-9.669380863709794	3.6487804478432313	1.3062428326817943	0.13597908408574466	-2.6705275952155216	-8.91623030565917	1.2596508711926737	23.77150937244154	1.0
1586000	-16.438297519793565	-9.72454415481579	-6.7137533649777765	-9.63269826221841	-0.09184589259738019	0.8612425120667923	0.7397020669510762	-2.6514201830630064	-3.0111002891350984	0.8689135972392562	5.131980323932723	1.0
1587000	-11.90703949270566	-5.2340640657874715	-6.672975426918189	-8.021534442592761	2.78747037680529	0.5784373639519881	0.6446766403256281	1.3803025286632575	-4.803953694847119	1.2772580847752613	6.7330299487042105	1.0
1588000	-12.51163083519998	-5.178596504847776	-7.333034330352204	-8.179060851762802	3.0004643469150265	0.5475225480257546	0.5734622613538382	0.9521212984840106	-5.065229661803402	1.3701611778376084	4.2161447451604115	1.0
1589000	-12.959657633618109	-4.929240917029649	-8.03041671658846	-8.404710196324917	3.475469279295268	0.5211497688923138	0.5882862071017165	0.5984314646746235	-7.466116151234507	0.6959745714780651	13.315718272902862	1.0
1590000	-11.702043054512373	-4.323142561504997	-7.378900493007377	-7.980007213543444	3.656864652038447	0.9308255521057782	0.361159730330124	-0.5133409652203396	-6.3015847971569965	1.0175713031317686	10.427579105334315	1.0
1591000	-13.522367974469628	-5.760500969434901	-7.761867005034728	-8.59007811973207	2.829577150297169	0.8192713960848763	0.8889276250099764	2.3408144788252385	-4.87369908587401	1.3195456140080122	51.43726316733346	1.0
1592000	-11.61275087262558	-4.8730236109433225	-6.739727261682258	-8.414284055421207	3.5412604444778855	0.5321320018628167	0.35528826254714313	2.9423985339279675	-6.222108759631507	1.177083624441249	19.661356516353855	1.0
1593000	-13.528791248642843	-4.255360822544159	-9.273430426098685	-8.184343946053378	3.9289831235092194	1.1476547078736237	0.6175138816437937	-0.7975844303982473	-6.744856364207284	1.1455199632812925	5.89792049422972	1.0
1594000	-12.52813175192467	-4.614721166691069	-7.913410585233601	-7.890691777862672	3.275970611171603	0.7695394132048724	0.34114103669300117	1.3133359396372923	-6.069218400001451	0.5571737632313138	9.443692906911691	1.0
1595000	-12.004060582116832	-4.6444071485888765	-7.3596534335279555	-8.142452247648507	3.49804509905963	1.140599627325718	0.44511774186957026	-0.6613156256031865	-5.798351693547382	1.0134681080619097	11.092536448685262	1.0
1596000	-11.55829562251467	-4.66410851548816	-6.894187107026509	-8.218174218563242	3.5540657030750813	0.6243033583836223	0.7624175131834525	0.04760391252033145	-5.694983434193415	1.4451978772539495	17.451055095126097	1.0
1597000	-12.529448814566141	-4.861621809991137	-7.667827004575004	-8.740296349935587	3.87867453994445	0.6950320241834853	0.5766404549190213	2.9235288258034795	-7.128261437578428	0.8952144146327216	20.412088756130952	1.0
1598000	-16.12866823091401	-10.481184948839047	-5.64748328207496	-7.983259118054749	-2.4979258307842986	0.953132072888998	0.5421201217400382	0.8771612397739244	-2.1631454097912157	0.668830538373976	2.5278041289806152	1.0
1599000	-12.378162607375332	-4.421087492198357	-7.957075115176975	-8.269182047114624	3.8480945549162673	0.6423589017671889	0.326361730353455	-0.1958507676116255	-8.556169444133195	0.8159676610512889	18.052446029693446	1.0
1600000	-12.211543669091604	-3.9132087969949527	-8.298334872096651	-8.161103168174053	4.2478943711791	0.798340595900631	0.44937279345582776	1.8595373339506402	-6.915580856429031	2.3130846453370557	8.122272719301936	1.0
1601000	-13.673624719374981	-5.493371228908627	-8.180253490466354	-8.992859454555509	3.499488225646882	0.879297853197076	0.7299376315785461	-2.058165558346319	-5.504405545742745	0.7758434153710416	6.28244780674588	1.0
1602000	-11.123753214509218	-3.621737085825356	-7.502016128683863	-7.835523915240309	4.2137868294149525	0.7317732976147147	0.36460813540654613	0.7601498733288831	-7.899293497902153	1.1302476536661363	66.3887763596348	1.0
1603000	-13.625507730031684	-6.247854283828703	-7.377653446202981	-8.83839922917306	2.590544945344357	0.4163528251532662	1.008604570031882	3.727995762733879	-4.834051299301231	2.179404812427063	27.548677000844705	1.0
1604000	-12.498713799136832	-4.755819844547492	-7.74289395458934	-7.942957286183938	3.187137441636446	1.0285926295133436	0.382729013691339	0.013313550167750474	-5.780817795124805	0.5516091366261768	10.608997350824486	1.0
1605000	-14.266194128190635	-5.188121053056255	-9.07807307513438	-8.095622872140327	2.9075018190840716	0.6937429713207068	0.9909524436030027	2.051215058058012	-5.778958052880748	0.7800720650275965	4.894975786790131	1.0
1606000	-14.986435226832153	-9.466050579483548	-5.520384647348606	-9.652644600295478	0.18659402081192988	0.37726769526659715	0.532942427268993	0.23097829375661538	-3.4433158589237345	3.31699272310911	3.069725553252678	1.0
1607000	-14.027160227684945	-7.593030662511932	-6.434129565173013	-9.451384529063489	1.8583538665515569	0.5401116745289488	0.5173579967107349	-1.2796428253662229	-4.4037738441230205	1.0242983455000045	5.870913418998266	1.0
1608000	-14.124696950985928	-7.086383970067033	-7.038312980918897	-9.465367675626029	2.378983705558996	0.3990390956342077	1.1357383175757187	0.18770082433090174	-5.039969637219192	1.5720565298929383	7.705849091786248	1.0
1609000	-16.62875302624839	-8.616012028772282	-8.01274099747611	-8.410895723149315	-0.20511630562296812	0.8829901206364528	1.0427373734781382	-1.3275242864965981	-2.9290147221962304	2.1880974618983555	1.7385156614254784	1.0
1610000	-13.326625593119557	-5.872875538189309	-7.453750054930248	-9.180523788325706	3.3076482501363973	0.34747567016664294	0.6237930784835392	4.229767055381479	-5.267825457497286	0.6594741003119745	19.27797607619305	1.0
1611000	-14.534382648094063	-5.662856668501506	-8.871525979592557	-8.096677287577418	2.433820619075911	0.6818598002494085	0.13117450165745526	2.08077465259744	-7.741418406969262	0.49298115645676777	11.616598490041287	1.0
1612000	-11.156308735752827	-4.619286785266023	-6.537021950486803	-8.683816552202984	4.064529766936961	0.4166448794963158	0.2912401653509395	3.3987542256193426	-7.240661844348655	2.4421513514331536	16.25885832939002	1.0
1613000	-13.068598530119228	-5.197313777552397	-7.871284752566831	-9.404157487613876	4.206843710061479	0.9274442652038636	0.36800487806926685	-2.5215306906325514	-6.997597255620435	0.6446182135165581	27.32602196009451	1.0
1614000	-11.295104600880357	-4.072134542603764	-7.222970058276594	-7.936712991549757	3.864578448945993	0.9889264282453218	0.4607000982391689	-0.286920837391069	-6.136011568206878	1.0050077945590203	18.126710686909664	1.0
1615000	-13.217361363002723	-5.4568854469682595	-7.760475916034464	-8.563157585741013	3.1062721387727543	1.2368678824877068	0.2199842472045581	-1.4720415180712343	-6.912380340328318	1.012537546222235	13.196782141755648	1.0
1616000	-13.110150550246386	-6.137207431089044	-6.9729431191573426	-7.853581103897242	1.7163736728081984	0.9152011968698452	0.9382757850441985	0.08974604789222151	-3.9851093183497066	0.6562514669932642	8.680145709348121	1.0
1617000	-13.788940329565479	-4.588371651291418	-9.200568678274061	-8.288587037274004	3.7002153859825864	1.0141253728137163	0.7038894996773973	1.2313224363044348	-5.825771645563734	2.3340216209468334	5.2214178496545625	1.0
1618000	-13.61113489673709	-6.355914685032297	-7.255220211704793	-8.462115351578632	2.106200666546335	1.0916140969442927	0.9598519196000967	1.1571506619801415	-4.284208373795319	0.8679679320598279	6.98371458788649	1.0
1619000	-16.329983288714704	-6.7791597817649025	-9.550823506949802	-7.845973563088646	1.0668137813237433	0.7137859729394993	1.265500620842048	0.840128675688324	-3.89067755953793	0.6843153579497007	1.5310859721692693	1.0
1620000	-12.52344660454368	-4.403285720248908	-8.120160884294773	-8.393686329039225	3.990400608790317	0.8735484783524557	0.1914980362237935	1.9230989693907563	-8.336156724646884	1.9756595964908752	11.968273713293824	1.0
1621000	-13.116719570271462	-5.65186967985071	-7.464849890420751	-8.71661041413315	3.0647407342824398	1.1383967224765257	0.5433968590201264	1.2813788766493952	-5.171391770576566	1.0166337829639371	7.163792511871193	1.0
1622000	-14.360998830601721	-8.207320944288025	-6.153677886313696	-8.26142495354217	0.05410400925414516	0.9821054633358711	0.5053618022055908	-1.1770818133981131	-3.443002823402773	1.211721302562549	5.875362852947343	1.0
1623000	-13.138806189124569	-3.8261061080266456	-9.312700081097923	-7.950652100074027	4.1245459920473815	0.656094082399333	0.39113785590548855	1.6789443908514925	-6.738481186357457	1.137354453634688	4.861718687288564	1.0
1624000	-16.109287242545363	-5.955779848201596	-10.15350739434377	-8.137504849576358	2.1817250013747618	1.1093680881615868	1.180008802755816	0.4343303503982072	-5.638657251970613	1.4514354797546125	3.5845733353684595	1.0
1625000	-12.918516746370404	-4.170551648903291	-8.747965097467112	-7.936156368902	3.7656047199987093	0.6867737109115671	0.2989026123104627	0.4322922531244176	-6.801648079219221	2.110928212017108	4.906965272221497	1.0
1626000	-13.896452537747788	-4.798752638028944	-9.097699899718844	-8.358663544647097	3.559910906618153	1.0882172324584136	0.32785830581898373	1.0186533233170763	-6.398377375592534	2.4129675851861827	249.77588711626083	1.0
1627000	-13.442911246863263	-5.309024105047039	-8.133887141816224	-8.234552798246956	2.925528693199917	1.0082117138335938	0.8728322603889622	1.168649333919611	-4.958741764534886	1.6591626932004317	5.05482590507138	1.0
1628000	-11.970257668058096	-4.564540300926731	-7.4057173671313645	-8.825995279926058	4.2614549789993275	0.3943024391782549	0.26342320693050786	1.5468618545483954	-8.1967041987797	0.9119535115101188	18.814668033815877	1.0
1629000	-11.877842293636432	-5.183204961470265	-6.694637332166167	-8.636086306159859	3.452881344689594	0.5575001235897402	0.7206199831968685	-0.24867930533407392	-5.425212315316533	1.5508583782734273	21.377479724115798	1.0
1630000	-12.046311891035394	-4.9798254165605185	-7.066486474474875	-8.166178304087358	3.18635288752684	0.5675822954987139	0.5615989665319315	2.365723030908328	-5.238218247924113	0.7549677820617055	19.022798138758372	1.0
1631000	-13.52520935505762	-7.228409832823252	-6.296799522234367	-7.986643540100973	0.7582337072777205	0.6178130354756564	0.559948063979346	1.7716233315373748	-3.6830622584617827	0.9741890635181326	5.162015636320317	1.0
1632000	-12.56805553352213	-4.414407596107178	-8.153647937414954	-8.680289289174693	4.265881693067516	1.345430985323878	0.36391008401739744	0.2641195302466007	-7.166603764928249	0.7543878572551181	14.227912171703554	1.0
1633000	-12.974660399445401	-5.83020124097316	-7.144459158472241	-8.481008029291024	2.6508067883178636	0.9345361833568204	0.7618285828315742	1.8025841746957252	-4.633213217346798	0.9734666164981409	8.364242433261845	1.0
1634000	-15.73413813445145	-8.97729434112175	-6.7568437933297005	-8.185240819642363	-0.7920535214793869	1.1936507172264568	0.8209430938724106	-0.1884917699721207	-2.6346332053688126	1.8552623823177137	2.0561217456747376	1.0
1635000	-11.65272981043479	-4.13394355922407	-7.51878625121072	-8.002475149911081	3.8685315906870112	0.6554677767149293	0.6567407856252498	0.42010431140381876	-6.126207111238298	1.5111178166203332	7.524830045649858	1.0
1636000	-12.842753025415908	-6.051829913586076	-6.790923111829832	-7.902511471646033	1.8506815580599572	0.8608714562869413	0.5955180659406193	1.0456082904934272	-4.2373333722913635	1.6185250926453214	23.36539534492825	1.0
1637000	-12.129493407487338	-5.370529137960562	-6.758964269526775	-8.63589152204359	3.2653623840830273	0.45816542784075504	0.28936470030886746	0.8837891876386661	-6.403113154680725	1.1391190750412747	10.617308745092938	1.0
1638000	-11.953508637979084	-4.545161799803318	-7.408346838175766	-8.563101579132919	4.017939779329601	0.4414083548879126	0.3841131111250519	1.3762753038183058	-6.604958402899378	1.255888272778621	7.730250067634995	1.0
1639000	-15.370763947723766	-6.531080353094063	-8.839683594629705	-9.699657579567463	3.1685772264734	1.0138727126281508	0.5330869998575739	-2.8221222678396636	-5.2771557475457875	1.3261101936051807	4.452858195875309	1.0
1640000	-14.565094048621653	-7.034436291942883	-7.530657756678771	-8.928444742766516	1.894008450823633	0.8807111196948334	0.7291287880926746	2.438462758468287	-4.112411710047311	0.7530492722250274	4.931328107250441	1.0
1641000	-14.001901086695192	-5.853205175461253	-8.148695911233938	-9.872523427824309	4.019318252363056	1.6153768148208283	0.518781448728798	0.5388592997942421	-6.256942894782047	1.4081985079913264	17.357708719475237	1.0
1642000	-15.07727519830669	-6.826842242090815	-8.250432956215874	-10.059990033513685	3.23314779142287	0.43425315394337777	0.7574201895193168	-1.0610542813718495	-5.181220588632071	0.9808997687418904	3.5517337426725617	1.0
1643000	-13.312375633392204	-5.95180696958101	-7.360568663811195	-8.013917788520255	2.062110818939245	1.08342013116044	0.9698728392506603	0.009760429886030098	-4.258330129103215	0.7284428852017636	5.192805198479659	1.0
1644000	-13.112581879831232	-6.344409299166431	-6.7681725806648005	-9.515775738744669	3.1713664395782377	0.4912017418180136	0.4372422898840499	-0.9572578185111413	-5.545365709916417	1.1303877737453008	42.76132524909257	1.0
1645000	-12.63086787752645	-4.815002190150949	-7.815865687375501	-8.32439806829408	3.509395878143131	0.9715175273609877	0.739091728881461	-1.2826302293276899	-5.536201224564021	0.9120658885748681	7.1036395328869375	1.0
1646000	-12.696082143234952	-5.574960428182886	-7.121121715052065	-9.191333991955073	3.6163735637721866	0.552922167923324	0.6847715233055695	-1.0452038011175446	-5.626583407396673	1.9357310530520615	7.436898137862288	1.0
1647000	-11.943150793105724	-5.149363050923734	-6.7937877421819906	-8.733086483496832	3.5837234325730982	0.48797820965432226	0.7603541629427489	0.27518753288078524	-5.767193419759967	1.3468287527209857	23.80788738413059	1.0
1648000	-14.88543353578237	-6.358449137604634	-8.526984398177737	-8.32920930871758	1.9707601711129463	1.2726985342551864	1.2602622747862908	-0.5063645640034818	-5.231814124650245	1.0852817041001557	5.955793797523551	1.0
1649000	-22.515511744572148	-11.24710903807695	-11.268402706495198	-8.972097484480614	-2.275011553596336	1.0099027398931992	2.246262517353644	-2.1487321214718835	-4.343561500649883	1.1874497778216042	2.3171896862487658	1.0
1650000	-14.85495330336394	-6.43786791560615	-8.41708538775779	-8.115985844787955	1.6781179291818056	1.144655804041234	0.7038277884382105	0.023053370211041757	-3.9975232081957968	0.26666781876139517	3.7827248656712453	1.0
1651000	-11.522292873771326	-4.599097272951126	-6.9231956008202	-7.932000263265039	3.3329029903139125	0.7585810865122046	0.3559704319237578	1.4840004581412074	-6.03442601932169	1.0157432667924255	24.22942901037614	1.0
1652000	-16.78441074651423	-15.822948116027987	-0.9614626304862423	-8.0518020659681	-7.771146050059888	0.707174826786476	1.0167581613690122	-0.08259729952555438	-0.05378566474439017	0.823620198771881	0.06321493331372151	1.0
1653000	-19.240743261533076	-14.327015796205174	-4.913727465327902	-7.853910458865211	-6.473105337339964	0.7796594793608693	0.45306676933129364	0.2636047403902483	-0.7137518187229474	0.4691835482685335	2.3671024700003325	1.0
1654000	-14.071147470501142	-6.4094088667186	-7.661738603782542	-8.197090544896573	1.7876816781779734	0.6722347096762581	1.1679987444674782	2.298584647599254	-4.320499540556834	1.079673542808923	5.051356907092199	1.0
1655000	-12.628167457891987	-3.9138536259848147	-8.714313831907171	-7.814701210652527	3.900847584667712	0.8253121671805976	0.6076369467934948	0.6380014728967116	-6.050814297713459	3.032291473183571	6.39487746129071	1.0
1656000	-16.608635587859936	-8.472485086656883	-8.136150501203053	-7.971255111814852	-0.5012299748420315	0.6844803373750455	1.0910547580185286	0.30857263411008756	-2.806771124696111	0.7045564233352547	0.8940747082289433	1.0
1657000	-13.218888844254462	-5.562546190495411	-7.65634265375905	-9.339498835629552	3.7769526451341413	0.843234293147218	0.6679906527032946	2.8862115705047167	-5.897625026838027	1.07525465294707	11.223532311397994	1.0
1658000	-13.631965299296748	-7.5252790622525225	-6.106686237044227	-9.163460747258378	1.638181685005856	0.33847884257096644	0.6331351590079285	1.9496183223582015	-4.051872121625327	1.038003358162177	12.525588400778858	1.0
1659000	-14.096531435607147	-6.8357073795143775	-7.260824056092769	-8.065307015490998	1.2295996359766201	1.0709397833843681	0.992047372176178	-0.626644587731956	-3.696911465238512	0.6681011985770242	16.74817132576922	1.0
1660000	-16.732657487542138	-6.68778362222349	-10.044873865318648	-9.80699318724984	3.1192095650263507	0.7848843056231096	0.8345747323178179	3.395040102513346	-5.135619214650365	1.5262856185324722	3.5699158537079363	1.0
1661000	-14.303128174072203	-5.909939391549886	-8.393188782522316	-9.009306518131208	3.0993671265813214	0.49573288706993585	0.7563063744641856	-0.28755886795949626	-5.035119833780667	0.3446873400319199	39.223808160777146	1.0
1662000	-14.165354457062849	-6.3451385974544845	-7.820215859608364	-7.972812435138181	1.6276738376836963	1.0116488333931315	1.1282047959071253	0.4967504398884608	-4.1061465502539205	1.187344707153538	3.3018434647831967	1.0
1663000	-12.542235784672798	-5.4962044863616235	-7.046031298311174	-7.9599689982585975	2.4637645118969744	0.7518108240568975	0.3411937418487751	1.583907169328487	-5.469065366545846	1.8024571182712144	6.288648050079775	1.0
1664000	-12.867318648846172	-5.849256364959429	-7.018062283886743	-8.258907350312404	2.4096509853529744	0.8935819364300256	0.8262208256672152	-1.0963741705646384	-4.447081223224272	1.3460605544939266	6.798413476539296	1.0
1665000	-13.799992202250174	-7.972055218462232	-5.827936983787941	-9.38391130860762	1.4118560901453887	0.29555350820134985	0.5306585473478268	2.647641968888147	-4.108420496594211	1.7459358096774007	6.9046248781138395	1.0
1666000	-14.284160015188064	-4.956567600386239	-9.327592414801824	-9.050931992574956	4.094364392188717	1.5756728437661462	0.5595535157331046	-0.9019204500602045	-6.5828319359932985	0.29614762989359444	10.798100245117329	1.0
1667000	-14.619948233760079	-7.638760498727782	-6.981187735032297	-8.081028840419707	0.44226834169192486	0.8416731313398651	0.6598450553865034	-0.6519552121611398	-3.3570150266028325	1.1227955325284504	1.9282447778825786	1.0
1668000	-13.340780357556167	-4.753211281172847	-8.58756907638332	-8.13104621479387	3.3778349336210223	0.7623426723769244	0.1105190790839529	-0.523428929983554	-9.22895178765968	0.5067505408248745	85.44641839065415	1.0
1669000	-18.53599569718027	-10.434394975970832	-8.101600721209435	-14.129674750825874	3.6952797748550426	0.9127115233700995	0.5653489257108953	-5.1664725657099275	-5.73814025311282	1.6187959313213518	13.243101765773055	1.0
1670000	-11.817112689071749	-4.610946895056282	-7.206165794015466	-8.098499163712324	3.4875522686560423	0.6184293173391736	0.7922786480426164	0.419832856131685	-6.284992396839483	1.0615710979182391	18.47739286295473	1.0
1671000	-16.371777898250127	-9.795530838562858	-6.576247059687268	-8.499159300798677	-1.296371537764181	0.7439596089719726	0.7637849043647846	-1.1063057840897186	-2.431022839439185	0.5763938928461577	1.5177052318143698	1.0
1672000	-13.926689693885493	-4.089653583763245	-9.837036110122247	-7.885889903879613	3.7962363201163676	0.9675530361361234	0.4699267059214582	0.036141179690552305	-7.806004335643337	0.5312181765518642	7.7728292600689075	1.0
1673000	-16.443136164401523	-6.167832582642442	-10.27530358175908	-8.160905301733742	1.9930727190912996	1.1797361782445104	0.3773837142159733	-0.4110531679302363	-4.977232280629319	2.4096739551923445	2.2060461071016277	1.0
1674000	-12.855510706741658	-4.3805033819368395	-8.47500732480482	-8.400005467024634	4.019502085087795	0.46437554274752	0.17580650739226278	2.7797748560157167	-8.969632113710848	0.7233806296662264	16.017005860237095	1.0
1675000	-17.790508753922897	-10.410943320874875	-7.379565433048022	-8.441105753991883	-1.969837566882993	0.8229848255994706	0.8690791948984931	-1.254724079858574	-2.1024576565853716	0.5404487961613272	0.8391484878326336	1.0
1676000	-13.251875748466581	-5.572815203909492	-7.679060544557088	-8.188126011469677	2.6153108075601845	1.1808894805154064	0.17361034162657182	-0.6290788455256316	-7.126739191763036	1.4559006951880753	11.970939969716097	1.0
1677000	-15.089551945128122	-8.27985413623231	-6.809697808895812	-7.976420380342931	-0.30343375588937693	0.8102158867315447	0.7074021719799956	-0.3088382419903865	-2.9341978106484996	1.4347561643866131	1.354719640858416	1.0
1678000	-13.807073491232376	-5.5291883066960725	-8.277885184536304	-8.694248373790858	3.165060067094785	0.7245518450079409	0.25497197722741655	2.776930379281327	-6.6061308309605185	1.112222251084247	7.1359671973896575	1.0
1679000	-12.657020438936707	-4.627305807040081	-8.029714631896626	-8.395564522338793	3.768258715298712	1.2345806430164212	0.1984933554953912	0.3253126842170291	-9.434565132599985	1.0840494430968404	48.14469750077294	1.0
1680000	-15.984617254005679	-9.429218794702042	-6.555398459303637	-7.915362689808293	-1.5138561048937493	0.8326693036016526	1.5427744671205794	-0.17638364039402543	-2.752066822467706	0.6968915446478833	4.172794628992693	1.0
1681000	-15.027640334616212	-7.029730404449211	-7.997909930167002	-8.370731329471509	1.341000925022298	0.6635632839882866	0.9735445984252268	-0.5254669587190459	-7.063457377630042	0.8988030696614787	56.195584095501985	1.0
1682000	-13.86305039639367	-4.0174453327254405	-9.845605063668229	-8.14227421842827	4.124828885702829	0.5502717140681916	0.5145780676977312	2.2395047268849915	-6.504453064302207	1.3563626873350796	4.107837584941336	1.0
1683000	-14.892835359560726	-4.2583164883185685	-10.634518871242157	-8.138222407973343	3.8799059196547745	0.5815534451923455	0.39249426429732026	0.666732902957556	-6.391889438559919	1.0150526284505828	3.075573838347395	1.0
1684000	-12.000086443124953	-4.0532259674402225	-7.946860475684731	-8.340541799835771	4.2873158323955485	0.9772100468019067	0.421799938903137	-1.312153238659743	-7.191650867190494	1.8929791634174487	11.758982631692328	1.0
1685000	-15.4455723970938	-7.377625339346471	-8.067947057747329	-7.931028027792799	0.5534026884463272	0.7212843375430279	0.4692543761833361	0.2171445573889419	-3.803249129266652	0.8899852565694767	1.6312583464474468	1.0
1686000	-11.170044834838404	-4.047954541889649	-7.122090292948755	-8.1070092446672	4.0590547027775505	0.5958608032083402	0.5141835534024507	2.2088605133225956	-7.239637086283805	1.7036042004840608	46.87938622819575	1.0
1687000	-12.686671167906598	-4.699227960876215	-7.987443207030383	-8.530584608071123	3.8313566471949088	0.9051723037734963	0.3606512621434127	1.9677599449194123	-8.37231296972347	0.9776802413155837	19.503742507656508	1.0
1688000	-15.67551685406665	-7.549163963875309	-8.12635289019134	-8.275867994039398	0.7267040301640888	1.1595872799384874	0.7161427607971105	-1.035956266998275	-3.4482002037890296	0.39531291350643044	32.91381334722222	1.0
1689000	-14.663871683018115	-6.6769449941981485	-7.986926688819967	-8.7115090335452	2.0345640393470514	1.1661263975029208	1.2424612399860973	-1.8011590849786592	-5.285042411505387	0.8327014658689194	20.19052830870416	1.0
1690000	-14.301983942359755	-6.949868810164142	-7.352115132195613	-8.089214692171067	1.1393458820069249	1.1302284869104886	0.8790091825047496	-0.4135479973963583	-3.61129236908688	0.8518124468041254	2.6246059943939777	1.0
1691000	-14.63995914427533	-7.9305571094864735	-6.709402034788858	-9.298323277073118	1.3677661675866446	0.48981316134800135	1.2232732976734841	-0.6544320186717335	-4.054882304867662	1.4370806307552693	7.865961059196385	1.0
1692000	-12.7214357953283	-6.343923478339071	-6.377512316989229	-8.587095782434389	2.243172304095318	0.690088205640446	0.48681884308897994	-1.0169625692646902	-4.726086608852681	1.872146841038923	20.5017429813004	1.0
1693000	-13.972857708602973	-7.942115883962643	-6.030741824640331	-9.095245865125888	1.1531299811632452	0.5133821188658442	0.5053173360959313	-0.5875084910682593	-4.025466852736902	1.7851669728506054	3.734619830780728	1.0
1694000	-14.435321949734748	-6.444635249764511	-7.990686699970237	-8.17174670805544	1.7271114582909295	0.8199463597092311	0.32147953724285067	-0.7888059591251262	-5.117656735701542	0.7749830224884617	3.9654555961166693	1.0
1695000	-13.863846998329507	-5.003548310369389	-8.860298687960118	-8.618803607185322	3.615255296815933	1.39145435337177	0.6798530989159183	-0.27629899862616936	-6.860267434376367	0.6717858478647777	8.894759700484954	1.0
1696000	-11.118843360302693	-4.3520348638955415	-6.766808496407151	-7.946551648511022	3.5945167846154806	0.6226364335883725	0.46529258644877847	1.4771874986161193	-5.827710713238528	2.74651624144329	26.704978403836773	1.0
1697000	-14.697186765598248	-6.171855386326902	-8.525331379271346	-8.909361871767317	2.7375064854404147	1.18125606260908	0.8169525609577379	-2.0364875962212396	-4.716144774019979	1.9057599563455194	5.258291735699951	1.0
1698000	-13.092824934090231	-4.961313081552636	-8.131511852537596	-9.165440425986503	4.204127344433867	0.5919761669164374	0.27983144642762425	-1.276525479102569	-7.608952820728638	1.9740743423057787	7.630085011513592	1.0
1699000	-13.878418325003246	-5.837797309719134	-8.040621015284112	-8.080373799730419	2.2425764900112846	1.1152005693406406	1.1805942749095129	0.14439250830654726	-5.059420256359226	1.4723368091633784	17.636324745619167	1.0
1700000	-11.68054681812195	-4.390076816265851	-7.290470001856099	-8.561898001563344	4.171821185297493	0.407213282158275	0.2217162409809521	2.499056871172538	-8.592160175038234	2.619624919843092	12.485567039082573	1.0
1701000	-11.787596279180478	-3.8157992647786036	-7.971797014401875	-7.898318281185073	4.0825190164064695	0.7623016063254193	0.5099357761675067	1.3602553787029716	-7.223749113857849	3.238263308323539	19.10028061467466	1.0
1702000	-12.108823940965193	-5.170963201271134	-6.937860739694059	-8.629018371493249	3.4580551702221145	0.4455083982514803	0.728311859021633	1.1057738815320683	-5.440745987620257	1.4137719567135936	7.0869278433580405	1.0
1703000	-14.153365542046455	-5.530755951282765	-8.622609590763691	-9.415347031995127	3.8845910807123625	0.35923478557259186	0.2975710645253019	0.935310507154963	-6.947246772017743	0.6642134076166689	6.799786283235881	1.0
1704000	-13.138330513953589	-5.656531975113882	-7.481798538839707	-8.103912951391894	2.447380976278012	0.9520199175801038	1.0927496200892965	-0.8472314812424229	-4.920347035494353	1.121353264611602	17.839873002556466	1.0
1705000	-13.405062804167356	-5.729017385661464	-7.6760454185058915	-8.723161096493229	2.9941437108317643	0.3874876843233199	0.972215488659271	3.2893826439724174	-5.570478725396945	0.8666616485477896	10.203097052440206	1.0
1706000	-12.614619717794795	-4.480558512542404	-8.13406120525239	-8.116985933367184	3.6364274208247798	0.8341583236970779	0.6988890675667927	-0.7127990163776811	-5.680709960992342	0.7961661721865809	5.688021262849484	1.0
1707000	-14.426195107530141	-6.657278589886237	-7.768916517643905	-9.29021666950186	2.632938079615622	0.592310708596128	1.0672839287458102	-1.4324720643227384	-5.699274233658523	1.4324015924107487	51.165679497306	1.0
1708000	-13.370746276664368	-6.8273600609364715	-6.543386215727897	-8.251734767279373	1.4243747063429018	0.7949877058076803	0.3963845419677779	-0.869418729206372	-4.5508350522775975	1.4612275292346357	5.149412652756612	1.0
1709000	-17.07958552018994	-8.768142554957933	-8.311442965232008	-8.294189822182968	-0.47395273277496575	0.5516167976432454	0.6123823178040613	0.5317662329179499	-2.965956416523044	0.46930407919820105	1.0369693088298177	1.0
1710000	-11.667870018883791	-4.212001947116171	-7.45586807176762	-8.231524420438236	4.0195224733220645	0.9016108917633309	0.5857322751077313	-1.058649596334445	-6.765715106060689	1.4145901187964673	33.073090106289186	1.0
1711000	-13.2015955172404	-3.8779063863615404	-9.323689130878858	-8.046759607474069	4.168853221112529	0.9717966102431348	0.40773819739667333	0.9563273762017988	-6.758263170982641	0.23167881930980186	15.57168244640907	1.0
1712000	-12.775309398145621	-4.053522220722149	-8.721787177423472	-8.222740877217285	4.169218656495136	1.2166617405652602	0.4166374876573787	-0.4136189896853385	-7.667029590449202	0.39596754709365767	30.619027791132535	1.0
1713000	-12.31341732787892	-5.226807469093482	-7.086609858785437	-8.217472897437672	2.9906654283441894	0.5074639267662994	0.06756145713278863	2.296144964243794	-10.742115347424896	1.433475646835912	45.368779203227035	1.0
1714000	-18.28223190795078	-6.976905655036298	-11.305326252914481	-8.27424300194053	1.2973373469042326	0.8058181166011085	0.10744378418264454	-0.9404842540334939	-7.492143662285404	1.3933538990926913	3.7876667105903072	1.0
1715000	-13.718220390565744	-6.297653418526131	-7.420566972039613	-8.198119850735415	1.9004664322092841	1.169779534914546	1.0483370985299763	-0.7497162635644904	-4.215139050987377	0.7972341285457084	16.586013422030792	1.0
1716000	-12.181906672289625	-4.905335577199251	-7.276571095090373	-8.675960503275313	3.770624926076062	1.0825814705775982	0.39092792281753713	1.4562959494763872	-6.275726436333946	1.2427674955115422	23.891049887017843	1.0
1717000	-14.049485309938891	-6.089809765499908	-7.9596755444389835	-7.898850893820015	1.809041128320107	0.9800538068089224	1.3028093417391309	-0.025544564467768927	-5.169894532894574	0.5219616365481232	10.290775719358864	1.0
1718000	-13.71931813202169	-4.4009014525953125	-9.318416679426377	-8.551092433550865	4.150190980955553	0.7266252419312904	0.5288338987676059	-1.1186813942041338	-6.754574955231426	0.3887532499657047	7.633821733165118	1.0
1719000	-11.860416650839372	-4.537489000759827	-7.322927650079546	-7.943100404017845	3.4056114032580185	1.0100485992981996	0.4860973657388527	-0.24049665829792297	-5.592353851687195	1.6685694592368745	8.218775607632397	1.0
1720000	-12.593036819279062	-4.480977962980594	-8.112058856298468	-8.50250102588441	4.021523062903816	1.068268190444831	0.2572773745896163	-1.568871014387722	-8.791593515919173	0.869888793558026	23.90130131036083	1.0
1721000	-13.424172570149642	-5.457652950888987	-7.966519619260655	-8.987333247874238	3.5296802969852514	0.9414888470444904	0.5375974014907676	-2.123822650259192	-5.596356025019003	0.46915348865036927	13.883591113310242	1.0
1722000	-14.291272004235807	-7.682587775998304	-6.608684228237504	-8.644538282646103	0.9619505066477996	1.122541389539653	0.43074028411375503	1.261917456689613	-4.153137797666739	1.2578958733292356	7.365192392868765	1.0
1723000	-13.903134083348494	-6.624748638541084	-7.278385444807409	-10.896228975058357	4.271480336517272	0.382682250973646	0.3544582368171539	-1.4119351833500022	-7.825257805226652	0.8648726914790272	45.51518043804901	1.0
1724000	-11.025159507532527	-3.897196212918322	-7.127963294614204	-8.149440307848533	4.2522440949302105	0.7188158922928178	0.26629594595861594	-0.37707491341334365	-7.9310824186362465	1.1723333621309926	29.390626370615152	1.0
1725000	-15.673672338542397	-5.946083635095656	-9.727588703446742	-8.190312857514161	2.2442292224185056	1.1151559564607718	0.7732017990791727	-0.9163894112115515	-4.326185209157488	0.35201504418688173	2.263414499094131	1.0
1726000	-14.423975910855194	-6.663817238591226	-7.7601586722639695	-10.609999211057097	3.9461819724658715	0.7101215911923074	0.5921614297890022	-3.159325385163385	-6.130681500285404	1.58997383160631	9.349537256210503	1.0
1727000	-12.260580234835333	-4.722456401547193	-7.5381238332881395	-7.907236734527112	3.184780332979919	0.7415647430702031	0.7984695428495957	1.439463162733253	-5.165087095252897	0.587849182481968	10.18363807113498	1.0
1728000	-13.589910838512344	-6.666694962634393	-6.9232158758779505	-10.06938571039248	3.4026907477580863	0.21686974190268168	0.09442280102953651	4.151995480590985	-10.12173946275302	1.8903484374086597	22.538774918157472	1.0
1729000	-16.404155615195343	-10.141609540739537	-6.2625460744558055	-7.813657051044393	-2.3279524896951456	0.8270261843286713	0.8010641777694334	0.5033688820405927	-1.9676346513957386	0.7292667838368735	0.6942355475919264	1.0
1730000	-13.416344861161612	-5.158782910717484	-8.257561950444128	-7.920853276308918	2.762070365591434	0.7850812874728661	0.9740788709272512	-0.050709257298892085	-6.188035379413485	0.42685543502306206	16.270391338280884	1.0
1731000	-16.28643780236164	-6.444600152347977	-9.84183765001366	-9.170695396988783	2.726095244640806	1.2632357907161673	0.5414113785556501	-2.246961706577131	-4.918252937092325	0.77398317753553	2.9078964888189835	1.0
1732000	-11.24781623161564	-3.9687414470536	-7.279074784562042	-7.9246215336451895	3.9558800865915895	0.6438205477567692	0.3032092825922748	1.471895382716182	-6.994050464400167	1.1605019327154593	72.94706499311775	1.0
1733000	-13.953813145139524	-5.884465769636455	-8.06934737550307	-9.07581536896982	3.191349599333366	0.4026283826934888	0.7898391318833741	0.8082337693410488	-5.162610841648625	1.029008552009656	3.6152917431978313	1.0
1734000	-16.427717013160375	-11.054375544171197	-5.37334146898918	-8.111275350658396	-2.9431001935128007	0.7342117549571514	0.9240782094746852	-0.363507728667502	-1.7028155753520429	1.1100999565042269	4.934851959732962	1.0
1735000	-13.344942612699825	-6.503637474363327	-6.841305138336499	-9.367034046866682	2.863396572503355	0.4884492376236364	0.3625099494515356	4.19591656931618	-5.633082092294173	2.1704380862881063	10.456978941910865	1.0
1736000	-12.764129324782493	-6.0396265786808145	-6.724502746101678	-8.80347785327619	2.7638512745953756	0.4404220310216622	0.4816093023487941	0.7687067711745031	-5.094419081174499	1.9118529851801414	4.5788761389055255	1.0
1737000	-15.328362991804868	-5.703329016493887	-9.62503397531098	-9.028545152758639	3.3252161362647517	0.41100441183027636	0.46096230166402136	0.7642495883464974	-5.593966253063928	0.7744546074103847	2.8744510472476854	1.0
1738000	-11.826217780658776	-4.5200136744767585	-7.306204106182018	-8.78548057267667	4.265466898199912	0.6201008393792411	0.2769389900915785	3.218832018328693	-7.849678620154781	1.5252883318630404	96.80210633628285	1.0
1739000	-14.963781887237518	-5.738009147500334	-9.225772739737184	-9.19506435315863	3.457055205658296	0.4541068137457966	0.4085455346062926	4.14356001471814	-5.895827016428128	1.2104970343489618	5.093383022144017	1.0
1740000	-14.595110805385787	-6.795714628712362	-7.799396176673424	-8.098298393384677	1.302583764672315	0.635898504355789	1.0639857564047506	2.1656083090617977	-6.786508675667328	1.3032497062818895	34.42821456160476	1.0
1741000	-14.088460268936354	-6.711893741398633	-7.376566527537721	-8.110381535477076	1.3984877940784433	0.5597198729620032	0.6119636911448695	2.1416251859546844	-3.9431164047719585	0.6138323931281986	4.166307751973471	1.0
1742000	-14.941876072065469	-7.517179217479673	-7.424696854585796	-9.904540284077918	2.3873610665982445	1.1137567245221565	0.6275829245912827	-2.9796370958777705	-4.534671709890267	0.7340239004212011	14.097312789588546	1.0
1743000	-13.966087274072585	-7.628737881847206	-6.337349392225378	-7.82817991785535	0.19944203600814436	0.8071771765434864	0.887460213790682	0.8792022365746779	-3.1013812116536856	0.7706535326994656	6.541977710689069	1.0
1744000	-14.703606015287447	-6.906676090948558	-7.7969299243388885	-8.787234760475084	1.8805586695265255	0.6428680055956866	1.1152245434980768	-1.0699454141024214	-6.294197760134986	1.195274353419176	11.502887582025766	1.0
1745000	-12.029112600535399	-4.358407038178357	-7.670705562357043	-8.344070741997779	3.985663703819422	1.163770515952626	0.5480393889019239	0.6250671452180284	-6.18237265700856	0.9196440787993416	12.054106269368637	1.0
1746000	-11.478994421582783	-5.350376276109353	-6.128618145473429	-9.028061317951575	3.6776850418422224	0.3870050096239729	0.12187181293616879	4.032128616436975	-9.564636695191318	3.3836685608665626	44.34609284329466	1.0
1747000	-15.608588089930912	-9.014173792822774	-6.594414297108137	-10.369233248060088	1.3550594552373139	0.7631205672761024	0.29177673212308924	-3.09044232472225	-5.093085075316701	1.2381241381138826	16.8002920499836	1.0
1748000	-12.788592848869031	-6.344777764005105	-6.443815084863926	-10.042430847020562	3.6976530830154566	0.26318573811016943	0.38016144803662244	2.05461294443312	-6.248433817005213	3.356494055331158	7.625408898492887	1.0
1749000	-13.53448582175673	-6.542418302198547	-6.992067519558184	-7.820039310359627	1.2776210081610806	0.7654092980243093	1.0599947825900393	0.8184784068037184	-3.774598159715379	1.8324668771707275	8.692274470768957	1.0
1750000	-12.476469916325264	-4.803728237497728	-7.6727416788275375	-8.267606968866453	3.463878731368725	0.7898132335792943	0.8156083557756438	-0.8822583420465024	-6.081433838673035	0.8110051104601411	36.44666928179119	1.0
1751000	-16.74707309472402	-5.668890655484355	-11.078182439239665	-9.964133929665206	4.295243274180851	1.4328870155461455	0.3587580911155477	1.2840777696328771	-7.718479198657981	3.100354849381534	7.881317970318344	1.0
1752000	-18.204194051893836	-9.376469699466679	-8.827724352427158	-7.853941944914508	-1.5225277545521703	0.7172598744308355	2.0158307815923058	0.6760267725254094	-3.7685984312539786	0.5870750165958716	67.454379643526	1.0
1753000	-14.184143972666174	-6.946447116181009	-7.237696856485166	-7.893177599098376	0.946730482917367	0.8991935188306996	1.1692702547252567	-0.18272390237301173	-3.6676671264202234	0.4662430124381043	6.468515576392789	1.0
1754000	-12.91639218110962	-6.036180471579393	-6.880211709530227	-7.848935348333793	1.8127548767543997	0.8454309937890182	0.5740048976826487	0.8741233180647965	-4.252619322490816	0.7963781548512504	5.228964531637217	1.0
1755000	-12.759950587705053	-5.047023972332029	-7.712926615373022	-7.939975549115564	2.8929515767835348	1.003437855700457	0.9254000273965237	-0.25172355756277	-5.023687239221198	1.7072096457073553	8.12614564925414	1.0
1756000	-12.4147305455278	-4.723407651869866	-7.691322893657933	-8.814999677862488	4.091592025992622	0.8766308440613336	0.5558727699892738	-1.8534042630752943	-6.7945321005540285	1.3018995375793767	12.419997770694904	1.0
1757000	-14.767545821712165	-6.954302940337792	-7.813242881374373	-8.674088143379002	1.7197852030412104	0.6790199384259578	0.8686356120740338	-1.0927165407896027	-7.26202797333305	1.376014880666957	53.547615138956914	1.0
1758000	-15.303495061589185	-7.0500531135298035	-8.253441948059383	-8.317254896173804	1.2672017826440003	0.48790444189206655	0.7495279302213456	1.3913572832421326	-3.7218335432807494	1.0134212823936957	1.693471044260797	1.0
1759000	-11.255085501618765	-4.504235823612849	-6.750849678005918	-8.660367441748198	4.156131618135349	0.5444835755441435	0.5244372425688292	-0.17659416929682276	-6.718547722463489	1.7191699492821864	17.14516391371939	1.0
1760000	-13.373222669002326	-3.987166495189433	-9.386056173812893	-8.133783663226536	4.146617168037103	1.1189691304146592	0.49942930259738183	-0.7229529054177922	-6.558237793273433	0.5132895000613489	6.083280844994623	1.0
1761000	-11.889628290908178	-4.419813746785131	-7.469814544123047	-7.867891613639287	3.448077866854156	0.7987110663905179	0.7695267163280547	1.1380204671120993	-6.536073130941866	1.4055976859219608	26.643625416854075	1.0
1762000	-14.874099942370325	-7.600338865034383	-7.273761077335943	-8.164698009010511	0.5643591439761284	0.88137939865038	1.201999502792388	1.5670322077930625	-3.4633439383707465	0.5628008980234048	4.470434404577354	1.0
1763000	-12.25739218745176	-3.817375372474383	-8.440016814977376	-8.090241785257403	4.27286641278302	0.8905532028372143	0.4227562066504795	-0.761103658877208	-7.3418149928947924	0.9212080246850993	8.98142511497624	1.0
1764000	-12.14793331715068	-5.495432865511286	-6.652500451639393	-9.574636772870065	4.079203907358779	0.3742932196450152	0.5538085739039453	0.3999796458659406	-6.437545398436362	1.3917434858612014	12.60989674658237	1.0
1765000	-13.002871698189068	-4.3458980148244395	-8.65697368336463	-8.525011268478956	4.179113253654516	0.4329793947304223	0.4714040816240407	3.006237473109528	-6.65222667421259	0.9603787400992382	6.7208978192506095	1.0
1766000	-12.32566869212831	-5.309632786549504	-7.016035905578805	-7.886500178756871	2.576867392207367	0.6783253195975176	0.9555868770327354	0.8163715597788379	-4.704644630030906	0.8292849142630196	9.624468777851483	1.0
1767000	-11.831527875448883	-5.016384528375918	-6.815143347072965	-8.964160156141284	3.947775627765367	0.33637787744944536	0.6256316807711232	3.3399489760021264	-6.262784229493521	1.2728509825373238	28.868716811207356	1.0
1768000	-11.990931817216254	-4.795922711249134	-7.19500910596712	-8.17374902119041	3.377826309941276	0.7158784559873643	0.33718263047567576	2.140286092317041	-6.178300103033397	1.0792004028876154	10.645744515989	1.0
1769000	-14.87982917449508	-6.805700567968451	-8.07412860652663	-10.376182764615232	3.570482196646781	0.5108144364670748	0.30160410182245356	-2.0821825252482813	-8.910682780526006	1.1758967481116869	225.77879163896804	1.0
1770000	-21.223900467391687	-13.040300159692299	-8.18360030769939	-12.637992171432838	-0.40230798825946046	2.073586007476994	0.49017151614388	-3.392925379769873	-3.2553321540665525	0.5746018017587122	5.247304700631765	1.0
1771000	-13.168131633860698	-4.259434786730852	-8.908696847129846	-8.01436739392343	3.754932607192579	1.0126395246945532	0.6334822617944035	-0.5747728048813355	-6.953754144610467	2.3260570134275205	111.19398616884259	1.0
1772000	-12.366287776780274	-4.870289441961861	-7.495998334818412	-8.345182611149454	3.4748931691875926	0.5651268343456128	0.6708703537693085	2.777453589272372	-5.426810307357795	1.811284268394264	6.9708296500013835	1.0
1773000	-13.537632885742383	-4.068193993583341	-9.469438892159042	-8.232705978518355	4.1645119849350145	1.1512402256269452	0.2184842508286597	0.43963635673113005	-8.388127971756884	1.5182840949390797	8.247781747024879	1.0
1774000	-13.673558826453132	-8.244263424055625	-5.429295402397507	-9.03204367563757	0.7877802515819465	0.3609939836161901	0.21534827431027107	1.7355279505099017	-5.432453106918378	1.919059940688191	15.91430699147713	1.0
1775000	-13.237968384029674	-5.459396730928207	-7.778571653101468	-9.29093947732579	3.8315427463975826	0.854918064899214	0.4071212354402354	2.810447622337188	-8.113403494814364	0.953225220270605	28.644024822603832	1.0
1776000	-11.232376112883163	-3.8313665543019466	-7.401009558581217	-7.846904803011962	4.0155382487100155	0.8712167785366071	0.506393455592165	0.0830374111241848	-7.360327431439041	1.5971309961967206	27.544653526364026	1.0
1777000	-15.029649571184287	-6.716103185635065	-8.313546385549222	-10.623918253039527	3.907815067404462	1.221523775917344	0.6061450378971445	2.3576185326991275	-6.064082391883403	0.9094357203027962	8.53724959504094	1.0
1778000	-11.04856233583696	-4.34683336338737	-6.70172897244959	-8.593406825511659	4.246573462124289	0.5438524987101148	0.3001214565387111	3.2103004236035027	-7.534060338557302	1.776953445677703	31.826994484866656	1.0
1779000	-12.736562967517765	-5.552787290208964	-7.183775677308801	-9.460267530164167	3.907480239955203	0.27610441673583397	0.6276673806642744	3.2593534062020337	-6.116659577459179	2.056752426455381	8.674131896220246	1.0
1780000	-15.820446503403192	-6.903995246720205	-8.916451256682986	-10.485050979694442	3.581055732974237	0.7883442397299364	0.7626925285147684	-3.222061115329767	-5.7730752998186565	0.5586865037765363	7.067969219846308	1.0
1781000	-11.992029756300488	-4.3311086610669784	-7.660921095233509	-7.964959274301119	3.6338506132341406	0.9352915011416436	0.7384198712133295	-0.46570477107270525	-5.796243052657275	0.9389209919162782	8.530860793278451	1.0
1782000	-12.593854193977858	-4.589756660492667	-8.00409753348519	-8.696863831903498	4.1071071714108305	1.2540284743615526	0.466025077215278	-1.6621876441321024	-6.48861248312725	1.990833447064337	25.62598253666507	1.0
1783000	-11.87744865348564	-4.845832556147458	-7.031616097338182	-8.271891901519405	3.4260593453719475	0.842981407232115	0.43247235761747227	-1.0278899436848987	-5.776833624487816	1.1966783780828536	33.57778466024592	1.0
1784000	-12.55028375730878	-5.046780951683297	-7.503502805625484	-9.311939515714796	4.265158564031499	0.4478611350419672	0.39897868635854883	4.278012267289253	-7.031924376813845	2.027073266640953	11.65487692389356	1.0
1785000	-13.167543538220288	-5.188051016589263	-7.979492521631025	-7.8441993712428655	2.6561483546536024	0.9124525246550622	1.0672307145265398	0.3709907319513429	-5.616987906784426	1.4295490228972243	8.29000302450836	1.0
1786000	-14.716119875915679	-6.118499215262679	-8.597620660653	-9.861011534919776	3.742512319657097	0.9727052033186244	0.7181039597918752	2.7635387964725826	-6.129499911257787	1.6348241635137821	7.692692361185764	1.0
1787000	-13.177142743897013	-4.989921194511526	-8.187221549385487	-9.228371670247684	4.238450475736158	0.30894921020834426	0.35462312685382197	2.7161121731941194	-7.138109054583325	1.592477592896917	6.764408127278706	1.0
1788000	-12.973986521072417	-4.295284599338023	-8.678701921734394	-8.096562776285786	3.801278176947763	0.7932397441515239	0.59044661479228	-0.5557121220346639	-7.148154922403344	0.7546382839674664	8.219159019386007	1.0
1789000	-11.028855088008704	-4.000358613784109	-7.028496474224596	-7.933835697797529	3.93347708401342	0.7824119598053818	0.5319694210597029	1.4230976907658048	-6.098429316783793	1.826991095137588	16.2613015623723	1.0
1790000	-12.09918081391295	-4.281169305875631	-7.818011508037319	-8.305034447364749	4.023865141489118	0.8456892270454718	0.4863736507802774	1.9088028356758766	-6.303497893730895	1.3393747584176519	94.78212415999252	1.0
1791000	-11.72536526380211	-3.653815848325803	-8.071549415476309	-7.885595877630129	4.231780029304326	0.6663437677909737	0.29153844177601473	1.116972533270046	-8.25913042777452	0.7216433478169989	16.779446912616972	1.0
1792000	-12.28401621932981	-3.892604908704617	-8.391411310625195	-7.915159082856666	4.022554174152049	0.9794017625865177	0.40426052748855534	0.4333168455213756	-6.527779829190276	2.1880132598535433	6.712433558717012	1.0
1793000	-12.665879104166901	-4.875153414603421	-7.790725689563479	-7.858372435925327	2.983219021321906	0.695082134918484	0.6919277922600588	0.9816836589971278	-7.3247132321666095	0.8518943833506666	49.172555937365026	1.0
1794000	-12.251587522807888	-4.922143757939638	-7.329443764868249	-8.675371297283212	3.7532275393435732	0.6345218183564498	0.5413134651998425	3.0567349561805552	-7.4687860036830305	1.5898857058366702	23.102682110059764	1.0
1795000	-11.380346752406826	-4.509036255230276	-6.87131049717655	-8.443256660612773	3.934220405382497	0.5453158665534962	0.22885365012974698	0.23934819588864986	-9.06359139695763	2.6894497857947304	22.785998351832024	1.0
1796000	-13.700906131127487	-6.6652684122039485	-7.035637718923539	-8.944150599279224	2.278882187075276	0.3698011607363904	0.3677387232276697	3.821406745055281	-5.205558894875789	1.336032839604092	97.26318231919484	1.0
1797000	-14.318730056256573	-5.665022047193396	-8.653708009063177	-9.449378217401039	3.7843561702076425	1.2464605807393443	0.5315722418347556	-2.5354279964852067	-7.490416863879318	0.8701763697446143	12.815091738146874	1.0
1798000	-17.12381837796876	-9.538862333227133	-7.584956044741626	-7.993907199206517	-1.5449551340206167	0.8577732648993281	1.8614363641844298	1.3203811585954588	-3.283957737335991	0.9661969141714085	3.462694688132526	1.0
1799000	-13.14163352348776	-5.570150123305751	-7.571483400182009	-8.079528351536002	2.5093782282302506	1.1290752253886018	0.7772787789700768	-0.07721348749486556	-4.520669755795021	1.4344778424923506	29.037373844277038	1.0
1800000	-15.905896407955424	-9.720938174797134	-6.18495823315829	-8.207105806745039	-1.5138323680520953	0.7987354753861796	1.0098806863552372	1.9319015217241686	-2.3106123475528606	0.9326332047180519	3.981636995586339	1.0
1801000	-15.130215180319333	-9.592943028047813	-5.53727215227152	-7.874107019619638	-1.718836008428175	0.9207056117244166	0.6346868670834132	-0.06866261209899094	-2.3588944169993686	1.6566960433065956	1.808384014154298	1.0
1802000	-12.09639157742459	-4.996202315613665	-7.100189261810924	-7.838364355740586	2.84216204012692	0.7239035820187761	0.309008374207117	0.8377002904648787	-5.9330773514906205	0.812258715602493	11.417209989125775	1.0
1803000	-16.82454182286832	-9.24798235909682	-7.576559463771497	-8.313682980520408	-0.9342993785764122	0.5315188822830397	1.6881243113441882	2.7303312655751175	-3.3051396151046486	1.4988285224202547	8.49771020231046	1.0
1804000	-12.286032828236493	-4.1984128779370735	-8.08761995029942	-8.411980276003376	4.213567398066303	1.2752736456081493	0.4872917434422516	0.07708930219299703	-6.902602506645361	1.2378147392245828	60.32523798714136	1.0
1805000	-15.043220392895746	-7.8121399776198945	-7.231080415275851	-7.815608557225655	0.0034685796057600804	0.792996350807761	0.5024954745571232	0.5522741729608625	-3.4248256911292323	0.36059605089321367	9.5356345756855	1.0
1806000	-13.388329773893314	-5.369609958852825	-8.01871981504049	-9.131055284747097	3.7614453258942717	1.4001745099815557	0.6855720090873362	0.6624848393264324	-5.916316662768861	0.8646336358478863	9.85005694463532	1.0
1807000	-14.861389393864862	-9.042378716052017	-5.819010677812845	-11.725886575257102	2.683507859205084	0.3176729708850014	0.23689763596302343	-1.3817667186549658	-6.407073491151854	1.8282772536015837	13.983408137631777	1.0
1808000	-19.09262005205951	-9.072081734115827	-10.02053831794368	-10.313397165981147	1.2413154318653201	1.144973801666368	0.410708121322957	-3.258309500734164	-4.3862505980918165	0.650538303609455	2.8329349442675786	1.0
1809000	-16.038836330749724	-8.285853325244423	-7.7529830055053	-8.325740348696282	0.03988702345185935	0.5707241808757734	1.329179361835004	0.2548859392615561	-3.302645013776595	0.34376358552174674	16.26668380528674	1.0
1810000	-17.184176406394847	-8.942068552913232	-8.242107853481617	-10.281264640459199	1.3391960875459663	0.5119598416583068	1.0273967909914847	-1.9947095926135276	-6.889888380806687	0.623067877989628	13.641158977227272	1.0
1811000	-12.1927988832647	-3.834025311679466	-8.358773571585235	-8.071369630483131	4.2373443188036655	0.6001229369809399	0.4686283230719548	0.7013733670059822	-7.0229833033325555	1.014302115377545	7.108155499231359	1.0
1812000	-13.771555984287083	-5.730601307648443	-8.040954676638641	-8.78949721246949	3.058895904821047	0.6357702741790463	0.6443889249447633	-1.033995623994197	-5.024628794259218	0.5918108971442014	4.5758478834432035	1.0
1813000	-15.391889376430743	-8.328936242695104	-7.062953133735639	-7.916037141013451	-0.41289910168165367	0.9376519825024755	1.1458854823937206	0.7239673823091569	-2.8834308549599283	1.8467125799531259	2.818094752319632	1.0
1814000	-15.09711128887324	-7.306383125576476	-7.790728163296764	-9.360089665709868	2.0537065401333923	0.32248542203392716	1.2079205138085716	4.479885666720534	-4.795785001066689	1.7622395377194797	10.634353160391372	1.0
1815000	-22.27077731767163	-16.818189738028913	-5.452587579642719	-8.665854865815984	-8.15233487221293	0.9051137706318202	0.6567287225142836	2.110102240162297	0.14790189754217709	2.1166384060424486	2.42883427834023	1.0
1816000	-13.034336737951985	-4.093969679378692	-8.940367058573292	-8.20688794291057	4.112918263531877	1.0224238963672867	0.22481939715926422	1.0570953288267144	-8.062174889154322	0.6141901850083027	11.234462145551586	1.0
1817000	-13.48530909599831	-5.784846714459753	-7.700462381538559	-8.629768451915936	2.8449217374561835	0.8868869749957549	0.2790595403314309	-1.6400574680737132	-6.152980144995432	0.545271234673027	18.462670858305465	1.0
1818000	-11.941653607650265	-4.594635874500716	-7.347017733149549	-7.983892441357205	3.3892565668564893	0.6073971861354723	0.8241323010302124	1.0724921039510245	-5.57519017719032	0.9598686218830406	8.34316492840508	1.0
1819000	-16.865430388722622	-5.139988017137112	-11.725442371585512	-9.047700188958341	3.9077121718212293	1.1328396942362104	0.33341997542225016	1.630984581964256	-8.462468160436693	0.5367651962626871	6.148544383115213	1.0
1820000	-12.932403130155723	-4.378555697309859	-8.553847432845865	-8.058923001871282	3.6803673045614227	0.7774859565555458	0.7374482917869357	-0.4160586112900071	-5.9676556559932346	1.0317122872495645	4.947546446494802	1.0
1821000	-14.952106058224679	-7.403932133805838	-7.548173924418842	-10.850015890869422	3.446083757063584	0.17572810002492453	0.7992679374578266	6.0674388037829905	-5.593975514623144	0.8664735338481776	25.151436834941194	1.0
1822000	-15.271179207846046	-7.26564431071187	-8.005534897134176	-7.904811330218787	0.6391670195069175	0.9902022384067732	1.3021326057372042	0.1878714197944924	-3.6420264785700245	0.640051932222657	2.203348910792159	1.0
1823000	-11.748137170814683	-4.495545693108736	-7.252591477705947	-8.424226068750972	3.9286803756422364	0.5232042711338695	0.15810786329325507	2.967649504944654	-9.228866031504694	1.3508880984594267	25.074004175548172	1.0
1824000	-14.707336794509812	-8.214833834434843	-6.492502960074969	-7.95613661178694	-0.2586972226479034	0.6621405681986294	0.8059118227332234	1.7071537898552227	-2.8926054904742857	0.8791469126503783	15.539618757514797	1.0
1825000	-13.697889133076067	-3.883810386501974	-9.814078746574094	-8.050631824967473	4.166821438465499	1.102083987927116	0.24192954832886113	0.09444918549911985	-7.957234357692198	2.406294224972827	6.942814781034659	1.0
1826000	-12.911014944775783	-3.8685732571566485	-9.042441687619133	-8.068693036668952	4.2001197795123035	0.9718075419869129	0.29781434415822705	1.008160008428362	-7.4351016002505	0.6740959854417389	8.123127745268212	1.0
1827000	-12.979107754171388	-4.948572628729501	-8.030535125441887	-7.821743106579493	2.8731704778499925	0.8634183279239228	0.4101831478971431	0.49739485203553113	-5.4208108187853385	0.45684736588036917	7.118968953357883	1.0
1828000	-15.617087867573728	-4.438068037278757	-11.17901983029497	-8.198774289686828	3.7607062524080703	0.7641919276253555	0.5230110919546138	2.0336548632236653	-5.874436793803169	2.241742567310483	2.735412700497897	1.0
1829000	-24.48369953636493	-14.312202040391576	-10.171497495973354	-13.623540064653277	-0.6886619757382979	1.5725452544850205	0.4256279082844137	2.5469242471053004	-3.3179756291325724	1.3036351854545738	1.4933117274829968	1.0
1830000	-13.619412968747158	-5.605396036346111	-8.014016932401047	-9.378282726704112	3.7728866903580016	1.3214193750916392	0.5435747407704945	-2.388870429770121	-5.8593204003132575	0.6822872744637322	12.263055849471783	1.0
1831000	-14.69492091461132	-6.892804949420373	-7.802115965190947	-9.318418832399514	2.4256138829791407	0.7942811002381669	1.064558241750506	3.046805802773995	-4.777802831847548	0.588019394129175	12.541293779040073	1.0
1832000	-14.658883771688707	-7.370571381561818	-7.288312390126889	-8.507042993312153	1.136471611750335	1.3407610894673467	0.6042027706445858	-0.9117234039879734	-3.807713372062208	1.146820691390985	3.358117624945083	1.0
1833000	-15.230746644062531	-8.851545008127488	-6.3792016359350425	-8.553805747067024	-0.297739261060463	0.614266944350219	0.603400416627317	-0.5395852555662953	-3.065505404276118	0.9867789991451357	1.7646194217345124	1.0
1834000	-12.548455511546692	-5.969046440328128	-6.579409071218564	-7.89706644703154	1.9280200067034121	0.9501234753613853	0.45442734694084547	0.5497656416503506	-4.628664327016797	1.28778169431029	15.339037944233059	1.0
1835000	-15.086524721718286	-7.403053303785972	-7.683471417932314	-9.660713714083634	2.2576604102976625	1.3614125750648038	0.21396544554523128	-2.5998211686378414	-6.350322454611769	0.8975571578292257	17.11850577212712	1.0
1836000	-13.136457936143715	-4.902610199022764	-8.233847737120952	-8.609416619213741	3.7068064201909774	1.0396381305091835	0.7040214965630343	-1.7238156379411822	-6.54586683442517	2.006092868899825	42.66992987379282	1.0
1837000	-11.873776825778194	-4.159537699381901	-7.714239126396292	-8.373108065111287	4.213570365729386	0.6318456516296368	0.23602455313691822	-0.3338774932719488	-8.309055624948803	1.007375622146168	14.957924050020807	1.0
1838000	-12.06985150464482	-4.9351181718494885	-7.134733332795331	-8.586502043648192	3.6513838717987035	0.6608697413748434	0.6390203585377731	-0.8712750564389475	-5.648822926424121	1.5320419039412823	7.7273801822970425	1.0
1839000	-12.580558044513872	-5.257129658526904	-7.323428385986967	-8.721605546182534	3.46447588765563	0.42062393907541545	0.7852756796784308	3.5026841223839327	-5.577851748145457	0.8194330543491777	26.9889063943942	1.0
1840000	-15.382532848030936	-5.4272085787151045	-9.955324269315831	-9.033821316517514	3.6066127378024095	1.555373916525369	0.4876084355383348	-1.1685026127032598	-7.865381072275604	0.3448186311719427	162.15422326701025	1.0
1841000	-13.293277114234673	-4.379948944722258	-8.913328169512415	-8.577829376041597	4.197880431319339	0.4362834594290403	0.40105704422953276	1.4302761293786208	-6.84233328193801	0.471465546870596	150.5999316011763	1.0
1842000	-17.06355276219326	-9.708840527042124	-7.354712235151137	-8.215422914357594	-1.4934176126845307	0.5766080044419374	0.6800296125409139	0.4802011112825084	-2.407960155269479	1.0448135209963603	0.6352454299156955	1.0
1843000	-13.904968114553704	-7.195473299612113	-6.709494814941592	-10.338564040186585	3.1430907405744724	0.23457268108395504	0.2285796166624388	2.4075370854950404	-6.848726042782146	1.8034627225544804	155.43517666293016	1.0
1844000	-12.359553783967527	-4.267742369683836	-8.091811414283692	-8.12119558077734	3.8534532110935036	1.1578445450497108	0.37703616150794805	-0.2815662569881902	-8.261335273918048	1.7977968062576377	21.126904530070714	1.0
1845000	-12.73354517160942	-5.459984088839999	-7.273561082769421	-8.572481690828093	3.112497601988094	0.9193411548515589	0.2597671569181139	-1.6071163800341246	-6.520218423274321	1.2730496954123547	11.33138155168795	1.0
1846000	-13.137391893039954	-5.324386143195543	-7.813005749844411	-9.080117142692359	3.7557309994968158	0.34480582826122175	0.7097345122536316	2.0197557851658132	-6.310609504151141	0.5419106314059217	14.78440960851146	1.0
1847000	-11.216688274160798	-3.6613763061811877	-7.555311967979611	-7.949785475193641	4.2884091690124535	1.0346098487264217	0.3273397360220115	-0.0022401243786961053	-7.457832782616342	1.7856266440138573	17.690413325183957	1.0
1848000	-13.533989738076187	-5.914718773486167	-7.619270964590019	-8.002104919137954	2.087386145651787	0.5974022349382717	0.6005999712653015	1.7501117269746789	-4.376583809638168	0.42303473212533305	20.12715725891744	1.0
1849000	-11.830159492099398	-3.513330896345125	-8.316828595754274	-7.816443118405468	4.303112222060343	0.8233727925649986	0.39447978579311305	0.6854354207703337	-7.403724726891057	1.9614922471144527	8.332639367365969	1.0
1850000	-17.51951511501067	-6.867377111423985	-10.652138003586685	-8.057201754170734	1.189824642746749	0.7170129148998804	0.8238746403309776	-0.1494485777456106	-3.6461639175072866	0.3391008438733746	1.104283388880574	1.0
1851000	-16.977939986430854	-8.145113005333368	-8.832826981097487	-7.932437483357964	-0.21267552197540418	0.629070964205375	1.5372173822247754	1.2447141894727598	-3.478430553754408	0.8896119362612598	1.5533046075950148	1.0
1852000	-14.328948488738277	-6.37881742793691	-7.9501310608013664	-9.105807690493164	2.726990262556254	1.5310942377114056	0.2722406347241917	-1.5407583276215768	-6.121343204934894	1.7475281227288573	13.532569537725857	1.0
1853000	-13.400980591734942	-6.18277066732108	-7.2182099244138636	-8.234261783582525	2.0514911162614453	1.1329668084306068	0.8438501274441929	-0.9935353241695976	-4.186721433996223	0.8323877486796097	5.670271932091242	1.0
1854000	-15.167517278456886	-3.8497512438322357	-11.31776603462465	-8.003915416952415	4.154164173120179	0.8693452413891019	0.522805493848531	-0.519271746727829	-6.669741064053214	0.5453630446218091	3.5923321378207502	1.0
1855000	-12.223836629130066	-4.249894465424668	-7.973942163705398	-8.228751807158261	3.978857341733593	0.5278711680718533	0.2435170015982657	1.0508215660847626	-7.568189117381782	0.7460938101967786	11.544732462619207	1.0
1856000	-12.747725427973984	-4.11575434422115	-8.631971083752834	-8.09753563119361	3.98178128697246	0.9134443344550601	0.5705510189467463	-0.805073838349965	-6.996836436554467	0.9412155840984375	7.652115912789651	1.0
1857000	-13.19014838315715	-4.716836070442174	-8.473312312714976	-8.647425085476476	3.930589015034302	0.402921970474862	0.5487422356626953	1.9746792123767092	-7.224841840627282	1.4323539112501276	6.912674868136002	1.0
1858000	-11.454350521356039	-4.218858050187672	-7.235492471168367	-7.962441189922962	3.74358313973529	0.9836341261041439	0.5294888331736025	-0.42247756001291537	-5.8433716811007175	0.9734951363365785	13.657290061130043	1.0
1859000	-11.919138694632203	-4.721422288889452	-7.197716405742751	-8.347837631083475	3.626415342194023	0.9465350854593292	0.6034269141432534	1.5898499464516482	-5.623961181282913	1.3550261135310644	21.991523883985824	1.0
1860000	-16.066162645430325	-5.788194509655945	-10.27796813577438	-9.760998366205813	3.9728038565498682	0.4795752782402801	0.2887866204779602	-1.1554304395267991	-7.12832657502075	1.1870403791677715	4.0247090302292845	1.0
1861000	-11.18175566776791	-4.487834191163582	-6.693921476604327	-7.839593587374813	3.351759396211231	0.7559037876980278	0.3130172273633427	0.48824243771135034	-6.30780801146392	1.3762611956781023	15.984477759053757	1.0
1862000	-14.53389774206257	-4.956876932389115	-9.577020809673455	-7.833445672935793	2.8765687405466784	0.8675559877910689	0.3380301190719818	0.19618102484316718	-5.776781788733622	0.6955240005462173	3.3677793073828717	1.0
1863000	-13.442640360541183	-5.623608815297665	-7.819031545243518	-8.089804884168979	2.466196068871314	0.8362535466360299	1.1023699907856992	-0.6590497952717814	-5.748253890489578	1.557219387684007	13.208899714931407	1.0
1864000	-11.646946848217455	-3.845273149196556	-7.801673699020899	-7.937493255551449	4.092220106354893	0.6386128941120257	0.5025372416316896	0.932770718531397	-6.415974962961354	2.310726932158943	6.818541760930249	1.0
1865000	-11.264816778031868	-5.044249479543333	-6.220567298488535	-8.437148104187054	3.3928986246437214	0.4689325033362628	0.5211087193686519	1.279105004124235	-5.497508647701491	2.177229851305208	19.04952367024344	1.0
1866000	-12.042123165309839	-4.73631517612365	-7.30580798918619	-8.001870134551293	3.265554958427643	1.0586024825812113	0.19716718252317597	0.2543741981300503	-7.329743742046631	1.199795241694783	20.975160109346838	1.0
1867000	-12.207629028966537	-4.964713578752649	-7.242915450213888	-8.429110537001545	3.464396958248896	0.6205577000194439	0.8162498804587046	-0.3626004624196223	-5.787138327985172	1.0389101105165865	31.83694862645572	1.0
1868000	-14.049318518394545	-5.305925192351612	-8.743393326042932	-8.086546291853741	2.780621099502129	0.5501848422569301	0.8459213162448344	1.4525369360496578	-4.774573496473207	0.6236419661363273	3.161045253941841	1.0
1869000	-12.717537383514184	-4.266403959538747	-8.451133423975438	-8.1622814736924	3.8958775141536526	0.6305509577494155	0.5638686144153455	0.13699734022689955	-6.018626544726487	0.6201073113913864	5.707288201284924	1.0
1870000	-16.025125357141476	-8.5833680935978	-7.441757263543677	-8.782335723672615	0.1989676300748151	1.055480820383135	0.8656262375234238	-1.9421775630670646	-3.103239402688806	0.5762988772301701	2.8586464190887244	1.0
1871000	-12.257519321260855	-4.07800428876614	-8.179515032494715	-7.9014446606259785	3.8234403718598386	0.7065006998364963	0.6729760125364574	0.4450654660953173	-6.517422492226869	0.8448642949404044	7.586145745026048	1.0
1872000	-16.108975616814092	-7.235026180032781	-8.873949436781313	-8.695038558745175	1.4600123787123938	1.2409614568967513	0.6494785117894272	0.8216651679042074	-8.125513792513358	1.76080938151049	16.272562449327246	1.0
1873000	-15.700343733055899	-4.457192585212453	-11.243151147843445	-7.8738817894226445	3.4166892042101917	0.6872105000916476	0.5029653872990159	1.2496840778659764	-5.560034892398354	1.2454308181124283	2.1356664401346808	1.0
1874000	-11.8801576367214	-5.1708401273896865	-6.709317509331712	-8.687290306273761	3.5164501788840745	0.5981894304199178	0.48924076799719673	-0.6473832965848285	-5.686972131995811	1.8517637672293519	8.29779579022425	1.0
1875000	-12.28747981263477	-5.289247856068947	-6.998231956565823	-8.87754346477376	3.5882956087048132	0.4153339465826818	0.7734026145506189	1.0104450349520395	-5.908894847896186	1.3313521988280976	40.876086995168976	1.0
1876000	-12.49416219094739	-5.015352800848534	-7.478809390098856	-8.457058714152815	3.4417059133042813	1.1105015707497907	0.27352678200805575	-1.4736354212652565	-6.682509725797215	2.1154936276788865	33.62670747634511	1.0
1877000	-15.535704824976392	-8.23223385399072	-7.30347097098567	-9.949442507672806	1.7172086536820856	0.6311404870136404	1.148502469170408	-2.335818761473871	-4.21578803476461	0.8313593577636564	21.893358574702958	1.0
1878000	-13.082345192595945	-6.016628655502924	-7.06571653709302	-8.319198859171236	2.3025702036683118	1.0962089470330647	0.29005391114336315	-1.241972575568469	-5.6916483695723095	1.1033506584842816	12.117102999683796	1.0
1879000	-13.268055974139884	-4.728852094766612	-8.539203879373272	-8.679223749033643	3.9503716542670304	1.2267168932098742	0.5358283587187382	0.8642239320155232	-6.122896578322501	0.37487753821157693	11.99652107348711	1.0
1880000	-14.118360733590375	-6.503066979093336	-7.6152937544970385	-8.675621276299537	2.1725542972062017	1.4288189101424085	0.594518617762448	-0.5555895138373079	-4.441159553219861	0.867097520849057	4.47140870317492	1.0
1881000	-14.490316624521068	-5.793742065871811	-8.696574558649257	-8.02234950741891	2.2286074415470996	0.5874451967544216	1.1409961037430945	1.8160452308682378	-4.769042556122898	0.891341271039064	3.3590611217671613	1.0
1882000	-13.80827646760944	-5.697991558155826	-8.110284909453615	-8.423610338300872	2.725618780145046	0.4838067710296741	1.051252464518697	2.9421767340282527	-5.38801048310698	2.797098083210681	30.52506896569516	1.0
1883000	-14.264438642779634	-5.830663296370405	-8.433775346409229	-10.023909166575724	4.193245870205319	0.5451124235038672	0.32946538901775824	-1.9552375802887973	-8.138500830548447	4.081906573588702	9.867922076135034	1.0
1884000	-15.515164327184754	-7.4755035316043905	-8.039660795580364	-9.214186068326562	1.7386825367221714	0.8659168801314245	1.2776794186903269	-2.268482327992986	-4.612286948873386	0.4257822557035142	13.627533398716407	1.0
1885000	-11.666933085576805	-4.417501337874825	-7.249431747701981	-7.943016191951185	3.52551485407636	0.7492311503315708	0.23717373120515478	0.024736519215334596	-7.101842690088417	2.045356299768825	9.995238493532655	1.0
1886000	-15.59700529890011	-7.282423708446178	-8.314581590453932	-10.121535001592973	2.839111293146795	0.8966379452492378	0.878954846113908	-3.084905420817932	-4.869989886945105	1.1720044632678768	93.2106759697068	1.0
1887000	-12.800276288942186	-5.270824394864401	-7.529451894077786	-7.835666955772651	2.56484256090825	0.7688808139379556	1.0984739824396539	1.025190554349366	-5.434727773826721	1.2104368576934956	10.38075126854169	1.0
1888000	-11.918112476551801	-5.125320637731494	-6.792791838820307	-8.576468508052464	3.4511478703209706	0.6524305920284873	0.45495269784990533	-0.8098178565726525	-5.723640134837277	1.807290260804976	8.235616197283697	1.0
1889000	-11.746553884400484	-4.519348375127163	-7.22720550927332	-8.138891710827073	3.61954333569991	0.6987738226963813	0.5230927124443191	-0.2513922092069492	-5.715501867909151	0.8250791191213165	9.216309186601393	1.0
1890000	-13.388887290398177	-5.218194569356119	-8.170692721042057	-9.468409378490083	4.250214809133964	1.1520384602061897	0.35977150386031054	-2.614574058103023	-7.8497483334227445	1.4730265183965756	16.457509535191864	1.0
1891000	-15.798424263362477	-5.655997200874356	-10.142427062488121	-9.311980111690541	3.655982910816185	0.6898256224392408	0.6625372233230717	-1.9268174239773503	-5.666737936428242	0.38671729385196346	3.9804634005935418	1.0
1892000	-13.187646425011412	-5.556279596113518	-7.631366828897893	-8.28968283103211	2.733403234918592	0.8086274095964345	0.9722266109358886	2.0187543764888076	-4.926549950172128	1.9467231100388527	12.55962188135311	1.0
1893000	-14.611994758442119	-7.6212065326224465	-6.990788225819673	-8.40757993371604	0.7863734010935932	1.112352932685583	1.0334753343855791	0.9868081414697478	-3.4543490333041578	0.6291264390310775	7.5394258683935576	1.0
1894000	-11.700526360326412	-3.6499701702636695	-8.050556190062743	-7.8534761110032445	4.203505940739575	0.7193027577937172	0.4891678339802949	0.6598074310595934	-6.7859485170116285	0.48127874591371783	28.955909578470177	1.0
1895000	-12.593700996063331	-4.902706934828457	-7.690994061234875	-8.845966395697774	3.9432594608693172	0.9556628885251014	0.6190430720020884	2.097440305984364	-6.68623155026551	1.1524517940796903	41.98739027400525	1.0
1896000	-12.914137311689837	-6.611034535770551	-6.303102775919286	-8.957828119808525	2.3467935840379743	0.46085366432735964	0.8147186406346045	0.19024094735855568	-4.397380230346929	1.135050440255205	9.678337022152807	1.0
1897000	-14.188248622001527	-7.120654542945164	-7.067594079056362	-8.878189494368783	1.7575349514236187	0.6747771414236966	0.581196459187038	3.1236269345739713	-4.2059526290137335	1.1920917776108086	5.977354627597394	1.0
1898000	-16.072026348579477	-7.643736361689204	-8.428289986890272	-8.248228832493929	0.6044924708047255	0.498963949449192	1.5568399802108228	1.5139527615384847	-4.277892071019934	0.8311737357237802	3.02344799937853	1.0
1899000	-13.031946490959875	-5.916877320541709	-7.115069170418167	-7.919082176505865	2.0022048559641563	0.9343299032279021	0.7103018766856757	-0.2925154483889029	-4.194847662991245	0.6718100941726346	17.8304188149867	1.0
1900000	-12.114313219528604	-4.780563176858971	-7.333750042669633	-8.93038155046685	4.149818373607879	0.904274218819474	0.3089664432903012	-2.0230749678067736	-7.245125880366801	1.180006551990328	20.793113383126137	1.0
1901000	-13.361389523876737	-6.962233585732604	-6.3991559381441325	-9.938213571448781	2.975979985716177	0.3598941430374634	0.66307592911305	0.0896477683039908	-4.93935019883791	1.5295264536916762	5.881613164773006	1.0
1902000	-13.299155218018248	-4.507938305483181	-8.791216912535067	-8.021212369658729	3.513274064175547	0.6160246160379379	0.23571901354041053	0.7310464649217319	-7.105182416423698	0.4577042380524154	9.1561272716599	1.0
1903000	-11.958875724383118	-4.503762110913783	-7.455113613469335	-8.401183264290765	3.897421153376982	0.6445443632417908	0.5369577515934258	-0.46791438317606904	-7.337744171248383	0.8596508268163496	28.87247431300817	1.0
1904000	-13.28995400940476	-5.365641031280197	-7.924312978124561	-8.859981149390803	3.494340118110606	1.4723542244896737	0.6835759195710357	-0.21385064737042567	-5.454236946505421	0.7269596468182816	8.630763265614892	1.0
1905000	-14.072918411637131	-5.684101333840383	-8.388817077796748	-7.824126397634356	2.1400250637939733	0.8724468306860098	0.8844021323061909	0.43304728047473195	-4.261105090948512	0.7738843727449026	2.4159201424958905	1.0
1906000	-18.933195639275752	-8.009109752777615	-10.924085886498137	-8.532398725854065	0.5232889730764505	0.9675559475500585	1.2989717712493614	-1.5956962876481184	-3.560081881704717	2.5760896639974944	1.637793983625842	1.0
1907000	-13.12295097738742	-5.5026610256105215	-7.620289951776899	-8.245801124761787	2.7431400991512653	0.6809639649338007	0.6762877603076921	-0.38376350215927413	-4.741689186916351	1.8619273418714397	3.480098856853055	1.0
1908000	-12.127724014233618	-4.296105571106954	-7.831618443126664	-7.994711745341246	3.6986061742342926	0.7722077887136644	0.6984162418662564	1.6160808804451152	-6.608647876834421	1.8736981268386066	11.077899171635162	1.0
1909000	-13.583947064287312	-6.1182016451537065	-7.465745419133604	-7.85700127416991	1.7387996290162038	0.8205589301762773	1.0963382831754287	0.10272951382451478	-4.14898417290276	1.661518853940075	4.313381403516164	1.0
1910000	-14.078582647522827	-4.877443999521761	-9.201138648001066	-8.55143360920305	3.673989609681289	0.6722836714295484	0.4843668241016886	2.7978331908630643	-5.857539985828618	1.017387268752093	4.457888971981589	1.0
1911000	-16.89319215929219	-10.087211086314069	-6.805981072978123	-8.079597259142133	-2.0076138271719355	1.1164022785757433	1.3556893702372736	0.12579679505843344	-2.3186048456503743	0.7739683852043986	1.1028702889850017	1.0
1912000	-14.759695493183393	-6.497858717013976	-8.261836776169417	-9.253585733992066	2.7557270169780903	1.4252362288458842	0.5923208663529655	0.6938679132775059	-4.8469637421059035	1.132649112999112	3.990441772707194	1.0
1913000	-16.24122253695996	-4.9584489847968936	-11.282773552163066	-9.185715570004781	4.227266585207888	1.5666124679196751	0.245430282814482	-0.13550523736836295	-8.159164860714315	3.194003368560043	8.732695926688328	1.0
1914000	-14.520447857157706	-6.155748106377793	-8.364699750779913	-8.501559967824868	2.345811861447075	1.0775388568509805	0.5422746238712337	-1.563949358177534	-8.252467232298908	1.0362051602677012	16.823914764913134	1.0
1915000	-14.040910459860498	-5.509399878888079	-8.53151058097242	-9.225809628092634	3.716409749204555	0.815759635773293	0.26454008121582506	-2.192833478743746	-7.030618461587507	2.611120079694697	7.068140212991519	1.0
1916000	-15.75479269081216	-5.662828285615457	-10.091964405196704	-8.291987985699201	2.6291597000837443	0.9020716518283569	0.7423296715500248	1.6830543291640867	-4.6195985824473915	1.5532686489217904	2.0639926986907913	1.0
1917000	-14.262787061053553	-5.4245956669334365	-8.838191394120116	-7.957548360082774	2.532952693149338	1.0412949254230581	0.769551582667	-0.01691162487596609	-4.53960231732983	2.3362205252400874	3.0847129012508234	1.0
1918000	-14.866079654057252	-6.714824718395212	-8.15125493566204	-8.23163403230993	1.5168093139147185	1.1819933222671672	0.9046519110290253	-0.8214103731159017	-3.842678364167262	0.33781990284171814	3.5613480333551997	1.0
1919000	-13.416127709198776	-5.304538064701324	-8.111589644497451	-8.089818531267607	2.7852804665662827	0.7787070563404529	1.0284132208825396	-0.4922235531548076	-5.317855852413777	0.6578008450230277	5.68149858985931	1.0
1920000	-12.711728657937316	-5.109592842622954	-7.602135815314362	-8.958274140148392	3.848681297525438	0.748115467678295	0.49947452545793486	2.93579184057428	-6.025966790180287	2.5036441862741268	10.63822626817885	1.0
1921000	-12.743525436722658	-3.8340476334140625	-8.909477803308596	-8.019424894299739	4.1853772608856765	1.0342026983814898	0.5065366892481131	0.5323914984647402	-6.856729594644936	0.8318909408319797	6.72676317356345	1.0
1922000	-12.176312995064375	-4.057585481021222	-8.118727514043153	-7.834799477304429	3.7772139962832068	0.7461245268992167	0.6230862007766693	0.6094770113825373	-5.832236258313909	2.3792439462073625	5.700257510901774	1.0
1923000	-12.736398215515795	-5.507721469710534	-7.22867674580526	-8.977981255491569	3.4702597857810353	0.34942176379709683	0.8180938636882273	3.7512811693665506	-5.953091579732829	2.06037375064743	13.588183269415525	1.0
1924000	-18.699244114920404	-10.142523803279822	-8.556720311640582	-8.963972768654898	-1.178551034624924	0.8200257077291336	1.5723600682406411	-1.9215561289527252	-2.964267574183026	0.9057338604257568	1.60878159227807	1.0
1925000	-11.611995960344274	-4.376227599042741	-7.235768361301534	-8.593687707039116	4.217460107996375	0.48533172034754923	0.48378430581955256	0.5986816458196034	-6.964410652605358	0.8579959748144457	35.76748651846105	1.0
1926000	-14.085085227982555	-5.721419813405902	-8.363665414576653	-9.246733152240768	3.5253133388348665	0.5814814697591496	0.7989411926749013	-1.3122100440219744	-5.981402512107938	0.42463009164853516	9.484247525696846	1.0
1927000	-13.680281735554958	-6.109109978337502	-7.571171757217456	-8.135856232330504	2.026746253993002	0.633466450708366	1.2360786540985398	2.2573392624255164	-5.432194069497494	1.200386844323941	15.918160812596522	1.0
1928000	-13.245029989932835	-4.7246386553750614	-8.520391334557774	-8.055026959911881	3.33038830453682	0.8650837717699728	0.8559691220351946	1.4273558096373304	-5.617378379577686	1.2202660183167364	4.975051696753489	1.0
1929000	-13.029501427305922	-5.1493273587755155	-7.8801740685304065	-8.235383759295004	3.086056400519489	1.2111566011595187	0.9346254471383124	-0.05019587824605248	-5.454724417310687	1.3307434226445392	10.768086925667802	1.0
1930000	-13.73059835707039	-5.4199841328468015	-8.310614224223588	-8.780425283069825	3.360441150223023	1.4592275076950718	0.8327351735760151	-1.043898327468989	-6.219679370441227	1.3107616268666855	16.41316744331468	1.0
1931000	-12.992029940490463	-4.78702037039699	-8.205009570093473	-8.896447378018827	4.1094270076218375	1.4570515619924327	0.40032685330056533	-1.4248757359634927	-6.676539560073541	1.1853442265952499	11.10776857402693	1.0
1932000	-15.322123491212446	-5.586681625019962	-9.735441866192485	-8.947156175609674	3.3604745505897125	0.3581689334264103	0.8488972699623824	2.0755529517445104	-5.670760149633803	0.18820033881556056	8.18488333708608	1.0
1933000	-13.958213276731636	-5.642810796323925	-8.31540248040771	-9.004137782014615	3.36132698569069	1.5350131814842118	0.7349556713524387	-1.2457795668772622	-6.839576597639836	0.9274528492713751	32.089902745598316	1.0
1934000	-17.557255492348354	-12.932446005355633	-4.624809486992719	-7.870866600234139	-5.061579405121495	0.9507133697851909	0.833649549661095	0.29025605264063625	-0.8995661426641297	0.4221350279764552	0.2867224870642295	1.0
1935000	-21.041597622846027	-14.109543245754885	-6.932054377091141	-8.9623619586974	-5.147181287057485	0.37651187557350735	0.3833035859922725	3.890482447972316	-1.4640049552770433	0.6325960097239225	3.5573452862556874	1.0
1936000	-14.811875081001187	-6.337115449911105	-8.474759631090082	-8.6661586879336	2.3290432380224946	1.4257785325377854	1.1003368175455694	-0.7392889974981713	-4.7625547062283795	1.6155926558467948	8.309344049754195	1.0
1937000	-12.137804251238002	-5.209648977830598	-6.928155273407405	-8.547084337101879	3.337435359271281	0.4135473800098432	0.2141325381714855	2.2238393275096957	-7.181480942337733	1.0128916001718504	17.41279195277993	1.0
1938000	-12.034082040221724	-4.17173887724434	-7.862343162977385	-8.45929091003592	4.28755203279158	0.9971021692342336	0.36850770933395655	1.5373611109814442	-7.220951635183105	1.5166875538846045	11.722670749505362	1.0
1939000	-11.707798964588768	-4.2793925246576325	-7.428406439931135	-7.877033569463418	3.597641044805785	0.6778412419270474	0.7719782752082152	0.9501433358929534	-6.100493935302431	0.7749074607250434	16.66024471103664	1.0
1940000	-19.86170309542503	-8.85063466831313	-11.011068427111901	-10.352858453343082	1.502223785029952	0.3995260691137862	1.0174064847885578	-1.006707617227975	-3.8898690690703535	0.49532815834721977	1.1680411894553453	1.0
1941000	-16.69387743694406	-10.874235008250686	-5.819642428693375	-7.919454787311491	-2.9547802209391953	0.6515595195056293	0.958833461548156	0.8911119356849219	-1.7030393671876052	0.9149756181341813	0.6800975163334885	1.0
1942000	-11.372057426443437	-3.6088349535737354	-7.763222472869702	-7.882543455935643	4.273708502361908	0.6947333063534683	0.39005582376426984	0.6594035982261303	-7.59323062080237	1.2017903337103042	11.343119018181596	1.0
1943000	-16.185824056121035	-8.756934757647187	-7.42888929847385	-8.733129227751457	-0.02380552989572937	0.37699643337030514	1.1766398646587932	3.115759432610877	-3.106328170017856	2.2138613974413954	4.195382079931852	1.0
1944000	-17.283408995649673	-12.169729214385097	-5.113679781264576	-8.180850032867387	-3.988879181517709	1.065352479750024	0.8538417490921512	0.8001187665514085	-1.2961630044303505	1.1823037621344519	0.6604984593006115	1.0
1945000	-12.9545892545579	-4.265002503693102	-8.689586750864798	-7.913627697408617	3.6486251937155147	0.8516449597327707	0.7021378169573788	-0.21073624732104645	-5.709823001905244	0.4215909823667142	6.1553172954206286	1.0
1946000	-14.78918204928025	-8.360014526633279	-6.429167522646971	-7.848958075834653	-0.5110564507986259	0.7156373083813353	1.1181355681643808	1.102353068032675	-2.8173542384639303	1.011504272165501	2.4633269518454006	1.0
1947000	-14.309529244318876	-6.448493856627101	-7.861035387691775	-9.063146112582938	2.6146522559558374	1.541035579597018	0.931516191412441	-1.384325063610817	-4.706610005622829	0.5753869782220132	13.61376980078421	1.0
1948000	-11.300704206884028	-4.83080076178578	-6.469903445098248	-8.715184022636125	3.8843832608503446	0.5044140522125826	0.5595915218458801	0.12252445255988853	-6.001598517950463	1.8464168930584015	16.77769884233452	1.0
1949000	-12.667537731060282	-4.557192972053443	-8.11034475900684	-8.114709198339984	3.557516226286541	1.0137268006551639	0.786752825438847	0.9122761267777588	-6.055852641326312	1.375548349213178	7.941172121818747	1.0
1950000	-15.011925099314356	-6.055683815718824	-8.956241283595531	-9.112984164823484	3.0573003491046595	0.3273626502952005	0.6575436163600207	3.917171072730473	-5.012893327027732	1.5583370155486667	3.975216393478407	1.0
1951000	-14.08617357074003	-3.7755113540452543	-10.310662216694777	-8.011697078080173	4.236185724034919	0.9126324097164968	0.469419311241554	1.1399200693115157	-6.941146594066535	0.1640228231062473	11.146598543568258	1.0
1952000	-14.967264769550821	-5.2270658326093535	-9.740198936941468	-8.519552080699075	3.2924862480897215	0.9478490392272445	0.21534710884069885	1.797187874788114	-9.671242382626753	0.8386438909352145	666.6767530332565	1.0
1953000	-14.150072604841538	-7.225204833246317	-6.924867771595221	-8.458736970247006	1.2335321370006893	1.0811005556320241	0.43336779747512766	-1.496318653628847	-4.294806583336136	1.1899944232315138	5.2257351459861505	1.0
1954000	-15.206185150185906	-7.455551272031476	-7.750633878154431	-10.868481447863008	3.412930175831532	0.3219251245224307	0.2554140945994269	-0.4876639226723366	-9.309511780055667	0.9878654101677521	17.828959267704697	1.0
1955000	-13.89087760726854	-6.801420387014737	-7.089457220253801	-8.380750222582954	1.5793298355682164	0.6930859407308904	0.26963155991453286	-0.6995491455645562	-5.392839218836875	1.2929635563283837	5.120970898348956	1.0
1956000	-14.263054263839358	-5.118305260362071	-9.144749003477287	-7.879940841984798	2.761635581622727	0.9643322390196907	0.6483879890614916	0.1809591779859246	-4.780354757823279	0.34238362573848774	3.3688591098932306	1.0
1957000	-11.695842042461434	-5.486515421084076	-6.209326621377358	-9.014687475770366	3.52817205468629	0.3343444430846727	0.3630913226520688	2.6475685761286196	-6.168913620980778	1.501996748649165	28.079289411389368	1.0
1958000	-11.09651778932238	-5.055109890901526	-6.0414078984208555	-8.993392227117793	3.9382823362162673	0.41400420558825735	0.2780409381739268	0.7859919388318549	-7.172663882922934	2.3566168456162853	20.75181256912048	1.0
1959000	-14.073950826643134	-6.085199878220942	-7.988750948422193	-8.785031378876363	2.6998315006554208	0.9743849364717991	0.5760423235821677	-1.9219453559632695	-4.832662956359009	1.363858379447502	4.196595315518094	1.0
1960000	-12.35908516616759	-4.305937010211272	-8.053148155956318	-8.438380678919275	4.132443668708003	0.6755164834010571	0.49632129292445476	-0.7093515541786107	-6.516215423116671	0.9579807708525532	7.027085008853223	1.0
1961000	-14.386442645439736	-5.5665019466426	-8.819940698797136	-8.637662415419713	3.071160468777114	0.5139402799774019	0.9487809340636696	3.3330755625027075	-5.6629177601605685	0.9780913085616435	5.7431773989066155	1.0
1962000	-12.565026474779687	-5.493676435487629	-7.071350039292058	-9.624780517515564	4.131104082027935	0.5900194991193328	0.45793018410254177	-1.8019417455885025	-7.476193052587666	1.4636209663914799	44.699860197423384	1.0
1963000	-12.030285378228214	-4.922697045801969	-7.1075883324262445	-8.44949796148748	3.526800915685512	0.6930975412044933	0.5989689560132613	2.6095261061444965	-5.512899881034766	0.9680018053941996	14.659618640783908	1.0
1964000	-13.404430735191774	-7.041969386346165	-6.362461348845609	-8.54256367094316	1.5005942845969953	0.5790778001753764	0.8537368865316697	-0.26126179276848605	-3.8271099789885517	1.0400347484180223	4.7006286075908825	1.0
1965000	-13.083911339327702	-6.968816018751387	-6.115095320576316	-10.392055642764221	3.423239624012835	0.33294587330465625	0.5823184637668264	-0.0780425214427205	-5.423471396786721	1.4875509334962274	18.229454498484273	1.0
1966000	-15.398802791884844	-6.606692506154195	-8.792110285730649	-9.79246347222717	3.185770966072976	1.2397990460296835	0.9124858152709545	1.8204820213488206	-5.759305018518088	1.5380497215283075	7.212857795405137	1.0
1967000	-13.688133784386796	-4.880091464955336	-8.808042319431461	-8.355338097699034	3.4752466327436986	1.2807038608336683	0.10429663314015292	-0.6608355534335383	-10.259180146878336	0.5593604018233764	37.498084753252336	1.0
1968000	-12.271266648263367	-4.927874906259362	-7.343391742004005	-8.156826790665471	3.22895188440611	1.175497255490789	0.3419572212398811	-0.4455994752481738	-6.025927860996157	1.2057727682844435	11.126031482052355	1.0
1969000	-12.09478302998036	-4.2158447379959965	-7.878938291984363	-8.48079108505117	4.264946347055173	0.7260659464079806	0.43952459031236385	-1.0099053151103559	-7.007256498254798	1.2689869462204388	8.725502760837086	1.0
1970000	-12.932130095801002	-5.633000173169421	-7.299129922631581	-8.028556364405626	2.3955561912362047	0.5897917181036316	0.9602721780145379	1.0508452030696738	-4.532175142625832	0.6967113303741075	25.29861104838192	1.0
1971000	-12.357778291101567	-4.315867880443802	-8.041910410657765	-8.002791290975093	3.686923410531291	1.0031505203012772	0.46462451820442335	-0.5482779705122949	-7.923166374066124	0.8042809523774495	55.919964578285374	1.0
1972000	-13.265708851042952	-6.378248099642998	-6.887460751399955	-8.800461191542517	2.4222130918995193	0.6838533177666805	0.7314135177961221	3.019938936927062	-4.468090302937528	1.6319755175656048	11.013833486024984	1.0
1973000	-11.596130255976288	-3.7818942625173273	-7.814235993458961	-8.079095878096847	4.29720161557952	0.6203932985010939	0.2934527527889949	2.127290120660887	-7.8537145329224565	1.6630467462319458	10.649692497184438	1.0
1974000	-16.29610769426772	-9.145680332800593	-7.150427361467129	-7.981642304966165	-1.1640380278344278	0.5978764757794971	1.7856338092636086	1.4017980804511208	-3.364182241752345	0.8606783517320246	4.695190188331472	1.0
1975000	-16.70982623547444	-8.395775687521088	-8.314050547953354	-9.96546761890177	1.5696919313806807	1.7613239259334432	0.7013948922736629	-2.0432218263190522	-3.9345222889547937	1.4601907392931273	4.705502417489825	1.0
1976000	-13.846475109174914	-6.351566637210044	-7.4949084719648695	-7.854147892134518	1.5025812549244737	0.913811140044932	0.35776457009518753	0.07823071302401202	-4.7790579118026875	1.0245293406825395	3.68734913951942	1.0
1977000	-17.01871349868336	-9.333700903569277	-7.685012595114086	-10.957323986054853	1.623623082485576	0.18209628268571748	1.0179120640114807	3.3490261726540718	-6.795729800328608	0.7726394019840253	39.67552240617169	1.0
1978000	-12.75298237129136	-4.69891955879896	-8.054062812492399	-7.838118076655648	3.1391985178566877	0.7996556646195873	0.9058798189518846	0.2821591095393867	-5.395254688620647	1.2868998724727174	76.28658786702722	1.0
1979000	-13.13918847829823	-5.584425564823089	-7.554762913475141	-8.382808250005743	2.798382685182654	0.45129212585194994	0.5117520780010796	2.043423828098979	-5.038668345201073	0.5557265310946622	7.343478925702299	1.0
1980000	-15.63682669840502	-7.890928168419169	-7.745898529985852	-9.500621220970794	1.6096930525516253	0.2829868046298685	1.352498063698253	2.7385108214699723	-4.924088904858712	0.8821258761258641	6.99454608263078	1.0
1981000	-13.302118396130378	-6.69119412793666	-6.610924268193719	-8.28958067093346	1.598386542996801	0.5436288956837579	0.8220683703633322	0.6367405181856081	-3.8903569315355644	1.0075794988962035	3.6875322360800316	1.0
1982000	-11.273560600241217	-3.652049075705051	-7.6215115245361655	-7.950361409060105	4.298312333355054	1.0323931664281751	0.38081874595517895	0.11778614045500058	-7.556368489926791	1.087496296474836	41.59714316192551	1.0
1983000	-11.572207141722693	-4.144222838494301	-7.427984303228392	-8.04240925672851	3.898186418234209	1.0205321009687947	0.507992974379156	-0.6575827388862726	-6.076811205849036	0.9642402980567406	11.960648259722873	1.0
1984000	-14.516420378177855	-4.642826866428035	-9.87359351174982	-8.740070116997225	4.09724325056919	1.2282080299216973	0.5480095842965655	-1.7676373160774914	-6.491740353576127	0.6805064149638834	5.11496132594704	1.0
1985000	-13.077504644541252	-5.924807491823048	-7.152697152718204	-8.016930692584998	2.09212320076195	1.0717347567187376	0.5569223954390301	-0.3816267833840212	-4.45905129350563	0.6487117040368134	6.755568189616671	1.0
1986000	-16.93466728394381	-6.70771810307369	-10.22694918087012	-10.627782049152962	3.9200639460792726	1.9678369699416864	0.16050934778160025	-2.137606737624112	-8.902243958588848	2.4635674528455276	23.247178195417497	1.0
1987000	-12.008080015525795	-5.539930731455906	-6.46814928406989	-8.675592275590754	3.135661544134848	0.5702372071467594	0.4956150394513018	-0.42130910100684416	-5.3379096735952105	1.5230788367362507	8.2441172769855	1.0
1988000	-18.096567209783405	-16.218680927060337	-1.8778862827230678	-7.893186398671797	-8.325494528388539	0.7430974134803219	0.8587845274709341	0.24871948303490468	0.19526693415242447	1.4681509044355672	0.1545409767787986	1.0
1989000	-20.56895921661004	-16.781366638678925	-3.787592577931114	-7.825871158209376	-8.955495480469548	0.7466680638689563	1.135681000460474	0.8116692741272518	0.2110401461678008	0.7405822066837195	0.34676971157352543	1.0
1990000	-12.497271190262017	-5.816076150478408	-6.681195039783609	-9.463674900987206	3.6475987505087977	0.6473125147910148	0.3680707699396278	-1.9155660318676955	-6.257096185588472	1.3349844953878294	22.733742894038667	1.0
1991000	-11.710386906265889	-4.496859069378231	-7.213527836887657	-8.06277428564022	3.565915216261989	1.0004444937244155	0.6244550392846653	-0.7395543644621515	-5.541346169102042	1.2481614337311644	11.856780835115165	1.0
1992000	-11.205505282326142	-4.008051102467131	-7.197454179859011	-8.166236892250986	4.158185789783855	0.5856394568295451	0.482953880915667	2.373100174942359	-7.248286001959052	1.1259804088148786	36.4132538717515	1.0
1993000	-13.498391627407363	-4.874402911478736	-8.623988715928627	-8.137221769385915	3.2628188579071793	1.1541520292782395	0.7311491631112632	-0.5403467179485238	-5.199053070714767	2.4975153304201814	32.868115562730594	1.0
1994000	-14.950131979766361	-7.561070232893266	-7.389061746873094	-8.695970937293067	1.1349007043998007	1.228959682423156	0.7123270463106849	0.8766716312579513	-3.674266820083659	1.1814559497914066	2.775828567267925	1.0
1995000	-12.837280449476527	-6.255095672390108	-6.582184777086418	-8.515409276240785	2.260313603850677	0.5925626129989723	0.8352309551631211	-0.3175533560042206	-4.33562355586146	1.1278092834877893	5.9190882623631165	1.0
1996000	-12.040696504333514	-4.932206129681101	-7.108490374652413	-7.939970422753745	3.0077642930726434	0.6291583853725429	0.9367676004959602	1.0824355994805048	-5.256638177733743	1.6535212683365157	11.88036628000173	1.0
1997000	-18.72189800628094	-11.621616833535521	-7.100281172745421	-8.449190772838943	-3.172426060696578	1.3301816436075828	1.6562057794902176	-0.6207043882888933	-2.158461714336307	0.35426406934074933	5.152837130627292	1.0
1998000	-14.047426390938448	-6.055657752566039	-7.991768638372408	-7.823134786280349	1.76747703371431	0.8061358424901542	0.5483580084376009	0.38595737342522685	-4.277031799153048	1.8293991590853065	2.268466402500901	1.0
1999000	-12.820946656174307	-4.5642423897911515	-8.256704266383155	-7.840249547588384	3.276007157797233	0.8826872865163716	0.7802336419090133	0.6143774566953443	-5.257871065267095	1.0756952917709317	4.191303697787099	1.0
