it	posterior	likelihood	prior	lik_L_5-0	lik_M_5-0	l0_t5-0	m0_t5-0	Gl_t5-0	Gm_t5-0	hp_rate	hp_sig2	beta
0	-42.50294721632332	-40.32538170302003	-2.177565513303294	-24.032578809821256	-16.292802893198775	0.09840795809394746	0.24128048880000127	0.0	0.0	1.0	1	1.0
1000	-23.72367481963797	-19.508352814445665	-4.215322005192305	-10.055938873609701	-9.452413940835964	0.6275352361486792	1.74990970263428	0.0	0.0	1.0	1	1.0
2000	-21.586138004457418	-17.15812054633323	-4.428017458124189	-8.646154148706255	-8.511966397626974	1.033468474458579	1.1517150935844471	0.7646355684611039	0.23477749417231428	0.39552526712627106	0.371185772263122	1.0
3000	-20.46760071506028	-18.377868640633686	-2.0897320744265944	-9.543479494623163	-8.834389146010524	1.7434348303723364	0.8957577216354743	0.1767362063110326	-0.1297305149787907	0.7054032514902916	0.07086839767435124	1.0
4000	-18.85569650760589	-17.356054457623372	-1.4996420499825198	-8.539432450916326	-8.816622006707048	1.061234963052785	0.9068256193752143	-0.09239079189138683	-0.17150384245548275	0.5171183781543358	0.04535114167199073	1.0
5000	-21.48567735271431	-17.29228767541384	-4.193389677300469	-8.629653904615266	-8.662633770798575	1.0148845895903846	1.4185661039385074	-0.2873807309417095	-0.49955072658900646	1.6814416110595904	0.26815296167151353	1.0
6000	-21.458294807137868	-17.612439214285295	-3.845855592852571	-8.830279910464487	-8.782159303820809	0.9279199794313133	1.4462424815108474	-0.38412609888375826	0.109765327646623	0.9271672397133089	0.6234346101982328	1.0
7000	-22.58973068260173	-18.639696211074693	-3.950034471527036	-8.513226760200563	-10.126469450874131	1.132114937194463	0.6428584610353272	-0.2611914107197565	-0.36754496441845175	0.2228199271901411	0.10070111122314039	1.0
8000	-23.267571834434268	-17.990549167541236	-5.277022666893032	-8.737631041600448	-9.252918125940788	0.9051748759567332	0.739806577107271	0.37587253392445624	1.3178014794510382	1.0571445651642315	5.087253322791585	1.0
9000	-21.038407642226744	-17.006698855034134	-4.031708787192611	-8.497667912855501	-8.509030942178633	1.1538034432817073	1.188364267300745	-0.1905750413493026	0.15816359299017535	0.1343890346162639	0.08096544067588203	1.0
10000	-18.43445424421141	-17.481669490562926	-0.952784753648485	-8.600605502930438	-8.881063987632487	0.9970381066800587	1.4927231713666742	0.02635412969213602	0.13608119308704814	0.4879233151418176	0.015986899859880378	1.0
11000	-21.303748804904753	-17.202192342107637	-4.101556462797116	-8.57632823083208	-8.625864111275554	1.255387365492426	0.9701994282739526	-0.6346014740477738	0.23527080539291195	1.1639952122600878	0.7065752755027255	1.0
12000	-23.869682183295893	-18.405790673865155	-5.463891509430738	-9.845616779106555	-8.560173894758602	1.829322009829008	1.1152853985788793	0.21470116762992641	-0.44468759674621505	1.3739659185592228	1.111781297007615	1.0
13000	-22.38836940327097	-18.336512978700576	-4.051856424570397	-8.68481709777907	-9.651695880921503	1.1049203993747945	0.6723245848234006	-0.7718940197645818	0.27955373461109345	0.627355508948156	0.7566782877522765	1.0
14000	-22.052958583246053	-17.56899979015799	-4.483958793088064	-8.975215102416138	-8.593784687741852	1.4546012314040027	1.364131317199697	0.46651796833212095	-0.31749566992056555	1.3898602339455473	0.3383095611118868	1.0
15000	-19.894945078587977	-17.461074321002084	-2.4338707575858947	-8.886755886661968	-8.574318434340116	0.844839007031743	1.0288853261051045	0.37187083976484925	-0.09905397613710898	1.5557991413519219	0.14059997525906032	1.0
16000	-20.500475822207285	-18.309728409625947	-2.1907474125813367	-8.558918867452089	-9.750809542173858	1.0375718801689642	0.688985787117088	-0.05555278494498739	-0.23392736626788876	0.5160058808459403	0.12288118119576814	1.0
17000	-24.532967082703063	-19.322832102623764	-5.2101349800792995	-10.415409552815454	-8.907422549808308	0.6616221924911396	1.4134383993740927	-1.0209543277708049	0.49732782802253594	0.8099001392771896	2.836755229754934	1.0
18000	-20.436464767336165	-17.406904645412524	-3.0295601219236414	-8.869236515690048	-8.537668129722476	1.536077366630471	1.100256398682068	-0.15965398670083167	-0.29556285590862963	0.5414825843851658	0.16427743637194459	1.0
19000	-18.96365846222001	-17.53835263938368	-1.4253058228363273	-8.554649507883894	-8.983703131499787	1.3037105087688268	0.8243301088271306	-0.029375133467117683	0.15449953560740537	1.5809977271193802	0.042883945092403064	1.0
20000	-24.226570709448154	-18.575850674138167	-5.650720035309989	-9.306530958002678	-9.269319716135488	1.7303817062945437	0.7322317290014242	-0.20297427073887087	0.5959792454531334	0.7910609569393254	3.835627440787669	1.0
21000	-22.83106223666282	-21.082146535662574	-1.7489157010002454	-8.929323558054682	-12.152822977607894	0.8536996525821976	0.4477326855801663	-0.025306889262736443	-0.41114107601514016	1.2865441161112057	0.04740632537067235	1.0
22000	-22.22468471367377	-17.482626493596396	-4.742058220077376	-8.671728061017326	-8.81089843257907	1.016942797909088	0.8719538718073527	-0.4455168684805892	0.6014282951543022	0.29692803312924976	0.5537507793513935	1.0
23000	-20.194454824285053	-17.24375670318263	-2.950698121102424	-8.614858067409589	-8.62889863577304	1.3661622861092741	0.9695766202145106	-0.07113060865758408	0.1825738947831022	1.8697042414084357	0.11405594514581868	1.0
24000	-20.926502766559196	-17.594821134596025	-3.331681631963171	-8.986315201351696	-8.608505933244327	1.5488750988702613	1.0209467259531346	0.10293790352464316	-0.23355830617198697	0.3994171067177553	0.21946987063349874	1.0
25000	-24.65669684575163	-18.272936278862154	-6.383760566889474	-9.67037557580239	-8.602560703059766	0.8545560675033427	1.371939105573504	-1.3856579547457617	-0.35962430863272105	0.8889399608543451	0.2859836922825741	1.0
26000	-20.51719083998913	-17.919848152348816	-2.597342687640313	-9.280787341743274	-8.639060810605542	1.6270278483572216	1.387357902763828	0.2825155101682393	-0.08729273778832818	0.5863210551803577	0.06195622399877626	1.0
27000	-21.31308786997126	-17.75305694877336	-3.560030921197901	-8.567345074678148	-9.185711874095212	1.0268795242255155	1.5894940607073687	-0.021879556964325864	0.2894939642994535	1.0724565955942384	0.3442808753102526	1.0
28000	-24.17127438471215	-17.94613095894684	-6.225143425765311	-9.23794403691225	-8.708186922034587	1.2824882508866247	0.9216759743337353	1.261700563194171	0.2766018001810225	0.33268874935450676	3.327279613138643	1.0
29000	-23.701804762446578	-18.255012482021442	-5.446792280425138	-9.126853079412061	-9.128159402609382	0.7958193731014646	1.6692919442614726	1.4280851469551015	-0.2861110120235448	1.1034440739266351	0.8487077187050746	1.0
30000	-22.89354704108163	-19.347153797473837	-3.546393243607791	-9.691504015897337	-9.6556497815765	0.6741327230355818	0.6469470800959842	0.12806270991690738	1.006909200447163	0.9332301208355629	0.5358576537700698	1.0
31000	-22.97752705128804	-19.685935024488845	-3.2915920267991945	-9.700499806773664	-9.985435217715182	0.6718111987425237	1.8842162878041349	0.14269860291008352	0.15827910394344086	0.23709453194307356	0.10589155879991027	1.0
32000	-22.076607713202797	-17.158758397964853	-4.917849315237945	-8.515499118156649	-8.643259279808206	1.2169036986695485	1.164181973597081	-0.3775777447107432	0.6688527260173741	0.6331141228072071	0.09942941634011733	1.0
33000	-21.283216738990216	-18.020979841669366	-3.2622368973208515	-9.452305121853236	-8.56867471981613	1.80744993692028	1.03502838025418	-0.4145303610233242	-0.11053300470187347	0.6536448781044659	0.06049775768379698	1.0
34000	-19.206039699028356	-17.23952591672353	-1.9665137823048267	-8.706199849320242	-8.533326067403289	1.4317210972621546	1.2751931390778783	-0.06955401958497992	-0.012056469123551794	0.8012029695851351	0.08092592050550505	1.0
35000	-21.865010841597815	-17.582693294251644	-4.282317547346173	-8.962575981376371	-8.620117312875273	0.8338992771168376	1.3381349164686747	0.10335491299621083	-0.6694242888361686	0.3645261909784464	0.1494058740224944	1.0
36000	-18.058149313979932	-17.367614812183604	-0.690534501796328	-8.497172042719335	-8.870442769464269	1.1243145397206864	0.870265144468507	0.05345797363404267	0.012475220614978605	0.7440776007995519	0.0383112290559002	1.0
37000	-21.726797063151153	-17.52459798096976	-4.202199082181393	-8.967889824569404	-8.556708156400354	1.4259536555538193	1.3191352508895116	0.5514164447102889	-0.36843643070763143	0.6983419636137027	0.11763199988451684	1.0
38000	-28.19552763786988	-21.676023307935857	-6.519504329934023	-11.834283323842804	-9.841739984093051	1.2984307311848546	0.6610644955465026	2.8057235960694302	-0.04264289645890884	0.5415703259830319	3.194336329725747	1.0
39000	-21.365118418765277	-18.124847031606578	-3.240271387158701	-9.55029280007058	-8.574554231536	1.8265098702667082	1.020869433095604	-0.26734913793594334	-0.02259126800006206	1.3124367812631677	0.12511552863741843	1.0
40000	-21.883888709917738	-18.366395894220616	-3.5174928156971226	-9.344162621631657	-9.02223327258896	1.7676803257109406	1.5974047392511854	-0.4223180945796589	-0.08000135111511841	0.682226315207652	0.08843959082893293	1.0
41000	-23.929179146887062	-19.17796986490331	-4.75120928198375	-10.2260946324745	-8.951875232428813	1.8827708293242313	1.4391816852321595	0.4194278677593309	0.48248966218908995	0.5336000719076781	0.6508600189643146	1.0
42000	-22.810535656638496	-18.009697955736183	-4.8008377009023135	-9.242240804708366	-8.767457151027816	1.7120179316406274	0.9022393823906075	-0.25337566743039186	0.7654258509590901	0.9622428974875641	0.138451312491103	1.0
43000	-21.30518584874523	-17.61359027729131	-3.6915955714539206	-8.5949194049588	-9.01867087233251	1.0195978444296125	1.4776646225391319	-0.15463958433715588	0.4537120718386509	1.5655792660962276	0.12637106494770214	1.0
44000	-21.27168560749848	-17.971680309586606	-3.3000052979118726	-9.326808717570861	-8.644871592015745	0.7316412585931826	0.9734298964673435	0.30124332775650686	0.594720863449309	1.149804571660611	0.11363311079723612	1.0
45000	-24.573034509085588	-18.876857257927313	-5.696177251158276	-8.560831686018593	-10.31602557190872	1.1300169139236205	2.0871547418710428	-0.48405332902872933	-0.44452114525883857	1.0355481174195804	0.06478715980554131	1.0
46000	-25.16724000234198	-19.267503158328402	-5.899736844013578	-10.662870575117637	-8.604632583210766	0.6583021897479916	1.3518557270182976	-1.2992091032187805	-0.030245897278308564	1.1506996669064218	6.7105118277011	1.0
47000	-19.190037174353556	-17.026429713762326	-2.1636074605912317	-8.511910160814532	-8.514519552947792	1.0897824161090077	1.1035841350292006	0.13700422205313448	0.23687148720542417	0.9830670723735616	0.11037840152690759	1.0
48000	-20.926296535107824	-18.058568174392242	-2.8677283607155797	-9.50805779365811	-8.550510380734131	1.7384778656893998	1.0368019501499808	0.14665499265221887	0.25810799861625766	1.0741560179869563	0.10973108080345283	1.0
49000	-20.684489941562525	-17.42250229639975	-3.261987645162777	-8.906262964985874	-8.516239331413873	1.5678481800461344	1.2414200853058766	-0.2868845362158086	-0.3514771369071007	0.6334910320612587	0.0930521255862348	1.0
50000	-20.711689440483056	-17.39332178957941	-3.3183676509036477	-8.758019663846467	-8.635302125732943	0.9659091207501668	1.3821693176969794	-0.42484764323743834	-0.06959524740022377	0.8683826485661175	0.038247477922389854	1.0
51000	-20.70727723300866	-17.3650922632427	-3.3421849697659596	-8.691976352496702	-8.673115910745999	1.4456009813400525	1.4180879734240766	-0.4199791268292097	-0.13732715425444375	0.8440179336452848	0.14760136710879182	1.0
52000	-18.04435907955471	-17.50067847360055	-0.5436806059541572	-8.922502799165493	-8.578175674435057	0.8495560892538647	1.0209508680053996	0.05737780490804482	-0.05469554395967173	1.1601868081981344	0.03885010704126835	1.0
53000	-20.67947205207433	-18.477272590601082	-2.2021994614732474	-9.426853664471686	-9.050418926129396	1.7401088115960877	1.6049434067352786	0.004710444617282983	-0.050263561511878135	0.29649005634753833	0.04564537133419065	1.0
54000	-19.041044455504274	-17.123973681438308	-1.9170707740659672	-8.62875241599891	-8.495221265439397	0.9953798467734306	1.193029303780469	-0.1470461761085608	-0.20396396470134598	0.6190445074239491	0.06656346498448243	1.0
55000	-19.70315147555121	-17.827371944612125	-1.8757795309390848	-8.742093943596384	-9.085278001015741	1.4656488680129667	0.8186971333387291	-0.16159852298257465	-0.14624122377571888	0.5814052663639597	0.06429857168589287	1.0
56000	-18.929979667896625	-17.96804633601768	-0.9619333318789451	-9.381930231145692	-8.586116104871987	0.7310343898542618	1.3388910795027391	0.11264581337204857	-0.054044332875782364	0.9707952262007766	0.04407942289198679	1.0
57000	-22.624523078498427	-20.41451189550089	-2.2100111829975386	-9.768568067400153	-10.645943828100737	0.6739249435661475	0.5491432613687508	-0.06492058628451922	0.14217644528418005	1.6652526363036422	0.5124957073292702	1.0
58000	-19.111720623140677	-17.011832056571365	-2.0998885665693128	-8.495758792704414	-8.51607326386695	1.1275122937965583	1.2645812798893912	0.015985774861838276	-0.16149680959286833	0.40208004439707606	0.06571763335106214	1.0
59000	-22.025770464266916	-19.261942149380836	-2.763828314886081	-8.59412289049988	-10.667819258880954	0.9937218535950959	0.5479212535636088	0.20519158167482004	0.12073789401214302	1.4313880640514156	0.5401450751412632	1.0
60000	-21.221320600114723	-17.24264621448641	-3.978674385628315	-8.592118448230064	-8.650527766256346	1.0767816479238383	1.0764859788685721	-0.4392350342715222	-0.6153934323126768	0.8215272897709691	0.1551857624208303	1.0
61000	-21.437935293865884	-18.260868710323333	-3.1770665835425516	-9.696330931565065	-8.564537778758268	0.6744288666398143	1.2141672908543626	0.10976688261612833	-0.6004732731598315	1.2247371044707833	0.3113938821147564	1.0
62000	-22.494131727964646	-17.40014679873496	-5.093984929229687	-8.90769875400144	-8.492448044733516	0.9026459404923305	1.18698523955893	1.2719091760302441	-0.01431060612082697	1.1288308648900633	0.387505473797079	1.0
63000	-20.973091779055625	-17.939144494292265	-3.0339472847633617	-8.55380926811738	-9.385335226174885	1.0691016964668916	0.7725124790903893	-0.2412719948764569	-0.4083461254717157	0.726074616375907	0.051464195159563596	1.0
64000	-21.607658389750906	-17.706059946112184	-3.901598443638722	-9.209275104953404	-8.496784841158778	0.8078255866897369	1.1511314806635846	-0.3595165703714328	-0.17275943574856578	0.7322304460212583	0.922933501333262	1.0
65000	-21.465049439823446	-18.19596047167226	-3.269088968151185	-8.508424910413021	-9.68753556125924	1.107272835769617	0.7179486494397158	-0.11124202523347092	-0.44977673702776555	0.4184621356213238	0.06430299861784092	1.0
66000	-28.75873169094266	-21.14180477913031	-7.6169269118123495	-10.606698489852715	-10.535106289277596	2.1401330304356274	1.9267244315963108	-1.413702278958309	0.541630744842329	0.18306459362729172	0.4851694355197048	1.0
67000	-19.718578470001056	-17.363623778233922	-2.354954691767135	-8.647299358903403	-8.716324419330519	1.3878121062791207	1.398933650917616	-0.04545360824608691	0.14967552573994403	0.2051029082570995	0.02385095731429348	1.0
68000	-24.33800235543414	-18.979541431605277	-5.358460923828862	-8.497728376831738	-10.481813054773538	1.1944558063386295	2.1333325192356507	-0.23693730158357607	-0.43638141018013976	1.5844242894050247	0.2805319323021965	1.0
69000	-21.679113914696643	-18.127570815115135	-3.551543099581507	-8.881902291186853	-9.24566852392828	1.5580497197831755	0.7922142108380312	-0.32243445852126845	-0.29169456642315894	0.9340935356915254	0.433364394431575	1.0
70000	-20.7188074675326	-18.6574649442593	-2.061342523273299	-8.998539497753384	-9.658925446505915	0.8339556259135531	0.7178407838683204	-0.041881073293545235	-0.3930506120987975	1.1084727693976486	0.04108673658698655	1.0
71000	-21.294105153488292	-17.59191147496989	-3.7021936785184013	-8.526393076516792	-9.065518398453097	1.2689308561511436	0.8241803523654927	-0.3562678102458809	-0.1478151379814328	2.271229687735697	0.035702330773158424	1.0
72000	-22.657756817364763	-18.663230071858493	-3.9945267455062696	-8.634139984880182	-10.029090086978309	1.385852330545372	0.6171104457112756	-0.5515820517452692	0.252573758903163	0.36671028386281923	0.3049090119492142	1.0
73000	-22.858017702690535	-19.083592331314975	-3.7744253713755596	-10.41612072494702	-8.667471606367956	0.5704711769488738	1.3854904249368953	0.2211578182148864	-0.7119550894757944	0.596812959497819	0.33692102284956743	1.0
74000	-21.52288388160779	-17.303002215442746	-4.219881666165046	-8.790956397675902	-8.512045817766841	0.8957047927723439	1.1135429916698623	0.06746914782622215	0.2325547178119275	2.939621435622179	0.22332267886260493	1.0
75000	-20.80152468821699	-17.044718573583975	-3.7568061146330143	-8.529360123766613	-8.515358449817361	1.1734772006977858	1.2030078128944233	-0.4328626507451844	-0.37977664853047755	1.427212135125025	0.1284207585407619	1.0
76000	-19.52315444616332	-18.80949825118539	-0.7136561949779314	-8.499348048350232	-10.310150202835157	1.1893962672539942	0.5909589797735096	0.07652608896613147	0.06810322441293173	0.6382333013766345	0.036845789079313275	1.0
77000	-20.822278213672938	-19.38183704674349	-1.4404411669294457	-10.443982812382155	-8.937854234361337	0.5767591874959108	0.874092871043468	0.03941394172875683	-0.26591306809466836	0.772447137412065	0.08581424682220493	1.0
78000	-19.97241211918715	-17.317652971767384	-2.654759147419767	-8.548372890125194	-8.76928008164219	1.0363798665664457	0.959682316764771	0.17824491589543678	-0.4193678726578802	1.1248984861709987	0.07265773728447907	1.0
79000	-21.21060843788866	-17.555634709268574	-3.6549737286200843	-8.519024163391244	-9.03661054587733	1.14810752969278	1.473777331265386	0.2802782338231058	0.4943973644406079	1.0206343329328893	0.14600484041316183	1.0
80000	-21.415899328459616	-17.680751602938827	-3.7351477255207914	-9.048111621307935	-8.632639981630893	0.7918208830618406	1.0953607343840428	0.45868572273476005	-0.6211583308568336	0.7524535156345016	0.5065914868544127	1.0
81000	-22.4126501201265	-17.491555223151714	-4.921094896974788	-8.796962042525209	-8.694593180626505	1.076256437501589	1.0078526614094574	-0.9308930007813374	-0.46955110945026685	0.8455616057418045	0.21576568871238372	1.0
82000	-20.69103225541469	-17.147183106952845	-3.5438491484618453	-8.499485945424677	-8.647697161528168	1.1897298855399145	0.9577429787931604	0.07703611192815302	0.4443736978318245	1.4096493243021593	0.03895303746814101	1.0
83000	-20.9923151947453	-17.661354448896965	-3.330960745848333	-8.88231151650054	-8.779042932396424	0.8738157074352021	1.4972618686830825	-0.07889095585746245	-0.2648770716763844	0.46607177407936334	0.2792636559828664	1.0
84000	-19.763762367723732	-17.583238468525742	-2.1805238991979894	-9.076992492545397	-8.506245975980345	0.8228012071214201	1.1169551821215804	-0.16689418625982005	-0.14235763076463853	1.9062593603089675	0.0996372796998683	1.0
85000	-19.072423828777197	-17.4155390195156	-1.656884809261599	-8.584901745615554	-8.830637273900045	1.0026351482899685	1.5067892323844012	0.1389725496548067	-0.08973161550391551	0.41332237582833503	0.03364317980721969	1.0
86000	-18.269500516871005	-17.08736420292727	-1.1821363139437384	-8.586914036019733	-8.500450166907537	1.0008346889141462	1.220898570124143	0.14476427749307436	-0.037322942901122286	1.2840865881007493	0.03627625205482495	1.0
87000	-24.399555386063845	-19.710739124733653	-4.688816261330193	-9.190144148005349	-10.520594976728304	1.7113129101004843	0.5861217787739087	-0.5330363586017806	-0.26554594235298623	0.7488067926786455	1.5489505613785737	1.0
88000	-22.658357585493306	-19.182131954538427	-3.476225630954878	-8.68100646873025	-10.50112548580818	1.4303773311072807	0.5938328597749069	-0.539993997036591	-0.34802187423868525	0.7732513138704395	0.3661088785534355	1.0
89000	-20.527661940408997	-17.250368269769986	-3.2772936706390112	-8.502161724053842	-8.748206545716146	1.1396591145444916	0.9773047620688158	0.16411738651248686	-0.46263054667341263	0.4905006583854057	0.08062524625162985	1.0
90000	-19.70708993509783	-16.998513053339693	-2.7085768817581384	-8.508413620478308	-8.490099432861385	1.1000644037598115	1.1685558135943412	0.15014828385258927	-0.06301739970267775	1.8773345083798187	0.10487705159815895	1.0
91000	-21.343804301145667	-17.918502757657066	-3.425301543488599	-8.553337645457072	-9.365165112199993	1.0311932236989032	0.7705802156628064	0.1356803529079923	-0.34516057132850325	0.25350447199944215	0.10024922387764464	1.0
92000	-19.483179512491134	-17.68297062767854	-1.8002088848125948	-8.618879013042438	-9.064091614636101	0.9753087006406248	0.8306808739485416	0.21715136720455638	-0.21281062908432496	1.095424626530032	0.10123957651394037	1.0
93000	-22.821051331340183	-18.613773482537106	-4.207277848803077	-9.578618105840519	-9.035155376696588	0.7178538553206186	0.8147723504177573	-0.2240719551360583	1.2512077890667341	1.7587766077238804	0.6774427940247851	1.0
94000	-24.06746191065625	-21.315974873318687	-2.7514870373375615	-10.599716420852278	-10.71625845246641	0.5399139340417997	0.5359667530198643	0.4481041944527543	0.2643476066820079	0.6671289148918773	0.0628520796087145	1.0
95000	-20.80848055694284	-17.43929283154587	-3.3691877253969684	-8.49082584298006	-8.948466988565809	1.158766092261756	1.432316576162437	-0.07911136156814125	0.5003349333672628	0.6371366239700033	0.10053386961524875	1.0
96000	-22.718527875948055	-18.847208609603918	-3.871319266344139	-9.881006672714133	-8.966201936889785	1.9218912471548935	0.8159630220594398	-0.18409379383687577	0.46164695447607834	0.3468002349205556	0.17687261535711718	1.0
97000	-23.288755844956174	-20.143452421594354	-3.1453034233618213	-11.542527086937897	-8.600925334656457	2.3827746544427075	1.3437599568437906	-0.2813063622417846	0.0010663911072641419	0.8791347242972709	0.036467115543508254	1.0
98000	-20.345194528938194	-17.676029609610225	-2.669164919327968	-9.180442955181245	-8.495586654428978	1.5750942466967957	1.1334422926737135	0.3385240521128951	0.06283168323657762	0.8351077135712847	0.0780366582047285	1.0
99000	-20.644380014933912	-17.573883453574165	-3.070496561359747	-8.932567329391217	-8.641316124182948	0.8247820534710391	0.986911977705304	0.5764852937994618	-0.14141709864374108	1.376937244642546	0.29599319021288356	1.0
100000	-19.76377864137306	-18.326903464439745	-1.4368751769333161	-8.565161984236688	-9.761741480203055	1.3121337477225345	0.6814073311404425	-0.01118585418735378	-0.15624498874486836	0.5000535604102061	0.047806472033979516	1.0
101000	-20.37017953025054	-17.441452488273256	-2.9287270419772833	-8.876209171127623	-8.565243317145633	0.8756700367099098	1.1173846559786722	-0.07609523965821297	-0.4693739156063205	0.7064797158851146	0.06665151412188187	1.0
102000	-22.415090880782465	-17.50956855691031	-4.9055223238721535	-8.495431851121262	-9.014136705789047	1.200848323129665	0.8175372216120224	-0.1974466015952545	1.1907726050013614	1.1089899520036433	0.34849578769559236	1.0
103000	-19.11273716184647	-17.059508558789382	-2.0532286030570908	-8.506637381916835	-8.552871176872546	1.159639068262506	1.3049076991767283	0.1904844624336549	-0.05160787034739367	0.8303843064157134	0.08870514526477231	1.0
104000	-19.09199052494526	-17.339198656091728	-1.75279186885353	-8.551206304909876	-8.787992351181853	1.2786740084695212	0.9031969371425844	0.0859208840846756	-0.014505209465332153	0.7631965421877385	0.09731801236930056	1.0
105000	-19.479031350252985	-17.396508230717888	-2.0825231195350966	-8.560888624843074	-8.835619605874815	1.0535873948404573	0.9029296217787967	-0.19285444702666354	-0.2026846665985098	1.7375394149680263	0.07789842908449159	1.0
106000	-21.28380611169242	-17.47927110333093	-3.8045350083614924	-8.673474762992468	-8.805796340338462	0.9564625565331085	1.430288894761594	0.6550032851799904	0.24112728034596442	0.7162946266625086	0.228810960694041	1.0
107000	-19.689687026859605	-18.72236531745863	-0.9673217094009745	-10.002811066031192	-8.719554251427438	0.642784280817938	1.4344512741304694	-0.12384835334203226	-0.030693287691889892	0.6095271878375361	0.034681688437471866	1.0
108000	-19.373484554383435	-19.022655927236567	-0.3508286271468686	-10.25296986678217	-8.769686060454397	0.600542003118329	0.910878893465631	0.02262003724002489	-0.016625336823329756	1.4819189829940096	0.052460905553172774	1.0
109000	-18.056830358596724	-16.998412512968656	-1.0584178456280668	-8.492629421160203	-8.505783091808452	1.1991967457705803	1.103309029574385	-0.11266101392539285	-0.03612092445761511	0.7732609191212129	0.03855369105280017	1.0
110000	-22.69774792607255	-17.91430005469843	-4.783447871374121	-9.2112831488325	-8.70301690586593	1.7048824369964486	0.9291006403445027	-0.30023072614684826	0.60004092339189	1.6864505717378457	0.17182406485719962	1.0
111000	-22.082768902512846	-17.22658338816376	-4.856185514349084	-8.623405429768006	-8.603177958395753	1.391340813287468	1.1070267290229512	-0.3585814841315653	-0.5678706444976116	1.9292227374293294	0.24019027416946157	1.0
112000	-19.502328715747964	-17.084888884671265	-2.4174398310766985	-8.51578969812668	-8.569099186544584	1.0820882759738606	1.331022346986977	0.14178982549257924	-0.1274517360873978	1.3497075951639699	0.10538820097415676	1.0
113000	-21.578258517636062	-18.82166691525444	-2.7565916023816217	-9.954184138454206	-8.867482776800234	0.6210939029604757	1.4749354497698541	0.3830741540253918	0.18717870238511178	1.1008054202129798	0.18484577543335	1.0
114000	-23.593519813986894	-18.24492637758641	-5.348593436400483	-9.7061726596294	-8.53875371795701	1.901095427599962	1.0477033922207621	-0.9621597751905222	0.10912546880081259	0.8774904400559762	0.2117375522274619	1.0
115000	-20.799669351936075	-18.20484314525403	-2.5948262066820442	-8.574557356515166	-9.630285788738865	1.031472011372879	0.6700852095363186	-0.12217750326880655	0.3990510631664983	0.7097568426870888	0.21343505347490568	1.0
116000	-20.04892181244041	-18.595410321811286	-1.4535114906291233	-9.26199494025747	-9.333415381553818	1.6865363049519422	0.7422088390202299	-0.029809907408425873	0.09313888466583514	0.3196529507458644	0.026772945165286242	1.0
117000	-19.458240213178367	-17.20358886886314	-2.254651344315228	-8.66921975816847	-8.53436911069467	1.3656671877584792	1.057005881205708	0.1588542063636626	0.012697072940865112	0.5691966542024425	0.11032092036250749	1.0
118000	-22.27505460440477	-17.521700524349427	-4.753354080055341	-8.885968527496361	-8.635731996853064	0.9406197605659556	1.3970402064679586	-0.6008403913171347	-0.2096184612603098	1.4283883139829419	0.06799432040366125	1.0
119000	-21.799067228420718	-17.5139820667614	-4.285085161659319	-8.888772101115908	-8.625209965645492	0.927953404411629	0.9797727863530737	-0.5340566612056996	0.500612701874735	0.6357554710328571	1.0849598415699018	1.0
120000	-21.829853844322972	-17.495230509667596	-4.334623334655376	-8.626382386826833	-8.868848122840763	1.134823894667007	1.4434609431336334	0.6710870262997864	0.3209155582292168	0.4373503877288311	0.27807187560841856	1.0
121000	-21.58821739256632	-17.765959214870474	-3.822258177695847	-9.148630906302472	-8.617328308568002	1.6810905367644728	1.2612513033462953	-0.3193746991735612	0.38663611301617634	1.0520083947986827	0.18390935048524498	1.0
122000	-23.640517206278798	-19.960658809524265	-3.6798583967545326	-11.428959902493425	-8.53169890703084	0.44872237019839756	1.0596445255481892	0.8832449547815748	0.2119121884925418	1.4079243864171105	0.9830776227649246	1.0
123000	-22.290938965816437	-18.35902613342394	-3.9319128323924977	-8.915506477059719	-9.443519656364222	1.444279719301196	0.7655259587459661	0.40391986508298694	-0.45996107504084216	1.008005884463316	0.6730976888349738	1.0
124000	-18.73531418765101	-17.107012715007716	-1.6283014726432938	-8.53086849673468	-8.576144218273036	1.0674130511584652	1.3448192059058306	-0.05937689451096462	-0.2228351872993827	0.694398035973069	0.031414168237317665	1.0
125000	-23.982457285045818	-18.884150188148325	-5.098307096897491	-10.05251708935523	-8.831633098793095	1.7700920067796904	1.5007965740745441	0.6356428986462714	-0.045772598423743927	1.3376329211197133	0.14590550285429107	1.0
126000	-20.598233115341333	-18.323029680358673	-2.275203434982662	-9.813469993200055	-8.509559687158616	1.871526051266425	1.098682603076652	-0.0198662755427597	0.16130021262255262	0.40208555576082616	0.06109766398179422	1.0
127000	-22.63099347222836	-17.581090604616545	-5.049902867611818	-8.56914424859464	-9.011946356021905	1.3346867750625977	1.6193058113462366	-0.3753297951516807	-0.29631230097488076	1.075353811769302	0.03139537947902864	1.0
128000	-23.7515234943526	-18.964103200381302	-4.787420293971298	-10.421804425191308	-8.542298775189995	0.6492167841737543	1.091038112631366	-0.9071211935404928	-0.2827763402843708	1.2847174513733022	0.14279860181293721	1.0
129000	-22.804954543768666	-19.54174916045384	-3.263205383314827	-8.751484778449527	-10.790264382004311	1.0518160222852955	0.531913370945971	-0.7768906916117181	0.1917974168331475	1.0765714758937426	0.285591801082478	1.0
130000	-19.4042957502914	-18.66248997519687	-0.7418057750945288	-9.82334666285002	-8.83914331234685	0.6661372539062979	0.8690245390372667	-0.07662606203359645	0.2020847086571599	1.6248007358066625	0.04146776785911744	1.0
131000	-19.3110401286065	-18.2554434559818	-1.055596672624699	-9.065107753220477	-9.190335702761324	0.80673610863224	0.7930784190147474	0.07331531380624115	-0.15813908090556772	0.9062720065499518	0.07119265696389533	1.0
132000	-26.22158083412567	-18.607954180808846	-7.6136266533168255	-9.25868891937099	-9.349265261437859	0.7379775580965288	0.777584039119796	0.4937013500189974	1.8881134257478722	0.3893911327423283	0.4696212973174139	1.0
133000	-23.023688420561122	-18.76374065256737	-4.259947767993751	-8.534794136562443	-10.22894651600493	1.2526722832891954	0.6209141857818757	-0.4573917223858975	-0.2530687972260022	2.035133864424664	0.8828912972217081	1.0
134000	-29.101728247118213	-23.045911582250476	-6.055816664867738	-13.82423762938267	-9.221673952867807	2.844801848628743	0.8431313209297435	-0.1291214348162294	-0.6714415822011118	0.12459522983717873	0.17483968022842883	1.0
135000	-18.39769726188918	-17.01418547352099	-1.3835117883681924	-8.515897513209778	-8.49828796031121	1.0799863242771692	1.192735112676557	0.08589214658406075	0.05586634431836904	0.44604593800219045	0.04022496113472547	1.0
136000	-19.55950949927519	-17.039706619685205	-2.519802879589985	-8.511588880557667	-8.528117739127536	1.2557669606425312	1.1730418445581021	-0.1499200058981733	0.29398608487451927	0.5128451858614751	0.04705459299100757	1.0
137000	-23.73857333889352	-18.057941068731964	-5.680632270161556	-9.156952288275422	-8.900988780456542	1.2047375120001311	1.0044231186363846	1.3515712639460462	-0.9088315641428757	0.47202448133143016	1.1143330051692606	1.0
138000	-18.92986393740791	-17.699307411321108	-1.2305565260867992	-9.196097937239703	-8.503209474081405	0.7740058058993944	1.1061377628765159	0.07176366434670486	0.07036017515399276	1.5961508266497346	0.0637806514561086	1.0
139000	-23.391586874250436	-19.365079232206032	-4.026507642044406	-10.44035656760666	-8.924722664599372	0.5796920190272461	1.289909208249399	-0.005759868002804369	0.8784960617909441	1.2449198102310153	0.20462853111817136	1.0
140000	-20.240913849317483	-17.56425804176432	-2.676655807553164	-8.867554535826418	-8.6967035059379	0.8923702637190255	1.4428420881790858	-0.21364773238105164	-0.22889148914508214	0.6773535260507905	0.1609490197734898	1.0
141000	-21.234763074350475	-17.146271381888894	-4.088491692461581	-8.584367139713608	-8.561904242175284	1.0882129551600255	1.087005259043039	0.582327243886819	-0.3599048914388883	0.7058124165659629	0.7432154237615375	1.0
142000	-20.1434388420367	-17.44571296499098	-2.6977258770457198	-8.695597000481289	-8.750115964509693	0.9769228046521601	0.9492387332377389	-0.29563798585434553	-0.2905005894015251	0.9396291753344869	0.2380027781592505	1.0
143000	-20.842719620220343	-18.747505929752798	-2.0952136904675447	-9.894769231296927	-8.852736698455871	0.6576948274050832	0.899953595575496	-0.11209201676783748	-0.23321783724632827	1.9114493679271913	0.2042987841247924	1.0
144000	-24.29461534706485	-17.237732648103403	-7.056882698961447	-8.683786447951896	-8.55394620015151	1.4213883405890804	1.1370938858678856	-0.1031151407300725	0.44816871421003857	2.704461298689598	1.2253117629607173	1.0
145000	-19.16620851549087	-17.045113974857664	-2.1210945406332065	-8.501905350605055	-8.543208624252609	1.1094294225380623	1.2855077571185358	-0.0006141000831270116	0.001713888081118331	0.8059078365525636	0.12512197824134538	1.0
146000	-18.78466122056205	-17.69703950204211	-1.0876217185199417	-8.63212619948557	-9.064913302556539	0.9924719587716793	0.8178467126376957	-0.14060804121979967	-0.07279938329482152	0.9340061168519824	0.062061557740310816	1.0
147000	-20.749597985119717	-17.450222269897722	-3.299375715221994	-8.542218451259469	-8.908003818638255	1.2977730579527542	1.571548488186663	-0.09553045149001337	-0.3239506826964319	0.358778758750936	0.030431005131489622	1.0
148000	-19.85460297504234	-17.076692393201924	-2.777910581840417	-8.523421843200682	-8.553270550001244	1.2701745040113837	1.0751122985011041	-0.316434614808932	-0.2685225070542876	0.7309617286568357	0.0635960942549195	1.0
149000	-20.23342285801262	-19.092186372734602	-1.1412364852780177	-9.56697941458564	-9.525206958148964	0.6899844100193891	0.7153379459287784	0.22011960610884584	-0.06290441835348431	0.6522546068189564	0.050391431200282125	1.0
150000	-21.711750273435506	-18.00817470218626	-3.7035755712492477	-9.513851916054366	-8.494322786131892	0.6762102538857674	1.2062761400450468	0.8202607753381215	-0.14742968513335325	1.1312637390603815	0.2647366354840556	1.0
151000	-19.929366546313197	-17.04424830001262	-2.8851182463005776	-8.51292661132705	-8.531321688685567	1.1542321327806473	1.058418718198494	-0.3149042699221105	0.053458906142485274	0.40213994297590583	0.12645705363759643	1.0
152000	-20.741159969344448	-17.733338600271107	-3.007821369073341	-8.547259783273024	-9.186078816998084	1.3100476458981039	1.6236438474851091	-0.3210508111117139	0.14246303252831	0.8675163862551919	0.10677538508306807	1.0
153000	-19.630512355626802	-18.058449554708275	-1.572062800918526	-9.309869266624018	-8.748580288084256	0.7402248082839251	1.453098541425836	0.20765756605171595	-0.037063150201870454	1.0761309112351567	0.05653518343621736	1.0
154000	-19.112445885045812	-17.31424184420181	-1.7982040408440005	-8.809545631593974	-8.504696212607836	0.9171614921597836	1.1140806944487627	-0.23847625510157183	-0.10683694798929338	1.2689602771968738	0.07420086979792406	1.0
155000	-19.613034513714062	-17.204504368089914	-2.4085301456241472	-8.710924612531514	-8.493579755558399	1.4137677661175974	1.1812904648445417	0.058918604694428396	-0.18059850795724836	0.39551333631566576	0.07890161835735274	1.0
156000	-18.90172057647041	-17.58537833802621	-1.3163422384441996	-8.787950243417463	-8.79742809460875	0.9138928746813576	0.888296488071751	-0.12993568113344206	0.14183055452002477	1.4330720093567315	0.07099583110162495	1.0
157000	-19.93134998954671	-17.137025667198195	-2.7943243223485146	-8.51417382117281	-8.622851846025386	1.210486523273132	0.9968740542245204	-0.37153090336981753	-0.12787163895336895	1.0527582048346602	0.1867791383352493	1.0
158000	-20.247117085548602	-17.269800104699566	-2.9773169808490376	-8.52432107660113	-8.745479028098437	1.206950672330475	1.4816140415375167	0.20280048961339503	-0.3546577840909422	0.7174770175894221	0.10767545343041583	1.0
159000	-20.963383527177378	-17.44752756338134	-3.5158559637960387	-8.55234400608309	-8.89518355729825	1.0322058621342207	1.4513992739615476	0.136481874367861	0.3407628377983625	0.25962278327529664	0.052543020760929454	1.0
160000	-19.982181041770165	-17.53295231776725	-2.4492287240029142	-9.036051512116245	-8.496900805651006	0.8160219945308286	1.1288622371410042	0.053753507263679945	0.07507309147533997	1.6542367921793248	0.19773539831527304	1.0
161000	-21.511092594438196	-18.752577715008528	-2.75851487942967	-8.640264173965965	-10.112313541042564	1.0055538298651794	1.9409556680259406	-0.2725925003245165	0.07068470464333168	0.6276609590629755	0.10769285275143571	1.0
162000	-21.311439388948227	-20.5477085570487	-0.7637308318995271	-8.875183180724255	-11.672525376324447	0.8754334699651367	0.47453159827704045	-0.06943951679359395	-0.22678470254203906	1.062642383561669	0.05521056284747821	1.0
163000	-19.690732924971197	-17.796539426887474	-1.8941934980837232	-9.284348745733745	-8.51219068115373	0.7547107393803781	1.0902416364098202	0.06205165418181746	-0.020604638753968174	1.0382425532304762	0.16579132483692388	1.0
164000	-18.78318508956076	-17.340146841244128	-1.4430382483166317	-8.84477433644703	-8.495372504797098	1.4973618322543352	1.1333481074987195	0.016606216150898828	0.05664810270984519	0.7956139002261305	0.05082153180170126	1.0
165000	-22.249100575197744	-17.92603141274718	-4.323069162450567	-8.55753802972294	-9.368493383024237	1.2563731136042613	0.7746275445326384	-0.5623961500633714	-0.39339170671808565	2.1586175204842477	0.1598188330196436	1.0
166000	-21.686299171654163	-18.73920859870263	-2.947090572951534	-9.967451773006998	-8.77175682569563	0.6466239305885669	1.4950619380366406	-0.10573660071693601	-0.29579788662984485	0.5953919576600969	0.24564994374983726	1.0
167000	-21.343135039035417	-18.006061706714924	-3.337073332320495	-9.476953984716658	-8.529107721998267	1.668306229428364	1.0602681555106985	0.38869015101557747	0.08324286737740227	0.6867298281672883	0.22998299075431552	1.0
168000	-21.36352742605536	-17.15791988310169	-4.205607542953668	-8.664080676246035	-8.493839206855657	1.0539565039922045	1.180507006871658	-0.5776264577109301	0.03141580648003561	2.0566398606974876	0.15660246117605883	1.0
169000	-22.438195227555745	-17.525759912133505	-4.9124353154222415	-8.790040098705575	-8.73571981342793	1.221402156944506	0.9830291286223742	0.8390155714998162	-0.459053729201418	1.6286117486502503	0.2450962092625841	1.0
170000	-20.801503412597967	-18.127335196071158	-2.6741682165268106	-8.743946950423853	-9.383388245647307	0.9065478967786469	0.7593061546827776	0.2244319143078288	-0.2654674424497384	0.3641434585661934	0.07251639872894136	1.0
171000	-23.14544029131884	-17.39276110023217	-5.752679191086672	-8.525998781194883	-8.866762319037289	1.2223102384802698	0.8553557065713063	-0.4375388002952747	0.2795683690465287	0.9217578355543811	6.139828907706846	1.0
172000	-21.389790127386433	-18.264210586838942	-3.1255795405474895	-8.516590918348632	-9.747619668490312	1.1607020346760786	1.8240938951364232	0.2529167667071628	0.10903892948433574	0.4004109064861877	0.13193485499797158	1.0
173000	-22.239122465768823	-17.59477196506568	-4.644350500703145	-9.09143856800516	-8.50333339706052	0.8553323198867726	1.1079668713124666	-0.4974548418994651	0.09913593900469087	2.331214058677733	0.7855392302622329	1.0
174000	-21.922403072848418	-17.555726227931373	-4.3666768449170466	-8.704020929206564	-8.851705298724811	0.9377745243177963	1.0856919086075234	0.01608912414179514	-1.0461192245669375	1.1835057799937265	0.8248550278688501	1.0
175000	-25.82429819788945	-19.460620167261304	-6.363678030628147	-9.944812746394602	-9.515807420866704	0.61371864504263	1.3708001541795551	0.587956242138507	-1.9204844659679632	1.103329848310901	0.6969777663037161	1.0
176000	-22.649896834367212	-18.770868087011383	-3.8790287473558274	-9.59780199694471	-9.173066090066673	1.8027656520042443	0.8319303380306603	-0.01969163810428845	-0.4901746907314136	0.3126413736589756	0.13862595577672593	1.0
177000	-21.763738286959956	-17.634119528365858	-4.1296187585941	-8.913287019828623	-8.720832508537233	0.8487525809495021	1.339368864587595	0.11255439390180966	0.3933434857113455	1.7875114945306492	0.5421096105923455	1.0
178000	-20.2155705275733	-17.850166167977164	-2.3654043595961345	-9.355482531837078	-8.494683636140085	0.721481538933949	1.209246304458672	0.38973621790980684	-0.13146322308242303	1.2670469604563603	0.10646630291371571	1.0
179000	-18.973406286169848	-17.964503526122115	-1.0089027600477332	-8.65069586752614	-9.313807658595973	0.9876201667844633	0.7488393894752339	-0.1921769827877765	0.05514482465346991	1.2522107709869281	0.05357930178423456	1.0
180000	-22.55793365707199	-17.612536952124593	-4.9453967049474	-8.977789349627956	-8.634747602496638	0.8458281505174475	1.3888923640895419	1.2599670027410181	-0.12821658921188628	0.9378411565508257	0.5248637972770397	1.0
181000	-22.99737842148535	-17.345688563055216	-5.651689858430134	-8.591422626756465	-8.75426593629875	1.1683643191507722	1.4193347037436372	0.5282018131758005	0.1618405650422165	0.25101432998136997	0.04304032487342856	1.0
182000	-20.470624244331702	-17.047264243562527	-3.4233600007691765	-8.548752206254168	-8.498512037308359	1.037235023972485	1.1736801914091797	0.226338617230039	0.10254669609857124	0.7367145678307209	0.48786276857268174	1.0
183000	-23.180013781972512	-17.59066409358229	-5.58934968839022	-8.688437581353918	-8.90222651222837	0.9605901329849337	0.908365363636496	0.7550656569983432	1.2711373831565949	0.7803786259795727	0.40446778060781	1.0
184000	-21.381130818363488	-18.775487034770904	-2.6056437835925843	-10.174833237695534	-8.60065379707537	1.97940023722412	1.0176095362884712	-0.025344814426539967	-0.1714245304673998	0.7291569398483011	0.11277092586740856	1.0
185000	-21.13985423680926	-18.221561105963318	-2.918293130845943	-9.270342863385752	-8.951218242577566	1.655200237091496	1.5412793234360982	0.14460362103141394	0.06028976824765142	0.3060098304215659	0.09058202395581501	1.0
186000	-21.18137347815752	-17.54928649925709	-3.6320869789004324	-8.585009295830393	-8.964277203426697	1.270121797890345	0.8946137599599961	0.26022236560485307	-0.4949900182341358	1.699746166254637	0.20294979201542804	1.0
187000	-19.82828312726339	-17.15354353478129	-2.674739592482103	-8.653378445853672	-8.500165088927616	1.0148145376214082	1.1983948560782127	-0.3751803994219173	0.05862204801352583	1.4502303652025925	0.07408697580114247	1.0
188000	-20.78873480087152	-20.67517295067541	-0.1135618501961082	-9.411446383263517	-11.263726567411894	0.7355080698473012	0.5022463457698293	-0.041047374163023675	-0.10224962091646739	0.7939028566105086	0.035443431496056305	1.0
189000	-22.304151504342194	-19.24015757753932	-3.0639939268028726	-10.740265566878175	-8.499892010661146	2.1117227342040676	1.2264992695008083	0.061963330487221246	-0.17945354326266377	0.9688781130326526	0.10636519690800281	1.0
190000	-23.553448264802626	-18.292211983292717	-5.261236281509908	-8.973574953126422	-9.318637030166297	0.8237658891858354	1.1493230792814773	0.21654923575570528	1.6285159580958983	0.7004597081493494	1.738489136864164	1.0
191000	-21.951836443645952	-17.329645863883847	-4.622190579762107	-8.62451459693956	-8.705131266944287	1.364541376963904	1.448080022382793	-0.6048761128628899	-0.5581423006675095	0.9648620880799581	0.23195456385853414	1.0
192000	-21.157155685683435	-17.675777595063664	-3.481378090619769	-8.571866172707887	-9.103911422355779	1.1020060735161774	0.7751599477039902	0.5357165687106299	0.5064517182306638	1.380180183484066	0.27134501289518637	1.0
193000	-20.533576015573836	-17.112767545878643	-3.420808469695194	-8.536329228143591	-8.576438317735052	1.1884032837123946	1.3210470858747734	0.3021754129418613	0.0032922521862225884	0.9707977802334404	0.35276733697581963	1.0
194000	-26.711846137808642	-20.607849795395843	-6.103996342412799	-12.085730658157201	-8.52211913723864	2.5840985060887083	1.0704048081524176	-1.0039239324298312	0.13043162200738465	0.20626457432044065	0.4153183644261652	1.0
195000	-20.961888583793105	-17.238603599017427	-3.7232849847756757	-8.589811507271298	-8.64879209174613	1.0328140969856785	1.2032162228026237	-0.21928928902279587	0.6078318958662072	0.6903492758870314	0.12319906628268336	1.0
196000	-19.995668997600877	-17.399991105775033	-2.5956778918258427	-8.718849403618318	-8.681141702156715	1.453173758769287	1.4320780680804361	-0.1810066551090141	-0.22814209527746734	1.0315809733044012	0.038796232451894085	1.0
197000	-18.884088656646778	-17.32098088252441	-1.563107774122369	-8.826272480023034	-8.494708402501375	0.8965939061608198	1.1403753630917826	-0.10703011557361641	0.06482204307846876	1.5049543380228023	0.07196508435205386	1.0
198000	-22.23833546279422	-18.17787323662799	-4.06046222616623	-8.507374461712928	-9.670498774915062	1.239985364580593	1.8690026596195797	-0.0588189369821126	-0.2822037247225343	1.663730790930608	0.09242546158750606	1.0
199000	-19.692854852707566	-18.76616266108298	-0.9266921916245849	-8.599884254194329	-10.166278406888651	0.989528451084249	0.6106123421473366	0.1918403300020973	0.03860645792379694	0.7815824300774261	0.04664649288754046	1.0
200000	-24.60985462747231	-17.943852061011462	-6.666002566460846	-9.288879245443486	-8.654972815567977	1.1737909770261545	1.3553832916249904	1.5506113118708376	-0.7510041616642837	0.30158012576023224	0.7685363450487342	1.0
201000	-20.825817483308537	-19.02014464076442	-1.8056728425441162	-10.156815470541124	-8.863329170223299	1.9916143946642766	0.8720405966403458	-0.11361194774135458	0.02163505032094447	0.5855267882518894	0.0549616133183841	1.0
202000	-25.31892009925248	-18.43790685520988	-6.881013244042601	-8.887938570754688	-9.549968284455192	1.339761934862319	1.713827730619848	0.6929350171337022	-1.5035400070572902	0.4239264885192026	0.5044731795096904	1.0
203000	-22.27233928349323	-18.01456368377219	-4.25777559972104	-8.95123942250402	-9.063324261268171	1.4629836948605328	1.6119587263427155	0.3973358908115433	-0.05940078514125004	1.0606341139893405	0.395399236418562	1.0
204000	-23.20999117804237	-18.836376968953275	-4.373614209089094	-10.242123113676698	-8.594253855276575	1.9991181688146182	1.3367058365490367	-0.02899287435448103	-0.5590653723558887	0.9945584339994956	0.22675136544878927	1.0
205000	-23.18334005459066	-17.580120693741634	-5.603219360849023	-8.912493859845373	-8.667626833896259	1.18091025758899	1.066210975712239	1.1054131469367678	-0.6281195528960835	1.3342626689887052	0.32924812755411964	1.0
206000	-19.75957194009461	-17.639966660292053	-2.1196052798025544	-8.631192554630589	-9.008774105661466	1.0051403740402785	1.5461978543200352	-0.23146649967875477	0.16319211609861384	0.7503874221742532	0.04606725325002937	1.0
207000	-19.500451694149277	-17.298385956345445	-2.2020657378038333	-8.625589266141263	-8.672796690204182	0.9946337744051779	0.9689015037673347	-0.12380091449043906	-0.14148722641754885	1.0907664100116772	0.18257279026384188	1.0
208000	-21.50750866212104	-17.33496132240704	-4.1725473397140025	-8.536264162464388	-8.798697159942654	1.0804411020299647	0.8770672580492337	-0.19603887077490814	0.5790425311611258	0.2985768290424627	0.21620516978471693	1.0
209000	-20.918742646239128	-18.85061263512638	-2.0681300111127454	-9.754432804132001	-9.09617983099438	0.6967404346332414	0.8223032879608515	-0.3383077534342895	-0.21637246982942904	0.7875233951522629	0.05616058331865706	1.0
210000	-19.585704108181726	-17.459918601925654	-2.1257855062560713	-8.650110584976554	-8.8098080169491	1.3818694491342	0.8911033197708074	0.005892635733096979	0.029500732598714885	1.052619912844713	0.13459763024758792	1.0
211000	-20.507853858695512	-18.725696274334695	-1.782157584360818	-9.907238625645778	-8.818457648688918	0.6614794387077153	0.8750274315060308	-0.19314049089154117	0.23784379934286654	1.5505860807365224	0.15512777396563857	1.0
212000	-19.54082498051178	-17.383607883039005	-2.157217097472773	-8.83030813940101	-8.553299743637993	0.894453489041676	1.0309790960620118	-0.10052189173108111	0.1565384360163513	1.9103527347176048	0.10813612745070596	1.0
213000	-21.25371961918217	-18.05523292641424	-3.1984866927679283	-8.722597486239039	-9.332635440175201	0.9361843863381528	0.8142367966020335	-0.06742807987053134	-0.6656145061603027	1.3730539862061335	0.15110863525591592	1.0
214000	-22.47971377319793	-18.315942694449646	-4.163771078748283	-8.780543109300005	-9.535399585149642	1.4692834252831615	0.7441832875995374	-0.7984377422322676	-0.4305043095145714	0.972385705993304	0.370479974483539	1.0
215000	-19.909695427615755	-17.397273771804144	-2.5124216558116124	-8.772508795043612	-8.624764976760531	1.437575345555726	1.3119289413879158	0.1255498390909055	0.24111617937549912	0.7719905941122565	0.09489422837331822	1.0
216000	-19.71472928128896	-17.55842052408044	-2.1563087572085218	-8.989780159545223	-8.568640364535215	0.8303242851967598	1.3279373829542547	0.03830486597439753	-0.10204525227348332	1.2899948345571144	0.1352884227793166	1.0
217000	-22.138343259578274	-17.872279772352364	-4.266063487225911	-9.156153800147589	-8.716125972204777	0.7654039697232623	1.0060478251301856	0.4069132052689173	0.9430746280069353	0.7280406234605133	0.9494608538947814	1.0
218000	-20.550689311509203	-17.29512885813851	-3.255560453370691	-8.49386523007352	-8.80126362806499	1.1656799167680463	1.3733930174887798	0.05813118920006502	0.4437758514276595	1.2094899331352846	0.07973286233900037	1.0
219000	-24.108126518043463	-19.192052920933126	-4.916073597110338	-10.488332762788037	-8.703720158145089	2.108222615183935	0.9222898918824991	-0.24798404601139662	0.39125543578261485	0.16026515262478594	0.06370434504781496	1.0
220000	-24.492736674711747	-20.31501028458386	-4.177726390127887	-9.4768662991914	-10.83814398539246	0.7048826237276081	2.0274872609290004	0.24632406571334806	0.4579723392410948	1.495580505934144	0.0976106053037883	1.0
221000	-18.53531849305431	-18.17610579034769	-0.35921270270661765	-9.30537783282777	-8.870727957519922	0.7599901892915846	0.8631870718349468	-0.0746179410461798	0.11006631336941197	1.8140089165747926	0.029148151441165383	1.0
222000	-23.73091705118103	-18.796079997702464	-4.934837053478567	-8.552806695882762	-10.243273301819702	1.1744644310424284	1.9854130910953003	-0.5307426514226483	0.03650187048504849	0.8267342240350735	0.9571353920410267	1.0
223000	-19.446702661308855	-17.53255633562167	-1.9141463256871858	-9.012885507710902	-8.519670827910767	0.8160732242140588	1.1178926761425754	0.15126770741817	-0.25651808402653187	0.8635932682722818	0.09498681321334672	1.0
224000	-19.884515664551202	-17.18931353134756	-2.6952021332036447	-8.685811778449539	-8.503501752898021	1.3535346176956584	1.175209424945782	0.2573962229156742	0.1442863198760746	1.0476249849372685	0.019406614034427883	1.0
225000	-22.502453752651896	-18.975292317863406	-3.5271614347884883	-9.153422547976435	-9.821869769886971	0.7596805850278658	0.6740836015109841	0.6051442351878804	-0.18679026828760703	1.1642945608055317	0.06587951044160963	1.0
226000	-22.207419109116497	-18.527747058225792	-3.6796720508907064	-8.561280117450165	-9.966466940775625	1.0277095963381844	0.6935448920835009	0.31232863692325197	-0.6810466702914711	1.545001288441898	0.1381279275158923	1.0
227000	-19.703471565901815	-17.09423072801603	-2.6092408378857854	-8.507623166156577	-8.58660756185945	1.2008978744113912	1.0000439862897654	0.11625616211344686	0.18576215699531445	0.5530972366203344	0.17005909991214466	1.0
228000	-19.75078509932933	-17.188819421777517	-2.5619656775518145	-8.49619883116758	-8.692620590609938	1.1277433574643916	1.3764992106256488	0.04697444873152337	0.18166029445686233	1.9983967012081143	0.0317307290772993	1.0
229000	-20.54138827658867	-17.13670982909005	-3.404678447498619	-8.509683655139337	-8.627026173950714	1.091769927578097	0.9698671251033236	0.032958383226485366	0.36510912153169184	0.5256361080557577	0.37430589740366066	1.0
230000	-20.20603478514169	-17.047188742706297	-3.158846042435393	-8.524973899123427	-8.522214843582871	1.2285914727870402	1.0700362221786122	-0.42823177881507085	0.12129065273725594	0.5758995656001565	0.055479569711832384	1.0
231000	-23.614014218795404	-21.931126195183502	-1.6828880236119026	-13.317488855212854	-8.61363733997065	0.3457634467784821	0.9890553823173601	0.4195989051423997	0.013447448847751287	1.2812228372277912	0.12705574115128537	1.0
232000	-21.002247809332506	-18.369836235805664	-2.6324115735268405	-8.530580460228382	-9.83925577557728	1.1127063298568598	1.866030138546178	-0.30306861885499514	0.0457100396322081	0.5953413577979003	0.06373320102990788	1.0
233000	-25.196110311430452	-20.050182936118254	-5.145927375312198	-11.399094475607784	-8.651088460510469	2.3067003432767548	1.0154234038023164	-0.07908468040032535	0.7607591418801427	0.5306155687892274	0.1234186751348068	1.0
234000	-22.75423893278184	-17.97548440929873	-4.7787545234831095	-8.80155669843868	-9.173927710860049	1.5016734256664122	1.5454853034975544	-0.7060187299948598	0.4398292862159563	0.7818697112853331	0.6007000325875708	1.0
235000	-20.837190851917228	-17.81735804216342	-3.01983280975381	-8.540051309304298	-9.27730673285912	1.0576952720262327	0.7456153031431922	0.30725162317624516	0.2365059115757996	1.8519014332246388	0.3114466676985323	1.0
236000	-18.506288038459594	-17.632749811716437	-0.8735382267431586	-8.88138483325453	-8.751364978461906	0.8675830339782263	0.9262732116898255	-0.0013308133990882487	-0.09938620884940996	1.0476830771741272	0.05873812237770738	1.0
237000	-20.85991663057361	-18.62036546488506	-2.2395511656885496	-8.84355779494742	-9.776807669937643	1.5016025217110314	0.681367585565697	-0.01198541106308526	-0.1887867386850799	2.0307055164277408	0.051834043644864644	1.0
238000	-20.060706111781542	-17.431721235351816	-2.6289848764297252	-8.921923274417843	-8.509797960933973	0.8371152044676584	1.1527576084105078	0.270266625346824	-0.29141474811784446	0.8682084061387344	0.19846766969610974	1.0
239000	-20.5760568141805	-17.678416325160995	-2.897640489019505	-8.90616068099969	-8.772255644161305	0.8397283437467965	0.914029579215426	0.32989660536391235	-0.06463225212241996	1.052895546822891	0.44450685361522774	1.0
240000	-19.966192162534515	-17.74077359075463	-2.2254185717798873	-9.234184641112012	-8.506588949642614	0.8004659776990425	1.1179292583432392	-0.34695293872510097	0.18770055884955317	1.1135428105334009	0.09567872527790361	1.0
241000	-26.33263955172196	-22.07053474288974	-4.26210480883222	-10.93757668235724	-11.132958060532504	2.012778713870894	0.49011173682408726	0.5798356992464464	0.41324074448668247	1.2344297852941364	0.15889679327366027	1.0
242000	-23.00325178812751	-18.13764487497076	-4.86560691315675	-8.754956532851464	-9.382688342119296	1.4162570558029273	1.5604953574367937	0.1776303873468488	0.6486779320985755	1.263951354259987	0.12441077810911756	1.0
243000	-19.578101820105505	-18.108161561546794	-1.4699402585587114	-9.322411728120345	-8.785749833426447	1.7148664799822952	1.4432388039391504	-0.06300357199363185	0.13417825997058158	0.6497861062019478	0.023543474157213588	1.0
244000	-22.991020665466017	-17.69943746743249	-5.291583198033528	-8.967852488677162	-8.731584978755329	1.2922016293341136	0.9144755233731213	0.9305572935926165	0.6476309333708682	1.6525546437524585	0.33989820195453785	1.0
245000	-20.769404945932784	-18.74594849772332	-2.0234564482094655	-8.518170255277152	-10.227778242446167	1.1087535601130845	0.6007822254292402	0.2752874465502439	0.07389958498110907	2.4410677318164415	0.04229056568798051	1.0
246000	-20.37722665849418	-18.354121092438803	-2.0231055660553796	-8.57531143213885	-9.77880966029995	1.3217682241168258	1.8346979452302037	-0.007815210059630026	0.10476428678831023	0.43338099501486976	0.05173243195913452	1.0
247000	-18.886380533971376	-17.48577596073261	-1.4006045732387653	-8.50366782825015	-8.98210813248246	1.2145958269016608	0.835547644965679	0.035648194839593375	-0.0010625296350141034	0.7486802089620372	0.0773602808060644	1.0
248000	-21.888128031798587	-17.56545268158563	-4.322675350212957	-8.601528840745711	-8.963923840839918	0.9929956501686998	1.606869372094007	0.0772560450752744	-0.5556069423393377	0.3466144935332763	0.39180026734841156	1.0
249000	-22.1372065317595	-18.63950125607391	-3.4977052756855898	-8.542532090263322	-10.096969165810588	1.2872666461737357	0.5977346512248445	-0.42131200230768867	0.4736120051697268	1.798419057830829	0.2790717256725504	1.0
250000	-22.57318886706554	-18.237730595176814	-4.335458271888724	-8.60367869042436	-9.634051904752452	0.9859570685638082	1.839931238200034	0.2449221602497183	-0.1641285828905629	0.3123163725445646	0.4447757747325134	1.0
251000	-23.581430687067286	-18.961955692818115	-4.6194749942491695	-8.661880107365569	-10.300075585452547	1.4199162814481836	0.5625900732119576	-0.2543513911608392	0.7280177735165672	0.45635282205251415	0.12423394936295996	1.0
252000	-18.14163845373001	-16.994765150318816	-1.146873303411195	-8.49332823355958	-8.501436916759236	1.1381103717881622	1.2299074032114334	-0.030175932190470434	-0.09157382676666265	0.9668742421463534	0.04254437561744443	1.0
253000	-19.57130022163572	-17.13864326586826	-2.4326569557674596	-8.633980118361656	-8.504663147506607	1.3288432746108618	1.2353299156584985	0.20421732932167685	-0.23539092875008547	0.893440324887942	0.07944147876653267	1.0
254000	-20.568971994165622	-18.54987968234284	-2.0190923118227824	-8.742750994406702	-9.807128687936139	1.4102062732003042	0.6654994336057302	0.1722860493160957	-0.029114298754602475	0.5609709195561022	0.10125343442877799	1.0
255000	-25.364793925390334	-20.835592548762158	-4.529201376628176	-11.46685308273827	-9.368739466023886	2.26275713107263	0.7578968309252213	0.15956785189883493	-0.2144398287327336	0.11765483622725242	0.1001997006590983	1.0
256000	-19.688202585760223	-17.825823948692054	-1.862378637068169	-8.71223845334283	-9.113585495349223	1.4533476931664893	0.8028476860348067	-0.23111202594594837	-0.04599344441700143	0.4723372676416515	0.021011355003753097	1.0
257000	-20.0484843301442	-17.112294054706606	-2.936190275437591	-8.598537261313009	-8.513756793393597	0.9987449801200413	1.202106371200277	0.4376668957241112	0.15512433193189995	0.6328453200878832	0.13103909082328905	1.0
258000	-20.274952476131897	-17.389407213984107	-2.885545262147791	-8.86228138714598	-8.527125826838127	0.8548593231740087	1.2692054695972008	0.33231346652187915	-0.36219486716374427	1.0552916387508928	0.09646038093404355	1.0
259000	-20.496071395779914	-19.919448645692498	-0.5766227500874175	-11.375611616062017	-8.543837029630481	0.4893731393482673	1.0450381912177324	-0.036810742432766275	0.034285606730663026	0.5543585715126073	0.03590067994364655	1.0
260000	-21.239269131266198	-17.24097278084254	-3.998296350423659	-8.724983690392547	-8.515989090449992	1.009697270204384	1.2244710098325826	-0.5611815534053064	-0.37530493698971745	0.44147225677451907	0.18987661958199237	1.0
261000	-24.115206718907118	-20.575673646003544	-3.5395330729035726	-11.822251486697228	-8.753422159306318	0.4754789410946161	1.4550298694799437	-0.47115623961271597	-0.031068075644629656	1.3097228367921518	0.6284277188285196	1.0
262000	-18.934993081784775	-17.06938678148675	-1.8656063002980257	-8.57271055452269	-8.496676226964059	1.0166895601582457	1.2036845209336084	0.05353528261743745	-0.213307816760647	1.5744841377233896	0.04532383212329699	1.0
263000	-18.97365286098513	-17.142830808119623	-1.830822052865507	-8.545753611697398	-8.597077196422225	1.2902349763533658	0.9996343229530852	-0.00833429495249527	0.025468936971873746	0.1295906663222339	0.01202943784587284	1.0
264000	-21.9438788939746	-17.572881649325346	-4.370997244649252	-8.5157487376926	-9.057132911632747	1.199311142138918	0.7875262284722441	0.1747046132884592	0.5185876356689616	1.3102306810684459	1.4427196163228204	1.0
265000	-20.591450652337446	-17.158890504364347	-3.432560147973098	-8.542130214543777	-8.61676028982057	1.0671774606940778	1.0317795649207577	-0.15737026593156062	-0.3316457950422031	0.46476711261303416	0.32636945492602615	1.0
266000	-22.68432487426721	-20.90929389734757	-1.7750309769196408	-8.51432694062391	-12.39496695672366	1.2584313693609026	0.4181901792908443	-0.10862698197106666	-0.12540653208348546	0.3432703412347882	0.04620091151420931	1.0
267000	-22.163859490313108	-17.252554437612993	-4.911305052700117	-8.554517825864448	-8.698036611748543	1.1017845302907314	1.4322463414023874	-0.3809749611941728	-0.6370364421587467	0.37964857920256007	0.12009492665583352	1.0
268000	-20.136278697493637	-17.683876132471227	-2.452402565022411	-9.160887484371797	-8.52298864809943	0.7921662254681409	1.2216981186280729	-0.060963617329611475	-0.42104158709550016	0.9422768800388448	0.09324072356807775	1.0
269000	-20.86102246355366	-17.347747275908528	-3.5132751876451307	-8.624597868319903	-8.723149407588625	0.9707010823234001	0.9121028926216513	0.3137800507020674	0.4320988825555209	0.4239683705839369	0.23642386776454238	1.0
270000	-22.758047733053697	-17.790235527456485	-4.967812205597213	-9.095199496781472	-8.695036030675013	1.5496623012972002	0.9620326163921388	0.3048555663692921	0.789529758107645	0.9469185273153282	0.13565592335628676	1.0
271000	-21.171474371674403	-17.21794277014308	-3.953531601531325	-8.532918608138518	-8.685024162004561	1.1838378902133608	1.2948817977472495	-0.46006294667401176	0.45509969357458857	0.5366399159086124	0.13699427578795104	1.0
272000	-18.872273477966313	-18.338751495567628	-0.5335219823986845	-8.90116140398352	-9.43759009158411	0.8516378839253393	0.7182660424693369	0.12950961984003548	0.14227898568648067	1.129498202060477	0.03422589828618208	1.0
273000	-21.856831185182177	-18.53641910245529	-3.320412082726885	-8.673317210432112	-9.863101892023177	1.4300410580172846	0.6765421076275515	-0.2881623251240849	-0.30435246722410336	1.5562020946665747	0.036688291991492414	1.0
274000	-19.475846178741495	-17.57158579315896	-1.904260385582536	-8.764148465118208	-8.807437328040754	0.8989877047783129	0.891278568202578	0.19635369932526214	0.0392927280570555	0.4484072572270342	0.07321711922606727	1.0
275000	-18.248815621840954	-17.12231942920434	-1.126496192636617	-8.584041293859242	-8.538278135345099	1.0099952986561285	1.0753733496159432	0.0176221453779718	-0.1809233773003736	1.288393462878824	0.03427072948803524	1.0
276000	-22.825424220870925	-17.547479537582262	-5.277944683288664	-8.738941190580602	-8.808538347001658	1.4714791371556573	1.3435759609975204	-0.2448622922668932	0.5523214541377466	0.887588859793161	0.04910385990042237	1.0
277000	-21.76056736653591	-17.35826638428488	-4.402300982251027	-8.618019850842787	-8.740246533442097	1.1646599818561112	1.34397362904056	-0.7171635256984437	0.41986823185409505	0.9859379245525051	0.2172474403908721	1.0
278000	-23.64336483682257	-19.18823797278789	-4.455126864034682	-9.364041077001648	-9.82419689578624	0.8036018097368247	0.6503505391595662	-0.6407125148154543	0.17926183118503253	0.3561299922108119	0.09104435564613444	1.0
279000	-21.45175232211817	-18.27169019369976	-3.1800621284184105	-9.567096805972339	-8.70459338772742	1.7303498754248081	1.405314667095946	0.26378392204892875	0.08219977046833257	0.7131897788032812	0.16506997575836338	1.0
280000	-19.80391173508119	-17.432893127848907	-2.3710186072322834	-8.531684809947555	-8.901208317901352	1.227471222264288	1.5373486725559258	0.1813075795070527	-0.05399658189407802	0.3703405364721815	0.06327668636353903	1.0
281000	-22.52772202868354	-17.335740304342153	-5.191981724341388	-8.600729024121017	-8.735011280221137	1.1968076476796607	1.3303488084311847	0.5011539789900814	-0.9891006199981227	1.3358436263522113	0.4635015929534823	1.0
282000	-19.521817733142516	-18.70034336818137	-0.8214743649611445	-8.518930664285277	-10.181412703896093	1.2700670945185946	0.6080522443004742	-0.1782576419035634	0.04926091809803124	0.8195132574363485	0.02879659576337247	1.0
283000	-21.73417867495375	-22.088913642915692	0.3547349679619418	-13.5654197897505	-8.523493853165194	0.3488872856130823	1.2471679440845072	-0.05054766351275451	0.06048203276496461	1.082671084552651	0.019880529298355584	1.0
284000	-24.011106122366318	-18.15534114854992	-5.855764973816399	-9.507849446537335	-8.647491702012584	1.8373260233889008	1.4116162828459662	-0.7926552667305449	-0.33156173995644556	1.4681164640476498	0.43467018510767236	1.0
285000	-27.976628600978017	-19.913039194272585	-8.06358940670543	-9.655801619245324	-10.257237575027263	0.6495796047260995	1.9759252335100037	1.602760447502152	0.09539248549688428	0.6763155712412475	0.2562929298424945	1.0
286000	-21.617089483434032	-17.347369855994664	-4.269719627439369	-8.73798772859696	-8.609382127397707	1.450428390240835	1.2707896378566463	-0.061674550126065736	0.3354187333670464	0.5437055926248473	0.7055187158981288	1.0
287000	-20.3359547705775	-17.79804023510718	-2.5379145354703216	-8.991130231579938	-8.806910003527245	0.8232033956442139	0.8738619284781578	0.1374433315505833	0.4137375772116507	0.6604676349269598	0.062309100171065265	1.0
288000	-22.818251793691612	-17.61908693827093	-5.199164855420683	-9.10784094877267	-8.511245989498258	0.9410479233463829	1.1947314575626438	-1.009091961519673	-0.35188779618827715	1.769253750301843	0.2922959387580029	1.0
289000	-22.662517727921845	-19.790555019951483	-2.8719627079703605	-8.537020247078214	-11.253534772873271	1.1184249155233683	0.5204561763414634	0.38820129342521714	-0.4170779583544203	1.5579665870019577	0.3197977948897069	1.0
290000	-20.245685185271114	-17.36189591401581	-2.8837892712553037	-8.764381419492352	-8.597514494523457	0.9004226273548794	1.0678967335366554	0.16674774580478824	-0.42487595514368326	1.3669983449985565	0.05581719735201872	1.0
291000	-20.73851225699699	-19.358949384282788	-1.3795628727142017	-10.493880943777883	-8.865068440504903	0.5644249145227097	0.8728068413787721	0.166252303136356	0.003965539223893033	0.8400756337394121	0.11875888751048103	1.0
292000	-22.361044835257264	-17.82695911195803	-4.534085723299236	-8.880779840676517	-8.946179271281512	0.9600989750709472	0.8443059680384652	-0.6898945300327217	0.027109870889802518	0.49584358539049905	1.2265347042935253	1.0
293000	-20.797520558613837	-17.47976918500094	-3.3177513736128965	-8.563316843065198	-8.916452341935743	1.0966074348367776	0.8318715238233694	-0.40019593638519063	0.47392351536881344	1.0828762437711588	0.10867902446467609	1.0
294000	-19.36619128482119	-18.02751379006626	-1.3386774947549323	-9.531984785614785	-8.495529004451473	0.7029224367549249	1.1328815105521826	0.10512765699380583	-0.06904485254422157	0.44563775085598134	0.04453916740084575	1.0
295000	-19.21670343279814	-17.645150860870675	-1.5715525719274652	-8.779534335685721	-8.865616525184954	1.4824319505186574	0.8732166825325208	-0.1173127879145903	-0.0036012393397424625	1.0846404278209685	0.06274820279341319	1.0
296000	-21.470027281902187	-17.471938621043734	-3.998088660858452	-8.959534547932726	-8.512404073111007	0.8152536671593944	1.0862815867082667	0.6394087099835324	0.05499319742156067	0.7567060723050795	0.0746485749554394	1.0
297000	-19.672611201266953	-17.406270673824483	-2.2663405274424706	-8.54943390154568	-8.856836772278804	1.193530579248483	0.8791912289166431	0.3443260265567688	-0.03845852909750547	1.106381665705428	0.10977549914274426	1.0
298000	-22.12753848904812	-17.715837057627013	-4.411701431421109	-8.791391569666718	-8.924445487960295	1.4758953218016648	0.8300437337461674	-0.02584013718824013	0.8138523673129289	1.0493701151810264	0.15837450223660055	1.0
299000	-20.51199960975885	-17.06402542124106	-3.4479741885177893	-8.565885576167293	-8.498139845073766	1.1307443492733422	1.125457470286454	0.4974322468581419	-0.07493225124102765	1.291080472340067	0.06535179238492675	1.0
300000	-22.546050071704265	-18.241110756066156	-4.304939315638107	-9.746780786562864	-8.494329969503292	1.8803561728288072	1.1367265313853436	-0.18808196256449222	-0.06426922344498509	0.37186621673071885	0.5106809626733674	1.0
301000	-19.62872648195576	-17.04612554013916	-2.582600941816601	-8.555272254672046	-8.490853285467114	1.0313769514148834	1.1720092817823342	0.2639323583053941	-0.013331614387453616	2.0645006363639435	0.034034169085997795	1.0
302000	-20.03035531510443	-19.019330828655654	-1.011024486448776	-10.520972678544869	-8.498358150110786	0.5798415364709437	1.1301163951523883	-0.16589384564529464	-0.10927083672848226	1.6389074314206882	0.046721188645407426	1.0
303000	-22.556891645121503	-17.898511605503067	-4.658380039618436	-8.583530797250845	-9.314980808252223	1.3290763410198285	1.6118795402143813	-0.004550730902562708	0.3896827735769272	0.5291795097181703	0.01927071229226158	1.0
304000	-18.576366627993316	-17.138934134430396	-1.4374324935629184	-8.568024950222426	-8.57090918420797	1.286808100552778	1.308670803638077	0.13200663175973998	0.04252848034084472	0.8802402393848228	0.042048723262690386	1.0
305000	-23.440927326983154	-19.634560709313508	-3.806366617669646	-8.768923612884162	-10.865637096429346	1.4802524330516325	2.1909700933039438	-0.14939152719457674	-0.1540818737633266	0.3539340603132126	0.22031413680227632	1.0
306000	-20.522163955772513	-17.351989643012004	-3.17017431276051	-8.807912701749558	-8.544076941262446	0.9206866728173722	1.0492934009040287	-0.26219309606137875	0.29599999355516204	0.9731320356188042	0.442183520295231	1.0
307000	-20.06309197767073	-17.25105703049914	-2.812034947171589	-8.515603188282936	-8.735453842216206	1.1676613842653953	1.422061210530967	-0.35398123518706487	0.09483050576558472	0.9338369381264408	0.11439184352368788	1.0
308000	-21.454227769625557	-17.277225308736817	-4.17700246088874	-8.528085441118185	-8.74913986761863	1.269607018923301	0.900685911424006	-0.022367989953315903	0.5612422983168404	0.5466852407835479	0.7713500014834013	1.0
309000	-19.76636570983289	-17.508126046352622	-2.2582396634802677	-8.502869239621289	-9.005256806731333	1.2359984433051445	0.8406909323473031	-0.17016411814491111	-0.14205259385188607	1.1003328296352712	0.16105643252455393	1.0
310000	-22.440295473171673	-17.845296178310093	-4.594999294861578	-8.94755077047725	-8.897745407832845	0.9334816903973917	1.571436926596898	-0.692742526019178	-0.5722468449148894	1.2268304762768498	0.40153764583476514	1.0
311000	-21.99136501397587	-17.975514245404902	-4.015850768570967	-8.588492372806668	-9.387021872598233	1.1043547120348387	0.7042552986629121	0.5916214828577606	0.6925007206403202	0.6439957582145981	0.48986214416936924	1.0
312000	-22.593043844101132	-19.523443311769803	-3.0696005323313296	-9.361079969985033	-10.162363341784772	0.7081584337798655	0.6334199372272995	0.7568612236422939	-0.305938514011767	2.088738088089409	0.3150901230515668	1.0
313000	-21.171703423850627	-17.23819429217673	-3.9335091316738984	-8.610039129187191	-8.628155162989538	1.3515959564470887	1.1510707759597618	0.0003894865216598209	0.6532156236179372	0.9240202516737743	0.1253995705181321	1.0
314000	-21.52413061133168	-18.827426836346575	-2.696703774985106	-8.544376866031513	-10.283049970315062	1.1684640246512579	0.5877029436870139	0.3713569633265621	0.190720992403079	1.744981461071658	0.22949702527324467	1.0
315000	-21.53492549369929	-17.228637205449147	-4.306288288250146	-8.657617773827981	-8.571019431621163	1.152939985221965	1.1131937972438433	-0.7972995975544577	-0.4792011459063159	0.7118705448594644	0.3691355607216786	1.0
316000	-21.645736535788153	-18.90667048494287	-2.7390660508452793	-8.506793952551243	-10.399876532391627	1.1331424178008138	0.5604134370035216	0.20416384358564918	0.4820853722627194	0.8650563147653605	0.24131004864417127	1.0
317000	-22.14322937701361	-17.926796081687236	-4.216433295326377	-9.278856133951962	-8.647939947735276	0.7574895859981144	1.3866659261406757	0.03882289733613142	-0.6243258160205963	1.2382840852252963	0.06941097322737774	1.0
318000	-20.14992743557949	-18.153691772279448	-1.9962356633000395	-9.316710350562584	-8.836981421716864	0.7393825353055913	0.8679467123630993	0.19706831202183855	0.23976227639883538	1.2161136552379124	0.190569821165872	1.0
319000	-21.173715405733695	-17.321454707476107	-3.8522606982575893	-8.711591373840248	-8.609863333635861	1.0162493642593176	1.3776495985905615	-0.5551429848541956	-0.2455629022382238	0.4868996041565651	0.2994024326720771	1.0
320000	-20.797928850455865	-17.320059783250542	-3.477869067205322	-8.78416352159671	-8.535896261653834	0.8834387292352873	1.27019641553026	0.559200510033917	0.0351714355354161	1.2194940074638516	0.08224571616404625	1.0
321000	-17.952257059527835	-17.039266960054277	-0.9129900994735587	-8.54585359852715	-8.493413361527129	1.0402719674953105	1.1824796296146116	0.08874197789163321	0.019304726247516335	0.7152188546242441	0.03701692036243597	1.0
322000	-21.67447151595698	-17.169843008112423	-4.504628507844559	-8.644771531048393	-8.525071477064031	1.4088444150919637	1.146665658450451	-0.4023404142311555	0.3138710554983052	1.1453926154868823	0.8708137131544981	1.0
323000	-23.82582340107666	-19.6544042322285	-4.1714191688481606	-10.979588070257266	-8.674816161971233	2.06383152146829	0.9385903953034094	0.4502285358024927	0.3348050455506219	0.8599915685477308	0.38207261748857585	1.0
324000	-25.780633099754397	-19.407406901391354	-6.3732261983630405	-9.053630788553562	-10.353776112837794	1.5691718187106223	1.9965166415284454	-1.1369739656592621	0.11979547458436479	1.1649831263538943	1.0928525132722213	1.0
325000	-19.884186901372665	-17.369688510334758	-2.5144983910379093	-8.741046999059623	-8.628641511275134	1.42836819953854	1.3516890933318677	0.07973797357594509	0.08268574069071999	0.9014486177216924	0.1236476203512446	1.0
326000	-20.41940467189376	-17.448712926083086	-2.9706917458106714	-8.763846300078	-8.684866626005086	1.4772475854126434	1.440271451171028	-0.1490806254258854	-0.3455900124350786	0.6923684712000572	0.08936092400779616	1.0
327000	-19.15871918253819	-17.95832942397957	-1.200389758558618	-9.38053497727228	-8.577794446707292	0.7532211800191366	1.010389865680982	-0.18822783804582582	0.09117112092266913	1.8508338606785466	0.04015318569009804	1.0
328000	-21.601117809260977	-18.42186027383694	-3.1792575354240338	-8.529293856393389	-9.89256641744355	1.2037949589065828	0.6770473123864653	0.23573788860667694	-0.3679931126124827	1.1030510922152867	0.4787401345706083	1.0
329000	-19.657072002217628	-17.62078230119347	-2.0362897010241583	-8.830321339837027	-8.790460961356441	0.8945776790570297	1.4888887654809346	-0.1018817107127084	-0.11943436430462095	1.7507756714046447	0.043338753262256856	1.0
330000	-20.875517319566477	-17.119862456174438	-3.7556548633920377	-8.600831777952347	-8.519030678222093	1.3568839576944138	1.2473254749197509	-0.09136640829143244	-0.3610582040222961	1.8460797089345489	0.07665100269953265	1.0
331000	-18.64625965907939	-17.087059278237305	-1.559200380842087	-8.49378414705392	-8.593275131183383	1.1372396129428362	1.0126875250094873	0.023792373374601827	-0.08698277084185199	0.7980482499722615	0.08250667691423906	1.0
332000	-19.652266100256565	-17.71691397541576	-1.9353521248408032	-8.50439308290795	-9.212520892507811	1.2111416965162556	1.6839751431437606	0.05624243067411913	-0.13070974427414903	0.347316126305894	0.03700646480018171	1.0
333000	-21.702484718547527	-17.6010704746495	-4.101414243898027	-9.082175938164948	-8.518894536484552	1.4433324040277178	1.257108343745485	0.6569489553897006	-0.03164210927863481	0.7456937814680504	0.12299065391188276	1.0
334000	-22.241252298771155	-17.708649185853695	-4.53260311291746	-8.66292707584218	-9.045722110011516	1.3385642183608375	1.6450059678094695	0.25260627934471047	-0.6579731299848155	1.0601227530750257	0.18874226665192165	1.0
335000	-19.273806568033418	-17.414718598851877	-1.8590879691815414	-8.782879935029033	-8.631838663822846	0.8942802576872606	1.001410850208042	0.13941909358160776	-0.20830066342655507	1.309885099541633	0.10994620073690715	1.0
336000	-26.47900835902036	-19.88540525382021	-6.593603105200148	-8.639758783126371	-11.245646470693837	1.3097712718754053	2.3456962302518964	-0.782512108002702	-1.3092550522718331	0.9216829853214971	1.7453659728375859	1.0
337000	-20.703544200134008	-17.637651067520224	-3.0658931326137826	-8.965482048810637	-8.672169018709585	0.8246445342937462	0.9408326655781618	0.24622133477800182	0.42524870038549434	2.0465329751794243	0.22610511629144683	1.0
338000	-22.770311854459464	-17.607547786439852	-5.162764068019613	-8.918910697597996	-8.688637088841856	0.8545489082274421	1.1076255631458258	1.10497727011742	-0.7862175187911575	1.5879261773848616	1.9299353313176975	1.0
339000	-19.333423508446824	-17.005768173394095	-2.327655335052728	-8.499373235593612	-8.506394937800481	1.2103282931600978	1.214224317493634	0.003772631215420843	0.06305668427907032	1.411669647879811	0.10408879949272508	1.0
340000	-20.053390500812455	-19.323037434587306	-0.7303530662251481	-10.815816480255062	-8.507220954332244	0.5389522211132832	1.22179898111477	0.0001846827246045346	0.04052037651016163	1.416481864319235	0.05390820088140182	1.0
341000	-21.202863024522554	-18.421425980183738	-2.7814370443388157	-8.513268892160097	-9.908157088023641	1.0937912429317083	1.8759799639770092	0.1903708301806432	0.09538426729676078	0.5794796145301666	0.1295640669933701	1.0
342000	-24.786528607621328	-19.35200406993679	-5.43452453768454	-10.832503746441	-8.51950032349579	1.9637682958989733	1.270691863092558	0.6530369727663891	-0.22920569990089662	0.5777610924277289	0.07406735431737675	1.0
343000	-21.17709948756357	-17.313848526339697	-3.863250961223874	-8.554390693442903	-8.759457832896793	1.3197011919267239	0.9349110455267601	-0.19024733191247595	-0.21123452606853474	0.33638899916123605	0.3589399341786426	1.0
344000	-21.260735242114265	-17.14056676811214	-4.120168474002123	-8.535588587329308	-8.604978180782833	1.2037986051066998	1.35895131971194	0.2647292835080148	-0.5206420008936723	1.5103268155873406	0.18870626375248148	1.0
345000	-20.895200816602795	-17.151575447172995	-3.7436253694298007	-8.558799007531833	-8.59277643964116	1.1720191081611446	1.0373853946666274	0.4190290472598541	0.5720624408680308	0.7581942373630971	0.3602630199991936	1.0
346000	-24.16751435260306	-18.943538052681706	-5.223976299921354	-9.149613047852345	-9.793925004829362	0.7647082314527011	1.9376141760651582	0.467806123050805	-0.8899104912756579	1.0278269791722192	0.24336854473080743	1.0
347000	-19.42681058735006	-17.16285077421947	-2.2639598131305916	-8.51340047834334	-8.64945029587613	1.2598670907980614	0.9765436947209076	-0.17413676830453445	-0.09166438912007985	1.7401965971816442	0.07243844238207374	1.0
348000	-21.93599795898076	-17.96566911270037	-3.9703288462803927	-9.319376997231668	-8.646292115468702	0.7196981475272948	1.0449127238421494	0.6485092037531952	-0.492576765439797	0.5161405291698229	0.3081991683193224	1.0
349000	-21.41910872375237	-17.168771269967273	-4.250337453785097	-8.674779374846237	-8.493991895121036	1.362078766804131	1.1887127540664466	-0.797729664682398	0.010213503700871818	0.7383980172613519	0.4704886306076991	1.0
350000	-21.863099590868448	-18.77404345558184	-3.089056135286608	-8.537757899441878	-10.236285556139963	1.0638822983086165	0.6455506467798584	-0.09868851557482206	-0.5894638269013817	1.8575431813331889	0.23741943740719681	1.0
351000	-19.92388006271817	-17.116987638937275	-2.8068924237808943	-8.577457574768253	-8.539530064169021	1.0076421217366667	1.0550187844636527	0.19552969053155728	0.2847447262937856	0.6293212787202108	0.2163001102777408	1.0
352000	-20.897414674744315	-17.420105659731327	-3.477309015012988	-8.90601530642455	-8.514090353306777	0.8399450161561961	1.2306715164691964	0.32563225877063384	-0.3539094379223551	0.41001202159684225	0.2180460768428459	1.0
353000	-24.127832527850757	-17.84060328373376	-6.287229244116996	-8.656467385200736	-9.184135898533023	0.9693226410478947	0.8293101241240944	-0.05986614799009793	1.705879675087168	0.8706635605472485	0.4191062084006659	1.0
354000	-20.77674989959711	-18.094724993926565	-2.6820249056705445	-8.644873398351297	-9.449851595575268	1.330837500386668	1.7590206698964663	0.2300774748505678	-0.05433779751266632	0.3578450157280923	0.06347702177972253	1.0
355000	-21.554421150292583	-17.27095892675384	-4.283462223538746	-8.722617688727881	-8.548341238025957	1.4641710080611021	1.0792321120458024	-0.29210194836038106	0.4254047410172257	0.8825311643485965	0.04297625993972066	1.0
356000	-20.327230805890988	-18.685286908708093	-1.6419438971828957	-10.176523474000199	-8.508763434707893	0.5989516000922991	1.1709317978460603	0.22925035999101387	0.18994186170479405	0.9120500288002437	0.028070916866658184	1.0
357000	-20.8884554732113	-17.834755302624487	-3.0537001705868168	-9.105683919235567	-8.72907138338892	1.5737303999452184	1.4392046809140142	0.22274123933882684	-0.023421100718197696	0.6403314868386917	0.17391118093180113	1.0
358000	-21.074716557191593	-19.373932649711477	-1.7007839074801139	-8.960018227182216	-10.41391442252926	1.5456761102940169	0.5879539154164078	0.05845055930205053	-0.09491874193012456	0.5824829967567878	0.078901853432367	1.0
359000	-21.216342969167293	-17.644102838508253	-3.572240130659039	-8.499182018410176	-9.14492082009808	1.1578307326246695	1.6161581059436845	0.1294777075170244	0.10086392457986143	1.8586188413440972	0.09840875625557215	1.0
360000	-21.06848600897501	-19.518621567547655	-1.549864441427355	-10.40468461281056	-9.113936954737095	0.5870533158556712	0.83118930789827	-0.061356615209234064	-0.34867493567317454	1.0402948429170165	0.09770311748825694	1.0
361000	-21.4788899971565	-17.522832069277165	-3.9560579278793373	-8.61782826133361	-8.905003807943556	1.3865976343921	1.5627281320823723	-0.3296160274688924	-0.23746204863256215	0.7495251800827374	0.42103934962361217	1.0
362000	-20.26317221224942	-17.398824654223446	-2.8643475580259716	-8.54846780477113	-8.850356849452316	1.0678667560906803	1.421770613325531	-0.2035481553917749	0.36713321072002925	0.711653597308762	0.09598214626581113	1.0
363000	-19.58192884605041	-18.709672178120925	-0.8722566679294851	-10.068685675210883	-8.640986502910044	0.6203339239829175	0.963058731564151	0.09337786529788425	0.15532769445582706	1.2867681166842688	0.06343770042128861	1.0
364000	-21.917242786672304	-17.27603100449202	-4.641211782180283	-8.492624379559885	-8.783406624932134	1.1922781791644848	1.2745819558634737	-0.03318530480643142	0.7017608428661158	1.4570571940400237	0.6636040668466562	1.0
365000	-19.649214608188437	-17.529270420570427	-2.1199441876180094	-8.950403845090644	-8.578866575479784	0.8302917182688357	1.340856082586934	0.22645072276378556	-0.12860563055260227	1.6855192640122612	0.02505672604804361	1.0
366000	-23.56042873644128	-17.637641293196435	-5.922787443244847	-8.790614371130651	-8.847026922065783	0.951950803339464	0.9606325492519548	1.0730504835379864	1.2174990886386101	2.2329806649161443	2.382215475859558	1.0
367000	-21.324848426598898	-17.987457000483005	-3.3373914261158926	-9.437379679900364	-8.550077320582641	0.71707698023863	1.3053823182975375	0.16289346565268878	-0.3984525978470462	0.3633770679525542	0.059014491240218	1.0
368000	-18.650240264679304	-17.2264396465209	-1.4238006181584013	-8.733521585708635	-8.492918060812265	1.4294638331215779	1.1621173958145898	0.04971715349992556	0.045678108000307666	0.3138479576091841	0.026484724445899253	1.0
369000	-21.54724444960139	-17.550668378051007	-3.9965760715503817	-8.655564707856998	-8.895103670194011	1.1045100592343138	0.9270683969982105	-0.7027619079575418	-0.5435035638589722	0.8227528593990594	0.31577110011892157	1.0
370000	-19.084975884450202	-17.56661702693888	-1.5183588575113225	-8.9664956025722	-8.600121424366678	1.5332036159081508	1.3559552620433148	0.13572577335029615	-0.08881352694762784	0.5709936175768373	0.028834820575564458	1.0
371000	-23.932218726843352	-18.26982960794456	-5.662389118898792	-9.366326936637083	-8.903502671307473	1.74342933945085	1.2622438514791428	-0.1397865956972723	-1.293163104755091	0.4664094516180456	0.6026045813971447	1.0
372000	-21.03006881015059	-17.170734911149488	-3.8593338990010997	-8.67370310161099	-8.497031809538498	1.4235777712201036	1.2031094645543008	-0.5460894473539798	-0.21979581418118538	1.0843904586880393	0.11703691437556639	1.0
373000	-22.524675506185687	-17.87741938831981	-4.647256117865876	-8.999714778261573	-8.877704610058238	0.9767155198518868	0.9568623265906747	-0.9769124464631851	-0.6676660574072326	1.0243131476764573	1.5131072925522029	1.0
374000	-19.03188962279919	-17.92507322303335	-1.1068163997658407	-8.697565214905094	-9.227508008128257	0.9436015577779058	0.7560136005957815	-0.016079434707830548	0.24927169894408618	0.9196983481286417	0.02806389161752458	1.0
375000	-21.235824648694457	-17.202512889788956	-4.033311758905501	-8.65114707141499	-8.551365818373968	1.3208004489628513	1.1119143543727987	0.28603469086705824	0.45356269622373563	1.3540702178716337	0.0634870111722601	1.0
376000	-21.704731721115785	-18.110177004320647	-3.5945547167951366	-9.344744100803224	-8.765432903517425	0.7326450503868838	1.4034326828715862	0.2127465462249305	0.25822024125624066	0.8190755032739112	0.6170575418766314	1.0
377000	-22.178651885562367	-18.95419423960034	-3.224457645962027	-10.407419519005575	-8.546774720594764	0.5568820211069705	1.0416491128824426	0.5473130182940218	0.03935494646654153	0.6228572505454107	0.38976530656550407	1.0
378000	-24.445510504218483	-18.044761513494116	-6.400748990724366	-8.63392201819148	-9.410839495302636	1.0797215562338338	1.4075989769973851	-0.5799688873267634	-1.8072925900792975	0.599199372447453	0.7877255882350457	1.0
379000	-18.986427126949355	-17.181936203243595	-1.804490923705761	-8.522590875472114	-8.65934532777148	1.0706521028994174	1.4119891401518134	0.03885151241806442	-0.17390753037398546	0.4096563753650165	0.03911920181365784	1.0
380000	-19.435133052276235	-17.093874344552205	-2.3412587077240317	-8.509494197785243	-8.58438014676696	1.1165286849613014	1.0018944605077296	0.21402659290203274	0.2649448958261894	0.6403869212157115	0.03805667768844578	1.0
381000	-23.804888532546872	-18.137300863667697	-5.667587668879174	-8.568255534185257	-9.569045329482442	1.336645070206461	1.8596148326934288	-0.3255901485315189	-0.814932797177851	1.3784064233972166	0.31704757985287574	1.0
382000	-22.249115545630353	-18.317583824981938	-3.931531720648417	-8.751813839598242	-9.565769985383694	1.4641575042628607	1.6591742330271602	-0.1009011890075272	0.5247287138912026	0.761874426547572	0.24142053078156125	1.0
383000	-24.22369794186593	-18.39665349299227	-5.8270444488736555	-9.81699523636966	-8.579658256622613	1.5893099118478646	1.271866045046901	0.9753473125012408	0.23539665025259848	0.3860425370252529	0.19086915639555346	1.0
384000	-19.726881586209764	-17.72127358393885	-2.005608002270915	-9.189806269183297	-8.531467314755552	0.7925838116103561	1.273650637890303	-0.15095859836864833	-0.018113216078106315	1.4834575616195826	0.10920488045522474	1.0
385000	-21.3939729465108	-18.034914473251703	-3.3590584732590965	-9.182598848860716	-8.852315624390988	0.7876644559495561	0.9375071394780443	-0.07068445076923613	-0.5041271464487781	0.40348391010874674	0.09504017614818751	1.0
386000	-21.502855741614763	-17.216650393742086	-4.286205347872677	-8.567409173178962	-8.649241220563122	1.1926041443360467	1.0884130124071048	-0.5990838984676472	-0.6462958521291763	0.952983464525086	0.6686715049601377	1.0
387000	-20.798691335647188	-17.898753401328555	-2.8999379343186322	-9.31528151086681	-8.583471890461743	1.7270496196732554	1.004146360805524	-0.15605716533463723	0.3115449099311063	0.4295592784367433	0.058728734006652863	1.0
388000	-20.959649030568492	-17.282731687435216	-3.676917343133275	-8.543667619051035	-8.739064068384181	1.30778375082151	1.319199205708225	-0.23420055828328107	0.49611739274901917	0.6340229837331285	0.090275446266403	1.0
389000	-21.432085291272447	-18.277103949743786	-3.1549813415286607	-9.532564880419711	-8.744539069324075	0.6745067553907304	0.9154843139282338	0.7467711211943519	0.06301314101350619	1.1039834080155004	0.22220302701942823	1.0
390000	-22.880427888041055	-19.194100672514413	-3.6863272155266427	-9.438930590070651	-9.755170082443762	0.7331857165392057	1.9236410771366614	-0.08318838326668643	-0.5678090997598992	0.6621749108874564	0.2443379495112561	1.0
391000	-21.249892365673773	-19.00542787831472	-2.2444644873590542	-9.317170995259106	-9.688256883055615	1.6584481894423784	1.8362399573398975	0.20658257645825573	-0.04117791521154618	0.578894876215501	0.03583280569094455	1.0
392000	-20.299972625063198	-17.070708236594186	-3.229264388469011	-8.571579730943851	-8.499128505650335	1.0129044041024369	1.1534630888963497	0.1964492107299785	0.13186100215539226	0.9874837197175315	0.43268537178864674	1.0
393000	-22.859030555798668	-17.933741235711523	-4.925289320087147	-8.613112157073248	-9.320629078638275	1.135915630402323	0.7230001842201315	0.6351157088394578	0.5335434086271397	0.26700735329294245	0.41649925254881104	1.0
394000	-18.503661794859337	-17.179958458163377	-1.323703336695959	-8.649855540855249	-8.530102917308126	0.962555934725728	1.0634342085287516	0.06948916856230566	-0.005222887804075649	0.5290208321831361	0.05481942157590247	1.0
395000	-21.02241734912217	-18.28000726120218	-2.7424100879199886	-8.522509839397763	-9.757497421804418	1.08384835386501	1.7821395157686934	-0.1058427516485756	0.29631293016883564	1.0373711661986165	0.04295335140521633	1.0
396000	-19.298876363048528	-17.58855785366311	-1.7103185093854183	-8.699412558616093	-8.889145295047017	1.432604489200981	0.8713779089373215	-0.1095182830844631	-0.07772380416183794	0.8593403860092739	0.08021342415732695	1.0
397000	-21.12274249612279	-17.16830564996906	-3.95443684615373	-8.58533063453871	-8.58297501543035	1.1545529346763244	1.3532593279710785	-0.6116376168673867	-0.30824558151670667	0.5593601099906459	0.22060873493078548	1.0
398000	-22.81113433261685	-17.69271917531013	-5.118415157306718	-9.101221197564556	-8.591497977745577	1.6091186216480287	1.3276807633853234	-1.1013574016915972	0.04550144540336848	0.6348885687057249	0.5468229423411275	1.0
399000	-23.005260090861945	-19.19706335964503	-3.808196731216915	-10.15300755599911	-9.04405580364592	0.5763598500860807	0.8260248717886205	0.8633533449186847	-0.10178173372260929	1.537995623815155	0.14505015057034865	1.0
400000	-18.250652150998313	-17.020589140733357	-1.2300630102649566	-8.530371218987499	-8.490217921745856	1.0609022963624029	1.1765682600583378	0.027735084933071683	-0.06602068403020553	0.5266204352043343	0.04384285901411155	1.0
401000	-21.79641939839969	-17.780047170396443	-4.016372228003245	-8.565304578057795	-9.214742592338649	1.2694070846438192	0.836552386148445	0.18900877977699057	-0.6109741606772667	0.7980773768757791	0.8153434192120235	1.0
402000	-20.290317450230347	-17.74004880428042	-2.5502686459499264	-8.858426565908188	-8.881622238372232	0.8741780379889224	1.5118889017131405	0.01632607409946482	0.039574076487165044	1.5740899011702412	0.1171902165185875	1.0
403000	-23.63616845624928	-18.067705612351755	-5.5684628438975246	-9.572973023922797	-8.494732588428958	0.8222197898406195	1.1598564386707813	-1.0955402441648079	-0.16854654674501324	2.0090878292180196	0.23828042033486804	1.0
404000	-19.05023276011118	-17.096655617196404	-1.9535771429147732	-8.60590954884009	-8.490746068356316	1.316234452795889	1.1825340906896524	0.16018906854164605	-0.10534606177449665	1.0681617495327342	0.0676701752551881	1.0
405000	-20.438874510242048	-18.211878557220107	-2.22699595302194	-9.49453059777541	-8.717347959444696	0.7300297614866285	0.9156805702730239	-0.18117359542214762	0.33892077081242433	1.7712373402639427	0.1566109915869607	1.0
406000	-20.589016524362492	-17.788442110561505	-2.8005744138009865	-8.580568512069476	-9.207873598492029	1.3340174182847873	0.7729931066931874	-0.05636139375142635	0.04630075856303448	1.5913902950312508	0.2292907388942563	1.0
407000	-19.53849122654976	-17.352862302181542	-2.1856289243682188	-8.50982223570302	-8.843040066478524	1.252519060389142	0.8768876525369866	-0.18536367405911625	0.05365408160483748	0.5198560071745438	0.10613164252338035	1.0
408000	-23.62096023614433	-17.864310983677633	-5.756649252466698	-8.916089630325457	-8.948221353352178	1.1697244530639723	1.4961751735777402	-1.265409656561224	0.26287402026857365	0.8788836346378749	2.758884757647134	1.0
409000	-21.497027751285305	-17.7715473083676	-3.7254804429177026	-9.20824770209145	-8.563299606276152	0.774632759102598	1.067098290630992	0.021737222687435942	0.4850309117717293	0.8315735836030674	0.8609666744592106	1.0
410000	-20.360640187148604	-17.37427195834358	-2.9863682288050244	-8.772993732931818	-8.601278225411763	0.893547126162312	0.9877891623842316	0.23247322674073212	0.25429934135305865	1.1711891869643403	0.41382946892272626	1.0
411000	-22.29887311609378	-19.079911860380705	-3.218961255713076	-10.262082608794056	-8.817829251586646	2.0435785453197077	0.919077211802223	-0.23904372637605786	-0.2812260432577762	0.7680949696295079	0.15574089128310165	1.0
412000	-21.121100309829195	-17.561471288496094	-3.559629021333102	-8.514876363796988	-9.046594924699104	1.2223804974406607	0.8016862074301687	-0.36946280676497834	0.23822694074031947	0.9848256183575252	0.6348344528954505	1.0
413000	-20.609671416516797	-18.44513910406666	-2.16453231245014	-9.9370850559914	-8.508054048075259	0.6512995022101188	1.221807316996364	-0.10987744014264189	0.04814941493990965	0.4110420222528229	0.10100001067057288	1.0
414000	-20.48122044613233	-17.95222199324482	-2.528998452887509	-8.518737451032175	-9.433484542212646	1.0885996338836121	0.7564141824049712	0.2338076691599068	-0.3466433513205033	1.5336423112410231	0.05259995168085877	1.0
415000	-22.486191357104943	-20.454444214671327	-2.0317471424336158	-10.787177518521272	-9.667266696150055	2.128675119730403	1.8102859123518424	0.04082032427821181	0.05554069579828544	0.3061204984376118	0.03159806814279581	1.0
416000	-20.94471762432035	-17.384742304429714	-3.559975319890637	-8.619020127296924	-8.76572217713279	0.9780262934080284	0.8960208460025363	0.41189188724681164	0.6637912550496495	1.252373364051708	0.35813821381513333	1.0
417000	-22.92255066703368	-17.683862848388912	-5.238687818644767	-8.670862217240407	-9.013000631148508	0.9409749785746655	1.6072736195368411	0.381678589460563	-0.8747295017800416	1.3806855548425225	0.2260556468757646	1.0
418000	-22.396610023651128	-18.2171750183626	-4.1794350052885285	-9.454634553613865	-8.762540464748735	0.721818537148124	0.9466156011218203	0.03478262582891156	0.9807263997215667	0.828083372870882	1.1981700602804626	1.0
419000	-20.104499224109656	-18.48235909844372	-1.6221401256659358	-9.264173005549049	-9.21818609289467	1.6926904193170917	1.669089100600675	-0.060570677691130496	-0.025892004120552384	0.5266795481325807	0.03582136894512398	1.0
420000	-21.16459512261708	-17.48461551625566	-3.67997960636142	-8.572516110960372	-8.912099405295287	1.1197621411944723	1.49974060498468	0.5292321402448907	0.17371372221251125	0.5148436701455495	0.12298920924379272	1.0
421000	-21.40522056494983	-18.001245558003653	-3.403975006946178	-8.750100599002023	-9.251144959001628	0.9136421126898319	1.727256889696855	0.05470546344435845	-0.36957925134285907	1.0636023603922726	0.24575150366700432	1.0
422000	-21.81014287153567	-17.704733621517512	-4.10540925001816	-8.636023540507557	-9.068710081009954	1.3858950633428915	1.5538695455826406	-0.5632362187130457	0.2424389719399871	0.47070685074264323	0.14002481725106783	1.0
423000	-19.5497087275544	-17.577667144686345	-1.9720415828680546	-8.884581538354627	-8.693085606331719	0.848053489756733	0.9385578816582882	0.30505261817009743	0.07973550464639771	1.8959224271144657	0.06356429104626164	1.0
424000	-24.247970965173224	-18.736853752013097	-5.5111172131601265	-10.22743728958666	-8.509416462426437	2.0636451082394642	1.1082297821947344	-1.1331406205010284	0.19671011919754589	0.4447790347612533	0.4822406352126885	1.0
425000	-21.557615659443154	-17.912281858258325	-3.6453338011848304	-9.015086732533273	-8.89719512572505	1.5089731607660817	0.9210360612733741	0.3319253621175735	-0.5112153514329909	0.8561582508746137	0.12258591878475124	1.0
426000	-18.63707594143945	-17.194652828096064	-1.442423113343386	-8.654919603857431	-8.539733224238633	0.9619757888551362	1.2335677440908954	0.03645452532091409	0.2009815440125652	0.6324881218259775	0.0397531045090357	1.0
427000	-21.00917482170096	-17.76069090900925	-3.248483912691709	-8.5806063267085	-9.18008458230075	1.0289472121833372	0.7827574374384215	0.484746177096895	0.0014057689904763415	2.34792385581906	0.1304968231526157	1.0
428000	-20.495553052341283	-18.769862433695945	-1.7256906186453393	-9.10338782341096	-9.666474610284984	0.8123069884918799	0.7129887019996228	-0.12813732476002151	-0.3530509245871194	1.2274126359132065	0.04878259714181631	1.0
429000	-23.023303311598333	-17.573907727160176	-5.449395584438157	-8.794008960191803	-8.779898766968373	1.5132601530335013	1.418204607401198	-0.4301091319383684	-0.953232214592423	1.088569080772726	0.3110678735529165	1.0
430000	-23.594824411352235	-18.786944637124158	-4.807879774228077	-8.931346113388582	-9.855598523735578	1.4046961365129398	0.6207856904544625	0.5639896630751333	0.7555098536185619	0.3607885239299902	0.3839437171338747	1.0
431000	-20.393155590481584	-17.339497115401137	-3.0536584750804474	-8.510186282169157	-8.829310833231983	1.2523711866519107	1.53073553860221	-0.21301192255432927	-0.338535818710596	0.6027604040875632	0.058964548095129465	1.0
432000	-21.172582960056133	-18.141307878451748	-3.0312750816043845	-8.68174919184714	-9.459558686604609	0.937126568756324	1.7983169170787294	0.22244702993474175	-0.29688405464946976	0.9942236986009055	0.12252448918115562	1.0
433000	-25.919368499661616	-19.429280123841842	-6.490088375819772	-9.253921377293986	-10.175358746547856	0.7567107094826465	2.0246228184671375	0.13469380287656524	-1.2811462640369338	1.5847593196695486	0.39731785949886067	1.0
434000	-19.815669394844814	-17.39583249667661	-2.419836898168202	-8.895129385426955	-8.500703111249656	1.506857349379169	1.1123690871548149	0.10063099887401822	0.05433093695099367	0.6726606899391682	0.13234685982500952	1.0
435000	-20.98045576866639	-19.22615243000414	-1.7543033386622469	-9.63571621659807	-9.590436213406074	0.673798339146226	0.7193054436774551	0.30301588305218546	-0.26795155194278686	2.0114319312215856	0.09799733602805337	1.0
436000	-22.14330659421133	-17.944806267983978	-4.198500326227355	-9.122724023059991	-8.822082244923987	0.7668670346870673	0.910755720743579	0.985236607252585	-0.22601251369274217	1.0424799301715852	0.24142335868539377	1.0
437000	-19.596455655624432	-17.26034139636034	-2.3361142592640913	-8.733738535616224	-8.526602860744116	1.3890961833377418	1.2735761776127372	0.23945157482348806	-0.0658503664531796	0.975386090029778	0.07890021083120968	1.0
438000	-23.93395110981769	-18.77031251885519	-5.163638590962502	-9.09317146614433	-9.677141052710859	0.7781261704342819	1.7362803815390064	0.5026718859464466	0.3761302961964178	0.17240548777538067	0.20415353955804152	1.0
439000	-21.628567191180124	-18.180783022815643	-3.4477841683644836	-8.590744145715348	-9.590038877100294	1.0044430746352506	0.7677856725626176	0.023484806031891847	-0.7455161849314542	1.5824886282087811	0.30041818735922327	1.0
440000	-20.881754755398887	-17.156522558890885	-3.7252321965080024	-8.568784919314343	-8.587737639576542	1.3198936259210932	1.1082017661495227	-0.03787961946302554	0.5870990750731551	1.3038834360287241	0.1551211183590193	1.0
441000	-19.72838354038666	-17.853648665685746	-1.8747348747009123	-9.093389772471015	-8.76025889321473	0.7965773888071713	1.4059671706160688	0.1137384253456365	0.23543494401555726	1.3095219585881555	0.024154271959835397	1.0
442000	-18.531862811890562	-17.04071169369362	-1.4911511181969437	-8.511549489410026	-8.529162204283594	1.2156278519943777	1.0600025734337226	0.09935865975101038	0.13900240397643	1.6051742592339173	0.02806948454194684	1.0
443000	-25.6604351181864	-19.01312809942742	-6.64730701875898	-10.406298412284753	-8.606829687142667	0.5314322672044963	1.3761331030509134	1.527164980561607	-0.2800232838282325	0.5845224752368225	0.3207777459306528	1.0
444000	-20.56027920216772	-17.895177966347802	-2.66510123581992	-8.923616273257048	-8.971561693090756	0.8455461268582108	0.8628632479975847	0.11068229109568659	-0.2616929030682358	2.611079542597388	0.13297226286374336	1.0
445000	-19.79954644527742	-17.148615377533243	-2.650931067744179	-8.51739421328222	-8.631221164251023	1.2592235451124316	1.3975471759129066	-0.06506347197631535	-0.29189396068709417	0.5313994491729769	0.09858608784713355	1.0
446000	-22.856875817670428	-19.467189477000893	-3.389686340669536	-10.96992836649444	-8.497261110506454	0.5302495714334909	1.1496009688553817	-0.1208627337308372	-0.17411120856578743	0.3107126109137811	0.24686837759280095	1.0
447000	-19.01847991450213	-17.461709709661122	-1.5567702048410093	-8.9671184581135	-8.494591251547623	0.8474319154062966	1.199673322408861	-0.09044005480336004	-0.1835665090944669	1.2876488338175414	0.0649828158834556	1.0
448000	-19.2420898013506	-17.12556347407559	-2.1165263272750074	-8.508141480766314	-8.617421993309275	1.106892735794428	1.3592398841849813	0.1775781983847918	-0.009383864378124884	0.9007168216304375	0.09913690641655905	1.0
449000	-21.518180519015598	-17.44988565121089	-4.068294867804706	-8.601952566736184	-8.847933084474706	1.0841646033454961	0.8560197286447818	0.641341487854582	0.5628121816281573	0.666120177726922	0.6443426438855189	1.0
450000	-21.801602394251173	-17.380437516114277	-4.421164878136895	-8.785491355416701	-8.594946160697578	0.890105455532558	1.1976628305588792	0.1958721678546913	-0.6873395778876319	2.120788420423682	0.20667841135685386	1.0
451000	-19.945608818473325	-17.033971167739068	-2.9116376507342583	-8.53844711861512	-8.49552404912395	1.1429249468945248	1.2061480277416832	-0.4230612779861507	-0.03993898225240622	1.0889773073117768	0.060635779266771356	1.0
452000	-24.12989706026529	-18.002133388320352	-6.127763671944937	-9.301890450992422	-8.700242937327932	1.4994653848188753	1.4096217361381502	-1.6128836256697938	-0.749799966921701	0.512714437591952	1.4528231585458218	1.0
453000	-23.009311653402797	-18.043802400973167	-4.96550925242963	-9.06506177279799	-8.978740628175178	1.6558221658049033	1.588421795662151	-0.5257944404304377	-0.15422050134973045	0.23921385052973038	0.4205471863232364	1.0
454000	-20.57338259182674	-19.09880776009139	-1.4745748317353509	-8.688355400584443	-10.410452359506944	0.9650952978007721	0.5787901216539851	-0.17949888266644648	0.07318242415719434	0.4183580719151994	0.03978490934798693	1.0
455000	-21.515126700148382	-17.805158223825437	-3.709968476322946	-8.573794924548894	-9.231363299276543	1.0304808322381735	0.8194651955135093	-0.10887975419849766	-0.5107625616457164	1.6175849902729917	0.04705679629425959	1.0
456000	-20.52214294649683	-17.979849497280902	-2.54229344921593	-9.395253962753335	-8.584595534527566	0.7327553248507884	1.3472585894368754	0.044847055496418486	-0.13821245301281615	1.6813320242902596	0.16224061690195565	1.0
457000	-22.315793745975654	-18.052920007618596	-4.26287373835706	-9.422622292083268	-8.630297715535328	0.6956270718040486	0.9848394919409791	0.7484044421443985	-0.05996637942944491	0.7852083940166961	0.09457365087059384	1.0
458000	-20.523106998383938	-18.727933647604136	-1.7951733507798007	-8.724430625035811	-10.003503022568324	1.45772692726428	0.6358305907676908	-0.19129381639056917	-0.017171849034315845	0.4055436900047237	0.0445764660633134	1.0
459000	-18.74880106041334	-17.502789845419734	-1.246011214993604	-8.740101189791549	-8.762688655628187	0.9485944794052379	0.9120903814609029	-0.2508793073619454	0.004395278998801863	1.0040466122713452	0.03532859836840584	1.0
460000	-23.188152542534915	-18.44012409911786	-4.748028443417054	-8.553158741727103	-9.886965357390757	1.1918642263418884	0.6111052944531733	-0.5486208588237265	0.9353504640373527	0.451872341135	0.7845022658403155	1.0
461000	-19.242771650687857	-17.354466832540897	-1.888304818146958	-8.725125787235706	-8.62934104530519	0.9202000633482653	1.0071239875413913	0.12537299277741482	-0.2367169541328499	0.8335253629289163	0.10370941141908728	1.0
462000	-22.331061475427042	-17.90920478147003	-4.421856693957009	-8.95329220492189	-8.95591257654814	0.8220219132885862	0.8374169575748509	0.9002191629233496	0.08130400974054805	2.30827118462478	0.20126486464089782	1.0
463000	-22.728385807993433	-18.171848080913875	-4.556537727079558	-9.037466903695307	-9.134381177218566	1.5691221278614593	0.8449029705072674	0.1135173192122807	-0.5103724196939671	0.24378830916634317	0.330964239389004	1.0
464000	-22.90307290862958	-17.344264066744266	-5.558808841885312	-8.60938949009798	-8.734874576646284	1.2556268253147262	1.4233775384320346	-0.738242299708733	-0.8190816661671094	1.1158834256287635	1.869234154560401	1.0
465000	-19.359713915416616	-18.219671103951967	-1.1400428114646508	-8.588061912904182	-9.631609191047787	1.0114186529210223	0.689649494161598	-0.03585332383147544	0.038220299862470095	1.4911097435172769	0.08618977779030947	1.0
466000	-20.573507617634615	-17.363081528783873	-3.210426088850741	-8.782866916319369	-8.580214612464504	1.4957299196464795	1.0223147207206729	-0.22006639372559908	-0.08331214037962682	1.496975048276036	0.17391358752687316	1.0
467000	-20.391040107412685	-19.11455007187772	-1.2764900355349655	-10.599425046103555	-8.515125025774164	0.5580817892433305	1.0883979308280063	0.06480772508419666	0.18679915795800717	0.9023532655736958	0.08308874282715589	1.0
468000	-18.70342398239341	-17.216171140706287	-1.487252841687124	-8.609491027687652	-8.606680113018633	0.9971647542785432	1.3352896138046602	-0.04761264095728318	0.07512114425388025	0.28354917429548643	0.024939098119894778	1.0
469000	-19.50312712157112	-17.11728032168784	-2.3858467998832786	-8.609593234631218	-8.507687087056622	1.0031451681472108	1.121106813976073	-0.10561883127422672	-0.17690902343101	0.8222248905477794	0.1813820132611982	1.0
470000	-22.03411880840725	-18.977546861901686	-3.0565719465055645	-9.928614647707768	-9.048932214193918	0.6218936511280219	0.7979186683926123	0.4453298273491142	0.30030933327241105	0.6857398462075626	0.06475275082689809	1.0
471000	-22.665020717958303	-18.07937022873231	-4.585650489225994	-8.810470763774777	-9.268899464957533	1.3991212449289907	0.7413719583290449	-1.0546521611743145	0.3568683729993106	0.6886183727925344	0.5567238167636448	1.0
472000	-22.075800956172976	-18.574311871258914	-3.501489084914062	-9.91820637078029	-8.656105500478624	0.6609283441464928	1.4032290934992455	-0.20828165841716062	-0.11340756381342051	0.679658097154041	0.5706858682171837	1.0
473000	-20.572303500339487	-17.302672354990356	-3.2696311453491296	-8.505404344747229	-8.797268010243126	1.1373953034835638	0.8799155146758556	0.19324920862761452	0.3277132394872224	2.252745128893854	0.12855794128770884	1.0
474000	-24.387569114355024	-19.840445402782105	-4.547123711572917	-8.568269363146598	-11.272176039635507	1.0420696014926245	0.4451993401011039	-0.16125049347325393	1.5027755414555326	0.866055691170049	1.102001147563814	1.0
475000	-19.680920203572487	-17.044672124969466	-2.6362480786030207	-8.516313625383292	-8.528358499586172	1.0804908912993056	1.2849484716092798	0.02894841556589478	-0.25828482860082913	1.399844134918917	0.11977558997642171	1.0
476000	-25.115306722203737	-18.66222062837559	-6.453086093828148	-8.885027343487998	-9.777193284887591	0.9595141350837143	1.788053934015387	-0.6958968612917396	-1.5860822853809329	1.3303592050113997	0.9447416793850797	1.0
477000	-20.103660986141303	-17.554876911490183	-2.5487840746511194	-9.003849926336036	-8.551026985154147	1.5486496964862846	1.3171589430461519	0.141661995878727	-0.2708070740321565	0.5796680030214183	0.05835109611336861	1.0
478000	-25.780098938630218	-22.00849177594088	-3.771607162689337	-9.492505813644682	-12.515985962296197	0.7461734766659088	2.4691612388090993	-0.3634857006542856	0.2409256228029783	0.44704899547599525	0.05113681405335192	1.0
479000	-19.994174435852546	-17.175980128909575	-2.8181943069429702	-8.523340210535705	-8.65263991837387	1.0693877053931569	1.4118309162089893	0.15545091942408004	-0.23514055907981435	0.6099617347665567	0.17366845988027863	1.0
480000	-19.616504059905782	-17.565507265478132	-2.0509967944276517	-8.956773189646832	-8.608734075831302	0.8495974982402568	1.3482633965783946	-0.07889267653256443	0.013834497292884329	1.1793716117248916	0.12561319052708086	1.0
481000	-25.116021019149404	-20.05197699758654	-5.0640440215628635	-9.787301161231973	-10.264675836354566	1.9243788938135742	1.7985996225634588	-0.43387518689306087	0.7242453618849327	0.5576556416878838	0.42260813460614893	1.0
482000	-19.827894499874716	-17.410496950805012	-2.417397549069703	-8.862367714298147	-8.548129236506867	1.4972905640802976	1.2415427652427924	0.06633679542622771	0.21307455861281113	0.7095038888454647	0.10046776294182844	1.0
483000	-24.470917122496157	-18.198396456543826	-6.272520665952332	-8.754850835979394	-9.44354562056443	1.1732075573619014	0.7182370739899437	-1.0161577705754201	1.7957983778975735	0.6916689561468906	0.8243833193390947	1.0
484000	-19.351817579272428	-17.659168335627925	-1.6926492436445046	-8.566018748268034	-9.093149587359893	1.2906117407919677	1.6297543868730238	0.10621929604037018	-0.09217860536651906	0.5342512640250471	0.04066352884966334	1.0
485000	-20.084876455734012	-18.224492980561934	-1.8603834751720771	-9.695917719400104	-8.528575261161832	0.6612248041270011	1.0607992638048016	0.3567705010826976	0.09247806530300862	1.0426163993580748	0.0681645991483436	1.0
486000	-20.41724459071514	-17.22528081549747	-3.1919637752176677	-8.519724531452448	-8.70555628404502	1.193994848108405	1.3252674434339482	0.21027184849033795	0.4060579726789386	0.6576312787531788	0.06679152336321717	1.0
487000	-20.388006017997448	-17.566128534468497	-2.8218774835289526	-8.904190555034766	-8.66193797943373	0.8582404253299293	1.4126210724147352	0.020413008377596742	-0.16090203673777442	1.4653579884385386	0.19248057344515584	1.0
488000	-25.94233272667509	-21.517153042943022	-4.425179683732069	-8.68119398804741	-12.83595905489561	1.4290137440736588	0.4144029210959986	-0.5546205920834639	-0.6604669657730982	0.6860077095575139	0.15136604594641923	1.0
489000	-20.142932014784495	-18.203744482543783	-1.9391875322407117	-9.461876038535298	-8.741868444008485	0.7295957129934442	0.9068941061429786	-0.09476446358752816	0.23872795432923957	2.4407573854787166	0.08068976174581956	1.0
490000	-20.849571931593648	-18.562171195691374	-2.287400735902274	-8.546259422348097	-10.015911773343277	1.16774273942612	0.6268210623787183	0.37987424955769805	0.10564598627267766	0.7700675251701299	0.12586211178811013	1.0
491000	-21.925707025446666	-18.267105364095745	-3.6586016613509207	-8.580293669703494	-9.68681169439225	1.3471895878626603	0.7204119003320142	-0.18939504519908643	-0.4747748727426219	1.7943482241251563	0.3260709332291112	1.0
492000	-25.411014997107745	-18.42371876515099	-6.987296231956755	-8.848873242667615	-9.574845522483376	1.3098434250203137	1.330261788215637	0.7156812814713809	-1.9843972035695625	0.49761862084020075	0.8581597211458982	1.0
493000	-22.675221730887145	-17.857724160523645	-4.817497570363498	-9.126795259067109	-8.730928901456537	1.4432275557660417	1.4541145191248834	0.714234044437068	-0.12132854404795562	1.326062719363473	0.3528127242430296	1.0
494000	-20.29423782773241	-17.385642844648707	-2.9085949830837032	-8.514380445138201	-8.871262399510506	1.1760867161259598	0.8519116900717911	0.21664041265802006	0.3252757795859401	0.5719833281308516	0.20685285280729188	1.0
495000	-19.826785076073037	-17.601468166545864	-2.2253169095271725	-8.584039357485167	-9.017428809060696	1.010137717402468	1.5903188078295234	0.01576137223189153	-0.048662180733697546	0.8348982636807767	0.11580303687648316	1.0
496000	-19.425693340952897	-17.2797364425455	-2.1459568984073965	-8.64176716255037	-8.63796927999513	1.0039078245051833	1.381238575066629	-0.2681628907431321	-0.0482991239039927	0.5328801659376728	0.0556124022390268	1.0
497000	-23.590085766893296	-20.713346193101792	-2.8767395737915047	-10.100554879552677	-10.612791313549115	0.6035542510656071	2.1127512335140897	0.33445928638808264	-0.0919232621502804	0.5567364373376492	0.11379198592556797	1.0
498000	-18.198344166713603	-17.23875568954206	-0.9595884771715437	-8.7208485233845	-8.517907166157558	0.9287307016141637	1.2569555660333445	0.029113207868066947	-0.04159357240733649	0.7693171601087179	0.04445537584843943	1.0
499000	-21.536416987958464	-17.45780680510839	-4.078610182850075	-8.603100425754745	-8.854706379353644	1.2588282288439594	1.392081031199942	0.3531355546872587	0.47898242970248384	0.9416177988570107	0.47193798065502546	1.0
500000	-21.777797410181783	-17.954475617130548	-3.8233217930512353	-8.711146121529978	-9.243329495600568	1.184489390468023	0.7481169694950751	0.7754700358857874	0.33444852317672163	1.1575219651180164	0.2495046456537119	1.0
501000	-26.13207137833518	-19.263168871346444	-6.868902506988737	-9.000782305777541	-10.262386565568905	0.8888238629946402	1.1908585785621801	-0.5383922182444074	-2.4697238160100827	0.34497212018008133	4.000795042146583	1.0
502000	-21.330726170172497	-17.30709225918465	-4.023633910987847	-8.569733478466706	-8.737358780717944	1.2829241128849667	0.9304707676301421	0.15545926977515803	0.8239402521211718	0.978765400808596	0.436683629822618	1.0
503000	-23.733155010373274	-19.788374922317985	-3.944780088055289	-9.074365933926284	-10.7140089883917	1.621322402706936	0.5905806048799815	-0.0889097263607922	-0.6448969031998355	0.9071123723438558	0.09284338257635459	1.0
504000	-22.283748403872867	-19.873553882115335	-2.410194521757531	-11.106411368470553	-8.767142513644782	0.5268800732666346	1.4768092533688484	-0.2932675640739519	-0.12934757887519605	1.7297241866829998	0.030140452604464185	1.0
505000	-20.147505849631965	-17.68372702098183	-2.463778828650136	-8.535161281143786	-9.148565739838045	1.0552538116381638	1.6630817861324791	0.02544684510610966	-0.1634293061449516	0.8471429243825004	0.11967379841613394	1.0
506000	-20.199971837296765	-17.52030866684268	-2.6796631704540825	-8.98536090582694	-8.534947761015738	0.8241315708806145	1.0821917044883775	0.14975625303725115	-0.19675681627825198	0.8810323643562079	0.30369589092051896	1.0
507000	-23.95925047077588	-19.72831132889089	-4.230939141884991	-9.698269213656644	-10.030042115234243	0.6785829138755478	1.7205024930408812	0.0370933838626923	0.7695067111448585	0.6211494798674676	0.5604734431464915	1.0
508000	-21.692223837168793	-17.820413357193317	-3.8718104799754762	-8.634108954061004	-9.186304403132313	0.9954382722979848	0.8909336852836995	-0.1744873191143181	-0.8996420466606643	1.2115071089010083	0.4240148933583891	1.0
509000	-20.8835069335087	-17.213818265961642	-3.6696886675470566	-8.535516181142874	-8.67830208481877	1.2605582708735361	0.9637435410388961	0.07886525200118394	-0.12179490490332084	1.554462532977256	0.46478924494216545	1.0
510000	-23.18532414413137	-18.267818995616615	-4.917505148514757	-9.570239885479184	-8.697579110137433	1.6599251299510243	1.0173721630854877	0.5270703105555945	-0.5224975423355096	0.5590513529799233	0.10184415085147315	1.0
511000	-18.969299385267337	-17.00699820613516	-1.9623011791321763	-8.514150641542383	-8.492847564592779	1.2436451973485663	1.1436055102008424	0.0009795401500018452	-0.06746644485889561	0.9433016171019197	0.10370956589500312	1.0
512000	-20.948525605986642	-17.291602783412912	-3.65692282257373	-8.592573192548649	-8.699029590864264	1.1486669402546381	1.441346665041164	0.5613854296429626	-0.19253036047494262	0.8443035146179524	0.13894846820064624	1.0
513000	-21.382581814891815	-17.689351954210906	-3.69322986068091	-8.939463885633	-8.749888068577905	0.8314923974140892	1.4338310119083832	0.2706255978674058	0.07864151221201418	0.1557610753813552	0.04581744254800612	1.0
514000	-22.755920781000082	-19.741021927559714	-3.014898853440368	-8.508006500837837	-11.23301542672188	1.2133947497015733	0.5270700901970425	-0.32513302879255845	-0.49522333288411324	0.8334070591886555	0.28617839762877345	1.0
515000	-21.358449504586645	-17.338643826372287	-4.019805678214359	-8.527566825731073	-8.811077000641214	1.2197058293867054	0.87559920474588	-0.4468058814030003	0.29233241782665553	2.2207550536268643	0.21408732226833568	1.0
516000	-22.958383159365596	-19.558811046648188	-3.3995721127174083	-9.570521484892241	-9.988289561755945	0.6938687238476317	1.8357280690430444	0.1412205394631354	0.351466891329518	1.3244183347847074	0.032699648332745614	1.0
517000	-19.45536552462044	-18.068005875682648	-1.3873596489377906	-8.592011254620553	-9.475994621062094	1.0002179651719285	0.7151630897595808	0.0728400914707408	0.07460714545371427	3.0220251990463374	0.026596561948731046	1.0
518000	-21.786190848516036	-19.16955313121568	-2.6166377173003568	-9.726467190436805	-9.443085940778872	0.6640386863498206	1.7288031767936507	0.20637240277436347	0.08931488509416469	0.48695450936717505	0.13327809287202072	1.0
519000	-22.061734640815065	-19.136024492721077	-2.9257101480939873	-8.790318357255805	-10.345706135465274	0.9121097205843562	0.5663371221151642	-0.12182413907372697	0.489985265333776	1.2138411712883754	0.046288420935942196	1.0
520000	-19.479106067318142	-17.53223197581828	-1.9468740914998615	-8.5345172190967	-8.997714756721582	1.2506409406095347	1.551555544654182	0.11467318515265013	0.11470221818455698	0.3284028767910843	0.03160405022206197	1.0
521000	-23.18979686556307	-18.31798812127799	-4.871808744285084	-8.895304429140964	-9.422683692137024	1.3458305956007497	1.7912598533168853	0.6867977928548062	-0.35523649547310365	1.003212332037362	0.48551712756145726	1.0
522000	-20.98502886704136	-20.11243692256277	-0.8725919444785881	-11.61880686986896	-8.493630052693812	0.4764492700469707	1.1529605840758523	-0.1796656634867728	-0.13175411510622792	1.2866381450647246	0.04418225354753538	1.0
523000	-25.511836909084874	-20.80178982204231	-4.7100470870425655	-8.754907083892766	-12.046882738149542	1.3691112123308842	0.4678461944495603	-0.985333320408794	-0.6466465115496368	1.707263860432405	0.40798590882397734	1.0
524000	-18.628205297133896	-17.86830645680408	-0.7598988403298157	-8.87207567362216	-8.996230783181922	1.5099833999637415	0.8254399596572599	0.023756431031184203	0.08071668360134032	1.3592944563586355	0.022455763820748202	1.0
525000	-22.529967020899385	-18.13558371945971	-4.394383301439674	-8.656268433393166	-9.479315286066544	1.2297847172341376	1.6553468057307936	0.5653382749034543	0.4389329469071983	1.036303642478318	0.25701846575119763	1.0
526000	-20.968074880152795	-19.095080886792733	-1.8729939933600626	-8.505823963962214	-10.589256922830518	1.0994027345199342	0.573663229091658	0.041233399084355304	-0.1906125639565734	0.7723532779723553	0.1494228649277245	1.0
527000	-20.375188091239824	-17.29901909505346	-3.0761689961863636	-8.674175696675098	-8.624843398378363	1.398101883406661	1.3915168628590409	0.010717547472233191	-0.27016822102420357	1.5254114136983143	0.06478010725211264	1.0
528000	-23.301201948935006	-17.57695750420578	-5.724244444729226	-9.004749679461858	-8.57220782474392	0.8062890296457279	1.2030728605542236	0.39899982389461336	0.4031056662107446	0.10777271456233656	0.12212931126584714	1.0
529000	-21.47597151806306	-17.572176935226945	-3.903794582836113	-8.51919585537874	-9.052981079848205	1.204112166472347	1.4485379991461866	0.18238026485004188	0.6013052365682496	0.9880458226876836	0.2690841968804908	1.0
530000	-18.968396429927207	-16.994141871978847	-1.9742545579483581	-8.493471168708854	-8.500670703269991	1.1969822918411368	1.21963021555289	-0.16429467958195149	-0.02587599356833152	1.6074148192091862	0.04466719492957936	1.0
531000	-21.57013037289607	-17.781461932393945	-3.788668440502125	-9.18263321191373	-8.598828720480215	0.8274390487685608	1.006398147051354	-0.4738196402657553	0.4957920576314264	1.3416725743401818	0.09789939540050228	1.0
532000	-21.511606822633976	-17.820663542903077	-3.6909432797308988	-9.276527631380592	-8.544135911522485	1.7225110845429046	1.0757819798571302	-0.23024182542676452	0.3963701973674769	0.42611105410758354	0.05869229489211809	1.0
533000	-21.10303622722472	-18.33073057384031	-2.77230565338441	-9.809986124117806	-8.520744449722503	0.6639296732664794	1.2261974817610886	-0.011693897966786035	-0.4048599784182769	0.540485921409057	0.16072169132410075	1.0
534000	-19.341627239585247	-17.520406795437104	-1.821220444148144	-9.022652371093189	-8.497754424343913	0.8042970884079803	1.1231944912118677	0.3209607038566322	-0.044232242152646456	1.0426053000961175	0.05772266515562257	1.0
535000	-24.929110908648266	-22.601218117387155	-2.3278927912611094	-13.500437564321219	-9.100780553065935	0.3639998319810965	0.8163888530808421	-0.37144593406260773	-0.1662818334563743	0.9197809502956739	0.37359534909064995	1.0
536000	-25.193928235856287	-18.65088825224731	-6.5430399836089785	-9.992979914759019	-8.65790833748829	1.758873248977889	1.3172936157027486	0.6184991380567478	-0.8232868270090987	0.232206617116579	0.1965437758552953	1.0
537000	-23.801503734589566	-18.13607136750894	-5.665432367080627	-9.203257872504471	-8.932813495004469	1.717464382266065	0.9272135321175834	-0.6551819377358474	-0.6281545120599729	0.6319665325143878	3.0085317145204926	1.0
538000	-22.902505805784195	-18.27450878835205	-4.627997017432142	-9.629885234625274	-8.644623553726777	0.6570912698012252	1.2494337134151619	0.7499572912314004	0.48922413336004966	0.4146646357908914	0.7373274116804421	1.0
539000	-19.497960718728084	-17.081640010096212	-2.416320708631873	-8.49367668567697	-8.587963324419242	1.175546084182977	1.056088133897006	0.03993510306585934	-0.33787611683580876	0.5748723706444226	0.07719107625826907	1.0
540000	-20.994418730715868	-17.531992959611088	-3.462425771104781	-8.617753476196405	-8.914239483414683	1.23348658296132	1.5108888207197686	0.46270247989533353	0.126123110724917	0.6967624670119948	0.21128817027143562	1.0
541000	-24.192416634344923	-17.978500634165933	-6.2139160001789895	-9.095136257744374	-8.88336437642156	1.5576304305769137	1.4646039420078667	-1.2425731491135226	0.26543501833401006	1.0662223113181593	0.343376364685541	1.0
542000	-23.27793225708393	-19.008843635605203	-4.269088621478727	-9.498684414733805	-9.510159220871397	1.8156639614592012	1.757812891785691	-0.32723085498685234	0.05982782001603282	1.1693521678155936	0.17302473944308336	1.0
543000	-20.855990383249413	-18.10295265033126	-2.753037732918151	-9.511926825719216	-8.591025824612045	0.7346622152066102	1.36038080225143	-0.27696062103124397	-0.3582504047139698	1.2032257838415226	0.07775809152524464	1.0
544000	-18.5103029768059	-17.151678464468283	-1.3586245123376175	-8.648029274383086	-8.503649190085195	0.9703383212975429	1.1062602399338008	-0.018306520468278353	0.0906847436891536	1.1617311893899829	0.07046714909265742	1.0
545000	-21.18815040652317	-18.363658087381406	-2.824492319141765	-8.501142041714715	-9.862516045666691	1.1161874625835342	1.9011594960553098	0.10568054078311717	-0.09658992556742652	1.2411050414389173	0.086785011246773	1.0
546000	-24.074219696656122	-19.32257998836978	-4.751639708286339	-8.507302693757055	-10.815277294612725	1.1942513842867204	0.6100079157157671	0.13179220214873755	-1.0187316786725205	0.4058245697030696	0.4404664175599368	1.0
547000	-22.890521721841907	-20.152960552887315	-2.7375611689545902	-11.050844986271503	-9.102115566615812	0.5029730451084469	1.616582599160317	0.28235804638810025	0.008578689637300574	1.8448785211809635	0.1203514013810727	1.0
548000	-23.41292220377167	-17.73672536885323	-5.676196834918445	-9.173676932042223	-8.563048436811005	1.34217032682182	1.0746880100562635	-1.6076420989259443	-0.31439600911040533	0.7606553934260173	0.8014001542439398	1.0
549000	-23.012288061172868	-18.063265524316954	-4.949022536855914	-8.744681874165785	-9.318583650151167	1.4821677846202468	0.71941756385706	-0.41088119138617596	1.2756083519646038	1.0120262769961574	0.7606289275225646	1.0
550000	-19.809805724101345	-17.345123003822323	-2.464682720279021	-8.554049485497595	-8.791073518324728	1.0426781243964705	0.8894154197473685	-0.06077739294654172	0.1663865923436471	0.6188012346879003	0.20049393936547402	1.0
551000	-20.28273781598719	-17.739375149014634	-2.5433626669725546	-8.718457456807956	-9.020917692206677	1.4405432066304025	0.8396641848835141	-0.07694034418616554	-0.17954186976891637	0.8959545814078023	0.19065898100995868	1.0
552000	-23.068747197330758	-19.212729827706355	-3.856017369624403	-8.931038684270941	-10.281691143435411	0.8259194448989502	0.5859912671521118	0.748294378640969	0.2276566933744114	0.47240212204750315	0.23672519104777148	1.0
553000	-20.633917246785757	-17.965325546372863	-2.668591700412895	-8.54898532483294	-9.416340221539924	1.0440745918619097	1.7752294482916708	-0.02380058453233147	-0.2357584317004524	0.6220994795732228	0.12217978273882653	1.0
554000	-20.883835672023686	-17.274119488672255	-3.6097161833514306	-8.779085854285755	-8.495033634386498	0.8910701953061274	1.1972810282248694	0.703670737841238	-0.19638026679032863	0.9251326241514685	0.2961396850191966	1.0
555000	-20.913684613447476	-17.22694101966455	-3.686743593782926	-8.607625224998987	-8.619315794665562	1.3454932239201713	1.1152336589137943	0.024517607969756217	-0.6338808280001457	0.7627406056053464	0.2639658537097474	1.0
556000	-19.601226226893168	-17.292388808185002	-2.3088374187081637	-8.593896759344952	-8.698492048840052	1.25149710530082	0.9357835083061414	0.34690745780634774	0.08077493585211926	0.7745483767242656	0.07947364750933977	1.0
557000	-24.284758660875056	-18.351608282362314	-5.933150378512743	-9.234895164488197	-9.116713117874118	0.751348203069201	1.6797616845772696	0.30713682731779735	-0.5634289111674173	2.73792902896069	0.2702712317009793	1.0
558000	-19.733125013743383	-17.564269955075655	-2.1688550586677264	-8.688150520383122	-8.876119434692534	0.9938920823508598	0.8617137633164276	-0.37567259243108525	0.10416842794260467	0.849926350237865	0.06836982987083712	1.0
559000	-20.10421702292725	-17.364430266285986	-2.7397867566412657	-8.611554283254128	-8.752875983031858	0.9804851148509347	1.484831994893243	0.21559929958140867	-0.319042407179715	0.5997421064335803	0.06894056549011361	1.0
560000	-24.342109200359975	-20.77275701815739	-3.5693521822025844	-10.77769475307662	-9.995062265080769	0.5183746455827317	1.9573165075464856	0.5312090159535747	-0.18855347519131976	0.8090024277863804	0.28664976312531426	1.0
561000	-20.26592871414001	-17.063168321759107	-3.2027603923809034	-8.501758334122522	-8.561409987636585	1.146347096832941	1.071595100807267	0.16023104740588434	0.4816921058893845	0.6872873555277356	0.07927705995697752	1.0
562000	-19.48611386884867	-17.037658204655557	-2.448455664193114	-8.504843193402886	-8.532815011252673	1.1023884589750093	1.087758669632607	0.07964488452424281	0.3467873641355219	0.6199109346864934	0.04606152918180988	1.0
563000	-20.651362396361417	-17.18948861345499	-3.4618737829064257	-8.569504731119995	-8.619983882334996	1.0983515007822964	1.323077166260272	-0.43014926764573497	0.1815139491015958	1.2744329414978621	0.05858565837769253	1.0
564000	-19.41334740929598	-17.557423610430746	-1.8559237988652344	-8.757544097786798	-8.799879512643948	0.9045399236876015	0.9115708780328973	0.1454031189693146	-0.15400731327613193	1.809848315499036	0.09947644620773478	1.0
565000	-20.96870297444987	-17.857245053393832	-3.1114579210560374	-9.135375374680738	-8.721869678713096	0.7722255299801991	0.9141965833220912	0.36734340823150424	0.30280957748908643	0.8742793989976552	0.04193783085971318	1.0
566000	-24.24627402519861	-18.070314984111082	-6.175959041087529	-8.910018349642602	-9.16029663446848	1.56534151544537	1.6529131198739297	-0.23864599911002793	-0.0647358520476175	0.5575157322631711	3.925672737249572	1.0
567000	-21.330628002396104	-17.492724332359167	-3.8379036700369387	-8.85103881567528	-8.641685516683886	0.859088532085256	0.9683485391896254	0.3283945756379848	0.5297686641629973	0.5567039775121237	0.5985097458329867	1.0
568000	-21.08040402905248	-17.101230829220555	-3.9791731998319273	-8.492929262870478	-8.608301566350079	1.1713211095482412	1.3094983508826206	-0.16178791732077039	0.1964036230983326	0.8545069638706065	0.7128690789328643	1.0
569000	-18.75679685300099	-17.737437003701707	-1.0193598492992801	-8.504261840330106	-9.233175163371602	1.1049978387950565	0.7583470793069892	0.09586699052347387	0.18477709734509104	1.54679794181243	0.01992169858549121	1.0
570000	-20.979448579021252	-17.104587056534996	-3.874861522486256	-8.533277203031577	-8.57130985350342	1.2933091738093616	1.2942746832716028	-0.23009783268766976	0.1144061371939164	0.9648242766508411	0.5538795227457031	1.0
571000	-19.82606384994631	-17.207902318885182	-2.618161531061126	-8.698367464104784	-8.509534854780398	0.9341119136964474	1.1672964323413317	0.10797209614429049	0.20065027102540772	0.38725247113315703	0.11592984872008964	1.0
572000	-21.807726736806668	-17.784484251207942	-4.023242485598725	-9.183330772890486	-8.601153478317457	1.6667544646206314	1.0301053222745606	-0.09359506590988476	0.5943398040460766	0.6767081487934458	0.43177430785227655	1.0
573000	-20.644504687956264	-19.84542302936697	-0.7990816585892935	-8.531255337543243	-11.314167691823727	1.2866114654552063	0.4967962638996444	-0.12964782212641668	-0.0811871092797039	0.9482509386777938	0.04529911300878394	1.0
574000	-23.945912498298966	-18.524540862935282	-5.421371635363686	-9.388151644698677	-9.136389218236605	1.001353486814832	0.7729930530090858	-1.5579203653418943	0.3443382105464001	0.6152536664507842	0.65484076680893	1.0
575000	-19.69017312326249	-17.617721521010928	-2.072451602251562	-8.606730999199156	-9.010990521811774	1.0215617126654875	0.8476469354995643	-0.2292344947147214	-0.23084765030090043	1.2877719331762483	0.12270171986752838	1.0
576000	-19.304120369358273	-17.480295146548634	-1.823825222809637	-8.588772611763794	-8.891522534784842	1.0222430659625856	0.8678415023539919	-0.13911625242064007	-0.04633663413688305	0.9306194141457165	0.1358883651136274	1.0
577000	-21.430065205154964	-17.897887808489088	-3.532177396665875	-8.822622293657526	-9.075265514831564	0.8682101418426125	0.7923446848485933	0.6669009109822444	0.26912202573238	1.731526593098205	0.1344143282252925	1.0
578000	-21.866572604569544	-18.27243764220345	-3.5941349623660948	-8.671398648881068	-9.60103899332238	1.017818715280941	0.6826858463739065	0.8281002177744687	0.2454790993425494	0.9005322095397398	0.353150340869947	1.0
579000	-22.153243389073502	-17.451202773814202	-4.7020406152593015	-8.680912664908872	-8.770290108905332	0.9351271147986291	0.9597172365600825	0.39761766500897755	-0.4224543897936113	0.3839167186502053	0.053384984980054666	1.0
580000	-20.971908178584187	-18.601547375442102	-2.3703608031420824	-10.034697400496139	-8.566849974945965	1.9562514674974838	1.2880130790195066	-0.11460743705550436	0.12154223482941678	0.31710735308479077	0.04484911509711429	1.0
581000	-22.921786069268258	-19.43808014723622	-3.483705922032036	-10.892322109829161	-8.545758037407058	0.5262025475836571	1.2514877143918792	0.10247953837407667	-0.5151364411065348	0.4542154114455652	0.30233407619670194	1.0
582000	-19.831832176837676	-18.06881172304711	-1.763020453790566	-8.636712204714115	-9.432099518332993	0.9633327910673679	0.7214283162319769	0.22430820329856205	0.1080152112815228	1.4355440529184993	0.13545647038469727	1.0
583000	-20.91566686831484	-18.25412382701546	-2.6615430412993817	-9.487748624573285	-8.766375202442173	1.8053729421561517	0.8984668001796062	-0.2724245747583458	0.18783259310903383	0.999760997011871	0.04413001355657745	1.0
584000	-21.005471193782512	-18.94283897851623	-2.0626322152662815	-8.95465766493352	-9.98818131358271	1.564468104356122	0.636565672330616	-0.06467778480141168	0.0058216946711273365	0.3792917877582069	0.076023450763767	1.0
585000	-22.155922547903288	-17.92567486605569	-4.230247681847599	-8.74123850165535	-9.18443636440034	1.4701940138557665	0.7615037722999953	-0.611035085310484	0.33949694154463117	0.49016703815521334	0.5759443383599558	1.0
586000	-24.460900840319585	-18.43917276330898	-6.021728077010603	-9.470101415354925	-8.969071347954058	0.6876194992301713	0.8210840018079675	0.6972494539243186	1.0018813987527242	0.20518553517752258	0.7797907335019629	1.0
587000	-19.389240432348156	-17.291172341296388	-2.0980680910517693	-8.515991291438967	-8.77518104985742	1.2558556985445974	0.8943885738655709	-0.057080277836193793	0.19522714643050573	1.7595706942748741	0.06711072318607579	1.0
588000	-20.76954040126771	-17.859759639146333	-2.9097807621213807	-8.84186076258091	-9.017898876565425	1.4371283540420203	0.841543562524536	0.2914756229483869	-0.1899507423125924	1.5839989897402231	0.11959520440415479	1.0
589000	-23.17440680147639	-18.945948791662968	-4.228458009813424	-10.215277985108447	-8.73067080655452	1.9305012110761288	1.4116809530792809	0.2336262968337992	0.131565899064756	0.5340161100500448	0.48533294687784834	1.0
590000	-22.737282556075026	-17.338564519188346	-5.39871803688668	-8.711953215864167	-8.62661130332418	1.3200811638543803	1.0982010253309002	-0.9496025559016295	0.7074383037974525	0.5460624069778642	0.32586212506622203	1.0
591000	-19.70503293132274	-17.613329421980005	-2.0917035093427367	-9.099085111704445	-8.514244310275558	1.6311391055819888	1.2609826466305158	-0.08510375854317842	-0.15401998696939173	0.8972183029596766	0.05979163080782851	1.0
592000	-22.984809445687567	-18.193559577903102	-4.791249867784465	-9.027540223753263	-9.16601935414984	1.6010284492452536	0.7613835002740396	-0.08841228941960844	0.44785076297133103	2.057868877997898	0.5127128032416781	1.0
593000	-21.73417414856194	-18.599588227843025	-3.1345859207189157	-8.700539274957727	-9.899048952885298	1.4459672121232992	0.6466040237964528	-0.5417486641555285	0.05133982889245192	1.3197695552082704	0.14704165888225668	1.0
594000	-19.044402410594465	-17.267359358556877	-1.7770430520375882	-8.49219901058679	-8.775160347970088	1.195304485362948	0.891326280733041	-0.12488556573305687	0.2638778968856805	0.9276732920051135	0.04883488548737602	1.0
595000	-18.676479898599617	-17.460628591012284	-1.215851307587331	-8.802044365384802	-8.658584225627482	0.8976511996539214	1.3761780075340921	-0.014883898580495897	0.0718977506720958	0.7750365330468394	0.052587746939279846	1.0
596000	-18.684675486758636	-18.716192269439283	0.031516782680646394	-9.563869180267952	-9.152323089171333	0.6967927960693111	0.7874020504905912	0.11208481372087983	0.03020945147567189	1.731734544508944	0.02776236225647861	1.0
597000	-20.252188862762335	-17.562185786258077	-2.690003076504259	-8.844473171241527	-8.717712615016548	1.515808559068443	0.9218759055131517	-0.10215631841616002	0.15761473373674523	0.7580122221206352	0.19382795340448003	1.0
598000	-20.873181690938893	-17.518507944419873	-3.354673746519019	-8.976955888113633	-8.541552056306239	0.832305938697292	1.0772982456557958	0.06349252874407761	-0.2131278642058498	0.23138612735550482	0.12961771952931705	1.0
599000	-19.9089432428504	-17.237373124252834	-2.6715701185975647	-8.709125741596711	-8.52824738265612	0.9573142470773623	1.1480936504531405	-0.20231031800000393	-0.38670330966797273	0.7227091827249799	0.08092158201814689	1.0
600000	-19.885817861382872	-17.47962507488441	-2.406192786498463	-8.957727490741757	-8.521897584142652	0.8590458392191387	1.1365679005161817	-0.18353817111153514	-0.3272188482331295	1.3920196508277904	0.11580560560299118	1.0
601000	-19.80679893522721	-17.247455869259262	-2.559343065967947	-8.666935272031681	-8.58052059722758	1.3631718018999006	1.2654885419833688	0.16280729827079132	0.2600638484944047	1.0834983374383664	0.03168063340526433	1.0
602000	-20.665373911812406	-17.472147502797128	-3.193226409015279	-8.537711417398462	-8.934436085398666	1.2811017137846301	0.8475869932211362	-0.407173560015892	0.032390684211014154	1.9712964479466368	0.08132511826406501	1.0
603000	-20.29137831049343	-17.067471505084953	-3.2239068054084794	-8.512850577454163	-8.554620927630788	1.116822152657549	1.107122943939586	-0.20321040770734813	-0.39860519155059065	1.6669011291486309	0.09327203977129919	1.0
604000	-21.100088178470347	-17.900756806147303	-3.199331372323045	-8.741435687685204	-9.159321118462099	0.9439096279653141	1.6916743178502234	-0.2186517471651156	-0.3947763382049172	0.641398571650696	0.1504893626762401	1.0
605000	-18.872815268078202	-17.14315433571664	-1.7296609323615613	-8.531333318363753	-8.611821017352888	1.075571483174719	0.9856564077295091	-0.12918517053770956	0.08026933236726774	1.6925130039838083	0.06587333732544429	1.0
606000	-23.193107437074026	-17.91416728153309	-5.278940155540939	-9.414028477509055	-8.500138804024033	0.8374681932587718	1.2283946293272314	-0.9564516440726791	-0.1260101190277562	0.9347190547784394	0.13896680209715373	1.0
607000	-20.417778970866646	-17.378363488578827	-3.039415482287818	-8.554824513389953	-8.823538975188875	1.0309228284230876	1.528981415792699	0.24524388987899126	-0.36987539711989575	0.713691794505108	0.11971529649030731	1.0
608000	-19.93219617395974	-18.212351218961647	-1.7198449549980932	-9.466987829581795	-8.745363389379852	0.7256192828998226	0.9090406200066317	-0.054020053257777756	0.1601544521936007	0.5439067779089424	0.0926135581787286	1.0
609000	-21.912559457434778	-17.500281045226423	-4.412278412208355	-8.649361895835542	-8.850919149390883	1.3132940723185265	1.4202233215157505	0.30784090378498447	0.3738949887846501	1.3957819818380706	0.047375860017584925	1.0
610000	-23.339199327892864	-19.171010871470735	-4.168188456422131	-10.568369408242608	-8.602641463228125	1.974142450963598	1.0048949914035268	0.41294801451596075	0.5131506332051612	0.5925122613944795	0.29925949226470355	1.0
611000	-22.115645195952208	-18.53043394655772	-3.585211249394486	-9.858695130737841	-8.671738815819879	1.919838272293027	0.9869018974776023	-0.21488118650601046	-0.27444149056967676	0.4068323479762221	0.2212419885190332	1.0
612000	-21.67365541314587	-17.369570097752984	-4.304085315392885	-8.59690232450921	-8.772667773243771	1.2738724139587438	1.4805259436804952	-0.6902399961122099	-0.1335151546011026	0.7813101523864586	0.13623705111510115	1.0
613000	-21.689178275706183	-17.202243548734813	-4.48693472697137	-8.569922411933318	-8.632321136801494	1.0237811894229412	0.991162709193718	-0.011543560505405281	0.6195708627500832	2.4814099866622823	0.12269455771230356	1.0
614000	-20.361626051569175	-17.607815386727772	-2.7538106648414042	-8.968374816667557	-8.639440570060213	0.8332791612971451	1.3290388481964954	0.08651525413472053	0.22059651172580902	1.2297974073161968	0.23476683415086852	1.0
615000	-21.983923114370185	-17.75939566547236	-4.224527448897823	-8.72189780748015	-9.03749785799221	1.3321522565419786	1.5895790066595032	0.4196037544022706	0.0070030463964160655	1.0468943015478007	0.4626572234232994	1.0
616000	-22.229747099312927	-18.476082685885046	-3.7536644134278805	-9.868566806463807	-8.607515879421237	1.7898373968602739	0.9830923584314053	0.3921591681151996	0.2839315743333666	1.2811902123997176	0.10919586939216257	1.0
617000	-18.70876836478069	-17.36525393823596	-1.3435144265447274	-8.497027817573068	-8.868226120662893	1.1269612770539097	0.864768364180974	-0.06022851245785765	0.09926089901598942	1.0937275088547962	0.07556309701682232	1.0
618000	-24.644135350319182	-17.769032481992184	-6.875102868327	-8.80358839373068	-8.965444088261505	1.5139182071888777	1.0471848403687642	-0.6025767236583243	1.3874681051480695	0.6469954552786307	0.3111614876177017	1.0
619000	-19.704334298258757	-17.145527448080124	-2.5588068501786325	-8.551750394059152	-8.593777054020972	1.0330196660964444	1.3641595181842707	0.2042842304589479	-0.299880866755378	0.6537385670314593	0.05320197186251297	1.0
620000	-21.599830821670842	-18.665655448664065	-2.934175373006779	-9.649503380467976	-9.016152068196089	0.6657599927134167	1.579917053576605	0.42344837536968294	0.009057457916316403	1.286736921730812	0.05680015775823348	1.0
621000	-21.233103741622738	-17.433855684650716	-3.799248056972023	-8.90157097746754	-8.532284707183177	1.5582872447967901	1.2894862481499625	-0.21104193028686835	-0.290538766951726	0.480121802837375	0.3466946988475013	1.0
622000	-21.178738678903418	-18.224967207425095	-2.9537714714783228	-8.50550799565663	-9.719459211768466	1.1008569513875703	0.6476870863618177	0.08189597690370548	0.5853597348465487	0.7813093490188081	0.18269386714348615	1.0
623000	-20.549516054065617	-17.24340569783248	-3.306110356233138	-8.493477948225195	-8.749927749607284	1.1675941496053102	0.9015789699438791	0.049836721875069656	0.600134586540579	0.9609067000188144	0.11786103469429034	1.0
624000	-25.026578619212827	-23.504888658407403	-1.5216899608054235	-9.497161015146657	-14.007727643260743	1.7530052415179933	0.3281353105962173	0.061836468869508776	-0.059756685350327736	1.0864883646571015	0.0859097850596435	1.0
625000	-22.103166411826283	-17.45281221827871	-4.650354193547575	-8.857564814775184	-8.595247403503523	0.913332390907349	1.3606007633807833	-0.3559043516353774	-0.42439445954869814	1.2952572404940539	1.3062200138498505	1.0
626000	-19.68130447407731	-17.022829798635552	-2.6584746754417603	-8.51621898333689	-8.506610815298663	1.2650215212472424	1.0987583539841432	-0.1676623609531547	0.0926969087990151	0.8348121550144478	0.200853344739647	1.0
627000	-23.68274653054182	-17.61694677452283	-6.06579975601899	-8.556590280165118	-9.060356494357713	1.2892897218447377	1.0183917558570745	-0.504851543509256	-1.199349261047439	0.8281388304877986	0.25655428007156034	1.0
628000	-21.832975321662698	-18.704328721849542	-3.128646599813156	-9.547210164142907	-9.157118557706633	0.7670903636641802	0.7685708375194071	-0.6672802258131686	0.32920084377309006	1.3354225850564332	0.4521775306651579	1.0
629000	-20.796538239461483	-17.925492510574472	-2.87104572888701	-9.299953262305063	-8.625539248269407	1.6819423490297747	0.9933101174666231	0.06922599139298424	-0.11193649708154428	0.6684114525705386	0.2011381233622509	1.0
630000	-18.469172261260123	-17.146693097324068	-1.3224791639360538	-8.525613573963438	-8.62107952336063	1.0676325303934884	0.9818677762867369	0.01748490296510055	0.044320058086051994	1.753579258243785	0.04933876153691641	1.0
631000	-21.494839754194984	-17.10384835995616	-4.390991394238824	-8.498854848293755	-8.604993511662405	1.2246446213496378	1.0710091779102924	-0.12820003795445556	-0.4624773944014408	0.19659046279853323	0.13308392894888865	1.0
632000	-19.842552973028692	-19.041948255363813	-0.8006047176648794	-10.532593479688023	-8.509354775675792	0.5660430738062691	1.096853621574144	0.052598937951283564	-0.04009587874137796	1.2489795726626232	0.06706068681862093	1.0
633000	-23.597719341108487	-17.208283818907127	-6.389435522201362	-8.681085068463926	-8.5271987504432	1.3041236908989948	1.2729729420072824	0.41779489828409444	-0.054450955837763035	0.6494087686952417	7.4083111842836065	1.0
634000	-22.114375197799703	-19.90688424471939	-2.207490953080313	-9.892962485127178	-10.013921759592211	0.6412862720974174	0.6551743442390624	0.15844642219652233	-0.3203920897659014	1.769720957179786	0.38753556296262776	1.0
635000	-21.429322286477355	-18.051516202075703	-3.3778060844016515	-8.761268716031376	-9.29024748604433	1.369892100179654	0.7298477760776771	0.37552872621800537	0.5254758328533413	1.0034816375359266	0.18528409731959727	1.0
636000	-18.672188901157586	-17.964909198431442	-0.7072797027261424	-9.472621705281608	-8.492287493149833	0.7168954510225622	1.1596061686811951	0.05760988566092168	0.03431496625006125	1.7003046556046824	0.036083767867539404	1.0
637000	-20.601859238556592	-18.72118151460764	-1.8806777239489516	-10.196793107958463	-8.524388406649177	0.6132026226077029	1.1761151121604294	-0.07064845415972465	0.2706469834445444	1.405724388648971	0.12051296778660318	1.0
638000	-22.6783977523852	-19.773987111771767	-2.9044106406134365	-10.083366180905024	-9.690620930866743	1.8514023239103385	0.6753989995153058	0.3919747663644134	0.10915198823066112	0.6707717153549816	0.12131100764203838	1.0
639000	-20.51207540061501	-17.554745602290986	-2.957329798324027	-8.496886565528124	-9.057859036762864	1.2163487254463226	1.5194902458633237	-0.1669305493628378	0.3620547821216276	0.7930551701781292	0.09687819595510949	1.0
640000	-21.395672296445944	-17.839318093180363	-3.556354203265583	-9.329947328724861	-8.509370764455502	1.5700435587405268	1.0948540638975912	0.556484689736836	-0.016123990227078444	0.6891655048633941	0.14576405300630116	1.0
641000	-19.567299497001486	-17.05866869869012	-2.5086307983113665	-8.516165361927678	-8.542503336762444	1.2489934973513757	1.048739456313446	-0.3302524837783581	0.0009386844195182487	0.48058767946407327	0.06300244005365517	1.0
642000	-18.87729426779309	-17.37970210678131	-1.4975921610117802	-8.678950398533996	-8.700751708247312	0.9449600564021217	1.4004632891408735	0.09336843518251689	0.09432269743558652	1.1661907583980058	0.05320874053030732	1.0
643000	-22.88837633154946	-17.74726636621705	-5.141109965332408	-9.154492826035513	-8.592773540181538	0.8327896537120058	1.1849300133818155	-0.4568136121236991	-0.6708584981198855	0.7680173226364188	0.09088883402553787	1.0
644000	-21.247984419878023	-18.061459673996655	-3.186524745881367	-9.569180640973874	-8.49227903302278	0.6737175898316617	1.1500388896041394	0.5651753969993846	0.026150416128236324	0.8983292990606198	0.4080514774726266	1.0
645000	-21.54940568322067	-17.653656190217564	-3.895749493003104	-8.88509420168727	-8.768561988530294	0.8428494622818651	1.488587430453406	0.7117072320530267	-0.23382262698368336	0.7552480493182375	0.25096847206891915	1.0
646000	-20.558090713619613	-17.510519052440245	-3.0475716611793673	-8.589617284068092	-8.920901768372154	0.9990038292156691	1.5352728463830647	0.32433124579646866	0.01550620483230207	1.3775122894483043	0.1286839218494179	1.0
647000	-21.929153423185298	-18.005906473882632	-3.9232469493026656	-8.50851483375779	-9.497391640124842	1.190364793912333	0.7681673083641958	0.14998469450436447	-0.587807718867881	1.877131796135044	0.4949242322087001	1.0
648000	-19.82093697913994	-19.386888650920724	-0.43404832821921513	-8.49083535403579	-10.896053296884933	1.1602794344775529	0.5398154219024882	-0.0073931896146560705	-0.16306737804384666	0.9877196526221197	0.027571736031976032	1.0
649000	-20.7175410449991	-17.07210936534944	-3.645431679649657	-8.520880516618746	-8.551228848730695	1.1926392355881974	1.0654115534572013	-0.40790577847656084	0.41766307057755947	1.4928464273553217	0.1931444623768258	1.0
650000	-18.606207713169617	-18.570851440256092	-0.03535627291352372	-9.378070106000678	-9.192781334255416	0.7384870146955878	0.786998759418244	0.011458092573223763	-0.09278125311292151	0.907122763296686	0.02929133562846982	1.0
651000	-21.05940851750752	-17.753145469166107	-3.3062630483414157	-9.107658007382259	-8.64548746178385	1.6128049473342896	0.9982276425564076	0.04131367521660573	-0.24595227699888922	0.21100147091120683	0.07261195741961667	1.0
652000	-21.7998657389339	-17.726578483675738	-4.073287255258162	-8.999360384083692	-8.727218099592047	0.8026703982492247	0.9464912877228386	0.6123293338512328	-0.18509009357353073	0.32603787589565225	0.17782010741872709	1.0
653000	-22.779132172736407	-17.702424381516586	-5.076707791219822	-8.817359883240268	-8.885064498276318	0.8762950667743952	0.8545255446542391	0.2200849519676612	0.9454868118440549	1.2789397777076197	4.060175976125952	1.0
654000	-22.47375576685411	-18.91298741724784	-3.5607683496062696	-8.604663141613743	-10.308324275634096	1.2772819411235081	0.6149815416211262	-0.711896071605834	-0.31418778120818935	0.912968134105359	0.3446228382571184	1.0
655000	-21.962831922346844	-17.46032061518112	-4.502511307165724	-8.828442944988147	-8.631877670192974	0.9064178952888573	1.0992959185363402	-0.20947996476350494	-0.6293971350237884	0.7038575223822	1.497188817482942	1.0
656000	-20.207002227850968	-17.112023349736376	-3.0949788781145924	-8.588539482957467	-8.523483866778909	1.0042426239764994	1.0687911980555362	0.38935132221453705	0.05384938524415054	1.2683555982869028	0.3205222413646625	1.0
657000	-24.636713252976683	-17.74488385736586	-6.891829395610823	-9.18212713702841	-8.56275672033745	1.68436754373615	1.0736117604487776	-0.22224923942419278	0.49020800420356014	1.7488967757471654	0.02979202513709572	1.0
658000	-20.02939416374673	-17.21133958671613	-2.8180545770306016	-8.622988473852063	-8.588351112864064	1.0026463206757046	1.358171405375998	-0.17500649732620394	-0.3419988221221734	1.2808111542458611	0.053482177671336145	1.0
659000	-21.340586672755038	-17.848624526468654	-3.491962146286384	-8.71422256368732	-9.134401962781332	0.9207880174174267	0.8287528000979422	0.21634594914546124	-0.3760457354011917	2.4326315671963092	0.03880229560996021	1.0
660000	-22.149104175330315	-17.54934592590386	-4.599758249426454	-8.947278345568563	-8.602067580335298	1.5913164895040783	0.9991843877107611	-0.7031082972256351	-0.013376663769897601	0.9617927698181381	0.92890143239824	1.0
661000	-20.81943366955689	-17.286231993042485	-3.5332016765144054	-8.605074346249033	-8.68115764679345	1.0004098883410428	0.975744454754493	-0.049797596059060555	-0.23267867536446377	0.2877523506117723	0.22531057178994368	1.0
662000	-21.33772281254178	-18.371190913848807	-2.966531898692974	-9.864662331018616	-8.506528582830192	1.8099505377632998	1.1314401003332566	0.31330159852910283	0.20129077022064285	0.7952898365558242	0.06856790721708879	1.0
663000	-23.55213859379776	-20.343544547288495	-3.208594046509266	-8.882285938898406	-11.461258608390088	1.518711236202889	0.5109606819594268	0.0029045542687161363	-0.5688375423457552	0.8870993986779324	0.09763420743011843	1.0
664000	-21.857079367161436	-18.53432985638841	-3.3227495107730256	-9.857807273010296	-8.676522583378114	1.9222508926922166	0.9411820696030628	-0.2326167143271216	0.19024579509797052	1.5419532765263755	0.059155956777762725	1.0
665000	-21.002388931684408	-18.08043974179075	-2.921949189893656	-8.524143634157115	-9.556296107633637	1.086243443438582	1.7709594416131227	-0.13774096976309366	0.07083764917353227	1.9892140094474124	0.024281263698254823	1.0
666000	-19.41414582308514	-17.442155325645466	-1.9719904974396738	-8.583374955906523	-8.858780369738941	1.0226822057603637	0.8969669395426856	-0.10852720908892534	-0.22644252324963626	0.8255719495412157	0.12386194821774113	1.0
667000	-24.532349008657114	-19.58941698870351	-4.942932019953606	-11.025613450990349	-8.56380353771316	0.5699811802931392	1.0211527109013996	-0.8211349142443987	0.1281498024799117	1.3572225949497587	0.08616546624532857	1.0
668000	-23.595617159247503	-18.787896743914224	-4.8077204153332795	-9.677055637461747	-9.11084110645248	1.8866720280152598	1.4977093443699423	-0.421195627529343	0.5191126557881826	0.5036688419098336	0.10324293755104258	1.0
669000	-21.800240900139997	-17.448707640112694	-4.351533260027301	-8.900397656894516	-8.548309983218177	1.5625736354732778	1.2330708223932043	-0.26011768107634536	0.24005724651931265	1.6488701839462867	0.2635499532771373	1.0
670000	-22.14018776914263	-17.739011411664386	-4.401176357478246	-8.548391938130719	-9.190619473533669	1.0965750046833374	1.706192671033324	-0.3351884523208668	-0.41637919826851366	1.5332393057483062	0.10126571809628729	1.0
671000	-19.076234177060677	-17.886332077886024	-1.1899020991746538	-8.692657358769226	-9.193674719116798	0.934724997987319	0.7834429981453013	0.14775400379196912	-0.0506337021351031	0.712216873185578	0.06462358413643676	1.0
672000	-21.29313970347483	-17.917256530058623	-3.3758831734162076	-9.384213146499519	-8.533043383559104	0.7618018146709786	1.073621167360498	-0.29491875812759405	0.3138468756406352	0.9160149433147132	0.627137262896775	1.0
673000	-21.635534736538588	-17.926979428828957	-3.7085553077096316	-9.006583868343187	-8.920395560485773	0.8016540620310995	1.5687946063199212	0.5410189750938684	-0.22235674306685527	0.6144624335393392	0.35079183235555	1.0
674000	-20.725641799450674	-17.540321311261053	-3.1853204881896224	-8.91635462726588	-8.623966683995173	0.8311993870676073	1.3834224698538522	0.5105201821056926	-0.1584365574740657	0.7765246132821167	0.101000943664986	1.0
675000	-22.027264261872148	-17.74325040991603	-4.284013851956119	-9.007057188247364	-8.736193221668664	0.8231972603650439	1.2690160308449328	0.06796165035610084	0.6315999448746678	0.676341095900953	0.06905610320631754	1.0
676000	-20.54562044763935	-18.47408635176965	-2.0715340958697026	-8.790301387482748	-9.6837849642869	0.9014212634845854	1.8591159829511936	-0.0042088580111483975	-0.18237690662013023	0.356853734993396	0.03935614542048224	1.0
677000	-21.33209451396508	-17.18055338914794	-4.151541124817141	-8.532955857319443	-8.647597531828493	1.291727360686885	1.0752366355850085	-0.2715843282840796	0.7752512598372134	1.070956435629212	0.3617740385293993	1.0
678000	-19.75020502677413	-17.393492437131194	-2.356712589642934	-8.641735314642201	-8.751757122488995	0.9736529369153202	1.4758542002636754	-0.013900272845714767	-0.20411242715329628	1.7784424049608742	0.04081231849657809	1.0
679000	-20.926495800898458	-17.643007205919663	-3.2834885949787966	-9.110284634338607	-8.532722571581056	1.66500522760738	1.061594306264709	-0.32084598276861953	-0.021796421119949727	0.4433356326543468	0.18961835620051606	1.0
680000	-23.27233936592168	-19.446491917308478	-3.825847448613203	-8.821327320607	-10.62516459670148	0.8835696931170347	0.5282814864074752	0.895225127607394	0.6765880851241679	1.204500621044214	1.0789668249389381	1.0
681000	-21.10950326708617	-18.634269916386238	-2.475233350699931	-10.072249917195036	-8.5620199991912	1.979370421334352	1.02965483967833	-0.18315981232493217	0.000999688715577457	0.4753055499395949	0.08366462900215466	1.0
682000	-24.722510106223964	-19.6117789487299	-5.1107311574940635	-10.401166888045726	-9.210612060684175	0.5732722576032213	0.9409374355863828	0.19949689511851876	-1.159482070405309	1.2114638732252565	0.20238734428328936	1.0
683000	-21.080205405374638	-17.218469622646175	-3.861735782728463	-8.638380289616261	-8.580089333029916	1.0358855659902788	1.240347577187804	-0.42882080720906895	0.33515762128816134	0.8734113086593767	0.05590914042324562	1.0
684000	-21.52949407553011	-17.35003658536555	-4.179457490164559	-8.753292496254236	-8.596744089111317	1.4740963179325959	1.3668639732565107	-0.17722042976862923	-0.28437993356825975	0.5578061392891185	0.6044147142025258	1.0
685000	-19.934958888383182	-17.08233286536649	-2.852626023016693	-8.507529037971949	-8.574803827394541	1.2261248816255652	1.3164253595125017	-0.3040072905689706	0.0210335588633635	0.7908912214859904	0.17795175745283817	1.0
686000	-20.605299250148192	-18.150724275571026	-2.454574974577166	-8.691821823835777	-9.458902451735248	1.3582737747015436	1.7384199909612046	0.254877988427047	0.0692660243867666	0.5127660516902436	0.04849268547387459	1.0
687000	-20.465444384239056	-17.219956146059715	-3.2454882381793393	-8.68315335998246	-8.536802786077256	0.9352261816363615	1.088915979873672	0.47034141665313356	0.3732564656160287	0.7354480098159597	0.15020599361568357	1.0
688000	-24.59312464340826	-18.31628980347148	-6.276834839936777	-8.877424670206345	-9.438865133265136	1.383616508253786	1.6948631326662962	-1.194926123822484	0.2337681822289533	0.8257046143857468	3.72475337887309	1.0
689000	-20.858831788139135	-17.609680905720005	-3.2491508824191317	-9.11644374184051	-8.493237163879494	1.6756297362173203	1.1385560304121947	-0.43226002449096157	-0.030537724673427045	0.6143455347166311	0.14146354338302317	1.0
690000	-19.605449206758287	-17.00199950126516	-2.6034497054931256	-8.49658064831856	-8.505418852946603	1.1995321591848647	1.2319098525772962	0.011049702137735207	-0.26377862751849557	1.6715561749183325	0.05433113989502465	1.0
691000	-20.019972549876144	-17.36391118059543	-2.6560613692807125	-8.614258622857552	-8.749652557737878	1.3352405409889434	1.37704605063606	0.10657794486472658	0.32426581359898876	0.6226749975753175	0.07341274716777867	1.0
692000	-21.789191513453112	-17.721831951464743	-4.067359561988367	-9.003950407782058	-8.717881543682685	0.8023835091333206	1.4112831985936714	0.5441412301849156	0.09470504044167863	0.7712858134468519	0.8353820407686784	1.0
693000	-23.145943412848833	-18.734801266074793	-4.41114214677404	-9.3254138330737	-9.409387433001093	0.7217647823201515	0.7870304043083828	0.5397536649765218	-0.5888774740394019	0.3348320655198344	0.39694511635854807	1.0
694000	-23.51271753996216	-19.81064404994401	-3.7020734900181513	-8.686196809587258	-11.124447240356751	1.3720049087829644	2.1849433153713953	0.18248548009572244	0.14895093909366902	0.5426372315527214	0.2462996026622853	1.0
695000	-20.555172050994184	-17.598415517186012	-2.9567565338081727	-9.00868930943753	-8.58972620774848	0.8411839592530318	1.358820032017528	-0.15812426406567945	-0.363050289402004	1.294343423613222	0.20156203760098487	1.0
696000	-20.332816242561417	-18.030407911365405	-2.3024083311960135	-8.707809702976661	-9.322598208388744	0.9381898723836447	0.7632265269961225	-0.011464605330749278	-0.16152385635274769	1.8920571239439086	0.2142732430941361	1.0
697000	-22.210456680840434	-18.500465723758026	-3.709990957082409	-8.550127687893982	-9.950338035864043	1.1958339919971843	0.6762816831211013	-0.5400163381930925	-0.4655043608999675	0.6106946799433762	0.42516761311379153	1.0
698000	-18.817164943862682	-17.30757961261643	-1.5095853312462524	-8.603028634459914	-8.704550978156517	1.296878835737935	0.9443955254569455	0.2269273437430618	-0.06306345983177365	0.8377322781927913	0.022356609769140542	1.0
699000	-24.442161415596857	-18.900383516567814	-5.541777899029041	-9.888387246013265	-9.011996270554551	0.6764705143636213	0.9014359405673024	-0.3528547407048493	-0.6427200070395496	0.17514310244746142	0.6066014964334954	1.0
700000	-22.32752527037775	-18.581474571752256	-3.7460506986254924	-9.776826409506622	-8.804648162245634	1.8551656338082319	0.9100039845738623	0.0052418526691126455	-0.1571576992121505	1.4972622223103218	0.2278679427220622	1.0
701000	-21.77001486755768	-17.867219488369372	-3.902795379188307	-9.305907531688575	-8.561311956680797	1.6795477514677506	1.3162887356620327	0.09167779209903665	-0.43602065171343474	1.2582697997623469	0.07066843126269703	1.0
702000	-19.25847270960731	-17.05003905112798	-2.208433658479333	-8.51852343822883	-8.531515612899149	1.0780558153158406	1.1937940631944668	0.15871141628656565	0.26944749904011767	1.2082979418547466	0.06076004364291102	1.0
703000	-20.940904771859547	-17.859079617560226	-3.081825154299321	-8.542425321484691	-9.316654296075535	1.0536911811703344	0.7439524152059059	0.3078968962846512	0.12112580915409638	0.5034980965341549	0.2956240431697278	1.0
704000	-21.229340707478777	-17.743712828397626	-3.485627879081152	-8.759011211778635	-8.984701616618992	1.3237174408562502	0.8277476268208941	0.5214813222043635	0.09643880348616088	0.5469274471713037	0.07682613034466462	1.0
705000	-20.985254082134006	-17.591368071357948	-3.3938860107760567	-8.866368013207008	-8.725000058150938	1.544312845948427	0.9117044156063492	-0.25101616485652556	0.349436236557091	0.40808859891927757	0.05681068361841422	1.0
706000	-21.307493448138548	-17.371055174192215	-3.9364382739463344	-8.700887343394488	-8.670167830797729	0.9733982745026881	1.1797798446807557	-0.2906812876322053	0.7013574017432769	0.5942141054100704	0.3585105056389826	1.0
707000	-22.03849872197168	-18.78746832151365	-3.2510304004580326	-9.57435523900432	-9.21311308250933	1.8136954878862712	1.628411724511414	-0.12483982092675244	0.1683769277146498	0.4151736427072224	0.14593951142098446	1.0
708000	-19.903525126989525	-17.758139381569492	-2.145385745420033	-8.704218441038666	-9.053920940530826	0.9316278903434418	0.8426887760526691	0.10141656075709415	-0.30180563999858234	0.4952349869921387	0.04573630454824368	1.0
709000	-18.99285085903941	-17.22263456742457	-1.7702162916148403	-8.665390973484422	-8.55724359394015	0.9627825812147562	1.2523848610672803	-0.043188151341355896	0.21578338082988094	1.077170346286389	0.0708855137337287	1.0
710000	-22.47928101285021	-18.929332066232714	-3.5499489466174956	-10.140234478593413	-8.7890975876393	1.823949959101731	0.9072292648335534	0.5395098185989757	-0.06578375487011376	0.7151895132564539	0.141529617220216	1.0
711000	-19.542213553410164	-17.23145715916127	-2.310756394248896	-8.528190988667522	-8.703266170493748	1.061694513219209	1.358218826261195	0.15136864850026768	0.2846884195664179	0.7502456238062485	0.0698172384393393	1.0
712000	-22.091118765430487	-18.318981439087942	-3.7721373263425457	-9.13748335745515	-9.181498081632792	0.8248696764245518	1.7048295493649932	-0.34821485572189514	-0.4587371022692688	1.0075075514287914	0.3343951451292287	1.0
713000	-20.829089558091496	-17.600881461091994	-3.2282080969995004	-8.849017538519357	-8.751863922572639	1.536999688743663	1.417384256344935	-0.27248207126354296	0.16429938295447438	0.4956076098329038	0.16912113693364134	1.0
714000	-24.681390322747472	-19.83211015392496	-4.849280168822514	-10.54217921914121	-9.289930934783747	1.9510169698689306	1.6090086929858338	0.4682762975890522	0.36631417358793167	0.993789016660962	0.10049013383233762	1.0
715000	-19.430623555434245	-17.225472147587727	-2.2051514078465164	-8.52734417236805	-8.698127975219677	1.2533867652668205	1.4453897234160555	0.058941913832546655	-0.25098099691690057	0.9705882447357158	0.05280037071761045	1.0
716000	-23.405826280029462	-18.00870740978971	-5.397118870239751	-8.697492666506829	-9.311214743282882	1.1032193178329441	0.9758850662122948	-0.7960017252463718	-1.404129378701522	0.8383747738381105	0.7357300320270663	1.0
717000	-23.446693785994288	-18.92898316094963	-4.517710625044658	-8.514282451167073	-10.414700709782558	1.1442026395867972	2.087176951107007	-0.3012632572361276	-0.2433901291334256	0.39159852095236164	0.550553461271909	1.0
718000	-20.53628278014115	-17.737624744040115	-2.7986580361010347	-8.613273227415869	-9.124351516624246	0.9840797400666405	0.7747585640956508	0.42974016750457633	0.37305479474195063	0.9665148120715017	0.19154419218794905	1.0
719000	-19.86343932541544	-17.295386715773795	-2.568052609641648	-8.580377860432778	-8.715008855341019	1.0097636196378885	1.446968568945908	0.063958780809145	-0.14556126801088695	0.6976985033160245	0.16886267844735817	1.0
720000	-22.349466018790324	-17.87608747834856	-4.473378540441766	-8.855974650031019	-9.02011282831754	0.9627582741991884	1.6170050549498134	-0.6500582953897862	-0.23564895249697548	1.3791000456699793	0.14433668091185853	1.0
721000	-25.207600552775332	-18.18357069047007	-7.024029862305261	-8.761202103161141	-9.422368587308927	1.0566485831792456	0.6923022942579911	1.0409071455361958	1.193619276541221	1.9328203698009447	21.43893660150513	1.0
722000	-25.676438435128464	-22.60323454374995	-3.073203891378515	-10.869592714195711	-11.733641829554236	0.49080001010573143	0.44815310579750983	1.0942588726699953	0.2547313351992845	1.4078385330406458	0.45753678005176407	1.0
723000	-19.783437143051007	-17.467980487464168	-2.3154566555868397	-8.503932550689626	-8.964047936774541	1.1040788944688407	0.8184519964876618	0.016307851709447457	0.4022167771222202	0.842056577603408	0.10361645095257524	1.0
724000	-19.1397727760217	-17.2936840144963	-1.8460887615254007	-8.780079107219214	-8.513604907277085	0.8959189492061429	1.150213567222979	0.13117612612119145	0.24646085942619989	1.0047006582529934	0.08005937917059738	1.0
725000	-21.247107079894068	-17.49885766078345	-3.748249419110617	-8.67853823233822	-8.820319428445233	1.3786197373216893	0.9119564427600501	0.12893110383002193	-0.23043894895396178	0.1471569159946105	0.05609527616440082	1.0
726000	-19.934033177668198	-17.046704440025533	-2.8873287376426657	-8.498484691699126	-8.548219748326407	1.188536968863303	1.0385399590986955	0.06981873229514873	0.23956009893161578	0.2995646878484645	0.09466441652690867	1.0
727000	-20.331152742289863	-19.015113687478344	-1.31603905481152	-9.334963094221216	-9.680150593257128	0.7515644576119616	1.810856100442774	-0.04666889143359382	0.07233548362517994	1.0503123174239675	0.04049830762173601	1.0
728000	-20.022999682147805	-18.164001889164282	-1.858997792983521	-9.222157609327475	-8.94184427983681	0.7783066129454245	0.8683634761869459	-0.07050645054245674	-0.22516596361771424	0.4220027427606411	0.05444955405481879	1.0
729000	-22.68794248947438	-18.462213783284287	-4.225728706190093	-8.618142384084193	-9.844071399200095	1.196006087635064	0.7100590567353272	-0.748913003446577	-0.6463632922303879	0.8013655060466166	0.30469290728554854	1.0
730000	-20.892452487103593	-18.50550073406363	-2.3869517530399627	-9.96551791955731	-8.539982814506322	0.6622203698986412	1.2340952502515423	-0.31999431699603803	0.20047210675306093	1.220870112218773	0.16580815506323068	1.0
731000	-19.814365696755694	-18.2138261932723	-1.6005395034833925	-8.588202668024556	-9.625623525247745	0.9983253566123069	0.7064453566253994	0.23625764004229574	-0.1855433069415788	0.8501287527172607	0.07065012454961787	1.0
732000	-20.917795003549983	-18.838908111463617	-2.0788868920863663	-8.554115806337006	-10.284792305126611	1.318497572768578	0.603169227477247	-0.33498315633494313	-0.088381172411231	1.172441567323507	0.03819617629407949	1.0
733000	-21.494495639186066	-18.8334353171364	-2.661060322049668	-8.722701054042982	-10.110734263093416	0.9256250692833369	0.6613859560062476	0.059447434474789757	-0.5688288983904232	0.9920979172688097	0.12347436822677703	1.0
734000	-21.33141241521878	-19.16317541273053	-2.168237002488249	-10.305533111610245	-8.857642301120288	0.6010777352175656	1.473754783554476	-0.09611274328960723	0.17002742136702512	1.674870946324789	0.09982781365267591	1.0
735000	-22.5253377724834	-17.529391797770472	-4.995945974712928	-8.875265516392778	-8.654126281377696	0.8882299390587772	1.416510294148826	1.1368274587342808	-0.3140208113457036	0.5105643451652379	0.6982870282176182	1.0
736000	-20.646297318682926	-18.058378807121105	-2.5879185115618193	-8.502866344994658	-9.555512462126448	1.1788315281494108	0.6837725005829769	-0.28090263380266056	0.3823261640932447	0.8110191713236704	0.10204169477238595	1.0
737000	-21.205463921475765	-17.544619068754134	-3.6608448527216315	-8.711569321900662	-8.833049746853472	0.9652653179249167	1.4343483055215525	-0.272143443048268	0.28416407934972543	1.0788593706381286	0.02525868165906806	1.0
738000	-20.69247288880373	-17.085187376275975	-3.6072855125277554	-8.56553205975173	-8.519655316524243	1.3343980719471396	1.2577056281436916	-0.29109635227928654	-0.33439994350765323	0.3256333965854524	0.09343570691863484	1.0
739000	-19.83068261105821	-17.080178332646465	-2.7505042784117455	-8.579575513273992	-8.500602819372473	1.2830572943518783	1.2215807281236548	0.1945630073523597	-0.0391363239149789	2.1368468566358585	0.02216908482303467	1.0
740000	-20.96351323322779	-17.510553549145257	-3.452959684082532	-8.721935622633518	-8.788617926511739	0.9127072987826674	1.4735277323320113	0.4233286566646527	-0.020697467190292973	0.4415631206857583	0.23215635710150126	1.0
741000	-18.906247019565022	-17.579617606552084	-1.3266294130129386	-8.936517724057198	-8.643099882494887	1.5233568650880622	0.9680684511715998	0.11660821103131074	0.04684192039381267	1.1597009664082596	0.03603119993913157	1.0
742000	-21.575432361181964	-17.620258617294436	-3.955173743887527	-9.017821906042897	-8.602436711251539	1.5438536266996266	1.3680936993208668	0.1917327605615604	-0.42634907335739314	1.308731274692509	0.07907623261817816	1.0
743000	-22.61626587580198	-17.8403235786922	-4.775942297109777	-8.532629380016015	-9.307694198676186	1.2066922760891672	0.806219891097391	0.24422919737788742	-0.5550320155502455	0.6687156783481363	0.04811113610850705	1.0
744000	-24.472288113524	-17.924964593585123	-6.54732351993888	-8.72110466458141	-9.20385992900371	1.4578146014814752	1.4519634172563631	-0.21555738812493908	0.7803539403282005	1.5316056498326165	0.09462324693050607	1.0
745000	-23.565736533492018	-17.390183614287793	-6.175552919204225	-8.567531624501015	-8.822651989786776	1.191697174212299	1.2726758734806392	-0.5987980676184662	0.7711351457062294	0.2789590225972873	0.16412045769192216	1.0
746000	-20.347871699487307	-17.53586222121112	-2.812009478276188	-8.989044860816819	-8.546817360394298	0.8166994144711601	1.255654231546226	0.2640709935184958	0.15856082432243954	0.9716964074256336	0.2822171061735813	1.0
747000	-19.339296492652288	-17.322868265829488	-2.0164282268227995	-8.649627647988645	-8.673240617840843	1.3879165176286545	1.3894145427339617	-0.03457069152323932	0.05621623128706267	0.4125682964517062	0.062483872496598786	1.0
748000	-22.37932936041222	-17.901838757759144	-4.477490602653079	-8.88871182025655	-9.013126937502596	1.5325612205509593	1.6312672733292668	-0.06278513342945113	-0.521622481639384	0.6565489845836204	0.6013165171290199	1.0
749000	-21.88684889934027	-17.72664649224682	-4.160202407093447	-9.189419907182632	-8.53722658506419	1.7112964101468986	1.2909614112873165	-0.5454572084046947	-0.3534799871361606	0.5425644914922159	0.17006783941673592	1.0
750000	-23.058033986807708	-17.404901318371625	-5.653132668436084	-8.61349015676646	-8.791411161605165	1.3257262746678036	1.5096290365946574	0.14715085407687795	-0.5439174354613434	2.1851655822489633	0.1288648375082116	1.0
751000	-21.37761436542778	-17.58895115178925	-3.7886632136385314	-8.607922338611107	-8.981028813178142	1.2611030795138285	1.4791995724015057	0.36051153918144674	0.3877566759955888	0.4068599684284528	0.1311626791917989	1.0
752000	-19.392631785722312	-17.34819167983928	-2.044440105883029	-8.596870358792923	-8.751321321046358	1.0236589428066465	0.9415669770627462	-0.19461648113300054	-0.23606539352137584	0.8021989154992579	0.1044949283404757	1.0
753000	-20.87971672625728	-17.2723191066219	-3.6073976196353774	-8.57453855022317	-8.697780556398731	1.021749862986472	0.9295558236683557	-0.03219583920936042	0.5524211858770974	1.1865175846174891	0.05786195106579743	1.0
754000	-20.58038181745374	-17.551618608788083	-3.028763208665657	-8.922260437178197	-8.629358171609883	1.5796573734555466	0.9690674525894144	-0.337665710641957	0.18890736779997686	1.2917552637991248	0.08074794817062247	1.0
755000	-18.358179510459493	-17.522949334196277	-0.8352301762632166	-8.575318271247436	-8.94763106294884	1.0141170753219269	0.8556374686868263	0.06009318156272975	-0.11472505187476689	0.5749379448709426	0.03179723920435725	1.0
756000	-23.723311046376878	-17.37154337025455	-6.351767676122327	-8.546813849376639	-8.824729520877913	1.191882957442788	1.0563719441748411	-0.524556237343206	1.158182266993758	0.8354363454955429	0.21090796531741315	1.0
757000	-23.376019194973768	-18.156315791920022	-5.219703403053745	-9.172573784683015	-8.983742007237009	1.0230863814766529	0.8547066550743201	-1.358867762408714	-0.22004106639636734	0.9646028618700384	0.3871303789238964	1.0
758000	-20.81748473078904	-17.71137861955023	-3.106106111238809	-9.172388427448633	-8.538990192101597	0.7559956575842887	1.2826405811712283	0.5641335545295847	-0.01258246708086587	1.239954081435512	0.18137165995360166	1.0
759000	-22.980004641052584	-17.73330224173939	-5.246702399313193	-9.073211594070496	-8.660090647668895	1.6129132074554504	1.3740868189861435	-0.03968689111536833	-0.7202766541349668	0.2863217036309831	0.7420615978964465	1.0
760000	-20.2642540929021	-17.218093155310186	-3.046160937591914	-8.67240999714935	-8.545683158160838	0.9575830469315912	1.2154691443406698	-0.027728049709050184	-0.5300550850093653	0.8776165737724314	0.14227283265076998	1.0
761000	-20.93481976131735	-17.799891313914955	-3.1349284474023937	-8.76765167126789	-9.032239642647067	1.4383815297891829	0.7973593274908968	0.10799222350264559	0.4270009749553445	0.4430199320304394	0.08372377730985227	1.0
762000	-19.381760367572515	-17.87070736182353	-1.5110530057489846	-8.648990368756582	-9.221716993066948	0.9566415215407972	0.7579642189311288	0.1951221838511985	0.2376657561629941	1.3732437610812016	0.05214633023167026	1.0
763000	-21.797841717884044	-17.317664686406232	-4.480177031477811	-8.79057279928131	-8.527091887124923	1.0374859799173974	1.0761530395174825	-0.8122117702681839	0.26919797134746865	0.415764115978135	0.43250194402319914	1.0
764000	-21.96586018940357	-17.40081321446707	-4.565046974936502	-8.766710719611492	-8.634102494855577	0.8914008230239426	1.2874209013717988	0.5387842625129026	0.35282627571719594	0.5990702193041497	0.06684448162307668	1.0
765000	-19.662088454452654	-17.480324575171785	-2.1817638792808687	-8.548617535150521	-8.931707040021266	1.1058035110955304	0.8552063167635109	-0.3684855614566083	-0.052637255377983166	1.195609982036132	0.0555559965666008	1.0
766000	-22.828236154727858	-18.377215514619593	-4.451020640108265	-8.553485292461117	-9.823730222158476	1.0388774875710087	1.6460046340233825	-0.014736847102006845	0.8170360390266168	0.584873937285437	0.23641408164700733	1.0
767000	-23.91807977473741	-17.74285350800662	-6.175226266730793	-8.85665060015413	-8.886202907852491	1.2490616304476954	1.197256517664718	0.8802644113189841	-1.2451865103467554	0.6761463769668055	0.4200452269781203	1.0
768000	-22.808085200049547	-18.307812455053952	-4.500272744995593	-8.690739286602794	-9.617073168451158	0.9619400181369532	0.662843565883837	0.771023329546308	0.6364386646138444	2.0773908958478273	0.22143563365111898	1.0
769000	-22.75291122340861	-18.094793075987162	-4.658118147421447	-9.289612874509249	-8.805180201477913	1.611171666313857	1.4618963846235304	0.35762658927762975	0.09485192559499422	0.1282360309248014	0.06940202298929206	1.0
770000	-20.658572951784645	-17.29243969348296	-3.366133258301683	-8.6638428025647	-8.628596890918262	1.045785291962126	0.9933030156161161	-0.5468503531477735	-0.12883363654461144	0.7346134926296972	0.08291348480500688	1.0
771000	-21.85317957682136	-17.912499051365955	-3.9406805254554076	-9.362514736727281	-8.549984314638674	1.7320485530556298	1.1145089167179134	-0.07784938702031557	-0.40138673040933015	1.5465322088239846	0.1185067791007562	1.0
772000	-23.598051648867816	-17.846651768733008	-5.751399880134807	-9.079642803000311	-8.767008965732696	0.9158853800240196	0.8960783226782226	1.6233056638692864	0.6777070783858791	0.7274974875120543	5.295526424947967	1.0
773000	-21.837180297242767	-17.27762809178266	-4.5595522054601085	-8.682811549502432	-8.594816542280228	1.3771655075709972	1.2439332412319515	0.14923005020344193	-0.6987256754910564	0.9968348160181599	0.8077991454586564	1.0
774000	-20.068430801236325	-17.526379005119587	-2.542051796116737	-8.925349662409763	-8.601029342709825	0.8552447798137932	1.3323690328330653	-0.028672490521273297	0.065250266430107	0.18266522779406424	0.042629612268791126	1.0
775000	-21.59919086499517	-18.36297099553221	-3.2362198694629605	-9.25980994019309	-9.103161055339118	0.7775218759867695	0.8088936834098694	-0.16632475906800448	-0.08734035848743166	0.9425088056244001	0.788464221875865	1.0
776000	-21.9743038991912	-17.889718743602096	-4.084585155589103	-8.55906198254631	-9.330656761055785	1.0462947198811283	1.714184359261203	0.41127449203576383	-0.0416490549327308	1.0416556675248014	0.02831892905824335	1.0
777000	-23.612049680446198	-20.765644556891054	-2.8464051235551446	-10.576834345237216	-10.188810211653836	0.5364711368734236	0.5840330829050704	0.593423992950484	0.5203827863279694	1.417313152813195	0.15935995571162803	1.0
778000	-20.726499826830416	-17.96693318346388	-2.7595666433665373	-8.70448490649262	-9.26244827697126	0.9240621287587609	0.7649666926415069	0.5205718138537216	-0.01539641356824649	0.8443276328193785	0.08146095153219254	1.0
779000	-21.480317865252932	-17.364113025045583	-4.11620484020735	-8.58243490183974	-8.781678123205843	1.1222549709533172	0.955257554179933	0.5600861558855447	-0.42720072588820124	0.44214464153440136	0.15732739242380575	1.0
780000	-20.517964126692146	-17.506394016512676	-3.011570110179471	-8.751076181412692	-8.755317835099984	0.9758644118612357	0.90024381663169	-0.4626131281352124	0.2547242557959657	1.3708313218941872	0.2842610994767781	1.0
781000	-18.972495982687406	-17.311071636855587	-1.6614243458318176	-8.701888546146083	-8.609183090709505	0.9336738942978767	1.0214924330812132	0.0873123230099574	-0.24018752214895775	1.0353670459853366	0.07814961215419124	1.0
782000	-22.57708689681362	-19.24541024676411	-3.3316766500495105	-10.639495678053013	-8.605914568711095	2.0707569646642057	0.9906993430942039	0.12423942522063425	0.06427377095746994	0.536175674962877	0.23802798508400852	1.0
783000	-22.29587560892101	-20.687807705825414	-1.6080679030955967	-8.922612436703874	-11.765195269121538	1.5509542418310491	0.45332024956812916	-0.07518281556773632	0.0756131227984228	0.7234098860607848	0.09169595475681136	1.0
784000	-22.036608623426787	-18.675416989767832	-3.3611916336589527	-10.070373285413437	-8.605043704354397	0.6553295982705861	1.1683749528110816	-0.4265811460310124	0.5661292374596941	0.8070585571235215	0.27549093057152724	1.0
785000	-21.813306536175645	-18.80311455471859	-3.0101919814570546	-8.54125573627888	-10.261858818439713	1.2800173640890853	0.6256499532560339	-0.43701768707089544	-0.38001533748760097	1.0871248346460947	0.12304688094391104	1.0
786000	-22.16175178578706	-17.923739832455517	-4.238011953331543	-8.862755040974152	-9.060984791481363	0.9307126954821922	0.7840022611563764	-0.48818801954297636	0.8864503568888046	1.0549752387799285	0.2417723687678997	1.0
787000	-24.301882452585186	-18.519764895341318	-5.782117557243868	-8.655256999525763	-9.864507895815557	1.0028394382376875	0.6972714852002972	0.7535493630954003	-0.5493021776329575	0.6519033287353533	0.10198745632079177	1.0
788000	-20.358295920204856	-18.20487425521554	-2.153421664989316	-9.484812735465535	-8.720061519750004	1.786254979936299	0.9179340066967742	-0.1442354437904494	0.21728135224385847	0.558515442559607	0.042142666836743115	1.0
789000	-22.899568478417418	-21.419708872241426	-1.4798596061759912	-9.54451360503431	-11.875195267207117	0.7290725544429525	0.46234336668982595	-0.2835670663850169	-0.2958997888337419	2.123838917910186	0.05591552275529272	1.0
790000	-21.41932318355738	-17.12159100310976	-4.297732180447623	-8.56519359272016	-8.5563974103896	1.1225060720934519	1.2297189515474791	0.5016396637613036	0.28187329701518615	0.26932347687915176	0.1578267737521554	1.0
791000	-19.553546709273498	-18.067846429076184	-1.4857002801973143	-8.513121088946834	-9.554725340129348	1.257686885248214	1.7614051724543156	-0.12897419774178692	0.1131614186570648	0.5694623576509307	0.018198603406635525	1.0
792000	-27.505379340112782	-19.105301616214003	-8.400077723898779	-10.3110493223158	-8.794252293898204	1.6504727709167817	1.500851640661184	1.1756703769477148	-0.6734504150460314	1.436503330467075	0.21319591223162757	1.0
793000	-20.99917556585079	-17.27186986920062	-3.7273056966501716	-8.685733965457088	-8.586135903743534	1.0500077369434382	1.25185694531418	-0.6202912118898367	0.32151161547990037	0.9917444910087776	0.2381229800544746	1.0
794000	-19.35479452434219	-17.69017199556111	-1.6646225287810816	-9.140116835054858	-8.550055160506252	0.7888996142494485	1.3011203973020828	0.051660866985037156	-0.047297477096867796	1.4153463721058133	0.08496828666090195	1.0
795000	-21.62295409246108	-18.996055398707924	-2.6268986937531533	-9.10218884069572	-9.893866558012203	0.7727632648348388	0.6473006906237496	0.6213456389316764	0.05240508986113773	1.2410614195441123	0.1291350072605917	1.0
796000	-20.595281538267965	-17.786500308741683	-2.8087812295262813	-9.063762800283154	-8.722737508458529	1.5846916099666966	1.4284468535115535	0.0918989661970373	0.018171136625076634	1.671409855775759	0.043315299514082084	1.0
797000	-19.710154775643	-17.508229928246628	-2.201924847396375	-8.724637963735564	-8.783591964511066	1.3868668096193733	1.4594897018502744	0.22536978978521036	0.044823615662547334	0.6845786855876105	0.06334259549130958	1.0
798000	-19.73772135306032	-18.273497490777537	-1.464223862282783	-9.730519720146301	-8.542977770631236	0.6695516232590607	1.082493519243608	0.09891772955356604	-0.247943145576145	0.9365030861601173	0.07065607450061519	1.0
799000	-25.101293990261063	-17.700438930904014	-7.400855059357051	-8.943380525772916	-8.757058405131097	1.4401104150975519	1.2722153148822009	-1.2275913103455394	-1.0616290436046523	2.0967323617295848	0.9024929390531251	1.0
800000	-22.541771081072593	-18.633857464150992	-3.9079136169215993	-10.03995923146085	-8.59389823269014	0.6505120711770581	1.1107867557651607	-0.3080546252434618	0.604780956237616	1.6493547333421874	0.08917121637583844	1.0
801000	-22.362673396131804	-18.55260513466275	-3.8100682614690555	-9.623853036253584	-8.928752098409165	1.7001209896551646	0.8969605573792669	0.4466434082842061	-0.4254372573221257	0.8635477073307135	0.3048127998019476	1.0
802000	-20.223009253277052	-17.471526619481153	-2.751482633795898	-8.927743033154059	-8.543783586327095	0.8884390376235203	1.288689822396301	-0.35818831719844346	-0.013392946508941683	1.6327905151373123	0.09988393862926248	1.0
803000	-24.3133145412664	-18.807414680200978	-5.505899861065425	-9.071326596777627	-9.736088083423349	1.376875953895148	1.7016608148730772	0.8380153180768655	0.5607401060405756	0.739060999697485	0.22144059175921835	1.0
804000	-20.703137781032478	-17.355071202693317	-3.3480665783391617	-8.543923316626582	-8.811147886066735	1.0984020664554384	0.9281423548199811	-0.32049069285511955	-0.3300128290409836	1.1854053197411	0.4567738417744403	1.0
805000	-19.554207445789224	-17.81867571144479	-1.7355317343444339	-8.6842112210172	-9.134464490427588	0.9548397713485534	0.7920921223485199	-0.06524500897780389	0.026486470044803145	0.3835565390785059	0.06542688759317256	1.0
806000	-21.4632221257325	-17.685545948900014	-3.777676176832487	-8.969439026212642	-8.716106922687374	1.6033209327017761	0.9542471175392179	-0.345994838548586	-0.20527731552829068	0.3406570912140352	0.24170989047156594	1.0
807000	-28.687047093652744	-20.052704554037454	-8.634342539615291	-8.585418885068993	-11.46728566896846	1.2775370978694836	1.8613745375474702	0.23618363083848826	1.3098184761117868	0.6404900911089952	0.1535328546769366	1.0
808000	-22.745372583253037	-17.701057433808856	-5.0443151494441825	-8.674197575275448	-9.026859858533408	1.4179041196545588	1.625617710492472	-0.12897956571950886	-0.2910662005910525	0.32293683805916573	0.9115399074978537	1.0
809000	-21.93400396066918	-18.077586960869432	-3.85641699979975	-9.210529684029794	-8.86705727683964	0.7949883026403788	0.850498959946274	-0.23326545611761199	0.722912744212862	0.4806322145109724	0.26050789015946124	1.0
810000	-20.219222442270883	-17.131135853600497	-3.0880865886703868	-8.580115620613562	-8.551020232986938	1.3503124071105153	1.091083405208235	-0.303080302162038	-0.3266381191822815	0.5440454981823931	0.1182154457031328	1.0
811000	-18.939502775966922	-17.43504450577479	-1.5044582701921312	-8.646078150037022	-8.78896635573777	0.961829631655527	1.443474728276383	0.11820562429563837	0.141575988155471	1.1509403334204489	0.0381351337931994	1.0
812000	-21.777758473842866	-17.29773747492505	-4.480020998917814	-8.731119537016987	-8.566617937908065	1.4731567737975204	1.1323526945647158	-0.4264043870354792	0.49849678546806475	1.365378175044269	0.11508344026815324	1.0
813000	-21.266119787817026	-17.180152972391838	-4.085966815425186	-8.64436006834727	-8.535792904044568	1.057624235538838	1.2900211968000501	-0.5357605135313289	-0.0994891740491988	0.36808227111520725	0.07532755759083556	1.0
814000	-20.74526641263575	-18.29608585087834	-2.449180561757408	-9.78602070040808	-8.510065150470261	1.8727099805902916	1.1109942527024217	-0.07069475803722751	0.20993853468591345	0.765299491011175	0.08138315578370334	1.0
815000	-19.86990890415605	-17.486309746864524	-2.383599157291525	-8.528712695978534	-8.95759705088599	1.0613723895117884	1.527775399174083	0.16420556579393425	0.14224276953214565	1.0327747879754154	0.10036912092588882	1.0
816000	-19.119111421531347	-17.33287687780505	-1.7862345437262972	-8.83701246757042	-8.495864410234631	1.5058478368326662	1.163969729549365	-0.06028554800365754	0.08718485913809594	1.2245615155045948	0.048200667793829303	1.0
817000	-22.627789291504442	-17.650179340906657	-4.977609950597785	-8.569798612964517	-9.08038072794214	1.0206524127625187	1.2929022710560885	0.030575734602599325	1.0668964922742776	1.2185434755432618	0.2931774758900971	1.0
818000	-23.039486533492518	-17.82889608991896	-5.210590443573557	-8.565506737539415	-9.263389352379544	1.242943334430846	1.4567224237488827	-0.6021770868656113	0.8332821311211152	0.7771907869001407	0.24090297313410247	1.0
819000	-23.25123559009205	-17.735734626605367	-5.515500963486682	-8.782365790086299	-8.953368836519068	1.4974900977779655	1.354560658456851	-0.2433260857018763	0.7461549319410807	1.2771993174872784	1.3431734526109074	1.0
820000	-22.0180641228171	-18.959419645274814	-3.0586444775422867	-8.7869221846797	-10.172497460595114	0.8876117456154674	0.5846555827701478	0.23589579551497675	0.555523303533604	2.609438866630875	0.17773648763276914	1.0
821000	-21.3944279819273	-18.75706897126324	-2.6373590106640616	-8.989290420930612	-9.767778550332629	0.8783823412005961	0.6999695200779703	-0.43721151433095007	-0.4024795034284928	1.2861199993990784	0.15746004778638534	1.0
822000	-19.974878296295316	-18.300311014816536	-1.6745672814787804	-9.315821547367419	-8.984489467449116	1.700495495005574	0.8492045859901689	0.0037313688427888445	-0.1669511259702834	0.9295386514244749	0.05263357841211473	1.0
823000	-20.80376924583459	-17.23218583726875	-3.571583408565839	-8.552694781993742	-8.679491055275012	1.2589092228037355	0.9703295949154733	-0.5389119437000467	-0.18388313456429345	0.5341161230478996	0.2684031597005644	1.0
824000	-24.077285657336276	-17.58417109850204	-6.493114558834234	-8.695083824436823	-8.889087274065215	1.0566360007224944	1.0351893463791166	0.8993943894522136	-0.9846802545535106	0.5742057913468896	0.23427001250006307	1.0
825000	-22.26945477894425	-17.272608887468728	-4.996845891475523	-8.732057227910015	-8.540551659558714	1.4485911297795302	1.188992604244001	-0.708212148390736	-0.4972339917699803	0.5016025686762678	0.16648016931072626	1.0
826000	-23.533074262635548	-18.17727613959636	-5.35579812303919	-8.952428060870819	-9.224848078725538	0.8224806872526987	1.4764387380446713	0.3906539011873912	0.7314343635418714	1.99623314146547	0.16069000736086864	1.0
827000	-21.727682587336847	-18.662790094317504	-3.064892493019342	-8.610332407020849	-10.052457687296656	1.337187675812649	0.6064978846633301	0.0810776085576772	0.40802578180805693	0.9442502387457115	0.3883486688055193	1.0
828000	-21.762831045163114	-19.3413406885263	-2.421490356636814	-9.5573777861959	-9.783962902330401	0.6799090799862976	0.6608578594047747	0.46184746098122087	0.10339633689345412	1.701591055903966	0.40089065039553734	1.0
829000	-19.73983580342144	-17.11109554342149	-2.6287402599999483	-8.498887926386438	-8.612207617035054	1.21374556082563	1.3809111465918158	-0.020558604845194395	-0.2786502574494108	0.3427668964245322	0.03598239533708948	1.0
830000	-22.649956514156052	-18.33325055698165	-4.316705957174404	-8.818353275001392	-9.514897281980257	1.4751253487182316	0.7512544089037178	0.0628733707102423	-0.4616493475356729	1.5926600044474246	0.7559302975520765	1.0
831000	-21.203773064086427	-20.28839997880252	-0.9153730852839085	-10.498991405916048	-9.789408572886472	0.5677670274872282	0.6621945435388747	0.0905374893521674	0.06700337111513471	0.5350202362195253	0.05218187734136905	1.0
832000	-23.01325973777841	-20.85046340998956	-2.162796327788851	-10.943133489918363	-9.907329920071195	2.217242626605704	0.6458394141177181	-0.187411744642612	0.04393000377785716	0.7547075082715222	0.06960806616642165	1.0
833000	-20.998146206551294	-18.76739555188199	-2.2307506546693032	-8.981796483254712	-9.78559906862728	0.8246079989613916	1.886223778605751	0.15920518909861547	-0.14813677824645385	0.8506267630819463	0.07927113201237165	1.0
834000	-20.54464119488174	-18.26685235473724	-2.2777888401445043	-9.11489751250399	-9.15195484223325	0.8202918329603598	1.626368265960616	-0.24666777154751895	0.06391307651018013	1.44068381848357	0.022673634270789528	1.0
835000	-18.142580734539944	-17.86201118601459	-0.2805695485253523	-9.327991418249765	-8.534019767764827	0.7458501040515204	1.0622814574433124	0.055022570807722444	-0.04593265188064627	1.7089408874012342	0.025296439053943	1.0
836000	-21.759549911408115	-17.262193058859694	-4.49735685254842	-8.676492994269053	-8.58570006459064	1.3740637110835028	1.3561108369623285	-0.7755644471444749	-0.29231327813061414	0.9949029426419425	0.32449837433161854	1.0
837000	-21.99181096485093	-19.76460147803626	-2.2272094868146732	-8.57306389652302	-11.191537581513238	1.035668624185886	0.5078696133129249	0.4635133525746748	-0.08708421291824464	0.954427919979517	0.09201435433960214	1.0
838000	-19.967082219392637	-17.863909378355295	-2.1031728410373427	-9.3660453316554	-8.497864046699895	0.7449895294950597	1.1616401147897912	-0.045231532912361316	0.11244490715524898	0.987602911498911	0.1859755387796626	1.0
839000	-20.22329249389573	-17.994786618304893	-2.228505875590836	-8.533251639673061	-9.46153497863183	1.0632936983182555	1.7830904062695003	-0.04703961827933746	-0.1767796767254748	0.7756673365534176	0.07912334086426763	1.0
840000	-22.444851699085064	-17.89141798557147	-4.553433713513597	-8.993114569865096	-8.898303415706373	0.8062651137124455	0.9044237081227057	0.5168977562134232	-0.40133466015146646	0.27846707316417607	0.4542485547553181	1.0
841000	-20.99151274691427	-17.246572144881277	-3.7449406020329943	-8.694323999893536	-8.55224814498774	1.294351515190605	1.2851607858148042	0.4772702239802166	0.06080588083406424	0.8919734693875331	0.4025403179670449	1.0
842000	-22.621682973596716	-17.299398200186857	-5.322284773409859	-8.655535638449692	-8.643862561737164	1.3094642869941873	1.0914914307385537	-0.8258040340498427	-0.6406549059399194	1.0070053403346624	0.20488045692116097	1.0
843000	-21.353985597652624	-17.354132225128915	-3.9998533725237113	-8.53429072670778	-8.819841498421134	1.1247634557323847	1.3214434738406209	-0.3597398373604271	0.6366838131941769	0.7022913846857884	0.1946131326997359	1.0
844000	-21.680824761466972	-18.337630238041818	-3.343194523425153	-8.49489847602574	-9.842731762016076	1.1559497409264867	0.6313957632029334	-0.16109615536311997	0.5155341967404472	0.9995839501015539	0.056154902016916794	1.0
845000	-21.95128287808496	-17.624074895553882	-4.32720798253108	-8.564142443769022	-9.059932451784862	1.3309657868139468	0.7850037215627625	-0.3410301489532781	0.9208451662590725	0.7670945193890868	0.34275210919538973	1.0
846000	-19.565931833015064	-17.050495914484422	-2.51543591853064	-8.526747688640848	-8.523748225843574	1.2832768706205575	1.1540390188547804	-0.19986991462844236	0.2995392171457436	0.7614972354763035	0.05557610734421176	1.0
847000	-21.097294040305837	-17.38547554994421	-3.711818490361627	-8.551459348068414	-8.834016201875796	1.0564286426026162	1.3803417157684388	0.39477352932428106	0.48118726015344376	0.6210276836402233	0.14369800395079774	1.0
848000	-19.830220961543148	-18.769440295176604	-1.0607806663665436	-9.490516721200184	-9.27892357397642	0.7049628641003423	0.7615805121991949	0.19893444812470473	-0.018959843518045888	0.7637670213946538	0.06406568612157355	1.0
849000	-23.046532851972447	-18.84290464436205	-4.203628207610397	-9.115955178915547	-9.726949465446506	0.8523538903772887	0.6476470637320212	-0.5279398313115997	0.5550566898235672	0.37419181818748515	0.20896751610086164	1.0
850000	-19.679001030468818	-17.22810965016925	-2.4508913802995664	-8.7280542182556	-8.500055431913653	0.9220104201066583	1.119328813508901	0.07581354210590141	-0.06706418405884512	0.6321485382771217	0.19778450105325399	1.0
851000	-18.527292798949304	-19.67869425171757	1.151401452768266	-9.779827951617122	-9.898866300100448	0.6709137531326267	0.6491773617509848	-0.04656240159807898	0.00972081003034192	1.010098371670597	0.012348545209644329	1.0
852000	-20.348064896258293	-17.214260946875058	-3.1338039493832346	-8.561780192364873	-8.652480754510187	1.329413250143608	1.4025165899074914	-0.22117766484070597	-0.13032897839162969	0.521519302419827	0.2033336713302785	1.0
853000	-21.389305304660972	-19.336428166451213	-2.05287713820976	-10.070278094591572	-9.26615007185964	0.6455584075777262	1.6751486196574696	-0.29900984256335134	0.04004019822245153	0.7943136832010492	0.0435206271240987	1.0
854000	-22.546540470036287	-17.505863386211757	-5.040677083824529	-8.768339764562997	-8.737523621648759	0.9126109317810878	0.9075685481009043	-0.03034158757925809	0.5814698516651955	0.5868172863824874	0.039397495970357826	1.0
855000	-22.820606453452854	-18.145854092793844	-4.674752360659008	-9.13247883968912	-9.013375253104723	0.8396895269130907	0.8481563174091493	-0.46481321767463724	-0.2426160224074145	0.7142772571026367	0.0310181497146494	1.0
856000	-19.454326371021768	-18.026587822534275	-1.427738548487492	-8.76726836979483	-9.259319452739442	0.9402944963657662	0.7699035842074069	-0.281488429594194	-0.07153512267528161	1.2475157420191298	0.030048574019473778	1.0
857000	-20.60513477949616	-19.532360552757822	-1.0727742267383384	-10.235315199505065	-9.297045353252757	0.6005084711149092	0.7523688641945412	0.06195349762059464	0.055996279749630645	0.41035071629296827	0.04133252547915441	1.0
858000	-19.999938930242905	-17.381433153658218	-2.618505776584689	-8.70766538775821	-8.673767765900008	1.420003034200531	0.9540728237890806	0.012153775683760581	0.005023921454062719	1.044341580993673	0.19941287769466307	1.0
859000	-20.568426922532403	-17.779163811993946	-2.789263110538455	-9.002853747179643	-8.776310064814304	1.5110789283626314	1.4752129892188284	0.3024411508801846	-0.07755487296227545	0.6106475498765191	0.09151031998692694	1.0
860000	-20.820333254089654	-18.291795343486605	-2.528537910603049	-8.648431633167618	-9.643363710318985	1.3892894485095555	0.6738562873196645	-0.0498928106800534	0.2768258643121393	0.8799931253385108	0.2078574465216686	1.0
861000	-20.364669409293736	-17.207471312671093	-3.1571980966226447	-8.70331529465178	-8.504156018019312	0.9868985883229059	1.1469707133502145	-0.38401401499833676	0.18119891482573128	1.075130600058674	0.3325022887210893	1.0
862000	-18.80639979987327	-17.165303108056964	-1.6410966918163035	-8.668880545551946	-8.496422562505018	1.4182632725457114	1.2063400117570848	-0.16770001231344628	-0.022698771887534892	0.6835437167815469	0.04708126595767259	1.0
863000	-22.60165362708783	-19.11435842271053	-3.4872952043773005	-8.562148487994065	-10.552209934716466	1.106045526282596	0.600864915069506	-0.4257133047709617	-0.5319217602323931	1.0074754415848306	0.10604762032061293	1.0
864000	-22.516242422777534	-19.16192718490701	-3.354315237870522	-9.98875219331208	-9.17317499159493	0.6053917764841835	0.7915952438491584	0.6464106394297418	-0.09120165738337721	0.5111895820709369	0.2390390633966608	1.0
865000	-21.335767541362443	-18.86745301294902	-2.4683145284134214	-9.197923371134484	-9.669529641814538	0.7974065017671724	1.82470135986931	-0.22661630794747517	-0.012335444383302294	0.8877015283065496	0.11550878745277575	1.0
866000	-21.316318028437372	-17.135538525001152	-4.180779503436221	-8.535971928072378	-8.599566596928772	1.07823783575287	1.2197201795831019	-0.18161100740412472	-0.7112183171340176	0.7946832709749961	0.1270698939366871	1.0
867000	-20.630972896112112	-17.45638078800844	-3.1745921081036723	-8.940967600911158	-8.515413187097282	0.8237273341460117	1.1338544021312817	0.4733365679889088	-0.28097228178794253	1.1106242290128172	0.3434706320930064	1.0
868000	-22.0263246879638	-17.522443104456052	-4.503881583507747	-8.746500906305464	-8.775942198150588	1.412026178450719	1.0383657560415205	0.17417979515171692	-0.7855126473189702	1.4292609707149047	0.3620866313809676	1.0
869000	-22.785374314515536	-17.430985128492086	-5.35438918602345	-8.578112773293102	-8.852872355198985	1.0113304129241973	0.8962473792286199	0.06851478653675902	-0.2003364835067296	2.248576056817579	2.3119179954353326	1.0
870000	-21.802441467899932	-17.79837788467654	-4.00406358322339	-8.8426356311378	-8.955742253538743	1.488533609354743	0.8177964368714964	0.05931044599682578	0.7953677858426194	0.7345056963754382	0.3076333399939128	1.0
871000	-22.295946302678626	-18.12658659285552	-4.169359709823104	-9.476714008790882	-8.649872584064639	0.7216112387704093	1.0826744349997268	-0.023673549592474186	0.7778447598944407	0.5487287724693388	0.1471992811315053	1.0
872000	-21.914966230718218	-18.150909128990982	-3.7640571017272353	-9.554231147128164	-8.596677981862818	0.714248694391715	1.2369695858254486	-0.12057996161118949	-0.7050671028941726	0.6064974079875013	0.4211210412860061	1.0
873000	-19.695004366730934	-17.39492161633727	-2.3000827503936625	-8.516739280401396	-8.878182335935875	1.2640222747451253	0.8979450572255275	-0.12683660820235704	-0.2950563698689726	0.7804214683542585	0.113642169166019	1.0
874000	-23.272071918609406	-18.201570998359998	-5.0705009202494065	-9.280035596896752	-8.921535401463247	0.7327965023418122	1.0258608576013386	0.5055952033332316	1.3424333841245106	1.2683092543927847	0.453684369934993	1.0
875000	-19.099939989446863	-17.37228869472122	-1.727651294725644	-8.850628856128921	-8.521659838592297	0.8804382918373345	1.2301995474306215	-0.02689982732234636	0.11635539114659901	1.292342846812054	0.09036538777089113	1.0
876000	-20.133069113466675	-17.938872873051576	-2.194196240415099	-8.521123503118908	-9.417749369932668	1.274058675083744	0.7489178703196291	-0.20835489497562865	-0.22741406357490038	1.6256981872734966	0.07407699467747371	1.0
877000	-19.439632305584638	-17.503446273515287	-1.9361860320693491	-8.958262745824213	-8.545183527691075	1.5439577210077515	1.2501002569500492	0.06325553730649791	0.17099901690644692	0.4919287840305573	0.04765350705746984	1.0
878000	-19.743729277084103	-17.286073687347454	-2.4576555897366497	-8.791634367733042	-8.494439319614411	0.8832620717484081	1.135558357291591	0.29635042406520473	0.039099817543183396	0.5638389485640315	0.13642864539798166	1.0
879000	-20.279767597921595	-17.57146863384618	-2.708298964075415	-8.98943932350261	-8.582029310343568	1.5670789631341069	1.3238937581508399	0.014604200453748023	0.017974830315637458	0.5756473225266966	0.14955781998776513	1.0
880000	-22.407638363888093	-20.208617046327532	-2.1990213175605624	-8.686962479466315	-11.521654566861216	0.943536746437307	0.4532577355341149	0.05268491413463907	0.5379264648250115	1.415868096359792	0.13598656369041545	1.0
881000	-23.145719823317247	-17.50214176339572	-5.643578059921527	-8.670719406133076	-8.831422357262642	1.0015995541481182	1.5178745130760005	0.8049174912618947	-0.17319206567269846	1.8312854993955898	0.14550773115884755	1.0
882000	-20.271118039788753	-17.274623496522103	-2.996494543266648	-8.583482318572713	-8.69114117794939	1.0130533818200693	1.3654092156243183	-0.014853382973302381	0.22440282435428727	1.148568145835309	0.24694692347233602	1.0
883000	-22.33194525597586	-17.628776984272253	-4.703168271703605	-8.938531734800856	-8.690245249471397	1.0811910204611839	0.9413390869831593	-1.1712509050090345	0.060061791293657685	0.6200333033292614	0.5441866486353941	1.0
884000	-20.87475365673894	-18.84562254643271	-2.029131110306228	-9.6106409524667	-9.234981593966012	0.6964276968468482	0.8106404503820476	-0.010160920001374252	-0.44299066930038	1.0818131170928376	0.13168561111295518	1.0
885000	-30.102381453774477	-21.51853069003443	-8.583850763740047	-10.851801355751153	-10.666729334283277	1.5247816572307404	0.5193377901425611	-2.676615094428965	2.8615380809069255	0.9615759087904387	1.887593012733337	1.0
886000	-19.2847153828817	-17.346812917857243	-1.9379024650244578	-8.528156459890287	-8.818656457966956	1.2854307785374666	0.8824638515596417	-0.19827693030972882	0.10372294337087715	0.7018009729248389	0.09001879790047525	1.0
887000	-20.712856082546683	-17.53151962083883	-3.1813364617078532	-8.883571090634135	-8.647948530204696	1.553079603016691	1.3677761804903548	-0.24973170689393046	0.07542315154514928	1.4365606177869699	0.07617495256878883	1.0
888000	-24.548683191470385	-20.587586243209895	-3.96109694826049	-9.263526212458817	-11.324060030751077	1.6592622781739932	2.288303408800404	0.11375337922484036	-0.07712692055397574	0.25908335438235025	0.19206701848076027	1.0
889000	-19.472379824169924	-17.524854810667833	-1.9475250135020907	-8.537662139915772	-8.987192670752059	1.2453377754758637	0.8437509117225696	0.15139734631537127	-0.1170953028967221	0.8980280172816436	0.11804583564827627	1.0
890000	-24.303240721400126	-19.43112453302907	-4.872116188371056	-10.906117736464374	-8.525006796564695	2.224875365449093	1.1811123883076	-0.28196958479406053	0.26456275956229236	0.21094215405492459	0.36798937494646694	1.0
891000	-21.83376515938601	-18.137144974464793	-3.696620184921218	-9.591987016788547	-8.545157957676246	0.7412546577559298	1.2421101802263157	-0.51043021683136	0.19817039451146728	0.5585027565971994	0.48539341785216916	1.0
892000	-29.360734350059293	-18.842036704461837	-10.518697645597456	-10.293416222995026	-8.548620481466811	2.0682124346104658	1.0860485579007955	-1.2566700594846207	-0.29429557094524544	1.2580509414548382	0.11333510171478485	1.0
893000	-19.35622104244927	-17.65501593663123	-1.7012051058180404	-9.145661745430434	-8.509354191200796	1.6559001154728765	1.0920291734049523	-0.1215483656289945	0.05208336892754678	1.2117283994084451	0.035954628665009467	1.0
894000	-18.067206182599538	-17.174594168858366	-0.8926120137411724	-8.681820281591907	-8.492773887266459	0.9537902787593203	1.1736508685601452	-0.040793994893499386	0.028553493519387508	0.7174129870527622	0.04221006533325104	1.0
895000	-20.06055170570218	-17.286779322555784	-2.773772383146396	-8.536423301988325	-8.750356020567459	1.289906075030548	1.3846526052467678	-0.09059647731375392	0.29712583534710213	0.7825707412102176	0.022450862043811467	1.0
896000	-20.509735036467895	-17.265072411445246	-3.244662625022648	-8.619839906424172	-8.645232505021074	1.3028333300982209	0.958289251276858	0.25938145146906255	0.41412435960005556	0.49148417920890874	0.11704483921386152	1.0
897000	-21.98093611514654	-17.462870550511088	-4.518065564635452	-8.796584606919414	-8.666285943591674	1.429407386584578	1.4137565538370525	0.22355409167082035	-0.14176411488358398	0.7295899004328757	0.9399040287926131	1.0
898000	-22.996859776838537	-19.65877621212006	-3.3380835647184774	-8.705670030316286	-10.953106181803776	0.9352924329232255	0.5145445546838316	0.6885562202394637	0.22578626393819562	1.2676853338768395	0.11354848931109512	1.0
899000	-19.83208544124583	-17.417060047591846	-2.415025393653984	-8.672244751641465	-8.74481529595038	0.940974004232196	0.9142477416019462	0.43338580589352743	0.0790494342175443	1.0191318484693384	0.07048503393088155	1.0
900000	-23.5780430264807	-19.01376239952988	-4.5642806269508185	-10.39994152873319	-8.61382087079669	1.9540220336998826	1.2805994863232497	0.3312152788796666	0.3173745952153595	1.3702343121942024	0.2031795239119111	1.0
901000	-22.97504352574746	-19.235510431732344	-3.7395330940151146	-8.732612757344006	-10.50289767438834	1.279538353997262	0.6097315910841989	0.5970167567586321	-0.5709141440403466	0.8293516466578227	0.4516340470616335	1.0
902000	-21.780852435120593	-17.38684918072032	-4.394003254400275	-8.76484119497809	-8.622007985742231	1.1638462068135706	0.9815936721803832	0.9111703221987726	0.4900831344924461	1.1295854528992737	0.5653356283393978	1.0
903000	-19.149361531612627	-17.741308547011478	-1.4080529846011491	-9.094716626839372	-8.646591920172105	0.823508829938264	0.9619506457015337	-0.22477307765270443	0.11051124148996805	0.8626047719619541	0.06314443815767956	1.0
904000	-20.314262639622505	-17.7732168768002	-2.541045762822309	-8.512561507086629	-9.260655369713572	1.1407547384680072	0.7562299426169949	-0.28139622630197214	0.11851291189358824	1.7747143411990538	0.16572282495147272	1.0
905000	-23.525899308711427	-19.811845499177032	-3.714053809534395	-10.463992048241359	-9.347853450935672	1.9786713607735016	1.7558358976681967	0.30267399158519165	-0.2825673049387842	0.7035753505456545	0.08042138813465172	1.0
906000	-21.620111277954535	-18.37779000092619	-3.2423212770283474	-9.813201309261052	-8.56458869166514	1.8636923870575792	1.094231681404738	0.0186578096479998	-0.3972459237453064	0.47831219011254056	0.1111836800323153	1.0
907000	-20.87152670069031	-18.5043896657017	-2.367137034988607	-8.715925714114896	-9.788463951586808	1.403109383794181	1.8273597098976422	0.12885696783702527	0.15021873575221512	0.8772699424729826	0.05311122641117878	1.0
908000	-20.992182018012883	-17.310467523972935	-3.681714494039946	-8.759643513110003	-8.550824010862932	1.3022736508119241	1.059091008258299	0.5852321440289765	-0.16477920552594172	0.8882031922763763	0.10459943574567046	1.0
909000	-19.34679996347097	-17.547778832236283	-1.7990211312346878	-9.034550772148943	-8.51322806008734	0.8360170327211026	1.1633831274201052	-0.18227193792106974	0.2295735955499285	1.323596605981345	0.05362638365399929	1.0
910000	-20.76602859751739	-17.07233357056051	-3.69369502695688	-8.499194682643472	-8.573138887917038	1.1788523805789324	1.3130262925579081	-0.2480504979407609	-0.5274688267807428	1.1116555455073318	0.25325115273456633	1.0
911000	-20.984060764648707	-17.691645135734824	-3.2924156289138833	-9.0543852820181	-8.637259853716722	1.636522420497907	0.979675502918768	-0.2764078412594169	-0.05074671354354879	0.6057016051931718	0.2797079982142327	1.0
912000	-21.047792805826017	-18.251932748953394	-2.7958600568726233	-9.248749805109606	-9.00318294384379	1.6541026807269992	0.843887108689912	0.11193330815121516	-0.1695993395861163	0.7189949398896295	0.20186869264381196	1.0
913000	-21.953795598130533	-18.077004079645295	-3.876791518485237	-8.529793324959202	-9.547210754686093	1.2514096403594601	1.7913710508430085	-0.4296685264387044	-0.04888944110732499	0.3263742035943194	0.054475778140664496	1.0
914000	-19.184657026996312	-17.21056546147766	-1.9740915655186513	-8.562878635257077	-8.647686826220584	1.2880709544056927	1.3508906208348608	0.1026018040023978	0.1552713033689977	0.32452379477010906	0.02696392515541633	1.0
915000	-20.237681976805863	-17.207053829895344	-3.030628146910519	-8.612629230519389	-8.594424599375953	1.3620964211621807	1.3643042000178462	-0.05470304995953412	-0.3446216198862051	1.2449303869808468	0.0804927224903311	1.0
916000	-22.116669201397507	-17.307508625939292	-4.809160575458213	-8.518650345893189	-8.788858280046101	1.2278586097802997	1.4976372130088291	-0.39003173382117345	-0.6692105979259415	0.6074236264410579	1.0269364536726808	1.0
917000	-20.420740377337935	-17.394869193122297	-3.0258711842156387	-8.661960657292047	-8.73290853583025	0.9736563546376996	0.9081380602790875	-0.13071905572120074	0.51959518928541	0.6194775423568425	0.1292445875775563	1.0
918000	-23.12864773510326	-17.785161675033088	-5.343486060070173	-8.525688464840988	-9.259473210192102	1.0713812681492783	0.730177275166037	0.22523572191658228	1.0692710786611739	0.29306257486459586	0.45767526056051516	1.0
919000	-21.369758447269117	-19.156789091085656	-2.2129693561834616	-10.415698346611254	-8.741090744474402	0.6002932993100031	0.9034290395527591	-0.29312817410604486	0.38284445422774804	1.7884599638621113	0.11997460980054718	1.0
920000	-19.46592771206179	-17.026487429755583	-2.4394402823062094	-8.513294291040047	-8.513193138715538	1.2399695656738656	1.0871009770609392	-0.32858533323514516	0.13817770435533477	1.0534047171944065	0.05514718446626059	1.0
921000	-21.982234244098372	-17.258361250982798	-4.723872993115576	-8.64847065296156	-8.609890598021238	1.240443746336616	1.2774901473764122	-0.8407289102576809	0.3157315469704679	0.8541229148179902	1.0282084962210736	1.0
922000	-22.344081753178536	-17.806996595243504	-4.53708515793503	-8.56794906676301	-9.239047528480494	1.180490442357716	1.5639979446324632	0.43505526739709954	0.46260214857909576	1.3290407382817868	0.11069382490679613	1.0
923000	-19.519561387709558	-18.24067375201343	-1.2788876356961283	-9.159139570572009	-9.081534181441418	0.7857514895550829	0.7938844854778043	0.02996812059491115	0.20941496071244542	1.091072740710532	0.09627009714466926	1.0
924000	-23.308409345062202	-18.135309636018597	-5.173099709043604	-8.902830083947	-9.232479552071595	1.4985530007657324	1.4927922510191234	0.15868131870181615	0.6901890539905184	0.7024185513891519	1.420584522623159	1.0
925000	-19.318500022864733	-17.115707604925248	-2.2027924179394853	-8.523718458895564	-8.591989146029684	1.1172800357249748	1.0303956165994552	-0.27966062888402254	-0.21472465465587265	0.9395375925418361	0.06401345930013085	1.0
926000	-23.59064625878734	-18.17483382036113	-5.415812438426211	-9.260290538434031	-8.914543281927099	0.8440229985165382	1.4270835651758924	-0.7474672029058389	-1.2000496757707677	0.5351351496235438	1.6734911435744253	1.0
927000	-23.288074969567777	-19.051815145618804	-4.2362598239489735	-10.503992723178442	-8.54782242244036	1.993187906129501	1.1395682936288505	0.2876267773271742	0.42207581686115225	1.1433406893659221	0.22307579106444012	1.0
928000	-21.54148756469792	-17.312956325022384	-4.228531239675536	-8.707416238378292	-8.605540086644094	0.9944466893128954	1.374075640188206	-0.4386727955591587	-0.25181662661107446	1.245661096789986	0.7470471487836865	1.0
929000	-23.759267515808038	-18.34500203864147	-5.414265477166566	-9.175600698895357	-9.169401339746114	0.7699477716384528	0.9820106363967245	1.3783225899203617	-1.2434934962098851	1.3434962079754038	0.8960136829768172	1.0
930000	-21.73650965299856	-17.268708142736088	-4.467801510262472	-8.535175630437196	-8.73353251229889	1.2958385808979473	1.4681222217099605	-0.20504829299442484	-0.5743366653706955	1.2935866635138527	0.09859077876533119	1.0
931000	-21.128667310887966	-17.885401222136807	-3.243266088751159	-9.29040995155124	-8.594991270585565	1.6208499239532053	0.9978481210286692	0.32123600862291923	0.07543133769313021	0.4783215224511847	0.20417580581003292	1.0
932000	-24.09908802044006	-20.89137105764005	-3.2077169628000104	-10.58756680797843	-10.30380424966162	0.5906807548625794	0.6456146185310168	-0.44807701213524403	-0.696445149924237	0.9360729117956265	0.6275053103166458	1.0
933000	-23.005842412799783	-18.73745749076863	-4.268384922031152	-9.176828557545733	-9.560628933222898	1.4934336162562987	1.744174729225431	0.6203838847299337	0.19779571261770007	0.5896808370888611	0.2551889195361945	1.0
934000	-24.47461786475918	-18.218993134417865	-6.255624730341314	-9.327584285600262	-8.891408848817605	0.8303766940191738	1.4938880148927258	1.9569756678251773	0.15459010030000098	1.0672220156989438	0.8758718998494263	1.0
935000	-23.98995524239712	-19.278748463820655	-4.7112067785764635	-10.530325574896862	-8.748422888923791	0.528087341456812	1.4845577960864038	0.993289127408932	-0.44480525436318785	1.259728034504575	1.4986265741326152	1.0
936000	-22.171014063842506	-19.67632600131681	-2.4946880625256957	-11.178795351706714	-8.497530649610095	0.5303145890900759	1.2203785103841254	-0.46551901029675813	-0.1352097039245491	0.879430179348115	0.11109612499921037	1.0
937000	-20.20617020384513	-17.052099895970045	-3.1540703078750845	-8.542441040176202	-8.509658855793843	1.3024418436804035	1.0968844908302486	-0.327895238942155	0.15167647170488102	1.0964431293766108	0.24826614290904184	1.0
938000	-19.840433728116274	-17.306016432576143	-2.5344172955401296	-8.76198062004302	-8.544035812533124	0.8945812303886713	1.3051170854008263	0.34086554543280717	-0.15337119360871354	0.8139619622398756	0.12922773175164012	1.0
939000	-19.303546956421457	-17.25627680619047	-2.047270150230985	-8.502748970166364	-8.753527836024109	1.1173267979856716	0.9065068525552407	-0.09998933072309	0.14141889146678388	1.2483970521309433	0.1377496978061796	1.0
940000	-20.38040526785324	-17.538811674947567	-2.8415935929056757	-8.758620631556939	-8.780191043390628	1.4736524325839417	0.9150592873733244	-0.14466092882983933	-0.10988540729329932	0.6394453684020265	0.22506695507766117	1.0
941000	-23.640097660861727	-19.11700210268363	-4.523095558178097	-10.083169765063218	-9.033832337620414	1.9955164888728545	1.6413597774188773	-0.2644002673592341	-0.5532967224150374	0.7165720134724454	0.12816919791043882	1.0
942000	-20.96204364298317	-17.637202416537917	-3.324841226445252	-8.591935427272972	-9.045266989264944	1.0008053269210044	1.4731918641707409	0.0639992252105473	0.5091427325393503	0.7019770723968863	0.19627806009178628	1.0
943000	-22.73083223059063	-18.75842967767471	-3.9724025529159186	-9.075891352515288	-9.68253832515942	0.7831132147337809	0.7293985979522862	1.0323724853705705	-0.5590595340661597	1.2418300489492402	0.494559832912817	1.0
944000	-22.28484131199122	-18.26360340171353	-4.021237910277687	-9.259676587766645	-9.003926813946887	1.6422658336576068	0.8543444914529228	0.18503010331567515	-0.2744822016916435	0.49953483039365193	0.5789284900033184	1.0
945000	-24.316903944647386	-21.08617237801186	-3.2307315666355265	-9.058137866063701	-12.028034511948157	1.5328897658286922	0.42971110722027683	0.31034913026518307	0.18961729571837777	1.834930387029254	0.29584610761309327	1.0
946000	-18.436192571449695	-17.623557644354243	-0.8126349270954518	-8.542921644815722	-9.080635999538519	1.0583332639692622	0.8049205935714842	-0.0996895703233712	0.04031358615784986	1.0572126532750676	0.04978974707793737	1.0
947000	-20.047218994003273	-17.14711399274474	-2.9001050012585337	-8.52486650060242	-8.62224749214232	1.0667390399685548	1.0058690204949188	0.1510685983806278	-0.1953218568601677	1.457181550402024	0.2674211105131162	1.0
948000	-19.147935935745082	-17.245460151170608	-1.9024757845744742	-8.491229529334646	-8.754230621835962	1.1893401689132808	1.4667642257531763	-0.07754939410916394	-0.1098695067666253	0.6476151573538474	0.07045363770850345	1.0
949000	-23.05192640162631	-21.047648778664307	-2.0042776229620056	-9.96467386533536	-11.082974913328947	0.6212456231411617	0.5254289449527623	0.3485773814240159	-0.22880280153785124	0.6727063297432871	0.06536344823408044	1.0
950000	-18.845972971663077	-18.06705854705844	-0.7789144246046367	-9.233498732674068	-8.833559814384373	0.7777188086611189	1.5065358978836163	-0.09611332424743702	-0.0771831172547345	1.05539052911177	0.025835934576673058	1.0
951000	-23.281888925871293	-17.167075292573045	-6.114813633298247	-8.62715335421108	-8.539921938361966	0.9775801625339778	1.0460374386152227	0.4962043918785522	0.1489405618699285	2.1108480397717484	4.343452605107882	1.0
952000	-22.357983984672607	-17.38886636571926	-4.969117618953348	-8.51209107350537	-8.87677529221389	1.1955046885683094	1.0301687734931093	-0.3576630946826996	-0.9491240993949212	1.133114406526631	1.7641378453699001	1.0
953000	-21.927227806070462	-18.670848264549498	-3.256379541520962	-9.416214568527092	-9.254633696022406	0.7068769178336417	1.6119954489967248	0.4456551519418485	0.30410251829752427	0.8573377121088431	0.10781476769744804	1.0
954000	-18.25937350145932	-17.5891913700779	-0.6701821313814211	-8.6766661274826	-8.912525242595297	0.9462853206461825	0.8476181797439674	0.0914981938803142	0.1341731156996823	1.121156368378055	0.036438910065355344	1.0
955000	-19.761267337835736	-18.471718889158687	-1.2895484486770488	-9.193308192112202	-9.278410697046487	0.767905561873206	1.6741762017963002	0.17859421787695012	0.06819890609510279	0.6563275734468277	0.02095799308222322	1.0
956000	-22.653564669343044	-19.16545816477897	-3.4881065045640747	-10.251247587454987	-8.914210577323981	0.6179795784578206	1.5386970619817768	-0.25222349287957035	-0.023206947121357468	1.0438090833399343	0.5643887016139216	1.0
957000	-21.08059125793458	-17.7569328232964	-3.323658434638178	-9.241241365178121	-8.515691458118278	1.7175175258793673	1.0836325870925405	-0.3070678964327285	0.15847712444692577	0.28620354695400396	0.061319610448403956	1.0
958000	-19.628699845386723	-19.447727943949495	-0.18097190143722752	-9.797744360535324	-9.649983583414173	0.6643355498555062	0.697349531295836	0.011653035694522446	-0.12031350441513333	0.7957928650613729	0.03268363402765875	1.0
959000	-19.88550385520577	-17.461722446620193	-2.423781408585577	-8.929859999527004	-8.531862447093191	1.5100784890057712	1.102969451314967	0.16487179972795543	-0.2741393259470875	0.8650955496394733	0.04514197388728034	1.0
960000	-23.680851718376516	-18.40145224326801	-5.279399475108507	-8.998851946044022	-9.40260029722399	1.3818850204629602	0.7029542410611916	0.7304962867696978	0.6270349966194704	0.6432133896238594	0.14817818856446693	1.0
961000	-22.30134417682039	-18.400396259212023	-3.9009479176083657	-8.923115085502477	-9.477281173709548	0.8886790135432541	1.8238022328537216	-0.3475708431858592	-0.5215845272570084	0.9617598102730216	0.18026615642653113	1.0
962000	-21.765050105819217	-19.171755489789682	-2.5932946160295347	-8.633961393543837	-10.537794096245843	1.0066538915504573	2.098860720234107	-0.25355339235633234	-0.12223684868893027	0.5407658118382698	0.05994247798894208	1.0
963000	-19.0129789966505	-18.19286884809698	-0.8201101485535203	-9.18027770578977	-9.012591142307206	1.6508374654397078	0.8318546568261791	-0.006530671668669608	-0.06572266813410074	1.0538432993700626	0.027055584019003494	1.0
964000	-20.165688300258182	-17.09155783427382	-3.074130465984362	-8.586390806543212	-8.505167027730609	1.3563612185015823	1.221958802884479	-0.3337602887202381	-0.2877582546842189	0.9773993785458084	0.1042956857107712	1.0
965000	-19.710513469062985	-17.089981157439503	-2.6205323116234815	-8.571022036384845	-8.518959121054658	1.0554143531040974	1.2397170847154089	-0.2582120930321035	0.060645242716544936	1.872173527461787	0.055127392198461946	1.0
966000	-20.349858111442323	-17.350666913768293	-2.9991911976740306	-8.516196139015852	-8.834470774752441	1.1745519720284492	1.513781936094318	-0.36639552345239756	-0.12631071907528485	0.8824881885931443	0.04711005901431682	1.0
967000	-22.82581849822009	-19.67640784593695	-3.14941065228314	-8.914945407495566	-10.761462438441384	1.421598121627817	0.5282144816098457	0.48230581968960307	0.3347584033413131	0.7439612060612449	0.137414523908225	1.0
968000	-20.850796535139192	-18.84178782337424	-2.009008711764953	-8.658438216281894	-10.183349607092344	1.3351176854177278	0.5981481929597557	0.2531571738570252	0.22804086453340125	1.1348230992084527	0.08825297921238573	1.0
969000	-21.214136835415722	-17.396336471873497	-3.8178003635422275	-8.607128416335591	-8.789208055537905	0.9934058976936802	1.4936560737441413	0.01417142113176506	-0.1646707401555691	0.12563346894787736	0.0685185868338574	1.0
970000	-22.381662293841412	-18.41900470884177	-3.962657584999643	-9.884879200646932	-8.534125508194835	0.6120980575061489	1.2942619613236492	0.9079029088877049	-0.20076267705949583	1.271025419849165	0.5317742202182107	1.0
971000	-22.53246585045924	-17.965262216956596	-4.567203633502645	-8.498637966670254	-9.466624250286344	1.1208828636672228	1.6332600421862529	-0.046366169132534996	0.5019004009157868	0.19974751757409961	0.15717398543889882	1.0
972000	-24.695163027196088	-18.116524842864177	-6.578638184331913	-8.491165788774968	-9.625359054089209	1.183604387726412	1.5427643888618021	-0.12354411245784455	0.9425744438957807	0.1324119093099083	0.2821837325116997	1.0
973000	-20.18720153649484	-17.69196546715385	-2.4952360693409883	-8.844924270153264	-8.847041197000584	1.5334157436580647	0.872981644493923	-0.25589276784421466	0.08866123536146442	0.8193926521709468	0.1383688482496654	1.0
974000	-21.838441447246463	-18.019245121237496	-3.819196326008966	-9.05493948874518	-8.964305632492316	1.5518571732621742	0.8140035256991652	0.22633305489419725	0.5959389007990853	0.49727689177998347	0.21370807222843632	1.0
975000	-21.36077086102316	-19.417454688036155	-1.9433161729870028	-10.880460545950353	-8.536994142085803	0.5529646181048206	1.0726989075591333	-0.35851613959089423	-0.1553078803868293	1.1091193254644396	0.11791544714996702	1.0
976000	-24.60324949223221	-19.754429193466617	-4.848820298765592	-11.19136628156696	-8.563062911899657	2.348192878289579	1.286034937722055	-0.687292451393663	0.11253580648408346	0.3440761759059553	0.33058215212747905	1.0
977000	-20.075185691278836	-17.077826425176774	-2.9973592661020625	-8.492015363472854	-8.58581106170392	1.169172187961913	1.3514534205538173	-0.14131527963896157	-0.40943775072326727	0.7241154239845028	0.13334124457929983	1.0
978000	-18.687286465094274	-17.092349382011328	-1.5949370830829448	-8.55478768559974	-8.537561696411588	1.2835193701569978	1.0539405575708003	0.08255376819671029	0.003994156538175683	0.5144425611877986	0.058847113973685375	1.0
979000	-20.314247294986092	-17.32177543843563	-2.992471856550463	-8.562383870148869	-8.759391568286762	1.2547524712575393	0.9473414304639011	0.2284953033366259	-0.30748262814683025	0.38270655992983865	0.07936677153887227	1.0
980000	-21.411182246539845	-18.123253639947368	-3.287928606592476	-8.635295761125846	-9.487957878821522	1.3979449063640843	1.7221176117822128	-0.22824251091588305	0.18885345355567246	1.288823280686945	0.06390762677639068	1.0
981000	-25.28661854328444	-20.69344659925137	-4.5931719440330685	-8.811723707046868	-11.881722892204502	1.003237425117369	0.47926407825639433	-0.7341275855276306	-0.6234474094933619	0.50014508738112	0.21353682523115622	1.0
982000	-19.19126083925815	-17.570873640248447	-1.620387199009701	-8.714284384094318	-8.856589256154129	0.9226893052862475	1.5197978276929878	0.17378119684725035	-0.08594197926531845	0.5324807920969712	0.037784480841675024	1.0
983000	-19.97211649847833	-17.33958639211005	-2.6325301063682787	-8.571043864569825	-8.768542527540227	1.0374128198642238	0.9001420374459597	0.4572549364338174	0.14058506625945477	1.1338533435398	0.09575547065341358	1.0
984000	-22.56777024623576	-18.804410015184367	-3.763360231051392	-10.261555364237825	-8.54285465094654	0.5969081012276902	1.070377544155828	0.06799968382610436	0.37680226727535193	1.146322922662223	1.2574154735400809	1.0
985000	-19.72972916803779	-17.10736945105839	-2.6223597169794006	-8.555322063896908	-8.55204738716148	1.0790590052018973	1.229844590686746	-0.2971009364975704	0.26463590335335296	0.7220180438812897	0.07390502986005251	1.0
986000	-23.05960503726893	-17.901524540996537	-5.158080496272392	-8.966037521717086	-8.935487019279451	0.9009385838584402	1.2433857461615834	-0.5414414582079599	-1.3341552299849664	1.1162845662752265	0.6701160542279203	1.0
987000	-22.32462206173141	-20.36136866242923	-1.9632533993021841	-9.739133170208273	-10.622235492220955	1.79956161005233	0.564708609741374	0.20372120739737143	-0.10046669928133106	1.4983544255337469	0.03590112258644394	1.0
988000	-24.50079426927211	-18.233182937743976	-6.267611331528133	-9.597969684079736	-8.63521325366424	1.0525351421762967	1.212918106217903	-1.8632736713440146	0.5550470160998466	0.4205739192249648	1.227423105694021	1.0
989000	-20.9894167614605	-18.036962497274523	-2.952454264185976	-9.005206551513398	-9.031755945761123	0.8636654522756527	1.5440295422808117	-0.3598061880786646	0.21748142382417884	0.8634956217078142	0.16790572611202126	1.0
990000	-21.78979336612818	-17.299718285393624	-4.490075080734555	-8.500608285407104	-8.799109999986518	1.1635043917458172	1.071828603268198	-0.24099559960964742	-0.9241771624227211	1.1171813331444702	0.27132337725722516	1.0
991000	-20.283344285365278	-17.11515728696412	-3.168186998401158	-8.496914340067555	-8.618242946896565	1.1242956340163208	1.3113745799724414	-0.02480818681198621	0.2224448653895213	1.8069981778218591	0.1236680039537342	1.0
992000	-19.26824669494872	-17.411263769795056	-1.8569829251536631	-8.76702521243133	-8.644238557363725	1.418525238880919	1.3610652023721983	0.19865325900168837	0.09546092183022284	0.6173560511378611	0.034649619752123564	1.0
993000	-21.62679681278213	-19.658713857592893	-1.968082955189236	-9.739196164422067	-9.919517693170828	0.6750363010991525	0.6291632144131931	-0.01099834311349069	0.31683611890088426	0.475125762151576	0.04298083645467339	1.0
994000	-22.913041502498665	-17.587977670356707	-5.325063832141957	-8.945887358527155	-8.642090311829552	1.4796701593698445	1.357456154212109	0.3249052179629377	-0.7016751514146907	0.21467635505082389	0.341125009387558	1.0
995000	-25.404699995884926	-20.44235038127431	-4.962349614610617	-9.266884655310593	-11.175465725963718	1.1730843264521416	0.5230225887133058	-1.681037924566762	-0.3382021061325339	0.8965268260636581	1.4862373897607983	1.0
996000	-20.44167430135652	-17.491389558141627	-2.950284743214892	-8.559755469505868	-8.93163408863576	1.307229637033921	1.4588908850206357	-0.01609321429787177	0.37858492779465036	0.5214482007308219	0.0677643596381108	1.0
997000	-19.504348655885074	-17.45409627549136	-2.0502523803937156	-8.770878224577999	-8.683218050913359	0.9134938157579764	0.9336633796965542	-0.052413999804965555	0.3634848936568054	1.3773209600251326	0.061040931106351	1.0
998000	-20.677888351095426	-17.803417562280508	-2.8744707888149175	-8.509352085071907	-9.2940654772086	1.2421861990462244	0.8019751901665565	-0.0454843868657787	-0.4915679210976336	1.3138620403481254	0.12929346797780014	1.0
999000	-19.161719282880757	-17.75793867647733	-1.4037806064034266	-8.595824077041232	-9.162114599436098	1.2899416553106893	0.7849645638340405	0.22796017386542172	0.030844218596745784	1.135109080433218	0.0424788261773453	1.0
1000000	-21.223791897321796	-18.62266531348407	-2.601126583837725	-9.816734213541743	-8.805931099942326	0.6821289565481619	1.492606773877569	-0.2825824579197721	-0.083556519023123	1.6323837424394734	0.11107430203435703	1.0
1001000	-19.988684355488186	-17.26991479409708	-2.718769561391105	-8.778013006375136	-8.491901787721943	1.4743244217113274	1.183336644123556	-0.064664841476885	-0.14677906414619	1.5166843447073903	0.0846889339842144	1.0
1002000	-20.456206075645095	-17.05512434108419	-3.4010817345609032	-8.505334955321228	-8.549789385762963	1.2129474877653983	1.1564690734471699	0.058275854974031566	0.41000569409962134	0.83720465387134	0.032260587775840406	1.0
1003000	-20.553571853340365	-17.302778995613764	-3.2507928577266014	-8.725318731450699	-8.577460264163065	1.3465889029361542	1.0150616228675013	0.3787442249338602	0.3777826815995463	0.8914731430965777	0.1779453850353885	1.0
1004000	-19.40085203198172	-17.128133437820154	-2.272718594161566	-8.525845006354976	-8.60228843146518	1.2809572329764276	1.0019919830395465	-0.25323130947318245	-0.045999085663687364	1.6596708355069143	0.04886855462534968	1.0
1005000	-20.970632112259196	-17.572726147375928	-3.397905964883269	-8.588749434138322	-8.983976713237606	1.3522840101704836	0.8698557591406969	-0.15062969192161446	-0.35650537681605005	0.9621596897980186	0.43766955993871	1.0
1006000	-19.75304499577174	-17.616557540556954	-2.1364874552147866	-8.505056660062612	-9.111500880494342	1.1966530695241226	1.647067138646796	0.10818058567419844	-0.15828093972105514	0.8428578024040494	0.06595348640816907	1.0
1007000	-20.475898603630768	-18.34054785821496	-2.1353507454158067	-9.009240791656254	-9.331307066558708	0.8273067245807867	0.7885814819929393	0.0031564973693770926	-0.44835137459409435	1.076291381215861	0.10843214698179267	1.0
1008000	-20.745257907924305	-17.13219992311776	-3.6130579848065456	-8.530847718422937	-8.601352204694825	1.2707297209975839	1.36904772687401	-0.005411766070723745	-0.22457442511669307	1.782932040325652	0.1418959564083911	1.0
1009000	-24.310986037102403	-21.850630901272442	-2.4603551358299587	-11.21569745556694	-10.634933445705503	0.48366261002560557	0.5450198141174633	0.3955352741187248	0.25081659631043185	0.9347540445054344	0.4998459125734359	1.0
1010000	-20.42688407657949	-18.263786333887424	-2.1630977426920683	-8.70343379108981	-9.560352542797617	0.9262723236720538	0.7148706220435628	0.21236847672463602	-0.14361267558317095	1.1980340484589083	0.24297096289147782	1.0
1011000	-18.456614057346172	-17.207139728706363	-1.2494743286398098	-8.490392293520756	-8.716747435185606	1.1801431701811886	1.4318996854116577	-0.07191095929980734	-0.02559132764710939	0.9797115645108119	0.038208950144079275	1.0
1012000	-22.88051369811708	-17.437469763456455	-5.443043934660626	-8.806237594370927	-8.63123216908553	1.2186059611848425	1.2153956810665634	0.8713293079415844	0.5398458672588853	0.289937182484162	0.37202075541606255	1.0
1013000	-21.62921112361213	-17.628651898299033	-4.000559225313099	-9.126217733183015	-8.502434165116018	1.6330392899469908	1.1075737750249717	-0.028574333230511284	0.05428639046660294	0.6883939316749434	0.6226632684455453	1.0
1014000	-19.252856944830533	-17.29711339518661	-1.955743549643922	-8.520406949177481	-8.776706446009129	1.1225756457708915	0.9181311366190992	-0.2774562988285898	-0.12606427974041293	0.7240206327163992	0.06796373336969107	1.0
1015000	-20.455520211800497	-18.363825997105863	-2.0916942146946336	-9.110811589414435	-9.25301440769143	0.7836779262721898	0.7542697248077237	0.25769822897153405	0.1783570258578387	0.9025976363809874	0.018543594015422552	1.0
1016000	-19.82465972120847	-17.327451287141457	-2.497208434067013	-8.546312441876676	-8.781138845264783	1.1463635353600918	0.8992842031040432	0.4090229881768426	0.07288717338113504	0.995799771579158	0.12614445625280096	1.0
1017000	-22.839096888284164	-18.218773833529095	-4.620323054755069	-9.421726955340567	-8.797046878188528	0.6939244984881465	1.0055199191329693	0.8399451992850839	1.1296384998635587	1.5628532099846344	0.7868034543276564	1.0
1018000	-20.47968540684917	-17.120650811204335	-3.359034595644837	-8.599086541127752	-8.521564270076585	0.9945619442651024	1.2207972847536483	0.39748921624231814	0.1475493462167929	0.4409319281771537	0.04454366097535357	1.0
1019000	-21.69666076697702	-17.76329141882843	-3.933369348148589	-8.838860115765213	-8.92443130306322	0.9503947059721976	0.8301522762252949	-0.5463192990987662	0.8170262322356465	1.1257761016494245	0.35208502525285357	1.0
1020000	-21.808118109877796	-18.796990083175093	-3.0111280267027025	-8.580676549118813	-10.21631353405628	1.333085699179719	0.5952174322333263	-0.49370324976517704	0.20434586174773517	0.6540159406889372	0.12473503991185846	1.0
1021000	-19.695712510023128	-17.253228022562592	-2.442484487460538	-8.5585411051994	-8.694686917363192	1.3250511103277165	0.9513763811864645	-0.20286760714768948	-0.08450911148819285	0.5629226415417004	0.13459458854887837	1.0
1022000	-20.582300210952205	-17.131274764442956	-3.4510254465092496	-8.525065386892688	-8.606209377550266	1.2717229802667058	1.3651852557311535	-0.06909135092575097	-0.12358358895529442	0.9481962865836793	0.360097461514988	1.0
1023000	-22.720348298716452	-18.19315660169793	-4.527191697018521	-9.598105820666708	-8.59505078103122	1.6101838062326796	1.0056302097446679	0.7173078637157221	0.46287585831595407	0.7249104081717492	0.6792099989431443	1.0
1024000	-20.160267553429453	-17.612447375086656	-2.5478201783427954	-8.58771174058625	-9.024735634500406	1.3560676739594713	0.8361052072537197	-0.21868499157734378	-0.15344911143344456	0.3338540029192456	0.06038986842797129	1.0
1025000	-24.35810791312697	-18.059069956051665	-6.299037957075306	-9.177517923293887	-8.881552032757778	0.7524622873545772	1.5313877292161178	1.0624385219741268	-0.07867416062190086	0.7669086788032281	0.13594363751466707	1.0
1026000	-19.685074964064544	-17.91506987190409	-1.7700050921604527	-8.66499395149133	-9.250075920412762	0.9761738202601093	0.7850264422535513	-0.16668421289125232	-0.22614826768535456	0.7511987350745205	0.09102881450669435	1.0
1027000	-20.736685585027214	-18.825090665587403	-1.9115949194398092	-8.598933722094475	-10.226156943492928	1.058110793244418	0.6053381944643001	-0.38986979636728125	-0.002094169880479557	1.2533246253017865	0.09217922639676039	1.0
1028000	-21.119413810935	-19.338067574822333	-1.7813462361126686	-10.843587989943135	-8.494479584879198	0.5298238290303782	1.1378890769605008	0.12570591913766993	-0.07760375941718489	1.647244541474612	0.15308932987262053	1.0
1029000	-18.8075593416233	-16.98640311692246	-1.8211562247008408	-8.490617664133934	-8.495785452788528	1.1591800299899915	1.1676193878971697	-0.021443970707774235	0.08181309093806582	1.6579695509133034	0.05338115725969563	1.0
1030000	-19.30466245219185	-17.442053246405017	-1.8626092057868302	-8.58354229355024	-8.858510952854779	1.01320993198897	0.8865588008963379	-0.01720158235983377	-0.12598838824173952	0.830739776635038	0.13764271757647092	1.0
1031000	-19.515544735081978	-17.516584329176506	-1.9989604059054726	-9.02183929003106	-8.494745039145446	0.8037817695949293	1.1314507160154628	0.33793028887993726	-0.013610163179297807	1.164061681181282	0.08614870096092034	1.0
1032000	-23.706286450232238	-17.92302603850984	-5.783260411722399	-9.357513300131382	-8.565512738378455	1.7761706038316465	1.2073429710332957	-0.81854889824122	-0.6014309467660108	1.4183466403187512	0.3588541839481444	1.0
1033000	-25.795965945854725	-19.992173203743878	-5.803792742110847	-11.272969390692193	-8.719203813051685	0.5925954411511081	0.977112373657728	-1.3853563838350693	0.9155836108430946	2.6450195724177257	0.6132130259152135	1.0
1034000	-19.71970952643352	-17.471325324442592	-2.2483842019909286	-8.52601553660432	-8.945309787838273	1.2320828843278016	1.5067450938865772	0.13568772027000797	0.21215701314696328	0.5266917684328654	0.05623835907047803	1.0
1035000	-18.877124146132033	-17.057282819513787	-1.8198413266182438	-8.541198153596106	-8.516084665917683	1.0622422042088335	1.2642040786196784	-0.11566694295776075	-0.22740375657309844	0.638855159633718	0.04098682332725471	1.0
1036000	-19.340582937053856	-18.017172971036615	-1.323409966017242	-9.265207555539952	-8.751965415496665	0.7500008830755305	0.9233378999776892	0.20544195202124613	-0.07169049422180426	1.1695244913774838	0.08837662083470424	1.0
1037000	-20.742272838092674	-17.45289025621318	-3.2893825818794946	-8.553661885390358	-8.899228370822824	1.212319291903164	0.9126875002076565	0.3173198835295835	-0.4616795226581271	0.9667112762195422	0.306556825819432	1.0
1038000	-19.923612525821735	-18.325875959827833	-1.5977365659939022	-9.48075577312307	-8.845120186704765	0.737367416446447	0.8944033043588748	-0.2383339561779203	-0.1558313696468962	1.8081197367540798	0.08209793955978395	1.0
1039000	-21.27153330087046	-17.21081930674454	-4.060713994125918	-8.493914816591094	-8.716904490153448	1.1612336016634974	1.440102680030554	-0.15961492512166006	-0.08084819435393457	1.158202365675255	0.5925549576926155	1.0
1040000	-23.68190938475545	-18.064938430003117	-5.616970954752331	-8.930648761779844	-9.134289668223275	0.894753045303175	1.6856449423200162	1.3095154133281381	-0.6904455609245255	0.756285165387978	2.1226922170592153	1.0
1041000	-21.044547900426608	-17.50908896916594	-3.535458931260669	-8.663354505196477	-8.845734463969464	1.0090902186455777	1.5145009551953577	-0.37833469290616795	-0.08816711703420055	1.608763892341698	0.044165731920786884	1.0
1042000	-24.147025452211118	-17.92603922108284	-6.220986231128281	-8.515542377000243	-9.410496844082596	1.1269048244817128	1.53805758289623	-0.2603559359102414	0.7487794470105823	1.198442169439292	0.07615079795688197	1.0
1043000	-21.41942721607756	-18.122314788673776	-3.2971124274037833	-9.045954427191408	-9.076360361482369	0.8364676306841529	0.84247451879664	-0.22009293664536322	-0.35707379214038565	1.2772626600783685	0.7286944213034283	1.0
1044000	-20.296863692770447	-18.97651579032043	-1.320347902450016	-9.256741445403037	-9.719774344917393	0.7704570171947797	0.6739224682096651	-0.07119618660067428	0.0556077621044887	1.0877423521089435	0.1424038676670748	1.0
1045000	-19.874200098473064	-18.86066116001845	-1.0135389384546165	-9.329325017414078	-9.53133614260437	0.7463268116429004	0.69636563716933	0.04380256026881707	0.21940201274135976	1.709632216611487	0.07937545680521428	1.0
1046000	-20.31741249085018	-18.148717087287626	-2.1686954035625554	-9.484948956050996	-8.66376813123663	0.7202764194653021	1.3142328741717522	-0.02682560740629014	0.34269386882509056	0.8850726252924259	0.09944954434124986	1.0
1047000	-24.344099596859152	-19.861901909509065	-4.4821976873500855	-9.334077143090095	-10.52782476641897	1.7525767274181834	0.5804036221375888	-0.2996450259666197	-0.18782795689862147	0.1452105449165497	0.13140387988491106	1.0
1048000	-18.943845995130918	-17.706175559643103	-1.2376704354878127	-8.63783819534415	-9.068337364298953	1.3738579928864314	0.8279773278507043	-0.0009053871437326166	-0.19692749272095345	0.7936038202873071	0.034090860341399416	1.0
1049000	-22.187890474288686	-18.13433799454597	-4.053552479742715	-9.625004453261598	-8.509333541284372	1.652248065955216	1.1373013738703508	0.6105922167222317	0.22441655733793928	0.9462825835602903	0.17549624066440353	1.0
1050000	-20.789128951965747	-17.16240312576329	-3.626725826202455	-8.5511687537956	-8.611234371967688	1.3136170036776826	0.9802346457359629	-0.345492741511518	0.2769971175714643	0.5932483428932643	0.42983074478891825	1.0
1051000	-19.712292605176295	-17.76403863636073	-1.948253968815565	-8.688368256670925	-9.075670379689807	0.9336972428939927	1.6249271849483469	0.2200703858868892	-0.10903089833897273	0.9652632708257507	0.021146871353865365	1.0
1052000	-20.9998217044261	-17.62444635465934	-3.3753753497667605	-9.12859447738381	-8.49585187727553	1.5207545719298616	1.20538036720009	0.464115004910022	-0.028419219746124824	0.9270297256671326	0.167556035446431	1.0
1053000	-20.785288859596804	-19.231614181487313	-1.5536746781094901	-10.614270738779302	-8.61734344270801	0.5619369298969956	1.003447825787462	-0.0361137185741609	-0.15211859329274052	0.5694281938354429	0.08695355894477978	1.0
1054000	-19.204385069331256	-17.10452105893532	-2.0998640103959363	-8.602641274981927	-8.501879783953392	1.2975332508329653	1.2335651644473467	0.22316842886724203	-0.15511599058689512	0.6031715232421841	0.030043598888295792	1.0
1055000	-20.42935090355713	-17.61877967613932	-2.810571227417812	-8.76846074157314	-8.850318934566179	0.9370324807190735	0.856209065491464	-0.26041725149798967	0.4426691651049933	1.3969855419975636	0.07841151341334023	1.0
1056000	-22.578417170453886	-17.606825652998594	-4.97159151745529	-9.013613471766092	-8.5932121812325	1.1114926381177728	0.9987390149311172	1.362493258452637	0.37843576831916503	0.8666238198162165	1.2218685903518594	1.0
1057000	-20.020629797760172	-17.12114083547472	-2.899488962285454	-8.515306398733454	-8.605834436741265	1.2574340790892824	1.3490880371123353	-0.28100007586200637	-0.005897438910553193	1.4914559973840742	0.08088651031337787	1.0
1058000	-20.868405654063924	-17.65295327569768	-3.2154523783662445	-8.540497397371766	-9.112455878325914	1.1506341992650264	0.8362464628895949	-0.4470155680800732	-0.3900220342884875	0.7472451443313667	0.13121473835488348	1.0
1059000	-19.589279162761425	-17.330291876564818	-2.2589872861966063	-8.668785418140944	-8.661506458423874	0.9681573345122306	0.9695065601061861	-0.11520497892336312	-0.09000545455118006	0.4519451366058962	0.11845619851332238	1.0
1060000	-21.289059657300065	-17.59901571358347	-3.690043943716597	-8.746776178072892	-8.852239535510577	1.390336915435379	1.491765014060153	0.26647800470966865	0.06834971368466553	0.2280158041160034	0.1277117561304824	1.0
1061000	-22.72936778329715	-17.27229655940188	-5.457071223895271	-8.652559372400688	-8.619737187001192	1.4023678722971258	1.0527514396275044	-0.12847080298845037	0.692948939926022	2.1948155699560763	0.1408956072167412	1.0
1062000	-21.10355447722237	-18.578585541317945	-2.524968935904425	-9.511941481388796	-9.06664405992915	0.7353820440781338	0.8398307607407752	-0.28532562000741835	-0.30864708254672807	0.608844280440718	0.16573910455348434	1.0
1063000	-23.03480832651972	-18.790121190709954	-4.244687135809765	-9.5301052613354	-9.260015929374553	0.7054106510828203	0.8902721024188298	0.07081188598762	-1.0116554418516601	1.0777556148933574	0.21780450150225755	1.0
1064000	-23.23745048685636	-17.17307034449881	-6.064380142357548	-8.662568805983145	-8.510501538515665	1.327326486661076	1.2489414732969029	0.2936413891716453	-0.08257533464325306	1.2941863099844324	4.04137614189255	1.0
1065000	-19.032152306776673	-17.080660881767535	-1.9514914250091386	-8.531739839210832	-8.548921042556705	1.085549875001229	1.035701402503491	-0.1929461711864279	0.17120172222302288	1.1229371838880386	0.09025237160110114	1.0
1066000	-21.730970977554797	-18.20505961786762	-3.5259113596871803	-9.034561554714415	-9.170498063153204	1.6219643167194526	1.6791399659372128	-0.22213524000371476	-0.21802742768579866	1.2434506620104175	0.036239841194788985	1.0
1067000	-22.511065503192906	-17.1802864805326	-5.330779022660305	-8.666000946716274	-8.514285533816325	1.335517128584226	1.16573627490205	-0.8204975078193828	-0.3433791973994652	0.44453863367178603	0.1482319751916749	1.0
1068000	-19.99631471466749	-16.998597302530495	-2.9977174121369945	-8.506523755092068	-8.492073547438427	1.2386981728417599	1.1646161260219567	-0.06278128778624409	-0.13407755676614985	0.3932622524302814	0.18039614801874912	1.0
1069000	-21.663195116870327	-17.3829768705165	-4.280218246353826	-8.499603162196827	-8.883373708319676	1.1225949902535701	0.8813783422915298	0.10539128095876937	-0.16219647859016828	0.8706932708388847	1.5039959058202708	1.0
1070000	-19.035331791519038	-17.011861136943743	-2.023470654575295	-8.513772847832143	-8.498088289111598	1.1302174484667524	1.1446042050515186	0.2563169527174449	0.12154930524321612	0.6550194733889664	0.058554101419675125	1.0
1071000	-24.005247913722165	-19.730720508829442	-4.274527404892721	-10.428977312326722	-9.301743196502718	0.6419902476771879	0.8290456555529512	-0.8412711900219472	-0.7182812407720549	1.6736274516598104	0.26028045549366363	1.0
1072000	-23.80214222755762	-18.944324049473856	-4.8578181780837655	-8.73643763041164	-10.207886419062216	1.1563007409876085	0.5974382211661661	-0.9635277716757839	0.1818599741459206	2.006217326211417	1.8979462991067926	1.0
1073000	-20.043062455506977	-17.162176312542247	-2.88088614296473	-8.5322357631204	-8.629940549421846	1.2311811794325864	1.0313480033444788	0.1722690787594888	-0.37840727523006035	1.1941691332278563	0.1559652959760026	1.0
1074000	-25.010478279942795	-17.39582180519449	-7.614656474748306	-8.596518729569272	-8.799303075625218	1.2018841655948458	1.489889986939691	-0.6945525604501344	-0.7686726699772596	1.4322832485649966	0.11089438392009966	1.0
1075000	-21.108776551734277	-17.10774969263554	-4.001026859098737	-8.581384309492499	-8.526365383143041	1.0851437411794036	1.2285305391282333	-0.4303593133752545	0.14975018997894807	2.095182976822794	0.07482538166472788	1.0
1076000	-20.04869931551822	-17.06742479624687	-2.9812745192713512	-8.548692182708345	-8.518732613538521	1.1791709755461477	1.07937172049927	0.3697191556314627	0.17798413680008454	0.45832802917313503	0.1049649724257207	1.0
1077000	-20.920595951710254	-19.312857787532895	-1.6077381641773605	-8.994563501821144	-10.318294285711751	1.5822258479075535	2.027266176131221	-0.061637609490906686	-0.06287004728909165	0.6833669889135482	0.027322293637266425	1.0
1078000	-23.51948002171282	-17.494253907295555	-6.025226114417266	-8.958139488555823	-8.536114418739732	0.9055552687010994	1.0517199992359911	1.3919888468194086	0.18618410926169177	2.0619011685331827	0.3869898934897993	1.0
1079000	-20.101333453699926	-17.77841451744701	-2.322918936252914	-8.514685567230078	-9.263728950216933	1.2587133420550032	0.7774364061517504	-0.26001689229552105	-0.17569620444940628	1.3508305121132351	0.023685181055763296	1.0
1080000	-19.19405332464893	-18.068433653178786	-1.1256196714701427	-9.508520522161513	-8.559913131017275	0.7243277892213312	1.0242045631258772	-0.1422016425635761	0.16336506570072812	1.2874853054477033	0.056529130121653386	1.0
1081000	-20.38005142833658	-17.605656975916034	-2.774394452420543	-8.90208693809605	-8.703570037819986	0.8412683206697835	0.92427017402437	0.3254817437685152	0.26762049759311785	0.5127195172872672	0.150181877025831	1.0
1082000	-20.820219632647053	-17.280312601110513	-3.539907031536538	-8.715714806090032	-8.56459779502048	1.349662656010207	1.025726060928403	0.3461806275911195	0.3343401907973124	0.7475242555987641	0.38395090287429534	1.0
1083000	-18.741686731343595	-17.72831401314192	-1.0133727182016774	-9.230563118348387	-8.497750894793532	1.6515359680468242	1.1628507031248612	0.09108691501180564	0.10998391761778079	0.9189906039808952	0.011382778531490778	1.0
1084000	-23.733520365976716	-17.933520318376733	-5.800000047599984	-9.312522800636863	-8.62099751773987	1.097710435212791	1.3111365837373987	1.7193936069612756	-0.7243952496233608	0.8144272770579413	1.3483031695541245	1.0
1085000	-18.735591716650184	-17.367542486902128	-1.3680492297480558	-8.49582800810668	-8.871714478795448	1.1390849652453219	0.8561833424317881	0.08391791980778383	0.22499521859078997	0.8551050647906955	0.04126095109532219	1.0
1086000	-19.923956568656962	-17.555075325600406	-2.368881243056558	-8.572965393252613	-8.982109932347793	1.3069841526152897	0.86871747547652	0.06202654867370716	-0.34212002441800665	0.6694091294790104	0.09221096124067057	1.0
1087000	-20.66547812472718	-19.7544620081532	-0.9110161165739787	-11.226469090851655	-8.527992917301546	0.4994841869651068	1.2484038222911271	0.019002558515181456	0.08510218423024055	0.7605154758473632	0.05665483186776882	1.0
1088000	-18.893266381473005	-17.005647082224314	-1.8876192992486915	-8.51189389018944	-8.493753192034875	1.1412818084306913	1.1373774963811416	-0.278304200360683	0.023436870248992575	0.9354390260920908	0.050096115328411656	1.0
1089000	-21.954980764829294	-18.694435455584866	-3.260545309244427	-9.091090684503964	-9.603344771080904	0.7876133201429454	1.75032540388199	0.2802981253490484	0.23018589349773785	0.6589574437924696	0.2635556606761864	1.0
1090000	-20.432514516512995	-17.27088486576701	-3.1616296507459865	-8.638518673542626	-8.632366192224385	1.2400260291308565	0.9935482103753602	0.4986723291898417	-0.15074209283126416	1.0422185307707832	0.20583773356056262	1.0
1091000	-23.433924814859388	-17.96503634444771	-5.468888470411678	-9.435019850872239	-8.53001649357547	1.8080833831069598	1.2884280562577424	-0.8108275313125599	-0.22471056162147618	0.978197155224668	0.14039590240453523	1.0
1092000	-18.255184445291142	-17.92329416540246	-0.33189027988868136	-8.497427905860862	-9.425866259541596	1.1950500498930925	0.7262112280093896	0.03852903674902802	0.05238558337834781	1.1656064104443478	0.029907846966717486	1.0
1093000	-20.795311533982183	-17.70467353275387	-3.0906380012283146	-8.739724691669952	-8.964948841083917	1.3646195480842829	0.8210993400173165	0.34744938760283506	0.3255974470258065	1.2857652673661795	0.1943158026642403	1.0
1094000	-24.590329517196338	-21.414589469298043	-3.1757400478982927	-8.578474529878617	-12.836114939419424	1.0433581012268687	0.3793042079330141	-0.22700751512434802	0.18529705850111372	0.331368572204395	0.21361044110455837	1.0
1095000	-20.670483629563062	-17.15840240880333	-3.5120812207597334	-8.616336785497268	-8.542065623306062	0.9878632611539871	1.2808433659774272	0.498153236706867	0.02033389657493248	1.2349067397488902	0.34420135336620034	1.0
1096000	-26.700952291867317	-19.716524918053793	-6.984427373813524	-10.16483489925907	-9.551690018794723	1.3806301156180931	0.6706649468262154	1.7595653671130327	0.7594953426749578	1.0271275516683829	0.47980154476503717	1.0
1097000	-20.45998007497573	-18.158250697556436	-2.301729377419293	-8.50542733150466	-9.652823366051777	1.2085790071038967	0.6731171927746457	-0.30689622393526705	0.2607420382885257	1.150371254496682	0.12856288732874155	1.0
1098000	-24.999560671684932	-19.175972107242423	-5.823588564442511	-10.10969125605949	-9.066280851182933	2.042279346683192	1.6280491440687768	-0.6619200080838349	-0.1594385359901761	1.1439191629812386	0.0970252034827445	1.0
1099000	-21.609421676571987	-18.254384038857317	-3.355037637714669	-9.287095847080957	-8.96728819177636	1.7149211695249649	1.5928291026657126	-0.14568933947102614	-0.23688856399918568	1.1881878176974157	0.07599789364431607	1.0
1100000	-21.761658923424935	-18.337166575405234	-3.4244923480197014	-9.543544059464741	-8.793622515940493	1.8069520531827343	0.9095135629365639	-0.1474645063613665	-0.10910326854317587	0.794217884151261	0.33917117054026297	1.0
1101000	-20.533126379958652	-17.306824446213405	-3.226301933745249	-8.5603342675965	-8.746490178616902	1.0889837877398725	0.9008630647226921	-0.3606296372102893	0.3833291959591961	0.9012390733588931	0.06559617194615887	1.0
1102000	-18.41472792536739	-17.42493420678761	-0.9897937185797803	-8.52506219301748	-8.899872013770132	1.0818158085504521	1.5374194055200727	-0.1163604108534759	-0.058657236355721065	0.8300571292085401	0.023307170149592948	1.0
1103000	-20.57678184547108	-17.49519577885806	-3.081586066613017	-8.556926892656861	-8.9382688862012	1.0342407609188282	1.4844976232077576	0.002117703974134938	0.29171313326417103	0.7480809547303531	0.2485250710786994	1.0
1104000	-18.890554641551034	-17.154508587578192	-1.7360460539728426	-8.543842659179106	-8.610665928399085	1.0519083627214347	1.3675065509042683	-0.051017062906645594	-0.11036642964123092	1.7320410841646554	0.032724384190720074	1.0
1105000	-19.207253663403925	-17.163731911084145	-2.04352175231978	-8.580051127487957	-8.583680783596188	1.0056788559492302	1.3518960201631718	0.17506085498091672	-0.21333657918386378	1.0273156882839622	0.06264193712038883	1.0
1106000	-18.763992620012537	-17.529728217628723	-1.2342644023838152	-8.693116931776329	-8.836611285852396	0.9580259090785703	1.483006990974508	-0.1399072607874863	0.07202965001060466	0.870292019678232	0.034610111978919514	1.0
1107000	-22.65765529899244	-17.523239214881883	-5.134416084110559	-8.537552426024703	-8.985686788857182	1.0491873199033261	1.536326456080189	0.10613945316005796	0.16163450628485349	0.22788422637848485	0.7594885690886921	1.0
1108000	-23.434682408021263	-19.69047140794438	-3.744211000076885	-10.6272988223767	-9.063172585567678	0.609376309571402	0.7857918237244716	-0.7544069981596359	0.520432706669314	1.145047601164798	0.1854566563424322	1.0
1109000	-22.092263164573374	-17.296378010534603	-4.79588515403877	-8.677816850710212	-8.618561159824392	1.3106717648450472	1.3483138884782582	-0.8803481331609981	0.05862815521942755	0.9257101872213485	0.9239582136071539	1.0
1110000	-25.249764252186207	-22.472690771138474	-2.777073481047734	-13.819366850102739	-8.653323921035737	0.3545761911659224	1.3870786345074566	-0.5472613614146996	-0.01174144427947263	1.0306041697114126	0.09826479912719874	1.0
1111000	-19.94890451266094	-17.69638041234526	-2.252524100315678	-8.920095314261712	-8.776285098083548	1.5010877931374234	0.9030000541531463	0.18486492765721024	0.048729514528799894	0.9311893759133406	0.12019466618887711	1.0
1112000	-19.899206039552965	-17.06081579595674	-2.8383902435962263	-8.567032390716586	-8.493783405240153	1.0930130671189071	1.199711155480365	-0.4028410438885898	-0.04324881887401694	0.7239042726421956	0.16466824621368925	1.0
1113000	-19.565079399887097	-17.157378280812033	-2.4077011190750652	-8.594410619795205	-8.56296766101683	1.3236333776481202	1.2892049058549098	0.07996619714427572	0.0978997179970705	0.2758550589157085	0.05685681436911042	1.0
1114000	-18.840981343146925	-17.187643576777944	-1.653337766368981	-8.676382837431287	-8.511260739346659	1.3846179886135699	1.255585826218841	0.09246463736737187	-0.1714939113875792	0.942435131058947	0.0364321872545463	1.0
1115000	-21.830687392292347	-17.316566009719793	-4.514121382572553	-8.525411428260842	-8.791154581458953	1.1066491982537598	0.9538805037008286	-0.25008804921905803	-0.4449405408927585	2.2275112061414077	0.5862360637692359	1.0
1116000	-22.34347571526394	-18.667176330199975	-3.676299385063964	-9.77056657356789	-8.896609756632085	1.811218939851863	1.5650081362345727	0.1954829573143752	-0.31344693827367814	0.3745753953611951	0.16447505129765136	1.0
1117000	-20.54190322883316	-17.136580304426506	-3.405322924406655	-8.579256888657614	-8.557323415768892	1.0466265912048276	1.3248790313950969	-0.25009779878726945	-0.27801137388966224	0.8017701762268117	0.3836279409328595	1.0
1118000	-21.88486407547928	-17.355269456063954	-4.529594619415322	-8.645506866087574	-8.70976258997638	1.0127606511754794	0.9406265587583513	-0.3359971737711008	0.7510488251641407	1.4549538964612543	0.12715921469391575	1.0
1119000	-21.556307973801523	-18.969386360239355	-2.5869216135621693	-8.767845904268292	-10.201540455971061	1.4016396488665253	0.6037869103155326	0.2710624022925098	0.07929920749134961	0.6961205259498051	0.20981767026336318	1.0
1120000	-23.175823405343284	-18.821479254562295	-4.354344150780988	-8.586516608116995	-10.2349626464453	1.2163525433122515	0.6069254555695915	-0.6720618714921256	-0.04748955194602922	0.349688709511574	0.11915005333133181	1.0
1121000	-24.037802006394152	-18.346231755930855	-5.691570250463299	-8.49046606530355	-9.855765690627305	1.160557770334447	0.8271902649497023	-0.028835665214228423	-1.4714699670373708	2.1753450159887997	0.9888189784601412	1.0
1122000	-21.49759205723786	-17.296839590330503	-4.200752466907355	-8.544212152221064	-8.752627438109439	1.0464216976992577	1.476242401300101	0.2728690716575052	-0.6318970525879293	0.607095352461006	0.550379525203677	1.0
1123000	-19.81532875065222	-17.059806654938637	-2.755522095713584	-8.567096740330914	-8.492709914607723	1.0174227005622076	1.1806460188905243	0.23105122125177935	-0.16497251470458618	0.9443367693932498	0.23615445054139547	1.0
1124000	-21.53376027538674	-17.41573642470995	-4.1180238506767886	-8.505194490976583	-8.910541933733368	1.156389472726161	0.842934068682658	0.18304170997550884	0.9512576634774006	0.8256522378996153	0.5072888426300542	1.0
1125000	-20.058108735316488	-17.06784569733221	-2.9902630379842767	-8.542407545559936	-8.525438151772272	1.0657037585618225	1.244573668913849	-0.14966074329465337	-0.4131534832829047	1.2894790252966484	0.07973288858708485	1.0
1126000	-25.4731737952592	-20.887162063444002	-4.586011731815198	-12.16633203835705	-8.720830025086954	2.5548647986654456	0.9512821555773243	-0.428493580509449	-0.19973297065736242	0.6541793881718325	0.03932651119880118	1.0
1127000	-23.15171226236545	-17.132292428801975	-6.019419833563474	-8.604857468507541	-8.527434960294434	1.098534282702509	1.2471031600773743	0.6454058350945816	-0.42195102529939943	2.0765245119470017	1.8418024411173075	1.0
1128000	-24.633497996157942	-20.89820846727234	-3.7352895288856036	-10.552589254798473	-10.345619212473865	1.9380326472482932	0.5798688414040108	0.5194081150548502	0.19738163719974341	1.1057770496953192	0.08913706178797368	1.0
1129000	-25.980125049150484	-20.819141724453647	-5.1609833246968355	-9.232637499135365	-11.586504225318283	1.7184011627206237	2.1510513882106608	-0.35240386132086887	0.6065923182258116	0.8315277100122431	0.4382973771711412	1.0
1130000	-21.481021932673368	-19.021288875257515	-2.4597330574158534	-8.699132475858129	-10.322156399399386	0.9247784182038142	0.6077329878601258	0.38520737305468084	-0.23298568070774264	1.7249518401996984	0.04825312836096868	1.0
1131000	-21.369650329978004	-17.748710269005958	-3.620940060972047	-8.877729411627756	-8.870980857378202	1.4127761454603611	0.8686975916257869	0.4492108087882048	0.03049152317653947	1.9148091743722333	0.09415277300861742	1.0
1132000	-19.593341800556868	-17.437136325753304	-2.1562054748035626	-8.624689491117461	-8.812446834635843	1.3283744734930933	1.460345557520905	0.17546136317429858	0.12205602346946404	1.205019691195996	0.03799206938191351	1.0
1133000	-23.683281217079497	-19.82560822102691	-3.8576729960525844	-10.546010560697336	-9.279597660329575	2.1009207169119426	0.7415321897878339	-0.1215169082365713	0.30491824038185483	1.1926374819877357	0.3023908519009986	1.0
1134000	-22.65869315615969	-17.23858666237639	-5.420106493783298	-8.597372988077122	-8.641213674299271	1.367646529874896	1.148883771892688	-0.3022513800146809	-0.7529433434908626	2.0295740501410138	0.3489147559812862	1.0
1135000	-21.912378909508263	-17.445203190502493	-4.4671757190057715	-8.84103160765691	-8.604171582845582	1.3077649346487772	1.3669530046899387	0.708961711801815	-0.45748493549585423	0.5714658192915666	0.42447988054771374	1.0
1136000	-20.333054546968903	-17.176692762893595	-3.156361784075309	-8.65980022466432	-8.516892538229277	1.3570072986763189	1.1199806441304696	0.16752739842943865	-0.24552431387458004	1.317441346281683	0.1987578499405844	1.0
1137000	-20.233303903218474	-17.011141614220247	-3.2221622889982284	-8.500159088236842	-8.510982525983405	1.1800909566704572	1.2468685272305042	0.10623515782161916	-0.2771543757172114	1.9241861029993674	0.07972759408082361	1.0
1138000	-23.388026102633184	-18.51341145286434	-4.874614649768845	-8.778403888587105	-9.735007564277236	0.9345053250714801	0.635003257657339	-0.2743118493054443	1.6666312092217452	1.79845288929854	1.1161239933423512	1.0
1139000	-17.52989917715536	-17.255139466219894	-0.2747597109354669	-8.740742626298287	-8.51439683992161	0.9322049546577527	1.0841257652496723	-0.11149856118313559	0.017518402942769448	1.5105039811954324	0.014770289960554286	1.0
1140000	-21.745637558141695	-18.507220116142125	-3.2384174419995704	-8.6338316058945	-9.873388510247626	1.3993101788325448	0.6302784842910143	-0.4054470364670242	0.4358063844399939	0.7040812513668734	0.1714630148834563	1.0
1141000	-21.700062553519686	-17.28716995876917	-4.412892594750518	-8.773923297259604	-8.513246661509566	1.4538008970945375	1.2337178162423486	-0.8377321977708524	0.042033825671039075	0.8309452275001409	0.2953792272340676	1.0
1142000	-20.593465036681945	-17.11100911784689	-3.4824559188350555	-8.556915106288574	-8.554094011558314	1.1577591180217914	1.0351379835279926	0.4344868433593467	0.2951779055928901	0.7298276562966416	0.39128480790322656	1.0
1143000	-25.582592253718797	-21.647258516398296	-3.9353337373205015	-8.547812519333858	-13.099445997064436	1.2041569610620029	2.6473154808898633	0.3145420006320911	0.05065758416789812	0.3509336467140225	0.20193850952061737	1.0
1144000	-19.719413472394425	-18.069371494898363	-1.650041977496064	-8.892245662027825	-9.177125832870539	1.5558932649907657	0.7784895343358095	-0.23313526244293084	0.0719689745708022	0.9686451560589493	0.02811557685530297	1.0
1145000	-20.67139578246237	-18.12321757083412	-2.5481782116282465	-8.61960799403993	-9.50360957679419	0.9750802947704872	0.7245675139773767	0.3524845484309421	-0.13330108927322537	0.4816239806819889	0.10758183577553217	1.0
1146000	-24.73542480283765	-20.255386063449613	-4.480038739388034	-11.667300513233865	-8.588085550215746	0.4704074687761301	1.1685568239694688	-0.1343988286627667	0.5181960006092656	0.7196429610507074	0.03430428054049101	1.0
1147000	-20.264465154593744	-18.358055688545495	-1.9064094660482485	-8.597682863487282	-9.760372825058212	0.9928375256988055	0.6644318928902362	0.13730018883473505	0.10531914955361643	1.3133306833458993	0.19396756414620175	1.0
1148000	-24.877763214162435	-19.083318724132383	-5.7944444900300525	-10.350580572294064	-8.732738151838317	2.1169577142834575	1.4360268668381622	-0.9449274559528335	0.009707450662454556	0.508475253876007	1.70927335105338	1.0
1149000	-26.982444698270164	-20.763065999817265	-6.219378698452902	-11.426187942625244	-9.33687805719202	0.4503030901302003	1.645323887335731	0.840259555859594	0.2906422016323562	0.35709268949986295	0.1026654056262639	1.0
1150000	-20.540033320973443	-18.239880216386815	-2.3001531045866264	-9.72814699340304	-8.511733222983773	0.6675483868643167	1.1076734720364885	0.13935470405471934	-0.1497076273766167	1.3665166042115986	0.24023719517566403	1.0
1151000	-23.384374335449504	-17.915333954873958	-5.469040380575546	-9.282491513995065	-8.632842440878893	1.5246084903939756	1.3014295345265776	0.6488848715389247	0.3029307116782201	0.39632584500565166	1.6576714322073074	1.0
1152000	-18.10142564143436	-17.498798937474668	-0.6026267039596933	-8.979181445410571	-8.519617492064095	0.8271514233537857	1.2561644927055529	0.1306271137268821	-0.018136048997345056	1.4411038071568905	0.018962044293527876	1.0
1153000	-20.517685556165045	-17.236281572340786	-3.281403983824259	-8.625969729568448	-8.610311842772337	1.3905906466073188	1.0165936436744216	-0.43596989922058355	-0.2132470543132985	0.5396872495847345	0.16436940217611054	1.0
1154000	-21.650076557985404	-18.443051078092036	-3.2070254798933675	-8.522235853217484	-9.920815224874552	1.072396476318002	1.8149623446228806	0.17359104243432213	0.35623629660946887	0.45017496910971083	0.09524830174564303	1.0
1155000	-20.925322989959643	-17.124960277106545	-3.800362712853098	-8.557011590376524	-8.567948686730023	1.322223542129571	1.3081114092428607	-0.33646873935423766	-0.5143399131306067	0.5637642568396893	0.18801198244577527	1.0
1156000	-21.78164244082753	-17.395519675989792	-4.3861227648377366	-8.832106388337317	-8.563413287652475	1.5344881000843913	1.2647177388960162	-0.5504416732439265	-0.5782922553912394	0.6325998027893605	0.28849701275554474	1.0
1157000	-19.00667099076015	-17.34981687239231	-1.6568541183678396	-8.49833132396712	-8.851485548425188	1.1211381497714388	0.8645859353196057	-0.039573098304160836	0.20110503078027736	1.096018790054831	0.09006054745562356	1.0
1158000	-22.08592274925291	-18.05439516624469	-4.031527583008218	-8.497727287901355	-9.556667878343331	1.205799323569214	1.7007923918177383	-0.22564524399953423	0.3655327266132372	0.44429394588909454	0.03508591248162254	1.0
1159000	-27.75133141429508	-21.5739371436916	-6.177394270603479	-11.527240190102777	-10.046696953588825	0.8649144028603643	0.5861511324632452	-2.9024373656095146	2.0061306503021266	1.290503387735924	3.7765035972969843	1.0
1160000	-23.75488882832435	-17.63179250782281	-6.123096320501543	-9.035146241712786	-8.596646266110024	0.8922160580448383	1.3666466169914253	1.528062815918398	-0.2773813918080752	0.35765678829924685	2.60784410752863	1.0
1161000	-22.523352861030077	-18.91708537193088	-3.6062674890991975	-10.294930839047996	-8.622154532882883	0.6582378020726636	1.0087915143657118	-0.8201390661478388	-0.21561082263911024	0.925433884167211	0.5730744822806398	1.0
1162000	-24.70471842831361	-20.9418407274187	-3.7628777008949084	-11.965567547121898	-8.976273180296804	0.44816819508120115	0.9496661672761577	-0.13859193380403154	-0.826323542202663	0.6421355839261991	0.20110081802724453	1.0
1163000	-24.310563589593976	-17.807106986443152	-6.5034566031508225	-8.74046294941531	-9.06664403702784	1.3777279866658976	1.2040252844462054	-0.939668625150134	-1.4827168382555316	0.8603402622124253	0.56911416249211	1.0
1164000	-23.499204812413105	-20.02036306968141	-3.478841742731696	-11.25969415888109	-8.760668910800321	0.4705627564705208	1.0017375901329615	0.6410042970749198	-0.6144357033799823	1.6052066469399222	0.2368251756542962	1.0
1165000	-21.435514467287582	-17.236890372785407	-4.198624094502174	-8.687216547633694	-8.549673825151713	1.0966146060854545	1.1967880354528324	-0.7583532496049566	0.33827089309282043	0.8245660273905352	0.20908878060208627	1.0
1166000	-21.266971617272763	-18.86560652541122	-2.401365091861542	-10.31054508818751	-8.55506143722371	0.6184686761764332	1.0290898486310658	-0.36739672248859734	0.17690245747032118	0.6196906300720276	0.12491929503494441	1.0
1167000	-18.88315886335594	-17.25948476507653	-1.6236740982794136	-8.618469045749963	-8.641015719326564	0.9768382535824305	1.3930941781269464	0.17209557886878862	-0.12272462368045056	0.6507228660465597	0.044012827877432055	1.0
1168000	-22.312009681666574	-17.535857373511746	-4.776152308154829	-8.503657525387247	-9.032199848124499	1.2362761417351644	1.540063953321032	-0.2034139436158553	0.23538226499590992	1.2663335402882967	0.8503087286410254	1.0
1169000	-20.79140486752666	-17.020197767966636	-3.771207099560021	-8.514240672811583	-8.50595709515505	1.2552465148658094	1.2402448342735788	-0.07724244359935306	-0.22861959308213575	1.0684255171366217	0.518563322920463	1.0
1170000	-20.141643750412598	-17.68337291363194	-2.458270836780658	-8.50792383275461	-9.175449080877328	1.1421258311625344	0.7721626639369605	0.21279484862148892	0.1781482201830777	0.6084612123659255	0.17163443991477492	1.0
1171000	-19.272099138834204	-17.038170597274537	-2.2339285415596684	-8.538796055174847	-8.49937454209969	1.2083652507411669	1.1261028148884793	0.26753996377532335	-0.10249910050205346	1.3884977020041094	0.037477171337839794	1.0
1172000	-21.698647540441137	-18.287670911032365	-3.4109766294087738	-9.254003571471767	-9.0336673395606	1.714042230538067	0.8368262504070291	-0.23211326713801772	-0.18808756469325166	1.0270159524090088	0.3224650015347925	1.0
1173000	-19.576323317729937	-17.157489821151202	-2.418833496578736	-8.666179370041963	-8.49131045110924	0.9436497431807667	1.1521970101842032	0.35014898752265794	-0.06354596461647666	1.5099476173007136	0.06374889319117852	1.0
1174000	-20.811429140708785	-18.136693398036158	-2.6747357426726284	-9.463004835343405	-8.673688562692751	1.7714675485765587	0.9674545169538228	-0.09989496332338496	-0.13297936123225723	0.2594034545390946	0.06082433563455632	1.0
1175000	-20.816673128922915	-17.05441916715209	-3.762253961770823	-8.51528900530637	-8.53913016184572	1.1447805503086732	1.2552043092317389	0.2610489055378149	-0.4775443381334092	1.4356451166672763	0.2475306082663398	1.0
1176000	-23.412416230158804	-17.854163903883382	-5.558252326275421	-8.968516909102	-8.885646994781382	1.218458424257103	1.5381470385710387	-1.3690737442588619	-0.11168827756710592	0.6883955123517485	1.6631327753707021	1.0
1177000	-17.60915231576825	-16.996454183377885	-0.6126981323903626	-8.49899998347706	-8.497454199900826	1.1200729610824944	1.1262904813058678	-0.048247458978567415	-0.06559654519125555	0.42677805207526565	0.0168455388223644	1.0
1178000	-21.560711383669194	-18.512186289619635	-3.0485250940495603	-8.501628239095362	-10.010558050524272	1.1477585355191229	1.9579762321008878	-0.21507806559067782	-0.16484689743767453	0.8353279388301137	0.014913487844148875	1.0
1179000	-19.353161087308692	-17.317256173883486	-2.0359049134252065	-8.672013530656738	-8.645242643226748	1.4250864068632638	0.9723205618620525	-0.2209689758489777	-0.02237638838627188	1.0487878850035934	0.07957908664672948	1.0
1180000	-20.816589805116156	-18.058814007541308	-2.7577757975748485	-9.100129831316895	-8.958684176224413	0.8214793541635005	0.826650898756229	-0.21875550017015064	0.2475409458906183	0.97410583846005	0.41978674179230596	1.0
1181000	-22.683900188596816	-17.678782917932608	-5.005117270664206	-8.58726297915895	-9.09151993877366	1.2514604946768748	1.6628979015782508	-0.6731012418693689	-0.7381724428306293	0.9388823740895155	0.5042878517697201	1.0
1182000	-22.849002338833508	-18.036193411158173	-4.812808927675334	-8.602320947558429	-9.433872463599746	0.9996688604229771	0.8451217484568844	0.4778487865184008	-1.0302652935550634	2.123531172566638	0.6906119070520406	1.0
1183000	-19.954515411172896	-17.54546788246011	-2.409047528712788	-8.507758241005163	-9.037709641454947	1.2112093064876834	0.7992439709941545	0.08524592539266085	0.3394395465975346	1.6873118628138923	0.07453516465719359	1.0
1184000	-22.96461675248333	-18.411210117149665	-4.553406635333666	-9.045100680067062	-9.366109437082605	1.3086468305615149	0.7082946300229999	0.9863455278571511	0.7043500115365966	0.9099181599401074	0.7271115471813386	1.0
1185000	-21.269381224256012	-17.18432122190049	-4.0850600023555215	-8.586028165266978	-8.598293056633512	1.12224296930289	1.2535417410225997	0.5714611781350319	0.35429807713954165	1.293505415345924	0.131764197565782	1.0
1186000	-25.5139480743115	-19.64659552329426	-5.867352551017239	-10.54501998376832	-9.101575539525937	2.040770424103397	1.647541218403549	0.1463925192785984	-0.9214945342546004	1.0671535405025532	0.3177133678916673	1.0
1187000	-20.623846450587468	-17.183914426599692	-3.4399320239877764	-8.556824415175127	-8.627090011424565	1.1717974867415863	0.9716466809012658	0.4124398649632003	0.15850481527829377	1.2566240613737083	0.03646814896793899	1.0
1188000	-23.113148612767507	-18.484679097908348	-4.628469514859158	-9.946706082966983	-8.537973014941365	1.9425764972733797	1.2983702512510247	-0.18766782920298736	-0.17015373233250553	1.9320456592614836	0.07612301465762455	1.0
1189000	-18.33567193318751	-17.126747764472782	-1.2089241687147256	-8.521480061717037	-8.605267702755746	1.0963913386247197	0.9910041489238971	-0.17475226128496513	0.06659424829423981	0.7419852813099871	0.04050461078979929	1.0
1190000	-21.09863438019657	-17.233958709652185	-3.8646756705443863	-8.7153762010261	-8.518582508626086	0.9497260493489084	1.1520230278341743	-0.16426458780897857	-0.34407106493146744	0.4982050071028058	0.5837366080165176	1.0
1191000	-21.202092415303227	-17.40988894375331	-3.792203471549918	-8.744424984838398	-8.665463958914913	0.9496236210247796	1.4097340747580442	-0.2739158480531064	-0.5946772449499234	0.7448435069953052	0.3898634533146375	1.0
1192000	-18.99355306350816	-17.25004730816451	-1.7435057553436495	-8.722615042446522	-8.52743226571799	1.4357440017600371	1.2813185764146424	-0.026752065957914684	-0.13193597902284687	0.6352607186384446	0.05551658469664589	1.0
1193000	-22.219977610381953	-18.66079705019707	-3.5591805601848856	-9.295522444981204	-9.365274605215863	0.8014389874189505	1.7283727114065988	-0.48987922094237346	-0.05071833462553481	0.8686445052344594	0.3213395475950814	1.0
1194000	-20.805798659503935	-18.844184710527433	-1.9616139489765017	-10.07149194839706	-8.772692762130372	0.6286851515926752	0.8913972079287388	-0.05306196843685046	0.29042386605958026	0.486551573179491	0.030189492762410446	1.0
1195000	-21.260235068870376	-17.736563116036294	-3.523671952834083	-8.70629198715103	-9.030271128885266	0.9648543191218286	1.5200641915027875	-0.2496787324629595	0.31417571049896154	1.1746292993499445	0.3101146037451528	1.0
1196000	-23.364023931763718	-20.060490515754942	-3.3035334160087775	-10.441878747220747	-9.618611768534198	0.6391317108642022	0.694348643911851	-0.8287700753848001	0.00034788729286222564	1.0080609325190968	0.70487200428457	1.0
1197000	-21.430149736007888	-18.582064558806742	-2.848085177201146	-9.378529002111112	-9.20353555669563	0.7654176449356788	1.6825379776269227	-0.3209315550191543	-0.14495257671763256	1.0004950213535517	0.16185508194500164	1.0
1198000	-20.121090358640092	-17.10356014250347	-3.017530216136623	-8.546595910517762	-8.556964231985706	1.0646282662660562	1.0679052884798645	-0.17207895236270135	0.45437805876031867	1.3442322892887981	0.15971874618375032	1.0
1199000	-22.287021925096344	-18.408047685696832	-3.8789742393995112	-8.581383981566743	-9.82666370413009	1.3426810779133382	0.6555682321070745	-0.12262284871055695	0.08201434428782702	1.991121700742497	0.5600704804051814	1.0
1200000	-21.699874673257092	-17.844610767321125	-3.8552639059359666	-9.13382776889093	-8.710782998430195	1.6847895103991375	1.3929821451119286	-0.4652094011114198	0.16087537657516854	0.9468757444794123	0.19879621098994246	1.0
1201000	-20.06130244825332	-18.199968242790185	-1.8613342054631346	-8.656398702668463	-9.543569540121721	0.9598294703074335	1.8033382259628468	0.0545982514077956	-0.12503412444312595	0.6542758546426617	0.06182764894533392	1.0
1202000	-20.057776227050077	-19.364793857743233	-0.6929823693068438	-9.72806913231441	-9.636724725428824	0.6651042672249092	0.7002187750745918	0.182502144512866	-0.12839618244224896	1.324606766594784	0.06074926815152207	1.0
1203000	-24.531614257424213	-20.35669420008049	-4.174920057343722	-9.203414064282132	-11.153280135798358	1.566062838823492	2.1411385627181914	0.4062558371816418	0.3301938925724688	0.695688597151288	0.11303227595071291	1.0
1204000	-17.89614830083669	-17.1580572700666	-0.7380910307700883	-8.497426204267873	-8.660631065798725	1.1412993498568205	1.383708221361225	0.11127697268960696	0.03913822344459217	0.8904495771892396	0.019509904113862442	1.0
1205000	-19.985699557901388	-17.090765821519756	-2.894933736381632	-8.512116198379026	-8.57864962314073	1.1480235001916286	1.3290835483522312	-0.29639118542544884	-0.03442387345599529	1.6842524955656204	0.05978955338781855	1.0
1206000	-19.054468774951598	-17.20687931310151	-1.847589461850088	-8.713525422547265	-8.493353890554246	0.9262804853274524	1.1972248124596994	0.11512348307993106	-0.040064558650487525	0.4278170215078706	0.06664656987757314	1.0
1207000	-19.517609306848264	-17.251926469153453	-2.2656828376948113	-8.719869224420503	-8.53205724473295	0.9235592004660496	1.1066932992511807	0.11044367542527289	0.3614777569495751	0.8247731042278215	0.06359403210963437	1.0
1208000	-21.687351744288875	-17.240093384202524	-4.447258360086353	-8.74854391729349	-8.491549466909031	1.3583398601682193	1.1649539146278955	0.388833205667287	-0.12275726305507728	0.18397615091858385	0.04432543591499935	1.0
1209000	-28.5259931585808	-19.691409896544865	-8.834583262035935	-9.731031521888688	-9.960378374656177	1.5437882376260166	1.0724977231422474	-1.9591210521871367	-2.18839972598212	1.0855449901076797	0.9978475674142057	1.0
1210000	-20.63355805100545	-17.652599320855792	-2.9809587301496596	-8.766847304957615	-8.885752015898177	0.8907917372139843	0.864994588729259	0.470075836023487	0.01271934601668867	1.8027980857625574	0.2961387200873083	1.0
1211000	-18.432546131117586	-17.006442266912522	-1.4261038642050636	-8.510153718627308	-8.496288548285214	1.1060796318997745	1.1317665534067671	0.19897878704568975	-0.07985793233205318	0.9826592035933271	0.03985448828910652	1.0
1212000	-19.103006739089306	-17.21746154547905	-1.8855451936102567	-8.709433268713402	-8.508028276765648	1.4404342023877192	1.095407325237861	-0.12025932132514011	0.019231331514231786	0.42521459175029597	0.05658625306747215	1.0
1213000	-21.14046629186715	-18.06023252622694	-3.080233765640207	-8.696544596451295	-9.363687929775645	1.301793015161024	0.7250413959551663	0.45989309687301216	0.2816723544041022	1.2700286339858469	0.21962547889980596	1.0
1214000	-23.255517459699213	-19.69773615132607	-3.5577813083731433	-8.842386503980906	-10.855349647345163	0.9319405942085424	2.107723863951811	-0.4440148316501348	0.19265851719509502	0.6866845930936938	0.09430266154313402	1.0
1215000	-23.806515203112145	-17.124633263127407	-6.681881939984738	-8.495461687171055	-8.629171575956352	1.1906347835385453	1.0901620549102284	0.02681953622590877	0.7192119312845093	0.3716871241783423	0.05209500734582977	1.0
1216000	-27.12192690048217	-22.01487974794557	-5.107047152536597	-8.56763109422134	-13.44724865372423	1.320646583057975	2.5931933849002773	-0.0514892151155475	0.4292721771474512	0.6877724221431943	0.02723189169064704	1.0
1217000	-19.89364731920293	-17.298679825335014	-2.594967493867915	-8.554345355464358	-8.744334469870658	1.040477413629785	1.4138569153632765	-0.0415851738810096	0.1599971404568995	1.0780605886550814	0.1615244752931634	1.0
1218000	-19.871190173597522	-17.031705377801316	-2.8394847957962064	-8.518341297762236	-8.513364080039082	1.1172974167781848	1.109421971634098	0.2836204920128372	0.23771276469706937	0.5998679719950292	0.17369887135790973	1.0
1219000	-20.874242985384797	-17.417188312052097	-3.4570546733326997	-8.707519575078962	-8.709668736973137	1.424120501883378	1.4099417729666108	-0.013369628552907714	0.07499498742923891	0.301752480851491	0.19255518222411003	1.0
1220000	-22.202403636047798	-17.99317156829922	-4.209232067748576	-9.435348042854052	-8.557823525445169	1.8111936050515236	1.093045541291738	-0.6037400645384581	-0.36478686534405247	0.7367160433303996	0.29129626112822365	1.0
1221000	-21.01014480617288	-17.535194704864452	-3.4749501013084316	-8.581062578010263	-8.954132126854187	1.0409622506218605	1.525625084290935	-0.22573515177017528	0.1449001090601526	1.0373062388391259	0.3480633816750627	1.0
1222000	-19.4049307486699	-17.382107172165753	-2.0228235765041473	-8.735557642020119	-8.646549530145636	1.4116297641120914	0.9937001711094999	0.14585838831129333	-0.2188424375324533	1.1892534596187772	0.04569267335708175	1.0
1223000	-24.585806333460738	-18.08171390365368	-6.5040924298070575	-9.582928617753412	-8.498785285900267	0.7557497213262045	1.1927869072366502	-0.6305450764411576	0.06118912876908811	3.0978952257187866	0.05220361477517757	1.0
1224000	-20.718381933537245	-17.823626407306634	-2.89475552623061	-8.845553606428998	-8.978072800877634	0.8886393113549856	0.8240429903968071	-0.09868100013279257	0.1875469627709041	0.5112407799139699	0.2899674437102634	1.0
1225000	-19.310923238329437	-17.224320717695644	-2.086602520633795	-8.732555330609467	-8.491765387086177	1.4022199324291893	1.1867370969027378	0.18040313747986098	-0.1391489378337147	0.9430176405441116	0.0676183463362849	1.0
1226000	-20.487104842014542	-17.30003051118904	-3.187074330825502	-8.797869463410429	-8.50216104777861	0.8777687762397037	1.1080191668106185	0.5971015655734028	0.030639816891574717	0.9511832574715577	0.2760136688672787	1.0
1227000	-23.03006297596453	-17.213555907547523	-5.816507068417007	-8.60543667938582	-8.608119228161705	1.2509793451186286	1.0484773922307358	0.38254232828462703	0.6498231859526784	0.5373724693118906	0.0678265429006104	1.0
1228000	-25.577533168435806	-19.065609934463225	-6.511923233972583	-10.070255986397122	-8.995353948066104	0.5825110478557048	1.2260540623957532	1.0432871040540654	1.119781171998412	1.7622150134035466	0.30852470817181493	1.0
1229000	-20.26043706934744	-17.132970954372666	-3.127466114974774	-8.606953009185345	-8.52601794518732	1.3737994563625076	1.154974264391054	-0.22031595307683832	-0.38896154448289044	1.0739546251617174	0.12283535704646005	1.0
1230000	-20.53499495403398	-17.69869662564312	-2.8362983283908614	-9.11363200021299	-8.58506462543013	0.845644508779084	1.001378234767574	-0.4709297788544389	0.2696912424309121	1.4021179588703703	0.1440687594559776	1.0
1231000	-22.668795376195586	-17.531856574543127	-5.136938801652458	-8.915978068965217	-8.615878505577909	1.3538394546612775	1.2000835319816914	0.6946469174448493	0.5346586376452951	0.38474380036118716	0.18218440825372215	1.0
1232000	-21.391700564756338	-18.441494950523918	-2.95020561423242	-8.91491383721632	-9.526581113307596	0.8562378907629512	0.7594326440956143	0.0009554158881953934	-0.5624104290697287	0.7410123342994113	0.09433253872757004	1.0
1233000	-20.949406309467168	-17.62367095358838	-3.3257353558787885	-8.744493777291408	-8.879177176296974	0.9014864939723338	1.5419602618119996	0.41767225133202857	-0.16645042532361326	0.4144958741420724	0.11250750038098735	1.0
1234000	-23.526960195467858	-17.999268296997172	-5.527691898470685	-8.833338123788337	-9.165930173208833	1.2710093714141164	1.6801077237487942	0.7920788229185298	-0.24159750423716173	1.0262212191479692	0.12157519328748581	1.0
1235000	-22.832404956575022	-17.782952568389714	-5.049452388185309	-8.70883365704763	-9.074118911342083	0.9976142857686064	1.657806425043311	0.9155272701326949	-0.6802189421123179	0.9130412595498443	0.5044629615606114	1.0
1236000	-21.101924680026833	-17.64610532797342	-3.455819352053414	-8.525623448246513	-9.120481879726906	1.140600886459956	0.7694341559793739	0.321720765849566	0.5547640530277659	0.757205908546818	0.41449510340701573	1.0
1237000	-20.88457135865745	-17.203826865182506	-3.680744493474944	-8.706734111509768	-8.497092753672739	0.928527498168396	1.165379878819781	0.6253877527289904	-0.2090240563994692	0.6178699816210362	0.14015149829638776	1.0
1238000	-22.339470453568218	-18.042610359424557	-4.296860094143659	-8.76667352000855	-9.275936839416007	1.0457191872620635	0.7598894726940166	1.0581557854757893	0.013638294709444443	1.2986155044043584	1.172702390092588	1.0
1239000	-21.84723861703388	-17.766152892119756	-4.081085724914125	-9.228011480250121	-8.538141411869635	0.7833090144080583	1.0496971551910217	-0.14839895984625062	0.06630541054026884	3.14011850052053	0.2804889972192531	1.0
1240000	-20.420585825873815	-17.02187859850907	-3.3987072273647447	-8.513861753358427	-8.508016845150644	1.1209860949318486	1.1608743317188133	-0.22763287623773043	-0.2949916331316035	1.8874321039189237	0.1385214088267788	1.0
1241000	-22.0724806127999	-19.12854614409164	-2.943934468708261	-10.360420899668085	-8.768125244423555	2.0813752682162114	1.4615285235806061	-0.30308579607209785	-0.018163225386968518	0.5230536882947356	0.035924277919858874	1.0
1242000	-21.057624258093927	-17.885157642538406	-3.1724666155555203	-9.3351831024058	-8.549974540132606	0.7294689976965538	1.0367506856892033	0.30971761365543204	0.24638917877988697	0.332692323806243	0.12460412890588882	1.0
1243000	-21.0217784545794	-17.791945857541307	-3.2298325970380937	-9.145540349868241	-8.646405507673064	1.6603508888156409	1.4108705919629392	-0.1526711588433436	-0.34557359460529696	0.8730454659618818	0.10924874632407551	1.0
1244000	-22.4909488661333	-17.271920810079287	-5.219028056054015	-8.7142531162152	-8.557667693864088	1.4112591085678692	1.3230261241853127	0.08320513235387134	-0.18243850371925535	2.1136855323507313	0.3853630235423184	1.0
1245000	-19.470146559020584	-17.30727558901497	-2.1628709700056143	-8.791114687877638	-8.516160901137333	0.9176946542598505	1.2576505720806597	-0.17801581144994694	-0.06920795200089423	1.1021375292191016	0.13334456011811327	1.0
1246000	-24.16398937414246	-20.65863366324568	-3.5053557108967786	-10.550744089887196	-10.107889573358483	2.128432191895726	1.9170112855327122	-0.26737120670855896	0.16787413064800016	0.7444066608464595	0.07307330092325769	1.0
1247000	-21.672483106314335	-18.149657814933867	-3.522825291380466	-9.50952369490539	-8.640134120028478	1.7916494848036555	0.9607543633862263	-0.12462722832461803	0.2422588132361534	0.582010234550272	0.32877228925793317	1.0
1248000	-23.396292333876115	-17.92032423141894	-5.475968102457173	-8.545397900972908	-9.374926330446034	1.2662152235347364	0.7609923013348379	0.10989177880045498	1.8797688002048716	0.9073475990080052	2.3055690758206295	1.0
1249000	-19.580023508184407	-17.977299441443826	-1.6027240667405824	-8.527637277493945	-9.449662163949883	1.0836502772796743	0.7123021896073846	-0.15111667703775264	0.2048619536350852	0.776101527582532	0.07795911837033803	1.0
1250000	-20.701622744275642	-19.325001665464857	-1.3766210788107855	-8.718340811936333	-10.606660853528524	1.4301826532868245	0.5550708613166616	-0.008569678589889967	0.1077121586031582	0.93329968399236	0.08005243279839565	1.0
1251000	-22.050022921149626	-18.139044890950977	-3.910978030198647	-8.55905822529208	-9.579986665658897	1.2334297663763327	1.6577018079902124	0.2814271556440412	0.5452015635002389	0.7478021377335367	0.18799185888670897	1.0
1252000	-18.986154626358484	-17.341409274309036	-1.6447453520494482	-8.773688887507282	-8.567720386801756	1.4353459652277467	1.0165842843829962	0.13945349342106733	0.17795848696755048	0.9068286369340182	0.036255515946811256	1.0
1253000	-21.080611086726183	-17.394665932288436	-3.6859451544377455	-8.863139044611584	-8.531526887676852	1.4090349397602524	1.085055669972533	0.43631818484321233	-0.18876384305130967	1.4134698377306745	0.06416395662865346	1.0
1254000	-24.201518676687474	-20.819499304313318	-3.382019372374156	-11.018773643727553	-9.800725660585767	2.236470255546119	1.837484250343435	-0.18785051662839874	0.12235951217006419	0.2628159607399138	0.0814587951230531	1.0
1255000	-19.62637382904307	-17.161900543808308	-2.464473285234765	-8.551465741614548	-8.610434802193758	1.3168373831866622	1.3499552837327655	-0.20331547868235322	0.012223543096682665	0.41922418373526954	0.08398971193353912	1.0
1256000	-21.956421273317865	-17.288376958901537	-4.6680443144163295	-8.497957411339721	-8.790419547561818	1.1228095698665927	1.1432000159430333	-0.04647649778040208	-1.0424660309926346	0.8498685881336225	0.3125303954548892	1.0
1257000	-20.495792734164333	-17.229456996802515	-3.2663357373618185	-8.503098696850452	-8.726358299952063	1.2298348802331889	1.432753852903279	-0.05338057676879682	0.005969639553626838	2.2092964626954785	0.05531449904482304	1.0
1258000	-19.311937311497363	-18.271549663057336	-1.040387648440027	-9.673957623182611	-8.597592039874723	0.6877263021460555	1.3491560092346697	-0.0409997043107766	-0.053645766590527666	0.9962711740540233	0.05643661060663704	1.0
1259000	-20.8055882074643	-18.8067581085691	-1.9988300988952006	-9.329391621258237	-9.477366487310864	0.7802632374076985	0.7375099455489106	-0.3641877603636892	-0.23221207044315806	0.9815560100087674	0.10440331581618119	1.0
1260000	-19.791037789729682	-17.217321169129686	-2.5737166205999964	-8.648585180208139	-8.568735988921548	1.3245991619746549	1.0168485778977674	0.26483640617766246	0.2689070728601016	1.066270028799498	0.06225752377077851	1.0
1261000	-21.55007052352145	-17.91129957078916	-3.6387709527322887	-8.609563775847397	-9.301735794941766	1.370835831670406	1.6752679715081793	-0.47411885005436094	0.10489418783756785	0.6716309307624592	0.07822909709300215	1.0
1262000	-22.038762619054076	-17.84014319870979	-4.198619420344288	-8.802882127686196	-9.037261071023591	1.406523730033584	1.5178772298472498	0.3291058442558291	0.3345593981657268	0.9857955266236763	0.4518281484251798	1.0
1263000	-21.54881196574047	-17.04704168263568	-4.501770283104788	-8.547092602464264	-8.499949080171417	1.1354924673232514	1.2055175933199989	0.42286173802049143	-0.25489877992029325	1.6481611380454748	0.6893795519281977	1.0
1264000	-21.045980269617544	-17.854916194674114	-3.19106407494343	-9.27392663898374	-8.580989555690374	1.7219321694941856	1.3512703889539246	-0.23360519997175125	-0.29626648819679374	0.9200549883044963	0.07545636170901983	1.0
1265000	-22.529927971410054	-17.431964544466982	-5.097963426943069	-8.7375838455587	-8.694380698908283	1.1948808674983762	1.0183022815631617	0.804416781116156	0.8935678228926769	0.8100957177614623	0.34030495263810406	1.0
1266000	-21.883725028554373	-18.23639938295146	-3.647325645602912	-8.790961626057822	-9.44543775689364	0.925812206129836	1.8110391340082623	-0.2473932526954415	-0.5027768052444609	0.641567392558695	0.19036950911752595	1.0
1267000	-19.582686545587837	-17.632844199389766	-1.9498423461980714	-9.137732984180397	-8.495111215209366	0.7906020217984481	1.1971082951508167	0.03591166963507121	-0.0022409524523036434	0.7912666964104847	0.144632414138949	1.0
1268000	-20.819027686102594	-17.106485567606548	-3.7125421184960463	-8.559963646075243	-8.546521921531303	1.0440031808468577	1.038741860242977	0.40852262835446995	0.19151003668867372	0.9561528086235949	0.7039717425783657	1.0
1269000	-23.066118502247576	-21.502927713633426	-1.5631907886141523	-8.705301330891862	-12.797626382741562	0.9614115247552047	0.38617086701549236	-0.2196810101883055	0.0581417227703564	1.148624843793211	0.18551863082213083	1.0
1270000	-19.976285260980074	-17.269090292427315	-2.7071949685527583	-8.514024463832316	-8.755065828594999	1.106489446986374	0.9634954571151008	-0.16488807105855602	-0.40163044073164866	0.7291857939470072	0.14881177337748322	1.0
1271000	-19.304581965327735	-17.397244618135538	-1.9073373471921984	-8.753665287212161	-8.643579330923378	0.9312849052512763	0.9583103915603319	-0.15718898727583647	0.2564764710112646	0.6516031745589974	0.06889762185162879	1.0
1272000	-18.095370836882612	-17.038692927444053	-1.0566779094385597	-8.504419034829688	-8.534273892614367	1.1043473036562383	1.2791390533852713	-0.012202976508671137	-0.02922703419468059	1.0577646435590162	0.04066509737435182	1.0
1273000	-20.716076340642754	-17.882959594372366	-2.8331167462703872	-8.815430665463893	-9.067528928908471	1.4034492056937482	0.7942590329370732	0.3661371595877346	0.2720783508304992	1.0633395123293183	0.14221219981937386	1.0
1274000	-22.897319910413366	-17.548873364052703	-5.3484465463606625	-8.722582142775392	-8.826291221277312	1.0055364284712263	0.8664294542671384	-0.5360829192676562	0.3971630928047023	0.41580425407220484	2.423684541777157	1.0
1275000	-20.938799905484593	-17.651327049473068	-3.2874728560115276	-8.796370942563303	-8.854956106909764	0.9645938461832999	0.9082697223103356	-0.5202654258612655	-0.30944510761320926	0.8185736260765859	0.3811531784529023	1.0
1276000	-22.18798141875638	-18.448481423723024	-3.7394999950333574	-9.725041761120547	-8.723439662602475	1.7932460515571098	0.9558835109659773	0.21181168934639988	-0.24613420297513766	0.19086666189684998	0.04685390468278426	1.0
1277000	-20.650020228772565	-17.680324419830395	-2.9696958089421694	-8.566700622120651	-9.113623797709744	1.0335347381774134	1.6326420047104837	0.41012107196877995	-0.05688329307057523	0.7253157263217043	0.07352314704894365	1.0
1278000	-20.858123861935734	-17.34823323425347	-3.509890627682265	-8.807096331524642	-8.54113690272883	0.9687380653140772	1.049980121248124	-0.5686087062937588	0.2636844135216946	0.7222850321385456	0.11218843265572649	1.0
1279000	-19.93895938309059	-17.1256472330977	-2.8133121499928944	-8.563364772815646	-8.562282460282052	1.0399698209922006	1.2250417819010677	-0.11267447933575969	0.31630792534997976	1.2167203040437826	0.1835523287694491	1.0
1280000	-24.37144812532255	-20.83727817531287	-3.5341699500096815	-10.985017371716463	-9.852260803596408	0.5952309553994327	0.646854095814684	-1.0722602088990127	0.1663172261949902	1.0240892853676054	0.6247327960198926	1.0
1281000	-20.344561113569327	-18.139333698762634	-2.2052274148066915	-9.262727843395465	-8.876605855367167	1.6570966760281853	1.5177129587336329	0.12258350793937312	-0.007830721858533118	1.2254421359574181	0.035913021574110096	1.0
1282000	-22.340714479011858	-17.216017362899514	-5.124697116112346	-8.57115686319995	-8.644860499699561	1.013313437215555	1.3619954418808733	0.19138969209865542	-0.6993909463386797	0.22117375232897762	0.1807270811160884	1.0
1283000	-22.68383599406256	-19.960791974969823	-2.7230440190927356	-9.993430444482868	-9.967361530486954	0.6467024990100009	1.9604754720496114	-0.16209169079604918	-0.2627877593564037	1.0870539240752102	0.10843372913611346	1.0
1284000	-20.645016229515416	-17.347199692180265	-3.297816537335152	-8.533690899599044	-8.81350879258122	1.1662093659828145	1.509499458867482	-0.4430315052489522	-0.18532471524445326	0.8868207228796925	0.13006096362568523	1.0
1285000	-21.115434509628518	-17.170753825262345	-3.9446806843661713	-8.677395839768646	-8.4933579854937	1.185874912582836	1.203090417424091	0.705137877455902	-0.09637126273103322	0.845030077721756	0.15971611877362352	1.0
1286000	-21.94598914382011	-18.358858080527675	-3.587131063292437	-8.683326767403809	-9.675531313123866	0.9740725413165768	1.8381284234035682	-0.22897499948584077	-0.07358024818712522	0.3460661147528726	0.229402066883302	1.0
1287000	-19.383284912677535	-17.39422716396253	-1.9890577487150063	-8.617793195358791	-8.776433968603738	0.9805834216044749	1.4675406167929206	0.09886571689458795	-0.02609349104093049	0.5413354536943494	0.0851898829131003	1.0
1288000	-20.962441790504666	-17.50273337641511	-3.4597084140895555	-8.549250734430503	-8.953482641984609	1.0877761549055547	0.8937080955099367	0.4387946801407379	-0.46305818332038323	0.9322816719919975	0.4341208792532289	1.0
1289000	-21.988517875864105	-17.16806193137984	-4.820455944484265	-8.601856030857668	-8.56620590052217	1.0101548829902163	1.0310611605554088	-0.11949467412082458	0.39217431644044776	0.17554395387577118	0.3293453998795292	1.0
1290000	-19.270951187277152	-17.136455357611105	-2.1344958296660472	-8.631435142816361	-8.505020214794744	1.0047489782341568	1.1307593466276327	-0.2298675683154567	0.18741125911027623	1.4389247205604248	0.0666490082310253	1.0
1291000	-20.41522688448002	-18.283970786398065	-2.1312560980819564	-9.512502512083056	-8.77146827431501	0.7166551757848806	1.4271754951554687	-0.04847471368631026	0.17148984043351873	1.0198583615471937	0.13984095612373937	1.0
1292000	-22.629005107339534	-17.963956487098486	-4.665048620241049	-9.407657505827762	-8.556298981270723	1.5580451703514928	1.0485370964388494	0.6838655122868221	-0.1284833534023374	0.7679520109315441	0.08918719399495474	1.0
1293000	-22.332587127085073	-17.657630568315298	-4.674956558769775	-9.166051360977365	-8.491579207337931	1.4750910907043384	1.1605561607097576	0.6650216431185416	-0.1120083669301341	0.46746758404099276	0.09210149823848161	1.0
1294000	-19.318730985876645	-17.980140000599313	-1.338590985277333	-9.489179634178294	-8.490960366421017	0.7211082047717892	1.1846773483976776	-0.04983650267638806	-0.11098685615523879	1.0794040287686575	0.08265136838810738	1.0
1295000	-19.76457346601397	-17.634338851639125	-2.130234614374846	-8.662446446410575	-8.97189240522855	1.3484583732390465	1.5625588455755495	0.21189887418278702	-0.0047807302523799056	1.1466232880926939	0.028209530833566306	1.0
1296000	-21.672354996833768	-17.723312094480022	-3.9490429023537468	-8.609680173961626	-9.113631920518396	1.0075664437966203	1.552182410233948	-0.1433996597630992	0.3246453855131255	0.808986828533537	0.017086569501827614	1.0
1297000	-21.095541998446233	-17.127395894723477	-3.9681461037227566	-8.578016447561456	-8.54937944716202	1.3175870848840627	1.3024359780995136	-0.5391540724014631	-0.06290136843844413	1.4018161411418544	0.2043556618319954	1.0
1298000	-24.303440969125607	-18.963741861816025	-5.339699107309581	-10.39434986713378	-8.569391994682245	1.6207034738337383	1.0535306457323543	1.3084769944768955	-0.23954773721119632	0.6135797576183684	0.790896030484258	1.0
1299000	-22.31580043128015	-18.89823873140029	-3.417561699879857	-10.331417261947964	-8.566821469452329	0.5759841528330178	1.2681990252812456	0.31093655027956946	-0.5882601243531793	0.9951588295587042	0.4867008739319099	1.0
1300000	-20.77561404108424	-18.56249855944965	-2.2131154816345875	-8.707211568363157	-9.855286991086496	1.4432271405414254	1.9059619207738563	-0.15727689323150695	-0.13630363231806597	0.8300357026254074	0.030779097697007988	1.0
1301000	-19.85672768273131	-18.533334399188085	-1.3233932835432238	-9.413971216228664	-9.119363182959422	1.7072912032776777	0.8006827277595483	0.14239635676497303	-0.03723984745680979	1.251521086615382	0.027279817015642128	1.0
1302000	-21.87189743723457	-18.47395089779833	-3.397946539436242	-9.725395391929784	-8.748555505868545	0.7413719727763314	0.9091829012783386	-0.7433232262497376	0.132796555588111	1.828198468206807	0.3127749628730679	1.0
1303000	-21.3680898732695	-18.420919393924464	-2.9471704793450364	-9.57203239169762	-8.848887002226842	0.7048924607843705	1.5438439188067132	-0.03487702613186589	-0.3879525496088776	1.3955709123521645	0.041923026535116203	1.0
1304000	-18.56840595964884	-17.365153317121077	-1.2032526425277605	-8.702931055706529	-8.662222261414547	1.4309187582615543	0.9607792788635768	-0.07902182680973144	-0.0003730596636140615	0.9350074040290219	0.04629482200144361	1.0
1305000	-22.09087975894328	-19.454022343106125	-2.636857415837154	-9.299595010160129	-10.154427332945994	1.7171015592158139	0.6035971749762183	-0.1289813919588535	0.19385419740201904	0.7416274970199871	0.18958560088698834	1.0
1306000	-21.651374345490495	-17.720297060007255	-3.9310772854832394	-9.164266017182358	-8.556031042824898	1.6011591473892093	1.0870458694673204	0.20535963898805332	0.470182587323022	1.4238953885447316	0.13340742178017106	1.0
1307000	-21.892695788938394	-18.413209148613205	-3.479486640325187	-9.774294731807752	-8.638914416805456	1.8633912677273858	1.0097669124067248	-0.04066434391830953	-0.2934044556247662	0.7670063621197051	0.2879413720945273	1.0
1308000	-23.710997897126447	-19.74679067989681	-3.9642072172296334	-9.753388774739493	-9.99340190515732	0.7224067935842657	1.9664412940568836	-0.6145699526268156	-0.24970626739326945	0.7925807065260446	0.16569715055411763	1.0
1309000	-21.35512701884399	-17.345550758191663	-4.009576260652326	-8.773920082708678	-8.571630675482988	1.2946146800257017	1.0158169321157924	0.6323350299948463	0.30895909331232224	0.5620126866890294	0.15842250050121098	1.0
1310000	-17.905872459076956	-17.27772914783754	-0.6281433112394175	-8.783150990007202	-8.494578157830338	0.898551262357819	1.1926943474009835	0.07166881821965321	0.006097897268243113	0.5015090231318899	0.023550180753777603	1.0
1311000	-21.4595026104343	-17.795737628017605	-3.6637649824166925	-8.669922264833733	-9.125815363183872	1.3930833578527035	1.682675380500755	0.022925527690885017	-0.5026248087150476	0.7730046222187396	0.12371834706051567	1.0
1312000	-20.261941864386326	-18.541007785304302	-1.7209340790820251	-8.654427556156985	-9.886580229147315	0.9593100143574976	0.6473629866025149	0.078961058579401	0.06925763615589424	1.2571595370589157	0.18094530513217902	1.0
1313000	-20.76739628257306	-17.492508331006675	-3.2748879515663862	-8.798596143048231	-8.693912187958446	0.9508037392048638	1.4412405132530586	-0.4463814265823426	-0.23278434510073032	0.6309152607617111	0.19024919775210186	1.0
1314000	-21.734759136258926	-17.108045630862385	-4.626713505396542	-8.53537227866066	-8.572673352201726	1.0516864986174717	1.0136228801709883	0.11849671419776026	0.28753925087924026	0.8568172014511515	1.9854085038353317	1.0
1315000	-22.156971365721052	-17.516882921930446	-4.640088443790607	-8.662455756128676	-8.854427165801772	1.0318094387525412	0.8963618589561776	-0.4858530101574121	-0.20661420139214318	0.47502243781738296	1.3412301880215693	1.0
1316000	-19.729485692157112	-17.806859445330666	-1.922626246826448	-8.626274729457156	-9.18058471587351	1.3726804097914163	0.7717291491254419	-0.05169171881990994	0.16489341984687858	0.5310288425372938	0.08190774640936788	1.0
1317000	-19.68031989402153	-17.28459852146683	-2.395721372554698	-8.507480239554573	-8.777118281912257	1.1010844892831981	0.8883815384840833	0.139576151368411	0.32596153020964186	0.6820619587965118	0.12805493803644366	1.0
1318000	-21.832928671435866	-18.29836048818551	-3.5345681832503573	-8.712052440442188	-9.58630804774332	1.3425549824200933	1.7595449634472022	0.3626353955899093	0.16775398953424348	0.6033051712844888	0.20832653033712006	1.0
1319000	-21.24743079436581	-17.55822979366597	-3.6892010006998377	-8.653102358183201	-8.905127435482768	1.3776730584439498	1.5734063330363737	0.04264879278550804	-0.37988049451665173	0.26208096801558467	0.08791883397800641	1.0
1320000	-24.409580560158947	-18.63250437058558	-5.777076189573368	-9.96925973603732	-8.66324463454826	1.9930028629428542	1.027572913573393	-0.9715284472949518	0.8120536298704464	0.6624374957451169	0.3897431539454113	1.0
1321000	-20.713750054154072	-17.820271130986406	-2.893478923167666	-9.061032849309552	-8.759238281676854	0.8536003516159706	1.4155568371850027	-0.41428771315606994	0.19187184081163577	1.1152756763640266	0.09515109780475203	1.0
1322000	-24.42236619330346	-18.91150477232914	-5.510861420974324	-9.01867726666469	-9.89282750566445	1.011331773395786	0.6281233106898304	-1.119809921742752	0.42069502581510676	0.4942048698979048	0.2530648162870477	1.0
1323000	-26.589744401159848	-20.759803043434623	-5.8299413577252235	-8.84595587229199	-11.913847171142633	1.5155060759132395	2.4360875823101886	-0.8096392148327533	-0.1209006040825431	1.0593919079881622	0.39948871175305695	1.0
1324000	-19.876066680033166	-17.732286602801153	-2.1437800772320132	-8.800177400993778	-8.932109201807377	1.4512863093174904	0.8619479967253538	0.1337527538353283	-0.12962738705587765	1.6201069878916128	0.06409073391573158	1.0
1325000	-20.890522643894954	-18.66097821054811	-2.229544433346845	-10.162224638165355	-8.498753572382753	0.6003054779044016	1.1958993039216719	0.23843304374183744	0.05135351898885642	0.5577848477533733	0.13575714918833595	1.0
1326000	-22.922663227823286	-17.348150187223013	-5.574513040600273	-8.848748761762124	-8.499401425460889	1.5068972040874846	1.1944636802451396	-0.86065604103575	0.06280203156208677	0.32254224984609237	1.3997402861789199	1.0
1327000	-23.767167019174437	-17.822314743518398	-5.944852275656041	-9.041955146653239	-8.78035959686516	0.8658808798374498	1.0266160068312518	-0.4665803742554706	-0.7552798368791671	1.1912384584900384	0.08427071311387542	1.0
1328000	-21.12338236424297	-17.92795200393024	-3.1954303603127316	-8.81328662433942	-9.11466537959082	0.9018077573085392	1.569368237400857	-0.10958998756425961	0.25671992629091966	1.9078530407337628	0.022572266397101085	1.0
1329000	-22.545538498111746	-17.653885381971737	-4.891653116140009	-8.759414540805901	-8.894470841165836	0.8958484780522515	0.930207945752343	0.576740465604667	-0.5607475908320232	0.7091325161714884	0.09422984541119785	1.0
1330000	-19.215427754879254	-17.386601382484542	-1.8288263723947107	-8.590249507415303	-8.79635187506924	0.9997449827523056	0.8817858050736036	0.10705068098658485	0.2841616880756904	1.5705899556789369	0.0388351793701808	1.0
1331000	-21.43924912923343	-17.8664330721069	-3.5728160571265306	-8.524655843442336	-9.341777228664563	1.154859776465205	0.7587730416490217	0.30319972857575317	-0.15726861087614472	2.5070528818468736	0.022826947291697826	1.0
1332000	-21.0857556827503	-17.330721747782903	-3.7550339349673982	-8.589981092668376	-8.740740655114529	1.250797867723856	0.9381142877340174	0.3368213807801001	-0.1666524408907849	1.7128495896952423	0.023615173980217757	1.0
1333000	-21.977022076559734	-18.871370942019283	-3.1056511345404507	-9.73273640159462	-9.138634540424665	0.6780058781753738	1.6761771483083716	-0.040200163248280116	-0.31157117075262963	0.316409580004773	0.10604706515051937	1.0
1334000	-22.801115668870644	-18.34035997821863	-4.460755690652013	-9.429155567358336	-8.911204410860295	0.730897843087903	1.2374868817033922	-0.02546353897057907	0.98461725398188	1.4398653353157345	1.0637071731190688	1.0
1335000	-22.089534557365855	-17.510446386625482	-4.579088170740373	-8.652477816634441	-8.857968569991042	1.3589135584068655	1.5090911426559148	0.1349347406778928	-0.012475927366359989	0.6447197417343815	1.005151486119258	1.0
1336000	-21.558700810428924	-17.259864266268877	-4.2988365441600465	-8.603707468979053	-8.656156797289825	1.2557805674592675	1.4180061167482463	0.36383391849483737	-0.4120867441801581	0.551028126530893	0.6449474745737331	1.0
1337000	-18.872118300079062	-18.14402941541552	-0.7280888846635405	-9.503450795006168	-8.640578620409352	0.7061986027499382	1.3845792929351555	0.13681441781263365	-0.05793105346056859	1.2014167858886833	0.024674337574229484	1.0
1338000	-21.58476306192851	-17.833702520507558	-3.7510605414209515	-9.206436963274266	-8.62726555723329	0.7492475922633871	1.3762319470080526	0.5159381306458909	-0.0718762408051587	1.331009782873889	0.5552537474207172	1.0
1339000	-21.650649483688294	-18.344246887790394	-3.3064025958979015	-9.507503933400795	-8.8367429543896	0.700182892364735	0.9379337939768991	0.2286206240688309	-0.4674972745821508	1.1094324325425458	0.7193588487781909	1.0
1340000	-22.46787891430335	-18.219788208981058	-4.248090705322289	-8.695625974544415	-9.524162234436641	1.439971648788266	1.8023928916445182	-0.5635673217250079	-0.16060924764902962	0.3804249684253418	0.15446158606613472	1.0
1341000	-22.273388853564136	-18.189221234004457	-4.084167619559679	-8.873929862193279	-9.315291371811176	0.9461333756793444	0.7878075795023657	-0.6040437688711114	-0.40700431543278953	0.4430920520570242	0.5134691727465385	1.0
1342000	-18.081811357262673	-17.02391517703196	-1.0578961802307125	-8.532798929346317	-8.49111624768564	1.0640555684121407	1.1883617579807284	-0.04930758304932258	-0.07678048168061793	1.7245675117236348	0.023474926005270784	1.0
1343000	-19.03263461011364	-17.388791544952262	-1.6438430651613785	-8.54274344181633	-8.846048103135931	1.0463145978359212	0.9063476485910309	0.03255121239719272	-0.2665800481538524	0.6546199279683473	0.03891292502439715	1.0
1344000	-19.40730840301813	-17.162323573462814	-2.2449848295553183	-8.517867860314476	-8.644455713148336	1.0810210549525676	0.9943407513024012	0.17700624406471616	-0.21425445290925477	0.5116917553084056	0.0874785999156645	1.0
1345000	-20.20236759372938	-17.77638906219599	-2.4259785315333926	-8.546522678763935	-9.229866383432054	1.311547613638204	0.7653106829634092	-0.24223961686645923	0.08499767107229503	0.5634634917390374	0.14023840717033514	1.0
1346000	-22.060398081541848	-17.66928414398518	-4.391113937556666	-8.749098271758951	-8.920185872226229	0.9073043968791644	1.5636940191592437	0.16173405058659474	-0.8077207488852313	0.9076408291900164	0.1920517285762049	1.0
1347000	-21.00884888498912	-18.79396805632845	-2.2148808286606734	-10.04561440587947	-8.74835365044898	0.6292760286241169	1.4343608885906936	-0.005425308351091757	0.0711185876338508	1.6120612442146895	0.13348941617880072	1.0
1348000	-21.667064318481998	-17.546506482879877	-4.120557835602122	-8.796094896625739	-8.750411586254138	1.3402037398536901	1.4854101810317033	0.5403797222418136	-0.3786234842195031	0.8115620980637736	0.34981626741268335	1.0
1349000	-24.339036217401304	-20.510121822350655	-3.8289143950506506	-11.77048575481715	-8.739636067533505	0.4641975204253101	0.9767254797520944	-0.17120812758917264	0.9745024153841189	1.7949601461184743	1.1684671019349622	1.0
1350000	-19.699978181360592	-17.46535514600221	-2.234623035358381	-8.506671624426174	-8.958683521576038	1.1698519222937525	1.5827808852740723	0.17709731182730265	-0.18356149939953653	0.881422095548896	0.05859908627046638	1.0
1351000	-19.311828870658125	-17.093076377923445	-2.2187524927346782	-8.58717977065572	-8.505896607267726	1.3576088039086651	1.0992492000151792	-0.30310829918485	0.04077617900588634	0.7025610729267194	0.04039438671967356	1.0
1352000	-19.28756057862196	-17.59887058202896	-1.6886899965929998	-8.968870608500549	-8.629999973528413	0.8435199045137963	1.3491472118975718	-0.050928467211559914	0.10057775421083576	1.8359476760534852	0.0450098260573793	1.0
1353000	-20.345007554726013	-17.51634010465596	-2.828667450070053	-9.020015264320236	-8.496324840335724	1.6149280765104923	1.1707457233923675	-0.21743506534326568	0.08373085807432129	0.7429498451462765	0.15805362051388877	1.0
1354000	-20.69487647655192	-17.607674672901425	-3.087201803650496	-8.504045222046324	-9.103629450855099	1.2184365226459897	1.6210442692219158	0.023208976492044675	-0.012945476033515368	1.4800629514431105	0.11392488679329307	1.0
1355000	-19.203908723886528	-17.572707032194657	-1.63120169169187	-8.614853091177173	-8.957853941017486	0.994647863116493	1.5400490512892113	-0.05877628438380299	0.08251126722346502	0.7684141287959989	0.0631335191617483	1.0
1356000	-19.1350529941585	-17.311944122274067	-1.823108871884431	-8.666039501096147	-8.64590462117792	1.391323954862098	1.3428679031775284	0.01741230491790756	0.18428201953869205	1.0974693416407977	0.03730176957496435	1.0
1357000	-20.368090049527733	-18.910720784914524	-1.4573692646132086	-10.040746144399739	-8.869974640514787	0.6315303190360179	0.8638836101451082	-0.03120670116718363	0.10343850196663107	1.268634604059699	0.15906324349425305	1.0
1358000	-21.677313620826663	-17.11804019000096	-4.559273430825701	-8.519440318162959	-8.598599871838005	1.2488605823043106	1.3410190206457093	-0.3606304863168398	-0.5657945333367786	0.616962890220465	0.9155782097669584	1.0
1359000	-19.64667036117979	-17.085444322146053	-2.5612260390337376	-8.591768818587864	-8.493675503558189	1.3333595957590199	1.2047055271858165	0.015016174860380796	-0.09917080425483935	0.7658999547813038	0.16798049852732974	1.0
1360000	-21.26167742067631	-17.130120978809543	-4.131556441866767	-8.581617471917898	-8.548503506891645	1.262536369041868	1.0996549578820949	-0.6482161304607285	-0.3469177767637611	0.639428954842246	0.1530547570964918	1.0
1361000	-20.972509529462627	-19.187030762232666	-1.785478767229961	-8.666098647054328	-10.520932115178336	1.413997395040571	0.5632055926742653	-0.14525666654277086	0.13121304073476409	1.473909661666207	0.09049230235227655	1.0
1362000	-19.945166016664917	-17.69595604408839	-2.2492099725765273	-9.102405339200736	-8.593550704887653	0.8193312088086516	0.9966615783404194	-0.20260212275973408	0.11968509340103892	2.635336792774141	0.05062798082369401	1.0
1363000	-21.894778512242553	-17.20040733927285	-4.694371172969701	-8.54000282290895	-8.660404516363903	1.0459762225390574	0.9783829347948871	0.12802575609531455	0.7033350295584323	2.1573029689446996	0.7207251275392146	1.0
1364000	-21.18034629342187	-17.398307114388764	-3.7820391790331067	-8.602685627474056	-8.79562148691471	1.0233704142969655	0.952042525267345	-0.22174179623026724	-0.4458959599600737	1.30945407861155	0.7672513185420937	1.0
1365000	-20.015750176722037	-17.971720579837296	-2.044029596884741	-9.224628728127405	-8.74709185170989	0.78623762104343	0.901162219251095	-0.17324825945479	0.3488250258649409	1.030920357259879	0.12504694728830199	1.0
1366000	-22.36024896181993	-18.920660265187703	-3.439588696632229	-8.706323541681538	-10.214336723506165	0.9209031722491484	1.936561041473783	0.4073865453874029	0.20883075348118083	0.9644763419594329	0.13481585701580523	1.0
1367000	-20.76277443113184	-17.327244168047905	-3.4355302630839355	-8.67798990544357	-8.649254262604337	1.420341240452878	1.4123259557814336	-0.12732115168243224	-0.30038676418249766	1.1567576256316994	0.18810654936310073	1.0
1368000	-25.933868130626884	-20.177397141341046	-5.7564709892858374	-8.845786355779774	-11.331610785561272	1.0772429464797264	2.3679249829012448	-1.018222524538765	-0.5205067324925272	0.6098760285320207	1.4657904101411663	1.0
1369000	-21.211030555986213	-17.83133328002262	-3.3796972759635917	-8.649958780631893	-9.181374499390724	1.3385595700460735	0.7553718816944214	0.21471513493716565	0.5124278920434018	1.428648814416708	0.2709325157437037	1.0
1370000	-19.868946186893623	-17.234565030159303	-2.6343811567343227	-8.709637449219983	-8.524927580939321	0.9238291622257764	1.1206534579850422	0.1975739644916354	-0.29808875677195257	0.4431261528389353	0.07519728615557973	1.0
1371000	-20.820205426088467	-17.989564682609604	-2.830640743478864	-8.685865728867972	-9.303698953741632	1.4361308684916827	1.6803937660291746	-0.23869436385691273	0.08362820588076537	1.1374927709766554	0.058161663998595244	1.0
1372000	-20.675355498912065	-18.300614415296323	-2.374741083615741	-8.505234581560943	-9.795379833735382	1.2355577684332733	0.694639142782086	-0.05992020289462735	-0.3935106585364936	0.7404521218885636	0.06005152973568635	1.0
1373000	-23.516665372882148	-19.329373856928996	-4.187291515953152	-8.856395752546572	-10.472978104382424	1.4735709390767444	0.5367265670270419	0.16796826417637917	0.9129911020287576	1.4313948571007649	0.3391283812754144	1.0
1374000	-19.609609566675104	-17.34602731987441	-2.2635822468006968	-8.548241996539828	-8.79778532333458	1.220588305031454	0.887414706239498	0.27509624247847	0.1544654020308929	0.6210872162744204	0.09377814949982442	1.0
1375000	-23.117611394523507	-17.360608126369875	-5.757003268153632	-8.772479220684142	-8.588128905685732	1.4097878952333958	1.0082278599996708	-0.9537969102093251	0.00014892881645772738	2.139617320470103	0.6450892859820863	1.0
1376000	-19.91976250956553	-17.133826307689166	-2.7859362018763636	-8.536322449498979	-8.597503858190187	1.1279113105902012	1.312699996124012	0.38161886842468945	0.14348318663856197	0.7454745552874565	0.10669827613363303	1.0
1377000	-22.74555417275461	-19.05707390143045	-3.688480271324159	-8.539889022028543	-10.517184879401906	1.2486457379771527	0.5838541926893291	0.15062608373125314	-0.22375065210724443	0.8029926683405493	0.9049296146664932	1.0
1378000	-20.98510374803498	-17.019639758780794	-3.965463989254185	-8.520476462827832	-8.499163295952963	1.2522121101885593	1.1430315059637675	-0.36043593860804085	-0.17551099736800502	1.9566899666896838	0.19699456848476854	1.0
1379000	-22.2076489268576	-17.571710683469092	-4.635938243388509	-8.856790356973622	-8.714920326495472	0.8633234020961884	0.9163900653873925	0.18929149292466707	0.3877093862413514	0.6271795214662204	0.01996125694693588	1.0
1380000	-22.715349216873246	-17.794157714475432	-4.921191502397814	-9.273438017146358	-8.520719697329074	1.4598971701671999	1.2285065068464998	0.835039678276438	0.11652626288598569	0.7617997336081467	0.14798917922816762	1.0
1381000	-20.20083370189066	-18.09270812711437	-2.1081255747762873	-8.705580933615673	-9.387127193498696	0.9282239869118168	1.7272793118271705	0.1484779107454849	-0.0016032784270663646	0.518180684046623	0.077012110601703	1.0
1382000	-21.26587100525586	-17.22965115794849	-4.036219847307374	-8.56611729386921	-8.66353386407928	1.3343551261484898	1.412717077310112	-0.31978248191367487	-0.561861746373916	0.5162335135358322	0.16962181941476268	1.0
1383000	-21.94922385650124	-17.226872936986073	-4.722350919515169	-8.617721311264502	-8.609151625721571	1.170254132720014	1.1124366788468942	0.5962309508078648	-0.5988378718101323	1.5471252721771487	0.8036058014462434	1.0
1384000	-19.37756525400074	-17.06964793065862	-2.307917323342122	-8.490485863071035	-8.579162067587584	1.1593356253052314	1.2434632692387684	-0.057570998274314056	0.323287087999302	0.8340936697195893	0.06748537527174593	1.0
1385000	-20.881029635260752	-17.644934876505744	-3.2360947587550077	-9.126567499445404	-8.518367377060342	0.8477821149020754	1.2692468269319608	-0.5158645980679722	-0.19447710311320343	0.8356632392141902	0.28015626403019084	1.0
1386000	-19.904190284311994	-17.410847473887614	-2.4933428104243793	-8.5986871200591	-8.812160353828512	0.9947591143783098	0.8743300481311831	0.0821020037336288	0.31567730502649927	1.3897970256353136	0.02039140312417284	1.0
1387000	-20.905290458481513	-17.512120359333146	-3.393170099148368	-8.821810896025157	-8.69030946330799	0.8683979242134434	1.4045327342524918	0.38843090630841137	0.0363541265772683	0.35509485191592793	0.1705404941063914	1.0
1388000	-20.574060424502836	-17.093779605999327	-3.4802808185035103	-8.542661824433482	-8.551117781565845	1.0458425390701747	1.3056707950020483	0.04208918864845107	-0.4065773417704519	1.769261282670125	0.13738310086325667	1.0
1389000	-18.849742106195002	-17.05644051057923	-1.7933015956157736	-8.49291593108394	-8.56352457949529	1.1585189312683888	1.0553871023847494	0.047143165777986044	-0.21882420530212382	1.003399543230085	0.07466291650118362	1.0
1390000	-18.837424691145863	-17.055432705039692	-1.7819919861061697	-8.558075374765268	-8.497357330274426	1.0331164586262498	1.2105448853205272	0.0028054266978839726	-0.20857749368095757	0.8448408595249505	0.07622594515223292	1.0
1391000	-19.575906932660047	-17.371480752528136	-2.20442618013191	-8.853194450174193	-8.518286302353943	1.5309483615900887	1.2181674837553442	-0.18688394672214254	0.1362133969185912	0.6371896210724122	0.06895266363640731	1.0
1392000	-21.191842098806763	-17.062829086837013	-4.12901301196975	-8.556437706942278	-8.506391379894737	1.0410953085752928	1.1701700974903944	-0.06726237033630583	-0.29805828203154644	0.14230813240864698	0.0836481672049022	1.0
1393000	-23.94457870972018	-20.149031027739646	-3.7955476819805325	-8.514868038892258	-11.634162988847386	1.115565868469277	0.4489284210120074	0.25762549531877915	0.42409694621414445	0.33508191923072916	0.32071682770483156	1.0
1394000	-20.881512673528697	-18.07004859231767	-2.811464081211028	-9.177602831747905	-8.892445760569764	1.6806062976888299	0.8441688294271597	-0.20676756985759354	0.33508705744121237	0.6224557698155755	0.06702688197753985	1.0
1395000	-22.31131933948348	-19.662874095380186	-2.6484452441032933	-9.03590402277412	-10.626970072606065	1.4898197024501139	0.5616228611273736	0.43708556883133265	-0.055119687251397084	0.7105156939302812	0.09104286918071526	1.0
1396000	-20.662374914766364	-18.620126317596757	-2.042248597169606	-8.515899705801651	-10.104226611795106	1.263709119293921	0.6080953568320051	-0.22986766706141992	0.23281475347516323	0.6090174674380807	0.05479785048138726	1.0
1397000	-20.64055956405899	-18.12069647369507	-2.5198630903639216	-9.233617386704154	-8.887079086990916	1.7100887585959987	0.8550047814952292	-0.26605381701468966	0.15125914018708347	1.089834839774597	0.07977583257455567	1.0
1398000	-26.97461425110275	-18.40819286634822	-8.566421384754532	-9.79070981304466	-8.617483053303559	1.4609770190650586	1.041980197909625	1.299303026497291	-0.38514668979362543	1.920729025176853	0.18735463298813013	1.0
1399000	-20.01051016524223	-17.78814347461616	-2.222366690626072	-9.29257261458217	-8.49557086003399	0.7505619389311683	1.1585971385492044	0.09802972196673165	0.08807000109141494	0.6779626361668883	0.17614085250705033	1.0
1400000	-19.91409852012039	-17.246197528112326	-2.6679009920080654	-8.498303808928044	-8.747893719184281	1.1228762976606899	1.405501928864576	-0.0570445392497792	0.20652242281023653	1.5122573651334923	0.08838908598544737	1.0
1401000	-21.442846547469372	-17.375708187318466	-4.067138360150908	-8.786911593012663	-8.588796594305801	0.946376590145364	1.0353812143911791	-0.3854819337550132	0.5488742117163821	1.9878930654811782	0.13495451666774202	1.0
1402000	-24.125471461443986	-21.3648134841459	-2.7606579772980884	-8.835784639252624	-12.529028844893276	0.8692838621962089	2.4887283186010563	0.22130673517290203	0.185992326425828	0.5750859848272559	0.060424844694204075	1.0
1403000	-22.772078089097917	-18.122840443262092	-4.649237645835827	-9.454975367018905	-8.667865076243187	0.754250381278432	1.3662067632177675	-0.36988868381545753	-0.7672940274248199	1.3786307566627427	0.1490762658810542	1.0
1404000	-23.573237912838394	-20.808163649848236	-2.765074262990157	-9.824548037349317	-10.98361561249892	1.8971420831112804	0.5129241979437601	-0.14049644078169354	0.19882050485745303	0.46926809707214656	0.14677842785467587	1.0
1405000	-21.41518277747708	-17.470011092067487	-3.945171685409593	-8.775116006062161	-8.694895086005326	0.8909504214123866	1.1330161859125034	0.27418701887798624	0.8292537116726986	0.9253376999897728	0.28829523371298693	1.0
1406000	-23.330770503447695	-18.86124732140891	-4.469523182038783	-9.800917781062	-9.06032954034691	1.8090899532078526	1.653191760948247	0.24207657214759457	-0.6229443491376333	0.5669241228588476	0.291884400695136	1.0
1407000	-23.148689524649306	-20.10129679645354	-3.0473927281957653	-8.576804455735752	-11.524492340717787	1.080959179611382	0.4924078478609692	0.5536834141318596	-0.3394786605331302	1.9359009789996113	0.2850276519068326	1.0
1408000	-19.963801244533666	-17.170454694569564	-2.7933465499641033	-8.660423977603491	-8.510030716966073	0.9760039543107706	1.1576473724398668	-0.1436390403954972	-0.30281882656426173	1.6147657243369644	0.14789201510468078	1.0
1409000	-20.565991255794955	-18.387422156995584	-2.178569098799371	-9.776413830889323	-8.61100832610626	0.6662261876114544	0.9843924212382287	0.03448266336501726	0.11347279420090348	1.509033172001399	0.2580874908286801	1.0
1410000	-20.96722172718547	-19.269185588818722	-1.6980361383667477	-8.667288645258303	-10.601896943560417	1.402336951394929	0.5624663197617895	-0.04651261383540756	-0.02142572167850791	2.1327637935165495	0.058550845228095505	1.0
1411000	-19.49846554351081	-17.14924609542985	-2.3492194480809614	-8.587232743951866	-8.562013351477983	1.0494932064378106	1.2775791661048153	-0.30242243223157517	0.14337780614074883	0.8973183921051643	0.08811841425352089	1.0
1412000	-21.178348189053693	-17.800140358621263	-3.37820783043243	-8.820976331070751	-8.97916402755051	1.3445698383959166	0.8288231846319613	0.5710020357088218	0.10488238795210181	0.6868387751784301	0.2564029473171081	1.0
1413000	-22.95748877627887	-18.467826292822615	-4.489662483456254	-9.642556806698504	-8.82526948612411	1.8811786171117186	0.9628770887290268	-0.49897038085815215	-0.5813834322668574	0.7562915907331574	0.17295319033938095	1.0
1414000	-19.114163672852793	-18.065250429035146	-1.0489132438176472	-9.570726598440265	-8.494523830594883	0.6956651639919472	1.154137708889869	0.11071387819021114	-0.1503862969073393	1.0690911263414824	0.051083548515146696	1.0
1415000	-20.151270367093133	-17.758782678717402	-2.39248768837573	-8.52901919329247	-9.229763485424932	1.075313783898187	0.7648386921035799	-0.1065118724247417	0.09253194737504955	0.8620429627522178	0.2547025173690075	1.0
1416000	-21.225569457756333	-17.18339761923832	-4.042171838518011	-8.492410784465838	-8.690986834772481	1.1616629426178786	1.1402522438674596	-0.13419086466986344	0.810803679153686	0.8649711494296316	0.2968790698283495	1.0
1417000	-20.19644834008436	-17.13622731859977	-3.0602210214845904	-8.632819255426268	-8.5034080631735	0.9663665654457173	1.1163137588751164	0.39001110844069287	-0.1031024412862213	0.9288250538039327	0.031208297957508766	1.0
1418000	-22.9567702378705	-19.524856381402063	-3.4319138564684355	-10.063950367732481	-9.460906013669582	1.8268329592541004	0.7228569774666175	0.4590395485286997	0.0017250351244528506	0.8120022246555118	0.2817340592972639	1.0
1419000	-24.10468030575939	-18.348393763494343	-5.756286542265048	-8.60721694401274	-9.741176819481604	1.3561400630580474	1.4761906587547378	-0.5492301347902009	1.221077504849625	0.8501506234076763	0.45346289200363415	1.0
1420000	-18.071758122831632	-17.35096383946538	-0.7207942833662533	-8.544232946633388	-8.806730892831991	1.2738680551834876	0.8972967588037809	0.06940275026715387	-0.032366698430472796	1.0247191745778303	0.03407727253421242	1.0
1421000	-18.831049193707443	-17.133879271698945	-1.6971699220084981	-8.51168741641333	-8.622191855285614	1.0951097363388564	0.9857652038367638	-0.06317213003109569	-0.014498997922526676	1.9687934813378458	0.05384263732023816	1.0
1422000	-20.16059581841502	-17.289493130000764	-2.871102688414254	-8.63997653204915	-8.649516597951614	1.0327087735913087	0.9719554935469717	-0.41940737581958876	-0.04576437887344331	0.6776856559285683	0.22227198807503973	1.0
1423000	-22.424496894433517	-20.91407077791541	-1.5104261165181065	-12.119262093208096	-8.794808684707313	0.43163816559580515	0.879109950151934	-0.009348391750639562	0.4015420309073974	1.3946545644123498	0.10285952453701633	1.0
1424000	-22.18510270361146	-17.289108901127666	-4.895993802483793	-8.57479501314879	-8.714313887978875	1.220683044078015	1.2765764147013987	-0.6363962947773153	0.5691578683291358	1.4036304844991976	0.7978945036791947	1.0
1425000	-25.416886461808357	-18.01964547479468	-7.397240987013678	-8.621371566789806	-9.398273908004871	0.9734915116241847	0.6985948905396938	0.2223255062147995	0.8509006776093726	0.856443033895519	0.05803142711590297	1.0
1426000	-20.635279852877172	-18.232596699078357	-2.402683153798816	-8.527038017863596	-9.705558681214763	1.1237029578781477	0.7015797401949989	-0.3194304822565429	-0.2975696343927111	0.7895918285992011	0.08963488210095598	1.0
1427000	-18.695875774791073	-17.452197046040823	-1.2436787287502509	-8.573357472905824	-8.878839573134998	1.2952661787239805	1.5172343730580742	0.11924109649682521	0.0015366334721341772	0.8554817718283166	0.02834614813431634	1.0
1428000	-21.249408459475955	-17.48694451973703	-3.762463939738924	-8.603735225190205	-8.883209294546823	1.361015547935655	0.9040525902437997	-0.4993230453205809	-0.3578198094661659	1.1879264106676177	0.10067652099363922	1.0
1429000	-20.992309203378724	-17.872080676471867	-3.1202285269068555	-8.526388551797877	-9.345692124673992	1.2485748982899947	1.7214993634512858	0.07401724250667086	-0.05202606002319974	0.924304053069258	0.19369750263940197	1.0
1430000	-20.69673805966637	-17.054663645112175	-3.6420744145541946	-8.501127095654745	-8.55353654945743	1.140687835737651	1.2905977471240075	-0.18880892959158635	-0.4839717922299511	1.17225115019569	0.06973477924566443	1.0
1431000	-19.069643316521063	-17.311804601955572	-1.7578387145654908	-8.659248271285287	-8.652556330670285	0.9598670817020724	0.9615621537894046	0.032073721367528174	0.06114421672479818	0.3920304360054862	0.06436653421209719	1.0
1432000	-20.090325323438293	-18.2378847999855	-1.8524405234527928	-8.588867227726164	-9.649017572259336	0.997790103221726	0.6748568638950727	0.22252569985514176	0.239920108170597	1.3585246523665218	0.027450705551551907	1.0
1433000	-22.585705814686328	-18.887006034785674	-3.6986997799006547	-9.118192800603763	-9.768813234181911	1.6672559525785287	1.8815855541077193	-0.3085324187381362	-0.15214420735578063	0.3019776277379546	0.12510168034119387	1.0
1434000	-22.132509110138095	-18.096714384970497	-4.035794725167598	-9.117850607031983	-8.978863777938514	0.8356945812521976	0.8170823876176494	-0.3979658069674267	1.0013731088048876	1.349823795651743	0.3752940287250506	1.0
1435000	-20.34130624618743	-17.48000471482622	-2.8613015313612102	-8.937381445414744	-8.542623269411475	0.8316823634824706	1.2266183729983005	0.2805986853203414	0.23488432983165258	0.4226620413226329	0.11820869972028131	1.0
1436000	-19.463474879159328	-17.265993653389884	-2.1974812257694456	-8.68002424451857	-8.585969408871316	0.9786708274771057	1.3084959389086706	-0.24944755096374915	0.11508379034787462	0.7655266804091047	0.09993221116189135	1.0
1437000	-21.74692313032949	-17.486242999448447	-4.260680130881042	-8.935731180153313	-8.550511819295133	1.5517405589745012	1.0881186493084585	-0.04029693418858217	0.44515971610947835	0.21569443299501573	0.1573654663829089	1.0
1438000	-19.203237598195155	-17.048802344625678	-2.1544352535694777	-8.516769361376808	-8.53203298324887	1.265197072406959	1.2659111439379198	-0.23461292826369726	0.030418435417554013	0.7468202789256535	0.08227139627893769	1.0
1439000	-19.944108164258296	-17.15243400078506	-2.7916741634732367	-8.521710672422453	-8.630723328362608	1.1467858140331544	1.378707058558895	0.29618759518836935	-0.07015013159977845	0.8007025350374314	0.16687727883708622	1.0
1440000	-19.025300090021318	-17.29387794169989	-1.731422148321429	-8.80115620277028	-8.49272173892961	0.9180132773904032	1.1867876143623153	-0.21698636005040034	-0.1636320795716304	1.2003419270094147	0.04788976211148678	1.0
1441000	-20.532978271912068	-18.363218264326825	-2.169760007585242	-8.93172990707634	-9.431488357250483	0.8645914986406983	1.769915699422852	-0.1559730025700786	-0.15974653851314047	1.2209620680902151	0.05117615981059474	1.0
1442000	-20.020439574548437	-17.338151923200904	-2.682287651347532	-8.810218297341997	-8.527933625858905	1.4970753889471216	1.1791126255945856	-0.09881115698210172	0.28243384543893635	1.1853761201033242	0.07604320501037129	1.0
1443000	-21.249154125508127	-17.30281434705947	-3.946339778448657	-8.623052380168419	-8.679761966891052	1.0052142267521194	0.9356446751521879	-0.1944401383892359	0.3618386796852283	0.2448847925546713	0.2023711607825312	1.0
1444000	-22.081956512308274	-17.384223600752353	-4.6977329115559225	-8.721659318464221	-8.662564282288132	0.9768090262276813	0.9539833290624045	0.9224821951631033	0.5549917481497875	0.47663173146596666	0.5357951074084172	1.0
1445000	-23.422588602292258	-19.45576356329094	-3.9668250390013187	-8.507691172019928	-10.948072391271012	1.1026924405699277	2.043360966977575	-0.0668125372746049	0.49191676606378487	0.36447238048851593	0.089402235019063	1.0
1446000	-21.383375739442535	-17.112362339427975	-4.271013400014558	-8.612715456113765	-8.49964688331421	1.137052668003075	1.1253441031518074	-0.6604763896929285	0.11561512947034958	1.3882683288976378	0.09975704516183902	1.0
1447000	-24.363772075631612	-18.919619910883647	-5.444152164747965	-9.14154648012693	-9.778073430756717	1.4079729049910132	1.7020323804907298	0.83511155837846	0.6011126472563748	1.0577529175636493	0.3767328550266157	1.0
1448000	-19.714762781524428	-17.082903671625175	-2.631859109899252	-8.544627197969145	-8.538276473656031	1.3047421699246602	1.0587691097152783	-0.3385862320036134	-0.059200308662875706	0.5536959921012065	0.1036132318161055	1.0
1449000	-20.25805589673045	-16.99030504857476	-3.2677508481556883	-8.490659269971331	-8.49964577860343	1.182556631008181	1.1688664917727227	-0.09874006193571583	0.12129670259161962	2.5453474315727003	0.054383955351161556	1.0
1450000	-25.617326967713225	-17.388150578753795	-8.22917638895943	-8.61552954321808	-8.772621035535712	0.9804624184056303	0.9204421728408531	0.4039726936338567	-0.13191376823381779	0.032626446612561075	0.4979088554554928	1.0
1451000	-26.82381425511144	-19.4161481222323	-7.407666132879139	-10.923409056167289	-8.49273906606501	1.2959044344005104	1.1464533123034848	2.3906814699238197	0.03096631513419923	0.2915833435248152	1.3805586423587075	1.0
1452000	-23.624344790280965	-18.848104650275417	-4.776240140005548	-10.233619057450822	-8.614485592824593	0.6783422581517263	0.978998903633174	-0.9318521432571334	0.3510477056710739	2.1951771391939485	1.8237088257908645	1.0
1453000	-20.14027713632882	-17.824459154565726	-2.3158179817630944	-8.638899311392434	-9.185559843173293	0.9704918163998096	1.6226810519514507	0.04802999777019809	0.14599355549495205	0.3413860350007838	0.06459217111020003	1.0
1454000	-18.546111171621245	-18.607587943717604	0.061476772096358046	-9.32921653908889	-9.278371404628716	0.7445849948466666	0.7545649450796889	0.07016933431485177	0.08388492083578963	1.3386840932773556	0.029417881386700286	1.0
1455000	-20.112125465349273	-17.31113377852369	-2.8009916868255846	-8.526201223226964	-8.784932555296724	1.0902116655930263	1.4760679213329488	0.3050867783354593	-0.05012987606064159	0.8577616375148136	0.1574699001303874	1.0
1456000	-19.157010382878347	-17.552860922291895	-1.6041494605864521	-8.690143209606514	-8.862717712685381	1.4348772896591246	0.8696472774240243	-0.18719287998593667	0.056674519829799486	1.3271978061834675	0.04111784454284635	1.0
1457000	-24.423716579893792	-19.795843572381628	-4.6278730075121635	-10.89825060622293	-8.897592966158696	0.49244822564342305	1.0116272635581949	0.9427970404775825	-0.9271292649480117	0.6977808956467503	1.615473409753081	1.0
1458000	-20.247405521023982	-17.93136750192383	-2.3160380191001515	-8.654473328983256	-9.276894172940573	0.971992675351594	0.7389734002491886	-0.07548505975743913	0.3709037122579106	0.7223448229723427	0.03903836212247173	1.0
1459000	-22.52788657853821	-18.076592206686655	-4.451294371851556	-9.34980113290382	-8.726791073782836	0.7185199025816962	1.1210681661458295	0.48865572976715344	-0.8917375265228501	1.419692588593031	1.3931206314064946	1.0
1460000	-18.54974523082795	-17.66297470308829	-0.8867705277396574	-9.059580720443147	-8.603393982645144	0.8136833588623791	1.0095715529156501	-0.002166727736653662	-0.12378259936637696	1.337596952848842	0.05206106919480552	1.0
1461000	-20.667504934231616	-17.293308901024016	-3.3741960332075998	-8.618110131508743	-8.675198769515273	0.9780609244259945	0.9789809673871179	0.3987552550992173	-0.23246407732684915	0.4506034705038809	0.258901834271705	1.0
1462000	-19.07802344934971	-17.44132298134979	-1.6367004679999222	-8.507411683204714	-8.933911298145075	1.1833463658489285	0.856802711424071	0.157814516013013	-0.07932811423675407	0.7249132141075476	0.08072040452376021	1.0
1463000	-21.384695200760365	-19.18966840273265	-2.1950267980277154	-8.494324084407252	-10.695344318325397	1.1781700056002593	0.533271643825527	-0.19051473512551412	0.37162583779204783	0.9617318421686522	0.13102564344511647	1.0
1464000	-21.44640471266997	-17.958023671863522	-3.4883810408064475	-8.582413542937655	-9.375610128925866	1.3290060352489903	1.7812698159443439	-0.010626839281504652	-0.444956639135637	0.6348938666684796	0.06817234879057339	1.0
1465000	-24.324584318096065	-18.957323321816915	-5.3672609962791515	-8.621153130464394	-10.336170191352519	1.0274820725742724	1.9515797573164164	-0.325713931653276	0.27815412041524334	0.4378188208466881	0.020583528385506467	1.0
1466000	-20.45674752026296	-17.242524062880427	-3.214223457382533	-8.513087990700713	-8.729436072179713	1.2591028767608232	1.4071751058895834	-0.20077850596057234	0.1492254396072914	1.4051929501362432	0.14973099618799368	1.0
1467000	-19.288750179479226	-17.31340400845866	-1.9753461710205633	-8.563759621119901	-8.749644387338758	1.0214302893850262	1.4607509804898877	0.2534379298438354	-0.0852111789938316	0.9195748156392223	0.02966024529357582	1.0
1468000	-22.893531209170725	-18.319534008612234	-4.573997200558489	-8.857371028389434	-9.4621629802228	1.4736698936759354	0.685352715352011	0.16978584469341879	0.8641527572082447	0.7490613587763121	0.1659165210095048	1.0
1469000	-19.500640043727135	-18.232348922764867	-1.2682911209622685	-9.699281509598439	-8.533067413166428	0.6674540123411531	1.2585144462695799	0.22392193524703774	0.07297248871525533	1.0543175011568737	0.04386764313922891	1.0
1470000	-20.645067886036426	-18.080488855620153	-2.564579030416271	-9.218856162914026	-8.861632692706126	0.8073298389037089	1.5112141960728542	-0.376971363189608	-0.014034160342906388	0.6600879128387555	0.08124990090293258	1.0
1471000	-21.064098681944984	-17.604243112827824	-3.459855569117159	-9.023331599898677	-8.580911512929147	0.832037412265028	1.2554835202556187	-0.10381834825949846	-0.650302152461454	0.9435175655402599	0.3179162977027479	1.0
1472000	-20.82150424662007	-18.36215680638993	-2.459347440230141	-9.022912337388174	-9.339244469001756	0.8111141090510341	1.6448604196219367	0.1868656563569766	0.29588464433466466	0.8063171169655583	0.056264058421262635	1.0
1473000	-20.04459295354407	-17.09746843977126	-2.9471245137728084	-8.508014046610727	-8.589454393160532	1.2472967208634826	1.246430607548969	-0.21172040920506596	0.3477455591598888	1.152700328556201	0.07250520471020629	1.0
1474000	-20.852173910257186	-18.346452964848954	-2.5057209454082336	-9.000270232612788	-9.346182732236166	1.5658869632859136	0.7247615634092007	0.047458951649975795	0.3599324985545602	0.6948096378808106	0.09750922495118901	1.0
1475000	-20.13356369655787	-17.17488870208868	-2.9586749944691935	-8.601851677625307	-8.573037024463373	0.9876503474193286	1.1970029525619872	0.21338067062723143	0.418873731469942	0.9897922090675869	0.06786215867817486	1.0
1476000	-22.357728908868452	-19.4050755004993	-2.952653408369152	-8.824034880445454	-10.581040620053844	0.8709464226188744	2.0248237439919374	0.28269573004470366	0.24413666245608773	0.6817447589743801	0.05375806631610155	1.0
1477000	-20.54027777487319	-17.143369560144983	-3.3969082147282075	-8.641812563958332	-8.50155699618665	1.3215608450130212	1.1613601775614297	0.2565496544666871	-0.24556958531121792	1.7541523178737757	0.09987956153890297	1.0
1478000	-20.257631706836364	-18.13436040290457	-2.123271303931794	-9.471470702431834	-8.662889700472736	0.7334638772004298	1.3325150322214043	-0.16878296334168458	0.27543149760566576	1.3410147181353713	0.0740903872100463	1.0
1479000	-20.630582172372627	-17.63836864442645	-2.9922135279461783	-8.530159599672421	-9.108209044754027	1.0718325916387201	1.540391131555047	-0.09043918722265834	0.3618120400110365	0.5129004726592881	0.12563959413583906	1.0
1480000	-20.247638873050427	-17.137661307954247	-3.10997756509618	-8.60395779630829	-8.533703511645955	1.0196714245225504	1.1665643193691069	-0.2031780012873723	0.3298404013835462	1.4490900833467764	0.22637685396719204	1.0
1481000	-20.983433645527924	-17.58724923389093	-3.3961844116369937	-8.618613302518687	-8.96863593137224	0.9974519030970105	1.6092105248527124	-0.1088246078897833	-0.4987604671547616	0.8132355569784754	0.18996185700798243	1.0
1482000	-21.757683254252434	-18.14114748027436	-3.616535773978074	-9.63775142519353	-8.50339605508083	0.6614881776094624	1.1582342182153285	0.5757277274793687	0.16700730721241352	2.2743035000991996	0.17981140984976363	1.0
1483000	-19.468611610194536	-17.26738430263532	-2.2012273075592135	-8.74211682833971	-8.525267474295612	0.9126688498686316	1.2604539467645248	0.12212539533621616	0.007810023037867597	1.8020870832884734	0.08519565700537396	1.0
1484000	-20.478786323200378	-17.88764113131616	-2.5911451918842205	-8.969997747375892	-8.917643383940264	0.8215436117225531	0.832293832518543	0.28145527722294866	0.43956900549354344	1.2284781716876139	0.23591156157523238	1.0
1485000	-19.9980782654995	-17.08851505902021	-2.9095632064792927	-8.591886737276688	-8.496628321743522	1.3333164880881245	1.1622759224390127	0.015886356348826958	-0.19796737383503757	0.3758767051992431	0.14031092225190647	1.0
1486000	-19.658235830083036	-17.0665092294296	-2.591726600653436	-8.54145178046138	-8.525057448968218	1.259692967765041	1.2781285635014707	0.11607195959772035	-0.13693408853391503	1.7654878528587823	0.05638626866611987	1.0
1487000	-23.406940505809253	-17.473753591054	-5.933186914755256	-8.506365445779675	-8.967388145274324	1.2046326736045403	1.4666695392146705	0.09537353438470736	-1.2230057202274438	1.315544841289714	0.3412949575504465	1.0
1488000	-24.075672413921524	-17.7352214019065	-6.3404510120150235	-8.792815408572979	-8.942405993333523	0.8953472255258428	0.9503570700092242	0.06207146655316684	1.3995953363139382	1.512975847932569	0.25007871087693834	1.0
1489000	-22.895632682939418	-19.1128557300395	-3.78277695289992	-8.640506247767599	-10.4723494822719	0.9633045716940447	1.9341199673956564	0.15640094061389404	0.4652207168191941	1.1556967860701504	0.1290333247214701	1.0
1490000	-21.826499133824328	-17.171495284306054	-4.655003849518272	-8.521737004365269	-8.649758279940784	1.07149992626391	1.3366782855868817	0.04802707482953217	0.2216665254717164	0.6584048088333686	1.4594743338217604	1.0
1491000	-21.334228429097784	-17.777138174987744	-3.557090254110041	-8.495855801126785	-9.281282373860959	1.2050614457567164	0.7286175794699074	-0.19573995529697086	0.6289172901657167	0.6377207506269771	0.13924321695551942	1.0
1492000	-22.44032574748282	-17.743183265670027	-4.697142481812794	-8.882420418271881	-8.860762847398144	1.214236006529815	0.941585734489764	0.9953539055280547	-0.5485135264094393	0.7017157230056007	0.448523161175422	1.0
1493000	-20.474822950852605	-17.230531498644943	-3.2442914522076602	-8.494165321784758	-8.736366176860184	1.1793483577841166	1.361870003565552	0.03916647862241899	0.3497995980432615	0.3005851537018784	0.07618208778147266	1.0
1494000	-21.884924105303224	-17.554788171909948	-4.330135933393276	-8.753945986751521	-8.800842185158428	1.4879816423490757	0.8823930837483532	-0.39539147611310277	0.74948353862454	0.7121864023614458	0.21745896275399507	1.0
1495000	-25.405758363277553	-21.055259313013977	-4.350499050263576	-10.511981640390022	-10.543277672623953	0.5190332860255689	0.6408062853425116	1.5224898762378305	-0.9863063988680074	1.2257773001063064	1.6678075847415799	1.0
1496000	-20.85338274113844	-18.051317803720494	-2.802064937417946	-8.973364396117956	-9.077953407602536	1.564220012432783	1.6071355974729036	-0.010537612402529789	0.00516520960073652	0.4845065757334754	0.13237406715242545	1.0
1497000	-23.510968607773894	-18.37662026620522	-5.134348341568674	-9.749080268218673	-8.627539997986545	1.8686888031486604	1.116713811407661	-0.11308377461730335	-0.6592913665455689	1.5691268321328122	0.2592897017507645	1.0
1498000	-22.117782637436804	-17.576080904830228	-4.541701732606578	-8.972413215391757	-8.603667689438469	1.6093245460672405	1.0132017822281694	-0.43076510212767993	0.5572404618465772	0.3367009897676119	0.3309677254216064	1.0
1499000	-19.48165001109669	-17.313482378200653	-2.1681676328960364	-8.555782295658851	-8.757700082541803	1.230559609781806	0.9043847192781019	0.2771590066062217	0.146939540623393	0.6132198724472719	0.0698537329616957	1.0
1500000	-19.767159564195637	-18.140126823587757	-1.6270327406078822	-8.620228901019066	-9.519897922568688	0.9778090482491428	0.7212263120262559	0.12109398359395229	-0.12943895416764864	1.3641295107778768	0.13176486355231184	1.0
1501000	-22.759482395937024	-17.84757136780633	-4.911911028130693	-9.112156991554379	-8.735414376251954	1.5513580455943976	1.1316976470985816	0.3255385767798171	0.9105137187658843	0.7881361819180475	0.2501365823423236	1.0
1502000	-22.654366102180642	-17.766477650803672	-4.88788845137697	-8.900613126033328	-8.865864524770345	1.5297819736276723	0.9839880678148542	-0.00923456628116226	-0.7662958276788665	0.5436456493603496	0.10985200520971654	1.0
1503000	-19.387921120334468	-17.85576346088743	-1.5321576594470354	-8.50310211262773	-9.352661348259701	1.156727358947736	0.7425384096170665	-0.24957885719261327	0.02809444029847155	1.0735785104123123	0.07076022023263996	1.0
1504000	-20.948925091326323	-18.090446218517563	-2.858478872808761	-9.568437840913115	-8.522008377604449	0.7195781132108411	1.09775683397842	-0.2224999114184556	-0.18604933248063557	0.3792662648395054	0.15189007192999676	1.0
1505000	-20.132167320379033	-17.407126548810297	-2.7250407715687377	-8.858092045968272	-8.549034502842025	0.8649139245333901	1.313928157655495	0.15335885042367603	-0.29449609134424226	0.5518499496688486	0.1560857694344645	1.0
1506000	-17.64192598095649	-17.4763776759496	-0.16554830500689088	-8.827493091958598	-8.648884583991002	0.8917131490460533	0.9802822133904884	-0.0591984343972433	-0.1230225991839794	1.1066503701602304	0.016434697104735614	1.0
1507000	-21.703969999865357	-17.39595424899904	-4.308015750866319	-8.783253722104112	-8.61270052689493	1.0215625330718616	1.330524983228431	-0.74344993730156	0.1225966728628819	0.42859884013733895	0.22715574992420448	1.0
1508000	-23.975859257258683	-18.89488616138384	-5.080973095874843	-9.457245729082326	-9.437640432301516	0.769030055763013	1.809327561447079	-0.5201387883906381	-0.5258489031947824	0.6253628446068901	0.08742223240957855	1.0
1509000	-24.421682323492753	-19.129278321286566	-5.292404002206188	-10.5032759398613	-8.626002381425266	0.519946905725136	1.388809252380766	1.5292572923684027	-0.4599850973046755	1.6931815633796683	0.9972307520500825	1.0
1510000	-21.049778080167734	-17.950593087627716	-3.0991849925400174	-8.790726252066518	-9.159866835561196	1.4772887796058138	0.761420206485099	-0.03701158504511237	0.4891463662194483	0.7145136105637501	0.07829921861402718	1.0
1511000	-21.687780861025093	-18.90163153130791	-2.7861493297171838	-10.127250259875552	-8.774381271432357	1.9900782549406473	1.4277123679230563	-0.15206226111099835	0.17656538990850593	0.39274996871295537	0.07093841253231041	1.0
1512000	-20.8152457407991	-17.224153199357698	-3.591092541441401	-8.632173058341015	-8.591980141016682	0.9793608392332803	1.0012739339927188	-0.013011736993133849	0.05599100736289264	2.876062934735925	0.15869342423274566	1.0
1513000	-21.862651750533114	-18.94042225312612	-2.9222294974069944	-9.959975232540145	-8.980447020585974	1.8408209912245184	1.5804422506437643	0.3019824367104717	-0.0916171389774286	0.539438246987766	0.045491543400890753	1.0
1514000	-21.183413207075052	-18.13457974877182	-3.048833458303232	-8.496678844482052	-9.637900904289769	1.1252093760773672	1.7401624993900633	0.04137183182670198	0.3148150003516714	1.218715751379414	0.08216105313683504	1.0
1515000	-20.7161990646851	-18.317184130588696	-2.399014934096403	-9.001247616330943	-9.315936514257753	0.83266241986748	1.7303617685779404	-0.03565333167677484	-0.17726419305435528	1.3192524923536313	0.08571583108874736	1.0
1516000	-21.45705868246046	-18.204681329000003	-3.2523773534604556	-9.678853557626233	-8.525827771373772	1.8558779687597895	1.1426118287685874	-0.17197058261202425	-0.3628387623465475	0.8210050133439885	0.1224471700543036	1.0
1517000	-21.312645796495925	-17.986649571816102	-3.325996224679824	-8.971567167434277	-9.015082404381825	0.8121305373811176	0.8341683439404052	0.5606982692826052	-0.10117063807725257	0.6565103854262668	0.07553235664627451	1.0
1518000	-19.358006047378066	-17.080766114605968	-2.2772399327720962	-8.492132936563747	-8.58863317804222	1.1770761951207243	1.004710752554117	0.008929347165907542	0.04212506184349868	1.4472306149623821	0.13729336793332422	1.0
1519000	-24.653356124478464	-18.894944860688113	-5.75841126379035	-9.085694469887835	-9.80925039080028	0.7758515480980253	1.741184879193391	0.8309135082913481	0.5015133662054454	0.42638311239157334	0.1574568902596282	1.0
1520000	-24.12858301543368	-18.660046780549287	-5.468536234884393	-10.152632115386272	-8.507414665163015	0.7775923960870093	1.181271576303576	-1.5452628212833976	-0.3177425473435286	1.0020625251526647	0.5469012412761115	1.0
1521000	-20.086354974648685	-17.867801356078502	-2.218553618570184	-8.567505918488356	-9.300295437590144	1.0209218773449396	0.7465581872437107	0.05738446587084793	0.13517540328164143	0.7977562807895193	0.21629824732737613	1.0
1522000	-23.466690650169475	-19.074457102759958	-4.392233547409517	-10.343091777073983	-8.731365325685973	0.6327767910499997	1.0985667649270274	-0.6073345940600097	0.9453803042343367	1.733498810742367	1.0587507809403698	1.0
1523000	-20.428200746714268	-17.511483358919836	-2.916717387794432	-8.594144514887892	-8.917338844031944	1.0611798458057016	0.8339613512427241	-0.3850642718032782	0.38663370100627453	0.8570604688362647	0.20839738535029376	1.0
1524000	-23.96940550917689	-17.71709725006548	-6.252308259111413	-9.006551331367588	-8.710545918697889	1.306802345295881	1.4451096154161343	-1.4254215263798735	-0.1546901308414823	0.42611433049464553	3.447037912615029	1.0
1525000	-18.513836317730608	-17.049703793628574	-1.4641325241020335	-8.528556421248206	-8.52114737238037	1.2752961179926106	1.2555345457100502	-0.05741182149816443	1.9530621348295973e-05	0.6561593502751647	0.05462597166851654	1.0
1526000	-21.554332833989154	-18.50985345762288	-3.0444793763662714	-9.486385899054179	-9.023467558568704	0.717690468851891	1.5311104380411253	0.006719788599356513	0.2573013892117777	2.2411901512448664	0.06558113877069738	1.0
1527000	-21.054585083093485	-18.071034138564382	-2.9835509445291017	-9.246612917532168	-8.824421221032214	1.6584468927101554	0.8799599270298489	0.087041415320861	0.10878105272009334	1.6389661249365564	0.1216861553397359	1.0
1528000	-20.12101312049583	-17.42955074995237	-2.6914623705434635	-8.490583763595692	-8.938966986356675	1.179353815373058	0.8242612144117215	-0.04615527215462645	0.47844656131613883	0.910626071019058	0.11717677511229314	1.0
1529000	-20.387017961689857	-17.429769799995164	-2.957248161694694	-8.597475313747598	-8.832294486247566	0.9927168268433395	1.5308671902109983	0.14454608900830734	-0.3128483913133824	0.8939010819691058	0.18653510993363043	1.0
1530000	-24.080701111392564	-20.485819682509558	-3.5948814288830064	-8.639706802449235	-11.846112880060325	1.2464722578828829	0.47601914733627815	0.4850408648224065	-0.515389334694577	1.0167286211852473	0.1127301030490639	1.0
1531000	-20.553507412642183	-17.214337861352465	-3.339169551289716	-8.710567629065178	-8.503770232287287	0.9191119843887118	1.2385117034131161	0.46349533329519144	-0.147560573574724	0.674733475558019	0.05461720617353681	1.0
1532000	-21.156984894274125	-17.150920572126623	-4.006064322147503	-8.64795105103138	-8.502969521095242	1.407733379913371	1.115641331176703	-0.4754601633493165	0.13615776263900892	1.723340521157148	0.14067619861303227	1.0
1533000	-21.050034620160773	-19.581672908098234	-1.468361712062539	-10.714817141166298	-8.866855766931936	2.1068043912004986	0.8790000268158499	0.05527693617825706	-0.07682431941966346	0.5520911988461156	0.03574547642232926	1.0
1534000	-19.555603217372692	-17.026323210585424	-2.5292800067872694	-8.496123997383917	-8.530199213201508	1.1524700865755593	1.2883807593558396	-0.16818511030557665	-0.24541845387175742	1.139225658200095	0.10567372905119433	1.0
1535000	-20.374217080976337	-17.02674885641889	-3.3474682245574443	-8.492855373704629	-8.53389348271426	1.1893737423570065	1.1481881752231426	-0.1640683246887894	-0.4134849100445057	0.4892026284254253	0.22018975721315767	1.0
1536000	-20.329838925076157	-18.101270255601523	-2.2285686694746323	-8.970697928865963	-9.13057232673556	1.5647088320695592	0.776548475494728	-0.02056619397573632	0.29980520883754447	1.0033066029072233	0.08175974639631158	1.0
1537000	-23.16689384780919	-21.497762234939966	-1.6691316128692266	-8.588125381189304	-12.909636853750662	1.0104947998992455	0.3732453626798035	-0.026280729802606706	0.2398512562694594	2.2830488082191067	0.1549346805527373	1.0
1538000	-20.577721469637133	-17.537939977363102	-3.0397814922740296	-8.847350193027678	-8.690589784335424	0.8663509540540069	1.0315001960378583	0.19600481047435214	-0.5635061080212573	1.0220927177296943	0.13965825999594522	1.0
1539000	-25.275800376312525	-18.884875438564478	-6.390924937748046	-9.226228873252134	-9.658646565312344	1.705507295553094	1.7320597553811814	-0.9456163854748039	0.37033302872881096	1.3930418151705486	0.34720947661474294	1.0
1540000	-23.966137854602277	-17.73327556223669	-6.232862292365585	-8.606290734157714	-9.126984828078978	1.2240007362713812	1.231320861058537	-0.7311027265550242	1.261769192076117	0.6504951685906849	0.35892680997209364	1.0
1541000	-27.245943196303116	-18.504768858288962	-8.741174338014156	-8.543147474013097	-9.961621384275867	1.105314199828741	1.5448707802199018	-0.3416016675020634	-2.132269321005195	0.6118248880652025	0.4592108956592049	1.0
1542000	-21.641041954671294	-17.48166278105362	-4.159379173617676	-8.974357373657076	-8.507305407396542	1.4205335649647077	1.1330440250019096	0.5785504781092041	-0.21966711146995932	1.335337395749815	0.34434707836546774	1.0
1543000	-19.19440259047744	-17.653628899425748	-1.540773691051694	-9.036519034588533	-8.617109864837214	1.5979285333450126	1.359914942683298	-0.04413019082063813	-0.015247151391382552	1.1125695106115832	0.03312488641095777	1.0
1544000	-18.755344683073314	-17.093667509915612	-1.6616771731577034	-8.535812103943883	-8.557855405971731	1.2708014401041439	1.0517760195027088	0.031450172193462356	-0.16225512749985518	1.2729757873685854	0.05514838459636477	1.0
1545000	-19.59545740686623	-16.98489508632499	-2.6105623205412414	-8.49153902865064	-8.493356057674351	1.1921443612581923	1.1823787054928097	-0.09731118818262918	-0.1770415655965284	1.8061169218150213	0.07341929070530528	1.0
1546000	-19.460444284591503	-17.171919503903666	-2.288524780687837	-8.541991251696173	-8.629928252207494	1.0563005784769945	1.3515244090396834	-0.07393197609460601	0.08857011332096258	1.704794020494697	0.06823146961683374	1.0
1547000	-20.81798407903698	-17.369524788323417	-3.448459290713562	-8.524674905871558	-8.844849882451857	1.2327811997565652	1.5309035465271728	0.1254143661853373	-0.22887437314791165	1.8188888135732928	0.06358175022786217	1.0
1548000	-23.63401704026732	-18.17903742758105	-5.45497961268627	-9.30076560628008	-8.87827182130097	1.7220454781584666	0.8716258545529706	-0.15904187727024532	1.0608468295551068	0.9865360426042055	2.1446357384088235	1.0
1549000	-24.995574569927484	-21.963741932260195	-3.0318326376672875	-9.874691904204044	-12.089050028056151	1.890497419094027	2.4383936137575923	-0.020980902384869604	0.02881081539471611	1.093483960570904	0.03406363205085701	1.0
1550000	-19.457505460418798	-17.844648573867726	-1.612856886551072	-8.63784388245561	-9.206804691412117	1.3514753682968563	0.7616000083855603	0.11851126685846006	0.23401888844058363	1.0089315124110496	0.027152164723126652	1.0
1551000	-21.654418478710387	-17.731613607253486	-3.9228048714569006	-9.234316473495381	-8.497297133758106	1.6193921902877715	1.2101620656227663	0.2426817221190073	-0.027750796115994014	1.1259983142547423	0.39055362258893117	1.0
1552000	-22.99267756046036	-19.33992555441641	-3.6527520060439516	-8.700178787525953	-10.639746766890456	1.4274441691388964	0.5458241006253894	-0.6745621447636139	0.22325650642777356	0.7132081841020673	0.41790855006874955	1.0
1553000	-21.571517208162287	-18.21757700961827	-3.3539401985440156	-8.679150847292707	-9.538426162325564	0.9766129694971634	0.7355061445141768	-0.2310222860731277	-0.3437919430337861	0.46163836864098406	0.34284799293559653	1.0
1554000	-21.42408969696785	-17.23709289740962	-4.18699679955823	-8.53955497506988	-8.697537922339741	1.0874868975933876	1.4252212445453616	0.3874374581315382	-0.6737099238861992	1.0048437746619368	0.23756255024447262	1.0
1555000	-21.486701624970536	-17.42956761792955	-4.057134007040984	-8.74498667906097	-8.684580938868578	0.9022267073954437	1.0397146289432264	0.3445818801195114	-0.579794767659584	0.664811956472602	0.8577522218383653	1.0
1556000	-20.800756898863042	-17.135607357701517	-3.6651495411615276	-8.636755157515559	-8.498852200185958	1.068679273217824	1.1849344718262984	-0.5525398629429839	0.08274014562871568	1.078408991241309	0.44972948627617276	1.0
1557000	-19.219681593163074	-18.050265896973404	-1.1694156961896716	-8.50103537681246	-9.549230520160943	1.2222685096846955	0.7142423512877237	-0.036250632745136346	-0.10825197424328081	0.6284967664773862	0.05300685001656086	1.0
1558000	-22.17886257458273	-18.39381035214455	-3.7850522224381806	-8.52764559522173	-9.866164756922817	1.062012155796503	1.8509243698762516	0.12902979107407941	0.15012096324027344	0.3993089633150787	0.32904188709573107	1.0
1559000	-21.283595540812726	-18.251684081792884	-3.0319114590198417	-8.986243003127406	-9.265441078665479	0.8185980696286562	0.7392351821695341	0.24293527317125604	0.4228538194109055	0.4780134727438868	0.19404404946801498	1.0
1560000	-18.726908225102576	-17.313902870929027	-1.4130053541735506	-8.822263196761778	-8.49163967416725	0.8759056970444946	1.1481616404621993	0.1911152438930337	-0.04448488677697915	0.6863889055764206	0.053619807022342106	1.0
1561000	-22.88325716244172	-17.6302178631127	-5.253039299329019	-9.071950366321174	-8.558267496791528	0.7810063014550153	1.3081667228728673	0.627275214750634	-0.03274878934474479	0.5980616586866069	2.915125189936774	1.0
1562000	-21.809088299369588	-17.31443549531854	-4.494652804051047	-8.603813558489588	-8.710621936828952	1.061148977941719	0.9198064918656593	-0.420306710088408	0.49786419908051227	0.8071557302947102	0.06235082911658864	1.0
1563000	-18.010165657553934	-17.779903220777207	-0.23026243677672698	-9.196564004892117	-8.58333921588509	0.7730459807980928	1.0191255070844536	0.08446818613952357	-0.0766339346123881	1.5993062160003941	0.021576936617769535	1.0
1564000	-19.848270028703258	-19.267771806436485	-0.5804982222667724	-9.18666019088938	-10.081111615547105	0.7823516665621111	0.6204440267250538	-0.014340087569533977	0.06232920607490805	1.7468184958359212	0.07277968253411347	1.0
1565000	-20.58018807426351	-17.147772958421534	-3.4324151158419784	-8.546357270452598	-8.601415687968935	1.0665462860610977	1.3297029501955062	0.39012362488716434	0.08049539577830331	1.5370278505476889	0.19468174743957875	1.0
1566000	-20.821391331251053	-17.230605011206396	-3.5907863200446584	-8.724284954519007	-8.50632005668739	1.4362708168769105	1.1729930245742106	-0.02351419157147005	-0.30121141482353375	1.5748896628457731	0.1832058198959886	1.0
1567000	-23.474257135114442	-18.298535946239006	-5.175721188875434	-8.62602342800093	-9.672512518238076	1.2211189364611772	1.7032454509385675	-0.7822262121457781	0.489177417803513	0.32755273035844984	0.39954576294972255	1.0
1568000	-20.41742403744429	-17.73117155296262	-2.6862524844816686	-9.049565627270052	-8.681605925692569	1.5313550878554778	1.3924255628816309	0.3020118132223626	0.07055093127294187	0.47157493819086466	0.04618554656437603	1.0
1569000	-23.2943222874415	-19.725113157306573	-3.569209130134925	-10.007569711095396	-9.717543446211177	1.8933608981020642	0.6659423989637258	0.14679580304638812	0.19772603420159618	0.5489056161765697	0.3860927164393866	1.0
1570000	-20.982160533620007	-17.27063435025823	-3.7115261833617756	-8.587233794058754	-8.683400556199476	1.1136940981343593	0.9566176730929394	0.5819622749865585	-0.07912533300031778	0.6296964843717654	0.07899442503061457	1.0
1571000	-20.286958874234998	-17.560923749308536	-2.72603512492646	-9.064464490054608	-8.496459259253927	0.8439006965111466	1.1693737313894401	-0.339945751781813	-0.2082109812907576	0.9632939959711596	0.22936733051965164	1.0
1572000	-21.027755594577027	-18.925604687574474	-2.1021509070025517	-9.105842053702855	-9.819762633871619	0.8148523645150632	0.6805381367114102	-0.1640268771012222	-0.26830971733109166	0.6084344269598179	0.13433976972564007	1.0
1573000	-22.86069113420943	-18.867602239697288	-3.99308889451214	-8.624719060290005	-10.242883179407283	1.2898042139770742	0.6710395162736659	0.3189413228738033	-0.8746279731742767	0.898010948183816	0.365376622376331	1.0
1574000	-18.949410045821427	-17.45707019267622	-1.4923398531452077	-8.603592100454758	-8.853478092221462	0.9890091676887547	1.4957722259017956	0.12583490785945184	0.05032834991081429	0.9562675146335174	0.050059471031702885	1.0
1575000	-19.97741984613705	-17.249362028288182	-2.7280578178488675	-8.747499953737101	-8.50186207455108	0.9145939660561463	1.1996235396132562	0.05725469755167778	-0.27900859867178485	0.3950781500514478	0.11636581263778736	1.0
1576000	-19.032199162781065	-17.863357137069883	-1.1688420257111825	-8.491911192259295	-9.37144594481059	1.1651140587715336	0.7540173973919474	0.02345799927141673	-0.1751403023014623	0.5944756144944326	0.03859862359748102	1.0
1577000	-21.82205129988776	-17.271147606635573	-4.55090369325219	-8.732771523247537	-8.538376083388037	0.9072757200935256	1.14396618496145	0.45399810732440127	0.3786854082028337	1.1255598446969148	0.04734647911213765	1.0
1578000	-20.967769709344985	-19.29667716000631	-1.6710925493386735	-10.040574595791844	-9.256102564214466	0.6108086771905628	0.7601987059688831	0.34925049095676797	0.07297832620223363	2.0609322909751806	0.13116625177696714	1.0
1579000	-24.953871752636154	-19.79019481113099	-5.163676941505164	-11.125764425165336	-8.664430385965655	0.47317271212657863	1.311227913824564	0.9021586022278769	-0.8468760010699263	0.7949660403709283	3.3974320274416456	1.0
1580000	-22.949718678772243	-19.032516171498095	-3.9172025072741494	-8.83941705277718	-10.193099118720914	0.9272839876319119	1.9164967899353553	-0.4050427963786235	0.26409850493036413	0.9338847469917761	0.3513511874924863	1.0
1581000	-21.029400006573077	-17.884010323341293	-3.145389683231785	-9.269414865281929	-8.614595458059364	0.7889670920046564	1.3602694984037482	-0.31505205936800135	-0.0309043922323797	0.302210949808414	0.11334066485066994	1.0
1582000	-22.4294390143996	-18.156535227223223	-4.272903787176375	-8.890944251486046	-9.265590975737176	1.5262234437659645	0.7482424916199056	-0.9056606564581264	0.2353869837023464	0.835207966008386	0.45985220107302494	1.0
1583000	-20.54419053081147	-17.655313147399703	-2.8888773834117654	-8.564944855931637	-9.090368291468064	1.312095932384951	0.7842456743906996	-0.012359290048671867	0.3564698230368073	0.7613446723732563	0.2641656597500178	1.0
1584000	-21.116369844123376	-17.586314225367527	-3.5300556187558474	-9.094597178927408	-8.491717046440119	0.7738242154883138	1.1748358647961075	0.6861069172631461	-0.1413849234831175	1.0386565925156703	0.4473222381464233	1.0
1585000	-21.31677121784529	-17.87665447088589	-3.4401167469594016	-8.497360560907133	-9.379293909978756	1.1915157587413376	1.7273040577839838	-0.23333465656791263	-0.01676607172125677	0.2575163191017419	0.12464644431672905	1.0
1586000	-21.71753904020606	-17.82776665928704	-3.8897723809190183	-9.259272262135907	-8.568494397151133	1.7385452601694131	1.3378455829870939	-0.4934010473304023	-0.2798029652387452	0.6258700881939794	0.19392545001783293	1.0
1587000	-19.962116610434716	-18.196480898911318	-1.7656357115233983	-9.564405003248314	-8.632075895663005	1.7554145134249888	0.9794619611704813	0.15446900247064113	-0.013491600565352327	0.4034341952962509	0.035959053100754326	1.0
1588000	-21.185973579142782	-17.900459036837205	-3.285514542305579	-8.81225305166559	-9.088205985171617	0.875557738566995	1.559956728896439	0.28146579800515587	0.25088699970999095	1.670095254434693	0.09916707481431154	1.0
1589000	-18.79062295167183	-17.6278935979911	-1.162729353680727	-9.112757260583482	-8.515136337407618	0.7940580927284685	1.2563922185300833	0.0766379673779104	-0.07350049880792653	0.5658630067332795	0.0450812946719208	1.0
1590000	-18.62342247624457	-17.055145040103824	-1.5682774361407454	-8.51416773560942	-8.540977304494403	1.260631480248021	1.2694673762772242	-0.1486490639706951	0.07093105119521864	1.1014782455357897	0.04101315484494313	1.0
1591000	-23.950694249164236	-19.066444848549466	-4.884249400614772	-10.335613732661031	-8.730831115888435	2.0033261050818343	1.2447762243780454	0.06980685515610298	0.6821052925078754	0.41160867221436953	0.10958309569227433	1.0
1592000	-20.397524959589617	-17.38906569864458	-3.0084592609450374	-8.842654452094488	-8.54641124655009	0.9365358064655349	1.0386202419493387	-0.47393751680478813	0.1778570962922854	0.6368613001225729	0.18804282255801455	1.0
1593000	-19.401870883727504	-17.30538372914831	-2.0964871545791937	-8.542913370444804	-8.762470358703508	1.2474123770855656	0.9398607263704573	0.1697941354097094	-0.2619000532550755	0.8177825348922225	0.07677344612774276	1.0
1594000	-20.386707441708307	-19.30842594896378	-1.0782814927445254	-8.828353554186995	-10.480072394776787	0.880532706975302	0.5620237254441436	0.07833924663137476	0.24597727225452848	0.7958382791859452	0.044344537955275355	1.0
1595000	-20.613245045395242	-17.862642803525155	-2.7506022418700864	-8.837311038451919	-9.025331765073236	0.9093618608405806	0.8014287140917987	-0.26404843661679533	0.3706301612776027	0.807294623529708	0.0487262683429431	1.0
1596000	-20.018549780246403	-17.908406785767234	-2.110142994479169	-8.518732933552162	-9.389673852215074	1.2688458981424415	0.74218480530936	-0.23814502907120144	-0.07242057820531278	1.4538265326421196	0.11349764029568299	1.0
1597000	-20.235961645829633	-17.441898895001337	-2.794062750828294	-8.519273334747439	-8.922625560253897	1.2195782828765582	0.8414360427086861	-0.4001242565533911	0.18293351754810794	1.0486058334086061	0.052916543926150104	1.0
1598000	-24.84459234606202	-18.73920218456208	-6.105390161499937	-9.119970527536582	-9.619231657025502	0.9203385426193177	0.6637923234022788	-0.9373955846175812	1.7466574090900606	0.42000091949875534	1.1205943753242573	1.0
1599000	-20.14912634504759	-17.367625775162537	-2.781500569885053	-8.81124448761338	-8.556381287549156	1.4147522341821481	1.317281426076289	0.31523303011712683	-0.12531331362056655	0.9186425010100339	0.09795579088717583	1.0
1600000	-21.412320020622857	-17.074144339482935	-4.338175681139925	-8.563119952496578	-8.511024386986358	1.0908548355645686	1.090654785932864	0.5022467635906382	0.12349053406543367	0.435513155831449	0.04462489333684643	1.0
1601000	-21.681361053793225	-17.72003448574545	-3.9613265680477756	-9.143013053716192	-8.577021432029259	0.7613884530421018	1.2850904464645865	0.6501838565632541	0.17679021462917777	1.8881274078258115	0.268649099501323	1.0
1602000	-21.334312807832426	-18.12609268324433	-3.2082201245880966	-8.511512815551596	-9.614579867692735	1.1956250919537703	1.774882977425953	0.1574770686522268	0.14062567045319097	0.2949302696237504	0.11806007436821057	1.0
1603000	-19.304680733655285	-17.13242607094787	-2.172254662707418	-8.618622313391437	-8.513803757556431	1.312940617657266	1.197724586440105	0.21762798652909152	0.16683431670489035	0.6472469600550267	0.06410992235148648	1.0
1604000	-19.979456181952493	-17.69248273144921	-2.286973450503282	-9.187580301350348	-8.504902430098863	1.687006180501077	1.218907269696121	-0.2258459384658258	0.030156176321672334	0.619795798164034	0.06775895384364737	1.0
1605000	-23.593018246945114	-17.620733111631743	-5.972285135313369	-8.91428673395019	-8.706446377681555	0.8399581906263102	0.9632017513736632	0.9327508665651804	0.8383845757699955	0.6371030100088599	0.2180314841415714	1.0
1606000	-26.57736368919517	-21.428167219322805	-5.149196469872364	-11.495054333170994	-9.933112886151811	0.4819925961844925	0.7105016606004069	-0.0889950203974137	-0.7927326525366524	0.8152505151368745	0.06913270204617326	1.0
1607000	-22.074847224491553	-18.83212152758241	-3.2427256969091447	-9.266428738648052	-9.565692788934356	1.6231568816881947	1.8142310701942637	0.2767350248001846	-0.14605476148223687	0.770264064883316	0.10946872347231792	1.0
1608000	-21.076665037679618	-17.060712351352656	-4.01595268632696	-8.554119967449562	-8.506592383903095	1.0805982429113707	1.1547705520109208	0.45630948759431134	-0.2728988521853863	0.41514914648326956	0.43455231795275867	1.0
1609000	-21.042250269024265	-17.40882754768551	-3.6334227213387518	-8.669902726442514	-8.738924821242996	0.9596051049307467	0.9072985286320057	0.6552557844853498	0.2637010497216016	0.7040863805462946	0.4736594041725298	1.0
1610000	-22.346866226436617	-18.454777867847874	-3.892088358588743	-8.609706457180339	-9.845071410667535	1.3437039501684311	1.7674402402952376	0.04426853514914497	0.44731620703893293	0.31284790717206634	0.0749833003499353	1.0
1611000	-23.946094640757504	-18.919121844243502	-5.026972796514002	-10.328859922345428	-8.590261921898074	0.6289079023134764	1.2578281883326257	-0.5366297183996891	-0.6797551244812718	0.3353421739789329	0.17957878471676772	1.0
1612000	-20.869241816161725	-17.38669538805279	-3.482546428108937	-8.7729345273417	-8.61376086071109	1.49329017822038	0.9806386644420626	-0.25997051127275683	0.37880718657167917	0.38024482711223073	0.12892607888059476	1.0
1613000	-22.274785156790927	-18.707474259450528	-3.5673108973403966	-9.222792268641872	-9.484681990808658	0.7972305994401416	1.8228041698043056	-0.2875321479758667	-0.4612003726304119	0.5563259412627221	0.17276439946008934	1.0
1614000	-20.135385726469906	-17.078724293807205	-3.0566614326627004	-8.527123354953007	-8.551600938854198	1.2838759227487417	1.2804941583484746	-0.22608615404251722	0.07962610383715946	0.387314578921803	0.15643607635880205	1.0
1615000	-20.80629892312515	-18.25916176496957	-2.5471371581555813	-9.52644086091522	-8.732720904054348	1.799323534428579	0.9095732640670795	-0.13622054959082547	0.28222807805508443	0.5686337234678907	0.03599221774956031	1.0
1616000	-19.279683121298532	-17.318878340356605	-1.960804780941929	-8.613168952048255	-8.70570938830835	0.9898123808375399	0.933560988111453	0.007845992940948399	0.0614400842547943	0.5116074052381838	0.10870406510753114	1.0
1617000	-20.798824847051794	-17.218498839191636	-3.5803260078601573	-8.541589726478108	-8.676909112713528	1.30438507662573	1.427292311223228	-0.1999194921203896	-0.20492853259996277	1.1497199640426803	0.28244392785470906	1.0
1618000	-23.30787703207377	-18.083061447392442	-5.224815584681327	-8.773123064269924	-9.309938383122518	0.917982705291989	1.762303256269313	0.9103922049499213	-0.6572206546430657	0.971277577447584	0.361955830952853	1.0
1619000	-18.6707411907015	-17.02086472697917	-1.6498764637223284	-8.530368349426974	-8.490496377552194	1.2495867734187478	1.179020317430622	0.09484343513782592	-0.09858362765191903	1.0587366572026429	0.060883702739870725	1.0
1620000	-22.88589842965096	-19.36565414981784	-3.520244279833123	-10.295934930569327	-9.069719219248512	0.5865018134156451	0.7857758287985754	0.18374664144432906	0.4609134456143511	0.5283099394451938	0.5901642114775316	1.0
1621000	-22.421485310990697	-19.023208758439075	-3.398276552551622	-10.316290097697909	-8.706918660741167	0.5955917777273643	1.389545762304958	-0.02643387207498743	0.16523430593084976	0.4438048773114942	0.3742759757990613	1.0
1622000	-21.36998902777495	-19.11027018921778	-2.2597188385571685	-10.60460435818908	-8.505665831028699	0.5779340316946836	1.2069709704481604	-0.2866067314085411	-0.3099195490066229	1.4370279564547104	0.09015685479355964	1.0
1623000	-19.283011761803856	-17.067270739808784	-2.2157410219950724	-8.504613923675617	-8.562656816133169	1.1750793088666769	1.0216425543851178	-0.2909298781743547	0.15503726457874623	0.8031208166978144	0.085225909222045	1.0
1624000	-21.67940436262101	-17.63229014516486	-4.047114217456151	-8.81819376189488	-8.814096383269979	0.9310055231154052	1.04526303571958	-0.3713400722010221	-0.8810557183652938	1.1403994006838274	0.4798551585030969	1.0
1625000	-19.212107401567206	-17.68423824607231	-1.5278691554948935	-8.858420493321173	-8.825817752751137	1.5050847735944726	0.8967715122248664	0.012424585100146213	-0.10708917248399984	0.5317864500602532	0.05167586067813618	1.0
1626000	-19.479816417939233	-17.241342977326156	-2.2384734406130784	-8.546870148560442	-8.694472828765711	1.2978392093445148	1.4134666930847135	-0.05031996469966504	0.0002217571723328038	0.4094932718513586	0.0811928425440539	1.0
1627000	-19.782438206702533	-17.59635648725145	-2.1860817194510807	-8.676647833837075	-8.919708653414377	0.9383234229929439	0.8720579662579249	0.2787495226455107	-0.19137938072617983	1.0166118352101725	0.16400756708917524	1.0
1628000	-19.234000187615884	-17.25643033676738	-1.977569850848502	-8.7416251760615	-8.51480516070588	0.9087478182178127	1.2095708047214475	0.19883784688983863	0.14074004357503028	0.5615298008458609	0.07384297085477595	1.0
1629000	-19.947560961389627	-17.925100632419802	-2.0224603289698235	-8.937459594889773	-8.987641037530029	1.5145083815191105	1.5732300168527371	0.16082634667787715	-0.025553582909781547	0.8915131746086763	0.0455506759211978	1.0
1630000	-20.993197750085063	-17.43921650120266	-3.553981248882401	-8.542993726470156	-8.896222774732506	1.253447228548617	0.8388365322814362	0.14830409085672622	0.4750277531610473	1.775040729271213	0.06662229658301667	1.0
1631000	-22.449269636390266	-17.82304220394549	-4.626227432444775	-9.325737076124057	-8.497305127821434	0.7139114974156959	1.1785666576088973	0.8868337279234448	-0.22819866323003557	0.39892246589098385	0.2986454350700219	1.0
1632000	-19.25292063872273	-17.470196341770247	-1.7827242969524832	-8.813253494684842	-8.656942847085405	0.8749596720548253	0.9717758582598256	0.28673244197224296	-0.08714529706027735	1.5534211842565957	0.06490150806185471	1.0
1633000	-22.948942872249933	-19.183155866616506	-3.7657870056334266	-8.754199217449042	-10.428956649167464	1.376041304545132	0.5547382623709743	0.3381188393196112	0.5399975990325255	0.4312955328466781	0.17932412081367907	1.0
1634000	-20.23797651490455	-17.614206882683355	-2.6237696322211947	-8.527044953048541	-9.087161929634814	1.2826747745748988	0.8416072302830684	-0.1642441162213653	-0.37595363570512585	0.8893527478497727	0.14938326212272304	1.0
1635000	-25.151086876394295	-18.46404884500358	-6.687038031390717	-8.760850764753975	-9.703198080249603	1.4926574207481067	0.6467237054408047	-0.4227355631076554	1.7976738844748883	0.33304985104684154	0.7799590588944073	1.0
1636000	-22.2635417525082	-17.671131404775345	-4.592410347732855	-9.080890616594594	-8.590240788180752	0.9298679479628797	0.9974122262805958	-0.917377955024468	0.17232362356680175	0.41007536218641005	0.5118213273103384	1.0
1637000	-19.75409612525653	-17.360967080376923	-2.3931290448796085	-8.653695667990483	-8.707271412386442	0.9775952633728745	0.920880151096492	-0.12398255671125738	0.33458534249457694	1.6458322918951362	0.1243217649116008	1.0
1638000	-17.993144065674123	-17.040830648638142	-0.9523134170359813	-8.53448292639495	-8.506347722243191	1.2587581050490682	1.2038390322957577	0.08059444139332186	0.097677834239836	0.6415712204504079	0.025554780256179077	1.0
1639000	-21.7084065617952	-17.52422068000005	-4.18418588179515	-8.672839486419766	-8.851381193580284	1.1849522062819409	0.8711210785934049	0.6973016674732938	0.0931338526422757	0.3741005308707892	0.27970666780181574	1.0
1640000	-22.27439690205793	-19.915788888579076	-2.358608013478855	-10.096116994569762	-9.819671894009314	1.9475924834739065	0.6573231602502483	0.019170738495916273	0.07051239409110421	1.3704625595605973	0.08630695783293864	1.0
1641000	-21.978983777942105	-17.401953767676684	-4.577030010265419	-8.529574843372972	-8.872378924303712	1.1332631514382323	1.3396298869431444	-0.3592883924594605	0.6694529209809658	1.1653312162123182	0.8325590474501932	1.0
1642000	-20.10125438114216	-17.392516274056717	-2.7087381070854404	-8.744991814420182	-8.647524459636536	1.3582919196836438	0.962033484841768	0.38138442976575715	0.09953612696037603	1.102722201406203	0.055573920402081846	1.0
1643000	-20.392057225079284	-18.22649392572328	-2.1655632993560063	-8.52462860560236	-9.70186532012092	1.2276166558501151	0.6622622246784586	0.14300136578942618	0.3158328145443034	0.6215213708483787	0.05116880851342713	1.0
1644000	-20.886230208715865	-17.50766079912535	-3.378569409590514	-8.561073295843276	-8.946587503282075	1.0503682896870763	0.8649285328225712	-0.17325183283840276	-0.20685542168626342	0.1718588730364675	0.03395433135902845	1.0
1645000	-20.96948517762858	-17.26024834437117	-3.7092368332574104	-8.60928989471663	-8.650958449654542	0.981837531818588	1.39703988307956	0.29489726075529643	-0.5868719648180094	1.0253681538322104	0.2595850112129551	1.0
1646000	-19.385618369880362	-17.08735939046	-2.2982589794203623	-8.549843541977642	-8.537515848482359	1.2364864404218572	1.0489596120054208	0.23613214240015745	0.14043930902662138	0.6145631419694341	0.10117862961652078	1.0
1647000	-22.69781658332259	-19.409173718060945	-3.288642865261645	-9.310851313806584	-10.098322404254361	0.7398733635316312	0.616034279362455	0.21018646956099551	0.09944373276134905	0.21015737774652188	0.11110168788246165	1.0
1648000	-22.565088492085682	-18.236039152109335	-4.329049339976348	-9.677171280799435	-8.5588678713099	1.7607616001724231	1.2603149462954635	0.2827049479992625	0.1952041962126661	0.1919533823329637	0.17925289797856936	1.0
1649000	-20.855503378705038	-17.872269599144484	-2.983233779560553	-9.354144586194773	-8.518125012949712	0.7610204855391288	1.2372634835384653	-0.21500645504949156	-0.3742876447610473	1.8962294829124755	0.1071347083934703	1.0
1650000	-19.748211142192865	-17.398924453500236	-2.3492866886926294	-8.870573986505839	-8.528350466994397	0.8663773377349541	1.0626102754211302	0.06406756996808852	0.17859407467364408	0.8002920243948739	0.20931913371102326	1.0
1651000	-19.086698660971884	-17.28747628174805	-1.7992223792238344	-8.596201222148911	-8.691275059599135	1.3223137607619992	0.9514877260298518	0.09424637098992039	-0.06805245958570885	1.2053762310014466	0.08314925246151293	1.0
1652000	-19.777176288422993	-17.587329267335356	-2.189847021087636	-8.584597244671412	-9.002732022663945	1.002284091627806	0.8228711970783114	0.15852004541668524	0.0908336608090688	0.3507984817104239	0.07350199340591392	1.0
1653000	-20.055130160595617	-17.039922356004013	-3.0152078045916033	-8.54341088449166	-8.496511471512353	1.1452346801222342	1.1286578529916853	-0.448840063674042	0.06391139351663225	1.291295166498711	0.13124377676347299	1.0
1654000	-20.60607944657191	-17.11397094548154	-3.492108501090371	-8.538209561238292	-8.57576138424325	1.2979843576295331	1.1735449430499112	-0.3031636477968275	0.4724681639689816	0.6128702989422358	0.1389946588871391	1.0
1655000	-19.992362759680717	-17.88382709360781	-2.1085356660729078	-8.684911895441626	-9.198915198166183	0.989353265158474	0.7891592542271911	-0.33789782149690617	-0.13648247334359426	1.648226079016661	0.0929451742521557	1.0
1656000	-23.71410423927156	-18.533401916747746	-5.180702322523814	-9.377561472206448	-9.155840444541298	1.7343326385333862	1.6953132483264606	-0.059489565935080146	-0.6947139797392299	0.3180006667015792	0.11399602323485941	1.0
1657000	-22.297315046537634	-18.90119773906973	-3.3961173074679056	-9.886715050101397	-9.014482688968334	0.6360119447687664	0.9072623118463652	0.2745494447893788	-0.6820345336277432	1.5548915863680794	0.12968595913107747	1.0
1658000	-20.589869295260023	-17.304053118670744	-3.2858161765892775	-8.669653767038621	-8.634399351632124	1.418827974560641	1.0511901042797955	-0.16786096891512858	-0.481416795015659	0.6804925303388815	0.09995956734344039	1.0
1659000	-19.99151350405434	-18.032514908606274	-1.958998595448064	-9.536401597140843	-8.496113311465432	0.7268932904475539	1.1770922955122232	-0.23966244194612715	-0.21321337775080365	1.5702578615770766	0.05384068291551677	1.0
1660000	-21.295633740538925	-17.21462251656941	-4.081011223969515	-8.711020316887646	-8.503602199681763	1.3203804556711154	1.2040764666255228	0.43390141176502983	0.07354188214560119	1.8163487468910553	0.19098673718859563	1.0
1661000	-24.27300719584329	-18.65918334937568	-5.613823846467611	-10.04949501986767	-8.60968832950801	1.7086985070948213	1.1902324825755903	0.8206632325575502	-0.7222819326400212	1.0670568512929524	0.29287082523650726	1.0
1662000	-21.500691654244854	-19.45536841978017	-2.0453232344646834	-10.48258696675591	-8.97278145302426	0.5608380696784614	0.8387120607461214	0.2648221258538215	-0.005947919790693645	0.35752884403991425	0.03483709608918345	1.0
1663000	-22.097801493228324	-18.108718901566753	-3.9890825916615724	-9.340026789592386	-8.768692111974365	0.7560665646068083	1.485286056270993	-0.1192074746726851	-0.6537704379878856	0.4259213128253718	0.2202757212954509	1.0
1664000	-23.674176689146144	-19.711876127095742	-3.9623005620504026	-10.720024743725004	-8.991851383370737	0.5688474624786323	1.6191071788383162	-0.34290183846867983	-0.4405639504345231	1.3838695783199173	0.06145612743034661	1.0
1665000	-20.852022451961012	-17.777318835272045	-3.074703616688969	-9.11859206658307	-8.658726768688975	0.8067590799836419	0.9605401330352582	-0.1094729818553499	0.5899703425623692	0.7018391398705808	0.16671636970642734	1.0
1666000	-20.411824952072404	-17.44094210046932	-2.970882851603082	-8.550441937524818	-8.890500162944502	1.1354998379347498	0.8457452388062942	-0.4568063305919282	0.3118042972521397	0.9808891645199256	0.12147628611640257	1.0
1667000	-22.107037882037634	-20.498075259741377	-1.6089626222962565	-8.795901129723887	-11.70217413001749	0.8906233402355827	0.4451979131222017	0.11387305251027383	0.3886934044801857	1.3372267738857768	0.1210221936659568	1.0
1668000	-19.522363107459352	-17.67380609792108	-1.8485570095382704	-9.179849870597346	-8.493956227323736	0.801498451714052	1.1573017268451709	-0.22317527609809962	-0.15045677516782113	0.7526168378453288	0.08604089777551427	1.0
1669000	-20.823706321282554	-17.22352705842841	-3.6001792628541436	-8.606159143728322	-8.61736791470009	0.994492661363978	1.3842487136603507	0.4687832193023328	-0.4063158675837911	0.6468895130538528	0.1980273038773019	1.0
1670000	-22.25420775773056	-20.109568847758535	-2.1446389099720227	-11.386353271510114	-8.723215576248421	0.48296823006782186	0.9153316498369495	0.07976961301942401	0.24518223886884744	0.9317305938186073	0.2853676124985504	1.0
1671000	-19.407281236415294	-17.375523289637904	-2.031757946777389	-8.840467923555924	-8.535055366081982	0.8670653717456183	1.0560688915840613	0.23124649506251638	0.014669897745794917	0.5989094712321739	0.10712085740889322	1.0
1672000	-20.621204918418375	-18.514318005748144	-2.1068869126702294	-8.67299296044138	-9.841325045306764	1.4297623698547177	0.6659236027999161	-0.2872102904724313	-0.11415375382449644	0.7795262017379699	0.09277681746805265	1.0
1673000	-19.37964318192968	-17.273547039117105	-2.106096142812574	-8.653163222558781	-8.620383816558324	0.9955461496555897	1.3781161764665792	-0.25944761109393494	-0.13411239588318416	0.6282798411824794	0.04553238511718548	1.0
1674000	-23.541393248511298	-18.79680413569543	-4.744589112815865	-8.729584413140739	-10.067219722554695	1.333796876697152	2.02860060637886	0.4307258744332794	-0.6510379902661924	0.584153689095057	0.2220095639081476	1.0
1675000	-19.276547228125487	-17.73545857347358	-1.5410886546519085	-8.750939497857312	-8.98451907561627	0.9053945583024103	0.8219666866513619	0.18269269417185396	0.19044926976545934	0.6221366809771446	0.026860810649437863	1.0
1676000	-23.085143973769537	-19.218361727013132	-3.8667822467564057	-8.803041607116393	-10.415320119896737	1.1794888271936714	0.5907758010556557	0.945981479839398	-0.1442132865510699	1.4126003638719618	0.4698131016178496	1.0
1677000	-20.209931254460308	-17.710298197836195	-2.4996330566241114	-8.819709835878989	-8.890588361957205	1.467329266291758	0.891899981275132	0.10674526837157772	-0.281444825583931	0.667192254344091	0.12409192496132528	1.0
1678000	-18.77863399412459	-17.162538828418022	-1.6160951657065694	-8.575793883303534	-8.586744945114486	1.0094340092481782	1.0110290944333487	0.2505436712797173	-0.02048673234022455	1.1393481330400475	0.0630275315257291	1.0
1679000	-21.617706554444876	-20.742475280795283	-0.8752312736495926	-11.966031510258109	-8.776443770537174	0.44544172533545817	0.8929686782822431	-0.07916030936732044	0.21351829884367535	1.0961720353716622	0.07482038139546317	1.0
1680000	-17.684158588253702	-17.448421296829768	-0.23573729142393263	-8.950592402955277	-8.497828893874491	0.8450540305984393	1.1229890069789137	-0.0005732669786971678	-0.04435999588380228	0.872716896948973	0.026541411945389625	1.0
1681000	-19.69572189695502	-17.26121104905257	-2.4345108479024535	-8.723306968649968	-8.537904080402603	1.455480676383848	1.0533270238591301	-0.17577120956509684	0.2485772284297724	0.501470601862918	0.0597738478726943	1.0
1682000	-24.46155801043163	-19.65464140920659	-4.806916601225041	-10.903232408895354	-8.751409000311238	2.271162070545844	0.919261012706585	-0.6749982187690086	-0.023617404341991666	0.723158998099872	0.09734598172685953	1.0
1683000	-21.74239389549411	-17.82575723018746	-3.916636665306651	-9.329612317748307	-8.496144912439153	1.7620387306864367	1.1291191383517343	-0.4215862589531649	-0.05421020947611299	0.6890411150141772	0.4168712917591127	1.0
1684000	-21.522338763850193	-17.594893168359263	-3.927445595490931	-8.805015706322633	-8.789877462036628	0.9719601549489462	1.4565082154877163	-0.5800493000901059	0.07946920536407194	0.4098286479875411	0.11935601936684148	1.0
1685000	-19.597671598074925	-17.09257136671044	-2.5051002313644855	-8.599680511125891	-8.49289085558455	1.369783470757309	1.1800695310542526	-0.29478162484248516	-0.16823674843815212	0.9062923971722826	0.06831432992376087	1.0
1686000	-19.38396130272799	-18.11894509869825	-1.2650162040297368	-8.927620491590758	-9.191324607107493	1.5565256658780224	0.7878338951392485	-0.09665142831627688	-0.09876154566774181	0.7756046211154781	0.044405453705194504	1.0
1687000	-19.672830244993637	-17.278344854528296	-2.39448539046534	-8.570400720030433	-8.707944134497863	1.0716489298685696	0.9621995776836196	-0.3339966071997747	-0.23600982798499193	0.9805761557940199	0.09201069768115322	1.0
1688000	-19.714601771088347	-17.56605243203586	-2.148549339052488	-8.545439644252834	-9.020612787783028	1.0396206166735822	0.8143064850367521	0.13893425516049535	0.14443896714658994	0.4343533821600962	0.09262480301723687	1.0
1689000	-24.473372609376376	-22.292549276493986	-2.1808233328823894	-10.191272754178904	-12.10127652231508	1.9780404848852045	0.44071668332284203	0.003336398625913506	-0.1869875945993808	0.8242358750738055	0.11144879061553391	1.0
1690000	-21.408187233920145	-17.237651660098635	-4.1705355738215095	-8.52282877698299	-8.714822883115643	1.2753606620864595	1.4506353520986954	-0.25800245262540383	-0.6051709276543054	1.1526478672742035	0.24030178167264762	1.0
1691000	-19.312860871318204	-16.99925165778739	-2.313609213530814	-8.49802611699148	-8.501225540795911	1.1739319971874749	1.119764650853213	-0.23132892137624358	-0.09225331663938317	1.435573969801589	0.08585146632496307	1.0
1692000	-19.81248273516455	-17.518361060556437	-2.294121674608112	-9.006210933198156	-8.51215012735828	1.5716899287306092	1.086915026838259	0.030352313460064922	0.04568145523465435	0.3249785822684896	0.06872643612552191	1.0
1693000	-19.311957660552785	-17.259503949562117	-2.0524537109906706	-8.507787638619355	-8.751716310942763	1.1160973273401236	1.4131177422501104	0.19681615964956597	0.18312983161906793	0.6052620104265122	0.03608227608771032	1.0
1694000	-22.303435267964105	-17.335074957451475	-4.968360310512631	-8.734470181512878	-8.6006047759386	1.151349280789707	1.238598869215817	0.8782689707463744	0.4024907096823299	0.4132480339345264	0.8290417479473613	1.0
1695000	-21.870700059851544	-18.53881466572123	-3.331885394130313	-9.994851509082274	-8.543963156638956	1.8412074433703025	1.2878230611511525	0.3381736014376524	-0.006695986542421872	0.4503320796177932	0.1512461773737112	1.0
1696000	-23.76199919186095	-17.721123415195336	-6.040875776665617	-9.071743455982041	-8.649379959213297	1.6515461551639026	1.1663269330123789	-0.3618950744468362	-0.7959411168287602	0.29748761230637777	0.1273987198485757	1.0
1697000	-22.637340835804515	-18.913801142452954	-3.7235396933515617	-8.910100756049019	-10.003700386403937	0.853092196938338	1.9144699345109792	0.06403020751690841	0.04866225422375181	0.7518280118360139	0.46182650527913094	1.0
1698000	-18.747533893338712	-17.508522727402834	-1.2390111659358782	-8.680972180763192	-8.827550546639642	0.9581611768683101	0.8741102811736807	-0.0818911508576404	0.18742718452868087	1.6407362304516917	0.046805570786724066	1.0
1699000	-21.242375920653117	-17.48933778113611	-3.7530381395170074	-8.683194791937897	-8.806142989198214	0.9352604530585524	0.9194126052484102	0.2569345845883023	-0.2458734244241395	1.781274342554196	0.7253981448829581	1.0
1700000	-21.540116884353463	-17.592812200229936	-3.9473046841235275	-9.088043989616637	-8.5047682106133	0.8268655308867076	1.238938669254792	-0.2406192304126817	-0.10413710896156197	0.8985142706421242	1.0050625062179572	1.0
1701000	-21.550954734319618	-17.393674736864412	-4.157279997455206	-8.706739085779239	-8.686935651085175	0.9475306661234028	1.2058866880222816	-0.10555335738751592	0.6845320467769876	1.287932600077111	0.1032891469579425	1.0
1702000	-19.050299199974525	-17.180105073205482	-1.8701941267690427	-8.512414076982381	-8.667690996223103	1.2062699777474921	0.979322705148834	0.13475075666453779	-0.20368643286693616	0.5778660838614166	0.05867245483307867	1.0
1703000	-18.914152336571377	-17.087619257764697	-1.8265330788066807	-8.547661846072682	-8.539957411692015	1.0728387973550189	1.0479605511791414	-0.22616951718899214	0.05881097994573856	0.9780663373353314	0.08674744909811524	1.0
1704000	-20.56161279570176	-17.772588504658223	-2.7890242910435346	-8.76529416436691	-9.007294340291311	1.4851678226620553	0.8122368961879184	-0.21706995576242333	0.24733685392843852	1.6925970568882747	0.042611135267458314	1.0
1705000	-20.31334542173974	-18.688838338795318	-1.624507082944423	-8.775316619468123	-9.913521719327195	0.8947255179665535	0.6504893873349191	0.18749762738104953	-0.04506530681881547	1.0054337881157214	0.15293915501411093	1.0
1706000	-21.931402014893603	-19.363502831951273	-2.5678991829423294	-8.502028365547464	-10.861474466403811	1.2266234267610654	2.197181857626821	-0.04881068906368068	-0.1917375632690936	0.3458624970793441	0.05221182033135779	1.0
1707000	-24.551462017709063	-18.635369323447783	-5.916092694261281	-9.018019184894422	-9.617350138553359	0.8262770882955806	1.8707478951921375	1.2750773399733473	-0.9293507834561109	0.7665385122929524	2.8248531785525266	1.0
1708000	-24.503792497742705	-17.333377015727976	-7.170415482014729	-8.59595825080505	-8.737418764922925	1.1112570659212673	1.3716700953552254	-0.5566675804896581	0.31637902743428087	1.518988508721316	0.03579245166906113	1.0
1709000	-18.790944065265222	-17.278331870488795	-1.5126121947764255	-8.734359744786646	-8.54397212570215	1.4024623420054425	1.0416213828492598	0.18421000986718028	0.11392868724070192	0.8593229730693932	0.02942558815100116	1.0
1710000	-20.811830426118725	-18.11478724618533	-2.6970431799333965	-9.589894123156103	-8.524893123029228	0.6909690096953511	1.0907904598208908	0.1329847265704577	-0.17114974376092187	0.3286495990666394	0.11596256014794334	1.0
1711000	-23.374643700615692	-19.110551982469204	-4.2640917181464895	-10.575468168738858	-8.535083813730347	0.639268287224384	1.0832505958143022	-1.013335435575439	0.3536155664642947	0.7660415857865547	0.9945934133595564	1.0
1712000	-22.597531391139633	-19.677909106789457	-2.9196222843501762	-9.371799625979818	-10.306109480809637	0.7236816025960688	0.6163213851906277	0.2762466003827794	-0.32931273845509446	0.38192907663181014	0.11751460327762767	1.0
1713000	-21.279975092913322	-19.41616065208833	-1.8638144408249928	-10.911764637996464	-8.504396014091864	0.5438115224644556	1.1253510884006057	-0.2597098547919775	0.17612753268701475	0.9837263606429971	0.13264981762366257	1.0
1714000	-19.115683464487063	-17.157949726952626	-1.957733737534435	-8.601434695048168	-8.556515031904459	0.9901199641985614	1.305767062082601	0.1363115041719859	-0.029406114443242537	0.6519444740886403	0.09703057518892197	1.0
1715000	-21.49792751036012	-17.74275847471748	-3.7551690356426404	-9.126163141511947	-8.616595333205533	0.7644022756200394	0.9762966304162234	0.8805392784794479	0.28328309626442677	1.2777256528183016	0.3350830629295109	1.0
1716000	-19.619094803969627	-17.44831427088974	-2.170780533079889	-8.90724846021743	-8.541065810672308	0.8473194873619884	1.0578158021461037	0.1675136282627902	-0.07851913983570535	1.278072249480012	0.18168477287151005	1.0
1717000	-19.564651769621285	-17.04073274932749	-2.5239190202937953	-8.530211948066448	-8.510520801261041	1.2724955856787705	1.1199614401567821	-0.021750834744743888	0.2271437150243656	0.7560084089915594	0.15768034860991523	1.0
1718000	-19.629956763883058	-17.581714794556156	-2.0482419693269036	-8.903492704670388	-8.678222089885768	0.8448611016255894	1.4077412818197608	0.23524108989918863	-0.03213205191971844	0.8326282828458375	0.09850011545324434	1.0
1719000	-20.46358386725818	-17.472143577567493	-2.9914402896906864	-8.7307390531868	-8.741404524380695	1.3610717216862054	1.4673985394969984	0.33993723591372543	-0.18217170723372145	0.6292075950368767	0.05572791724725748	1.0
1720000	-21.25054086912056	-17.245271822193217	-4.005269046927341	-8.605975979740228	-8.639295842452988	1.0348104323336138	1.3881127410772016	-0.30457639088053357	-0.5701087926551782	1.3876174001382136	0.26527357995646605	1.0
1721000	-19.58624771658899	-17.83904069135201	-1.747207025236977	-8.566984308959984	-9.272056382392028	1.0582362552438571	0.7649377543755059	-0.2531383290586518	-0.04376369819011047	0.9755638605273282	0.10820585052945608	1.0
1722000	-22.92021620080544	-19.103908514459693	-3.8163076863457497	-10.51354946169276	-8.590359052766933	2.142640204796662	1.017530573297694	-0.44014272954621303	-0.11049016245548399	0.49609154954471274	0.0528099288130964	1.0
1723000	-20.920998951657047	-18.422395676758164	-2.498603274898883	-9.650940460452023	-8.771455216306142	0.6934017480826025	1.401176510312791	-0.0671011248094747	0.2811933037724502	0.39570690825673327	0.07683111968903869	1.0
1724000	-20.069414747618293	-17.3024186841729	-2.7669960634453936	-8.54657482630683	-8.755843857866067	1.2061685008474885	0.8981344136091332	0.30494846449576024	0.31012514016354265	0.7072474506287592	0.06163225185978377	1.0
1725000	-18.510186723982404	-17.53124518481154	-0.9789415391708653	-8.727421295793684	-8.803823889017853	0.9325646701564788	1.4992193992568084	-0.052601079092007064	-0.1424273753029801	0.5702264196075638	0.018396713382753675	1.0
1726000	-19.766610602732392	-18.260995306287562	-1.5056152964448293	-9.668245980588718	-8.592749325698842	0.6921854294849356	1.0003921917753247	-0.09155044080377106	0.06085390304299919	0.6940422816798092	0.10050510770811404	1.0
1727000	-27.744079187901114	-20.943687444267326	-6.80039174363379	-8.795610156566212	-12.148077287701113	1.2001820363593265	1.515283804245852	0.8930624530083143	2.4293722558008883	0.883104209200189	2.180144656569651	1.0
1728000	-21.101777452561468	-18.364053594473432	-2.7377238580880343	-9.838795377517453	-8.52525821695598	0.6641026243041765	1.2054427783921533	-0.08169010831021825	0.21157505175997288	0.4294485996511663	0.1755078115187801	1.0
1729000	-19.865792963288467	-18.703149428677207	-1.1626435346112602	-10.191612798489649	-8.511536630187557	0.6251504474389881	1.0880656627040426	-0.2437416151640196	0.04365117556616646	1.1058062414812038	0.0517934558479895	1.0
1730000	-23.088658861914297	-18.060619366042253	-5.028039495872043	-8.596644904447091	-9.463974461595164	1.2292650873865931	1.8000070688686682	0.41525702484783633	-0.2978543439884727	1.7257163113413791	0.2058811273151001	1.0
1731000	-21.641034832770963	-18.717211187417657	-2.9238236453533064	-10.067385123771235	-8.649826063646422	0.6550681802643832	1.4083637208451352	-0.41794599701203106	-0.2155243784541397	0.6488323419302807	0.1717135404505259	1.0
1732000	-21.268167056034763	-17.204366979660744	-4.063800076374018	-8.54562356737631	-8.658743412284434	1.096177516774987	1.105539896125575	-0.3204053230795909	0.7825469207486171	1.1435294755113463	0.39578352046752313	1.0
1733000	-23.78436499887202	-17.42627636399566	-6.358088634876358	-8.50995679512708	-8.91631956886858	1.1954530796626615	0.9959284415410672	-0.3434528901894876	-0.9059676902154901	0.40449732753678114	5.7047955196190445	1.0
1734000	-23.44289758433016	-19.303112435690394	-4.139785148639769	-10.587898990641165	-8.715213445049228	2.0985523980935064	1.347749088794799	-0.055226155773438354	0.3517824290052124	1.2354771252603463	0.1349602360736488	1.0
1735000	-19.20841608821852	-17.392961367578163	-1.815454720640356	-8.90062182709465	-8.492339540483513	0.8732498136017562	1.1975939765129264	-0.13957794007745553	-0.09622140480131552	0.49656628452765894	0.07027876618661423	1.0
1736000	-21.226632446460663	-17.87507772317374	-3.351554723286922	-8.52545346586247	-9.349624257311268	1.1706799958381546	0.7142681610829377	0.28507939647638353	0.613001928682122	1.4340205324015591	0.2594266564419671	1.0
1737000	-20.154569690533286	-17.29338648168944	-2.861183208843848	-8.774390639437097	-8.518995842252341	0.8874115310160923	1.079787300140877	0.5065596913642815	-0.023517204560115773	0.8400948392711073	0.08968866282264515	1.0
1738000	-18.13032682679223	-17.02828640641031	-1.1020404203819223	-8.520168355164985	-8.508118051245322	1.0836133635719534	1.0945443620965578	-0.07808184071854227	0.06695902581081797	0.7622793906291996	0.047316884104302584	1.0
1739000	-22.06830295881109	-18.424449055517236	-3.6438539032938517	-9.928173615337563	-8.496275440179673	0.7113125345720241	1.1257640949575614	-0.7926344612789793	0.023497954361432982	1.164416987485134	0.19704879943014297	1.0
1740000	-23.092545578356567	-18.167659904342074	-4.924885674014493	-9.239086091190025	-8.928573813152047	1.5239325558876993	1.3564422854405946	0.5990181782163663	0.7055761699705358	0.46629242898896556	0.3041685826474749	1.0
1741000	-22.054247779315645	-17.79529707380593	-4.258950705509713	-9.235990533068541	-8.559306540737389	0.8164847083878418	1.2803951986255855	-0.49554121453108224	0.1191356833162176	0.224011651823541	0.13361888469273675	1.0
1742000	-25.37583343887272	-21.455244132993393	-3.9205893058793295	-12.944150048889385	-8.511094084104005	2.7104498391192657	1.2528967810422529	-0.334710876854959	-0.11451344322772994	0.40133577286883354	0.18931187549062545	1.0
1743000	-20.98462608921232	-18.050296255662737	-2.934329833549584	-9.506972322103959	-8.543323933558778	1.7993089812542875	1.0475865239367357	-0.17925719994700817	0.0046428950384270196	0.954824323185733	0.1631959330396193	1.0
1744000	-18.79913726992838	-18.585196233830047	-0.2139410360983327	-9.834181079486001	-8.751015154344044	0.6600708517778766	0.9107741312426104	-0.009422443645643375	0.0903140493602953	0.9319246157524136	0.035229316926492116	1.0
1745000	-22.505038815517555	-18.15759947139795	-4.347439344119604	-9.648524473872161	-8.50907499752579	1.8871426444853359	1.2499941604326066	-0.5660501846573283	-0.20940571085447196	0.5471510096320187	0.09263698511059595	1.0
1746000	-22.29602791276993	-17.436074299449174	-4.859953613320756	-8.857152919614736	-8.57892137983444	0.8626653103830244	1.2403860829947	0.8761851023270857	0.3312360368676184	1.3848770896525384	1.6369345287170334	1.0
1747000	-20.37258277224024	-17.71222031494957	-2.660362457290671	-8.552414273171399	-9.159806041778172	1.1184519989730812	0.7877444507599918	-0.4226218712759243	0.0002843626865750015	1.2803060427995587	0.045336805486161	1.0
1748000	-21.966460682623104	-17.467896239251154	-4.49856444337195	-8.510314477308595	-8.95758176194256	1.1361962505069612	0.9872131502669766	0.23174097917936254	-0.9455050712989946	1.461466312197052	0.3387718104632986	1.0
1749000	-23.144221904578377	-20.887752266713104	-2.256469637865274	-9.213039453925447	-11.674712812787657	1.665489822403643	0.4806211973763985	-0.016835964630290745	-0.34875736094324605	1.1947217880570642	0.06936049637632657	1.0
1750000	-22.3361147277221	-17.939796135353614	-4.396318592368487	-8.998726037429336	-8.941070097924278	0.8045249148354724	0.827944603973451	0.5184297074211903	0.9221478751663368	2.341983700652382	0.6799877151522004	1.0
1751000	-22.312533286616745	-18.769563066617927	-3.5429702199988182	-9.328291004087545	-9.44127206253038	0.7171588406762206	0.6942611898094655	0.6717202266467199	0.6608324819128563	1.5055440319811837	0.24717681597317012	1.0
1752000	-18.67227828117793	-17.630535547110064	-1.0417427340678653	-8.605564290164375	-9.02497125694569	0.9976554227191847	0.8163882813116291	-0.023790631546197094	0.09322610456174951	0.890851893460484	0.06632996905806504	1.0
1753000	-19.547373274700583	-17.04346389967273	-2.5039093750278507	-8.53985132304373	-8.503612576629003	1.211672496515678	1.2375860085865313	0.26372147796128836	-0.1820646758281701	0.7467928466872668	0.10865609168972973	1.0
1754000	-22.103063800882975	-18.117061845054646	-3.986001955828327	-9.228026451936582	-8.889035393118064	1.627966322381959	1.4208453565649857	0.19563600717222823	0.4409900262640457	0.5045892545476928	0.053748062741507244	1.0
1755000	-18.649962589376067	-17.93015317254195	-0.719809416834116	-9.305313792072491	-8.62483938046946	0.7621074873294205	0.9766747342368391	-0.10161165088096899	0.08697763912650464	0.6565642206280919	0.03479708421703537	1.0
1756000	-20.74873305902022	-17.942874679276674	-2.8058583797435466	-9.263751338134828	-8.679123341141846	1.6228662803168175	1.3953352779790462	0.2738739914980302	0.045847567092848304	1.0168426849303	0.07632022333600709	1.0
1757000	-20.30997819635756	-17.95919936892332	-2.3507788274342394	-9.452662778565136	-8.506536590358182	0.7040703602575882	1.124828676387134	0.35181408422414134	0.19668328916321265	1.6538231043764886	0.07369692219600098	1.0
1758000	-19.91995389546131	-17.340540729768836	-2.579413165692472	-8.528264319297886	-8.81227641047095	1.2842075842469853	0.9126265705209934	-0.26933697807616497	-0.20874782900475508	1.0814224516418256	0.15802069772671778	1.0
1759000	-17.676670580335795	-17.451079683948585	-0.22559089638720886	-8.560843425515332	-8.890236258433253	1.3084453552061532	0.8605533090449524	-0.01645568228410471	0.051727917357379465	0.7519610780099448	0.020544943139115687	1.0
1760000	-19.841624378189326	-18.74164820130961	-1.0999761768797165	-10.197555718423178	-8.54409248288643	0.6148437975278346	1.2841989947545125	-0.09863144159306059	0.015441406512608835	0.7348122140574717	0.0587513274039979	1.0
1761000	-19.85126441573931	-17.00319932864247	-2.848065087096837	-8.512715513112983	-8.490483815529487	1.1956878576147052	1.175380607042929	0.16507349021744228	-0.10183697706350057	1.2944362277231483	0.19401716531483798	1.0
1762000	-21.787756746507252	-17.97117410618941	-3.8165826403178422	-9.201136695537002	-8.770037410652408	0.7893140048302641	0.8895043976113277	-0.14453053739655075	0.42983514121750704	1.9453048963813888	0.9360155893265275	1.0
1763000	-20.363436506562174	-18.152186595436017	-2.2112499111261568	-9.22325046720746	-8.928936128228557	0.7739623188863113	0.828157115387452	-0.01688151533366139	0.45399563976521196	0.9598821068499265	0.08327684031878771	1.0
1764000	-19.46787913581744	-17.045838408813943	-2.4220407270034965	-8.531078002613757	-8.514760406200185	1.0821824803422893	1.2623389631786595	-0.1691936859479517	-0.16748576062619022	1.724141094534845	0.056871296539807215	1.0
1765000	-20.05178730327222	-17.650561241937012	-2.4012260613352074	-8.873881528602059	-8.776679713334955	1.46811813344665	0.9061546516380167	0.230999972683247	0.005589283920895249	0.6768133714234897	0.13173546708982317	1.0
1766000	-21.16593730626973	-17.75181720540812	-3.4141201008616107	-9.162945516080738	-8.588871689327382	1.643927065110543	1.3593143370775267	-0.006297497476342555	-0.2983514932285024	1.3706685578878266	0.090640763637583	1.0
1767000	-25.476779231534046	-19.633710233002812	-5.843068998531232	-9.492945227117248	-10.140765005885564	1.833005812167128	1.920241318586114	-0.7489272940225888	0.19241161392668288	0.551468509351084	0.09718376048586687	1.0
1768000	-25.41000019736818	-20.970381229526968	-4.439618967841213	-12.385054868703845	-8.585326360823123	2.478029860333559	1.225584388075111	0.1185963316778674	0.3909142410273929	0.8265883814439238	0.03211972751769587	1.0
1769000	-20.30766658119009	-17.123501482280997	-3.1841650989090935	-8.491603765848133	-8.631897716432864	1.1485505807988041	1.2696627657698725	-0.0467759528342403	0.4012741533955303	1.3946181223510234	0.14740807891419777	1.0
1770000	-22.696866357969256	-17.63004785770785	-5.066818500261407	-8.791679846972029	-8.838368010735822	1.5111379246327739	0.8796316162535703	-0.3898988491416291	0.9466160572480911	0.6580919259471674	0.22822647294172527	1.0
1771000	-22.216093746730575	-17.696207837317992	-4.519885909412582	-8.830864650113936	-8.865343187204054	0.9599177421825099	1.5352739064194707	-0.5790175253760366	-0.7688136783385726	0.8509374413828976	0.4174614746757901	1.0
1772000	-22.285665845718057	-18.374131297241135	-3.9115345484769217	-9.582557313668206	-8.791573983572928	1.693935491033055	1.471936372701628	0.42162884829690356	-0.0010200120995177975	0.2933624047495154	0.14880622219947023	1.0
1773000	-21.794200330507266	-17.948938943816373	-3.8452613866908933	-8.989209086431384	-8.95972985738499	1.5284070621476717	0.8208641529817726	0.2044570961017298	0.3720139139833493	1.7852662827204804	0.24935349903570078	1.0
1774000	-21.755262190872045	-17.2059133684681	-4.549348822403944	-8.636641173847496	-8.569272194620604	1.4026497445290413	1.1669057261208313	-0.3209336687548638	0.46282947572535005	0.6453019463423462	0.04997939501259468	1.0
1775000	-23.833065270102473	-18.250806637102542	-5.58225863299993	-9.055646987495766	-9.195159649606774	0.7848170700730625	0.7984381987736245	0.8154986765788321	1.630541637710106	0.5632110705189097	3.3462602863268742	1.0
1776000	-20.633682576793813	-19.092081275421883	-1.5416013013719287	-10.499897061974998	-8.592184213446883	0.5817689303633529	0.9956287481193152	-0.15800732337644913	0.2907583807655454	1.5435589095033673	0.07424936749453888	1.0
1777000	-21.00530337537102	-17.900361622349752	-3.1049417530212686	-8.707607732094807	-9.192753890254945	1.4151517608416446	1.6237484805301066	0.03977723249385928	0.15394227630395918	0.6927778130015789	0.1945051869072191	1.0
1778000	-20.46971994352698	-18.322511043313295	-2.147208900213684	-9.497007825205845	-8.82550321810745	0.7018284247197435	1.4525330378694759	0.23375952388858445	0.1907724190227747	1.0246524999714266	0.09962640210664746	1.0
1779000	-19.411638396242477	-17.866865879474336	-1.5447725167681399	-9.068067686024254	-8.798798193450082	0.8260445196372304	1.484041628441269	-0.175683945222819	-0.05186737852062793	0.8991779366416834	0.05599784108614309	1.0
1780000	-23.270288224111727	-18.26268369164344	-5.007604532468288	-8.597087112590714	-9.665596579052727	1.0016496098514767	0.6544405783937897	-0.00045262153999287014	0.6422453451851143	3.7173573296435767	0.11373168437254072	1.0
1781000	-20.278655389112703	-17.850275863480153	-2.4283795256325504	-9.226824981614609	-8.623450881865544	0.7716150121865106	1.2776981349595404	0.0039369172388301205	0.35419380708837545	1.4495855762169279	0.039127451898761684	1.0
1782000	-21.8281342761275	-17.233516055935667	-4.5946182201918315	-8.698169891407113	-8.535346164528551	1.0724047101444996	1.2614715049057479	-0.7205614688177094	0.07373258052631057	1.8227235892956795	0.35512785777374933	1.0
1783000	-20.422840821551045	-17.21958052833809	-3.203260293212957	-8.57989780882361	-8.639682719514479	1.0329843253360604	1.0180492432799126	0.49505985899997873	-0.344131302975407	1.1007040878097132	0.16505734208074904	1.0
1784000	-22.563159222816818	-18.498978542497	-4.0641806803198195	-8.627636549495694	-9.871341993001305	0.9686066787731331	1.7826300295289832	0.3206083184644638	0.42095226960002696	0.8600448507063108	0.4806016715168212	1.0
1785000	-22.498970984879232	-18.59102876141757	-3.9079422234616645	-9.90374288137562	-8.687285880041946	0.6369181170957101	1.038231729050526	0.20976607691956534	0.882251232232253	0.9686558477102303	0.9536818771701037	1.0
1786000	-20.878872381332553	-18.829722176708167	-2.0491502046243864	-8.70181746185113	-10.127904714857035	1.3638921739324499	0.6213823444974168	0.2590516982342709	-0.05741741510507187	0.5536245868653012	0.08219826508065071	1.0
1787000	-18.467486741888745	-17.642231862336455	-0.8252548795522894	-8.638769625288015	-9.00346223704844	0.9831723329365367	0.8190868198791411	-0.09446383223136895	0.146119347140338	1.8918582456019057	0.02064107258016551	1.0
1788000	-20.760277668714462	-18.80013629204806	-1.9601413766664018	-9.424291844440674	-9.375844447607387	1.762573715370518	0.7540651075595819	-0.1288839928931852	-0.18669743010390444	0.913739286559928	0.06283442806966615	1.0
1789000	-22.370050102966562	-17.466471721577534	-4.903578381389028	-8.66984340856171	-8.796628313015825	0.9981902344997107	0.8903419976544178	0.7958610374758164	0.11377137433782297	0.40848597693826144	1.2874300629714723	1.0
1790000	-18.938239287628946	-17.621515669690993	-1.3167236179379518	-8.619344796651523	-9.002170873039471	1.3512435835353087	1.588787407807401	0.04628505341887448	-0.08189279320760995	0.9205072527595973	0.028821168347016726	1.0
1791000	-21.88256019692427	-21.763047619559387	-0.11951257736488397	-9.975334255860464	-11.787713363698924	0.6474359660879382	0.46279176593342125	-0.1347770767182725	-0.16927648701468506	1.5746611393553054	0.04709479377507942	1.0
1792000	-19.720047198325243	-17.412145901826698	-2.307901296498546	-8.665246627289012	-8.746899274537686	0.9605396517057007	0.9088187729818812	-0.017207046237311764	0.15182798054210533	2.2288262679652724	0.11094468940986887	1.0
1793000	-24.300493709982756	-18.058550330643115	-6.2419433793396415	-8.779630921667753	-9.278919408975362	1.4983804616470584	0.7398233858995423	-0.59939678670858	1.4478552808628342	0.6926384571829977	0.4066798510009286	1.0
1794000	-20.97165459964692	-18.31102609587295	-2.660628503773972	-9.658095570140034	-8.652930525732916	1.7909956008129146	0.9518466081741752	0.13107530236708337	0.31054986398997975	0.6470672291292531	0.07801107264119621	1.0
1795000	-22.035694115909347	-17.55747177373766	-4.478222342171687	-8.562402406296549	-8.995069367441113	1.2957396633435456	0.8042558583217351	0.0639121625853449	0.592998700968143	0.3700692480062265	0.07030213381654662	1.0
1796000	-21.55676041187306	-20.00652340076998	-1.5502370111030819	-8.505561571220637	-11.50096182954934	1.1030934787040025	0.48655866753492694	-0.028138657570537223	-0.19059078969421175	0.6132798677608463	0.08569378353630289	1.0
1797000	-20.182789075242912	-18.655812763560206	-1.5269763116827062	-10.155006007083557	-8.500806756476651	0.6209833911426442	1.1566937962098087	-0.10803675954785752	0.1459745460953688	1.7847895260445905	0.07944928535345949	1.0
1798000	-20.100910319735682	-17.538272776777603	-2.56263754295808	-8.518900097924192	-9.019372678853413	1.1352385180685989	1.5904137832374878	-0.3064362509183419	-0.044005364879133646	0.5251632036756472	0.03617768380677521	1.0
1799000	-18.985289872790833	-17.058064943445956	-1.9272249293448773	-8.520220565059526	-8.53784437838643	1.1968141396083534	1.2408194845729488	0.206374610488276	0.16817992407822455	0.9435570171291684	0.0418484345333099	1.0
1800000	-20.942496015760568	-17.357497238676316	-3.5849987770842526	-8.659971898406	-8.697525340270317	0.9788321185743429	0.9342241623681727	-0.16522460255632354	0.6193096336926084	0.5535161643630008	0.32247407994169636	1.0
1801000	-19.401217361966218	-17.55799245694946	-1.8432249050167575	-8.672432338432479	-8.885560118516981	1.4192328533487533	0.8609766902769574	-0.1524350602720966	0.06784561723208099	0.899913689968787	0.0895458020016332	1.0
1802000	-20.325706619598684	-17.671415956150476	-2.654290663448208	-8.515170485024685	-9.156245471125793	1.1170312333304544	0.7640343910653149	-0.22197680838995681	0.44125363975707166	1.2384870378032429	0.10132443597970192	1.0
1803000	-20.84575250797566	-17.775135067823427	-3.070617440152235	-9.156574854466182	-8.618560213357243	1.6785166819163284	0.9966213225200172	-0.2614232697636112	-0.10106276984233806	0.450637027560408	0.16430801454802493	1.0
1804000	-19.035158948433757	-17.0552133732605	-1.9799455751732586	-8.561501567878075	-8.493711805382425	1.0225441333957308	1.1511063235949048	0.17815822451668398	0.06042014510986001	0.39107490840372067	0.05443247580718127	1.0
1805000	-21.47518154593855	-17.689575167584387	-3.785606378354163	-9.173862765098182	-8.515712402486207	1.6926592158694442	1.0846451734312936	-0.33138818808886905	0.16874693147881636	0.3530760547444178	0.028172765260869783	1.0
1806000	-21.763757893963557	-17.490304282229655	-4.273453611733901	-8.575962970609211	-8.914341311620444	1.3302947989414182	1.512171987361409	-0.4746897819048323	0.12012267657140585	1.3030775647992239	0.33336040963051783	1.0
1807000	-20.066863979928865	-18.553273473344163	-1.513590506584701	-8.523228017610002	-10.030045455734163	1.2769529632866363	0.638124468498571	-0.16895089405331432	-0.1112650964504259	1.3327538703242057	0.07659053890855033	1.0
1808000	-22.26569363891651	-17.29289030425994	-4.97280333465657	-8.73152542098224	-8.5613648832777	1.4242524843454123	1.0234385091395526	-0.8057467339088146	0.23780017555541288	0.4128650185437998	0.16242408215235785	1.0
1809000	-20.983916871540945	-17.387462874823008	-3.5964539967179365	-8.597865005255278	-8.789597869567729	1.363784548435996	0.8835043540036364	-0.19029863620056658	0.31395343070321413	0.46828872948018274	0.37044043232026963	1.0
1810000	-21.806844648376227	-17.252625261046624	-4.554219387329604	-8.5783094985285	-8.674315762518123	1.1399811335128298	1.191828546445121	-0.5646857487465985	0.6870563355192514	0.6931601648962196	0.20016735373420866	1.0
1811000	-20.05259006642098	-17.57195524437654	-2.480634822044439	-8.78764298694413	-8.784312257432408	1.4918854264381975	0.8957342506190584	-0.15694572373598817	0.10657210461899103	1.2254384054046197	0.1338607930230231	1.0
1812000	-23.38694036598207	-19.247360361419346	-4.139580004562724	-10.226034057568343	-9.021326303851005	2.0485447112555444	1.5125098653518232	-0.342564543599384	0.32870792331608845	0.304311321726017	0.09216622871857659	1.0
1813000	-20.30257547673419	-17.330395191499036	-2.9721802852351544	-8.66133876154472	-8.669056429954315	0.9795163057875874	0.9446344293429627	-0.17708122881516117	0.20679995517536764	0.31615866040144097	0.12604903752510407	1.0
1814000	-21.510001095335134	-17.5494025973061	-3.9605984980290367	-8.555189686677224	-8.994212910628875	1.0441933882325414	1.5087193189171206	0.3727192876754688	0.2965953056650284	0.9426093840781562	0.5428902384621684	1.0
1815000	-24.03307671380224	-18.9546545464774	-5.078422167324842	-9.358744023486933	-9.595910522990465	0.7094163328954293	1.7513767130031537	0.7222811307703668	0.21585570015860295	0.23522919175054416	0.22848623241164193	1.0
1816000	-20.628188672122043	-17.199506692055003	-3.4286819800670414	-8.668491004857264	-8.531015687197739	1.3086065684180004	1.1429012810016146	0.3732900622318166	0.3464264676673095	0.7338110173293495	0.0717449238735805	1.0
1817000	-22.214748079292303	-17.53795323452099	-4.676794844771312	-8.776749526268606	-8.761203708252385	1.0189100463688618	1.151293454657089	-0.719905578930283	0.9264406889971623	1.1186780750999887	0.6035610481913176	1.0
1818000	-20.193953766924785	-17.03734663008631	-3.156607136838473	-8.502395387535234	-8.53495124255108	1.1559214702882699	1.224038799384906	0.16073031995434972	0.2077021123560777	1.8747830042825857	0.11121532042099903	1.0
1819000	-21.964133473148994	-17.14238477493465	-4.821748698214344	-8.578384595203165	-8.564000179731487	1.1494864347586466	1.2797344922544789	0.5175343075560019	-0.5606014350231157	1.0793961715929186	0.10521395543993807	1.0
1820000	-21.727144193093764	-20.451424500595323	-1.2757196924984402	-9.873719314422113	-10.57770518617321	0.6506467373188103	0.5462409124284766	0.04632430085176051	0.35622696736724646	2.1477972154036262	0.11442851472167746	1.0
1821000	-21.44755260666885	-18.450819921647373	-2.9967326850214757	-9.348011398652723	-9.102808522994652	1.7352721656645913	0.7801612472789909	-0.13033511082902272	0.3760432023530728	0.5021700897066296	0.05801917931112672	1.0
1822000	-20.66103907680397	-17.40947606990379	-3.25156300690018	-8.856384237584269	-8.553091832319522	1.5497951416654596	1.037490987741464	-0.49047655932275724	0.007352184936618239	0.7639352976658645	0.10096700425627626	1.0
1823000	-21.004845927827613	-17.40476632583124	-3.6000796019963746	-8.518499640657069	-8.88626668517417	1.162086899622948	1.4345023846327984	0.26180488391745943	0.3874031067138375	0.4229863620622312	0.06551199541231213	1.0
1824000	-21.02433152826903	-17.218763258080074	-3.8055682701889566	-8.531198945326018	-8.687564312754056	1.2585605349162354	1.382034146972506	-0.42500824859937636	0.14153512649946046	0.46844612609718034	0.3389214092543472	1.0
1825000	-23.484071577128585	-17.766317877868993	-5.717753699259593	-8.870675028457692	-8.8956428494113	1.3081465787215893	0.8903518571401117	0.7537037242373087	1.2057377038495687	0.576428887384826	0.42881181974174315	1.0
1826000	-22.867298469183936	-17.48261098566079	-5.3846874835231455	-8.720064453528712	-8.762546532132077	0.9142728007099721	1.4266565010669967	0.3418947877876388	-0.8891217502855067	0.2999918655415923	0.9686567084944858	1.0
1827000	-22.055037958695053	-18.127360449861733	-3.927677508833319	-9.087648979706067	-9.039711470155668	1.6606175503417309	1.5326941419814681	-0.3916367545186929	0.2796106450774748	0.809224673275273	0.06232239212092375	1.0
1828000	-24.0625887153355	-19.290603863286023	-4.771984852049479	-10.214607521208428	-9.075996342077593	0.5984251753969856	0.9036569100450496	0.14723364016219664	1.611694285286601	0.8224442322111571	1.7486835900680902	1.0
1829000	-19.919951075083137	-17.18062911480167	-2.73932196028147	-8.57256926014828	-8.608059854653389	1.0314042728597443	1.259316792823654	-0.10801715780869217	0.36616082677834116	0.6173171178311888	0.1306726658291846	1.0
1830000	-22.191678245668367	-18.62178952816719	-3.5698887175011746	-8.72333914485577	-9.89845038331142	0.9121570601261323	1.8183822053103669	0.37934142393140297	0.3190973423274124	1.061388225749726	0.17136879813677222	1.0
1831000	-21.081493510978465	-17.71615495463817	-3.3653385563402938	-9.203630423161414	-8.512524531476755	0.8352359595517896	1.1645736093366699	-0.5792451023799141	-0.33085422733149417	1.1774230831594938	0.20791934260416933	1.0
1832000	-22.061630038017924	-19.252128980149422	-2.8095010578685002	-8.665735938931823	-10.586393041217601	1.4244039653698632	2.078362290521165	-0.2868368356426283	0.034581766063868855	0.565261049589499	0.05317626099311651	1.0
1833000	-20.47147725705427	-17.07986321999917	-3.3916140370551036	-8.53391932076767	-8.545943899231501	1.2743160688871025	1.2575887866597741	-0.401617919069025	0.14712128906997646	1.023385982796929	0.2616539282860547	1.0
1834000	-22.450242242642425	-17.2682997780596	-5.181942464582825	-8.734553636609263	-8.533746141450335	1.1520506750757693	1.0835999277108044	0.877270104733941	-0.19624283614620555	0.5781537606214805	0.13741357731803552	1.0
1835000	-20.998478211315557	-18.066718184290224	-2.931760027025333	-9.54980322301013	-8.516914961280094	1.7671401974842595	1.2326332814836554	0.07877564183835983	0.07532495000486539	0.6099126640429463	0.1722017168089384	1.0
1836000	-21.634905856560586	-20.032924319928384	-1.601981536632203	-8.600272963062386	-11.432651356865998	0.9912922608262752	0.4849513335784636	0.12849158110428816	-0.04396789088701307	1.4062231952538815	0.1864744630907848	1.0
1837000	-22.256472731969332	-17.317320190137266	-4.939152541832064	-8.547013419726747	-8.77030677041052	1.1625412617935422	1.115994703308685	0.39076062263817	-0.9646864469148289	1.4420988445931124	0.3226441853160393	1.0
1838000	-25.93212302069484	-19.27481559466785	-6.657307426026987	-10.602648278910733	-8.672167315757115	1.8433938147041957	1.3229419877042894	0.8436799122173205	-0.8535867026574985	1.5063079092446077	0.4077010117607711	1.0
1839000	-20.569021507966017	-20.140513353304623	-0.42850815466139314	-9.403910869269687	-10.736602484034936	0.7390871683438138	0.5456384168536024	-0.06934416007907623	0.026318750455524953	1.0441954274646748	0.06683447483695076	1.0
1840000	-22.69722561336006	-20.96172154544858	-1.7355040679114833	-11.078652873327698	-9.883068672120881	0.5062949517290731	0.6357960722960209	0.15309101511642687	0.2893287252165539	0.5556677998784542	0.045391444283965486	1.0
1841000	-24.122410990981148	-21.484753632762853	-2.637657358218296	-8.802219751776489	-12.682533880986362	0.8919439620583972	2.630719307302641	0.05783802184860365	-0.22647627551158178	0.3243212380332488	0.030383861214409016	1.0
1842000	-25.999036270480605	-20.03027030170916	-5.9687659687714465	-8.523795863950697	-11.506474437758461	1.104704057070821	2.045018477502826	0.3102738578830305	0.8559263009670471	0.659764623447186	0.1258166354189191	1.0
1843000	-21.643459435602377	-18.64015307577504	-3.003306359827337	-8.549570095409333	-10.090582980365705	1.1012339890503047	0.6084066234434475	0.4463430664406307	0.2620334346082466	1.806703396262029	0.06958775538948996	1.0
1844000	-20.663473705718822	-18.491450673119658	-2.1720230325991654	-8.59541698326215	-9.89603368985751	1.3177532753872463	0.6455137114387995	0.11245867326905067	0.07700107299557196	0.34448522057777464	0.07438989727574027	1.0
1845000	-20.429042459102853	-17.106906585507268	-3.3221358735955855	-8.606764270643824	-8.500142314863442	1.3174333189691168	1.2256296551208226	0.1582427599900178	-0.08183079534648573	0.38456763807574895	0.22893758606558084	1.0
1846000	-22.495127164578868	-17.501008907981028	-4.99411825659784	-8.640173338743637	-8.860835569237391	1.4014573110266806	1.4653944154368845	-0.22305318988723988	-1.026387073133504	0.8110439576400363	0.6231591288880145	1.0
1847000	-18.336165805106013	-17.430523212522758	-0.9056425925832556	-8.83771408453944	-8.592809127983315	0.892047627205295	1.021518744850302	-0.10424628349067214	-0.1571803062229386	0.7443209476016494	0.027475130925181435	1.0
1848000	-25.338824685615897	-19.524080277862076	-5.814744407753822	-10.725431218108268	-8.798649059753807	0.7375907568899832	1.0785964716646097	-1.8997828752108914	-0.9394287406870699	1.865703804159372	1.7985851727050837	1.0
1849000	-21.134677965002883	-17.64407199373364	-3.490605971269242	-9.01409025652153	-8.629981737212107	1.4585868691324553	0.9836461216138814	0.5126107662321339	-0.04551972530715226	1.3150110110015918	0.11485459203840444	1.0
1850000	-17.882630428827383	-17.119914256392622	-0.7627161724347618	-8.609912887141634	-8.510001369250988	0.9912636419549857	1.0969703885743158	0.017263569511768107	-0.0531608830854804	1.034057107318615	0.04051474263740365	1.0
1851000	-21.288526745020672	-18.427147982302202	-2.861378762718469	-9.790795919051373	-8.636352063250829	0.6421527188972831	1.3118755442606942	0.44693696932737015	0.2762182849571486	1.2655009536694557	0.14698319416333813	1.0
1852000	-21.818510242013268	-18.895032818664916	-2.9234774233483503	-10.190798400602015	-8.7042344180629	2.0045651485887652	1.394952650730032	-0.13094695672881512	0.1322684395911736	0.6639096620001592	0.11795735293201459	1.0
1853000	-19.358222955159007	-17.25827732032552	-2.0999456348334906	-8.691791991149078	-8.566485329176441	1.3708670764028326	1.330214114095765	0.2034960683514948	-0.14867470110994618	0.8089267387076314	0.0518382366258116	1.0
1854000	-21.644602507918304	-17.44750120672577	-4.197101301192533	-8.555969313165642	-8.89153189356013	1.3129106147670007	0.8528253875092329	-0.0877913766449882	0.16263406977482983	0.5687104119438426	0.981552503231098	1.0
1855000	-18.76996936578533	-17.060335364187207	-1.709634001598122	-8.533123600528526	-8.52721176365868	1.0598628124858336	1.283811787072267	-0.006390617201796761	-0.23713572065003866	1.1519539804298957	0.035585163206117904	1.0
1856000	-18.975005509717153	-18.276073103900565	-0.6989324058165883	-8.566271283854809	-9.709801820045755	1.0183014492278613	0.6834275188288799	0.15170217742594047	-0.0650948435018316	1.1347539278294017	0.0437924731485868	1.0
1857000	-20.72145624672585	-18.303589982414127	-2.417866264311721	-8.532035304685149	-9.771554677728979	1.0712204867645732	1.8037200799807003	-0.1037551544926659	0.22764528910926907	1.1584285856631984	0.027638925484421945	1.0
1858000	-21.271123776580218	-17.21549680605903	-4.055626970521187	-8.605058421615368	-8.610438384443663	1.1313442895932135	1.0645711832360407	0.6184945619302348	-0.4565728009609452	1.0572148176342882	0.1613022456107336	1.0
1859000	-20.495275225976208	-18.78397390500485	-1.7113013209713595	-8.610222896474868	-10.17375100852998	1.3709147989705492	0.612224427599523	-0.1464165273354705	-0.005374221838330584	0.956079873243097	0.10966600073108856	1.0
1860000	-20.386082474280933	-17.172351912789523	-3.213730561491408	-8.566634622228666	-8.605717290560857	1.1115974586043529	0.9997879727483948	-0.4589050489352906	-0.04797038759578507	1.5198725900116417	0.23468701181618173	1.0
1861000	-19.519319715044162	-17.626131003617978	-1.8931887114261827	-9.058423259399756	-8.56770774421822	0.829027676864669	1.0602542447698877	-0.17919629757092845	-0.2674269631940118	0.7589908514563056	0.0668662202001612	1.0
1862000	-19.49301050443537	-17.260280200234014	-2.2327303042013567	-8.765531751522955	-8.494748448711057	1.4702689947178158	1.1725355755226932	-0.08652503778157575	-0.19104719951630988	0.3711435249014066	0.04889002845259433	1.0
1863000	-25.39789246374101	-18.77054698695163	-6.627345476789379	-8.594844284511323	-10.175702702440304	1.3426218272264545	0.5610627695006131	-0.025348631252628873	1.551492648677339	0.553913129569263	0.3282636905128339	1.0
1864000	-19.111287702049015	-18.04030037250293	-1.0709873295460839	-9.079983958898769	-8.960316413604161	0.8051981128135645	0.8295111339125351	0.03884392035946993	0.18540148363465364	1.4559686383432804	0.07069157341043612	1.0
1865000	-20.882456042167743	-18.26814475575948	-2.6143112864082627	-8.65350982086361	-9.61463493489587	0.9575334349833488	0.7063676462042706	0.11743647505592253	-0.15928456563363547	0.576695613955011	0.256576121890928	1.0
1866000	-22.647422190211632	-18.423883759339404	-4.223538430872228	-8.858424216200042	-9.56545954313936	1.4838513221455443	1.856595855603186	0.12426429620221315	-0.5391860253544228	0.6076147549511903	0.3326525580964943	1.0
1867000	-24.296891331127238	-19.099932889803327	-5.196958441323912	-8.98417272150132	-10.115760168302005	1.3826124743632922	0.5849047632221708	-1.3548585779310254	0.7456427029242642	1.5603416961445982	1.182171181158462	1.0
1868000	-22.537173183995204	-19.246361630496615	-3.290811553498589	-9.489768237756696	-9.75659339273992	1.7988944956201194	0.6839581027990687	-0.2178720289540209	-0.17974769238993243	0.3582528184042454	0.18083554116818362	1.0
1869000	-20.235557251933542	-18.30280594435916	-1.9327513075743825	-8.50383765491731	-9.79896828944185	1.103919522712538	0.6639414139284	0.045615414053565395	0.014882852512994704	0.9442507745800744	0.18352042384555353	1.0
1870000	-19.153043935021326	-17.935114892856095	-1.2179290421652298	-8.50117732488711	-9.433937567968986	1.1105701998072925	0.7205166954457443	0.02562066208416537	0.11696237074695193	1.1324236989906036	0.07924148113574633	1.0
1871000	-22.37142666017107	-17.578482205467793	-4.792944454703278	-8.803319689812337	-8.775162515655454	1.5067271367308004	1.4841041629124856	-0.21335472108282486	-0.6972962867162442	0.8322639461025739	0.11966906351209283	1.0
1872000	-24.55134335733317	-18.317349082739675	-6.2339942745934955	-8.917009397298392	-9.400339685441285	1.2555491271325694	0.7603446481161238	0.9511415079321108	-0.3156250294649109	0.22656495235537943	2.069476793535202	1.0
1873000	-19.33706958527849	-17.098685980413187	-2.238383604865301	-8.60489914100964	-8.493786839403546	1.318855406592173	1.2036178658131405	0.14512218887717718	-0.14422609127378683	0.9926369378081863	0.09688731221048448	1.0
1874000	-21.207469985695074	-17.868937740769915	-3.338532244925159	-8.58966457010623	-9.279273170663688	1.0472397439938945	1.622676023500461	-0.3013942899209803	0.29781302721631825	1.2587477486162906	0.10428176947707576	1.0
1875000	-20.7050999032847	-17.43502061016497	-3.270079293119733	-8.943365411873126	-8.491655198291845	1.5949331875024895	1.1571750507694454	-0.4299340033537934	0.018179112021085908	0.5995446407923668	0.1648864813238106	1.0
1876000	-20.848155465210557	-17.93402177064179	-2.914133694568766	-8.580544658625865	-9.353477112015929	1.303620696968709	1.7423857275772296	0.11370209666560734	-0.16411713538950362	0.285499180540631	0.07748866195661043	1.0
1877000	-20.950461600571796	-18.243947027711428	-2.7065145728603675	-9.52266623829601	-8.721280789415419	0.7194157923055874	0.9783019850886442	-0.11222467137242076	-0.38958241085391865	1.2156722536161169	0.35476706858192025	1.0
1878000	-24.79882690931361	-20.27051655880217	-4.528310350511438	-9.677373154507052	-10.59314340429512	1.8994466174274127	0.5664380399474549	-0.6233582080843706	-0.07517644120264289	0.3314069303447902	0.10042951680706445	1.0
1879000	-20.221975791490827	-17.76849195792242	-2.4534838335684044	-8.826251961847483	-8.942239996074937	1.4437544028341953	1.5660439312348307	0.23065393407059442	-0.11466993207882853	0.5791295268509394	0.06540692528277546	1.0
1880000	-21.042481172690593	-18.312566389964104	-2.7299147827264907	-9.406135577724152	-8.906430812239954	1.669571401096741	1.519885041225629	0.2910427292610771	0.06174281127237145	0.7857712817098883	0.03624135231182413	1.0
1881000	-25.080861416934436	-19.389715480245957	-5.6911459366884785	-9.783415496433651	-9.606299983812306	0.9684069003758043	0.7324916612988591	-1.8738101529916231	-0.4484207679951029	1.0790423194568286	6.616308860292294	1.0
1882000	-21.298788414745328	-17.926469718555715	-3.3723186961896126	-8.505237790490886	-9.421231928064831	1.2387696442782454	1.7923794494079528	-0.22362270753302935	-0.37246603702577696	0.5076428131272659	0.09213811192342802	1.0
1883000	-21.143397987099746	-17.341796393959434	-3.80160159314031	-8.706662202578366	-8.635134191381068	1.0041389578326982	1.2605958659706509	-0.48597653796453477	0.4355904372992725	0.9256845856034668	0.11191145353518943	1.0
1884000	-19.424396039352146	-17.076070297288396	-2.3483257420637496	-8.513572392612073	-8.562497904676322	1.1384482520178028	1.037513558084565	-0.28190099694875237	-0.08534581338203967	1.613762433072699	0.028951379714903813	1.0
1885000	-21.05012057382827	-18.463682736142037	-2.586437837686232	-9.36456130192839	-9.099121434213647	0.7861211322136163	0.7860211425665423	-0.49401706620404734	0.2705019255157123	1.1699686803443456	0.23236832903848986	1.0
1886000	-21.997900290567184	-18.177988235653512	-3.8199120549136723	-8.671072568790283	-9.506915666863229	0.9410481029302894	0.6775588580700965	0.3994743252153135	0.818685457128631	2.0107012015111936	0.3792837537725138	1.0
1887000	-21.45989912339438	-17.103501155611966	-4.356397967782414	-8.550749823851213	-8.552751331760751	1.2983234693895995	1.104404849842677	-0.022732711866999322	0.46042968138391044	0.21914249802817543	0.21449736250019893	1.0
1888000	-19.500770797915546	-17.043900879298647	-2.4568699186169	-8.508497419446641	-8.535403459852004	1.1007716511685641	1.1966845565597328	0.1557715315354019	0.28044526743282805	0.5660008201741213	0.0934503306763197	1.0
1889000	-19.8709242823826	-17.128022014511238	-2.7429022678713615	-8.609982825548943	-8.518039188962296	1.3049089264936722	1.1133018319206762	0.22000348974621192	0.2788378227284043	0.6000531472133189	0.1268492777807755	1.0
1890000	-22.33036925292299	-19.223590068986994	-3.106779183935995	-9.793841981682878	-9.429748087304114	1.9075021618562884	1.7715358022056455	-0.2704145662025722	-0.17473435061483156	0.5989701301017886	0.051986359175008885	1.0
1891000	-22.794450726586795	-19.492522533981273	-3.3019281926055215	-9.747985376531265	-9.744537157450006	0.6658046459035928	0.6426998292061749	0.11517588219511443	0.6122251625131787	1.1402954636946416	1.0512262638116778	1.0
1892000	-17.489174924850424	-17.066004726152975	-0.4231701986974492	-8.537727291160389	-8.528277434992585	1.0504406094046421	1.0683916774190527	0.060114268243208785	-0.03694216268471068	1.2664660719097223	0.02400826205475084	1.0
1893000	-20.873994077984943	-19.25025000719618	-1.6237440707887636	-10.632992817498584	-8.617257189697595	0.5593295300051286	1.0056211022330128	-0.025505614204920868	-0.1686306693009363	0.7581733948516604	0.12624608285191177	1.0
1894000	-21.44064258948403	-17.719890964266355	-3.720751625217674	-9.026029921729087	-8.69386104253727	0.8752343479023433	1.2900254819918984	-0.49971700108283645	0.48892823172264166	0.690079250048762	0.34808891357017385	1.0
1895000	-18.02852299738995	-17.05969074532253	-0.96883225206742	-8.514840700714855	-8.544850044607676	1.091943042485936	1.2997974058447537	-0.08045078091955146	-0.08493256885793557	0.5821380659437787	0.027546595693095734	1.0
1896000	-23.026909656373952	-21.36302397290605	-1.663885683467905	-9.363715945486764	-11.999308027419287	1.7355488824920684	0.4474679148169298	-0.09623031558195216	-0.17621772124481677	0.5512111502853063	0.05202698114063662	1.0
1897000	-18.38270347509967	-17.168213197835946	-1.2144902772637236	-8.591459356232003	-8.576753841603942	1.3317101144464465	1.3278898615474988	0.0229435705350996	-0.038735118306687036	1.0637935173580044	0.03480170539649973	1.0
1898000	-20.84247860018448	-17.395729750614546	-3.4467488495699348	-8.894501247358994	-8.501228503255552	1.468965228081903	1.2310533610797525	0.26998090860868384	-0.11722712258835392	1.5894145277773823	0.12064895485923798	1.0
1899000	-18.92640590033672	-17.28978246168251	-1.6366234386542113	-8.71779512324657	-8.57198733843594	0.9298476241138129	1.014399395828549	0.03322840434713467	0.11120735442559856	0.29357150213174743	0.032335039601445334	1.0
1900000	-21.76795406475454	-17.225415586671616	-4.542538478082925	-8.653509423215146	-8.57190616345647	1.277607624209675	1.1472417541473219	0.4325788025164213	0.4997401925636654	0.6372955878389345	0.07761666713439702	1.0
1901000	-20.051884920593082	-18.28253576820631	-1.7693491523867728	-9.607285350170784	-8.675250418035526	1.835036707897763	0.9533148705592643	-0.1900562829872272	0.004657330462302309	1.083880610143361	0.028036777397953766	1.0
1902000	-23.29238551717333	-18.418382719738574	-4.874002797434754	-9.530551780341089	-8.887830939397485	1.8021384688794602	0.8763677523138461	-0.1450413509352513	-0.12685983513920995	1.9904931814842322	0.38002815068728557	1.0
1903000	-22.172161307113626	-17.380973784797977	-4.791187522315651	-8.830659665971945	-8.550314118826032	1.070215133792974	1.2209399750340975	1.155026785454764	0.28238294948980214	0.7582154066338919	0.813359094778609	1.0
1904000	-20.158384993112634	-17.292025123184487	-2.8663598699281483	-8.786734843961208	-8.505290279223278	0.8819440370260012	1.1214578971650724	0.44757884101606915	0.17994834045121733	0.9675679053020382	0.06787856502271174	1.0
1905000	-18.540069564392304	-17.293665395293477	-1.2464041690988277	-8.80167920472387	-8.491986190569607	1.4568740330508505	1.1838873527055085	0.11050355429598213	-0.014161247900582485	1.4217713035099893	0.01884432834407582	1.0
1906000	-19.407841663945042	-17.15168310088933	-2.256158563055714	-8.654438300341944	-8.497244800547387	0.9526974006302605	1.1437662087943288	0.21624131113069006	-0.15464339744013375	0.7307717548110254	0.13493757177733517	1.0
1907000	-26.48003229580341	-21.16516221677765	-5.314870079025761	-10.502014778394201	-10.663147438383447	1.9004064371277616	1.8979120035955426	0.5986054893580218	0.7278797810398764	0.562678603924009	0.46880485381264736	1.0
1908000	-20.461478895340072	-18.877497570744506	-1.5839813245955643	-9.257598177810323	-9.619899392934183	0.7959341824365913	0.6878289239001464	-0.3569618375936073	0.09925208450375755	1.4571283342836365	0.08250355962715437	1.0
1909000	-22.948914354369677	-20.733708962419083	-2.215205391950592	-9.673370141571244	-11.06033882084784	0.6783709882461989	2.2456145822362994	0.10693850041054748	-0.18122908530442294	0.8836888810620418	0.05910386473936341	1.0
1910000	-24.6219280936115	-20.16757360131486	-4.45435449229664	-9.717989762723217	-10.449583838591643	1.7559254361517036	0.546322336151224	0.35008450684780723	0.7007070090120556	1.576443894855674	0.21125882552243222	1.0
1911000	-20.575283510838176	-17.31350155299637	-3.2617819578418032	-8.817208678536696	-8.496292874459677	1.4876372429159495	1.1922938547807476	-0.011474062955232456	0.03294779075082982	0.7952027849572914	0.31115753115438977	1.0
1912000	-19.212249589522607	-17.89635819091257	-1.3158913986100398	-9.201265996637368	-8.695092194275201	0.7705135214901067	1.4065928946292472	0.1063105661565557	0.042425558396848195	1.000360146423153	0.060342508344391345	1.0
1913000	-19.77763180062259	-17.085345432180866	-2.6922863684417235	-8.526824392651406	-8.55852103952946	1.1296022255380127	1.0271450721896378	-0.335372909743704	0.2543495481177366	0.8554033375347974	0.05622334667983288	1.0
1914000	-20.30803330405923	-17.410826432834014	-2.897206871225215	-8.905276206304652	-8.505550226529364	0.8775775958300852	1.2255505883017395	-0.19813291442812092	-0.2842735840114407	2.0410136383224735	0.05365504161344487	1.0
1915000	-23.73927352940122	-19.236099957510035	-4.503173571891186	-10.307138037998897	-8.928961919511138	0.622932582735012	1.0208371557796534	-0.4224298737867527	1.3579027595640725	0.9893622730896866	1.1359226656023567	1.0
1916000	-21.05814752767622	-19.43218273790626	-1.6259647897699605	-10.886538114680567	-8.545644623225694	0.5485333519882001	1.0424344033790163	-0.29634656730542286	0.04618202985897801	0.721564909828607	0.07081218514817292	1.0
1917000	-20.49520585671785	-17.375625037513537	-3.119580819204312	-8.701242655466636	-8.674382382046902	1.3529499021872629	0.9823361600900583	0.29944698375083334	-0.253289650604195	0.3728139083341208	0.07141632594702962	1.0
1918000	-20.87570636651813	-17.68821513773146	-3.1874912287866675	-8.61096587650539	-9.07724926122607	0.9883399162494936	0.8029725238926156	0.04750985429931143	0.08108628841721298	1.168556720301165	0.6447150328362597	1.0
1919000	-19.65097876220363	-17.34169193018787	-2.3092868320157587	-8.63964913015715	-8.70204280003072	1.404958831704998	0.95084509487994	-0.31211001534025207	-0.11515015048887117	0.7159814208132949	0.06434547226657704	1.0
1920000	-19.56605215371529	-17.100453218643096	-2.4655989350721943	-8.563310618437841	-8.537142600205254	1.3135878755767691	1.0494354492926725	-0.033203687321024855	0.12708724563664525	0.5888310630075172	0.1526762471197745	1.0
1921000	-23.898508469514617	-18.897783156639065	-5.000725312875552	-8.684196643929903	-10.213586512709163	1.0450103267310336	1.9691536317882745	0.874878980222145	0.0721881186924021	0.39299954901357737	0.2748366912968157	1.0
1922000	-21.080753864529818	-17.13436314848606	-3.9463907160437572	-8.50089812292672	-8.63346502555934	1.1299017552955313	1.3538938413247048	0.14279746733180962	-0.6791178490701069	1.085870642624688	0.2403205174159953	1.0
1923000	-20.017631789480085	-17.31061199027795	-2.7070197992021376	-8.688008574223943	-8.622603416054005	0.9752373181542018	0.9773705377024169	-0.25584797220391364	0.09992083065823187	0.8264688041991041	0.2840481551249261	1.0
1924000	-20.26191248759895	-17.932756973350465	-2.329155514248484	-9.078089453038256	-8.854667520312208	0.7922875772370125	0.907137904504782	0.2556812719884119	-0.2995563058951074	1.3065077136045693	0.20901105661415323	1.0
1925000	-21.002133384019785	-17.48355036910143	-3.518583014918355	-8.532247426010292	-8.951302943091138	1.188618874813007	0.8605213720272338	-0.4610378217562847	-0.17807785542472987	1.9093112310134106	0.2301981434347	1.0
1926000	-21.56750241063861	-19.747683723946466	-1.8198186866921437	-8.576487931759253	-11.171195792187213	1.075781405521088	0.5091160691015465	-0.37662882344709303	-0.07576106888629623	1.0913423554123318	0.05756504666707322	1.0
1927000	-20.392494167101386	-17.09242620844229	-3.300067958659094	-8.535024477012572	-8.557401731429719	1.0524385084762358	1.0398457817009896	0.1623564421597684	0.36803260884384725	1.0249995104178586	0.44221098515316604	1.0
1928000	-22.562989655605215	-19.816305662896156	-2.746683992709058	-9.628165066505538	-10.188140596390618	0.6936320010572493	0.6532432549730396	-0.01353476059121178	-0.6016646392718225	2.6438685150437045	0.1729164813765801	1.0
1929000	-21.65339789794604	-20.937735005266155	-0.7156628926798838	-9.399015354767581	-11.538719650498576	0.7484646829121855	0.47712952025411626	-0.1765952764014464	-0.06163072361143551	0.893831539245607	0.06698380888099013	1.0
1930000	-21.436675474251544	-17.170495289206976	-4.26618018504457	-8.519311240166523	-8.651184049040452	1.2609426518921378	0.9561008488851559	-0.3161212297455783	0.1752362453035748	1.4666706606343396	0.8764195975588288	1.0
1931000	-19.113720218420163	-17.350574751830052	-1.7631454665901092	-8.503353871269729	-8.847220880560322	1.1064174929121342	1.5260467226815724	-0.0077141406198866225	-0.17132685839226436	0.4987568742627725	0.04468799188129167	1.0
1932000	-20.607514200550945	-17.190171844377552	-3.4173423561733927	-8.51083342396708	-8.679338420410472	1.1244868223520967	1.390965198205315	-0.21763986291903037	0.07015946388153288	1.7955161142792793	0.14223094158994387	1.0
1933000	-19.816270042817475	-17.317989080635577	-2.4982809621818975	-8.512167108751658	-8.80582197188392	1.1916579722702232	0.9058556919101516	0.17126272547294924	-0.1211520712824664	0.7821876951737236	0.20634509835516507	1.0
1934000	-22.611065125834557	-18.269253973519714	-4.341811152314844	-9.496602439492815	-8.772651534026899	0.6925651217822378	0.9705834961214777	0.4231725471246153	-0.4918073264016213	0.3597373576962229	0.09506021752849451	1.0
1935000	-26.878027591156332	-19.570688683358313	-7.30733890779802	-10.55081606818305	-9.019872615175263	0.5171609591151312	1.6143749038688502	1.3647349241555375	-0.21318316638468204	0.9851429681146251	0.19097563728006337	1.0
1936000	-21.032783680008045	-18.04811379647303	-2.984669883535018	-8.797937214475597	-9.250176581997431	1.5061539461798155	0.757750885697541	-0.24006578410789609	0.131398971702346	1.572388113405011	0.17977221393101053	1.0
1937000	-20.249705004027025	-18.08386095461047	-2.165844049416556	-8.534743929492015	-9.549117025118454	1.0955851807289334	0.713435089129043	-0.2602313169454967	-0.09700268831162379	0.6304909693103051	0.1315673936013012	1.0
1938000	-24.39359896281635	-18.676419227648097	-5.717179735168253	-9.264643195237548	-9.411776032410547	1.6849465125154555	0.9682058979730372	-0.015323027230660924	-1.4989506479984738	1.011392879065704	0.7380362099714514	1.0
1939000	-19.563917765868023	-17.14659474376645	-2.417323022101573	-8.493599423999012	-8.652995319767438	1.1546493529979152	1.408061071911208	-0.13671243465318503	-0.1821708330344876	0.49592346673878585	0.093273696554985	1.0
1940000	-18.51044191273051	-17.138009550614676	-1.372432362115834	-8.499211930390391	-8.638797620224286	1.1414755840347106	0.9724082809313873	-0.1707054700554883	0.02290451701331448	1.0064890959165709	0.058898408085691446	1.0
1941000	-21.34821188773449	-18.171667372781847	-3.1765445149526426	-9.520549581001793	-8.651117791780056	0.7723074496974371	0.9619762040397438	-0.6651165223471334	0.06724432793819968	0.8342052982610326	0.17800211105634098	1.0
1942000	-22.672974628496238	-17.85276145291114	-4.820213175585098	-9.328587261549085	-8.524174191362052	1.7547203078532052	1.203068923626317	-0.34048519677488376	0.21203408268496213	1.9855096962709096	0.0851076418784011	1.0
1943000	-24.450840038951483	-19.911945926639376	-4.538894112312105	-11.390994069980374	-8.520951856659003	2.23827359365381	1.0973953256889217	0.1846863584027416	0.27905554095637164	1.6441785716643937	0.03739433786760198	1.0
1944000	-21.376118643608038	-17.804793323914225	-3.5713253196938113	-9.124375420568239	-8.680417903345985	1.6703644755316018	0.9353903410114455	-0.3137440748983952	0.39450988241186313	1.2280006945111235	0.11255121852886608	1.0
1945000	-20.491029674947896	-17.563451374919275	-2.9275783000286215	-8.923671356438616	-8.639780018480659	0.8996351081331997	1.3448901204277381	-0.4319590302430084	0.15539565148354806	1.20031496898391	0.091153581462157	1.0
1946000	-20.62662303438404	-17.115718740671632	-3.5109042937124078	-8.506707664338004	-8.609011076333628	1.235115541947959	0.9819996932357733	-0.26948964025355293	0.29000276079087395	2.0008795646847872	0.04602697203553734	1.0
1947000	-21.491343290980296	-18.657246422117417	-2.8340968688628796	-9.572193832919062	-9.085052589198353	1.8043368672622406	1.573559224978274	-0.07443885549204621	0.18629425159903118	0.4308070434601971	0.09486291968154523	1.0
1948000	-23.03412096943443	-18.940184179789384	-4.093936789645046	-10.200833705272796	-8.73935047451659	0.6573089640669084	1.0268985549284952	-0.6680556221513112	-0.6662507104468373	1.6119888174369303	0.22283918050128992	1.0
1949000	-18.46996349628671	-17.031419744997358	-1.438543751289353	-8.505525821920294	-8.525893923077065	1.1124773607986636	1.066998679161065	0.16205128641215036	0.02188849054855116	1.559156515581093	0.03853777266021688	1.0
1950000	-20.157867566313993	-17.02982600861322	-3.128041557700773	-8.528549134248337	-8.501276874364885	1.1662006588169462	1.1607572541275006	0.30691626162001046	-0.24195066075372174	1.6463934477537459	0.09789516193434207	1.0
1951000	-20.297631214048305	-18.23893127354394	-2.058699940504364	-8.769569232170001	-9.46936204137394	1.4442436247615213	0.7210458963023162	0.08385161935916073	0.004645802052973824	0.8970035889718057	0.14029965284087012	1.0
1952000	-24.67655000698121	-19.953795236074974	-4.722754770906235	-9.189897336343904	-10.76389789973107	1.7113820716748653	0.5758645885324939	-0.6670866851405862	-0.5189524627619665	0.36287636184936123	0.25938266947201616	1.0
1953000	-21.338721446969288	-17.40736370821653	-3.9313577387527587	-8.656867842033632	-8.750495866182899	1.3522085047588173	0.9119919876357749	0.17914118728511597	0.7570288673592055	0.7434635626408828	0.259190018395983	1.0
1954000	-19.855846422713416	-17.639824382067765	-2.2160220406456514	-8.581454693833201	-9.058369688234565	1.2895506536674364	0.8136439089168053	0.176761878171588	0.002685506280867535	1.5075009915664992	0.1225798981861994	1.0
1955000	-19.35685761475459	-17.897531013428104	-1.459326601326484	-9.011415180420197	-8.886115833007906	1.6084302524674834	0.8600063756297398	-0.19506185143943924	0.07903577226728528	0.8687063865218322	0.024670953458828138	1.0
1956000	-17.997997626875353	-17.58037981233508	-0.4176178145402698	-8.563807263329887	-9.016572549005197	1.0244820629649187	0.8176657197311803	0.05254725672761723	0.1096644080884749	0.5515222781010563	0.01739897504765312	1.0
1957000	-22.702645831482556	-18.67150939244138	-4.031136439041176	-8.626706345625996	-10.044803046815385	1.3816179771065902	0.5924966743497219	-0.11947245691105324	0.8012438092274924	0.5684443434158002	0.46726346755982695	1.0
1958000	-24.16686799895632	-17.72544421636674	-6.441423782589583	-8.937105269498083	-8.788338946868654	1.1151437766888714	1.396346323537095	-1.2282468911330378	0.3367512396859166	1.6773797906821908	0.31382899693336447	1.0
1959000	-21.849284029374708	-18.460253220064537	-3.3890308093101726	-9.907351212186477	-8.552902007878059	1.93291766822476	1.2493992433810688	-0.2023067697344539	0.20770292110679683	1.3377675873434012	0.05769130807499763	1.0
1960000	-23.859911646458958	-18.543355588453643	-5.316556058005315	-9.885422857743444	-8.657932730710199	1.543528049009414	1.0886812225861333	1.155404680812667	-0.6691069819411096	0.6990058161431906	1.188029648704735	1.0
1961000	-22.8101964869186	-18.200336120280518	-4.609860366638082	-8.863455474121364	-9.336880646159154	1.5530368596481852	0.7133419365992025	-0.42632972960856036	0.7576244611842589	0.8691814716749584	1.2432700001512127	1.0
1962000	-19.49537175636561	-17.372941513736734	-2.1224302426288775	-8.789018369084811	-8.583923144651923	1.435037545129421	1.3234926585168925	0.1806243042908252	0.03033642964546507	0.3664373584381885	0.044587188111400264	1.0
1963000	-19.82690537878233	-18.985320985648634	-0.8415843931336976	-10.025018065123696	-8.96030292052494	0.6464055028934428	0.8427096303596413	-0.22235040177306725	-0.008733217100744262	1.8528206231925806	0.04788354027746986	1.0
1964000	-19.803854633430998	-18.455974654457282	-1.3478799789737144	-8.63787141258459	-9.818103241872693	1.335497900425495	0.6608371169766583	0.18940548399971296	0.01730999646856632	1.4151882820957353	0.05104900906346389	1.0
1965000	-19.23872236927923	-17.16465255511584	-2.074069814163389	-8.57593929660025	-8.58871325851559	1.326195424492023	1.0087316654853293	-0.032549639461949775	-0.0112140645492384	0.5925524248003383	0.1108751233558434	1.0
1966000	-21.535851316014927	-17.982220889231343	-3.5536304267835863	-9.42517702266964	-8.557043866561703	1.7960536407591285	1.0517214452128252	-0.39723233486175524	-0.15656011296484307	1.1217037517390476	0.055493146940832766	1.0
1967000	-21.289281055180922	-17.906509798221546	-3.382771256959376	-8.796372929749865	-9.110136868471681	1.4936293968516665	1.6643195688701298	-0.13069767879715954	-0.31394040767017695	0.29145269899394805	0.0664092144052676	1.0
1968000	-19.208905477867116	-17.12517759714484	-2.0837278807222743	-8.507190537195187	-8.617987059949655	1.09811373918479	0.9767603589336906	0.10443633195861393	0.18454894917929598	0.5442822447372869	0.0971545864948205	1.0
1969000	-18.008062815171975	-17.087876267656036	-0.9201865475159392	-8.592962070031357	-8.494914197624677	1.3519221182235603	1.1355315046667782	-0.10857905760162603	0.05395165315102416	0.7801982374128799	0.02644270231309676	1.0
1970000	-22.19209124779946	-17.763751102031183	-4.42834014576828	-9.047329176850212	-8.71642192518097	1.4376804974430595	0.9158281176413029	0.6279384053896495	0.361935147743202	1.2122642625202242	0.11488706891408874	1.0
1971000	-19.90018787625244	-17.2249060497535	-2.6752818264989386	-8.503474011976673	-8.721432037776825	1.1614535220983289	0.9223843077231122	-0.2619014412330167	0.11766962141930104	0.8347497957835053	0.23770352380840845	1.0
1972000	-18.912413621199036	-17.634855894719728	-1.277557726479309	-8.499214452259771	-9.135641442459956	1.1183152451139187	0.7956114547617184	-0.034683683807341964	-0.024850877164149965	0.4345455475086918	0.04601919246023598	1.0
1973000	-21.31930101272884	-17.535979044024185	-3.783321968704655	-8.734803108351388	-8.801175935672797	0.9935284189082355	0.912316928427669	-0.5110698875367845	-0.16592353945605398	0.3551171134602885	0.08970967791481373	1.0
1974000	-24.28199013618732	-18.965441193674316	-5.3165489425130055	-8.994180319195547	-9.97126087447877	1.4771016900760818	0.7001853174879562	0.41704090372748015	-0.7542843632835868	0.890041761146589	0.10401192209663666	1.0
1975000	-23.37498262096127	-17.651635366101456	-5.723347254859815	-8.593071908660782	-9.058563457440673	1.0029567139121591	1.2967774642122172	0.42415902823191	-1.490766123969586	0.4427953774657022	0.8781840035875004	1.0
1976000	-19.44376784464677	-17.074901647427787	-2.368866197218985	-8.527293040452161	-8.547608606975627	1.283259403883613	1.0497096909887196	-0.16904904152883152	-0.06725465857947924	0.6959607503945638	0.14488401237001752	1.0
1977000	-23.202870186898785	-19.05043471771935	-4.152435469179435	-8.727584032589174	-10.322850685130177	1.3513580650497334	0.6431792306812819	0.36728580612785156	-0.6979557802021157	0.6675726008273735	0.1502107001315039	1.0
1978000	-20.654198023716482	-17.78212444212756	-2.872073581588921	-8.494153682557172	-9.28797075957039	1.1480323952995626	1.6328660914545843	0.06617381082672867	0.26945305721217416	1.1935744060601876	0.09782332647355517	1.0
1979000	-20.121905754998707	-17.20890961119366	-2.9129961438050467	-8.65492966002931	-8.553979951164349	1.4066441529550928	1.0433320320952792	-0.15222234996751036	-0.0663615222071059	0.7873320512130813	0.24976389633535634	1.0
1980000	-22.017345549931008	-19.06192462043933	-2.955420929491675	-9.005206804106175	-10.056717816333157	0.8446240462804709	0.5962277124248467	-0.1834419373042814	0.6447744068873323	0.7947044892295486	0.25108550003459973	1.0
1981000	-20.739163365662037	-17.349662172365345	-3.3895011932966916	-8.672435054822266	-8.67722711754308	1.3569176094404272	0.9407980704064729	0.2063689533435625	0.5137967252037631	1.195331245631854	0.2041352260356354	1.0
1982000	-21.240344305730407	-17.471706264220067	-3.76863804151034	-8.59692186220794	-8.874784402012128	1.0296046502020588	0.8641376246940068	-0.2339483455599567	0.07522002876778988	0.22968485667557617	0.20288284479847912	1.0
1983000	-22.628760901518678	-17.658401028985768	-4.97035987253291	-9.002143450419105	-8.656257578566663	1.6124909830262915	1.275253636946586	-0.7920100920763532	0.44606895054993767	0.9267290275744599	0.23678545262445025	1.0
1984000	-19.286716975089192	-17.345079033385584	-1.9416379417036085	-8.535725779092264	-8.80935325429332	1.063991152749975	0.8809280854178504	-0.08035830478379744	0.18978553415431337	0.5950995146115481	0.09980869258965636	1.0
1985000	-22.11200972711141	-17.108813917895503	-5.003195809215906	-8.592790464930555	-8.516023452964948	1.0500946121740393	1.245607606803916	-0.3290154415256832	0.008206032746947756	0.09885287702866294	0.11543698104155194	1.0
1986000	-19.576216098196593	-17.84078180638094	-1.735434291815655	-8.586948324335683	-9.253833482045255	1.3533686631200081	1.6763256402634594	-0.18574852835560018	0.009415800306576183	0.547510683975304	0.02740052736492894	1.0
1987000	-19.55044234424117	-17.149211439627145	-2.4012309046140263	-8.651526249890672	-8.497685189736474	1.4089442718369116	1.1266824896945065	-0.20612546379406982	-0.07424172214982042	1.6686213661223077	0.03747591495158522	1.0
1988000	-22.06455020872428	-19.205755146205824	-2.8587950625184564	-10.090696252575267	-9.115058893630557	1.9931820165260294	0.8096579993151567	-0.23461883921827062	-0.13259436026376215	0.29563773310467445	0.05422183749795688	1.0
1989000	-19.26399185316722	-17.402124633763634	-1.861867219403586	-8.494306949278622	-8.90781768448501	1.1755355787890036	0.8439473331441016	-0.1881137192712856	0.22516885247781698	1.3753946950003475	0.05542375378973679	1.0
1990000	-20.314715691644494	-17.83683482155668	-2.4778808700878168	-8.563461767337555	-9.273373054219121	1.3307350308118446	1.6489977852258608	-0.20740410242752558	0.17773918205209518	0.8011248521248601	0.06016939406347758	1.0
1991000	-23.175055951947222	-17.948553018916677	-5.226502933030545	-8.666872790465066	-9.281680228451613	1.2719684314082613	1.7413863292338951	0.48032678516469896	-0.8513932751778654	0.9045161405800749	0.26929426799710793	1.0
1992000	-22.35650839230335	-18.05546183308953	-4.30104655921382	-9.418790511198328	-8.636671321891201	1.7531526218662215	0.978128671998156	-0.08340398994998251	-0.030229291824810267	0.8297110588916413	0.8343715530375558	1.0
1993000	-21.101069820444064	-17.433085628203948	-3.6679841922401173	-8.51930259313956	-8.913783035064387	1.2673252147362604	1.4467018928743731	-0.1134782372070876	0.39208801167891183	0.5547268072509021	0.03230848294904394	1.0
1994000	-22.160816382518068	-18.725680762050935	-3.4351356204671326	-8.727900874600447	-9.997779887450486	0.9108943751460258	0.6881294407333147	0.5225580886926408	-0.6760018027772987	1.0527758526083593	0.45934538730286395	1.0
1995000	-19.8335417357937	-17.97597406459052	-1.857567671203177	-8.874813029730662	-9.101161034859858	0.871446135105281	0.7851894254296639	-0.021211117823079162	0.2764982204797498	0.7157054600247197	0.11388397110284758	1.0
1996000	-20.282658522656405	-17.41740739508606	-2.8652511275703456	-8.580162053843067	-8.83724534124299	1.021529004048272	0.8824573154822443	0.44770132885231223	0.008051649757890744	1.1395608167333615	0.29495483829265273	1.0
1997000	-21.56972078952121	-17.7767778616339	-3.7929429278873097	-9.066385347215647	-8.710392514418253	0.8425859783359405	1.33016469910294	-0.3330581537173483	0.4008066515501606	1.3917176053323737	0.05412561335156872	1.0
1998000	-21.168453206683402	-17.42197485186642	-3.746478354816981	-8.91990386813491	-8.50207098373151	1.5796392368782053	1.2055771796523462	-0.3561484431831472	0.05385532687742317	0.33847261526256034	0.22582184291180307	1.0
1999000	-22.548524106865973	-17.539302139024798	-5.0092219678411745	-8.786768777109266	-8.75253336191553	1.1049686450436569	1.48205942269851	-0.9738574870679566	-0.2749095048957515	1.0357186481679717	0.27781598812912367	1.0
