it	posterior	likelihood	prior	lik_L_3-0	lik_M_3-0	l0_t3-0	m0_t3-0	Gl_t3-0	Gm_t3-0	hp_rate	hp_sig2	beta
0	-20.587017864352287	-17.442272410833024	-3.1447454535192647	-9.862858677899773	-7.57941373293325	0.3641051055828826	0.9427632815270367	0.0	0.0	1.0	1	1.0
1000	-19.17442766914869	-15.813461954519221	-3.36096571462947	-8.239291875701223	-7.574170078817998	0.5844016103504974	0.9386870378696271	0.0	0.0	1.0	1	1.0
2000	-14.779642648889203	-6.413141213969071	-8.366501434920131	-7.309745963808679	0.8966047498396073	0.4260677811952098	1.6677408223159682	2.220464662307551	-5.365936148303765	1.1250612131438102	6.745320357923027	1.0
3000	-12.862210565602293	-5.219092943290967	-7.643117622311326	-7.374601207132162	2.1555082638411953	0.7498247239953687	1.1771905031917347	2.5350249025359965	-4.792892462862335	0.6830974967699225	11.260576598066352	1.0
4000	-13.50152686340537	-5.1446973912056215	-8.356829472199749	-7.491790178123459	2.3470927869178375	0.44090233945407686	1.0747180102434806	1.8003747523932456	-4.946360917177574	0.8225416952708878	3.9491452154824076	1.0
5000	-14.206755276510453	-5.444928764935553	-8.761826511574899	-7.5537914404679105	2.1088626755323574	0.8366514864226136	1.2032818199812623	0.1962622460258041	-4.768382074948918	0.3008087007884197	4.920685266179328	1.0
6000	-17.872144764134806	-10.770403361061987	-7.101741403072819	-8.482375452074304	-2.288027908987684	0.7783831028677097	1.2236946033533633	-0.9290871253879187	-2.02133710360718	0.6352254589569766	0.7271048420089489	1.0
7000	-14.216572933077224	-5.732249410258527	-8.484323522818697	-8.243417001283035	2.511167591024508	0.6584834881962918	0.5576641911932274	-0.31286519493126197	-5.779845830139362	0.8131791171833433	4.4719577614002555	1.0
8000	-13.2411082407373	-6.4129421076385995	-6.828166133098702	-8.756964249640527	2.3440221420019274	0.17679076493459847	0.7614192889309698	3.815074568967896	-4.977700708580066	0.9624688472103218	15.433909537084814	1.0
9000	-13.303725863153424	-4.795913149667658	-8.507812713485766	-6.956639648650983	2.1607264989833244	0.5094059494271452	1.0814745798203256	2.7141464491860363	-6.0603388502152375	0.5823969725386638	8.906352329501464	1.0
10000	-15.23144806078028	-9.28187682479715	-5.9495712359831305	-7.03481124722849	-2.24706557756866	0.5464216114636691	0.777562682224708	2.1270612421435438	-2.0946378425973853	0.8183341569090171	7.83389510596855	1.0
11000	-15.404392622938499	-8.54191654017303	-6.862476082765468	-7.407445027680369	-1.1344715124926612	0.9040538402686253	1.2659793989524102	0.6444392677790667	-2.542546495965171	1.2129850277180294	1.4146246745508058	1.0
12000	-19.88880474941614	-8.353015563076701	-11.53578918633944	-10.09122389360536	1.7382083305286589	1.763466561528592	0.26363139220647364	0.6016875093612507	-8.23007591894881	1.177317216893319	5.788552812627267	1.0
13000	-11.293253387523677	-4.424901862763106	-6.868351524760572	-7.1409898015056354	2.71608793874253	0.3514291642728504	0.8097795925323369	3.3253051081433203	-5.534290207603063	1.2806217581538348	19.904440808998935	1.0
14000	-13.516605865298985	-6.487806017777972	-7.028799847521013	-7.2170705394861265	0.7292645217081546	0.7781323484618798	1.2702678177340028	1.886989812963417	-3.545340026846353	0.8911795128808058	11.159921787138805	1.0
15000	-13.104235962803417	-4.453910760200335	-8.650325202603081	-7.202387807601879	2.7484770474015434	0.5394594788427426	0.6480181855712492	3.6102267172210283	-5.912197661216216	3.2064526222228875	7.112951525265913	1.0
16000	-15.517306125787997	-7.15776448776661	-8.359541638021387	-9.854689593720245	2.6969251059536354	1.5114929429281059	0.706882162819721	1.3699944337346808	-5.6103355448652135	0.42738580481257815	12.036536869777068	1.0
17000	-13.864133302625085	-6.369658022532125	-7.494475280092959	-7.776362535872973	1.406704513340849	0.5648777507438992	0.26977165091090605	0.6416307711622673	-6.747951134664638	3.2451352186009337	6.7800071624838525	1.0
18000	-14.112997863168678	-6.644153928195372	-7.468843934973306	-7.977130417030087	1.3329764888347144	1.1974362420287448	0.6767102641073843	-0.31942954095844334	-4.2490468582767065	0.9857498910984263	3.7181487583876653	1.0
19000	-14.384718630135952	-6.1131207438379995	-8.271597886297952	-7.676016698938646	1.5628959551006467	0.3554940838396778	1.182342835964332	5.435161971244294	-6.257906989973705	2.336304251634899	32.614246832053546	1.0
20000	-18.91975148529969	-6.746920142733903	-12.172831342565788	-7.012137781420756	0.26521763868685255	0.5612980183666513	1.8256195177958114	2.96585292509109	-3.9164898877765433	0.7960772390322486	1.6082583347156079	1.0
21000	-12.252897187247381	-4.853302112933743	-7.3995950743136385	-7.379755201861093	2.52645308892735	0.5655406563694423	0.9043435211946866	3.7107867977301754	-5.1133539077564345	1.2161894561529911	11.698496154767712	1.0
22000	-11.813735401415405	-4.447770757991794	-7.365964643423611	-7.144877424970347	2.697106666978553	0.7203720990262451	0.7000451276247134	2.1313526010213524	-5.625907150653764	0.7955293042320086	13.604286775407795	1.0
23000	-12.610099663425762	-5.024572490431062	-7.5855271729947	-7.741674050305801	2.717101559874739	0.8890573981136639	0.6657799107136342	-0.1887916060645214	-5.7631267796913495	0.6116122991870353	17.856075251356664	1.0
24000	-13.283639413301456	-5.703505741475528	-7.580133671825928	-7.6258949912478595	1.9223892497723316	0.5739692557061705	0.28376189419099057	3.942470489546482	-7.870907647571941	2.0750003370391505	13.87722824894439	1.0
25000	-13.052934298667381	-5.943269485770503	-7.109664812896878	-7.993524234292699	2.050254748522196	0.8344717364343632	0.6678132491015653	-0.48775286083300107	-4.860346667240514	1.3916253091889208	5.655714108463518	1.0
26000	-15.631577478323106	-6.83957093351808	-8.792006544805025	-9.448242540243088	2.608671606725008	0.1432135964535349	0.8465823251392688	8.645242069724858	-6.24185841532332	1.6538678116616792	16.01489370148415	1.0
27000	-12.596262267353206	-4.522969278043449	-8.073292989309756	-7.018083798847357	2.4951145208039076	0.5585567539957509	0.964641300234296	2.15184796691786	-6.0206267890502225	2.7377068353596687	14.650740049719149	1.0
28000	-14.201538932968447	-6.261041320908365	-7.940497612060081	-8.964653864860129	2.7036125439517633	0.7449631397436967	0.6335544585610463	-1.3028042116871035	-6.64063313068403	0.7975207021002964	10.33799028619515	1.0
29000	-14.813195191713007	-4.72600277367201	-10.087192418040996	-7.1798083606271526	2.4538055869551423	0.7683116078384568	1.001260079278531	1.3615675382599246	-5.044159455782472	1.5119933516068584	2.4861716077746148	1.0
30000	-13.290280295591192	-5.821559210340347	-7.468721085250844	-7.011841283065349	1.1902820727250027	0.5804266145379612	1.2040938548943185	2.1265350763055335	-3.8282774225786227	1.3751171465960703	3.915264162337794	1.0
31000	-16.633616218879222	-13.623168836398118	-3.0104473824811038	-7.643766581452907	-5.97940225494521	0.9319327900648637	0.6338263290788279	-0.016364742243420216	-0.6316408308841412	1.1594100220045882	0.10434252583304283	1.0
32000	-14.419359706607663	-5.782431349019024	-8.636928357588639	-7.99924831569508	2.216816966676056	1.24138899487414	0.3882496380843872	0.08285834978026158	-6.494292813323256	2.005411916566695	7.129168601941757	1.0
33000	-14.584261733622764	-6.309445786794404	-8.27481594682836	-7.537162098708746	1.2277163119143424	0.2915579925326527	1.2010023200475848	5.753233004624558	-6.40439893438519	0.6984036899645302	26.430365566556432	1.0
34000	-11.812967223298802	-4.885350298926727	-6.927616924372076	-7.060027593392982	2.174677294466255	0.673976595152661	0.5783878606597154	1.9641443377768526	-5.258455180197362	1.015620064251297	24.983226883385516	1.0
35000	-17.33668026001353	-9.987090059927972	-7.349590200085559	-8.969700832846684	-1.017389227081289	1.6496465976209127	0.6769529665599259	-0.7179741797686198	-2.828724622492287	0.45031182890894245	12.537422463140276	1.0
36000	-14.1676395814861	-6.146948394671679	-8.020691186814421	-7.495789840895789	1.3488414462241094	0.5935434709810118	0.9979572776334104	0.9095509286178972	-3.912359320880431	0.6842245569401799	2.304904749292613	1.0
37000	-15.771310598445346	-8.913168854547386	-6.85814174389796	-8.063438869486859	-0.8497299850605273	0.6748312726243667	0.9958300021049937	3.7479383964752557	-2.6417411256400056	1.3015651771760328	8.650020785721413	1.0
38000	-16.101124349296768	-6.952195366703746	-9.148928982593024	-7.837408519886758	0.8852131531830114	0.17329882246296566	1.518522892805347	6.952853052022922	-3.8962841411931093	0.44331838078138197	13.71726489812977	1.0
39000	-12.410411396888573	-4.998397905348026	-7.412013491540548	-7.0579904651752585	2.059592559827233	0.5246106809046042	1.1725244207775465	2.1451159889791014	-4.632188872850216	1.0566382584242546	6.406622895405259	1.0
40000	-15.710912572213786	-9.314614844233303	-6.396297727980483	-8.302853116482925	-1.0117617277503772	1.0785278395694693	1.05497912978565	-1.0910610798872546	-2.556372886989512	1.2230307813955996	3.7600413045042003	1.0
41000	-18.88173970806196	-14.75559228769759	-4.12614742036437	-7.854567599993111	-6.90102468770448	1.1215722931882384	1.3533855615670376	-0.2327669988506892	-0.4788377528658175	0.6871194196982855	0.05004758731228291	1.0
42000	-16.377959723459163	-7.8844186956268745	-8.49354102783229	-7.604735344561984	-0.2796833510648904	0.8817809986057745	1.240910089505635	0.06725010647689877	-2.951846416533422	0.5801126051114635	1.0071321961198922	1.0
43000	-16.27884262801135	-7.058928445307012	-9.21991418270434	-9.73571305449381	2.6767846091867993	1.1773532096235164	0.9102163460764471	-2.490161926391888	-5.540360836925017	0.36753336048404217	6.868353444547576	1.0
44000	-12.908938192405767	-5.015377820763434	-7.893560371642333	-7.445668562198904	2.4302907414354697	0.7771954173093503	1.0653737600072846	2.483904193012378	-5.11978512969713	1.1970780694670957	7.276531913401143	1.0
45000	-15.373105745959421	-8.543682190365477	-6.829423555593944	-8.147890751314781	-0.39579143905069447	0.5803652706241722	0.10038739528042885	0.11977484712652026	-10.461880657718362	2.831727638532045	33.48634347079991	1.0
46000	-12.816887264298474	-6.073793198222417	-6.743094066076057	-8.26362285129218	2.1898296530697623	0.5306052300529559	0.5729189230084258	0.24896085266324638	-5.295617522021645	1.5191923948923158	41.549885177575746	1.0
47000	-16.155458606516266	-9.222225496947207	-6.933233109569059	-8.218304968533012	-1.0039205284141959	1.320176679352669	0.9629736026038129	0.29200043336938053	-2.5747100901220197	1.152083372238169	1.386509308392351	1.0
48000	-13.59185105191327	-6.854784752309611	-6.73706629960366	-8.19952173053807	1.3447369782284597	0.7971863405159201	0.5931396545562022	-0.6659002623281058	-4.476511609753381	1.9127699842309858	21.193413852428026	1.0
49000	-16.591809351371896	-9.263480369431083	-7.328328981940814	-6.960098023465661	-2.303382345965421	0.4816807468111659	1.234561428502025	3.3058433635580755	-2.019260952923975	0.42549641323700965	9.931996076009067	1.0
50000	-13.496415171213346	-6.021382666892285	-7.475032504321062	-8.430167812547325	2.408785145655039	0.28330974542562315	0.7843813501820934	2.2452256771457995	-5.02258180097454	0.7870691690783125	5.984717969844392	1.0
51000	-14.213676153015026	-7.312136720528397	-6.90153943248663	-9.854829754872341	2.5426930343439444	0.6681419900992757	0.5282892810769365	-1.7958092453373475	-5.989829035904213	1.917727897424761	31.570133067001436	1.0
52000	-13.220069477317661	-6.423114642962826	-6.796954834354835	-7.222177327511271	0.7990626845484452	0.7221029959730577	0.6265916692543947	2.392252627575291	-3.996871784479675	0.7650792805553127	12.304356741670006	1.0
53000	-15.266087912477257	-6.526971910565844	-8.739116001911412	-8.344627042222616	1.817655131656772	0.5959677983960694	0.8785410533462465	-0.16582621972022835	-4.33429441581462	0.6454441349261355	2.1935640442475703	1.0
54000	-12.03884885120203	-5.282870861745733	-6.755977989456296	-7.447364288065338	2.1644934263196047	0.6359936835893154	0.445603368142668	0.8227005837888867	-5.925864663156827	2.727209584460562	12.033215583138466	1.0
55000	-12.797634652557832	-4.8232097691567555	-7.974424883401076	-7.253854484389305	2.4306447152325497	0.4937016414217436	1.0929734622649805	1.8455450855806697	-5.2663160677263505	2.591646234868242	8.977869576253001	1.0
56000	-14.62544470786888	-6.285187482103042	-8.340257225765837	-8.99939450694047	2.714207024837429	0.9938392983960488	0.8677136856763955	2.8516639039864082	-5.595159259285186	1.0772979097790376	81.85448626850464	1.0
57000	-16.181802033975526	-9.775900596246599	-6.405901437728928	-7.568254589497821	-2.207646006748778	0.9295903614957332	0.4769784423266825	0.15881372648710612	-2.7212610337993848	0.5169050750955347	7.662071679180533	1.0
58000	-12.9933958193369	-6.554099805480439	-6.439296013856461	-7.0408659431395035	0.48676613765906485	0.33658293339859313	0.31793826320320795	4.388988196908472	-5.334031775158504	1.193315654094898	25.32166415557436	1.0
59000	-13.47337975979137	-6.798047217033633	-6.675332542757738	-6.98327874036797	0.18523152333433668	0.5233148789461115	1.1047595480843515	2.458300357492404	-3.1715623004172397	1.1963017582723545	4.783484097521748	1.0
60000	-15.45780508893761	-5.305769768162699	-10.15203532077491	-7.1082738082422585	1.8025040400795591	0.639780198567778	0.32101961809181884	1.5873920513209137	-6.590294672540707	1.1398890313718755	3.7266430384579987	1.0
61000	-17.480218070196592	-9.56728765998891	-7.9129304102076805	-11.046784042137034	1.4794963821481248	1.0475768232619276	0.8879846781000408	-3.2729904353982024	-4.060166252157525	1.3962249084021883	6.087466250397295	1.0
62000	-13.11920747834258	-5.533804781720653	-7.585402696621927	-8.018183515273115	2.4843787335524627	0.4266396982025197	0.9410267336179616	1.214965369283381	-6.121793597415889	0.7743809292656366	10.879649625310085	1.0
63000	-18.762541295569175	-6.872014590879626	-11.890526704689549	-8.46537535175109	1.5933607608714642	1.4339163672900468	1.489043633427434	-0.009360286685180443	-4.800313652519888	0.4033052622950133	1.7773089672739935	1.0
64000	-12.495577136309844	-4.665611181158803	-7.829965955151042	-7.317858124373919	2.6522469432151166	0.24130856284594662	0.5705054627304874	4.716413611125278	-5.991563600124097	0.8673491665021349	11.25841307587166	1.0
65000	-11.794273938509832	-4.768456186916175	-7.0258177515936575	-7.369360009472833	2.600903822556658	0.6085443302069935	0.52547706945713	3.425238737674811	-6.133049999495087	2.0309431751886207	39.59122616726498	1.0
66000	-14.903816730198422	-6.742580406346814	-8.161236323851607	-8.616055138907946	1.8734747325611316	0.8019298352794662	1.3689215531934924	3.485657021523539	-4.883250566085329	0.7658927112144137	9.703325508674272	1.0
67000	-13.215314467531043	-7.007319697422125	-6.207994770108917	-9.254390091021133	2.2470703935990075	0.45216614445460246	0.4222289087689271	-0.20816348260918138	-6.224076616450057	2.891605129393958	18.78195613164401	1.0
68000	-13.202991367839163	-5.957149437352645	-7.245841930486518	-8.63460826887505	2.6774588315224053	0.6846613404913441	0.9172590713243745	-0.8085146183934677	-5.64196824160876	0.9596537049987157	15.665049974158793	1.0
69000	-14.738402362609028	-6.854707745471637	-7.883694617137391	-7.736944787423377	0.8822370419517407	1.0651705151342417	0.8840705275902868	-0.051100717318330095	-3.6537472238594937	0.5212273509841586	2.3108715896544267	1.0
70000	-17.384479023914828	-7.985567093327909	-9.39891193058692	-8.359035800607018	0.37346870727910897	0.7022145606112599	1.6790506791042483	3.8184456895515737	-5.737384138744319	0.33079759511040974	10.962966566909422	1.0
71000	-12.502179299496776	-5.529554760446267	-6.972624539050509	-7.273915090283502	1.7443603298372352	0.823781070684048	0.7521712649666884	1.0034309036385445	-4.421952715112936	1.0155133247098371	22.281383509775544	1.0
72000	-12.907776080609755	-6.109686837213621	-6.798089243396134	-7.312558035649895	1.2028711984362737	0.5641109518808504	1.0166427549393893	1.3554902186321998	-3.8052629235188626	0.7679891716675112	13.88001147441703	1.0
73000	-13.12124792185732	-6.9496901455210995	-6.17155777633622	-7.179156966849162	0.22946682132806284	0.43383269266028	0.7045438201408252	2.4203073837068536	-3.4736524400643387	2.5947961098211647	5.983044135827471	1.0
74000	-13.973705320461725	-6.566247314107695	-7.40745800635403	-7.202444405922489	0.6361970918147941	0.26004824778032215	1.254095042961281	4.810635851332399	-3.4774949294216944	1.6818919403552846	35.287965128816026	1.0
75000	-13.960211769956594	-6.156805991861706	-7.803405778094887	-7.58826746937333	1.4314614775116237	0.9188127508311424	1.5488628609585557	0.1030420384314748	-4.706533219621174	0.5448392249079348	10.539194284253595	1.0
76000	-12.719872844738005	-4.522717600566123	-8.197155244171881	-7.105000233512449	2.5822826329463258	0.5529061309678471	0.5014340079105565	1.872368688924698	-6.258782634416354	0.7123434267770735	7.22949731928495	1.0
77000	-14.00957642536589	-5.619038767655637	-8.390537657710253	-7.483022285711979	1.863983518056342	0.24004985411418903	0.89037560063491	4.273067775797031	-4.365315787161388	4.253983631075896	6.883660581131849	1.0
78000	-11.78167366294823	-4.732967001127474	-7.048706661820756	-7.079929035702248	2.3469620345747746	0.35542879063767024	0.740976911407542	3.4698689428178993	-6.836219085568807	1.5396313366340708	32.63386479395774	1.0
79000	-12.060362322650953	-4.78941902600558	-7.270943296645374	-7.454206107645026	2.6647870816394468	0.8475470777883433	0.6358047687889271	2.034864072092771	-5.740121922052446	1.012723751172556	14.347322899489402	1.0
80000	-13.108166359152065	-5.171791773903221	-7.936374585248844	-7.397860176575623	2.226068402672402	0.61371239580535	1.0473444293329375	3.432326143380031	-6.097750738403831	1.1875391625095744	12.694555089598971	1.0
81000	-12.607968013250318	-4.941176058042057	-7.666791955208261	-7.115268270806155	2.174092212764098	0.361351527169609	0.5934938499416127	4.591120903769555	-5.203380201807945	0.7830826755851923	69.96893198312041	1.0
82000	-14.022784635017787	-5.861524428343449	-8.161260206674338	-8.520280987413773	2.6587565590703246	1.3871994125440383	0.5098242617511597	0.5420113084162872	-6.467959217356813	1.719483755187441	33.96746255130656	1.0
83000	-14.725613234681735	-8.107702661493597	-6.617910573188137	-7.6010762030660395	-0.5066264584275579	0.47183397052537207	1.5215348398885344	1.4175516242226074	-3.007590191431725	0.7587191699925816	6.1586106004137005	1.0
84000	-14.176476771219797	-6.562489678317339	-7.613987092902458	-7.967684332474514	1.405194654157174	1.2143184320163372	0.457119873312537	-0.15898475583890412	-5.086650084855904	0.55162072555744	8.4875756648742	1.0
85000	-12.643107654953434	-5.833079383548226	-6.8100282714052085	-7.8095450834352915	1.9764656998870658	0.49693295756615813	0.9327907155030619	0.9753917669863654	-4.443201210333139	0.7609782891811077	10.868960725129723	1.0
86000	-12.90598718325154	-5.240482074582127	-7.6655051086694135	-7.5765467536422415	2.3360646790601143	0.8267917166751484	1.0561440565622904	0.1621277399797777	-4.897273379408799	1.2406452927198217	5.3420419297471815	1.0
87000	-17.600736178684855	-9.315842935681129	-8.284893243003726	-7.166872455659362	-2.1489704800217675	0.76071976526042	1.1632514623313428	1.426597961672693	-2.059477034127016	0.9871504551663427	0.6296068093274324	1.0
88000	-15.710955701587258	-9.54136789378856	-6.169587807798697	-8.015292961124526	-1.5260749326640353	0.8116710287479525	1.2439233214247496	-0.47382638406045596	-2.3560326820812154	0.9117614897255134	1.6041351029375965	1.0
89000	-14.897535517677543	-7.374339227847174	-7.523196289830369	-8.590418552087428	1.216079324240254	0.9726061522105913	1.3755342159263184	-1.3654381871880088	-3.988959358331171	1.2119854762148305	6.801561473784954	1.0
90000	-19.43319141186204	-13.084522094977949	-6.34866931688409	-7.469246419692871	-5.615275675285079	0.8924775785654676	1.4086615699191651	1.7437594600747501	-0.9211102904522891	0.3744998860119494	1.6050446848201925	1.0
91000	-15.462201366204742	-7.741842083830904	-7.720359282373838	-7.644459338392766	-0.09738274543813841	0.9343542270356728	1.02316331111977	-0.01712548377352352	-3.0215722837857686	1.4675100266884633	1.2984684752351092	1.0
92000	-14.934116421680807	-7.2966770728556245	-7.637439348825183	-7.648541315072521	0.3518642422168963	0.31039290372683215	0.7856391354123226	2.857975792953194	-3.4261476475579693	0.39282176775388566	5.599390630511643	1.0
93000	-12.545031641860302	-5.147845015746539	-7.397186626113761	-6.993089260282931	1.8452442445363912	0.4419551207907094	0.3508044475131426	3.7401548224675754	-6.312502120753211	1.2286478513637906	9.984023261962042	1.0
94000	-13.788062166683272	-7.955439102048606	-5.832623064634665	-8.639862362853815	0.6844232608052097	0.5625989424467902	0.47953845566815345	-0.30495615973658285	-4.427192743790964	1.8841631314302605	11.467032500133687	1.0
95000	-11.987981442902008	-4.732847369727817	-7.255134073174191	-7.283280635945712	2.550433266217895	0.25301048457204584	0.8212750148125092	4.54990897261012	-5.180939486354397	1.2420730981589578	11.425170070491877	1.0
96000	-13.134519129575134	-4.912664972335273	-8.22185415723986	-7.36741864955465	2.4547536772193768	0.720959477562682	1.0689152625096163	0.7364231938565315	-5.2203448800567545	0.35482666098113813	10.445054489020492	1.0
97000	-15.856484266263855	-7.313838295439161	-8.542645970824694	-9.898975105024206	2.5851368095850455	1.636507737512731	0.9466165880537097	0.9338478422896472	-5.271250735519053	1.2521560440473776	32.377581383734	1.0
98000	-12.67210833477759	-5.793769998594919	-6.87833833618267	-6.981798856197094	1.1880288576021751	0.48653761499242204	0.29820835494218706	2.651359492535422	-6.139268430880007	1.0236190193873413	13.019778752802766	1.0
99000	-16.10278303188398	-7.627150747657437	-8.475632284226542	-7.82820325549025	0.20105250783281292	0.9200428726948662	1.072363455014279	-0.35338756689358686	-7.094153897634298	0.5211982557906242	17.81366652433265	1.0
100000	-13.379551594726813	-6.370017321883601	-7.0095342728432115	-7.318174861696473	0.9481575398128719	0.7079517717788465	0.6618959623081886	0.8699106074877774	-4.012032974981911	0.9026583831450615	32.054937973026	1.0
101000	-13.427530376722844	-5.905703790177152	-7.521826586545692	-7.310198627125615	1.404494836948463	0.8679512861606679	0.9640357219645277	1.242325204235224	-3.9630252853736816	0.4153609923699622	7.452938303311049	1.0
102000	-12.69629441918966	-4.7098953986725025	-7.986399020517158	-7.438220882696309	2.7283254840238067	0.39766981527833517	0.6236542892129172	2.2424613014934796	-6.595701599652499	0.8432490443171287	8.730320751242022	1.0
103000	-12.35017452970956	-4.478764318703323	-7.871410211006237	-7.269874094867866	2.791109776164543	0.30515130061345236	0.7436524193949667	3.6182222597281166	-5.884402706943601	2.2460377598500667	7.173964077239561	1.0
104000	-17.183093345288547	-9.150030844320323	-8.033062500968223	-9.190514174396723	0.04048333007640004	1.7177711855760167	0.9026874522410226	-1.137051025007651	-3.142455748120076	1.5480003098895665	2.832223427505237	1.0
105000	-15.169192162079915	-6.643287944112084	-8.525904217967831	-7.504306008934882	0.8610180648227987	0.9056868057561418	0.6050257563752017	0.3063606117101101	-4.096162506444497	1.732594712468412	1.8528527076495225	1.0
106000	-12.807889122673098	-6.887578533573587	-5.920310589099511	-7.760581937216022	0.8730034036424357	0.18012215539537035	0.47720998318518837	5.171295194349875	-4.57208621320283	2.123355538787575	19.450679896433797	1.0
107000	-17.970706779792817	-15.940739938151046	-2.029966841641771	-8.323376661705232	-7.617363276445813	1.3652202915721312	0.7515189565905145	0.20792735061316037	0.05102078423048795	1.5377030577465771	0.084214189391841	1.0
108000	-20.449198085376533	-17.392659083063815	-3.0565390023127192	-11.563611005043875	-5.82904807801994	0.21746751589774999	1.1077274879009635	0.567341637429449	-0.6572164174210822	1.5182571198451107	0.31426843153038464	1.0
109000	-17.454685404337525	-14.624254915412997	-2.8304304889245255	-7.601520817539514	-7.022734097873483	0.9833600144249707	1.0113805197690733	0.14915959508014476	-0.21328561131987156	1.8623806231580506	0.19087284939462232	1.0
110000	-12.498843300361646	-5.596162529696672	-6.902680770664975	-6.997054537720416	1.4008920080237441	0.44648707683982386	0.7008013519716494	2.8562278040786904	-4.248633198810545	1.8553334400147659	5.187782129700786	1.0
111000	-13.536363326186867	-7.4651332907079935	-6.071230035478874	-7.187262666615775	-0.27787062409221885	0.5821721689592537	0.930918120187281	1.539032565701007	-2.954848633961669	1.1486649904204271	4.01293167186284	1.0
112000	-14.91807278041351	-6.9729637072931805	-7.94510907312033	-8.990523382439711	2.0175596751465315	1.437845701576038	0.4188267648306027	-1.6944312288773142	-5.932505680405411	1.5132671235191921	37.06194335555341	1.0
113000	-16.06564335880762	-9.135255008181268	-6.930388350626351	-7.386152149449266	-1.7491028587320026	0.9168374883518299	1.0444005159407497	1.0382346253514105	-2.2159956269874765	0.49985471562384415	1.1632378464353614	1.0
114000	-13.347112065680125	-6.23929315372243	-7.107818911957694	-7.867140165875504	1.6278470121530733	0.498620388322285	1.2585184639148816	0.8926858337305124	-4.236411803093671	1.3907696218797228	20.813228430031312	1.0
115000	-12.590511538502883	-4.737960416371255	-7.8525511221316275	-7.252986552373002	2.5150261360017474	0.5666759320882758	0.5381675861232756	3.5173318343129623	-5.88418073055568	0.5291038751663465	23.75171110628795	1.0
116000	-14.779439053362738	-6.403530186688094	-8.375908866674644	-7.298920616200468	0.895390429512374	0.7685828271623869	1.1693089708874074	2.243391657576948	-3.610006932358857	1.220267021363323	2.460437128692538	1.0
117000	-12.917995950671072	-5.353953962013215	-7.564041988657857	-7.8385139234217505	2.484559961408536	0.9417880972398681	0.5710228912752592	-0.38142603554532317	-7.1029539642326665	1.5234875904704872	19.798188651533692	1.0
118000	-12.893534645542966	-5.637995373133338	-7.255539272409628	-8.225983648017346	2.587988274884008	0.31916790787599403	0.9825223645001387	2.0154135947469687	-5.686687394880442	0.7817026180122774	20.37462461136949	1.0
119000	-11.918733153520304	-4.937211972762461	-6.981521180757843	-7.156090652299237	2.2188786795367754	0.5696854130269835	0.6837430851854325	1.6655890626970113	-4.990691020315337	0.8014986259604144	9.757829579704744	1.0
120000	-14.77325133320667	-7.056613783597356	-7.716637549609313	-9.15997660888755	2.103362825290194	0.8415578411869113	0.7246672556266834	-1.701257625602063	-4.78790229986537	1.339727842655419	64.384853219382	1.0
121000	-13.87532495361964	-6.230698811021524	-7.644626142598116	-7.5795286097287695	1.3488297987072455	0.7879823381355945	1.020796606057929	0.209485928581837	-3.908169924135933	0.7689237931411241	2.6145459939103115	1.0
122000	-13.504947965148618	-5.2721013118325395	-8.232846653316079	-7.776104249562361	2.5040029377298216	1.0953601168950629	0.998594004735776	-0.07126906283616558	-5.150876937702881	1.6300087366934048	6.230792531741589	1.0
123000	-13.1435567988829	-5.418011374616404	-7.725545424266496	-7.684771715768648	2.266760341152245	0.571218962179645	0.611394306163792	0.7333763218369088	-7.227004660014544	0.7414203964262726	47.104596683130595	1.0
124000	-12.020700943892514	-4.930275421973474	-7.090425521919039	-7.582917197155556	2.652641775182082	0.4962053142556169	0.6209909880128656	1.2856116687411292	-6.764002995553133	2.753111417184028	18.2913911280808	1.0
125000	-15.072904944974335	-5.732988051883961	-9.339916893090374	-8.453212221781817	2.7202241698978558	1.0546178044365957	0.6358695821970974	-1.2713122180307836	-6.597861465238273	0.25619230187193764	12.29394009894683	1.0
126000	-14.216769504596003	-6.644216812151418	-7.572552692444585	-7.8299244611690355	1.1857076490176173	0.4836349016220531	0.5124796589018509	1.0340926060013922	-4.64749840740061	0.45603838072301617	26.741001330223657	1.0
127000	-16.85018176960851	-8.041032379473668	-8.809149390134845	-7.37881527906648	-0.6622171004071884	0.23824621855171882	2.2312052549115844	4.581016637502296	-4.181490591031453	1.167767728613302	8.53606195688737	1.0
128000	-12.275586011978039	-5.011917329014218	-7.2636686829638215	-7.151688866894231	2.139771537880013	0.36775174416940193	0.9467030371607936	4.638886289038112	-4.60072940029434	2.1262449266978605	32.661180024527255	1.0
129000	-14.988786326596006	-7.663738844360034	-7.3250474822359735	-8.470419073596897	0.8066802292368633	1.3204779522491892	0.8675940531335701	-1.1250913338996014	-3.6189136543906453	0.5456715289144428	11.951753001437991	1.0
130000	-16.95368458032982	-10.621471699076263	-6.332212881253559	-7.515895190190079	-3.105576508886183	0.6367576680809428	0.43687600764718276	3.441372520993027	-2.4111092361093496	0.8352368014817366	6.369867078175671	1.0
131000	-15.752315077214886	-4.46036594433258	-11.291949132882307	-7.207467215482214	2.747101271149634	0.6611189646633651	0.5916688191577527	1.2399126245551	-6.186053475749976	1.9481429362538747	2.7073384463127366	1.0
132000	-16.596249255069303	-14.10224048754036	-2.4940087675289444	-7.791027834267934	-6.311212653272425	1.134528005522513	0.7996642298119335	0.13999667240940128	-0.41526321422527135	0.9553096081238368	0.13873909076456015	1.0
133000	-12.827560192761513	-6.349395374027667	-6.478164818733846	-7.127426746705409	0.7780313726777424	0.7350186233278931	0.843359474287883	1.723549349674225	-3.622500287242079	1.1776484436775747	10.066422587056667	1.0
134000	-12.333122765508232	-4.791905423871243	-7.54121734163699	-7.432915474612086	2.641010050740843	0.8608001464216521	0.6493812144688962	0.46961819753001377	-6.725685088865934	1.724021134340084	16.155271193607387	1.0
135000	-12.298160405087701	-4.676210926683096	-7.621949478404606	-7.068417456615523	2.3922065299324276	0.5059226434363563	0.6628568531603267	2.2114581749050095	-6.991300074303813	0.8194339334337017	47.64598488278619	1.0
136000	-13.765141120135487	-5.966328572843366	-7.798812547292121	-7.754198121413121	1.7878695485697547	0.4486660083346638	0.4849910248075246	1.3726867562901643	-5.2802069027494625	0.9523070447410941	4.207360001021517	1.0
137000	-13.37767493325786	-6.0741303493457135	-7.303544583912146	-7.519155969174201	1.4450256198284874	0.9865563997322123	1.0929198585157682	0.5285084485761847	-3.981592652695037	0.5664294798826182	5.764814689079445	1.0
138000	-13.410981011618492	-5.747869827897627	-7.663111183720867	-7.976053216696495	2.2281833887988682	0.7673847438445931	0.9696965077249536	-0.32851558819191373	-6.327009666917571	0.8578771365851542	25.82105772283386	1.0
139000	-12.27538631880465	-5.213149906417474	-7.062236412387175	-7.613384809311453	2.4002349028939793	0.3024626413461035	0.6747294153208279	3.015136681695408	-6.954584016819293	1.264468081956578	18.94240769399993	1.0
140000	-13.746582445850898	-6.525592408381649	-7.220990037469248	-7.261982034340007	0.736389625958358	0.2408012055422345	1.0567918615961767	5.188492343168525	-3.4952962019219567	0.9018108414346119	25.51611867758296	1.0
141000	-13.52030890896772	-7.825202395339749	-5.695106513627971	-7.8138166134531035	-0.011385781886645852	0.4428421672098505	0.7682528521848508	1.339115256644454	-3.238052522150163	1.799527311413523	8.202387795088903	1.0
142000	-12.763805324645139	-5.8461604943764645	-6.917644830268674	-7.493450201113026	1.647289706736561	0.8907101389375071	0.5212106141051462	1.8163578032992567	-4.983105096313062	1.8740929909688253	10.530395493420736	1.0
143000	-11.80640737384278	-5.055529076724768	-6.750878297118014	-7.790019806583096	2.7344907298583285	0.3099112970436996	0.6639980899976894	2.663419306213574	-5.8152643972513465	1.0836126005638291	20.377227762693916	1.0
144000	-16.16935092323547	-14.315054617117498	-1.854296306117973	-7.645601016341274	-6.669453600776224	0.8464638323700182	0.7362412070712095	0.015670293171156452	-0.2967009725752119	0.5223987520297069	0.051529823436990016	1.0
145000	-12.810073918925813	-5.35030553470151	-7.4597683842243026	-7.121108354412729	1.7708028197112187	0.3470023049342646	1.1230813114756713	4.684584881549549	-4.2662178080054876	0.8040420088239235	22.055700990370774	1.0
146000	-12.203102535438433	-4.894061115375531	-7.3090414200629015	-7.4740351754689645	2.5799740600934333	0.8338480549389212	0.4806916781029328	0.3663645166038808	-6.437353729584782	0.8556708853536055	21.295971041177285	1.0
147000	-13.515766123175277	-4.467407379683285	-9.048358743491992	-7.118027929595387	2.6506205499121016	0.35037555912240664	0.6454825499444906	3.4066164795646956	-5.678996639371044	1.3300432400907245	4.4098273056736925	1.0
148000	-13.942909537882791	-5.715830940850194	-8.227078597032596	-6.956937461388726	1.2411065205385325	0.5235417231019432	0.3950701320233053	2.9177394006719535	-5.329175456864462	1.843965489671482	4.092359733359536	1.0
149000	-13.222163478004777	-6.09866476718476	-7.123498710820018	-8.108144073413014	2.009479306228254	0.9399788053784954	0.8511934308692379	-0.7741612170787284	-4.526251520318889	0.7377516749434937	10.246904647451618	1.0
150000	-12.748477451224108	-5.947333471593408	-6.8011439796307	-8.142736343327325	2.1954028717339167	0.7366918904808457	0.6182422769285054	-0.4508710478602638	-5.144190728707237	1.4465445235909902	8.053618473895481	1.0
151000	-16.15937815688457	-7.533465136676887	-8.625913020207683	-10.205872484170147	2.6724073474932597	2.07741816241852	0.8649756456600209	-0.9219568335498204	-5.4212416563530805	0.6259222192316728	7.664925280205891	1.0
152000	-21.74426140711705	-15.357691687149945	-6.386569719967107	-8.027725714985323	-7.329965972164621	0.8505704272164196	1.415005381661122	-0.5588030691957432	-0.40258492380281446	0.6702254484404674	0.04437073513185004	1.0
153000	-14.319394120071095	-7.114429593847241	-7.204964526223854	-7.070215354900505	-0.04421423894673637	0.5083369292758907	1.3872578739580508	2.192653817673915	-3.1546426316182528	1.9050452989798399	5.5263111724117255	1.0
154000	-12.05263498992728	-4.26639359400006	-7.786241395927221	-6.953775195402496	2.6873816014024365	0.46582487836525527	0.5222078310933391	2.9729697784212714	-6.517801889799659	0.5637094447361451	25.85750098632455	1.0
155000	-12.82082030007523	-5.532002929149209	-7.2888173709260204	-7.595799772674967	2.0637968435257577	0.3871073293530681	1.0539110715103914	2.097812921325257	-4.530768708823484	1.4549090246307754	4.993413406455685	1.0
156000	-11.24932054678716	-4.160670165268448	-7.088650381518713	-6.946673534684217	2.786003369415769	0.4847804659904441	0.7324191659388933	2.94839725220988	-5.852126708326127	1.2218129880747461	14.227128277680869	1.0
157000	-13.251815689380855	-5.686567472393697	-7.5652482169871575	-7.846308759400087	2.1597412870063906	0.8110478670955701	1.209680122749561	-0.2470325425000146	-4.894332076470865	0.8692596487001812	6.731557780134216	1.0
158000	-15.899592264537452	-8.736542951992346	-7.163049312545105	-9.036529809834672	0.2999868578423257	0.6602572543381794	0.13638549044685308	4.439555501081445	-9.808626546947412	2.593166323812633	95.27474394125365	1.0
159000	-12.803612942693338	-5.459488997681137	-7.344123945012202	-7.858141908382678	2.398652910701541	0.48735377404765123	0.6462726085647998	0.9747858130346888	-5.293271500034033	0.5938221742398622	24.550790778480433	1.0
160000	-14.570705404277621	-6.69443941994233	-7.8762659843352925	-7.865867453856778	1.1714280339144478	1.1737902042350064	0.6449889071146777	0.07894276086191493	-4.206324974481207	1.0976191028784814	2.7516439231228573	1.0
161000	-13.05659424030133	-5.507411197311679	-7.549183042989651	-8.17196221842838	2.6645510211167007	0.5988282730365823	0.8431888129135213	0.007993711136068837	-5.392009032302445	2.8755358065067647	15.016510954799129	1.0
162000	-12.534707297757308	-4.451828681810114	-8.082878615947195	-7.189052991185113	2.737224309374999	0.6586666117982212	0.7676740697428593	1.2951995597186006	-6.228902049870449	0.7586395946976543	7.993590741212164	1.0
163000	-13.549974566429063	-5.751367908895532	-7.79860665753353	-8.00661101253773	2.255243103642198	1.23785169339141	0.550765975453402	-0.14240686888033088	-5.460183980950366	1.1143898364994511	48.15025132055127	1.0
164000	-13.68983578386674	-5.790121827181485	-7.899713956685255	-6.977403032308523	1.1872812051270376	0.38165776206560437	1.0981400113949147	3.800668849109289	-6.660363072853857	1.2896371500796129	69.23131890640546	1.0
165000	-14.77262453584889	-8.342616433915747	-6.430008101933142	-7.804897954621085	-0.5377184792946625	0.8735276923539448	0.9926741927159191	-0.2766588157793325	-2.7982651445570927	0.8693289764766453	9.864599424765993	1.0
166000	-16.737405068211793	-7.826595399801748	-8.910809668410046	-8.254147138581288	0.42755173877954	1.3542164404831134	0.2612125070079275	-0.027034536726911584	-5.889406015748406	3.5671620542212663	16.670501109394138	1.0
167000	-15.237361516578076	-7.127023481711005	-8.110338034867071	-7.608714830995879	0.48169134928487445	0.5015134069316632	1.86679775500132	1.216156936003074	-5.002426895197782	0.6033878296738862	7.047073288419456	1.0
168000	-14.834983035905346	-6.585616537993878	-8.249366497911467	-9.088707724059038	2.50309118606516	1.286206336640348	1.0428234799583675	-1.9364525816652458	-5.298700474321192	0.6085278930224364	8.613491025900238	1.0
169000	-12.52076582965601	-5.21830994551286	-7.30245588414315	-7.769197315253571	2.5508873697407113	0.9084841517514678	0.9218145540041451	-0.24870260743167938	-5.165239821295068	1.200989938741822	10.218046456949766	1.0
170000	-16.181813996067014	-8.247838169179717	-7.9339758268872975	-8.112872907692775	-0.13496526148694166	0.6803406493485616	1.6539946765626516	-0.2435680180439843	-3.347625013197403	2.0593622889917036	6.236871885715917	1.0
171000	-16.48506625100344	-8.032759813150541	-8.452306437852899	-9.453839126915694	1.421079313765154	0.43972815010530053	0.22016267289126584	-0.29086194231649776	-8.572019878101704	0.8503620321452795	11.059627733515532	1.0
172000	-16.79692396140334	-6.245558512311763	-10.551365449091577	-8.159817667045822	1.9142591547340588	1.1271278092571484	1.243354841995469	-0.8689110730837896	-4.5446334106501425	0.8284276270638536	1.8609157121645254	1.0
173000	-13.504876542994934	-5.200495710564898	-8.304380832430036	-7.675509349378941	2.475013638814043	0.5076200512841561	1.0686248301282257	1.0865502147866546	-5.480596646753378	2.1891843029660296	5.3830431602527975	1.0
174000	-16.130812652329286	-8.941004878199116	-7.18980777413017	-9.002552737068687	0.06154785886957015	0.7147019599669612	1.4206953943383542	-1.248088848909559	-3.23829202171735	0.5066041486599556	10.132317532571578	1.0
175000	-13.86356296765581	-4.801701323453751	-9.061861644202057	-7.380517335935202	2.5788160124814503	0.9070353142464089	0.48197335678762426	1.2332548782960215	-6.420190208005052	0.27952309060770886	11.695620938490737	1.0
176000	-13.024629583498005	-6.372573294357756	-6.6520562891402495	-7.0214857616671225	0.6489124673093665	0.38349420171550225	0.14577211067294146	3.360202277266694	-8.694630876413669	1.7403462018387108	23.62373338992185	1.0
177000	-13.303773251435082	-5.788539789894563	-7.515233461540519	-7.887042389886041	2.0985025999914777	1.167578910231011	0.6308474798391451	-0.12800755095343136	-5.0064158642096315	0.8763637285845589	6.260556893206892	1.0
178000	-11.304721365303163	-4.333727260482562	-6.9709941048206	-6.994746702816584	2.6610194423340214	0.5613875973669481	0.5233168369566166	2.2684251751179483	-6.821555323255022	2.424662640575898	32.20299523221298	1.0
179000	-16.135004522641	-8.334662847273067	-7.8003416753679335	-9.656391879706574	1.321729032433506	1.6211373624400411	0.7354460954795833	0.7904637794108715	-4.127139040354473	1.1042663618598905	4.121069136388992	1.0
180000	-12.826486094338744	-4.5893546803438925	-8.237131413994852	-7.073133215177563	2.4837785348336707	0.5074769417710778	1.0079107719243723	2.1887426710416067	-5.119050321230457	1.0147200485885144	4.608410424519061	1.0
181000	-12.772594203614407	-5.56782478565808	-7.204769417956328	-7.4499150059901975	1.8820902203321177	0.6731209629475063	0.43894370010556727	0.6974539663963419	-5.639238827380833	1.0498434746114655	6.772046504223356	1.0
182000	-15.114083022809709	-6.219647078166922	-8.894435944642787	-8.065422130136165	1.8457750519692429	0.4220622120030212	0.9531279122630455	1.1965550821663893	-4.317846894041056	0.6976852245590015	2.1840445665713024	1.0
183000	-12.773785742436825	-6.22748638626321	-6.546299356173616	-8.24951687538499	2.0220304891217795	0.39360057828992034	0.3160687766549046	1.2299568645567125	-7.070291712072902	1.8746734111913546	11.95752045775625	1.0
184000	-14.504121760430252	-7.7480479211070055	-6.756073839323247	-7.11693734804728	-0.6311105730597255	0.34461418228163276	1.2125560735062164	3.4849092519055422	-2.764065553299359	0.9761977969801837	7.163929819292412	1.0
185000	-12.29101524058478	-5.14401890891701	-7.146996331667769	-7.263291850157528	2.119272941240518	0.7963507107955263	0.3196133986964938	1.907857255218169	-7.40133342382019	1.3355804405447154	23.758131515051172	1.0
186000	-13.778108505496157	-6.1145815372127394	-7.663526968283417	-8.638558703033905	2.523977165821165	0.8611368886466924	0.8619815058172349	3.216719074252485	-5.114696791372039	1.6246672041368084	29.002199602067567	1.0
187000	-14.043157809736819	-5.487605512588904	-8.555552297147916	-7.278552142116676	1.790946629527772	0.8167772173272393	1.1503280438336152	1.7727714189951735	-4.301497970816443	1.5676781365288925	3.2164879206433636	1.0
188000	-12.556663426826525	-5.316953388327272	-7.239710038499251	-7.052384561406995	1.7354311730797223	0.6545853998807097	1.2270543383958175	1.8730523917519226	-4.311955865202899	0.9414648982202485	7.189180041897536	1.0
189000	-14.61489787103091	-5.825494878987527	-8.789402992043383	-7.83128329420072	2.0057884152131926	0.3319359688966028	0.8295596923249482	2.343776640539934	-6.864758458239178	1.3400252235902441	6.372620251113217	1.0
190000	-13.89359828497848	-6.451103820782632	-7.44249446419585	-7.618345714813766	1.1672418940311342	0.8897645524671143	1.515361877530232	0.03718549338884153	-4.158107571908424	0.6518666405090904	7.001002664886382	1.0
191000	-11.81175594595788	-4.610512090202953	-7.201243855754929	-6.958965258402789	2.348453168199837	0.4108385355061119	0.4884650633031609	3.5011170717446474	-5.902188131265515	1.718891047192872	108.10544514842587	1.0
192000	-13.581577809270662	-4.602659828485708	-8.978917980784955	-7.019821059642435	2.4171612311567277	0.439163449245788	0.9746637910720255	2.821779225054999	-6.103002047247784	0.37068173296776885	9.490224306193358	1.0
193000	-15.49146514723001	-8.254611272395973	-7.236853874834035	-8.39276890817413	0.13815763577815687	1.4158066999549426	0.7476051915370439	-0.20144429336096353	-3.351682156891786	1.26423814032725	2.579767504249025	1.0
194000	-14.202212861986464	-6.204713059692136	-7.997499802294329	-7.084757430076129	0.8800443703839935	0.41143041191421204	1.657387600459049	2.8481582521813764	-5.421304725457001	1.3553918096574098	14.6840236463355	1.0
195000	-17.901217018302866	-10.9093208491889	-6.991896169113967	-7.296725676536424	-3.612595172652476	0.46814154660194984	1.6365266752872956	1.9302142592603204	-1.7763012628699562	0.7139599502053736	1.2485892588863028	1.0
196000	-17.2104065915288	-12.679617869058948	-4.5307887224698495	-7.916901734003755	-4.762716135055192	0.5544388502269058	1.3167770217079997	0.5170686043728209	-1.1390808630998708	1.0308575239256939	0.550040328919138	1.0
197000	-14.369600481869966	-4.616211079592073	-9.753389402277893	-7.167970454684745	2.551759375092672	0.5090400093219195	0.9538865987261648	3.7497358964161287	-5.1960239067096525	0.40744233184088624	5.332458521956557	1.0
198000	-13.671661012174436	-7.2322735103119475	-6.439387501862489	-8.14387255393904	0.9115990436270929	0.63437920142762	0.7070086586177137	-0.11025616519011061	-3.895430206366875	0.8119002290003878	5.3591830548427595	1.0
199000	-13.701393350123537	-6.181068375465189	-7.520324974658347	-8.34460843973564	2.1635400642704514	1.092311807035492	0.6081510520304825	1.8884780346147627	-5.142795253976804	0.7325974885209091	24.699198501395607	1.0
200000	-13.625755181085598	-5.395305047504384	-8.230450133581215	-7.058676471507076	1.6633714240026922	0.5380968403317604	0.5931868861628906	2.0787472963448295	-4.72871457852028	0.7429920235572868	3.638888467040343	1.0
201000	-17.104283160007462	-8.527833075467544	-8.576450084539918	-9.691176087787513	1.1633430123199693	0.4372623685046171	1.245722231280898	-0.47211737497077977	-3.831808854793875	0.3462477881531889	2.3405116363692104	1.0
202000	-14.093991616756721	-5.6958603684495195	-8.398131248307202	-7.184693960625339	1.4888335921758196	0.6980632074082519	0.49414676634379356	1.2426025340929976	-4.9699094563948	0.5769018271487713	3.824771762397732	1.0
203000	-14.2780262073222	-6.185104737804348	-8.092921469517853	-8.446187527760573	2.261082789956225	0.49974405792021664	1.1912599342898225	0.23836551218306157	-5.173347092200491	2.07654928110205	51.71146411832028	1.0
204000	-15.218153657056781	-7.307613560149838	-7.910540096906942	-8.111039417505449	0.8034258573556103	1.253944378841265	1.127576403549945	0.5763025584682996	-3.540843432437914	0.29746977744885783	4.445919161575791	1.0
205000	-18.03457796382559	-7.575508504018316	-10.459069459807273	-8.084329121356076	0.5088206173377596	0.37428329489471535	0.1338865738268485	1.5925571512475953	-9.181162887257866	0.6346774791007718	8.217712266060591	1.0
206000	-13.407807582178847	-5.883907674790703	-7.523899907388145	-7.058363665408044	1.174455990617341	0.6389491581507065	1.2696734633696016	2.501816116530582	-3.8563237224419655	1.0891314948206017	4.766944961915153	1.0
207000	-12.84002286976441	-4.910945636490664	-7.929077233273746	-7.558014335431915	2.6470686989412515	0.4721983022079756	0.8956459863864606	1.4771302310533556	-5.37582899330392	0.8243157526298225	5.363083117217758	1.0
208000	-14.094984775013707	-5.78756093351479	-8.307423841498917	-7.15745765967981	1.3698967261650203	0.6487439701863211	1.2202329212483514	1.4080526423890989	-3.97544035926222	0.6693138898515331	2.558313902664137	1.0
209000	-17.20539513334987	-12.933303075950835	-4.272092057399035	-7.556028870169245	-5.377274205781591	1.015570304118444	1.0357429141183616	0.6101114572029587	-0.7830386467931463	0.7252101729593446	0.5770802122153778	1.0
210000	-15.447344801254157	-8.50079772411986	-6.946547077134299	-10.653919440907869	2.153121716788009	0.22556291593424155	1.1700511491497636	1.1224193191664489	-4.773286106179816	0.75199387599236	11.229262457035396	1.0
211000	-13.750272634194264	-5.784784169094159	-7.965488465100106	-7.222533096427207	1.4377489273330477	0.2647708247236168	0.7636815462089446	4.517456068452436	-4.166441103877028	0.9185243740868054	130.02865553052357	1.0
212000	-17.385471008342897	-8.794022591397608	-8.59144841694529	-8.652553083082855	-0.1414695083147528	1.0777495079760242	2.003042065204874	2.2362861309529887	-5.1734087888625115	0.46019284285557116	13.190139547295038	1.0
213000	-15.321040067906427	-6.338968402877555	-8.982071665028872	-8.071589212279608	1.7326208094020537	1.2150503767535588	0.8043633632317813	-0.5397482522239334	-4.338003327611862	1.9099438676086575	87.5529482749634	1.0
214000	-17.43941813691663	-8.841347720076604	-8.598070416840025	-7.74239516712171	-1.0989525529548931	0.4819088302675269	1.1118700089641103	1.1577997623035858	-7.375519389692148	1.0534255758208784	9.497797480568488	1.0
215000	-15.601107379675561	-6.683298323808796	-8.917809055866766	-7.103324269956571	0.4200259461477742	0.6536443057101037	0.16566754895272878	1.5859428369696174	-9.717535704712454	0.6760834612401118	16.482805297239498	1.0
216000	-12.30174904056702	-4.877912428249891	-7.423836612317128	-7.027876114232505	2.1499636859826143	0.6396766748560426	1.2112617880422614	2.1099303699054706	-4.876285364993949	1.443979647186182	13.561403918307372	1.0
217000	-16.349305579024843	-8.804560428921528	-7.5447451501033145	-8.641229925636884	-0.16333050328464394	1.4177626187545067	0.6775785670688745	-1.207153052859048	-3.2942561353052557	0.9047973937289351	2.1700717462359473	1.0
218000	-13.821454303135333	-6.029877071382874	-7.791577231752459	-7.159491807848964	1.1296147364660905	0.3104327518884802	0.6708023793485607	3.8475709620135286	-4.1167543544393475	0.890451155751502	4.859456085623939	1.0
219000	-15.54239125948784	-8.687914268268495	-6.854476991219345	-9.363669678812233	0.6757554105437382	0.1973801011299984	1.183387866516515	2.746288188645434	-3.4738277258533197	0.8402114541701209	5.359716630457572	1.0
220000	-13.642315232952852	-6.862039644544801	-6.780275588408051	-7.782795196065029	0.9207555515202284	0.8390647334153479	0.7226389583452656	-0.19946418276048883	-3.8734727283426937	0.635632384647387	6.046767325893294	1.0
221000	-14.386394224350067	-5.318563192072771	-9.067831032277295	-7.074344569055382	1.7557813769826112	0.4496049928041046	1.0898148795700213	2.561598288661466	-6.368503163751344	1.6514529088855197	6.056815677633338	1.0
222000	-12.981614122269805	-4.946813256246882	-8.034800866022923	-7.18817055448773	2.241357298240848	0.7828618707635268	1.1773469402772505	1.469192145556026	-5.551126991506496	0.5064541024295379	12.545304554219541	1.0
223000	-12.660561341001065	-5.652458043602433	-7.008103297398632	-8.32790871862367	2.675450675021237	0.1667672832105862	0.9091885815276216	4.594763735592299	-5.525383356225764	1.7334352220875815	47.60508937523125	1.0
224000	-15.578690757811763	-6.728240499155317	-8.850450258656448	-8.06705844794964	1.3388179487943228	1.0641881292985242	1.2366793028356422	1.7119646674849092	-3.9614696689578146	1.2176433888409093	2.5338697054811825	1.0
225000	-12.306571882112785	-5.59238883312941	-6.714183048983374	-8.026620861532882	2.434232028403472	0.46704531707109936	0.6046921058845341	0.9073552623215363	-5.473095307326484	0.9295988851987345	14.982952272734106	1.0
226000	-15.201305229390403	-8.409580113899942	-6.79172511549046	-7.0844887656698	-1.3250913482301412	0.6905162877516265	1.3398483547768831	1.7417415990343543	-2.490056722094853	0.738283998448641	2.2826218546160217	1.0
227000	-18.97129422265465	-8.828854904437607	-10.142439318217042	-8.51727799190575	-0.3115769125318568	1.4692832966004925	1.2590468817281115	-0.3827770132965731	-2.942354605421779	0.4534243541063572	0.7651176970493876	1.0
228000	-14.920801036128235	-9.135274162814259	-5.7855268733139775	-10.98321493605521	1.8479407732409516	0.30347585116865977	0.3693937369189681	-0.23638608348044576	-6.13538693099539	2.5113547156097544	11.190469116571787	1.0
229000	-14.098100265787462	-6.872651344626312	-7.22544892116115	-7.563752291505096	0.6911009468787839	0.2647520889017371	0.9482273323844227	5.979193967901411	-3.4955257587205644	1.1204394684969747	16.537887294889714	1.0
230000	-18.803726879769144	-10.758182625509397	-8.045544254259745	-7.637398291786663	-3.120784333722734	0.3053852646957118	0.559237984721832	5.7666381065070995	-2.016463851973751	0.39940943589413114	30.284124400420126	1.0
231000	-11.913168801081296	-5.550532880013401	-6.362635921067895	-7.194768332488678	1.644235452475277	0.5833338159244654	0.37581114440397195	1.51680215056665	-5.851293674212557	1.6397411683975196	14.137169008519281	1.0
232000	-16.902822421564213	-7.704528279657202	-9.198294141907011	-8.967459459703198	1.262931180045996	1.5708582742182677	1.0680991526531831	-1.3579879261560617	-6.69350964770776	0.3072563195570676	31.38009654732185	1.0
233000	-13.70320851518986	-6.751759384509829	-6.9514491306800315	-8.84730734522461	2.0955479607147813	0.7703814829450175	0.8044378149732335	-1.2638242630866068	-4.656939372119792	1.5618576222434497	18.43019902000886	1.0
234000	-12.200350224478623	-4.690636678423467	-7.5097135460551545	-7.269631805667236	2.5789951272437692	0.24493936352689366	0.9826955190514148	5.408384179120891	-5.348048688558927	0.9445539569227505	22.574458429283982	1.0
235000	-15.65504090481702	-6.406027621874371	-9.249013282942649	-7.940447252888854	1.534419631014483	0.49221058990272387	1.5134813428136806	0.8433271119510126	-4.790885387868288	1.1123937153298042	2.686024114285339	1.0
236000	-12.588731479539351	-4.968645860611152	-7.6200856189282	-7.133543070938054	2.1648972103269024	0.32720273596784477	1.2397965704003027	4.816448455065154	-5.2990450601460335	1.4928944278076162	25.18309146522803	1.0
237000	-12.836197978383309	-5.620182681814537	-7.216015296568772	-7.913821617549376	2.2936389357348386	0.7196115252511198	0.37175417386455034	-0.12493207121041827	-6.900685122458682	0.9800776556386991	15.774564679861344	1.0
238000	-15.860303701772194	-10.943951457687405	-4.9163522440847895	-7.3854243779470945	-3.55852707974031	0.9122474442241181	0.604469177266082	0.8567062590927771	-1.7170341242145164	1.3850264158208951	1.5252670903011636	1.0
239000	-13.80675571030356	-7.813131303398011	-5.99362440690555	-8.05134018376285	0.23820888036483856	0.2734016410122496	0.49670438906017655	2.8216657986120883	-4.053807251334799	1.113345030158096	10.497239636903656	1.0
240000	-15.971909585847897	-8.22742706687263	-7.744482518975266	-8.290905401472846	0.06347833460021635	1.3729311366024826	0.5366729300038261	-0.2458586862217922	-3.793639698327553	0.5223921178498351	2.799983150093872	1.0
241000	-14.460915080699369	-6.144432708268816	-8.316482372430553	-7.159610523608314	1.0151778153394981	0.7099304485578212	0.1970432778527463	1.3280575723304373	-7.58652518891814	1.3901806033737376	7.7448400411299465	1.0
242000	-12.46980709423283	-5.41577675103243	-7.054030343200401	-8.185275943668124	2.7694991926356938	0.4017780780642591	0.6377054445643965	1.2294326858495492	-6.436800021513848	0.8976343710847161	22.045837392580694	1.0
243000	-12.585069568742439	-5.088523086918468	-7.49654648182397	-7.299635973993298	2.2111128870748296	0.34406189662098924	1.1488666021505902	3.040214563626287	-5.75490439133975	0.8670039788808412	26.817434507307237	1.0
244000	-16.444143500475143	-8.088752508482594	-8.355390991992548	-8.042248810153664	-0.0465036983289302	1.190338623687586	1.513172470318816	-0.5398876012547025	-3.2533852346312826	0.5674257584817888	1.6125038546278383	1.0
245000	-14.234197929232716	-6.785743240727258	-7.448454688505458	-7.472754869400114	0.687011628672856	0.8793041183119233	1.6163498751254366	0.3711402656113212	-3.8818853240599305	1.1220418652386182	8.91732331183763	1.0
246000	-17.47640555629762	-14.904757093188596	-2.571648463109023	-8.430588038685984	-6.474169054502611	1.4109089014307499	0.8536092352922668	0.11945444510189882	-0.35473337100708957	0.7236923758513069	0.11554349139775344	1.0
247000	-15.828953254687342	-10.298197296618419	-5.530755958068924	-7.318745750564035	-2.979451546054384	0.7795352119773094	1.2752968909442177	0.7807564821200732	-1.7661658309345085	0.8705084950643217	1.7108927484027159	1.0
248000	-13.87279105926432	-6.592987110494674	-7.279803948769647	-7.328759644303585	0.7357725338089116	0.7452629650792985	0.919130064185426	0.7837594243899231	-3.538280082274153	1.2909682322618412	2.1666789059103575	1.0
249000	-18.62766027656051	-4.922027504726208	-13.7056327718343	-7.058653180907501	2.1366256761812927	0.6557719333558805	0.942534179316878	1.8237203231093617	-6.480113516368009	1.7343168081603013	2.434543230407481	1.0
250000	-13.294752723968173	-5.188761591360035	-8.105991132608139	-7.439224969598674	2.2504633782386385	0.6522746712385372	1.1940785924950608	3.249477755689101	-5.377206291912796	0.9230576411249409	8.899741418503162	1.0
251000	-14.245660161805207	-5.908270807242706	-8.3373893545625	-8.137773893245733	2.2295030860030263	0.9577257056453673	0.8045763662756829	-0.8277824653072268	-6.769561133512552	2.0656051918079332	13.795050403098866	1.0
252000	-19.235680630884055	-11.026972288287178	-8.208708342596875	-7.002324045846375	-4.0246482424408025	0.6028602846578941	0.45431650829715425	2.208464014402102	-1.8843598402095725	0.20248496680402323	1.756322204202914	1.0
253000	-12.25175590635391	-5.023299003057052	-7.228456903296858	-7.5124450497704345	2.4891460467133824	0.3154006063602649	0.9911167592876758	3.0062265418265244	-5.1040911245929195	1.2318962244338436	45.12200877995025	1.0
254000	-13.805628798340656	-7.208899632432862	-6.596729165907794	-7.280938524885057	0.07203889245219486	0.6721958652591141	0.9994007007712647	1.0342191694627758	-3.1185898272158012	0.6437972227776233	3.4558719883124156	1.0
255000	-13.428810730890529	-7.268462890156921	-6.160347840733608	-7.228334704792887	-0.04012818536403362	0.7745161126814817	0.7412093334077825	1.0910774279954039	-3.2586601599301033	1.6000504006893832	8.571228720735299	1.0
256000	-14.3201202978487	-6.354750345889529	-7.96536995195917	-7.45096093755228	1.096210591662751	0.8733525474743997	1.1188512754204272	0.4271886449437122	-3.732680225397613	1.1554135745659366	2.089526894918043	1.0
257000	-13.62706942469827	-5.988174077181473	-7.638895347516798	-8.591153529938762	2.602979452757289	0.367843088630144	0.7547803451701574	1.110267247446217	-6.521340207777762	0.9313247043014239	75.42124861446189	1.0
258000	-16.63707740762345	-10.049605002327354	-6.587472405296095	-7.2199201330581015	-2.829684869269252	0.5632413978486551	0.6394896929219105	1.545719542953543	-1.9951826102215824	1.5529163316823766	0.7989240573453291	1.0
259000	-13.087310035677818	-6.488394674230851	-6.598915361446967	-7.108314416961893	0.6199197427310414	0.7181447038163268	0.5686710323661663	1.7325041431598422	-4.043407327603299	1.0841481167221818	5.0934234209824645	1.0
260000	-13.755738938809804	-6.833382821960447	-6.9223561168493575	-7.626605928997504	0.7932231070370577	0.7480518213298963	0.9093042792847383	0.20842789573554832	-3.5800136005720793	0.5883032394618726	12.713550157198199	1.0
261000	-13.800629332017682	-6.045662286607785	-7.754967045409897	-7.918715168441363	1.873052881833578	0.5566292734917652	1.3339765068334692	4.311672980647868	-4.699836144885123	1.0843048698217104	24.517099730361423	1.0
262000	-12.523354079468415	-5.417628851004135	-7.105725228464279	-7.310042179120824	1.8924133281166893	0.716064574184842	0.43828346265292534	2.6367563280862907	-5.654499642363197	1.5713046480887367	9.01508238730025	1.0
263000	-16.604395072944648	-7.470644359288501	-9.133750713656148	-9.828731901743394	2.358087542454893	1.8703225379562838	0.8014484918629059	-0.1713843168963951	-4.9396004160077265	0.25847263255947744	5.621770119812271	1.0
264000	-16.03890500386889	-9.163575299055557	-6.875329704813333	-8.38007459248022	-0.7835007065753374	1.0720526495978997	0.48601505577054266	2.021945249689447	-3.4727494821426337	1.480744822360422	3.6242823180153567	1.0
265000	-17.322782803143873	-14.675348267513488	-2.6474345356303854	-7.528839027353416	-7.146509240160071	0.9125251483460475	0.9056902884750022	0.24623808570469358	-0.13066914783232714	1.5912833510471458	0.27341564952643616	1.0
266000	-13.271075753003682	-6.689606849593593	-6.58146890341009	-7.264524034430204	0.5749171848366115	0.7764160021856659	0.5143118625436907	2.086071690002231	-4.205202838274747	2.1024018500837163	18.62792831368334	1.0
267000	-17.6794484869317	-8.211613765283793	-9.467834721647908	-8.392749981319685	0.1811362160358927	0.6252495060601575	0.7277860649014373	-0.3425076498208315	-3.406527438061179	0.3063343850172721	1.271602640138175	1.0
268000	-14.777854811122491	-5.882609869668655	-8.895244941453837	-8.345769218114844	2.4631593484461893	0.25341511552733187	0.9624142817592974	2.7775769197000795	-5.025359736609242	1.2365001205276192	3.4850538596260434	1.0
269000	-13.025773462821792	-5.56357869004543	-7.462194772776361	-8.073470000411312	2.509891310365882	0.12570843496737888	0.9241686166549392	6.774929442043627	-5.088872604627949	1.0424413741241512	46.81519999606997	1.0
270000	-15.653974549762253	-8.067720133072354	-7.586254416689898	-8.45648581220172	0.38876567912936544	0.5184036179753231	1.8564540919114596	0.11643144775598924	-4.140236479220832	0.5287486096125441	6.0448836689066585	1.0
271000	-12.787452174804173	-4.498051371926997	-8.289400802877177	-7.153271041163649	2.6552196692366516	0.6450593959392011	0.5113021716852307	2.7843854452475547	-6.812085024023767	0.6345504732322206	11.40710698565897	1.0
272000	-17.884792480321572	-10.661184658687247	-7.223607821634325	-8.832559462896699	-1.8286251957905488	0.8137207081485358	1.7347592225190438	-1.3524537252904505	-2.566432798812392	1.1452833851106994	2.1156003060911424	1.0
273000	-19.891584284497327	-15.617235469226976	-4.274348815270351	-8.200175428726078	-7.417060040500899	0.32363118070565217	0.21255562533712882	1.9924048924114872	-1.747908866297705	2.841328584947834	16.19388573617323	1.0
274000	-15.48445904161507	-7.559323192948936	-7.925135848666134	-9.878665814082659	2.319342621133723	1.7168455350833636	0.886554095272559	0.6005024903120887	-4.823255070480477	0.5702444901014756	13.67044064542961	1.0
275000	-12.548525536321534	-4.407933718205195	-8.14059181811634	-6.962515164820013	2.5545814466148187	0.408872965556969	0.8612016648457471	3.4633229922285476	-5.165744615199612	0.48679770005520334	9.914714297166881	1.0
276000	-11.726424941528759	-4.993315005862562	-6.733109935666197	-7.077715990925514	2.0844009850629517	0.6464976406356252	0.6276237240647711	2.5245181621074275	-5.001904114748647	1.304018688579561	18.305647171115236	1.0
277000	-16.81818259715481	-9.70420065334343	-7.113981943811382	-7.502914046914639	-2.2012866064287904	0.7700095350881913	1.3013877434598606	2.6203798280252157	-2.0915215488694017	1.0504627505304842	2.4340499741401684	1.0
278000	-12.841674946905574	-6.080968949023173	-6.7607059978824005	-7.304075481162216	1.2231065321390426	0.41451946266134304	0.9826367026775383	2.327024466192412	-3.8274934377033825	0.8380933951394728	15.957835237790501	1.0
279000	-14.596085883486513	-6.08663962823807	-8.509446255248443	-7.386862909180846	1.3002232809427756	0.8246334134348028	1.5763428317619401	0.5851670646496815	-5.220529007388403	0.8021281338039087	5.191991808933191	1.0
280000	-15.549264062882992	-5.613336593496308	-9.935927469386684	-6.996422086820025	1.3830854933237164	0.48540345022717424	1.2877032793113288	3.4694590702321246	-4.0397676534336675	0.6076144718328268	2.848532839695889	1.0
281000	-17.47351677739711	-16.483600706861974	-0.9899160705351333	-8.03971051045886	-8.443890196403114	0.6816555543125532	0.568153756569211	-0.16238915938682388	0.2687823117537317	1.1715196027229444	0.058625498589296485	1.0
282000	-18.483734338728546	-14.496555758333987	-3.987178580394559	-8.091320230279734	-6.405235528054253	0.8004094801083331	0.9400383927168079	-0.5451419873863232	-0.3941888529495475	1.820747031916244	0.0859421518759432	1.0
283000	-13.929620505475272	-5.856422464927512	-8.07319804054776	-7.2433450368848575	1.3869225719573457	0.35307954429220323	1.0808973177888503	3.053720380300691	-6.6029206362454405	0.5685871419461066	31.642685007351858	1.0
284000	-13.302480450789457	-6.260077569785471	-7.042402881003986	-8.81853711073762	2.558459540952148	0.29903550183462474	1.009331664467486	1.64154022535183	-5.603903029026469	1.0572077378798737	11.322484860698022	1.0
285000	-12.907829462674975	-4.456863514203708	-8.450965948471266	-6.96524710190965	2.508383587705942	0.49113698403008377	0.4443128272245022	2.723906980154275	-7.142836578677444	1.0773608210539545	284.7731916400589	1.0
286000	-13.259289215199589	-5.552742756774502	-7.706546458425087	-8.141369177771796	2.5886264209972945	1.1121017140658642	0.46369766430931914	1.5498295471041215	-6.792195682793172	1.3698606282833148	14.683463911084381	1.0
287000	-12.728606620416	-4.943664870900318	-7.784941749515682	-7.613416555683916	2.6697516847835976	0.22365892390961128	0.8688676904414988	4.349454159029652	-5.41636366732607	0.5815463725640516	18.173319412286663	1.0
288000	-15.784124355527755	-10.165716188953157	-5.618408166574599	-8.443310172001343	-1.7224060169518136	0.7167934648187334	0.5209460885119653	-0.7204216122884013	-2.8278324700901063	1.1476409115126907	2.445059719964118	1.0
289000	-14.52577043376072	-6.103910565749314	-8.421859868011405	-8.849143755898881	2.745233190149567	0.36980283512130746	0.6836497772350233	0.8391318397303404	-5.78991231576346	1.6905656093576678	3.784245382209634	1.0
290000	-13.139145288625613	-5.531812044607343	-7.607333244018269	-7.53835278733683	2.006540742729487	1.0064821029975228	0.36168878362461554	0.7178866165974436	-6.424344878292457	2.657306981887762	15.51757918451938	1.0
291000	-12.63481856422981	-5.730376452188458	-6.9044421120413535	-7.222545034237045	1.4921685820485875	0.4711048730854333	0.9709427314109431	2.054235484172299	-4.025730757980901	0.8463097799884867	5.8490643023647255	1.0
292000	-12.522343983497098	-4.597503115510596	-7.924840867986501	-7.374275022877561	2.7767719073669648	0.5342405050799882	0.7698703161923646	3.9028676977132704	-6.065035707325723	0.9781637669767007	87.28779999448884	1.0
293000	-12.72123757524951	-5.318681623133439	-7.402555952116072	-7.085535783799485	1.7668541606660462	0.33996555671488426	0.765428876666966	4.607781711909809	-4.419557692221368	1.5232314895611745	7.543717770119701	1.0
294000	-14.484713026113033	-7.887065616551083	-6.59764740956195	-7.503669840049149	-0.383395776501934	0.8390512992406456	0.5198695074492858	0.29801953152010596	-3.581315466943347	1.1285270688093445	2.550594155890813	1.0
295000	-13.5747621850271	-5.482822843916836	-8.091939341110264	-7.7998862504094735	2.317063406492638	0.5202795654324943	0.9406151687763002	0.8483796978247167	-4.805962141213503	1.4013517659705972	119.33291085288224	1.0
296000	-13.070205823909014	-6.33388970777514	-6.736316116133874	-7.987832678564713	1.653942970789573	0.37078104645508103	0.9746457406273753	1.7397260106724954	-4.150566637965172	1.5526879198017076	4.753118848134067	1.0
297000	-13.590137424887832	-5.833494603907991	-7.756642820979841	-7.097560792825741	1.2640661889177496	0.5723930889965911	1.2768877598900217	3.165233035349229	-3.931644890539253	0.5314609241218866	8.000415191164825	1.0
298000	-13.844014323685919	-6.5912970525567225	-7.252717271129196	-7.517563327751989	0.9262662751952666	0.8889168791693449	1.0361265121274794	0.2602816425442937	-3.6173586246353717	0.5013824816829059	3.78336533921275	1.0
299000	-13.951810542544063	-6.157981252125451	-7.7938292904186115	-7.661525855641238	1.5035446035157873	0.9078509851928342	0.4022366772356223	-0.053166249213433436	-8.292214011645923	2.4517914565768106	34.415522027105055	1.0
300000	-14.920856633489105	-8.287143553420298	-6.633713080068807	-7.639648571764072	-0.647494981656227	0.9511710056786805	0.6307677924467779	0.0023089338822834815	-3.1181068334876563	1.5134403073997968	1.8643248807315893	1.0
301000	-12.982160063894009	-5.747093888210059	-7.23506617568395	-8.41032277187596	2.6632288836659006	0.23811186497210596	0.8764935014102119	2.9562289299317133	-6.019190868190804	0.9443286655599387	38.07231200981	1.0
302000	-15.0770246755481	-8.376541478798824	-6.700483196749277	-8.037462652700926	-0.3390788260978992	1.0450794738986984	1.0504997222191328	1.7772463191860748	-2.8909057146629795	0.8307036301064459	5.889060884358761	1.0
303000	-16.59526685806626	-9.039159970598979	-7.5561068874672825	-8.382083127011448	-0.6570768435875305	0.4215659454607492	1.9775952583707477	0.8533913923968841	-3.4787060323528287	1.0049954596427082	2.8078001751161605	1.0
304000	-14.42990499810188	-6.923043199046038	-7.506861799055843	-7.2176899911115004	0.29464679206546185	0.4614370106128654	0.3113872070769237	2.1309792289947973	-5.248063485409179	0.5112524515142487	9.609637219571777	1.0
305000	-12.642156658842758	-4.521520676438684	-8.120635982404075	-7.228004322138546	2.706483645699862	0.6075222821768429	0.8810346602512518	3.205460268681747	-5.817998831348834	1.5617666500040313	7.943986788259238	1.0
306000	-15.403432666859192	-8.825724210506738	-6.577708456352455	-9.147709507922913	0.3219852974161741	0.41760297614618125	0.753010729876749	0.1466680771810358	-3.4517234174972016	1.2592070832275535	1.9514847012966885	1.0
307000	-16.32332670760139	-7.301961214404058	-9.021365493197331	-6.965760224552553	-0.3362009898515055	0.49947786057183247	2.1524607078195372	2.6770320201899613	-4.60542146232449	1.6645336046968369	8.781531871730154	1.0
308000	-13.789688731568107	-5.462415140056233	-8.327273591511874	-7.920918540114553	2.45850340005832	0.1385220397320461	0.8974807486139379	6.93746494772316	-5.004039741671285	0.7471329299160288	15.15506844702994	1.0
309000	-15.77825196859396	-5.385411328217405	-10.392840640376555	-8.104104017430455	2.71869268921305	0.5209442748729388	0.8113733160540876	0.47954639585999176	-6.1274015428579505	1.369967231281858	3.0200531779344666	1.0
310000	-13.272082159489653	-6.327213011167842	-6.944869148321811	-7.387495024401205	1.0602820132333632	0.8711379907907276	0.4218471163262048	0.6280844825637046	-5.007812602860201	1.8922383067244781	5.888710861304627	1.0
311000	-11.844097881748379	-4.933746537323241	-6.9103513444251385	-7.627797139014884	2.694050601691643	0.3757348493327645	0.8756270701214182	2.15971872327105	-5.511695981259685	1.0670104703710548	16.125268368081848	1.0
312000	-12.77106566763821	-5.800135613334418	-6.970930054303792	-7.798323967441455	1.9981883541070369	0.8579080842485306	0.8791586786484511	-0.24830640574401783	-4.49317324450738	0.9137393207602923	7.489612777276702	1.0
313000	-17.300850837300274	-11.084419468750552	-6.216431368549722	-8.76452264206143	-2.3198968266891224	0.986143390940304	0.840875953239123	-1.5540675026751545	-2.01516896736728	0.9707439763600787	1.5245688153875487	1.0
314000	-17.9536449844125	-11.695283074467152	-6.258361909945347	-11.14512397096411	-0.5501591035030424	0.19591298381893998	0.41518751015364946	1.2856034473725977	-3.940274766651497	0.9163733057502111	3.5515883503961034	1.0
315000	-14.823331883342608	-7.677476371022005	-7.145855512320602	-8.320113258521628	0.6426368874996236	1.1049487849782929	1.25929314735706	-1.1122129138098638	-3.484142534972484	0.9104006168342227	9.891643324584743	1.0
316000	-13.668663884188712	-5.631639753414911	-8.037024130773801	-7.773519696586105	2.141879943171194	0.9809701795103839	1.0280251148068786	1.7612587889803228	-6.239304809224991	1.0581539264403674	12.89921566346783	1.0
317000	-16.77456711909752	-9.343654532345653	-7.430912586751864	-8.86689637518807	-0.4767581571575832	0.8121397964366953	1.0367496229949917	-1.3807096457991102	-2.8215532039436235	1.291191226993543	1.4855862824607557	1.0
318000	-17.26585896197232	-8.169762258025372	-9.096096703946946	-9.8247836304779	1.6550213724525271	1.7871830807930449	1.442435889015977	0.2437087802375102	-4.672215620025866	0.565107513424852	3.652852277427385	1.0
319000	-12.805838276229494	-6.032425231591198	-6.773413044638296	-8.287095923572707	2.254670691981509	0.6145827223228931	0.5243702247591497	-0.18636183262860612	-5.5806076191894896	1.087823708695084	26.468257725723007	1.0
320000	-13.444020660332274	-5.177757869625022	-8.266262790707252	-7.39260580114955	2.2148479315245275	0.6710688190970792	0.3918681081336345	0.8077727984434282	-7.691788230890445	0.6166543576136805	13.636013029993334	1.0
321000	-13.157594844894861	-7.244691080752482	-5.91290376414238	-8.075206924144986	0.830515843392504	0.2569802040860221	0.6942431021650148	3.042500291945274	-3.86632937833408	1.8110771240803538	9.048479236864445	1.0
322000	-12.652189737236407	-4.753521065051663	-7.898668672184744	-7.416926226677458	2.6634051616257954	0.2845786579113999	0.9222533356162834	3.612016888355595	-5.760649299802403	0.5270808374326198	25.122726396301875	1.0
323000	-11.930847012109533	-4.471421937094711	-7.459425075014822	-6.955158160117949	2.4837362230232385	0.47343700388456467	1.0548511402024048	2.90830568735509	-5.590921556067898	0.8685739376609662	24.8902567009806	1.0
324000	-13.459617394599292	-5.531277160915583	-7.928340233683709	-7.719123358849541	2.1878461979339576	1.101943970276771	1.2256022353989953	0.3209668010851906	-5.350010405020971	0.7890205592085248	24.211795190052555	1.0
325000	-14.379482137079153	-6.271478731744001	-8.108003405335152	-7.506305129987526	1.2348263982435248	0.2272246216078507	0.6112030502805799	6.122773379313558	-4.34134121792647	0.6314090642264655	91.09716935605445	1.0
326000	-12.536488763442623	-5.200689905428502	-7.335798858014122	-7.155209918799401	1.9545200133708995	0.65184188466812	0.41609489382708775	1.4081909687825636	-5.877487882256861	1.160307177317368	6.995161641192439	1.0
327000	-14.719391745482714	-5.205931089110781	-9.513460656371933	-7.3175920935418315	2.111661004431051	0.863968221899803	1.2649823931274264	0.9559396188409754	-5.058451822831529	0.6095730754461152	3.117187075551228	1.0
328000	-12.914461232013181	-5.907277657374403	-7.00718357463878	-7.3491810007162925	1.44190334334189	0.22303221719515423	0.2687921718098416	5.173362749291178	-8.66493619758581	1.4359579129047013	26.85255644665203	1.0
329000	-15.025654441651513	-5.384420060517133	-9.64123438113438	-8.037846650805845	2.6534265902887118	0.7138845282665063	0.7686193042576064	-0.261904076749923	-5.415789941401333	0.36110229367028973	3.763980705130173	1.0
330000	-13.795454185077737	-6.041225437237014	-7.754228747840724	-7.746056372709288	1.7048309354722733	0.4430429622922673	0.9606621902790017	4.887913723173629	-4.19615664932929	1.5626078222697664	8.303310804073481	1.0
331000	-11.859599069206272	-5.001983709348408	-6.8576153598578635	-7.12639594170115	2.124412232352743	0.28652895608388973	0.5612685502668456	4.762398320799049	-5.270535887901918	1.0927388355625973	34.299016660335454	1.0
332000	-14.459124582143854	-6.415841247447239	-8.043283334696614	-6.94801873538115	0.532177487933911	0.44263635493266423	1.82084532084574	3.253456813822015	-4.213065367929719	0.5183098104545144	10.035620566958563	1.0
333000	-15.4803378861758	-6.09668509368353	-9.383652792492269	-8.391192026378622	2.294506932695092	0.2855004410136722	1.1264458476195467	2.257730861835621	-4.950273863342179	0.42907364797741937	3.7770379840699637	1.0
334000	-15.2669359305484	-6.369243410565492	-8.897692519982908	-7.015013377733193	0.6457699671677015	0.5200326906297755	0.43304372041412326	2.321723611065808	-4.632743877404564	2.900352068794369	2.4235318115486684	1.0
335000	-14.242023569087925	-7.181949371301089	-7.060074197786836	-8.043204740568367	0.861255369267278	1.201143725819448	0.6732863193055344	0.825700574958828	-3.92910479608139	0.7756532709926687	15.479377368325355	1.0
336000	-15.341608051203675	-6.987051505776593	-8.354556545427082	-7.9882257131497205	1.0011742073731273	0.5895693466346426	1.7032752710971124	0.261000772258721	-5.017062599597596	1.7024488927486	7.733458182229197	1.0
337000	-13.545532825451414	-6.7598720959670215	-6.785660729484393	-7.39525685417584	0.6353847582088186	0.8056664434436276	1.1438869297579632	0.5669178188495991	-3.4389790834606986	0.9207520912160844	3.502803402118463	1.0
338000	-14.857557390131976	-6.945364634190348	-7.9121927559416285	-7.688927241563814	0.743562607373466	0.31789197290096943	0.5609245911456364	5.725883699289352	-8.158692362429901	2.5037207681491633	17.416860281576938	1.0
339000	-15.97776507063055	-8.944870527807808	-7.032894542822741	-8.858657067721367	-0.08621346008644082	0.32799161862283865	1.5341321247229005	1.2602577870182627	-3.2498719579035407	0.8469674153988279	2.612455522300629	1.0
340000	-15.679715714466031	-5.019378017765574	-10.660337696700457	-7.531855628771093	2.5124776110055196	0.8277510448680602	0.6054282083390478	2.309369231300454	-6.997718080943351	1.9668151760513246	4.668548957360422	1.0
341000	-12.142214946989782	-4.641647447062767	-7.5005674999270155	-7.263708111001703	2.622060663938936	0.4177025215542221	0.4813211840793389	2.376846941695323	-6.780727491097092	0.7180249982923053	16.902956206561683	1.0
342000	-12.945206732382978	-4.9309991558765605	-8.014207576506418	-7.024476978424391	2.0934778225478308	0.48416724359065894	1.2177701793276676	2.483689742733848	-5.6489763799827415	1.5029945346553408	61.91221052916734	1.0
343000	-13.403044354986235	-5.095291033657798	-8.307753321328438	-7.287274044171404	2.1919830105136064	0.8253547735515177	0.40659172130336463	0.9378760859107567	-7.715399525460373	0.48754668208935736	24.392330184702924	1.0
344000	-13.820122865955092	-4.952089910045109	-8.868032955909984	-7.19457671763889	2.242486807593782	0.5382097206050153	0.5320825849144507	1.7200463572159308	-5.528968549469992	0.911556709215403	3.66868948158379	1.0
345000	-13.15233668762697	-5.374587622460247	-7.777749065166724	-7.32548966044016	1.9509020379799127	0.23322466721176957	1.2303102053394754	5.613546499586481	-4.572691469855051	2.0106892243341585	16.438042991541067	1.0
346000	-12.809116233911315	-4.897614382631595	-7.911501851279721	-7.073115389521279	2.175501006889684	0.6484460022781311	0.33321334949982767	2.4854387088874366	-7.270194236758262	1.0659097861771991	10.54403421248624	1.0
347000	-12.030867708427403	-4.989613448219334	-7.041254260208069	-7.086863025157394	2.0972495769380597	0.6964076327728115	1.0120747051678243	1.7678101552631387	-4.554545912793487	1.2481731928989834	15.72849476021003	1.0
348000	-12.888849700783165	-4.743419129716145	-8.14543057106702	-7.535874975408968	2.792455845692823	0.9632065691983539	0.6489202387855105	1.355288591336938	-6.145877922694163	0.9167856415520389	7.4984563925128205	1.0
349000	-18.12414910403505	-9.844755163616735	-8.279393940418316	-9.520125912728815	-0.32462925088792005	1.1756483616814524	1.4315355403015027	-2.324057277640044	-3.033301903103179	1.4910202201637925	3.454817407994747	1.0
350000	-17.28061784631838	-11.362183929936796	-5.918433916381584	-8.413037548374966	-2.9491463815618295	1.2316210916013877	1.04777041417824	1.2682388061135075	-1.7048839354346756	0.871539925416925	2.0517244070150005	1.0
351000	-16.447597626366466	-10.040669744486767	-6.406927881879699	-8.984424135013487	-1.0562456094732795	0.7669489921379556	1.2101806093482934	-1.379367866159125	-2.558739448002366	1.2540504120409768	2.7789941297836385	1.0
352000	-14.711294618233415	-6.386195221598669	-8.325099396634746	-7.8350433448213455	1.4488481232226764	0.3798001727021097	1.408836132223326	5.402340242396818	-5.714002446594363	0.7669935352643975	56.91672508767304	1.0
353000	-14.143240012869464	-5.649937022167073	-8.493302990702391	-8.311989030942353	2.66205200877528	0.9905289518764462	0.8384508537220007	2.3500990745617734	-5.385945792698275	1.5009402745618052	5.8363145904956735	1.0
354000	-12.17473456553665	-4.839627700696394	-7.335106864840254	-7.5593947811264535	2.719767080430059	0.7687365130737037	0.8192177494196914	2.709337554695848	-5.547106840744101	1.367143315754748	20.952028196601123	1.0
355000	-11.66999611362051	-4.968949717102293	-6.701046396518215	-7.630203200392749	2.661253483290456	0.22884185357368156	0.5520922725539507	4.206512903234589	-6.8366036816715505	1.5160292560803315	43.17216391729183	1.0
356000	-11.869755275011654	-4.79961316987707	-7.070142105134584	-7.593885474696585	2.7942723048195157	0.23652522372252557	0.6797591135119083	4.118266195908099	-6.016031202921587	0.9681275887635165	27.32218420900281	1.0
357000	-15.205513860470777	-9.022809869047988	-6.182703991422789	-8.12749496159	-0.8953149074579887	0.7638064287458	0.4083582464446656	-0.5042454056328545	-3.7671756426889487	2.336891657280665	3.544281996801512	1.0
358000	-14.916894668286831	-7.8967843599023	-7.020110308384531	-8.107002860642515	0.21021850074021486	0.7034436251169244	0.6118143686882338	-0.31180445782807764	-3.6602440582246873	0.93721415464988	2.238662231851918	1.0
359000	-14.71468782586285	-6.14989435801171	-8.564793467851139	-7.696373341243752	1.546478983232042	1.0333429942354329	1.5092783877260707	-0.018226836078800712	-5.067501076617332	1.1751489689573171	5.409507931413745	1.0
360000	-15.151757347003603	-7.283237836128425	-7.868519510875177	-8.973425216156636	1.6901873800282115	1.3806241351526551	1.02003566876325	-1.7452631498801987	-4.172780277025396	0.8189575602008325	4.953243875447463	1.0
361000	-14.268513922342308	-4.56306678545609	-9.70544713688622	-7.276686851823312	2.7136200663672225	0.8450034999814955	0.8317780289554738	1.3479845233316465	-6.061236314884651	0.9238344176042882	4.048510595588335	1.0
362000	-14.130223449770888	-6.6633263633779425	-7.466897086392946	-8.003373452515438	1.3400470891374958	1.1075633812275678	1.262288438640006	-0.6129483425697801	-3.9815146636550014	1.1557201859465926	5.505263783391558	1.0
363000	-14.119290075851989	-6.795291979140416	-7.323998096711574	-7.058939423957894	0.26364744481747815	0.5832612046755292	0.4195569731262458	1.9052959974485841	-4.4416793904643885	1.5051810035356903	3.2224282101128625	1.0
364000	-13.985307778233445	-4.785208635397939	-9.200099142835505	-7.481137646700901	2.6959290113029626	0.7702347056902364	0.5914058750809578	2.585552870564631	-5.998191615736028	0.8625856993740625	4.97523312077357	1.0
365000	-12.155957169006047	-4.95256475684376	-7.203392412162288	-7.558233735988868	2.6056689791451078	0.41779238622112097	0.9544267884636528	1.8837236207266541	-5.80831882015797	0.9366826055543285	15.095939919739354	1.0
366000	-14.639392688685067	-6.4859275435063255	-8.15346514517874	-7.8561595828246915	1.370232039318366	0.6324619959457863	0.30681582353920805	0.24158997820655004	-8.649407669569408	0.9047273178214604	14.412148507182241	1.0
367000	-13.408696122179236	-5.788233499456863	-7.620462622722373	-7.2835847958986335	1.4953512964417701	0.7736524730103702	1.465254970031999	2.164420347089275	-4.455687964899743	0.7092342330219152	11.901727237063058	1.0
368000	-13.605477053446506	-7.300198615157076	-6.305278438289431	-8.570925507805661	1.270726892648585	0.5561383770669704	0.4928188655628729	-0.20445044068069884	-4.799383760624336	1.5586423646982486	5.965639776438279	1.0
369000	-16.55396064255385	-8.100583081282835	-8.453377561271015	-7.6791275551377005	-0.4214555261451354	0.3535554016989754	0.6170842831469074	2.311704395211396	-3.2757962971484154	2.6969589091472925	1.4288452960529503	1.0
370000	-12.480706021605094	-5.177486323905307	-7.303219697699788	-7.275190103926886	2.097703780021579	0.7776427865306645	0.7202526999205284	0.9144848766445983	-4.790883237821941	1.1129705672899053	41.49931832269284	1.0
371000	-15.684887562611578	-7.66136413014555	-8.023523432466028	-8.73263868628938	1.0712745561438304	0.8203993241383974	0.7908450944061299	3.471088896319323	-3.87117049238813	0.6330555967600885	5.189872763264573	1.0
372000	-13.31281629819742	-6.961463310151919	-6.351352988045501	-7.280595921251756	0.31913261109983626	0.542552781721715	0.29034257028437743	1.520674523829903	-5.473064925339586	2.7032057952033566	6.999049922472909	1.0
373000	-14.894026504709277	-7.0341257657786365	-7.85990073893064	-7.194913105766975	0.16078733998833883	0.3900121952722772	1.205072442830164	2.770962706668495	-3.177101020156781	0.37453068209843543	20.73767175526297	1.0
374000	-15.497340579880923	-7.82066196447221	-7.676678615408712	-8.676722972959576	0.8560610084873654	0.21410221772727966	0.5486895420209263	7.382668459149676	-4.269719817856858	1.326372320949229	179.31395988566408	1.0
375000	-16.51585506554219	-11.105486122365482	-5.410368943176708	-7.9605824255564634	-3.1449036968090187	0.5781146720373628	0.8923473388186348	0.34740593505149	-1.6346053796673998	0.5102801926540051	0.8548743977123956	1.0
376000	-13.177547399411322	-5.959148093139673	-7.21839930627165	-7.103953085248537	1.144804992108864	0.6001787097630314	0.6897747266781499	1.6992787420297528	-4.087151516063354	0.6725411155564148	4.358987606426328	1.0
377000	-14.90630639435336	-9.01646545265698	-5.889840941696379	-6.998872636353127	-2.0175928163038526	0.5762472926364052	0.31363910796747324	2.2156384438622587	-3.7242793783863593	1.103670242116131	11.984927987780768	1.0
378000	-16.84932903791089	-15.185239599921477	-1.6640894379894142	-7.941300493240856	-7.243939106680621	0.5975994369685068	1.09325361808619	0.2812146225712243	-0.1869501874508469	1.3856483281541538	0.05755402394472281	1.0
379000	-11.389401158923764	-4.389752936323738	-6.999648222600025	-7.078941423272268	2.68918848694853	0.3069490777248788	0.5888986184843659	4.450949805066026	-5.992063199305631	1.5070724831055229	13.956425963185964	1.0
380000	-14.170520934651517	-4.625063867129845	-9.54545706752167	-7.400799869832986	2.775736002703141	0.9259047346953574	0.7830288209814948	1.0007619536610366	-5.7931030488322435	0.7647955829938924	3.8196899975249154	1.0
381000	-12.684914894877863	-5.578418962998685	-7.106495931879177	-7.009814082332513	1.4313951193338275	0.5273768876328889	1.2837824223844723	2.309459592605643	-4.078272502529958	1.422344276779467	10.556388707856945	1.0
382000	-14.797465649446359	-5.116893941689891	-9.680571707756469	-7.469718019430545	2.352824077740654	0.699744031585139	0.6202045231763913	3.0008262740193077	-5.316467365447977	0.7138471008802239	3.812348389509772	1.0
383000	-18.512765580206924	-7.01833398250613	-11.494431597700796	-9.277949738311412	2.2596157558052816	1.1206296235766482	1.1481598406534776	2.4948600547322566	-4.931145151837304	1.3317571170269988	2.413509163702453	1.0
384000	-13.865867905439009	-5.6051699430341735	-8.260697962404835	-6.977516123334	1.372346180299827	0.5070523923136507	0.6883347350038193	2.5642859554016586	-7.556047114543778	2.4615955733180304	11.058929747154586	1.0
385000	-16.77255145707814	-7.1729277718893405	-9.5996236851888	-9.750402641499587	2.5774748696102465	1.9311263767985578	0.47243442379847606	-0.9039197840396513	-6.999278452322375	0.7902113642568125	7.3236889866095405	1.0
386000	-13.95845256327606	-6.178499509924893	-7.779953053351167	-7.326473111396678	1.1479736014717847	0.8081995367722039	1.6143797224845167	0.7590940776864552	-4.399198703343683	1.319819340206735	9.610816058792231	1.0
387000	-11.639808171422048	-4.463926301488225	-7.175881869933823	-6.994463628386038	2.5305373268978126	0.5991058049645795	0.8321184093619923	2.365755401155454	-5.1414217263817665	1.0878884580193477	9.3342429072929	1.0
388000	-12.033836968873313	-4.777824565109991	-7.256012403763323	-7.395483119857004	2.6176585547470133	0.724789575471373	0.612406213197649	2.7332053700253525	-5.731925262590109	1.1538188199987878	12.06630632061056	1.0
389000	-14.099196080998343	-6.636508343502656	-7.462687737495687	-8.36925215342755	1.7327438099248935	0.794743328995954	0.4060867843632947	3.3513245381101884	-5.708312025354316	0.8270190345327001	12.968671174561837	1.0
390000	-13.889236362291193	-6.88783665396547	-7.001399708325724	-9.034878573299542	2.1470419193340717	0.35706134408441226	0.6568880508648437	0.7885875037769412	-7.20622716201663	1.219147309219153	19.187965884265527	1.0
391000	-12.314011264504476	-5.4005209338005224	-6.9134903307039535	-7.35815401056305	1.9576330767625274	0.70320720368578	0.39411248290746265	2.808780183251681	-6.053999582325626	1.565145709284886	40.76303612933753	1.0
392000	-13.953437122355304	-6.017402609309626	-7.936034513045679	-7.759078155020176	1.7416755457105504	1.0846624190920897	0.8960034610755836	0.9935362690583895	-4.2586268641287495	1.7629426002008253	4.108446095240203	1.0
393000	-14.082996304299709	-4.915509634150516	-9.167486670149191	-7.20502893234049	2.2895192981899735	0.5979022952676495	1.0120009423292693	1.4369039830708794	-4.787003708004454	1.773593200342481	2.6991696560675327	1.0
394000	-12.968632472824774	-4.536022649670967	-8.432609823153808	-7.1954945008784446	2.6594718512074778	0.6909090764705921	0.5316533196730039	2.5559282259930756	-6.838351992055983	0.4958559289299408	65.13477852684318	1.0
395000	-16.459009442745796	-7.794764259021197	-8.6642451837246	-7.3503373601671	-0.4444268988540969	0.6841900985409944	1.0275861162945534	0.854922000949733	-7.378347021802933	0.8390524387226492	10.12712810607612	1.0
396000	-13.394957829295274	-5.5990636613983975	-7.7958941678968765	-7.637953505004094	2.0388898436056966	1.0081626190134256	0.635900069926486	1.2850979434324774	-4.933729712673295	0.44989776330580855	9.460789642515131	1.0
397000	-17.787275655462118	-12.377588727451002	-5.409686928011116	-7.914793163428042	-4.462795564022959	1.1401937875664114	1.311047501261441	-0.3492127210430195	-1.2392492013463674	1.1790149931119918	0.46838231071807823	1.0
398000	-14.940307746488537	-5.81510449090764	-9.125203255580898	-7.901292685580384	2.0861881946727445	1.045862696797782	1.1356014893318391	-0.47707062060801375	-4.619930852700652	0.6314596561645133	2.6978116350195243	1.0
399000	-16.09193795037877	-8.136504748334282	-7.955433202044489	-8.98655748090517	0.8500527325708873	0.5673638439761235	1.7653238187514249	-0.6537083256736071	-4.887274353217014	0.8592987347115263	6.0474605451131245	1.0
400000	-15.392871798453166	-4.423471114187988	-10.969400684265178	-7.066087791875141	2.642616677687153	0.34649742551012813	0.7903985570745707	3.6480854616458434	-6.35954181772129	3.27753144397532	4.243008776509843	1.0
401000	-12.970211681406745	-5.111142065057151	-7.859069616349595	-7.532716966393128	2.421574901335977	0.7907493118395249	0.4889246397566479	0.28973720556378235	-6.014490087629263	0.6891199459743095	59.842686147056945	1.0
402000	-13.563267527453581	-6.2418051655075	-7.321462361946081	-7.209676061077282	0.9678708955697819	0.41008273674070694	0.575597072238399	4.477852385719085	-4.257703032800469	0.7790779349495839	9.947289290355458	1.0
403000	-14.030086459334818	-5.511706615768069	-8.518379843566748	-8.227843889926598	2.7161372741585295	1.1330223299893791	0.553687358648319	-0.9712001843895853	-6.324123105933647	2.7332072606978572	14.661325262707333	1.0
404000	-18.555159976071096	-10.695749651186812	-7.859410324884285	-9.690758765161803	-1.00499088602501	1.8227495680304904	0.7886370593085403	-0.113005194829776	-2.683862412854961	0.26671164312370016	1.657749559603092	1.0
405000	-11.522289902775814	-4.511076686373277	-7.011213216402537	-7.036624189086245	2.5255475027129677	0.487594542027653	0.5467384966634048	3.592107751028093	-5.85786138297777	1.8904047048859751	11.540443842285658	1.0
406000	-12.837605137554517	-5.400928182172518	-7.436676955381999	-7.154183928418938	1.7532557462464196	0.555884706697993	1.0961067055031095	3.409021409133878	-4.238570494681012	0.9483893498633786	31.884408374380055	1.0
407000	-13.834715379233614	-5.245274648245604	-8.58944073098801	-7.152042131229138	1.9067674829835335	0.4516821131980712	0.31031521520576333	2.345235801961293	-6.909209946288404	2.3022604576694934	5.333258886138986	1.0
408000	-16.844705766340958	-7.126326744864396	-9.718379021476563	-7.857006281679001	0.7306795368146055	1.1421598730857556	1.6193917498118995	0.7849151302176618	-5.663355854077265	0.6731704135375255	4.3462461817922335	1.0
409000	-14.900885521670428	-7.259094820150296	-7.641790701520131	-7.245818350322676	-0.013276469827620652	0.7460261490733345	0.3065128569659916	1.011707348094011	-5.067610585431889	0.8948908773837074	4.151097483202772	1.0
410000	-11.151102718468842	-4.431294462003946	-6.719808256464896	-6.995702695316708	2.5644082333127622	0.5315181377969286	0.6590004859942324	2.357825076113014	-5.487516433513905	1.4122654211865975	20.580375399419516	1.0
411000	-11.81324677268128	-5.694394614366214	-6.118852158315066	-7.658490489994528	1.9640958756283138	0.34540363181808015	0.5261538944638507	2.428568445397068	-5.254071555380015	1.6418586397989523	13.608637260439721	1.0
412000	-17.11391059819235	-10.65959524305111	-6.454315355141242	-9.75074082597182	-0.9088544170792896	1.0005991109376065	0.4384946032127742	-2.398597903388066	-3.6055918423459064	1.1509275288736918	8.681508453621314	1.0
413000	-15.247095154402158	-5.421045817061325	-9.826049337340834	-7.795227102653721	2.374181285592396	1.0294090820684598	1.1193831810848824	-0.2761716764498603	-5.5271688980999025	0.4891653376784496	3.6308162215519904	1.0
414000	-15.71734370390479	-14.787165926972692	-0.9301777769320978	-7.582387136163197	-7.204778790809495	0.8304396325868016	0.7865220127262877	0.14730856669817527	-0.09332758415740394	0.704835779542775	0.04610996660569328	1.0
415000	-17.87005118168772	-16.423516324908586	-1.4465348567791354	-9.399134039324434	-7.024382285584153	1.7209617905290884	0.6931768516858087	0.015095613815656828	-0.18075901664216526	0.8249919949814319	0.042737521934908825	1.0
416000	-17.3145101806382	-10.73956555900563	-6.57494462163257	-8.154590362991605	-2.5849751960140246	1.2212022767057082	0.9307983622227068	0.9270495138149684	-1.8627152615026479	1.5375166663253585	0.9071499911937239	1.0
417000	-13.227490462924258	-6.015348893106215	-7.212141569818044	-6.963486189150304	0.9481372960440888	0.4010700928544819	1.182511281584252	3.6572172191125008	-3.649384889006123	1.7059665992751054	24.36850766374095	1.0
418000	-13.612920260994919	-6.237213958751645	-7.375706302243273	-8.457236217681707	2.2200222589300624	0.8851977481873338	0.5656081760740623	2.9740325764874216	-5.357841573275734	1.1980957868144204	10.224941075229157	1.0
419000	-12.44285171133266	-4.833113426108783	-7.609738285223877	-7.183720162546056	2.3506067364372734	0.475195419506704	0.43210404400796404	2.109080667506941	-6.319709166567076	0.5760633111018727	16.611597735105406	1.0
420000	-14.01769739618164	-6.726809645792189	-7.290887750389452	-7.199894988472963	0.47308534268077373	0.7169907570716677	1.5860348609406547	1.1764766839492788	-3.667276089342821	0.6092857889755648	10.54154276998109	1.0
421000	-11.974201085684939	-5.0292962485140205	-6.944904837170919	-7.052394183527342	2.0230979350133214	0.34439202034959965	0.3700010342838486	4.456454834299021	-6.362994595041988	2.0930447657490117	11.341081649063222	1.0
422000	-14.421681278452429	-7.2018925548629	-7.219788723589529	-7.428535076407481	0.2266425215445813	0.9099439170544193	0.28784776813079893	1.4661013465139077	-5.427911923608112	1.0993646923549756	6.732862036181777	1.0
423000	-15.803344356760201	-5.789092680891839	-10.014251675868362	-7.164608383840971	1.3755157029491318	0.4321651759692172	0.9989405469409846	2.466552979547559	-6.800001416713419	0.41965055366094267	6.626527457482507	1.0
424000	-11.991857221193879	-4.940708098022535	-7.051149123171345	-7.547539390724044	2.606831292701509	0.7732822259820437	0.7893694782817438	0.2907436121899237	-5.304990135772558	1.614168092196533	14.882259750044627	1.0
425000	-14.674238466515558	-7.858504316409985	-6.8157341501055715	-7.239962361816261	-0.6185419545937243	0.5824363796359482	0.25774004865860334	1.4199295040938331	-5.143414999859798	2.186732619411265	4.42278649323799	1.0
426000	-15.242304165565487	-7.650133770241473	-7.592170395324015	-8.277724993052647	0.6275912228111746	1.3048291964004968	1.4958932596024463	0.6047568729297088	-3.667289867567084	0.4743987836441548	7.317330665689542	1.0
427000	-15.494413859837943	-5.091867394182691	-10.402546465655252	-7.603274208168262	2.5114068139855714	0.9397798075937143	0.6151114424768954	0.08013192034729627	-6.977965836450898	1.7276448537618483	4.4427980528945294	1.0
428000	-12.498269863701998	-5.025576767405553	-7.472693096296444	-7.262769496452316	2.237192729046763	0.8360095986156024	0.3807749426573922	1.230835675960165	-6.619900673018262	3.0529831896086983	29.423336207393326	1.0
429000	-15.432674889520902	-6.782969322519275	-8.649705567001627	-7.0668633366577565	0.2838940141384816	0.5828727393816021	1.390177430875085	3.0012188865661553	-3.3459536798651803	0.9829765940587084	2.6023668728487417	1.0
430000	-15.690294118739402	-8.401824599866792	-7.28846951887261	-8.620731271947937	0.21890667208114412	1.0490080082582363	0.5775488143010045	2.34022759208085	-3.7599318130459976	2.216638461613677	5.900419142162338	1.0
431000	-12.727296546518135	-5.417485929658056	-7.309810616860078	-7.144496889351698	1.7270109596936418	0.7239723790467916	0.3589102911822539	1.415293993673215	-6.089408488591529	1.5260748879439336	7.300373974899442	1.0
432000	-16.73119451220169	-8.261584250871254	-8.469610261330438	-9.341515572957125	1.079931322085871	1.0884907045799481	0.46739032862060964	-2.147680376827483	-4.773298140368503	1.780026645713612	3.693356053340853	1.0
433000	-13.732863483852134	-7.2410935925909214	-6.491769891261212	-7.968996704804988	0.7279031122140669	0.3733410251288471	1.1390618908013277	1.7376650938914349	-3.495279143672318	1.4209331905036737	4.433654776998004	1.0
434000	-14.601702154845695	-5.999517958928195	-8.6021841959175	-7.118841062970114	1.1193231040419196	0.60041681630504	0.7943679780874026	1.6529123875317533	-3.8990940336996767	2.6127681735826602	2.0817608683564313	1.0
435000	-15.768292409114643	-9.011107827872832	-6.757184581241811	-6.955806938895538	-2.0553008889772943	0.5306855883229954	1.2000796086512215	2.7599342641823212	-2.110495051783602	1.8610835510655215	3.6946220587710177	1.0
436000	-13.820742476470539	-6.663024241926585	-7.157718234543953	-7.565641036291654	0.9026167943650698	0.33216575450087144	1.4805015840815818	2.716036811105479	-3.8578668418038937	0.7829653914147308	11.785787217928323	1.0
437000	-12.172209419718262	-4.623959117689248	-7.548250302029015	-7.120555172493619	2.496596054804371	0.49955579483227847	0.8151579542634949	3.7191132973185117	-5.104785152281294	1.7362331576496355	8.230670344030651	1.0
438000	-13.156028086992508	-5.903854786199675	-7.252173300792833	-8.525723518882536	2.621868732682861	0.5177934040747518	0.6936692047310067	0.04996103447191169	-5.492638881146788	0.8950996449288748	6.956436893439156	1.0
439000	-12.890575972309819	-5.608175485240811	-7.2824004870690064	-8.249411263794547	2.641235778553736	0.42152136788077504	0.913962677621098	0.9952359749141054	-5.909925277869234	0.9300092659951428	34.20367576750246	1.0
440000	-13.228753074043563	-4.577151745604424	-8.651601328439138	-7.04134389378825	2.464192148183826	0.5171092085578037	0.507405159625229	3.4017867398859174	-7.239685601882281	0.5763827925926045	131.31738999953774	1.0
441000	-13.385113363602219	-4.297553758433383	-9.087559605168835	-6.960957038054741	2.663403279621358	0.524938334312568	0.9219538746497271	2.955021725485458	-5.763371586369641	0.4253819364135903	7.06230934142113	1.0
442000	-13.295041170849114	-6.322169334793034	-6.972871836056081	-7.53186628036295	1.2096969455699158	0.9816925197404563	0.4123686489247436	1.1522307061941222	-5.187359952355525	1.3800181638317273	7.886133576864811	1.0
443000	-13.93353123395144	-5.908775571209544	-8.024755662741896	-8.663283886627395	2.7545083154178513	1.4874803791028208	0.6151291955389087	0.12840628067444015	-6.079504421089038	0.6366653085777352	14.720977486747715	1.0
444000	-13.399830709734307	-5.899474941884077	-7.50035576785023	-8.022320340438789	2.1228453985547118	0.13312325480874282	0.95706621684188	6.442515973230391	-4.580983980986156	0.9001979724777456	24.794300943457202	1.0
445000	-18.520451856006652	-9.580471931659986	-8.939979924346668	-8.990713700858413	-0.5897582308015741	1.5688217919930476	0.8318455408248709	0.24607012671507109	-2.856567697015007	0.9528082449590348	107.75940777615014	1.0
446000	-12.359591531255838	-4.430441530878649	-7.92915000037719	-7.078699603745215	2.6482580728665663	0.5704307392599854	0.7957858811252378	1.8803703065369046	-6.333660999414107	1.2221017259427542	7.930746177914683	1.0
447000	-15.773550949149072	-7.590771693272107	-8.182779255876966	-9.300002342955032	1.709230649682925	1.2917764891543275	0.5337670090951637	1.8229226946789083	-4.984266957375092	1.1509175830486147	76.83709092928684	1.0
448000	-17.266734088537056	-12.075194639595592	-5.191539448941465	-7.332938874470202	-4.74225576512539	0.8758682640481779	0.658339986386535	0.9366422470328145	-1.1168063033705944	0.45808333000745255	1.3654867077383945	1.0
449000	-13.567267543047539	-7.065158579324029	-6.5021089637235105	-7.058747228386917	-0.006411350937111759	0.5666575537467725	0.5176117557448096	3.096942254094711	-3.8180235685850663	1.660286831058312	5.612814138356838	1.0
450000	-14.449002476291742	-6.91906978537612	-7.529932690915623	-7.270603818629398	0.35153403325327837	0.7366189308964721	0.6180260576273737	0.9446184800560871	-3.731468853601835	0.825234396954505	2.168750808218845	1.0
451000	-13.068843321256367	-6.202466859708393	-6.866376461547974	-8.164285795820536	1.9618189361121434	0.5566114726531883	1.1062735930831094	0.21852857939021222	-4.447633896097276	0.8741031062381122	11.611185677863554	1.0
452000	-13.978885179736656	-6.18843551706271	-7.790449662673946	-7.357341853594112	1.1689063365314016	0.7302177273806842	1.6482260577180634	0.7408884788147014	-4.63470922157944	0.5264100582353023	13.395280562772884	1.0
453000	-18.68534960481044	-17.420448432243774	-1.264901172566666	-9.18368990535597	-8.236758526887801	0.4371510106660445	0.9622628427945616	-0.03642806085261996	0.20159532730194532	2.5426213651532317	0.07985545725104094	1.0
454000	-14.597559627242305	-6.894890087164688	-7.7026695400776175	-8.461074054569547	1.566183967404859	1.4215785458060106	1.0530571234072508	-0.7398316861687204	-4.07188985054554	0.5310472342959645	15.204555740409624	1.0
455000	-15.460292918383958	-7.359817915931414	-8.100475002452544	-7.907261182122951	0.5474432661915367	0.8913824260626932	1.1059725508216809	2.446487365914211	-3.380686248898185	0.5320953005187156	41.62853676910081	1.0
456000	-16.17138109144212	-8.079284218860353	-8.092096872581767	-9.342628325098762	1.2633441062384083	0.5498013813046947	1.6156750964353568	-0.8771989115988599	-5.0102253699707	0.8962848032038606	5.352579245980158	1.0
457000	-18.76342375470813	-9.816137232979175	-8.947286521728955	-8.769055988229974	-1.0470812447492008	1.2680300273553773	1.0676450941481528	-1.604125466430832	-7.450932179542593	1.1675386328839248	14.288234724238475	1.0
458000	-12.652138867186139	-5.8330851949214235	-6.819053672264715	-7.350952772100872	1.517867577179448	0.6672611049783763	1.049164335954525	0.8992475114882117	-4.033614424650132	0.8204972779121235	11.143554154452978	1.0
459000	-15.752297238588863	-6.055791033320318	-9.696506205268545	-8.410924708934616	2.3551336756142973	1.410415912322966	0.4080013933983198	0.04136641823680565	-7.455512086820169	2.3155881912902356	8.823797743780204	1.0
460000	-12.423215776326526	-5.152982524429811	-7.270233251896713	-7.3179104168525155	2.1649278924227042	0.4400519651868183	0.7206463390666872	4.443700482935024	-4.8564275153964225	0.8171251457341023	23.79629806620956	1.0
461000	-12.296525100318632	-5.636357581507804	-6.660167518810828	-7.31857135157394	1.6822137700661361	0.6468069803239754	0.8722717076329503	1.0250284984640077	-4.228239790012909	1.765739740661969	12.196197411027708	1.0
462000	-14.845457555385767	-7.785319562723799	-7.060137992661968	-8.772744589320155	0.9874250265963553	0.6164564199855846	1.2801409994920485	-0.6810707540096858	-3.7261960312408453	0.6729888931729121	14.06658274618481	1.0
463000	-14.110893809034973	-7.012137590151371	-7.098756218883603	-7.387072939029061	0.3749353488776892	0.8466973254198914	0.9215050313453362	1.8795269837208823	-3.320913817401445	0.728973595684564	3.478319279821589	1.0
464000	-16.954643911246613	-8.502469745747096	-8.45217416549952	-8.787936925599622	0.28546717985252634	1.4452420676105242	1.2828944673091267	0.6401754182435261	-3.280015011355731	0.20030792379712192	9.796263572162877	1.0
465000	-11.897804700553463	-5.1616145147038734	-6.73619018584959	-7.111079191954702	1.9494646772508286	0.3693786594619211	0.3265894129380059	3.1995113821383576	-6.751933320407859	2.337302663568643	10.762268653120781	1.0
466000	-14.05271232741	-6.585953256430143	-7.4667590709798555	-8.555610118650048	1.9696568622199049	0.4817396722999046	0.9267414000123249	0.24182159259966474	-6.642525414981022	1.3992956307949027	11.94150577541203	1.0
467000	-16.099619639886217	-6.758326176745193	-9.341293463141024	-8.201390138164541	1.4430639614193481	1.26506153320176	1.2483533663615864	0.7219174649110216	-6.166727580532691	0.36571675412377214	74.79225855608638	1.0
468000	-15.215250515372666	-5.294939756220202	-9.920310759152464	-7.854097447342463	2.5591576911222607	0.768557359244203	0.8308133187105046	3.0523437764834793	-5.188190992645753	1.8837587810682241	3.5798693879383596	1.0
469000	-14.550430641526034	-4.526328052671482	-10.024102588854552	-7.295339582657756	2.7690115299862743	0.7306638882064549	0.6076269122968976	2.506789783605204	-6.214280388340304	1.7281043593820455	4.027422757312187	1.0
470000	-13.280340538596796	-4.818039893318713	-8.462300645278082	-7.396059923691296	2.578020030372583	0.9148196550080467	0.8662933696792823	0.7841136254712398	-5.206482798106877	0.3275620911478077	8.0356662307192	1.0
471000	-15.23013674892055	-7.442280888712037	-7.787855860208515	-8.677872442751198	1.2355915540391615	1.4746377258609584	1.1235192168263513	-1.096311023548544	-3.8317639113637427	0.6841596201055121	3.841602562989242	1.0
472000	-17.794400134061355	-9.903955246038747	-7.890444888022607	-7.818916415660166	-2.085038830378581	0.8401431208996336	2.4763495983787633	-0.2551856359606731	-3.4782537881227067	0.4441805018887463	3.6751986242650214	1.0
473000	-13.037924238982143	-5.4873148221183286	-7.550609416863814	-7.197394121928945	1.7100792998106167	0.7519353969643988	1.2237584355926039	2.0601707349354177	-4.282543900655276	1.4099646258472058	6.455267703180573	1.0
474000	-12.406548572713199	-4.901421493286956	-7.5051270794262415	-7.505702939219077	2.604281445932121	0.9860896368922256	0.9728551214057134	0.6636917098618181	-5.4338590095577795	0.9828580822421695	15.383814293384477	1.0
475000	-12.787497739350098	-6.1649306006265565	-6.62256713872354	-7.009018333387459	0.8440877327609031	0.6010011969070703	0.5380174809739666	2.132561766542417	-4.299593063057834	0.8278318322372914	9.488449393271994	1.0
476000	-15.234694802891205	-7.383800388227772	-7.850894414663434	-8.878625543698806	1.4948251554710348	1.5090758123720087	0.6598856435470717	0.4171822532343644	-4.4088218012990135	0.87919547723746	3.9704853422293525	1.0
477000	-12.923729749635273	-6.071250425068047	-6.852479324567226	-7.644533762399072	1.5732833373310253	0.20661240257451194	0.5648536149143671	4.685568592044093	-7.790291621475138	2.1418162767723503	24.48918865059626	1.0
478000	-12.716643943368494	-4.271890825503217	-8.444753117865277	-7.030173633826692	2.758282808323475	0.4888833937164209	0.7957517441019829	3.563733554051201	-6.046073820310393	1.1398249444892992	7.171035241359237	1.0
479000	-12.280439212513796	-4.95360887777605	-7.326830334737746	-7.367008831063885	2.4133999532878345	0.24335369281814997	1.0452544990825754	4.496247277393239	-5.843279491922541	1.1907708813063327	25.873500851945664	1.0
480000	-16.05918543294104	-8.630957620445923	-7.428227812495116	-8.923836812944248	0.29287919249832584	1.4338673125606358	1.0743416883584669	0.8754407901484882	-3.231624552412394	0.7680513921784264	2.54569379675875	1.0
481000	-12.848243309087362	-5.728267050731163	-7.119976258356199	-6.993395983004181	1.2651289322730177	0.426892509896337	1.1111234139535016	3.8305154113610786	-3.850488905149329	0.9067630633870398	14.283092510927192	1.0
482000	-13.29821267633612	-5.08949902648879	-8.208713649847331	-7.441483424310459	2.351984397821669	0.788915729961056	0.6805390421307728	2.401395333959379	-5.146113262205838	0.9612792377172789	4.901430360486143	1.0
483000	-18.198285979775427	-8.602820793562811	-9.595465186212618	-9.537332698218265	0.9345119046554533	0.7236753665669214	1.1449174871325203	-1.725105096906998	-6.668547554764704	0.594140459612782	6.299918375327894	1.0
484000	-13.395692388352835	-5.155681885024179	-8.240010503328657	-7.225115049004257	2.0694331639800785	0.5882524013252552	0.33527554062961573	1.4285182328046107	-6.864608300284947	0.5281434382520465	10.955679001657561	1.0
485000	-12.969349530592769	-4.535985830834916	-8.433363699757853	-7.031348863342632	2.4953630325077167	0.44304614473564013	0.8871759240585679	3.8703531648003375	-5.062167484278862	0.3526074647778721	26.312715679730633	1.0
486000	-13.890585217518062	-6.190500606236695	-7.700084611281367	-7.892888350122398	1.7023877438857031	0.5154337347122083	0.7614318855898977	4.543435672237369	-7.211162023040339	2.0272072076833667	24.209683986838158	1.0
487000	-13.734746312233558	-6.051715680101166	-7.683030632132392	-7.038128487530207	0.9864128074290406	0.3999908685929613	0.9457689360603739	3.11029023586986	-7.0918209117079565	0.8776896226612388	32.16500824871641	1.0
488000	-14.255737164027483	-7.229605605292163	-7.02613155873532	-7.859871604174261	0.6302659988820976	0.8105953745643215	1.2248818032584832	-0.2652410230796103	-3.4605510079171555	0.606393656867869	11.195906037465507	1.0
489000	-11.920646415120927	-4.577303728346738	-7.343342686774189	-7.226379364978021	2.6490756366312826	0.8104675904206853	0.8948332773167139	1.4602782300287007	-5.380902234874603	0.8756524367184095	16.81557768076865	1.0
490000	-15.556423270182036	-7.12787761446017	-8.428545655721866	-6.96377046869779	-0.1641071457623795	0.48293300766806446	2.0953874872738054	3.3226261774680355	-4.700520810374909	0.5706435708005448	9.472548771830066	1.0
491000	-14.47441730130309	-4.968204030370755	-9.506213270932335	-7.005107827528889	2.0369037971581343	0.6074628381667572	0.4081451553502123	2.1936462343981993	-6.039429726823586	0.89316522724848	668.0493669392698	1.0
492000	-15.731790025665626	-11.278502816470512	-4.453287209195114	-7.919039521896854	-3.3594632945736578	0.5791723970278494	0.6161413293758423	0.3927313646551307	-1.7880601377160124	1.3398152513867791	1.1448091596920265	1.0
493000	-13.562887739016686	-5.616624186162289	-7.946263552854397	-7.53702255399333	1.9203983678310403	1.0051714048376383	0.5484671055947126	0.7756433735158794	-5.117234916396762	1.137373790334088	84.8524416952262	1.0
494000	-15.811980833404279	-6.643239444984248	-9.168741388420031	-8.927352761723515	2.2841133167392673	1.0040593666666373	1.1800974924577539	-1.7255295186052373	-5.210088522051426	2.006185169555513	5.848146557920263	1.0
495000	-13.722548388286535	-4.76918155207577	-8.953366836210765	-7.364894377021776	2.5957128249460064	0.8337994627868069	0.47972211311150253	0.6535818083667997	-6.512024356316971	0.9498788005977173	5.20386374481444	1.0
496000	-20.4851210668664	-12.001103923109074	-8.484017143757328	-11.013997415034332	-0.9871065080747421	0.6388930202123462	2.347228160572155	-2.5156708443948426	-4.363010637148649	0.8134875548264487	6.6324837017653255	1.0
497000	-14.395985333321788	-6.033480561849705	-8.362504771472082	-8.596411187051846	2.5629306252021404	1.500627503923529	1.0061119515509112	-0.3527822383509173	-5.608412249652554	0.8563446256358549	7.88176851652031	1.0
498000	-15.331640999170638	-9.799167177996448	-5.53247382117419	-7.708803870408356	-2.0903633075880936	0.7023806491313126	1.1181873441046783	0.20206350344978735	-2.0738788193142867	0.8646045433883401	1.5879243489629786	1.0
499000	-12.481696280627101	-6.19403408583139	-6.287662194795711	-6.948663168862597	0.7546290830312063	0.4987312800662741	0.6415217610017173	3.046222993084203	-3.930603692283107	1.819436447067197	17.7054864373098	1.0
500000	-15.01494626557377	-8.345315933983578	-6.669630331590191	-8.51181774892706	0.16650181494348182	0.43752427303020014	0.5774598423495778	0.5959640719550764	-3.7277975869276525	3.295132359028673	40.249502431686885	1.0
501000	-14.682174695361281	-5.49979517741191	-9.182379517949371	-7.050375153442543	1.5505799760306331	0.6184335199152212	1.4842382068958202	1.863782201096296	-4.630989052321341	0.7397248196976995	3.0641090423444557	1.0
502000	-13.39939539822269	-6.098453915998544	-7.300941482224147	-8.837952006724862	2.7394980907263182	0.2463216308877745	0.746795361664819	7.1621438995938576	-5.648514664374474	2.1778252431656	72.41307398770185	1.0
503000	-17.295033434173977	-13.784930091928652	-3.510103342245326	-8.036322866886886	-5.748607225041766	0.7261421547683031	0.4879269337561064	-0.29566865351576227	-0.9789866597286858	0.9848827586430305	0.8352688917213413	1.0
504000	-12.89433593973877	-4.4521422409164	-8.44219369882237	-7.149195713331966	2.6970534724155657	0.7458461510491827	0.8600305892415068	1.843075302515532	-5.4976142909178	1.7671315412046424	116.91591055773964	1.0
505000	-13.6226086169049	-5.635199369125497	-7.987409247779403	-7.901460934988973	2.2662615658634753	1.1389844741103199	1.1677766023908913	-0.3149697254828081	-5.542735682698701	0.888166221169395	9.655748406419214	1.0
506000	-14.547199024338383	-5.2807498691646195	-9.266449155173763	-7.206730526620319	1.9259806574556997	0.6060647681507774	1.0871106843290876	3.1749653421170327	-4.399878866232346	2.1977631744454036	181.47983018238935	1.0
507000	-12.382749400185023	-4.833667419222422	-7.549081980962601	-7.283026212936133	2.449358793713711	0.4796377934534546	0.5338687839527707	4.132271618209635	-7.216711364909111	1.1132461802688405	18.278281815247098	1.0
508000	-13.063053258512465	-4.9702486750137655	-8.0928045834987	-7.202737407291357	2.2324887322775915	0.7910622762476798	1.20751929323238	1.5964979828216497	-5.294660947288652	1.9093363368384655	16.963071699767045	1.0
509000	-14.629970474521766	-6.573596097692209	-8.056374376829556	-8.787301787385193	2.2137056896929836	0.8174482270932936	0.3417045508640073	-1.3182411518714932	-7.241004108628504	0.5386873186107696	38.84500119705922	1.0
510000	-14.134827966744686	-5.899293228144192	-8.235534738600494	-7.6081168416855505	1.7088236135413588	0.24773952376643632	0.48310635137404073	6.157981808179396	-7.941227531760899	1.6878746000841272	14.188837816827201	1.0
511000	-18.1283341564274	-9.963043505301805	-8.165290651125595	-6.987199719608824	-2.9758437856929802	0.3790108998782331	1.8767136206365558	3.6466199123666367	-2.2304101033111676	1.9486724805373221	6.694296744191356	1.0
512000	-12.187885561654543	-4.9831396737884415	-7.204745887866102	-6.9580308713929915	1.97489119760455	0.4709605549757588	0.7155898672738578	3.364683975117912	-4.685161266348766	2.0773812411123354	6.796305838645449	1.0
513000	-14.37541204165629	-7.346682671967777	-7.028729369688513	-7.728956681617353	0.38227400964957603	0.45127324430758736	1.2923036524925795	1.386796584339261	-3.3419073439607327	0.8492855975696131	2.767168814544912	1.0
514000	-14.91279477768147	-6.246877263988001	-8.665917513693469	-8.881109953154795	2.6342326891667938	0.7843206960780678	0.8418776869995425	3.7334206413242153	-6.212079063921196	1.0448380175462983	155.70649875473825	1.0
515000	-11.303981453874918	-4.574655922485574	-6.729325531389343	-7.0376469887368165	2.4629910662512424	0.38606206251698494	0.8208651671950943	3.2607905578169682	-5.0523662504576885	1.7169383512794238	16.304129285879487	1.0
516000	-14.871914503292583	-7.5936791426281385	-7.278235360664445	-9.271505406914237	1.6778262642860984	0.4843230701699825	1.3321775148083346	-0.43951634709757903	-4.395221538842573	1.4361524171919289	5.026662572628612	1.0
517000	-14.714629206589112	-7.021304922752481	-7.693324283836631	-7.599785069289082	0.5784801465366005	0.369369756934915	0.3685733980100539	2.262684444794872	-4.991195806669518	1.943006426743599	3.294526053888732	1.0
518000	-13.538675108677687	-5.397643221137426	-8.14103188754026	-7.80805354079021	2.410410319652784	0.5932548263463883	0.9403595824508791	3.9994336622302322	-4.932911118785387	0.695885561415953	8.509742884635532	1.0
519000	-12.78900894610263	-5.204295182690582	-7.584713763412049	-7.354931247046899	2.150636064356317	0.8949675471227138	0.8492968205851219	0.9565708487676274	-4.66427902116669	1.1859865924115787	4.511033722491546	1.0
520000	-15.908530720218963	-10.408008586579442	-5.500522133639521	-7.505064647466397	-2.9029439391130456	0.3407848443045129	0.8490652082902055	2.7115311743912436	-1.7537640269303907	2.021431271660951	4.4382759343363825	1.0
521000	-15.304917681316049	-7.03522256271478	-8.269695118601268	-7.811864992034571	0.7766424293197911	0.3463761906888699	0.4994675564645943	5.626705180921431	-4.404231732244861	2.491252343300524	5.815651102723427	1.0
522000	-12.756922238240067	-5.331124613358966	-7.425797624881101	-7.215514620335888	1.884390006976922	0.69350450614364	0.5136459464437375	1.1546841887446109	-5.2328552394705214	1.596270287404491	4.714099784998642	1.0
523000	-17.750114004550067	-6.638630435544348	-11.111483569005719	-8.194403162017203	1.5557727264728545	0.8293497602927997	1.4927637849201116	-0.7257411788288874	-5.1985880464114915	1.2821766675163877	2.3135068268591823	1.0
524000	-16.27374630197211	-10.185371664467706	-6.088374637504403	-8.634366884844132	-1.5510047796235726	0.43072431572067804	1.4936249711314629	0.5254465302780795	-2.485691400880824	1.2247592832159162	2.025733744365523	1.0
525000	-11.82703006519293	-4.475984838193537	-7.3510452269993936	-7.013596637814187	2.5376117996206498	0.3672483107599571	0.9970948002879373	4.194994899402794	-5.785768317721654	1.768515228257679	24.76412038094337	1.0
526000	-12.045258467078067	-4.6946484065227025	-7.350610060555366	-6.984582491870449	2.2899340853477463	0.48879045520206427	1.1681149475639738	2.6238137862695408	-5.111259097590456	1.0500444288433068	11.690670031711342	1.0
527000	-12.040800951085902	-4.982107106803232	-7.05869384428267	-7.055159904102674	2.073052797299442	0.32118223784445854	0.8352357294009393	4.415853144758243	-4.601189846406648	1.2007487147488483	40.0713284198036	1.0
528000	-14.97551555022309	-9.645461717006171	-5.33005383321692	-7.158745728543022	-2.4867159884631493	0.6513163045948587	0.6601392673640334	1.3985997359460036	-2.1240242653730546	1.2920857696451546	1.9995398000551678	1.0
529000	-15.96584435989103	-9.331102518659204	-6.634741841231826	-7.731529197280357	-1.5995733213788483	0.6114245754400011	1.7821284238850792	0.4901584696555198	-2.716439743234324	0.6271118017283915	3.070348968218154	1.0
530000	-14.224039223220831	-7.913974273983792	-6.310064949237039	-7.7660213483606055	-0.14795292562318618	0.7724079609536558	1.0993832571726228	-0.05622305201484701	-2.990167916190073	0.7873056689377019	3.645647057759546	1.0
531000	-23.688652553920356	-12.814044706494085	-10.87460784742627	-8.239134897039554	-4.574909809454532	1.124989676684423	0.34186886995971794	-0.9924604039841078	-2.133804734476764	1.3871742535526368	0.31415224054159846	1.0
532000	-20.490440593850103	-12.780241957532802	-7.710198636317301	-8.009886387240568	-4.7703555702922324	1.242772992219038	1.8369254735715894	0.23533199461487786	-1.5562352514378373	1.931706748689545	0.9941133433863483	1.0
533000	-12.420467803329345	-4.591029002686489	-7.829438800642855	-7.2381359834330645	2.6471069807465755	0.8094594130363921	0.9409468160330995	1.6296385832745934	-5.521766360315305	0.7762321483438209	8.191789003084208	1.0
534000	-17.45983974467844	-7.474085937042092	-9.985753807636348	-8.632729434711997	1.1586434976699058	0.8238319766108514	0.5498568591636681	-1.1829770460673847	-4.481946330795079	0.2408626146062292	2.702202555870414	1.0
535000	-13.14205685879327	-6.729548075368337	-6.412508783424933	-9.353143779179668	2.623595703811331	0.2007372984487987	0.8182730174987908	2.6880131293554816	-5.311202430236366	1.560888666224298	17.54467805405016	1.0
536000	-14.958938317635258	-5.887010989318416	-9.071927328316843	-7.862682686882517	1.9756716975641009	0.8369985195222363	0.9526759250992428	-0.31391020686683424	-4.4357454613296685	1.249229831955863	2.103820549647218	1.0
537000	-12.809491827782095	-4.818260320161832	-7.991231507620263	-7.167956476064825	2.3496961559029934	0.2696765349856378	0.4080640482509515	4.851142306377726	-7.467069953130586	2.4245666362439477	493.2719403151273	1.0
538000	-14.719341816657503	-6.616743371847997	-8.102598444809505	-7.5467836308845175	0.9300402590365202	0.675209748751649	1.0471080723014556	3.2480487783381573	-6.886309579992496	0.8275152538782888	46.255672553033364	1.0
539000	-15.215155602275324	-8.433376238459495	-6.781779363815829	-8.136950823844973	-0.29642541461452065	0.8661066703414734	0.7411150091434837	-0.7204399349463291	-3.115467523519973	1.073681968658106	1.8694572159159606	1.0
540000	-13.871793712409008	-6.183529942140215	-7.688263770268794	-8.108252008954594	1.924722066814379	0.7268603547487721	1.315195738849202	-0.3831513044817623	-4.740625922342102	1.6626344686669496	15.584035492293586	1.0
541000	-13.540710399764393	-5.118038447809764	-8.42267195195463	-7.73606819922676	2.618029751416996	1.1123777792939642	0.9413893421616688	0.4240639443483544	-5.8402888692513795	2.0116770428601587	19.74875385347458	1.0
542000	-12.497108476767782	-5.025223802957024	-7.4718846738107585	-7.6094077927523935	2.5841839897953696	0.866821695419842	0.627950680652477	0.0654876533349551	-5.616386064185174	0.7560538490946237	9.064151960420713	1.0
543000	-12.59369300292833	-4.9208430170421185	-7.672849985886211	-7.11754930907736	2.196706292035241	0.2895225753502173	1.1979823752801477	4.692614949828139	-5.5408689250572944	1.7738758386957973	18.501234509217078	1.0
544000	-16.854210324427566	-12.328050933003286	-4.52615939142428	-7.5388147373209025	-4.789236195682383	0.7733723601378747	0.6254878159375801	0.3062058187250691	-1.137522612880533	1.9946231526704434	0.26687076828296635	1.0
545000	-13.22830712979589	-6.280910271189173	-6.947396858606717	-7.0063873226246995	0.7254770514355262	0.5928952340229189	0.6432026624251956	2.647006026383477	-3.907533531981694	0.9057165631709767	30.93417714361178	1.0
546000	-16.19269048130449	-5.714884366229879	-10.477806115074609	-8.194546759632074	2.4796623934021946	1.1267947763693862	0.42043275254547247	1.540618915057873	-6.861258035890329	1.1788043096738734	4.3584455540663125	1.0
547000	-14.705933029246875	-5.384009365741246	-9.321923663505629	-7.9788623002576955	2.5948529345164495	1.1446670644640704	0.8615331702768622	1.088553437119832	-6.216121464400139	2.338832728855687	65.983329862868	1.0
548000	-12.392148104713325	-4.875354453238771	-7.516793651474554	-7.181733977846287	2.3063795246075163	0.7478390939510026	1.1155369533276562	2.0306010050546375	-4.94867625673053	1.2953397262389414	24.508892889067226	1.0
549000	-14.036225168707755	-6.782595238425621	-7.253629930282135	-7.728958567598336	0.9463633291727147	0.9699304617706844	1.2801561632644645	-0.18177772643086865	-3.6972841046572418	1.0449505162848043	3.7335821032795384	1.0
550000	-13.038744562818945	-5.334967998018579	-7.703776564800365	-7.355476293615622	2.0205082955970433	0.4587500370806416	0.2992199829172495	4.369804102244236	-7.576272089759736	1.0864971929980214	15.50146181497707	1.0
551000	-16.420413799879466	-13.29815717946613	-3.122256620413334	-7.580584400773328	-5.7175727786928014	0.7884018197852629	0.8316355492367926	0.20695622245534298	-0.6313438102001239	1.6609651653095128	0.3755585780307748	1.0
552000	-13.924988093591242	-5.690666722230414	-8.234321371360828	-7.471583799397038	1.7809170771666238	0.6240501252262971	1.2614322824873045	0.8257602493305437	-4.40465065813719	1.056926496691804	2.9152985266044764	1.0
553000	-11.882807877573763	-4.494026040727998	-7.388781836845765	-7.14086649420345	2.646840453475452	0.7383737014575732	0.9422224698458357	1.8831943882961357	-5.678069961212592	1.3389710278933178	17.93973185342905	1.0
554000	-13.52131526715236	-5.918561698250757	-7.602753568901603	-7.737924257353448	1.8193625591026912	0.9661470396327267	0.6522584148010342	-0.20137501461873297	-4.690821045727175	0.6582035273126126	4.806487119729614	1.0
555000	-12.376205224462112	-5.524112296823837	-6.852092927638274	-7.311652819558411	1.7875405227345733	0.5306647085361424	0.6406257271498985	3.8404673860256797	-4.694007964333817	1.5274054338540508	10.95972239558225	1.0
556000	-13.312899222349971	-4.438513683377021	-8.87438553897295	-7.049777923978208	2.6112642406011872	0.49173014653746905	0.47623164303699284	3.6017690718906903	-6.68010164955857	0.9444530866286797	376.74795655640276	1.0
557000	-13.62066227872198	-5.38168779222186	-8.238974486500119	-7.625439569618339	2.2437517773964792	1.0443598026699634	1.0431065128958064	0.8524794784770137	-4.7439903622210915	1.0399469007668014	3.962081768796106	1.0
558000	-15.908687770320853	-8.177822658546347	-7.730865111774505	-7.747035778452698	-0.43078688009364896	0.5355945895067911	2.110475129629415	0.8314637791229037	-3.9809412715146437	0.46681419948767183	6.766716728238147	1.0
559000	-14.870476650273648	-6.368859152996524	-8.501617497277124	-7.718393835248001	1.3495346822514769	1.1030140424549904	1.180893992461261	0.38180791705728234	-3.937174599275097	0.3803187059330529	2.7424186168562104	1.0
560000	-14.090786707313079	-6.60755012317986	-7.483236584133218	-8.203962769438757	1.596412646258897	0.9967404133972103	0.8745022751002336	2.216352969457895	-4.159137071335435	1.8071047906578535	8.480555498507103	1.0
561000	-13.481564563403925	-5.0593913616827075	-8.422173201721218	-7.189372993125085	2.1299816314423774	0.7320371294665535	0.905117473350172	1.212593048806946	-4.605208128953183	0.7184232106019824	3.150488426174092	1.0
562000	-14.090125920485152	-6.4196596478709305	-7.670466272614221	-7.585139160320647	1.1654795124497168	0.355026545044825	1.0282758874732192	2.4316466394224867	-3.7776679915475935	1.1160945024794717	2.9432000729123082	1.0
563000	-16.726846133571343	-9.586309830623817	-7.1405363029475275	-7.63473022566594	-1.9515796049578764	1.0334814872409335	1.957938432283128	1.0380693844392166	-2.7464430180211314	0.5490116026739976	4.359152395912633	1.0
564000	-13.40269626384114	-5.72778138009847	-7.674914883742669	-8.225346328108987	2.497564948010517	0.27721528207568613	0.8687991570719887	6.499663148247878	-6.3337956502027675	2.5143970089233347	63.50078578025773	1.0
565000	-11.666852497672629	-4.534412948541962	-7.132439549130666	-7.100061908345791	2.565648959803829	0.6289665097121637	0.8330181265197293	2.753163118624446	-5.197609823725838	1.733961687033579	15.086736033457573	1.0
566000	-11.867451373565782	-4.645811036725603	-7.22164033684018	-7.327298653156003	2.6814876164304	0.5680425848302488	0.5883800033759977	3.622419731891733	-5.974115507486971	1.051015956827699	17.03924037222549	1.0
567000	-11.93469684453354	-4.637702351397358	-7.296994493136182	-7.028612611296683	2.390910259899325	0.39046774954358765	0.4871541099120192	3.248707753947791	-5.975643696848542	0.8841534992899583	55.85758783170345	1.0
568000	-13.440474602609179	-5.3966854010623315	-8.043789201546847	-7.284974861562165	1.8882894604998333	0.34021166082576937	0.27766425735787914	3.116114592114923	-7.903039801846289	1.194122476895806	10.35190528064383	1.0
569000	-19.85104368284559	-14.994325896862735	-4.856717785982854	-8.605198888315607	-6.389127008547128	1.2868152149379914	0.6889519171727854	1.2225511617913098	-0.42478399851991977	0.6632848348709717	0.5967447295372874	1.0
570000	-16.189097050133974	-10.251293001254203	-5.937804048879773	-7.341158950345778	-2.910134050908424	0.5640043872929639	0.6085518691889971	1.3031581692279095	-2.0123648038021535	0.5428753627593026	1.652048312080673	1.0
571000	-19.27436792591893	-15.677045217815701	-3.5973227081032304	-8.012602885217643	-7.664442332598059	1.1990925564810246	1.0596998960567041	-0.42915411673914905	-0.034222296869559465	0.5392004264376132	0.39521899028070673	1.0
572000	-11.89946981849143	-4.666272987601013	-7.2331968308904155	-7.353656642695132	2.687383655094119	0.24426289246195712	0.8990337839123166	5.720045267570906	-5.554466043658271	1.3781279439929968	33.9655042478832	1.0
573000	-14.646760769564493	-5.850277968006727	-8.796482801557765	-7.475879446952575	1.625601478945848	0.4664492679549366	1.4069549562938661	4.46453016684727	-5.528072404860196	0.36839665823576223	34.311051157817495	1.0
574000	-12.882726146065536	-5.544435896903288	-7.33829024916225	-7.889085812117195	2.3446499152139078	0.7773168747516382	0.6684916700499698	-0.23810064749803525	-5.1674754009137	1.2506262525284388	47.31027062897227	1.0
575000	-14.098027243440947	-6.464952018419607	-7.63307522502134	-7.6059009053785935	1.1409488869589866	0.38587595171662015	0.39503530714259	5.149021316937568	-5.2452884480512285	0.8479351215141532	11.400148235206531	1.0
576000	-12.09779719483901	-5.114133888562225	-6.983663306276784	-7.638783243066747	2.524649354504522	0.5512894726361066	0.6190972783355607	4.09448229508027	-5.551586486035911	2.0418893827183977	20.176204084335428	1.0
577000	-16.729140255628515	-10.865501438947806	-5.863638816680707	-8.418936194473519	-2.4465652444742885	1.4098983842944277	1.0151660995634786	0.08402102181051468	-1.9122860464532239	0.9825444309831298	1.9657828682021967	1.0
578000	-14.635660178709355	-5.839061938271185	-8.79659824043817	-6.999030929043005	1.1599689907718194	0.4045724241406109	0.6533245756098753	3.2317941453887107	-7.739173945774663	0.6283048962878218	12.328801257378828	1.0
579000	-18.56203518459543	-6.957826804398019	-11.60420838019741	-7.891708273058308	0.9338814686602888	0.9433683217989492	0.6866653972402367	-0.46775463499221703	-3.949630642013723	0.18086478416566837	1.3805471025358012	1.0
580000	-16.172793053327652	-8.904738513227421	-7.268054540100232	-7.57479256311692	-1.3299459501105009	0.7810692036768848	1.7965900919635645	0.22928611582837954	-2.8594719525781382	0.5030798110253096	10.7803063263429	1.0
581000	-13.225615600721877	-4.956227364366603	-8.269388236355274	-7.211444658947711	2.255217294581108	0.766565913254491	1.1220569929415969	1.154606816312085	-4.860239542193344	2.493769888622926	10.041939229378984	1.0
582000	-15.520394470612537	-5.656204984270297	-9.864189486342239	-7.8694247096498895	2.2132197253795924	1.1792048224981333	1.0192837953604212	0.2344109141576698	-4.690892065089262	0.5380052654291184	260.17288105579854	1.0
583000	-12.744368405946545	-6.0077955227047966	-6.736572883241749	-7.343419774668173	1.3356242519633765	0.7158652187566276	0.5979068479222911	0.7981104736349702	-4.455061082097429	0.7457604727780085	9.221324346328204	1.0
584000	-13.803960624266313	-4.645331849144414	-9.1586287751219	-7.327758005504159	2.682426156359745	0.8738773996433097	0.9091018686784693	0.9641230325527279	-5.582490760492561	0.8708854997243703	3.8801664737957138	1.0
585000	-14.901232219624202	-7.604555589523992	-7.296676630100211	-8.555859073249312	0.9513034837253205	0.9770726938204313	0.6171046838274112	2.6176896248551094	-4.1245106510956955	0.6625204574386485	7.869563421717363	1.0
586000	-13.287891299422844	-7.243917176853225	-6.043974122569619	-7.267012504075875	0.02309532722264951	0.6615567343157364	0.4598654881260589	1.0932369517681697	-4.076279153989874	2.275281507757586	5.742142691939364	1.0
587000	-13.466174995957253	-5.759066241948001	-7.707108754009253	-7.934455992921135	2.1753897509731344	0.23283183810096572	0.33531579580296034	3.6423694843868715	-7.578557342179519	1.0744862916269664	12.178084999460335	1.0
588000	-14.13508151698552	-5.665465390009205	-8.469616126976316	-7.046189238927573	1.3807238489183682	0.5316279913216051	1.5125529132142834	3.3133914781132736	-4.422605887594455	0.6588269257592466	5.596711950278922	1.0
589000	-13.897886738878091	-5.185397265211794	-8.712489473666297	-7.225278047773673	2.039880782561879	0.3489516824284199	0.47743433461740875	4.902176547786871	-5.577535682040753	0.327470404330276	39.10525506645744	1.0
590000	-17.439887974319397	-9.651226530810916	-7.788661443508481	-11.277753545786018	1.6265270149751014	0.6172623690624442	1.458108204270109	-2.6100660920888807	-4.682285024019777	0.7187873502321369	8.926094753727977	1.0
591000	-16.141351168594497	-7.982080525476372	-8.159270643118123	-8.385933072976854	0.40385254750048283	0.36205179906345736	1.7463007200539438	1.378339736032506	-3.873791277045828	0.27607501299140985	10.94318832165063	1.0
592000	-13.978893908950905	-6.494743283283598	-7.484150625667307	-7.796669281311798	1.3019259980282003	0.8979306445661432	0.7798045110084587	2.277998973845335	-4.044957353061436	1.6904090169422972	4.629017724221751	1.0
593000	-13.141022694753318	-5.837743971506752	-7.303278723246566	-7.850507308045064	2.0127633365383115	0.9896650950320224	0.4395704341800047	-0.4083184153797494	-5.7798520071794135	1.2652912411197916	8.391951996022517	1.0
594000	-12.833888381232502	-5.5826775791683065	-7.251210802064196	-7.460584052258012	1.8779064730897055	0.3151303121615683	0.906550292315684	3.097369917088932	-6.7520302713992955	1.9612698469451824	38.108840953524535	1.0
595000	-13.702950165851371	-7.001001203696002	-6.701948962155369	-7.6437274433429	0.6427262396468985	0.9421003820701332	0.7449031767233523	-0.012388874594366772	-3.658835936153042	1.1578683304493025	3.360622073595996	1.0
596000	-12.85316990261094	-4.6927282372213135	-8.160441665389627	-7.382376117642496	2.689647880421182	0.23818425005337618	0.8749182849619374	4.571661265134511	-5.943241288675846	0.500309935835653	21.16008028850981	1.0
597000	-17.042146241587993	-11.854314383064082	-5.18783185852391	-8.977282353963176	-2.8770320291009073	0.5324405606163436	0.46192382215727235	-0.4633309514653072	-2.429558498413701	0.8534452566922505	2.169479943980633	1.0
598000	-12.955608996974917	-5.320443504256536	-7.6351654927183805	-7.300477052560543	1.9800335483040068	0.8111480994673539	0.5428452398440364	0.8511774318130089	-5.19798494057606	0.6506698005814169	41.30242826167895	1.0
599000	-14.185977286289445	-6.420007805664611	-7.765969480624834	-8.511482927236433	2.0914751215718215	1.455143930613573	0.3914112572527911	-0.6700461426313371	-6.257204720901841	0.8190808342015278	25.64610676494677	1.0
600000	-18.1341361914682	-9.013809502517185	-9.120326688951014	-9.739940654624998	0.7261311521078131	1.4766411509411355	1.8136127004170473	1.4198288999695745	-4.711729548547297	0.5783133152938652	4.276699283506521	1.0
601000	-12.826925779461904	-5.167035860558769	-7.659889918903135	-7.743404742935118	2.5763688823763484	0.15666784007324655	0.9736386239770501	6.495020872940859	-5.796997126617896	1.8798093791392163	18.61700147086931	1.0
602000	-12.408222409568378	-6.130156100219512	-6.278066309348866	-7.2828818793153935	1.1527257790958814	0.2647586916474163	0.1913991849196997	5.474257993101161	-8.854137643665233	2.853015785289612	119.2372007912063	1.0
603000	-14.398402199302692	-7.445687124679511	-6.952715074623182	-7.376636128964167	-0.06905099571534379	0.47137439569994555	0.7707246730387063	1.7669675888730068	-3.2024258931446865	0.5683798768739955	18.48820700633978	1.0
604000	-12.93887967412794	-6.010289230652678	-6.928590443475262	-7.516624825976163	1.5063355953234856	0.47572451547269007	1.1312700760096712	1.5148208310184057	-4.040341307415357	0.9638028193657073	5.018623718006658	1.0
605000	-13.976467900950869	-5.353530426881365	-8.622937474069504	-7.067669351382786	1.7141389245014214	0.5449808313987229	0.7403914675140633	2.018854086463419	-7.257879188593884	1.4347737581070075	7.887654673100532	1.0
606000	-21.151078152750117	-13.682047502768459	-7.469030649981658	-8.182687977490305	-5.499359525278154	1.305263665034462	2.0560627744397886	-0.459361375029816	-1.5354929670218538	0.5470820683309329	0.3545130574396407	1.0
607000	-15.553371724122599	-9.569032394549119	-5.98433932957348	-7.425938471455593	-2.1430939230935246	0.8687936282642887	1.2772818591126482	0.4962184349820375	-2.1042807196466518	1.3066297332332224	2.9943900570558775	1.0
608000	-12.746176127458824	-4.952184899510468	-7.793991227948357	-7.2538182937890685	2.3016333942786007	0.6222281302940919	0.3645220187385515	1.2409207858326579	-7.360037771678201	1.3113605869312268	9.39880502203608	1.0
609000	-16.137145540647406	-9.496690864363856	-6.640454676283549	-8.505628744752451	-0.9910621196114056	1.462481578780785	0.515310505512996	-0.5054436438108187	-3.2461978480466267	0.679858187975653	5.239416261412819	1.0
610000	-16.435966002897153	-6.845082902420155	-9.590883100476999	-9.074159314025168	2.2290764116050132	1.3701624713544758	0.5443901426365562	-1.8677851458184267	-5.45721176494596	0.8780680663015389	3.691990014725763	1.0
611000	-15.739929522085504	-7.860145348764343	-7.87978417332116	-9.295675180615193	1.4355298318508503	1.5951885265659629	0.3676574539246408	-1.8108050315787727	-5.710783894071182	0.6704368356755191	13.746111243765458	1.0
612000	-13.182230125030685	-5.95920056430016	-7.2230295607305255	-7.7983648626418445	1.839164298341684	1.1414118720833841	1.009586982159479	0.18908685180056084	-4.301727905218381	0.8676026236495542	10.556009332922008	1.0
613000	-12.073412430734797	-4.62573553847436	-7.447676892260437	-7.356942755130248	2.7312072166558883	0.8709539831955292	0.7695982234290927	0.7562252481997943	-6.2392523285508465	1.3207043012416848	23.7895286614878	1.0
614000	-12.126205368407536	-4.381493837107474	-7.744711531300062	-6.991089234112179	2.609595397004705	0.5460160591971375	0.9664937137203066	2.987894455641558	-5.704296990374279	1.6153249713209583	58.43391651854	1.0
615000	-12.894981611779887	-5.122767359778589	-7.772214252001298	-7.21668396937999	2.0939166096014015	0.8026625699140865	0.9038067457835226	1.3363115539116948	-4.56953743338352	0.9287835033629077	4.0396753444947855	1.0
616000	-13.80088897394486	-4.694320020104863	-9.106568953839997	-6.968655196532334	2.2743351764274706	0.5580794013894116	1.1211184259525804	2.5718939239275134	-5.7672603062606145	1.0617317711438388	4.9856454294676205	1.0
617000	-13.040778876543023	-6.522182137938881	-6.518596738604142	-7.734672761236827	1.2124906232979464	0.5157454689343223	1.065492684728255	0.9593181015238513	-3.808149058668306	0.9141881659873619	9.10474870998242	1.0
618000	-11.576505367025012	-4.329628819779085	-7.246876547245927	-7.082112952436461	2.7524841326573757	0.6401646535726788	0.6341299373511458	2.598446296533172	-6.507662861144009	2.0396596910760905	19.07548333352971	1.0
619000	-12.434579055968909	-4.535463319178134	-7.899115736790775	-7.028299632715715	2.4928363135375813	0.6295543753966715	1.0120320636875464	2.4000101335630375	-5.149800888998429	2.366622606388578	10.300136310348263	1.0
620000	-13.423869050172613	-5.757338432563669	-7.666530617608944	-8.047820844994806	2.290482412431137	0.9532213308375426	0.931637551695158	2.275084894213829	-4.773917759950938	0.5862249989149277	11.648703948950416	1.0
621000	-15.943585649662236	-5.389413617226089	-10.554172032436146	-7.223986995312662	1.8345733780865725	0.7620328641285518	1.3948113912739257	1.0931805341068068	-5.078429448097315	1.6730353423638078	2.6049325500330776	1.0
622000	-14.184609463850283	-6.337442647479918	-7.847166816370366	-7.967846585370159	1.6304039378902413	0.5203740260668933	0.7059048441086794	0.6408394310589349	-4.413835706925171	1.5230705991126494	2.428418818395411	1.0
623000	-12.88664591898339	-5.154773852441184	-7.731872066542207	-7.9018762534511096	2.7471024010099256	1.190629681878601	0.5725788040396244	0.37574038847600266	-6.466034921554129	1.0866233908798364	34.081391005862535	1.0
624000	-11.881051005259064	-4.47618374712127	-7.404867258137794	-7.127991155418768	2.651807408297498	0.3023275324402578	0.776247290953497	4.871630394358864	-6.3856107127513315	1.6710835177212264	15.952066909762944	1.0
625000	-17.38185826242149	-7.999017051255807	-9.382841211165681	-8.968050470852896	0.9690334195970891	1.6452862691435148	1.4216578723103077	-0.857915419762775	-3.8389041846761875	0.690755970455315	1.9170194605777156	1.0
626000	-13.533742638962632	-5.037344073198082	-8.49639856576455	-7.345921297302048	2.3085772241039653	0.24432908601073483	0.6616950464691587	5.698801450893726	-5.143437785318651	0.7834550601656419	9.042097228322314	1.0
627000	-16.474225428010858	-7.074664953719189	-9.399560474291668	-8.774182663397681	1.6995177096784921	0.9826876344444001	1.3580536677396742	-1.560098391221437	-4.476566595830907	1.1275748455805057	2.6936643394668884	1.0
628000	-12.844700273976148	-5.575513334706036	-7.269186939270112	-8.327862884122055	2.752349549416019	0.17961200168310246	0.8225108818874252	4.2565607240823	-5.706123755706275	0.9706229275219361	14.963811253344376	1.0
629000	-11.6740762822939	-4.658188636394049	-7.015887645899852	-7.204956380627237	2.546767744233189	0.34581625968070334	0.9602322931142014	3.2272522083183617	-5.192596340661829	1.5571680691737568	12.27706068974259	1.0
630000	-14.082498131351633	-6.409726957776264	-7.672771173575369	-7.66785384550155	1.258126887725286	0.6504168669972051	1.6246986783364592	0.4283544067038784	-4.840165355495011	0.7885849981489071	7.828879621185859	1.0
631000	-17.825744161311967	-14.983547029508284	-2.842197131803683	-7.967910065582762	-7.0156369639255205	0.573255749417257	0.44468748912539907	0.36187396066276145	-0.5364173557834986	1.7395390191517126	1.1769622645695126	1.0
632000	-13.742269182476013	-6.88343243754334	-6.858836744932673	-7.554673243950333	0.6712408064069928	0.6603507360658905	0.918011412921568	0.5637817652902956	-3.4992724303092366	0.9728937014178816	2.497395493005443	1.0
633000	-16.652064190493345	-7.788513442924218	-8.863550747569127	-8.509430187093239	0.7209167441690205	1.3094567665263053	1.7865695989977182	-1.2102761205241814	-4.38551128079458	0.9276071574152702	3.9262095239190744	1.0
634000	-13.144169476917694	-5.160517410607395	-7.9836520663103	-7.688909831714495	2.5283924211071005	1.0365277579241212	0.9687614544587603	1.1967504617078841	-5.9424727750906525	0.6646059756300495	28.60965375931685	1.0
635000	-13.358157573726166	-5.494973661905883	-7.863183911820283	-7.287627369847619	1.792653707941736	0.3722726310647785	0.26045699683723605	2.753975966527294	-7.900042129018219	0.7214420532666473	16.62799753566706	1.0
636000	-14.43907844786592	-8.71229843043905	-5.726780017426871	-7.670031365167708	-1.0422670652713415	0.6397004235036307	0.7485236846439451	0.4641934863921299	-2.710171997868607	1.0401930122864855	7.571941458363678	1.0
637000	-12.482782110573929	-5.14380811887091	-7.338973991703018	-7.836229630639988	2.6924215117690773	0.31741112250642567	0.8867806509421826	2.5085920122511967	-5.862466598255209	1.084175851295912	9.797900099708132	1.0
638000	-12.364039577645595	-5.397810279280576	-6.966229298365018	-7.9844716011035715	2.5866613218229952	0.6215109770158485	0.5847746475486173	0.12697839551729828	-5.78717658913831	1.1107128988295951	9.710679427542809	1.0
639000	-14.860182045454355	-7.855266444786675	-7.004915600667679	-8.216358445959989	0.3610920011733132	0.6158440890617148	1.07237343218419	-0.11498171368969015	-3.270688478796158	0.7206906669838591	2.095704361322552	1.0
640000	-12.781176655187576	-5.8597314807576035	-6.921445174429971	-7.263968427786832	1.4042369470292284	0.8275818781388272	1.0511993988836885	1.5606460737492338	-3.9469028766826115	0.9594562857238113	8.82930570035733	1.0
641000	-14.416703909839947	-6.298715554288668	-8.11798835555128	-7.101341242365784	0.8026256880771161	0.3086963121579602	1.4206698338207202	4.132777969434139	-3.7122068306194693	0.9331665330813779	5.446602065663238	1.0
642000	-12.458063969535091	-5.109654259767362	-7.348409709767729	-7.1982123364273285	2.0885580766599663	0.283620114808949	1.1263033524829122	4.1945730108986385	-4.612698907948794	0.9238889550647138	30.04584899808215	1.0
643000	-17.418252317155638	-5.822152050639018	-11.59610026651662	-8.322511571219575	2.500359520580557	1.0202297484758245	1.0475123525914996	2.2163608051324224	-5.3181286076577585	1.3474627249250561	2.4941519734135147	1.0
644000	-15.978259730650423	-6.163757049051066	-9.814502681599357	-7.96715237380098	1.8033953247499142	0.48894212942558507	0.7984040398215069	0.8321756809222476	-4.40364149135063	0.5264374566082026	1.8616857071723376	1.0
645000	-14.798042950404396	-7.731332261423824	-7.066710688980572	-10.432567469198439	2.701235207774615	0.23070636274480166	0.5863338817663775	1.212272629864454	-6.710985017869764	0.9688200062227714	12.679686917470528	1.0
646000	-17.787181312687334	-8.891697798251261	-8.895483514436073	-10.757599650459607	1.8659018522083457	1.6405286551788472	1.3808937202146738	1.4769643451710244	-5.104245178494105	0.4692856540129887	6.081526290658725	1.0
647000	-12.367179836044551	-5.517148169556618	-6.850031666487933	-8.187424194021402	2.6702760244647834	0.5146294541313041	0.5223630795345215	0.4232374232553544	-6.779286313110239	1.4885050600997247	14.524083078708664	1.0
648000	-12.531356617473106	-4.406981751541949	-8.124374865931157	-7.053129751628193	2.646148000086244	0.6628378129649536	0.9435706781762037	1.914750299257986	-5.541731104170454	2.680668427103385	11.162993945865958	1.0
649000	-15.883699565383662	-8.780939375958312	-7.10276018942535	-11.562343364851165	2.781403988892852	0.3554603073934179	0.7556319342775817	-1.2108021991568416	-6.099519399255011	1.1071529271852736	45.15680798255032	1.0
650000	-15.772734575407195	-5.742880819838356	-10.029853755568839	-7.44531655024022	1.7024357304018638	0.7285670451766145	0.3704380663718109	0.564813371291629	-5.958664509901267	0.46347821433508335	3.7047152361445495	1.0
651000	-15.281237420162189	-7.826297258665558	-7.454940161496631	-9.163929555691062	1.3376322970255048	1.0335733175507682	1.0212535944358558	-1.9616920588238478	-3.899988255133402	1.4773272176979553	6.195571996890585	1.0
652000	-13.625813502365235	-7.290411360889188	-6.335402141476047	-10.025778720501242	2.735367359612054	0.37041906745317255	0.5678076907712623	-0.19215262937907485	-6.313581148021065	1.8702577566166503	21.183578260930524	1.0
653000	-14.95776571472308	-7.190080019038746	-7.767685695684333	-7.777705136910191	0.5876251178714451	0.4468815209761281	1.8279172597860003	1.3553074797491709	-5.046227684455456	0.7162303262151941	11.289269382394277	1.0
654000	-12.855289725614075	-5.454332492865237	-7.400957232748838	-7.47966305697164	2.0253305641064037	0.8203519891446234	0.9202145713452522	2.2664764478938677	-4.49468602128238	0.7689709022727909	7.554503037269887	1.0
655000	-13.290924771193382	-5.6577761952566545	-7.633148575936726	-8.22722170442855	2.569445509171895	0.295225103413822	0.4612079593615113	2.3111112886617975	-6.972235405412658	1.9470532372824672	7.3773780154759745	1.0
656000	-12.92248672483176	-5.0955489473577	-7.82693777747406	-7.097944477777915	2.0023955304202152	0.43035353358937894	0.7588668891202637	2.6470945711902374	-4.633538954690339	1.039902078223418	4.190428136171541	1.0
657000	-12.995630586262935	-4.83609325625471	-8.159537330008225	-7.008185291179784	2.1720920349250745	0.5492656550428181	1.0315612832867505	2.2297282067261244	-4.645839628502257	1.6829831684124306	4.005947710982289	1.0
658000	-18.607818399815056	-9.593611290185102	-9.014207109629954	-8.841082227311112	-0.7525290628739896	0.8815866191737268	1.9178686584594975	3.252488669307253	-3.322308582748642	0.542017006865479	3.3518510741416923	1.0
659000	-14.806646740937003	-6.596773481148615	-8.209873259788388	-9.199144976586293	2.602371495437678	1.5677157816588034	0.9738899037516326	-1.7390755129895221	-5.67983536417996	0.7121027498542806	20.785953411400875	1.0
660000	-14.617030008024633	-6.863579332737228	-7.7534506752874055	-8.017016029178718	1.1534366964414904	0.4938166752062257	1.5775957497453084	0.7425991772623495	-5.425821017175278	1.1556562657580072	9.827230756115464	1.0
661000	-13.87547289518047	-6.212080592128542	-7.663392303051928	-7.170668271460304	0.958587679331762	0.6856782318383491	1.0174814719584604	1.3027529438898577	-3.641256570795398	0.6226639378909881	2.6197655445266825	1.0
662000	-12.219008481421657	-4.657916283186674	-7.5610921982349835	-7.109010010864801	2.451093727678127	0.2974269090016868	1.0779360916354053	4.742773462634649	-5.540711385051046	1.5260473397882723	15.227853497034424	1.0
663000	-14.461383413115975	-8.398988476033761	-6.062394937082215	-9.20778124562606	0.8087927695922987	0.37903294864970327	0.8582413664956196	0.42218191087162227	-3.628234570109971	1.0207722640224333	10.952340050799375	1.0
664000	-12.499178546599417	-5.048190118117655	-7.450988428481763	-7.245928080443676	2.1977379623260207	0.4754524596842777	1.0158093083355044	1.9779845464091406	-4.670516109731179	0.821576859295542	5.710366973751397	1.0
665000	-14.22166972093206	-5.556407715272558	-8.665262005659502	-7.052356406011599	1.4959486907390414	0.544274557390824	1.3810003388155971	3.24113185116988	-4.2679706241801565	0.9496242107328633	4.129361866231236	1.0
666000	-15.67666794287138	-7.702179881345863	-7.974488061525515	-10.28210638160445	2.579926500258587	1.2859954506029807	0.46567067534558	-2.878646807657934	-6.628460037423154	1.254884919885805	16.314675431292297	1.0
667000	-14.392758329205758	-8.292372744815768	-6.100385584389989	-7.573565588049631	-0.7188071567661383	1.025066808594053	0.5789890575871228	0.7358086589964157	-3.204693965332715	1.3756412766344717	6.059839876013483	1.0
668000	-14.538574792109433	-4.954383234897006	-9.584191557212428	-7.737812494425711	2.783429259528705	0.9291690719797131	0.6855463315909794	2.016527551968688	-5.929723827809014	0.22129355628973424	9.031446856661239	1.0
669000	-19.09151248712641	-14.197645980252407	-4.8938665068740015	-8.365221367202437	-5.832424613049969	1.1410845083721877	0.8904731344893319	-1.163260866206024	-0.588290168972709	1.159496013882562	1.584140402340799	1.0
670000	-15.463444498668423	-5.370014595473002	-10.093429903195421	-7.211791652455412	1.8417770569824103	0.5987670228287694	0.781847445750576	1.4180706902125073	-4.458075925561587	1.186735713772037	1.702492671896128	1.0
671000	-11.974729104147517	-4.970223835142611	-7.004505269004905	-7.764019899416144	2.7937960642735327	0.5598651883013837	0.745547260025562	0.6826274622313783	-6.040161631698979	1.0906087247689484	18.46363754111295	1.0
672000	-12.367168040974745	-5.462465561656074	-6.90470247931867	-7.077782049779633	1.6153164881235584	0.6682181067331574	0.794989339442864	1.7130490566715784	-4.256891871917837	1.030986312225835	5.497529402213516	1.0
673000	-12.97026453658315	-5.701505743867789	-7.268758792715361	-7.460548195015809	1.7590424511480203	0.9094023070384247	0.9221960221440407	0.4464562719501011	-4.2572946185568	1.3392762317231568	4.407088338525884	1.0
674000	-15.881331165980733	-8.125741406648029	-7.755589759332703	-8.115237870764808	-0.010503535883220394	1.0788387063190792	1.5164580348039773	-0.824870394620375	-3.277388774429512	1.3648583498024194	12.846162611623686	1.0
675000	-12.59801760744289	-4.768599171504965	-7.829418435937924	-7.545969612972768	2.777370441467803	0.38912242177112494	0.7670913960188763	2.1525334320127176	-6.074144601241234	0.6083292224117767	10.895682894995204	1.0
676000	-12.833066372287067	-5.175785990171392	-7.657280382115676	-7.071978645716489	1.8961926555450965	0.4381828234408725	0.54793410680414	4.0142717185895895	-7.652669703600168	1.8916699376694974	14.690375455133513	1.0
677000	-14.499592011922083	-4.70361757465811	-9.795974437263972	-7.422541680551198	2.7189241058930884	0.8293753115377551	0.8364384057158272	0.4908896150451092	-6.022592296780927	0.4115403229071511	4.596849109396696	1.0
678000	-13.57846129490797	-5.828844526855514	-7.749616768052456	-8.076272325895559	2.247427799040045	0.43757985924125864	1.074787852001317	1.062999408913405	-4.7775958857481164	1.4046668523270507	3.8358317574932403	1.0
679000	-13.010348966662619	-6.18588143785113	-6.82446752881149	-7.22440201684454	1.038520578993411	0.2532055668924531	0.5356670392392683	4.889567072943286	-4.446311798241305	1.035243288745534	13.109953079551792	1.0
680000	-12.870737651835078	-6.600620211455085	-6.270117440379994	-7.147847822280296	0.5472276108252112	0.45492791118680487	0.42215393622458147	2.3313178190077934	-4.6235791797455414	1.1573813987150465	8.618352627658993	1.0
681000	-14.081035165228947	-6.042336508216724	-8.038698657012223	-8.212866160079717	2.170529651862992	0.9784336578685884	1.1348846228507563	2.3160072731766888	-5.868620478111683	1.0631903474426634	13.512083077549255	1.0
682000	-15.325771168238344	-6.450076353088138	-8.875694815150204	-8.262205861144563	1.812129508056425	0.6940176007275519	0.5406220189015009	3.7938455471346106	-5.048174932650124	0.5346822550053036	5.97266661998446	1.0
683000	-15.126034804022614	-6.228412081978165	-8.89762272204445	-8.479141372261028	2.2507292902828624	0.8768216137319337	1.1620182494316653	-1.1247732391354535	-5.617114057707829	0.8825321403638327	4.754050490589253	1.0
684000	-13.530456285560115	-5.0557932679194035	-8.474663017640712	-7.481809763370245	2.426016495450842	0.5151926119952503	1.03021870023558	1.323052010307396	-5.029350273657078	0.7792231655147306	3.7415087245322938	1.0
685000	-12.756802292874106	-4.526346658894305	-8.230455633979801	-7.105892232424794	2.5795455735304893	0.7120807330330726	0.9808137606396106	1.9521812634847042	-5.342521637409988	0.3717757088029829	15.587985117735249	1.0
686000	-13.495212385123533	-5.308209691177539	-8.187002693945995	-7.445025872340909	2.13681618116337	0.7692213233432763	0.8795917531469882	0.49227506029316936	-4.62697033490455	0.3541342191484169	26.652831578099754	1.0
687000	-15.568964345584419	-8.141599999992305	-7.427364345592113	-7.745142579884492	-0.39645742010781415	0.19159443546334623	0.501324703534608	4.868884800276848	-3.6416001107528153	1.0460168466599549	5.773710129783258	1.0
688000	-12.963120275652951	-5.299936637575428	-7.663183638077524	-7.489149984237615	2.1892133466621875	0.9764631777966698	0.7599563289001416	0.9179346641602248	-4.811944296684606	1.0800429142377408	4.689673574971962	1.0
689000	-17.24270037849638	-9.93935060369839	-7.303349774797988	-9.574234049813407	-0.3651165538849832	0.3848698698984795	0.6259753794363792	0.05035730497722704	-3.2870453821920376	0.9411510774850006	1.3108820665055203	1.0
690000	-18.50141843039742	-13.7933358576825	-4.708082572714917	-7.8635695619075	-5.929766295775	1.1741367159992162	0.49312247239379103	0.11501272938963525	-0.8858078224923385	0.3751924251617077	0.22424439563279527	1.0
691000	-15.732313304159831	-6.3056927107887875	-9.426620593371045	-8.10871357576076	1.8030208649719723	0.779978194135523	0.7462411828296444	3.2235459758909966	-4.4801791148057095	1.3525853915441077	3.0353263860088115	1.0
692000	-16.39696954728761	-13.84865510544752	-2.548314441840093	-7.589851748144594	-6.258803357302926	0.7967360784346899	0.8298647530244437	0.17756276073255797	-0.43195719000883637	1.3768793794536192	0.277215158199421	1.0
693000	-11.636240151270663	-4.908434122764964	-6.7278060285056975	-7.213556470971616	2.305122348206652	0.28096391695040085	0.6847222953933547	4.190699242512965	-5.082232532974582	1.5314566682235389	42.8015809696097	1.0
694000	-14.040773026904027	-6.097791905693891	-7.942981121210135	-7.647451300122937	1.549659394429046	1.0515608741577762	1.4785241670300702	0.2575896426215769	-4.601759354909936	0.5856851223895453	6.0686335612276805	1.0
695000	-14.9879665980272	-7.820540325432777	-7.167426272594423	-7.320829120903168	-0.4997112045296088	0.43172093206382944	1.0385018209778532	2.1549300483733167	-2.8096912096887166	0.4310617203521758	12.137061731164144	1.0
696000	-11.187471000044091	-4.1749095154073945	-7.012561484636698	-6.957146792860734	2.7822372774533397	0.5009819297572938	0.7815155595249136	2.741114580928879	-5.9258173958098705	1.5713137439668519	19.534697693240997	1.0
697000	-12.502950945256465	-5.166296226014695	-7.336654719241771	-7.791834570235801	2.6255383442211064	0.6077322711703981	0.6376353457965421	0.42543514029387886	-5.656804166992227	0.9151380616198008	7.363083616475885	1.0
698000	-15.41430663995926	-7.274292226681127	-8.140014413278134	-7.1707679670613915	-0.10352425961973566	0.5386531483751269	1.512957305510989	1.7718408830865267	-3.2203885550899916	1.7483684776838087	38.80047301398588	1.0
699000	-16.03505995542976	-11.582709797999835	-4.4523501574299225	-7.558338117330486	-4.024371680669349	0.8396348576465608	0.8705892167820444	0.18479486350358554	-1.2793817970402088	0.9382464896761484	0.5988896305360748	1.0
700000	-12.186911402752365	-4.946431670804442	-7.240479731947922	-7.244394754733003	2.297963083928561	0.5805484072596282	1.1700094335771147	1.418381975439432	-5.176103707638177	1.0965097533545252	14.379967633994251	1.0
701000	-13.212620810393929	-5.484975052812953	-7.727645757580977	-7.910363256463663	2.4253882036507104	1.1647057463440826	0.59897674041424	0.7533399197084953	-5.481857978148748	0.5566363425534315	13.535466396074806	1.0
702000	-14.167787323903912	-6.141309574757084	-8.026477749146828	-8.10200166576471	1.9606920910076262	1.288920922892332	0.9390294064557015	-0.018658053309150657	-4.426154340583918	0.3437151497633145	8.877657309751156	1.0
703000	-14.89737882454168	-4.668442259592454	-10.228936564949224	-7.465540860331964	2.7970986007395098	0.23068351764162384	0.7405116324478892	4.5193756514544585	-6.002007735125612	1.4980210814892387	4.527231379563009	1.0
704000	-17.700419445226267	-9.285320004857168	-8.4150994403691	-9.915401377758695	0.6300813729015267	0.8058129920508642	0.2569170211314314	-2.222353005830213	-6.117758231916824	1.8027246809519402	5.009302210498559	1.0
705000	-17.657353113593423	-9.512932482632635	-8.14442063096079	-8.088412600333676	-1.4245198822989593	1.2067144021846214	1.3442949245062898	0.8895008628295851	-2.4476393681502713	0.44181579633001783	0.9399669987939413	1.0
706000	-16.230864159310322	-9.12481476301138	-7.106049396298942	-7.429208337561041	-1.695606425450338	0.9406531177111432	0.22864402910560178	0.795760225275022	-4.778655287396403	1.3410159122181167	4.069577309831387	1.0
707000	-15.17562270067933	-7.995525121208603	-7.180097579470727	-8.373392142128711	0.3778670209201085	0.3537448508093898	0.8293183454438926	1.4751117307598158	-3.393170483032963	0.6558975409724471	2.4061229979230334	1.0
708000	-13.00049156769941	-5.113240728151994	-7.887250839547415	-7.883798630602158	2.7705579024501636	1.0882162934400148	0.7214764112083709	1.2775857590457362	-6.264948184514126	1.7120514409022247	17.935505594011662	1.0
709000	-15.748958908200478	-8.562918821767443	-7.186040086433034	-7.75150299070825	-0.8114158310591941	1.0854979800796523	1.3646788342056193	0.9600622109834145	-2.744134872015438	0.8285526885663216	14.020029607785915	1.0
710000	-12.627517544302712	-5.466345458492811	-7.1611720858099	-7.023998581644179	1.5576531231513675	0.5003024160953271	0.7355621340640078	2.3900034986222076	-4.302077223910983	0.5819461240374604	15.443301761351783	1.0
711000	-12.321786186126308	-5.480405358529266	-6.8413808275970425	-7.355256842988048	1.874851484458782	0.8758116167481126	0.4012269737533143	0.7851922333579047	-5.898359688698527	1.7596669143749102	15.146752948630716	1.0
712000	-13.67499223694174	-5.868369884078079	-7.806622352863663	-8.103008280346586	2.2346383962685072	1.2402687235285594	1.1134087848600045	0.6702533842174426	-4.808830150215246	0.5596822835568143	14.77175978373871	1.0
713000	-14.817958971513782	-5.880273864944296	-8.937685106569486	-7.453755501603301	1.5734816366590056	0.3474578811539136	1.3901551053896943	2.720233043614266	-5.653241301264661	1.6869012643387586	5.650734136692786	1.0
714000	-14.360574659471906	-8.749738233770199	-5.610836425701708	-8.370554293794902	-0.3791839399752961	0.2512833902061501	0.7160282394182088	2.7834878961040004	-3.10712092274721	1.9860711505707807	12.594861725788745	1.0
715000	-14.728784996681318	-6.944830103263596	-7.783954893417722	-8.985106993553195	2.0402768902895985	0.9845824275835492	0.5615784743013279	2.8828198374292895	-5.182581883347111	0.5520842976954127	23.412236706157554	1.0
716000	-12.443229954276443	-5.760777129324615	-6.682452824951829	-7.155580998388877	1.394803869064262	0.6127234346080273	0.8014729221961886	1.5097749399459182	-4.083217906268316	1.8135476338935517	5.203428919278868	1.0
717000	-18.003418799895645	-13.554601904762642	-4.448816895133004	-7.490261864892615	-6.064340039870026	0.6891616424979097	0.8946297251985782	0.5810989946020353	-0.5051318766432218	0.3114668748938445	0.30782625359511573	1.0
718000	-12.277386309454656	-4.7590423923247585	-7.518343917129897	-7.0060323607014015	2.246989968376643	0.6075819084054542	1.0752877996716517	2.463395165397566	-4.777488357923929	1.2078503709565025	38.475862459254046	1.0
719000	-12.505251595948955	-5.000078216752588	-7.505173379196368	-7.542529302680537	2.542451085927949	0.6362589919829231	0.44651198941454384	0.6666763515644609	-6.733637331770304	1.227668658363207	8.957492509501066	1.0
720000	-13.751416489185356	-5.059059383707102	-8.692357105478255	-7.37174044761277	2.312681063905668	0.8620878662109103	1.1658332121195836	0.6685731439889742	-5.280903254408116	2.058632688165581	45.15280191515662	1.0
721000	-11.909182588257408	-4.806893033348585	-7.102289554908823	-6.977259143748363	2.170366110399778	0.39000298586591114	0.40051958876950244	3.877231770881576	-7.747998437041956	1.5350366371073938	19.233725137603695	1.0
722000	-13.318378157214184	-5.795988640097227	-7.522389517116957	-8.568947283671914	2.772958643574687	0.7958150857589477	0.7560448760118003	-1.0582966479032734	-5.763854289284362	0.6696280503244024	16.991195911111873	1.0
723000	-15.196525776310994	-6.529930591258305	-8.666595185052689	-7.5595317921695155	1.0296012009112108	1.0143183689147124	1.6952294824843561	0.5235337659762513	-4.567664723517888	0.5044595683326881	3.849772149626834	1.0
724000	-18.083995640743375	-9.228514657402474	-8.8554809833409	-11.644831913193498	2.4163172557910233	2.4290234867804914	0.5269887644055861	-0.6361529426585542	-5.784619462115485	0.5018871245323622	43.01862698734278	1.0
725000	-12.620592459444403	-4.908298995864533	-7.712293463579869	-7.539366375222246	2.631067379357713	0.9313569293492779	0.4855523010440135	1.6266341238871413	-6.711491393781083	0.8785577080936666	13.471131320751107	1.0
726000	-11.862238359117239	-4.655371042244079	-7.20686731687316	-7.123361850991127	2.4679908087470483	0.317509491190896	0.9170289383121766	3.863138786221123	-6.2232841183207	1.3210299733112414	29.866048273013643	1.0
727000	-17.651679416689994	-9.134088908942424	-8.51759050774757	-9.191987095963503	0.057898187021079295	0.8914150093291648	1.4803026326817703	-1.8175301446517698	-3.2848433595691815	0.34344176354193173	2.5101166782065825	1.0
728000	-15.207026499006563	-9.58647333351216	-5.620553165494402	-8.468262637674917	-1.1182106958372442	0.41477888606199376	0.7865271975462884	0.8188557181464007	-2.6289039935522123	0.7691843548123797	3.6098749953300424	1.0
729000	-11.64503218246944	-4.572943232853736	-7.0720889496157024	-7.147037940084992	2.5740947072312563	0.7373408423820453	0.7241286144616385	1.4443230338191417	-5.348525704602042	1.3644754215930568	26.836622382970766	1.0
730000	-16.683271354006134	-12.693173908086559	-3.9900974459195746	-8.114628327068306	-4.578545581018252	0.5554205701400208	1.0031300441756332	0.2802606866098543	-1.0642607001446733	1.1035434656958145	1.059397856835565	1.0
731000	-12.028050665601276	-5.2539508846161755	-6.7740997809851	-7.142283331738426	1.888332447122251	0.6621008761591679	0.5576022506962937	1.430621129679149	-5.051179645220097	1.1606877210355875	7.823584283338419	1.0
732000	-14.71512362883501	-6.7230990162926565	-7.9920246125423535	-7.156599607088556	0.43350059079589975	0.7482115391694848	1.9032958692335518	1.4273519491457538	-4.472164722688263	0.4847088586875511	9.041147711934421	1.0
733000	-14.457679167687763	-7.293468665105354	-7.164210502582409	-9.739563358471077	2.4460946933657235	0.10111155187612374	0.565179946233069	5.2383299575517865	-5.645772067165973	1.2292113265576583	102.62443290522683	1.0
734000	-15.537947358479975	-7.9519589091138805	-7.585988449366096	-8.023714548821122	0.07175563970724141	0.5453050413158772	1.9324529439505906	0.43738522655856804	-3.9947870940072376	0.5389736136546452	5.458458709938126	1.0
735000	-18.185249977185194	-7.693764963754097	-10.491485013431099	-8.736449386776645	1.042684423022548	1.5234274812277127	0.5703013422708098	-1.014596836243845	-8.016011815089124	2.356365132527778	10.631292088956839	1.0
736000	-12.526996441906265	-4.889240723325831	-7.637755718580434	-7.365528545058821	2.4762878217329893	0.5536287608493411	0.5256818740092633	3.767478611337264	-5.885798987987494	0.8142462702095644	12.113983777609297	1.0
737000	-15.595515017702443	-5.956142002497987	-9.639373015204455	-7.914927331679937	1.95878532918195	1.064715943448988	1.3293481185947214	1.4845657114596735	-4.909522144763427	0.8302037269082451	3.0372217763106133	1.0
738000	-12.133272422372064	-4.9318986316389815	-7.201373790733083	-6.946489049878186	2.0145904182392043	0.49929677878683837	0.7346532536275192	2.942315554483714	-4.685633628434956	0.7119612477816405	10.583955715580393	1.0
739000	-15.025762257885749	-6.802677937838165	-8.223084320047583	-7.310401828519783	0.5077238906816177	0.50101418734019	0.629127960419717	4.031328525015017	-8.046872264015201	1.0152232735495799	147.43099163212443	1.0
740000	-15.94407053317898	-4.839272158859961	-11.104798374319019	-7.50844764989537	2.669175491035409	0.7026743758922218	0.6835087872488439	3.0355012840178293	-5.606429855035113	1.889145448154916	2.9755562545513174	1.0
741000	-14.53335198511226	-8.084355326894421	-6.448996658217839	-8.674209725630796	0.5898543987363745	0.6715623994236348	0.7319883567360765	-0.8013385077615853	-3.646183439212007	2.484188280594206	7.531411450717121	1.0
742000	-13.334407691408693	-4.701031041168717	-8.633376650239976	-7.440276470740228	2.739245429571511	0.7864077760035476	0.7461982941905954	2.415450389470856	-5.648539354959692	0.3696757112273693	9.489945141529825	1.0
743000	-19.37159571161606	-15.042259076918992	-4.329336634697068	-8.742763679430013	-6.299495397488979	1.549233764410631	1.015250489861581	-0.23744566603948392	-0.4561471722012125	1.775180782233114	0.2199693301896775	1.0
744000	-13.016755105785851	-6.843654694494553	-6.173100411291297	-8.90718747989957	2.063532785405016	0.47337401846220845	0.36538359603808346	-0.04094527981280566	-6.473604536845171	2.042895812127269	18.49820536569887	1.0
745000	-15.407301950366879	-7.050301574623613	-8.357000375743265	-8.771100778970629	1.7207992043470162	1.2672529089286686	0.8857696696668905	-1.6070109691922938	-4.24880560184275	0.6246904600664542	3.442700422340102	1.0
746000	-18.886117365069545	-13.483956881479187	-5.402160483590356	-8.293030168011668	-5.19092671346752	0.6155362357208616	0.6404032894839686	-0.19676847954949794	-0.9487333938301683	0.22782762081800195	0.32542813151599986	1.0
747000	-14.539079226286491	-6.499210681699864	-8.039868544586627	-7.8533100777084055	1.3540993960085412	0.81454664465362	1.0555077649026205	-0.26316965435140727	-3.9097707428759563	2.4866424210369975	3.7338593717146695	1.0
748000	-13.004546369623874	-5.111219680048145	-7.893326689575729	-7.199865138895571	2.0886454588474255	0.27858700874390224	1.2800888642609776	5.1829116351347535	-5.147205641012005	2.0536263511124537	30.80868556050618	1.0
749000	-17.761473227756966	-11.035590079195266	-6.725883148561698	-9.915051551163028	-1.1205385280322377	0.8598552846917994	0.59830245208624	3.906574415221718	-2.9352749716005326	1.203015627939039	9.676023805244215	1.0
750000	-18.021685131529352	-12.889497238774577	-5.132187892754775	-7.607668021072798	-5.281829217701779	0.5729230547414393	1.3660893980991529	0.8337451862436718	-0.9981352923635674	0.45390840687516804	0.9021711883339254	1.0
751000	-17.614772728503993	-15.9592209899492	-1.6555517385547942	-7.893316134807515	-8.065904855141685	0.8627886817694652	0.5418338207756509	-0.3949193506216536	0.09322705576594723	1.4105530037756415	0.06740127495204366	1.0
752000	-15.6428410513181	-7.473152837964316	-8.169688213353785	-7.628168145494458	0.15501530753014148	0.7985076182648783	0.6445232359080972	0.10902242594407663	-3.5484062706563204	0.7817122169722847	1.4526977144966127	1.0
753000	-14.435184384701476	-7.49847250139854	-6.9367118833029355	-7.71293068187187	0.21445818047333054	0.751388364211843	0.4518323391554492	0.06833639211868392	-4.239168979743555	0.5401132034045881	7.366557415838881	1.0
754000	-13.246442024503782	-4.921324748869819	-8.325117275633962	-6.995275371615512	2.073950622745693	0.5819027628070655	1.286380135575029	2.67772653648709	-5.100645161444439	1.9950109223180843	8.093345580355468	1.0
755000	-12.108095097916978	-5.236212453274997	-6.871882644641981	-7.817575295008242	2.5813628417332453	0.1795827434261033	0.4738264870912662	5.0633789673017455	-6.520055322374114	1.7187205873937712	14.832118532561205	1.0
756000	-13.747964156716662	-5.086153613400691	-8.661810543315973	-7.2677239611213045	2.181570347720614	0.8352408672821897	1.1825680224067185	1.1338684703284339	-5.65559868828045	2.2234776713814512	10.503681942810752	1.0
757000	-19.078878800522972	-9.303175656175393	-9.775703144347577	-9.582517925493727	0.2793422693183345	0.3980841595656595	1.8834227216573918	6.26675713873476	-5.199030734808236	1.5244531008211701	11.636419555473537	1.0
758000	-14.43701325474127	-5.031120235986801	-9.405893018754469	-7.830735429317997	2.7996151933311957	0.36002903753881343	0.6788465060836417	2.0413809110296612	-6.078375509950491	0.7536536199382365	4.322746770263286	1.0
759000	-18.804939226493694	-16.765575487020932	-2.0393637394727606	-8.989082867685433	-7.776492619335501	1.631910525695247	1.1444320347728854	-0.23183599306288127	-0.05602413314984687	0.9776912673318319	0.030220576029034534	1.0
760000	-15.74650990806484	-9.52167392318807	-6.224835984876771	-8.576022885998494	-0.9456510371895757	0.44522551099994817	0.8190433876069171	0.4741491788066008	-2.68509129052795	0.5929717042519107	1.9125282149908613	1.0
761000	-13.735723346017457	-5.886964585097633	-7.848758760919823	-7.956684955313282	2.0697203702156486	1.2060614401205871	1.0953534553417874	-0.17438106457316638	-4.561583009404752	0.5698040819504652	22.416577589358877	1.0
762000	-12.971710176146589	-6.150515126688803	-6.821195049457786	-7.681062256407467	1.5305471297186637	0.5150545218364057	1.1535824010028504	1.0351786146116924	-4.069463934229248	1.7593974667307473	8.454441058008454	1.0
763000	-13.557950878325599	-5.532724510972392	-8.025226367353206	-7.812515992324338	2.2797914813519453	0.933239020276798	0.47163546297034714	2.0997578962322616	-5.908793471229599	0.7108649328441181	8.175109089351267	1.0
764000	-12.87874558223552	-5.7437673031514995	-7.134978279084021	-8.414887037317925	2.6711197341664255	0.3880885594085036	0.5742572689605989	5.754788318406453	-6.01938802388626	1.4123531513485852	53.59498682335287	1.0
765000	-11.712631808655921	-5.46599053940743	-6.24664126924849	-7.193165077126514	1.7271745377190837	0.4552353920065231	0.6230299280412056	2.2270287550532086	-4.691615268159773	1.6216060063626438	10.849440664521799	1.0
766000	-14.790097507173652	-7.502017788454038	-7.288079718719613	-10.149953493071779	2.6479357046177405	0.8565077541224729	0.5782278131601922	-2.488813298428327	-5.942121528566872	1.7391648256158427	16.452756164411213	1.0
767000	-13.423060963345687	-6.757466240824188	-6.665594722521498	-8.121681480815537	1.3642152399913496	0.6177884479866943	0.36196365437795236	4.1107661396450075	-5.6904535049537674	1.680804080693755	20.807814681206587	1.0
768000	-17.091937692348097	-7.068178043619298	-10.023759648728799	-9.436421668467332	2.3682436248480343	1.0864116981128116	0.9986368358746616	-2.223654115402525	-6.087422121244586	0.9080660155413184	4.589416651065132	1.0
769000	-12.767305377550265	-5.182074678692909	-7.585230698857356	-6.952782252205087	1.770707573512178	0.43485887020403163	1.0077402011846723	3.2578413673614603	-6.565702827238065	1.2357412938281898	17.807927339498175	1.0
770000	-11.235192886465274	-5.057707959237792	-6.177484927227481	-7.458558943807342	2.4008509845695496	0.22016426136544995	0.4538735495453177	4.799851661178525	-6.231038932114542	3.528091882774767	22.82445393428922	1.0
771000	-12.837420051104502	-4.815516958479058	-8.021903092625445	-6.968754911098409	2.1532379526193512	0.5425519552812446	1.2408047866315755	2.511590307764452	-5.355540990451894	1.7513792799490917	8.638163624958251	1.0
772000	-12.064327545221182	-5.139125095396542	-6.925202449824641	-7.082918807648264	1.943793712251722	0.3185637536738013	0.7226870481108927	4.037724386677633	-4.6435487718155635	1.1181342073647214	38.80067802779655	1.0
773000	-15.85085534551666	-7.4208586711444795	-8.42999667437218	-8.487884304100325	1.0670256329558456	0.9289359798260591	0.6904627054811419	2.789719276860426	-4.032012672596498	1.2416428084033646	3.0940780776517127	1.0
774000	-13.138856439845291	-4.9970450099413455	-8.141811429903946	-7.732563841574958	2.7355188316336125	1.1093388299097573	0.6970895377644897	0.31639649869382924	-5.7281211787541535	0.43497702306607083	23.184349827878343	1.0
775000	-12.766622401412768	-6.203583346523756	-6.5630390548890105	-7.502927229009026	1.2993438824852692	0.772099693412659	0.9316976279396155	0.3743762222309916	-3.9021155454943712	1.1202359101355677	6.995949643911453	1.0
776000	-13.91143926899009	-6.379288961061625	-7.532150307928466	-7.356500755637965	0.9772117945763403	0.7808115815578827	0.48942534136201055	2.28950397404809	-4.592047044399201	2.856717332256886	49.29744970929711	1.0
777000	-13.588202888404277	-5.0922851821469575	-8.49591770625732	-6.9835707833141685	1.891285601167211	0.5769544014392295	1.1073854246965056	2.612734162235007	-4.3749862119768945	0.6378705963131283	3.909495766043241	1.0
778000	-13.676285397856589	-6.685055560459279	-6.991229837397309	-8.082532012396637	1.397476451937358	0.9111149366256093	0.8767323931089757	-0.7117289269244924	-4.008684615402809	0.6460146104068103	7.233487041352878	1.0
779000	-12.544166652016564	-4.938248624920378	-7.605918027096187	-7.1031917669457645	2.164943142025386	0.6320176937796544	1.091512311570856	1.6205575817613198	-4.6781160369855375	0.5293458671799928	8.469781792258274	1.0
780000	-17.219075129152152	-9.252793096916797	-7.966282032235355	-9.910049680506502	0.6572565835897057	1.2725845263555646	0.20878096381924438	2.2779511168993074	-6.888244872766803	2.4584441433290505	31.521586832429612	1.0
781000	-14.85499083969907	-5.520530285996146	-9.334460553702923	-7.297840119702578	1.7773098337064326	0.8594725214264384	0.8924187817839906	1.285565306895299	-4.290459789958052	1.9600244603081785	2.1629963760908213	1.0
782000	-12.956560931489093	-6.301676301507352	-6.654884629981742	-6.947041671416251	0.645365369908899	0.5012602276791638	0.772896002598936	2.913183543099103	-3.6202905103087843	0.984423765770092	6.514936396010557	1.0
783000	-17.326262254708382	-10.611662148613082	-6.714600106095299	-7.046507027005568	-3.565155121607514	0.6563490928922471	1.197267288539884	2.1960924020753807	-1.505461562274392	1.3468738489219965	1.3101032633014364	1.0
784000	-14.908334832658891	-7.244519872927486	-7.663814959731406	-7.6395685935797415	0.39504872065225527	0.7830751292840227	1.5359882837324277	0.1165783081549282	-3.551227795623129	0.4358245256667242	3.14105953375201	1.0
785000	-14.264797196885475	-7.662432916645287	-6.602364280240188	-7.285256618535564	-0.3771762981097231	0.4283212949569362	1.0763795410704535	2.247792140370676	-2.8701467702809422	1.6520845354198868	3.079409062228957	1.0
786000	-17.125597686768902	-16.031292406794883	-1.094305279974021	-7.667383260272737	-8.363909146522145	1.0337730343740188	0.5201852541645388	0.07733842457827128	0.18107986723517466	0.8196086502235654	0.06687370570494211	1.0
787000	-14.441171232471834	-8.228772047577483	-6.212399184894351	-7.517932322923663	-0.7108397246538187	0.7315059302983463	1.0540987169689722	0.4263443073996625	-2.7027072345582157	1.6003846180626662	6.647750103470979	1.0
788000	-13.964471720354496	-5.604135476537393	-8.360336243817102	-7.811350099423763	2.2072146228863696	0.7204093410084165	0.497120718366211	3.2752120031903607	-5.662925114540709	1.5261414154518935	5.668451268706174	1.0
789000	-13.947135513226966	-6.043225660835118	-7.903909852391848	-7.903411687917797	1.8601860270826789	0.887931710993687	0.380106163039723	-0.44015407688480235	-6.054608159806311	1.1945343181714276	5.87559668726537	1.0
790000	-15.282170567554827	-6.746919623467436	-8.535250944087391	-8.982876253610488	2.235956630143052	1.6006106527665156	0.5217869873822291	-1.2711487829663723	-5.570421379053587	2.037884739283464	17.7549023121312	1.0
791000	-15.000833249442081	-8.11784045866024	-6.882992790781842	-7.5232895739194205	-0.5945508847408192	0.5758948127112717	1.2576375861546203	0.9453091216437592	-2.798180430976986	0.7561867655442435	1.6963749673691295	1.0
792000	-15.347024181744011	-6.853296542480873	-8.493727639263138	-8.522804486885974	1.669507944405101	1.3572965518431943	0.5177951432639474	0.7328255157107986	-5.017239038163269	0.3912545328043596	5.485970321397329	1.0
793000	-17.633871408574972	-8.946177828358028	-8.687693580216944	-8.341959669221447	-0.6042181591365807	1.2049971141831919	1.6392368778141428	-1.0866298947818978	-3.0646614285364557	0.8816810346157506	1.4113300937280373	1.0
794000	-11.491464174562218	-4.909640091205857	-6.581824083356361	-6.988037500806459	2.078397409600602	0.4204758381317519	0.33262230985670743	3.8408616744494775	-7.850760761755657	2.814686290324071	28.182663856251278	1.0
795000	-16.81518558694749	-9.511219044087275	-7.303966542860215	-10.263885081711862	0.7526660376245875	0.7577120369455684	1.447284662951161	-2.360179479956937	-3.7036785665101366	0.8470183912166306	9.720791169893175	1.0
796000	-16.213620971186682	-8.98091221400588	-7.232708757180803	-9.24475665408541	0.2638444400795308	0.7011221797798699	0.6508786538397212	-1.4155959478017943	-3.599942740410468	0.9962789628240498	2.3475633876654167	1.0
797000	-11.665726706464419	-4.781483851170541	-6.884242855293879	-7.226287955411336	2.444804104240795	0.5291848417129092	0.5459172953910191	1.6984443820480286	-5.732190610405072	1.0459070520212141	11.197991563531879	1.0
798000	-14.125250254175857	-7.41441989542436	-6.710830358751497	-7.81842798357709	0.4040080881527297	0.8401419527678456	0.5369395461864657	2.624041230759506	-4.008306959901474	1.7435329474595518	7.017083587895694	1.0
799000	-12.528939431902506	-5.770790875523819	-6.758148556378687	-7.9561124546413815	2.185321579117563	0.5328541380581335	0.9221325839041424	0.584553079946121	-4.656178241371288	1.0656938195243293	17.76113455052206	1.0
800000	-15.229906550035466	-6.56611140041135	-8.663795149624116	-8.98423743181268	2.4181260314013304	1.4034446432338616	0.9283358555536976	1.0845500212810615	-6.250411745180373	0.3854607628402426	16.686940605867598	1.0
801000	-17.730278095069377	-13.830186052318563	-3.9000920427508143	-7.71546206022153	-6.1147239920970335	1.0957734552995615	0.5216390264780194	0.6517935882550234	-0.74199488851113	0.9207369865911058	0.3069144378714889	1.0
802000	-15.766350840613544	-7.4074725076802705	-8.358878332933275	-8.437210910948524	1.0297384032682535	0.6602448060404513	1.10390766305676	-0.5246728199014514	-3.685259453720623	1.3846649969773568	1.6349607067589214	1.0
803000	-16.05359688680329	-9.208309011332592	-6.845287875470701	-7.188087680261756	-2.020221331070836	0.5080957822657608	1.84014303862857	1.8961209481996784	-2.5869753501652486	1.0382328175192315	4.59435604884862	1.0
804000	-14.005551066750854	-6.0861714699195435	-7.91937959683131	-8.43513421482187	2.3489627449023267	0.10384028102433876	0.9671718649291859	7.036681986819227	-4.850924097183928	0.9854202543108901	104.18537462122207	1.0
805000	-11.89716395630921	-5.733086400726042	-6.164077555583168	-7.950093016710991	2.217006615984949	0.3077688222266018	0.6541535462295669	2.481434255002928	-5.0628405930323535	2.3783841614444126	14.375407129658766	1.0
806000	-16.381824326781654	-11.540797659230869	-4.841026667550787	-8.013525436931765	-3.527272222299104	0.6777200346889832	0.7077161341947465	-0.11786917273096137	-1.5863164197062272	1.5980988215359664	0.5399849673423942	1.0
807000	-13.218225830999888	-6.027727531427924	-7.190498299571963	-8.526280575197255	2.4985530437693306	0.3016417251441139	0.8150970170417237	1.9035798113969467	-5.107658035234342	0.6180855709402306	14.01577444084422	1.0
808000	-13.0287583745953	-5.6255444611754415	-7.403213913419859	-7.947010614850754	2.3214661536753125	1.0681012347343932	0.8946964492302697	1.516664077921353	-4.822125968748212	0.8344096743937865	15.531824497175954	1.0
809000	-18.17128275855462	-14.358960324229532	-3.8123224343250905	-8.464649374753062	-5.894310949476469	1.441734950741612	0.9812289801666335	-0.13901680476572092	-0.5838131176089989	0.611202643700675	0.09869949749643789	1.0
810000	-15.17051237890604	-9.513658001538424	-5.656854377367616	-7.315895027599269	-2.197762973939154	0.855591239650408	1.0477465058602233	0.9096445021106763	-2.0193464365359777	0.9866633487620019	2.96684890211932	1.0
811000	-14.7096369633476	-8.159671018686629	-6.549965944660972	-7.448945324443977	-0.7107256942426523	0.802760237395311	0.4660153134595099	0.4438416505298586	-3.597799364390867	0.5801866776473261	7.239364436871524	1.0
812000	-14.437426300817737	-6.85489540362449	-7.582530897193246	-8.042022941601777	1.187127537977287	0.7141650311703961	0.8700788104490726	3.5165727086762066	-3.8661721018782025	0.5355389975573915	17.863424755086676	1.0
813000	-13.478995834478855	-5.826070308738395	-7.65292552574046	-7.547210104371813	1.7211397956334178	0.45288864372719223	0.5823316588633798	4.631537682056984	-4.813165160697423	0.5939697454398858	16.367018838102084	1.0
814000	-12.325723473401862	-6.17324081099188	-6.152482662409982	-7.183207921093352	1.009967110101472	0.5770568321292052	0.6195506658070407	1.569282936637832	-4.1583846539967535	1.3262456579680098	10.540258281191065	1.0
815000	-14.158610047434863	-6.959572298875572	-7.19903774855929	-9.363652372113762	2.40408007323819	0.12384055647753034	0.3923703914252076	4.7194197026050055	-7.091096511803292	0.8617920615907696	28.93795042537534	1.0
816000	-17.30100404392356	-11.16986000764087	-6.131144036282691	-7.982111690635577	-3.1877483170052923	0.7113455811116338	1.4385093581597173	-0.1865614831692639	-1.7827229261091524	0.36666688107115303	1.2984293259887765	1.0
817000	-12.10102662335568	-5.341766970284429	-6.759259653071251	-7.27841853998288	1.9366515696984514	0.3655184949151022	0.4003603432568594	2.842987215512072	-5.977357667779369	1.1652783632289865	11.660368896263194	1.0
818000	-16.49606882560311	-8.677139508404673	-7.818929317198435	-8.889450462124856	0.21231095372018238	0.7084209691184913	0.34253358565771097	-1.1265821145000008	-9.099380475276863	1.3324733554083141	19.03134568673325	1.0
819000	-12.214432105583953	-5.324910768674938	-6.889521336909014	-7.13721712627439	1.8123063575994518	0.49707908830263864	0.6708080471263425	2.0780621230966334	-4.639179870031265	1.2720230060411404	5.52703506625743	1.0
820000	-16.388352666298786	-11.525884694905361	-4.862467971393427	-7.791520669593874	-3.7343640253114865	1.1375386451673017	0.8813599145078089	0.18838854918083547	-1.3940094604305044	1.1031590906831237	0.9015195270144954	1.0
821000	-19.51854109318733	-9.838509047748245	-9.680032045439084	-8.619411360850922	-1.2190976868973227	1.4323530573352736	2.4043422698922967	-1.1204552761539288	-4.191883733088256	0.5977488435985249	2.6575809039708544	1.0
822000	-16.67682410239223	-9.933022711216452	-6.743801391175781	-8.150593294551463	-1.7824294166649892	0.7882490013533084	1.7892911981875592	-0.5892132449200198	-2.6404830851291945	1.0490296973322077	3.562055054263659	1.0
823000	-15.410651980787208	-5.944674435820363	-9.465977544966844	-7.206990743274086	1.2623163074537231	0.6294132768248264	1.5769150956806217	1.3260646401798666	-4.452493379645954	1.9591354868733353	3.0533101860241336	1.0
824000	-12.435197666907968	-5.330089566906887	-7.105108100001081	-7.402037675664393	2.071948108757506	0.7745144631617477	0.8585131937005793	2.423472691269216	-4.578804106577094	1.051358449437532	9.832151742877535	1.0
825000	-13.18229507174236	-6.115855917865324	-7.066439153877035	-7.12815947164262	1.0123035537772962	0.40357291857226346	0.720994370975343	2.8020680029213914	-3.9373028789379303	0.64307853366084	6.914360189549661	1.0
826000	-16.331023248790814	-7.79487988110891	-8.536143367681905	-8.817466842424308	1.0225869613153975	1.417216534760666	0.9923838183879833	0.828285400074172	-3.6890842815646696	0.6452263132757505	1.9998264395660752	1.0
827000	-14.78762430021769	-7.6883436038180175	-7.099280696399672	-8.274335626377399	0.5859920225593811	1.100248546621733	0.7101241251223166	-1.0509931154417937	-3.6807317201325414	0.9283504910934728	3.2521131553598774	1.0
828000	-13.79966486938551	-5.779090161519184	-8.020574707866325	-8.248789079795394	2.46969891827621	0.8260795257981904	0.6054008533859432	-0.7821258901583277	-7.047450975106739	0.5977345438487119	37.85295026742295	1.0
829000	-13.897048233613813	-6.10877636613857	-7.788271867475242	-6.970874696709299	0.8620983305707295	0.530466479303882	0.901828823496688	2.5161936529234357	-3.6282923740799586	2.7078297139372856	3.4491786267401268	1.0
830000	-13.684676448846723	-4.491886017626617	-9.192790431220105	-7.227902566827073	2.736016549200456	0.268176582994263	0.5773030930309778	5.293726917190053	-6.58532218151491	1.8058837039798759	7.060382028607771	1.0
831000	-13.947740067850454	-6.593502103289463	-7.354237964560991	-8.147959208791109	1.5544571055016463	0.44179245974011294	0.35535195776783524	5.20884569312555	-5.934339686805874	0.9654965481064258	16.809681770198768	1.0
832000	-13.508978926196884	-5.270265461003506	-8.238713465193378	-8.04070269212356	2.770437231120054	0.6144186157785528	0.609157247390343	4.068732539789568	-6.421014131780403	0.7569422059916341	11.79064937195982	1.0
833000	-14.123893136026167	-7.8579214485003925	-6.2659716875257745	-7.393745741421677	-0.4641757070787156	0.3044360857937109	0.75482866015003	3.363584455374929	-3.0054950169784	0.951775596806833	10.707808536898783	1.0
834000	-12.359266279614577	-4.899417104391434	-7.459849175223144	-6.949918592042897	2.050501487651463	0.4900461991657778	1.0800326359900354	3.1454562505287678	-4.529182172305317	1.0504097933394854	40.13784655900672	1.0
835000	-12.60713974252837	-6.138298125514102	-6.4688416170142675	-7.222203207775505	1.0839050822614027	0.46878289229046605	0.8633171305918067	2.0707198799726276	-3.802173510889346	1.4555723181684204	5.2541137761868795	1.0
836000	-15.469150712374788	-7.1125833030219425	-8.356567409352845	-8.3841420116927	1.2715587086707583	1.1080603701407166	1.4826632576970533	1.852467773735439	-4.207094133260706	0.5598338820584632	37.60418550722285	1.0
837000	-19.812745486552256	-17.147884354032044	-2.6648611325202114	-8.578967615088299	-8.568916738943747	0.44603540366062255	0.4649496951331758	0.4652750549044375	0.1683007849436851	0.6136177671322818	0.3453427134498425	1.0
838000	-13.564224841513337	-6.882137376771242	-6.682087464742094	-6.951574438082097	0.06943706131085481	0.4397730567765872	0.6671768371734113	3.2212223481698943	-3.449425788154876	1.7285714314380158	4.364392324314325	1.0
839000	-13.832505340105346	-6.455158249566441	-7.377347090538905	-7.008685096096894	0.5535268465304526	0.6041929009882022	1.4729239287809133	2.1402271869306824	-3.5904582869863724	0.6144807289612662	5.537314891629646	1.0
840000	-13.144256495741466	-5.3378137437824265	-7.8064427519590405	-7.401270941209506	2.0634571974270797	0.5918460650334555	0.32962232262075153	3.5736079719551395	-7.8713742639851265	1.6994698167936735	12.83590433536732	1.0
841000	-16.882086635280935	-8.769124727229386	-8.112961908051549	-10.072158541832858	1.3030338146034728	1.9195225878350517	1.0751306373088683	-2.0267691331955504	-3.8732167697784834	0.784202564884067	5.511156008543519	1.0
842000	-13.563013450906169	-5.5852152115552505	-7.977798239350918	-7.626154533077067	2.040939321521816	0.5667135220577002	1.1063424116493967	3.987052085132223	-4.53607404235536	0.5449155984273762	11.790247397884118	1.0
843000	-18.779790634122687	-7.397535515561229	-11.382255118561458	-9.28986650737216	1.892330991810931	1.2913609763127285	0.5151721564029044	1.8172953248464512	-5.233483614776212	1.550553024431154	2.2542141945541134	1.0
844000	-16.058045473199265	-9.650630701698294	-6.407414771500969	-7.098592498654407	-2.552038203043888	0.6126567333618731	0.6404106003687138	2.8736930689970848	-2.1252755598052433	0.6354900508773584	7.4971983015802754	1.0
845000	-13.404329679447198	-6.163992792430627	-7.240336887016571	-7.074880300824575	0.910887508393948	0.6455625402840545	0.8934487989151608	1.7195283807873118	-3.6652122489035452	0.953986282384503	2.9833505989337974	1.0
846000	-16.419501749495478	-6.469965927062748	-9.94953582243273	-9.179662294299597	2.709696367236849	1.6547969925441621	0.5694651032145038	0.042603120881868684	-6.6907462295224525	0.9247708176492684	5.288169438615705	1.0
847000	-12.17370122430863	-4.82169482117393	-7.352006403134699	-7.404144655778253	2.582449834604323	0.6628913164233639	0.6584768826201892	3.1349110351286873	-5.51793487946314	1.2057565541831028	10.216481029059247	1.0
848000	-12.939301841941882	-6.510693882101926	-6.428607959839956	-7.223578190325904	0.7128843082239786	0.39845217732450383	0.9307704707546066	2.6285296549104924	-3.517621574021476	1.6361490413846482	5.980802005105594	1.0
849000	-14.86334762471697	-6.781693932378593	-8.081653692338378	-8.649456853851504	1.8677629214729112	1.3979268340383746	1.3735362522629138	0.6977452081606885	-4.900553662476816	0.8778356309289108	9.21540742011735	1.0
850000	-13.723005462842814	-7.343658022576534	-6.379347440266279	-7.084101799371361	-0.25955622320517335	0.6949623357457949	0.6876613794174069	1.984561563215272	-3.221193347158012	2.0133910333934875	4.096252772605781	1.0
851000	-14.107306229302656	-7.829577720377868	-6.277728508924788	-7.2876489293257025	-0.5419287910521655	0.8373082122021546	1.0637238966449278	0.9864628305973346	-2.786588407258047	0.8031434780955866	4.413474112545249	1.0
852000	-13.763701735827858	-7.281772825110259	-6.481928910717598	-8.343737697492886	1.0619648723826263	0.3253231053154772	0.3559970935753954	1.813983044415603	-8.680883526582006	2.0769886187524764	48.09047439743181	1.0
853000	-14.649281693158251	-9.054826760803351	-5.5944549323549	-7.445998814028007	-1.6088279467753446	0.514892321110089	0.7446728573305512	1.381220433544798	-2.4316526018670466	2.3310544723976654	2.368991709067315	1.0
854000	-18.000779027871246	-14.631655444423103	-3.3691235834481423	-8.777904107379243	-5.85375133704386	0.5990213399267854	0.7504879928094937	-0.6100119853099801	-0.6001626785194746	1.9213885625879294	0.8145683475410548	1.0
855000	-17.088045948801486	-11.80231032549875	-5.2857356233027355	-7.176553625177172	-4.625756700321578	0.7297303513535743	0.607114702445954	1.2646077138818623	-1.234831041170689	0.9145034152610079	0.617883874271983	1.0
856000	-15.834933660825843	-8.093248360978016	-7.741685299847827	-8.528957724526032	0.4357093635480158	1.4572600630028814	0.4693354979827325	-0.017920659255578786	-4.303384863905505	1.237409172000623	3.4026896837703466	1.0
857000	-11.990237232534064	-5.353005581258474	-6.63723165127559	-7.302504184885324	1.94949860362685	0.5512917315401858	0.6810398599781372	1.435441040570328	-4.7355923905698205	2.2216662061310446	22.51895934998655	1.0
858000	-13.575046210427288	-5.775655366868836	-7.799390843558453	-8.334259448477123	2.558604081608287	0.4485061475093968	0.9376526460179352	0.6981391899312687	-5.193575935019678	1.750727366487667	4.293973658562057	1.0
859000	-18.60317406719821	-12.31689721348912	-6.286276853709092	-8.378292445383892	-3.938604768105229	1.3337772471650213	0.320303854693637	0.6180311791607156	-2.605488239323397	0.8592015576919457	1.583588170168137	1.0
860000	-15.704761020528078	-7.724410924380204	-7.980350096147873	-7.80512768285861	0.08071675847840609	1.1462279666738242	0.8142806462742262	0.40440843310896646	-3.2369746296327455	0.24058355998473915	9.71658027668849	1.0
861000	-16.39255861669674	-7.736541715716957	-8.656016900979782	-8.404662538783946	0.6681208230669888	1.401404462543266	1.6162346262148939	-0.6659276144512343	-3.8654601742482257	0.21754480791963152	11.48945806970114	1.0
862000	-12.449969703155384	-4.4770373894110715	-7.972932313744312	-6.983384143638766	2.5063467542276943	0.40213785171454214	0.6423247345117069	3.9009456277673618	-5.449195998212055	1.284072433760586	6.587566296789899	1.0
863000	-12.77804325580588	-4.889509508495835	-7.888533747310045	-7.007813945666819	2.118304437170984	0.3899700832909366	1.1139565643578788	3.350701272764251	-4.6385543169291115	1.5921263671429984	5.781641147310896	1.0
864000	-13.088007623216706	-6.634483916725065	-6.453523706491641	-8.931581112921027	2.2970971961959616	0.20754699736866802	0.8675039878080917	2.96143845791676	-4.8080080629690904	1.383336391183878	14.04035529208137	1.0
865000	-15.900169766243831	-5.596761237626061	-10.30340852861777	-7.903083222689848	2.3063219850637875	0.22534366597095573	1.1628714301494198	6.671189336272077	-5.428010653119813	0.7066619944170747	7.811567596128659	1.0
866000	-16.028617408905404	-7.47559890079984	-8.553018508105566	-7.815217583278601	0.33961868247876126	1.076759875703025	1.9305580343983337	1.2101547075598158	-4.845896667878494	0.9891915990266388	25.03860629192733	1.0
867000	-13.189687050922402	-5.512585749667957	-7.677101301254445	-8.174693767695038	2.662108018027081	0.7585617265411198	0.8526509911525934	-0.5458134174586106	-5.387199929375763	0.524791477138345	17.936894756424348	1.0
868000	-15.137194383752053	-5.802425857964136	-9.334768525787918	-8.270034202626558	2.4676083446624224	1.0141859715748358	0.43298369660951636	-1.0326294129440268	-7.233129746458491	1.8243519188187636	6.335693318734714	1.0
869000	-12.709848241987835	-5.342553506825783	-7.367294735162053	-6.949548524931721	1.6069950181059385	0.5120169887504809	1.2107689774282933	2.877144132465031	-4.171837087007828	0.6544679805225573	12.186291216812162	1.0
870000	-15.77455301410852	-8.213569962777475	-7.5609830513310445	-7.59935446819429	-0.6142154945831848	0.8703437297172196	1.7436926199329492	2.1554294841249853	-3.1729874924507295	0.4843214199945177	6.348268774011196	1.0
871000	-12.254121700080997	-4.450666105955485	-7.803455594125511	-7.067997222765372	2.6173311168098863	0.520032562488806	0.9315345182502124	2.136932116559939	-5.340445847053094	2.755002845935944	32.70357168199328	1.0
872000	-15.114487853685532	-6.795397507217352	-8.31909034646818	-9.43879678376648	2.643399276549127	1.527585747865831	0.5034974622752789	0.9812048825214451	-6.4583372194302076	0.5872065899795241	12.659993675379587	1.0
873000	-13.022321365617053	-5.390548745279382	-7.631772620337671	-7.472980019504433	2.0824312742250513	0.7869864651961662	1.2744135939264407	0.41084566724742455	-4.993711534775993	0.7039761975776734	8.113546745623369	1.0
874000	-12.777080595427602	-5.246533274376335	-7.530547321051268	-7.107488716733561	1.860955442357226	0.6850613942623152	0.6396581726539843	1.5593878616217665	-4.760186378373244	1.0116185186090145	4.3011624472143195	1.0
875000	-16.958044993237163	-8.794959236470252	-8.163085756766911	-8.18205621316126	-0.6129030233089905	1.0006499546503982	1.0612214599031387	2.174588781209687	-2.751067449500261	0.26400409804066266	14.98291407197273	1.0
876000	-14.463797569988833	-7.931254422236329	-6.532543147752504	-7.9121798577704165	-0.019074564465911603	0.8506651597059631	0.6093902451018952	-0.40435275724322295	-3.5282521724210634	2.5095298866595623	4.996944288795719	1.0
877000	-12.747016285731736	-5.912181762958596	-6.83483452277314	-7.651973438400961	1.7397916754423646	0.7211461078646781	1.0806328888067889	0.23419061237539385	-4.2217574804592815	1.0003487764474293	9.877273989694622	1.0
878000	-13.089499247475352	-4.94603160417395	-8.143467643301403	-7.384315472628883	2.438283868454933	0.8281275709163447	1.0926537710590933	0.5928965978959513	-5.342612018501147	0.474195024098411	7.83574005531101	1.0
879000	-17.025063052787207	-14.29278564964936	-2.7322774031378465	-7.757611800526778	-6.535173849122583	1.1118706155259273	0.6128343163042189	0.11759733883132267	-0.4299957863969005	0.6885441948467546	0.22926216619138245	1.0
880000	-14.07809883132581	-6.169218511117939	-7.908880320207873	-7.064307815924681	0.8950893048067421	0.489955807066294	1.7475586287253888	2.3170701471582933	-4.9237186393125745	1.2823060578998342	13.539604109327202	1.0
881000	-13.493480785680788	-5.965695466413684	-7.527785319267103	-8.339643243448053	2.3739477770343695	1.3763615887793759	0.7116549758076055	-0.5875004719529915	-5.102489582864413	0.8840152427180452	10.972816342148288	1.0
882000	-12.470241434126747	-5.1614075747619985	-7.308833859364748	-7.547513000652139	2.3861054258901406	0.9891532070232893	0.4126237678027153	0.37658080409757577	-6.597449454665767	1.3979388763878458	14.459826693114467	1.0
883000	-12.627888647073885	-5.093417694982848	-7.534470952091038	-7.860775528411498	2.76735783342865	0.41137217020260314	0.5975540859877071	1.529224681657723	-6.308310210032396	0.6158294632693957	15.262112577058891	1.0
884000	-16.939600428640567	-8.085897054559132	-8.853703374081434	-7.311502091643206	-0.7743949629159257	0.82731852101527	1.468035129615344	1.804132664684356	-2.8297028616325077	0.25850841372316374	35.023723735179274	1.0
885000	-16.642751895324054	-8.571329025222346	-8.07142287010171	-8.11403623213554	-0.45729279308680626	0.6840668132338552	0.5418195149756585	3.7370548823169476	-3.4638034356572085	0.6007349331770505	4.299399769492568	1.0
886000	-14.7586139227354	-6.6167293081076926	-8.141884614627708	-7.328504522245441	0.7117752141377487	0.7763131479717248	0.6202640985583806	0.7552494429779288	-8.000847691361567	2.607922954364801	52.91522069962525	1.0
887000	-16.282389211009516	-11.258325873028493	-5.0240633379810244	-8.460839794014566	-2.7974860790139267	0.709219856184165	0.6118568370270459	-0.7151140096966385	-2.059685838090064	1.152377393341449	3.666120574244575	1.0
888000	-15.724665638976141	-6.997965569153926	-8.726700069822215	-7.400358375324359	0.4023928061704325	0.42495865740443717	1.9005481836206999	2.071390935904449	-4.935783825170187	1.8255536002416526	8.244222275935543	1.0
889000	-12.396922350052773	-4.967111177190982	-7.429811172861791	-7.693428294255797	2.7263171170648155	0.5888487247944141	0.8413964939866819	0.6397596615081762	-5.968079779467433	2.191938548431575	31.841388561511682	1.0
890000	-15.576118888344416	-6.9178455804522425	-8.658273307892173	-8.199828016657378	1.2819824362051349	1.311003703988164	0.21898356683043094	0.3202501048539803	-7.50191666218614	0.930127412467727	9.340611485325253	1.0
891000	-14.497179787032788	-7.710522320371729	-6.78665746666106	-7.905439301259825	0.19491698088809617	0.9566940614189644	0.8217357832285841	2.09064528076975	-3.294446898897002	0.7544153914894396	9.027188833624214	1.0
892000	-16.189222853785008	-9.931117172998556	-6.258105680786451	-7.986237617792198	-1.9448795552063585	1.0789180360219477	1.105738153740281	-0.6092786390879185	-2.1345324182995213	1.5136111231369591	3.325844139067349	1.0
893000	-12.139197242768766	-4.674459577628588	-7.464737665140178	-7.308054343393289	2.633594765764701	0.4536428780052683	0.7622549913566341	2.0117041469645622	-5.386242492068163	2.6930846479705375	6.867332395905052	1.0
894000	-12.900931560214307	-5.4174324098888205	-7.4834991503254855	-7.837494037637143	2.4200616277483222	0.7469402819675285	1.013461612812656	-0.09741617594656515	-4.994203422905331	1.0810860557284172	5.853334222375382	1.0
895000	-17.66656491228091	-9.534759928260184	-8.131804984020729	-11.489341877182127	1.954581948921943	1.098395677882612	0.39224065269273706	-3.54039560963141	-6.065905039716106	0.8678711028157	83.09647561567658	1.0
896000	-14.617849665209954	-6.954481912968127	-7.663367752241827	-7.78822606157968	0.8337441486115527	0.5516319018356222	1.7735200167346894	0.692908035370726	-4.624892787618944	1.1047793145936915	7.800561995646808	1.0
897000	-22.020513722487202	-18.009541677618703	-4.010972044868497	-11.541816133638676	-6.467725543980027	0.23112013114426574	1.4359954923451448	0.35214228660578856	-0.6766112187753907	0.4375368771153616	0.23425216993279246	1.0
898000	-15.401271570432764	-14.669537387865406	-0.731734182567358	-7.656726357128907	-7.012811030736499	0.8765876121789182	0.8710283338587825	-0.03001607376847884	-0.16790847864653616	1.0075465284668645	0.040206865623234396	1.0
899000	-17.55694505718014	-12.192602151917288	-5.364342905262851	-7.280309867043838	-4.91229228487345	0.7465614587076627	1.0204043400677485	0.9084411151598033	-0.9452162708341254	0.8724408183569694	0.2920006801797237	1.0
900000	-15.678512764821587	-10.105720201590952	-5.572792563230635	-7.8074680088548405	-2.298252192736112	0.8826784462919369	1.0062496997586148	-0.2901836065442486	-1.9760351177673232	1.028180651382565	1.192886334894702	1.0
901000	-18.977779331353922	-14.369740648545857	-4.608038682808063	-9.003302572526353	-5.366438076019505	1.6365854958080934	0.5311226067825979	-0.23247777965676608	-1.047890117631082	0.6546328956533038	0.8191345009129072	1.0
902000	-14.245970335577415	-6.049077981521466	-8.196892354055949	-8.329699158416945	2.2806211768954787	1.3725703375971974	0.597946428539799	-0.5744912856961298	-5.30597108385647	0.8333424256805658	5.307989778604589	1.0
903000	-12.512553081027415	-5.797759625802733	-6.714793455224681	-8.230165991264577	2.432406365461844	0.38071171270242593	0.8051567467350044	1.3677761707525464	-5.027540966975966	1.1758562951235685	7.675023945059187	1.0
904000	-14.89369301096983	-7.172253082572302	-7.721439928397528	-8.09862229787017	0.9263692152978678	1.275823805337816	1.4846526520318777	-0.2974318247344205	-3.8828881558059987	1.023389416433213	5.224047679588909	1.0
905000	-15.159611279277273	-7.7297504037427185	-7.429860875534555	-7.284542318986976	-0.4452080847557429	0.813174687051134	1.0772947820205676	1.833028464959966	-2.8353374220042076	1.3546359594058532	1.9033078431944424	1.0
906000	-16.277044566599123	-8.797258323087254	-7.47978624351187	-11.01972113490185	2.222462811814596	0.21661571683036734	1.2129775982632383	0.9928813421890448	-5.280454071212242	1.1809955925270332	5.6505585401315415	1.0
907000	-14.595929185226312	-7.884490642009662	-6.711438543216651	-7.759803890424437	-0.1246867515852248	1.0823497597934852	0.6449122308304414	1.016732240001134	-3.382723984568843	1.4754992154666495	14.464521580233521	1.0
908000	-11.813192946044243	-4.343451469226498	-7.469741476817745	-6.946700190481378	2.6032487212548805	0.44295787504082107	0.6775049370324733	3.2923768238048803	-5.500533380265469	0.9787201463174207	8.91750924469837	1.0
909000	-17.719862940439278	-13.612575701670806	-4.107287238768472	-9.209561517908861	-4.403014183761945	0.3865062946097588	0.5187133442368276	0.3532734347951409	-1.5111055795922343	0.8582606479338077	1.2610567221440294	1.0
910000	-11.920427809932583	-4.851777974888165	-7.068649835044418	-7.169774374772354	2.317996399884189	0.65237313884955	0.9274142912198691	1.363777781261751	-4.808459977695068	1.760706356332549	9.10502389264048	1.0
911000	-18.429751942597182	-10.311313498386495	-8.118438444210687	-9.710219796854359	-0.601093701532136	0.34917555214472584	2.20412410310895	0.27336655136784577	-4.827923264945288	0.6502513568226085	5.882819085898995	1.0
912000	-11.411428021952934	-4.551604084295674	-6.859823937657261	-6.9858000362598	2.434195951964126	0.4723598139580494	0.5829020918030389	2.7203439388185764	-5.5551516981009765	2.1768304143710577	48.86600109150066	1.0
913000	-17.936569093067842	-10.195509235370206	-7.7410598576976355	-7.836208964616894	-2.3593002707533124	0.7464426423625731	1.6853413216165758	3.155675964299076	-2.2966613645211362	1.5308754553411934	8.091063558586452	1.0
914000	-15.63113131025617	-8.618755272437802	-7.012376037818369	-8.617265742977688	-0.0014895294601142695	0.8829370784879228	1.1883843367055393	-1.2764884712599165	-3.082825228492145	0.9414686247430866	2.5835878141489954	1.0
915000	-13.80770781573485	-5.683565205252673	-8.124142610482176	-7.951384166981788	2.267818961729115	1.0980014445583213	0.5902634470537754	-0.5220200150050376	-5.318590839828123	0.37492732690579506	11.186489541869587	1.0
916000	-13.406438562355488	-5.376558592740112	-8.029879969615376	-8.004790615314652	2.62823202257454	1.1570566457739477	0.9122049855561921	1.057435849532331	-5.341578124189503	0.9558438488384368	6.651065172544393	1.0
917000	-13.605570848873473	-5.261981396070891	-8.343589452802583	-7.367701692824113	2.105720296753222	0.8220029955650647	0.5658990962764135	2.017998756768588	-7.4642637691048455	1.060645412133214	10.776199029484896	1.0
918000	-13.59446475552723	-5.791857983957626	-7.8026067715696055	-7.991453203054917	2.199595219097291	0.33471002917710274	1.0864202263489788	2.11087012041779	-4.72065691991089	0.8774130785767525	4.543845059606922	1.0
919000	-15.49538742296398	-5.800335900329393	-9.695051522634586	-8.554032425218379	2.753696524888986	0.9929400124978942	0.8168382794194968	2.5431711323718145	-5.9590981793770075	0.7468724232682561	4.828088006444266	1.0
920000	-13.757438390759926	-7.298800476068022	-6.458637914691904	-7.203959224218018	-0.09484125185000458	0.7504150380139076	0.5680093407379592	1.1649166043822232	-3.5969771227189904	2.1555911516581787	18.825988494699956	1.0
921000	-17.5952819183171	-6.4079700795089005	-11.187311838808197	-7.526987334971247	1.1190172554623468	0.6190970800281486	1.2970026612105332	3.561314815900625	-3.834788167699561	0.8191146018698531	2.0561955288580327	1.0
922000	-11.818659380500208	-4.9255279801590754	-6.893131400341132	-7.590769208302173	2.6652412281430973	0.5258435995139601	0.5422593205879386	1.099924780093888	-6.198414081240859	3.139243998419139	18.195885647331814	1.0
923000	-12.181776735767432	-4.3586456391551724	-7.82313109661226	-7.031056723321454	2.6724110841662814	0.561711973066957	0.5183390307788627	3.0401523998895743	-6.44527109310939	1.521489777903274	8.276656317231616	1.0
924000	-13.503544434056291	-7.223083665671066	-6.2804607683852245	-7.8416631471765115	0.6185794815054462	0.3295114734777724	0.5638378739860801	2.3580851750527856	-4.057972781020601	2.2095613901485223	4.208225783086592	1.0
925000	-13.390847428290504	-6.028787266998096	-7.362060161292408	-8.152915114919166	2.12412784792107	1.0054794972156642	0.7109609138005086	-0.8760927759723054	-4.8350627984323165	0.7885650357766247	6.7716076276006545	1.0
926000	-14.205487743391899	-4.6630997442979805	-9.542387999093918	-7.223112123435722	2.560012379137741	0.2558214906234243	0.47288913300514307	4.786801285163911	-7.061574059510037	1.8665734404977108	6.332042756173314	1.0
927000	-17.937309708282392	-4.932594584507299	-13.004715123775092	-7.666938375843881	2.734343791336582	0.2248803624258865	0.6365626180810036	6.395796050682148	-6.559919678486521	0.37374603033354664	5.911495572086712	1.0
928000	-11.836297591883074	-4.660717419762459	-7.1755801721206165	-7.152854323785945	2.4921369040234866	0.7469597072962775	0.4803827167067652	1.4526726354976	-6.2065940384776495	1.139684763428292	11.63045752008611	1.0
929000	-14.3512443936445	-5.793081662499747	-8.558162731144751	-7.440501600266766	1.647419937767019	0.6479621154226322	1.469011226548402	0.793289373212927	-4.84219368638878	0.4529429278634007	4.504749699597107	1.0
930000	-18.040640153410997	-9.340150309509534	-8.700489843901465	-11.778549253918687	2.438398944409153	1.798625317949335	1.0135801120146244	1.5009559276405033	-5.92922534100921	0.9080813394601571	10.732337777149866	1.0
931000	-12.427363821695666	-4.543128567292877	-7.884235254402789	-7.299741777308238	2.7566132100153613	0.8374700005858645	0.7935394718947224	1.6531595540395885	-5.684881151845554	1.6775463256410308	7.537824912817467	1.0
932000	-12.491548657049584	-4.785083474234685	-7.7064651828149	-7.031189265329859	2.2461057910951743	0.5915586911133732	0.38683488090463075	2.799155567639431	-6.5678544385167665	1.865885014383813	7.908701125555646	1.0
933000	-14.114947912112939	-6.315015252831471	-7.799932659281467	-6.987709588913921	0.6726943360824498	0.55554484503872	1.0961667737357113	2.3280334628292834	-3.4558560014309627	2.9420639882225434	5.729405767891758	1.0
934000	-14.851764499298993	-6.028239365831022	-8.823525133467971	-8.266176833515358	2.237937467684336	1.1911843661118848	0.3532545619495268	-0.9814626865965734	-7.532294956972267	0.9632430887754685	8.917808990948181	1.0
935000	-15.551716420751362	-9.558824183197423	-5.992892237553939	-7.362545010955728	-2.196279172241695	0.8001003734069285	0.5263130633370947	0.6535677456738278	-2.5635559876636558	1.7169884813817466	15.342592282690061	1.0
936000	-14.437590086709465	-7.16178404777113	-7.2758060389383346	-8.924095390598701	1.7623113428275712	0.6912447571392993	0.9047897246798209	-1.1025518135634826	-4.269945173841798	1.3843254560182394	3.837113566742656	1.0
937000	-16.147970229854085	-9.292196969444635	-6.85577326040945	-8.21799062954699	-1.0742063398976462	0.6279768787835914	1.0309928293739807	-0.16706176610572065	-2.5279686257217286	1.29100570055534	0.9266956550393384	1.0
938000	-12.275422126732261	-5.436007931904569	-6.839414194827692	-7.150425389457993	1.7144174575534246	0.7505295385756323	0.3970186927785806	1.5173671806411109	-5.7565678069891195	1.9302479008594602	9.667016735358162	1.0
939000	-15.649863453139279	-5.828168661174975	-9.821694791964303	-8.539768345888131	2.711599684713156	1.4754978191665975	0.6151265876011278	-0.560788673569636	-5.931711091158492	0.6922091331998349	4.026758462328944	1.0
940000	-13.150441714754773	-4.294504746730673	-8.8559369680241	-7.0844483488807395	2.7899436021500668	0.6962170845037117	0.652433955077535	1.813965640333648	-6.096113267257354	0.2788842992740088	13.869886019436166	1.0
941000	-18.04548420510877	-7.3929703251790695	-10.652513879929703	-7.666003533661732	0.2730332084826621	1.0517984599453254	0.8763755629088364	0.9727399489090232	-3.29150048582842	0.33361903173854474	0.9827964920695728	1.0
942000	-15.134666765550534	-6.172624360875697	-8.962042404674838	-6.945157032812104	0.772532671936407	0.4760889358760017	1.7397234460890627	3.0249573573978275	-5.216826220329708	0.8973046985185494	5.729461917215562	1.0
943000	-16.911537370118438	-9.680112550104214	-7.231424820014226	-7.995382649374641	-1.6847299007295726	0.15103519740581528	0.32973075413063574	5.653249049414043	-3.797053346799469	1.759375925413325	5.956140885675828	1.0
944000	-14.444931438570165	-6.318142009245397	-8.126789429324768	-8.917919373537057	2.5997773642916595	0.7461936923989093	0.479562280995288	-1.264093745843761	-6.934835357112053	0.5174166425327337	42.78416937055707	1.0
945000	-16.163215100888095	-7.618995319707125	-8.544219781180972	-8.219781393031752	0.6007860733246275	0.7428892561892887	1.0309496656667547	3.5049749340308827	-3.4154637966357715	0.7399527965677912	3.3398560053283846	1.0
946000	-13.620795924309773	-5.4619550088629865	-8.158840915446786	-7.775408366429696	2.313453357566709	0.8173218726457689	0.4703108750869647	-0.15492724878374148	-5.96613506471169	0.7054504746083116	6.141973923576662	1.0
947000	-19.316772949675702	-15.502163181483905	-3.814609768191798	-8.111961002432581	-7.3902021790513235	0.8182984397113665	0.39685864480955807	-0.6064778126015401	-0.5242221076621925	0.5483410537449316	0.1718291060205148	1.0
948000	-13.84214221888552	-6.377319684909608	-7.464822533975911	-8.189524347202246	1.812204662292638	0.7548232209157075	0.4773892341803905	-0.5531478095063163	-5.343225942789272	1.1013423078802431	5.087066141376643	1.0
949000	-13.822952388458727	-6.234670119884128	-7.5882822685746	-7.5012208819852795	1.2665507621011516	0.6705315379414478	1.1601251500271834	3.2195313285730363	-3.8654248780256295	1.271471065900767	34.249840068596605	1.0
950000	-13.55658853065023	-4.659423132543136	-8.897165398107093	-7.410356624316034	2.750933491772898	0.23748527812955827	0.581026113877117	5.880181221577088	-6.492436914491058	0.9156667448091107	10.01907884907302	1.0
951000	-12.174942562225947	-5.277039732118359	-6.897902830107588	-7.409034413470492	2.1319946813521327	0.8396077882904336	0.777973810123686	0.526911989185592	-4.727486877377052	0.9816088971478643	9.916221669459967	1.0
952000	-11.63109674450355	-4.342243978198729	-7.288852766304821	-6.986584874621843	2.644340896423114	0.39504640853641093	0.6864083214387612	3.4160485244963033	-6.635682839333043	1.0883825728366883	47.06988846112615	1.0
953000	-12.99921347328647	-5.676664841403603	-7.322548631882866	-7.472573808575708	1.795908967172105	0.687612430680981	1.281099321009024	0.6160027036009413	-4.453506089482954	0.7505662361251483	17.22778943720129	1.0
954000	-12.968382747000792	-6.958996309230672	-6.00938643777012	-7.271972801812433	0.3129764925817615	0.37351694143376196	0.3416389323086009	2.7723085654137027	-5.0007936534058866	2.7726756780715522	7.293672667199616	1.0
955000	-13.257046692726679	-6.064204102527538	-7.192842590199141	-8.250036470732734	2.1858323682051966	0.22287235329900207	1.1957550611151988	3.4170920057361847	-4.908560323413056	1.6764785887190143	30.936049880241644	1.0
956000	-17.186026624857586	-8.621307383318868	-8.564719241538718	-9.661377625227555	1.040070241908687	1.442707537210381	1.1533446991226433	1.4926281228808902	-3.7022670847488293	1.454075434703378	3.10156351594747	1.0
957000	-12.680446655203227	-5.328805294155802	-7.351641361047426	-7.029244118687298	1.7004388245314956	0.6276299357730363	0.25666054554112977	1.999946067241166	-7.504324654942583	2.4244095375376093	10.989989832645907	1.0
958000	-12.646911942228293	-5.331342902131593	-7.315569040096701	-7.959167145870492	2.627824243738899	0.8845689881802598	0.506220092497545	-0.5152180387031942	-6.90954121303553	1.6358707572238076	27.466767665377223	1.0
959000	-18.006720750115328	-9.943785820367518	-8.062934929747811	-8.036219656174872	-1.9075661641926462	0.8519006067181654	1.195332728318532	-0.5718595278566136	-2.172105928284003	0.862864433767636	0.5245714772937549	1.0
960000	-16.205929972955875	-9.959633800183635	-6.24629617277224	-7.177559313915836	-2.782074486267798	0.53019724658214	0.19609266879887371	3.626747343695895	-4.548890219852211	1.1283497207941895	17.967167497502626	1.0
961000	-15.578082295889864	-8.838212261435183	-6.739870034454682	-7.29021732656701	-1.5479949348681732	0.6912844635256756	1.7701750023814293	0.9684562212950611	-2.7281038120087455	0.6479500726519183	4.704589348557566	1.0
962000	-13.39897703976621	-4.3639437329589885	-9.035033306807222	-7.057392442478467	2.693448709519479	0.6065933314253444	0.7235625313697794	1.8510891007802952	-5.5689838422952995	0.25833444594879057	8.665640140997702	1.0
963000	-21.260856686911605	-8.412058548155194	-12.848798138756411	-7.355064956502174	-1.0569935916530202	0.5121335252447301	2.31690965106902	1.5488033107487535	-3.974520877096416	0.046767519237856554	2.3276157102292596	1.0
964000	-12.88563553915855	-6.025564337038843	-6.860071202119707	-7.396374605664093	1.3708102686252497	0.5204243281216764	0.9455895391520659	1.431001955815684	-3.946231542438589	0.6840112032850069	6.003501923758108	1.0
965000	-12.983931060128258	-5.115692498679229	-7.868238561449029	-7.572086489006736	2.4563939903275074	0.9969377431191725	0.7077416362828407	0.3017018623929997	-5.213615816535407	1.2425831380736434	4.971777263794581	1.0
966000	-13.44920473118831	-6.353375912533739	-7.095828818654571	-7.851800456561617	1.4984245440278774	1.1625805544002885	0.6537241526128476	0.030076559450755713	-4.4265098323749275	1.5570210968553364	12.832927147876413	1.0
967000	-12.748398638818745	-4.624336965549841	-8.124061673268903	-7.264016865447985	2.6396798998981437	0.7368018552980016	0.8902408793617297	2.3910108870678943	-6.022080537251287	0.7638352903414674	9.17332734329326	1.0
968000	-12.515766597675931	-5.279682822305399	-7.236083775370531	-7.67145147409075	2.391768651785351	1.0342010686114302	0.6449822910439132	0.06463941657610128	-5.288415194232824	0.839856217677919	13.42604569214004	1.0
969000	-12.640962795986287	-5.068454890127947	-7.572507905858338	-7.375106815790703	2.306651925662756	0.7566908543525039	0.65404889100165	0.6600496208360548	-7.08914836715691	1.530158506815316	50.78862106004814	1.0
970000	-12.329483174007393	-6.227318419648979	-6.102164754358413	-7.017974912248576	0.7906564925995974	0.5629395609388017	0.5361058303637162	2.1384104519084657	-4.269560476165484	1.988807128511082	14.011739482086835	1.0
971000	-15.08612074614716	-6.269703238559948	-8.81641750758721	-8.19242510311297	1.922721864553023	1.261196644686972	1.1121141933727317	-0.7009270730031496	-4.409932119876633	0.27538219968307037	4.4055543869239955	1.0
972000	-12.727370618090145	-5.250749970666898	-7.476620647423248	-7.47641883695135	2.225668866284452	0.21032176816447834	0.9285810171356879	5.025320374128009	-4.698781024545042	0.8596193094698763	13.474117892310211	1.0
973000	-14.571015458853946	-6.341804487621471	-8.229210971232476	-7.221639027050647	0.8798345394291758	0.7294900919450485	1.7317113523938825	2.3336818285802194	-4.423395188947688	1.4786528271555428	11.040256087166336	1.0
974000	-14.724676352758514	-6.465238446272081	-8.259437906486433	-8.618757439530144	2.1535189932580634	1.4897050197205435	0.5013851173243065	-0.032634450314293684	-5.576055287997773	2.045742822183803	12.026259558725144	1.0
975000	-15.773379951882646	-6.917654568653491	-8.855725383229155	-8.969642456288293	2.0519878876348017	1.4585711362154739	1.293430858620484	-1.6350524937340487	-5.02620140429808	0.7988859662729727	63.43727701634672	1.0
976000	-17.473043637910294	-10.378610919309775	-7.094432718600521	-7.363189026336504	-3.0154218929732703	0.8805653177722702	0.7884983938441265	0.7648606160311275	-1.7403084280594332	0.4917737648616819	18.517291066334103	1.0
977000	-14.416992936705608	-7.401978913482241	-7.015014023223366	-8.081614583222924	0.6796356697406836	0.7298080586783174	1.248227454014043	-0.36017240528576955	-3.5020531136863204	1.7592021298529819	5.739369669290646	1.0
978000	-14.42785643653837	-6.40665532158906	-8.02120111494931	-8.906208647234568	2.4995533256455076	1.6188107221574135	0.8665209579014935	-0.8684904862306778	-5.0746519276319555	0.9404243766986993	8.162608338959318	1.0
979000	-15.997831212244531	-7.240301632870287	-8.757529579374243	-7.049676547226123	-0.19062508564416447	0.6637133401663118	1.6472255834260567	2.043155582303966	-3.3062178422335577	0.5865476049821924	1.9803226547099926	1.0
980000	-15.700904550565625	-7.0677238931585284	-8.633180657407095	-9.622046344571158	2.55432245141263	1.8195535323445555	0.4908949321245267	-0.20911801639252436	-7.095668723878083	0.4956538746847164	20.79400557095605	1.0
981000	-12.57847342153179	-4.979742817778805	-7.598730603752986	-7.505479680925604	2.5257368631467996	0.9877655230098118	0.444134292913945	0.7446954473243315	-6.673316007477476	1.7095454546146454	52.05795814043963	1.0
982000	-12.469337478254497	-5.253391320077951	-7.215946158176545	-7.8127616003360085	2.559370280258057	0.32929897505608874	0.933087867576699	2.3984484534439297	-6.02453379174313	1.6193989204504273	11.138800438883322	1.0
983000	-11.687214712840525	-4.953364967227189	-6.7338497456133375	-7.641301904754704	2.6879369375275157	0.3435606729642565	0.6684486177874449	2.4735171203142867	-6.60200195770606	2.4221121006049917	26.05539693213719	1.0
984000	-14.699911801933037	-6.225987790658138	-8.4739240112749	-8.066619230075966	1.8406314394178285	1.2206619336985511	1.3725943707369972	-0.5057434319397449	-4.79410242015696	1.4254483541223666	6.592618930730862	1.0
985000	-16.127032331585717	-7.329721149384838	-8.797311182200879	-7.40650233322526	0.07678118384042243	0.9295104741361162	0.25857086091834464	0.9654956152069506	-9.522242345998807	0.8788907766208894	15.81549672099834	1.0
986000	-13.40228379420305	-5.731745017755358	-7.670538776447692	-8.45899009417756	2.727245076422202	0.5862523305058525	0.819805399983267	-0.23956065787810976	-6.06637960719568	0.5879209537124646	23.764570883812826	1.0
987000	-13.284018303149612	-6.605481370863952	-6.67853693228566	-7.676359247038901	1.070877876174949	0.9624902537805365	0.7558882407223048	-0.07340358344474973	-3.919707644303932	1.133962457369596	12.597477571946527	1.0
988000	-17.834203610328426	-7.525553123434281	-10.308650486894146	-8.553227370990223	1.0276742475559422	1.3338400257339829	1.153048045838865	0.9125054702077617	-3.6937312840754917	0.342264633050888	1.4106068014054243	1.0
989000	-14.777287915495732	-8.258172315031217	-6.519115600464515	-8.70090733241328	0.4427350173820619	0.7058447346350172	0.6539837260599531	-0.9421551265757704	-3.7029287879651607	0.9122416765345555	16.834550058699566	1.0
990000	-14.569001747651283	-8.686637937296599	-5.8823638103546845	-8.691319384390043	0.004681447093443758	0.30867611872696227	0.9208283382321758	1.6484798154981828	-3.112293881530683	1.2312598637379493	3.9301048353904	1.0
991000	-13.797168553701542	-5.906856189811936	-7.890312363889606	-7.921847204363612	2.0149910145516756	0.9504775188389728	1.2902337049606698	-0.5181874855497721	-5.42353539417828	1.120965975808128	10.395851884524872	1.0
992000	-15.15416096831037	-7.696446839702256	-7.457714128608114	-7.929828950489968	0.2333821107877121	0.8161404329650555	1.5257139063249758	-0.371021023541082	-3.434691778957099	0.6015004778134492	2.7199264182594707	1.0
993000	-19.661242872412657	-10.355306130332844	-9.305936742079815	-7.693345771439864	-2.66196035889298	0.4484757096479716	2.330197369290064	1.4547916409832167	-2.89525803995042	0.6428080211343481	1.120688972801825	1.0
994000	-13.564805024956895	-6.174167817100491	-7.390637207856404	-7.704719923591457	1.5305521064909664	0.3753191112200047	1.3313415050597657	2.0564976405271937	-4.228193000215468	0.9946220875150413	33.64992403035798	1.0
995000	-12.620945168449744	-5.279589276327106	-7.341355892122639	-7.820123496808355	2.5405342204812493	0.4976847148332851	0.6605295099487184	4.595157850263195	-6.839547184443216	1.7176844496681793	23.803467844011426	1.0
996000	-12.221579267241273	-4.557947111491004	-7.6636321557502685	-7.33728924885738	2.779342137366376	0.873955926157913	0.6793271543940198	1.4193281259703623	-5.927646450930581	0.7240926816899482	11.542649020665609	1.0
997000	-12.901857406824776	-5.175721158426173	-7.726136248398603	-7.201608079418565	2.0258869209923924	0.730453969853508	0.664019186808305	2.264720950952906	-4.8466631849378405	0.5701090922219885	7.143198485600465	1.0
998000	-14.090758543885332	-6.187411567826085	-7.903346976059247	-7.136837038432749	0.9494254706066645	0.7060910357456447	0.8947484468158304	1.4282324259232222	-3.6891189390783707	0.6155915821883192	2.428117444797975	1.0
999000	-13.700873165623644	-6.393982779755877	-7.306890385867768	-7.506099953326352	1.112117173570475	0.7425292238065165	1.4178638115621607	0.4234120703861035	-3.951428509896089	0.7354513997259136	4.460371392479014	1.0
1000000	-15.188446159135802	-7.168842246306543	-8.01960391282926	-8.46443242114779	1.295590174841248	1.3288059333662463	1.449871002974109	0.806173520901169	-4.171291640152464	0.6886419036302222	22.78342959499312	1.0
1001000	-13.710655448729213	-6.0316230754422415	-7.679032373286972	-7.1672699893455	1.1356469139032583	0.6529030001395655	1.2107789372318942	2.762991399254178	-3.7917723175215836	0.7608832648795818	4.744961992048952	1.0
1002000	-13.141638371608328	-5.820989919479043	-7.320648452129285	-6.955783632961839	1.1347937134827952	0.5290639603042381	0.4361637678508341	2.7185150604125448	-4.982682709431492	0.915848227678501	6.199110963428036	1.0
1003000	-11.413869366612827	-5.27757177734235	-6.136297589270478	-7.32010414139694	2.0425323640545905	0.27816259189487536	0.3284742994052856	3.929954199262199	-7.909380332574646	2.98132385738812	45.400062926312074	1.0
1004000	-12.031555727661727	-4.5385125369020125	-7.493043190759715	-7.054659999351041	2.5161474624490285	0.6675640638858243	0.5944027022787476	2.0879497402388916	-5.629430982410037	1.122885101585066	7.236788413081991	1.0
1005000	-13.55929245566675	-5.441702487299242	-8.117589968367508	-8.190347859295452	2.7486453719962096	0.7788061194988698	0.7971385097344648	-0.6135163465637078	-5.650048154584299	1.2136409732392415	5.200105899015287	1.0
1006000	-13.29792808793433	-6.521835962906924	-6.7760921250274055	-8.444471073469696	1.922635110562772	0.3892756488304907	0.9402153335957287	1.0611719713167258	-4.390827417336113	0.7289429015534435	8.664201551365762	1.0
1007000	-16.765387087798594	-7.119863909622333	-9.645523178176262	-8.146163701559171	1.0262997919368386	1.1721236110275475	1.1328483025607579	1.2178058928668452	-3.6877926282374274	2.7750976161452234	3.370628376043122	1.0
1008000	-13.462250585425263	-5.812207998510752	-7.650042586914511	-7.39668563196099	1.5844776334502377	0.8750243233397449	1.3965679548997854	1.674602190180305	-4.4057079981695635	1.0004386787008135	19.519726055402263	1.0
1009000	-14.112117968035168	-6.212586265165508	-7.899531702869661	-8.710272699179558	2.4976864340140503	0.5227515634941965	0.9416732481618607	-0.15960335722407099	-5.07461088364666	0.3930839134476617	9.23674496953541	1.0
1010000	-14.275475170151491	-4.906684243698419	-9.368790926453073	-7.5689185333134645	2.6622342896150455	0.24333062156044985	0.7411987679705174	4.032250482575974	-5.472675994676842	0.3984510860729496	6.846823230487929	1.0
1011000	-16.425078486214343	-7.5166000531436055	-8.908478433070737	-7.664724952862903	0.14812489971929743	0.8834576053863648	0.7489490023002059	-0.04909261580743368	-3.355538261244731	0.7843131530366936	1.0765478444585985	1.0
1012000	-14.420935587877459	-6.823742479634891	-7.5971931082425685	-9.011903224181374	2.188160744546483	0.8021633585780886	1.2312032449759323	-1.4891655654748195	-5.200040410608651	1.099816481759579	18.90740710334492	1.0
1013000	-13.375735365587733	-5.8316028073700625	-7.5441325582176715	-8.58183161768735	2.750228810317287	1.0581568843870939	0.7642058124201521	-1.4174828234580437	-5.664934393822036	0.8932797460390894	20.562320146505204	1.0
1014000	-12.91389332274391	-5.644510992294808	-7.269382330449102	-8.01416520777218	2.3696542154773725	0.9127372984677845	0.4060079388616953	-0.6223130159430185	-6.633336614397376	1.091356124803166	15.706770077522673	1.0
1015000	-15.161955470382589	-7.635299208162207	-7.526656262220381	-8.061905687481588	0.4266064793193802	0.6582874078118699	1.6226781924917641	-0.10698236052983146	-3.6835434376856475	0.8236946467204234	2.8660267587990274	1.0
1016000	-16.514107537543	-8.147203951416216	-8.366903586126785	-9.796249786638679	1.649045835222462	0.9245615537120296	0.8036750161694861	-2.3429848998335907	-4.272204839302524	0.7120609855589737	3.5372740828054865	1.0
1017000	-15.022603749286986	-4.555045130596452	-10.467558618690534	-7.26469650133228	2.7096513707358287	0.7025583194317423	0.7179182541998347	2.6360975317590367	-5.617070403779661	0.44111657729708276	3.8327083793269465	1.0
1018000	-13.487253522470594	-6.767312514781233	-6.719941007689361	-8.10966657318415	1.342354058402917	0.5783903652683952	0.31010165019799	0.1722196563326271	-6.163494924152009	1.1424803935333785	10.890348084957095	1.0
1019000	-12.905375674170013	-5.344781298910237	-7.560594375259776	-7.603823283971881	2.2590419850616437	1.041190043814393	1.1553848870003653	0.5065488767113554	-4.951899995358484	0.7925287718592396	12.332681453744973	1.0
1020000	-13.729933716917959	-5.882645493535986	-7.847288223381972	-6.969584872396474	1.086939378860488	0.5285261654624334	0.9159164320237864	3.000458892197594	-3.7655006363626002	0.4550373784259115	5.68116708220175	1.0
1021000	-17.320323498110987	-14.931780452694982	-2.388543045416007	-8.255281025716771	-6.676499426978211	1.3575084585976744	0.8059324409600014	-0.18981320252956896	-0.2816334377405927	0.6277790152743052	0.09696268662719955	1.0
1022000	-15.965008737812877	-7.514331100158998	-8.450677637653879	-8.172497024565303	0.6581659244063047	0.5279059800465351	1.700702566035278	0.3634614874137203	-5.479072182535751	0.34473766454731675	14.290799770468837	1.0
1023000	-16.101043962789994	-7.3276311318942	-8.773412830895795	-8.760725471432169	1.433094339537969	1.148006289059444	0.6052619420846576	2.012160860647798	-4.507251811050996	1.3069064798340992	2.9803449020041617	1.0
1024000	-16.31903992560683	-6.590273773631509	-9.728766151975321	-7.1701040411007995	0.5798302674692906	0.6283364924785279	0.9387931053105791	1.4238922022240605	-7.2580936653670145	1.0503779277333085	6.012840754724598	1.0
1025000	-14.788280689109172	-7.316878056077299	-7.4714026330318735	-10.104321446612904	2.7874433905356044	0.8572038803831346	0.7151811637333033	-2.4582010133484453	-5.884040874684421	1.0823165945409579	31.004083250411576	1.0
1026000	-12.682166899618691	-5.860684515827669	-6.821482383791023	-7.997646208846346	2.1369616930186774	0.41127327175236955	0.6181998783557991	1.363857061995629	-5.083275974013165	0.9750349413233569	6.965903600260939	1.0
1027000	-14.15324090600362	-6.955474218740087	-7.197766687263533	-8.793807436711857	1.83833321797177	0.5863990519581046	0.7025174993652801	-0.5673464931954664	-4.5914054731675735	0.9792314879986944	4.014121440951226	1.0
1028000	-15.831195551173565	-8.760609269831882	-7.070586281341683	-7.390199218982692	-1.3704100508491894	0.6319595905680396	0.952246277108142	0.9373098745975738	-2.402676385719582	1.0635687624010206	0.8738188804932947	1.0
1029000	-12.049996335347153	-4.756298198027658	-7.2936981373194945	-6.95699421919503	2.2006960211673716	0.5175391454953331	0.4810788949251461	2.6875716133792453	-7.584301233024567	1.0204910770243212	32.28041594805541	1.0
1030000	-14.402407693458253	-8.635410773595808	-5.766996919862445	-8.116146268560524	-0.5192645050352835	0.43459345948960215	0.9381550867900392	1.040428005783825	-2.8257396924474456	1.0433342891435158	3.18621987973189	1.0
1031000	-15.193096242126515	-5.876937610201504	-9.31615863192501	-7.79663360569513	1.9196959954936261	0.916779749350871	1.1075867936684773	2.1716868412754584	-6.203065483640833	0.9345545440796771	5.865757257018504	1.0
1032000	-13.87397681830059	-5.050667689436769	-8.823309128863821	-7.794796313829433	2.7441286243926646	0.24980347162012598	0.6294346150141229	3.5407245615366914	-5.971056048157091	1.5775230439801984	4.8956029323933	1.0
1033000	-12.845101578326574	-6.1473574564828946	-6.69774412184368	-7.251659492771237	1.1043020362883427	0.7809851848952976	0.9538114406149247	1.00219212336025	-3.757287852510636	1.5022190264040123	5.6863439387032635	1.0
1034000	-12.679652675490924	-5.523438670628719	-7.156214004862205	-7.615008957262732	2.0915702866340125	0.2785341381908348	0.32761819726176006	5.942345352416931	-7.04860435187564	1.9082916998513633	15.759592499812813	1.0
1035000	-14.26071088522822	-5.857452610867364	-8.403258274360855	-7.17650874933841	1.319056138471046	0.7735030190672536	0.8747821574751903	1.608122961203533	-3.9541029997268202	0.5506914303450616	2.594846189963903	1.0
1036000	-14.633224278461517	-6.693323069016999	-7.9399012094445185	-9.27481825459527	2.581495185578272	0.9391764382982186	0.9569080369779218	3.2500588274833015	-5.280036970913722	1.6173632706885432	14.625765092464876	1.0
1037000	-17.817231806101272	-15.172555623566987	-2.6446761825342837	-7.473734657225158	-7.698820966341829	0.7384754762535295	1.1138755125405166	0.49080657419842627	-0.05851542039274382	1.0455193379221308	0.0876802765105732	1.0
1038000	-14.242399333942734	-6.706312197606074	-7.5360871363366595	-8.253939531324662	1.5476273337185873	1.1037216120783055	0.43973874594826506	-1.0218034352016232	-5.309339206061087	1.3981289765201486	50.43695542598716	1.0
1039000	-13.6445784933042	-6.549622611343465	-7.094955881960735	-7.096202276618592	0.5465796652751269	0.3528799791615532	0.6347513947592129	3.445477658941973	-3.812618202494912	3.245667851738976	4.576118093522779	1.0
1040000	-14.639923476471294	-5.725592138420781	-8.914331338050513	-7.526056473799942	1.8004643353791607	0.9125417189279368	0.7057817601198294	1.7339186806798852	-4.552654739262465	0.2051732539120989	19.383241471820416	1.0
1041000	-16.00758069339941	-10.545006548944404	-5.462574144455006	-7.230834961120469	-3.314171587823935	0.8144348154986919	0.4677692393481505	1.3822823289657225	-2.1871629944261044	1.5046758929877955	1.6776688467945777	1.0
1042000	-17.817165736160486	-9.18664481790787	-8.630520918252616	-8.555018402353614	-0.6316264155542566	0.8366089357582339	1.60573511507132	-1.1310899789279194	-6.3265274220772785	1.177577507291306	43.16801007171236	1.0
1043000	-13.22952863792802	-4.672530751196102	-8.556997886731917	-7.3526868546910435	2.6801561034949417	0.7008322931170948	0.8409427722720039	0.8100409024527597	-5.432298052346616	2.74588005262579	5.322412364731642	1.0
1044000	-14.879085496432282	-6.883201634062639	-7.9958838623696415	-8.294837134525295	1.4116355004626557	1.1484588105721443	0.8488790621666509	1.5522975626214697	-4.0434294352219675	1.9160186740499459	4.330590438148594	1.0
1045000	-17.38362556845694	-6.760209019969554	-10.623416548487384	-7.456007151424998	0.6957981314554447	0.6840545307086638	1.1496803723531432	0.655078600622716	-3.477424601150504	0.8238818220264114	0.8945641620365559	1.0
1046000	-12.346273568726755	-5.16926617757834	-7.177007391148415	-7.503344193768511	2.334078016190171	0.3505047370573611	0.37680031092200783	5.289294285789452	-7.368128852400719	1.089181833328724	39.34155474958656	1.0
1047000	-13.680972112929458	-6.242213084872932	-7.438759028056526	-7.81075960157198	1.5685465166990475	0.7918817989689875	1.4035294253811794	-0.1604536761730846	-4.400158264058658	1.0952810709208485	15.994919214889071	1.0
1048000	-19.622822575144852	-11.573771425398622	-8.04905114974623	-7.7534372142797725	-3.8203342111188485	0.7070398808006182	1.747520907068496	0.1253524765280855	-1.7977599504438324	2.1345760687634647	0.5152897077534317	1.0
1049000	-11.677793453329812	-4.656971117900599	-7.020822335429212	-6.960229857276973	2.303258739376374	0.5242169847204142	0.888434048728415	2.634175170570903	-4.803184319523454	1.0659979537893414	9.96375908740102	1.0
1050000	-13.696831467044094	-5.522521737479149	-8.174309729564945	-7.460387657014049	1.9378659195349002	0.6047732520959823	1.3213001420544148	0.9196991650205466	-4.796773123591488	1.5202415777740514	4.267266063396498	1.0
1051000	-12.384931943578206	-4.587329837375619	-7.7976021062025875	-7.190655151455794	2.603325314080175	0.485798708508835	0.7968886043143201	3.9447726513065677	-5.291134884412553	0.987471719394428	8.692633326307641	1.0
1052000	-11.84461533817008	-4.584778964424529	-7.25983637374555	-7.040379078521948	2.455600114097419	0.40129262057817744	1.0258339916945172	3.0887941147560647	-5.086572459204044	1.83325126251462	10.82062814640757	1.0
1053000	-16.38733719878057	-8.403749971117819	-7.983587227662754	-10.957161487978333	2.553411516860514	0.31603912507511767	0.9700071616656384	-0.36158641623914445	-5.880869486534231	1.7590389131965525	5.142152222216864	1.0
1054000	-18.629792463494212	-11.484027691171738	-7.145764772322472	-7.417473242779232	-4.066554448392506	0.7657521743767127	1.3277472525609109	2.5084859898096177	-1.3895794907005534	1.5055581949518384	1.6706850249480947	1.0
1055000	-16.160153726074014	-6.443092185446826	-9.717061540627187	-8.071337960721	1.6282457752741735	0.19849340555985354	0.6450068041330415	4.154224465773265	-7.547278241284441	0.962707392659693	7.446680487299255	1.0
1056000	-19.59967094922421	-8.53045370123576	-11.069217247988448	-9.383749936425627	0.8532962351898661	1.7967043247422072	1.5467719907851911	-1.1382445481235048	-3.9118727336644543	1.933871160931966	2.67743180104601	1.0
1057000	-11.949453304885182	-4.231813006678281	-7.7176402982069	-6.9489511905260875	2.7171381838478066	0.45747947018812407	0.8186787691452609	3.0917017488539322	-5.538174062700729	0.643368016468179	11.735517660747552	1.0
1058000	-15.818909916237779	-6.702446261356036	-9.116463654881743	-8.513840864690122	1.8113946033340866	1.432819100398586	1.184420350564301	-0.8508627307331419	-6.07468144175746	1.6450184523815112	24.72329960725945	1.0
1059000	-14.088853917915003	-7.062197277275943	-7.026656640639061	-7.323398029905595	0.2612007526296525	0.6153124227784534	0.9253442542416025	1.1223092339197325	-3.253402682549876	1.1331784128759634	1.961389961189942	1.0
1060000	-12.605517552017382	-5.1801380780613755	-7.4253794739560055	-7.717366245768963	2.537228167707587	0.41911979460333004	0.8589791665966667	1.6502042255274272	-5.137349986218457	0.6835439572919646	7.524043249267838	1.0
1061000	-15.433593249823788	-6.26118010711912	-9.172413142704668	-7.864009427596516	1.6028293204773956	0.9739907190393159	1.4910644359950709	-0.432199886856809	-4.906019229980074	0.5659745594802444	3.3866100896375277	1.0
1062000	-12.237679331698702	-5.062213048780782	-7.17546628291792	-7.265923660340535	2.203710611559753	0.7666086370363133	1.0030819345065463	0.9433321556232187	-4.673685489166665	0.8771150188795007	18.062584148024637	1.0
1063000	-16.165683554526822	-10.052840759706896	-6.112842794819924	-9.243732855444978	-0.8091079042619178	0.6764002071635405	0.8761110203776612	-1.3324442060484567	-2.711061113297138	0.8108985080935777	6.981835953878442	1.0
1064000	-13.461011914801702	-4.671015206754382	-8.789996708047319	-7.301790942932552	2.63077573617817	0.27142315181787846	0.8089552153734603	5.496637263643234	-5.331519211193144	1.1429993041378648	7.347857641822583	1.0
1065000	-11.508494362494533	-4.558624672592427	-6.949869689902106	-7.136746960439558	2.5781222878471306	0.5694233878919402	0.8674702127357574	1.7161857322281988	-5.206512726152446	1.176809443909785	11.589793399618332	1.0
1066000	-16.725180830625067	-8.879461861034056	-7.845718969591012	-10.471558472722924	1.592096611688869	0.5398639307906432	1.3441552511563637	-1.7145516505347598	-4.3142496028297055	1.1687605980957407	3.9141051542770504	1.0
1067000	-13.579185858559491	-5.231212447284332	-8.34797341127516	-7.978902412859712	2.74768996557538	1.0229414968736104	0.589952293001589	1.8214474168279613	-6.540960580467197	1.3383427515061794	8.114517149978187	1.0
1068000	-18.555671067541482	-7.837731358267915	-10.717939709273569	-9.853097133483306	2.0153657752153915	0.3971194669972935	1.2750623318711738	-0.2881515445071958	-4.793130800246362	0.9673707466752628	1.73488280903995	1.0
1069000	-12.824971701306405	-5.557737080320253	-7.267234620986152	-7.865553428877656	2.3078163485574033	0.7983397528551475	0.3802164159923014	2.902150824183417	-7.489661786090881	1.825156534423228	36.66276942696211	1.0
1070000	-14.73184512591203	-7.544150432617342	-7.187694693294688	-8.716084518003278	1.171934085385936	0.34089582988642597	0.27926591188863237	6.2826105460401225	-8.864273262818704	2.0377719980665177	26.385277978782284	1.0
1071000	-15.99931425242121	-8.935501526421703	-7.063812725999506	-9.067635729151746	0.13213420273004406	0.9600168919660771	0.8726261595155199	-1.8060811889817163	-3.2141329812398087	1.1356386510867365	2.919943839017457	1.0
1072000	-12.064803305799254	-4.869467210006574	-7.19533609579268	-7.346787258892968	2.4773200488863942	0.46965188125482993	0.4655967483851787	4.28640444268958	-6.2922705387441225	1.373661723398975	14.020522622715779	1.0
1073000	-11.672276613647927	-4.778476276428671	-6.893800337219257	-7.5343087532593245	2.755832476830654	0.1858871563475451	0.6750429687959484	6.067711650005548	-6.4273843397394455	1.8878996890720707	30.185096376993275	1.0
1074000	-14.11192785922798	-7.318841020825905	-6.7930868384020755	-7.8069441028907125	0.4881030820648067	0.4576561370731228	0.6266444500483745	4.8433819798862245	-3.795407102102376	1.4273942167313993	36.742352073261266	1.0
1075000	-14.281302525485668	-7.59265734320433	-6.688645182281337	-7.922350509320414	0.32969316611608424	1.1267595175997884	0.7686715996532205	-0.4051226547924262	-3.434720333512806	1.3810834629791529	9.446437645665874	1.0
1076000	-14.6489813885286	-6.133302369332796	-8.515679019195804	-7.8472863841292675	1.7139840147964716	1.1660336661213626	1.4193423203026798	0.13293362528548147	-4.70208684290173	0.5540456019974436	4.212686267719543	1.0
1077000	-14.946035778609549	-6.3298715499536575	-8.61616422865589	-7.620294811757438	1.29042326180378	0.5989993367936389	1.1170632332444026	0.6981246809923471	-3.8701845213695982	0.9218762678865765	1.7222508115551625	1.0
1078000	-15.483699786987328	-8.215348199923909	-7.268351587063419	-7.808593043488399	-0.4067551564355112	0.9136398785013493	1.4972278391488272	2.2052396749687655	-3.040139064598967	1.0669454759932626	5.485666598610001	1.0
1079000	-12.94317223688611	-4.409820624156863	-8.533351612729247	-7.1209449661738065	2.7111243420169435	0.675449307458779	0.6747760133044526	1.4955302873121292	-5.722319216532819	1.5987717148917249	4.372890835450339	1.0
1080000	-12.731044946294299	-5.606130746221192	-7.124914200073107	-8.056463760737838	2.450333014516646	0.6977212007474347	0.8459247482848616	-0.2345398358212879	-5.014793937837629	1.6711373528153437	7.105174895952023	1.0
1081000	-13.536627112929708	-5.702131209046946	-7.834495903882763	-7.328008706119128	1.6258774970721825	0.7718009837332175	0.35087543227680884	0.7593481619936628	-6.05142060693101	0.6880947705001504	7.5938078488175735	1.0
1082000	-12.888842589191793	-4.990521562175562	-7.898321027016229	-7.110966381036675	2.120444818861113	0.6900450047856655	1.2644127657892752	1.5456043225405747	-5.2076949465884415	1.567773290774519	8.281866944953569	1.0
1083000	-13.818274933707624	-6.328509153304129	-7.489765780403496	-8.75287039410985	2.4243612408057214	0.8990830809895851	0.9085711664128558	3.115703437538191	-4.952723261170586	1.0062780262211692	18.997718619130644	1.0
1084000	-12.775714573254188	-5.441481964514594	-7.334232608739593	-7.337426956343621	1.895944991829027	0.6573302621354664	0.4261920357771833	3.0685025578748704	-5.739205995260847	1.6294780747037245	86.76749560910406	1.0
1085000	-12.145900664358608	-4.6673428588600485	-7.47855780549856	-7.425988563762701	2.7586457049026523	0.590112833058752	0.8225152212691388	1.0381628211977656	-5.857301147747393	2.147388225796203	40.32470041318145	1.0
1086000	-11.93808868862848	-4.824318577740391	-7.113770110888089	-7.1511877398695205	2.326869162129129	0.754238094112031	0.8843835111255016	1.5949033021402008	-4.83339020085223	1.090294781524813	8.5278140668955	1.0
1087000	-14.669774775513655	-8.375958032685638	-6.293816742828018	-9.00035274315211	0.6243947104664715	0.5047050955099388	0.6042691104158567	-0.32475352242676947	-3.9412269956091617	1.453645522578727	3.232971600164454	1.0
1088000	-12.868406891584343	-4.4571041413135575	-8.411302750270785	-6.949720958777405	2.4926168174638477	0.4350515535969543	1.0585550405849062	3.3127517897961676	-5.4601700397323025	0.45758011845402446	10.153517618747692	1.0
1089000	-14.09174205533512	-5.238495708310111	-8.853246347025008	-7.8486601262373	2.610164417927189	0.6844066276427533	0.4748606940872277	3.511713587464687	-6.797038486608681	0.32359301377385846	33.10019659897517	1.0
1090000	-14.157844300909314	-7.414699985322468	-6.7431443155868465	-7.185297480297336	-0.22940250502513093	0.5463069850121579	0.480256772180306	3.5338291931744594	-3.827342836715221	0.8525219480402968	8.893009692102346	1.0
1091000	-16.40462123242537	-7.921491858436082	-8.48312937398929	-7.488045434204179	-0.43344642423190294	0.9558601334291545	2.1779522447574755	0.4932223630401678	-4.656345639121537	0.3531461286675523	7.853709664118903	1.0
1092000	-16.83189196161747	-9.48759864694835	-7.3442933146691205	-8.505839986230644	-0.981758660717706	1.4528136963775509	0.3873953112367944	-0.665498641656612	-3.8341874273612495	1.3387258474661432	28.918449001052323	1.0
1093000	-13.265059514878665	-4.9485006153642885	-8.316558899514376	-7.536508027540336	2.5880074121760472	1.0052475159784298	0.7846993291184277	0.6779519846713529	-5.277862557070732	2.4419135186834686	31.151968529456813	1.0
1094000	-14.648297048201432	-5.348600830143116	-9.299696218058315	-7.648043906511164	2.299443076368048	0.9703675481541675	0.6004602737670349	1.595409967423258	-5.319084604071312	0.28251203514456313	71.92254452199843	1.0
1095000	-12.240994668625582	-4.707958125469344	-7.533036543156238	-6.9806595134742695	2.2727013880049256	0.5311049481390986	1.179779972943931	2.44442680255766	-5.420676970217996	1.522507100068162	12.78702887443549	1.0
1096000	-16.042401014199108	-7.208967409125565	-8.833433605073544	-8.622111846903678	1.4131444377781133	1.51200140694522	1.3284099229088973	-0.5254481406990571	-4.109670154292875	0.3254282764533362	3.2372284744091773	1.0
1097000	-14.648787815386882	-7.49331690135663	-7.155470914030252	-7.307169285658015	-0.1861476156986157	0.5513744194441442	0.353382629300129	1.4262528952701223	-4.562773139770502	0.9103139418095659	3.869606626296919	1.0
1098000	-16.386149568612367	-7.5014578659463975	-8.884691702665968	-8.131309902751653	0.6298520368052554	1.2963762372386307	1.8460972967663336	0.15950920025830717	-4.709269330766852	0.7776236691820747	4.145052621082654	1.0
1099000	-13.90833199490081	-5.580236914711124	-8.328095080189685	-8.196575719355975	2.616338804644851	0.11510443579151501	0.9595273783224928	7.40770709684469	-5.725828467957658	0.6164496677912769	67.25885043375767	1.0
1100000	-15.22173428031115	-5.423323932682253	-9.798410347628897	-7.1191407507896365	1.6958168181073834	0.297098697728572	1.4391332885076167	4.288729778870805	-4.767200277452921	0.8873501321900028	4.368400823977802	1.0
1101000	-16.267429673875057	-5.553966823193974	-10.713462850681085	-8.044687705893667	2.4907208826996925	1.113544164068565	0.5264501369020275	-0.6836371560249148	-7.174771029383047	0.6069560953446812	4.909284235744079	1.0
1102000	-15.750450506517854	-7.394034227265494	-8.35641627925236	-8.795133798565008	1.4010995712995138	1.5487580139159154	0.8418111179660664	-0.03719326240493795	-4.0426819249690205	0.27365686437182746	15.647329328176337	1.0
1103000	-12.086355348774537	-4.517724759009478	-7.56863058976506	-7.033443459623215	2.5157187006137374	0.5937760244293852	0.9824492083644689	1.9863704380036609	-5.151431618659282	0.5816504423635674	13.66882914881664	1.0
1104000	-16.8879782838768	-8.997251086571715	-7.890727197305086	-8.334135026084628	-0.6631160604870878	0.8483424855093795	0.7827999714506154	3.0591017557019384	-2.866234073318779	2.343956491494522	3.1564021202061197	1.0
1105000	-14.644192930899944	-7.0589537663384	-7.585239164561544	-8.948252301007443	1.8892985346690434	0.5812193776687192	1.3669818114749954	-0.6858033386404121	-5.188544014551095	1.49269767211615	17.13959677853364	1.0
1106000	-15.604997692275234	-5.843038130118534	-9.761959562156699	-7.40191059326734	1.5588724631488065	0.7992933499510712	1.213633514714891	0.5543103462591107	-4.130575110212985	0.4691325389619945	1.7751998493285461	1.0
1107000	-14.465453087481022	-7.583593496314858	-6.8818595911661635	-7.293146290473235	-0.2904472058416232	0.6597160613961001	1.338168248461932	1.040208515078775	-2.99165502869414	1.6759971611640905	3.2130995764551047	1.0
1108000	-14.137635961461402	-6.553452409181538	-7.584183552279864	-8.230296054634177	1.6768436454526396	0.7218974137195281	1.1772511296263695	-0.5078098834461386	-4.211254405889384	0.5888854109847899	24.61667620253508	1.0
1109000	-15.229831864911318	-8.136671064004396	-7.093160800906923	-7.417629438258679	-0.7190416257457182	0.3780344159354809	1.0553563280783156	2.4610066956490417	-2.698593318798494	0.8164609491759629	32.21342909964443	1.0
1110000	-12.522675359999859	-5.677817669991087	-6.844857690008773	-7.110607041594498	1.4327893716034117	0.46186711252986884	0.8893570554765825	2.3733858729215433	-4.024701147156882	0.8572750170583843	6.603334041546949	1.0
1111000	-12.262666398613694	-4.6300352904570055	-7.632631108156689	-7.132298357303235	2.502263066846229	0.30584077761256495	0.7277338521895009	4.032026277414487	-6.7176867109875325	3.892588751879635	21.810196723183108	1.0
1112000	-15.142599059268385	-7.595952346254618	-7.546646713013765	-7.722221385398665	0.1262690391440473	0.3098571303047798	0.5025022644168554	2.758086960329031	-3.9588419780586452	1.8060526374337964	2.606329276606356	1.0
1113000	-15.250635989839571	-7.647372158742321	-7.60326383109725	-9.116053239703353	1.4686810809610318	0.4972377258420825	0.8915977111211545	-0.38348446787006407	-4.0495035562938515	1.8044731207120273	2.291146448895895	1.0
1114000	-14.090751305324654	-7.07378588642044	-7.016965418904213	-7.087211241918794	0.013425355498353664	0.6228738742319603	0.478359146086312	1.6979754985807098	-3.9870698395978135	1.277252066037745	2.953887241096611	1.0
1115000	-17.220091559797908	-8.634721428605598	-8.58537013119231	-11.025730297390501	2.391008868784903	1.1131536360251695	1.0326458858320324	-3.2957830555241587	-5.93371758834582	1.2763763313706153	61.804715853094045	1.0
1116000	-17.05941061870509	-10.971268135711664	-6.088142482993426	-9.023650025871802	-1.947618109839861	0.6276199681222238	1.3418822894918243	-0.9573838136253775	-2.218663443370602	0.7232847986880468	4.812237617246254	1.0
1117000	-15.430696837486153	-7.317222195366884	-8.11347464211927	-9.008518890346021	1.6912966949791377	1.6555480363262374	0.5743592442391378	-0.9663465082254956	-4.81506335980975	0.9055428480869745	43.97662542131566	1.0
1118000	-14.553491820684627	-7.1329667711598015	-7.420525049524825	-8.078959003556513	0.9459922323967112	1.2443521476860775	1.2539425861465208	-0.43923749486084973	-3.68102518740075	1.1628423977538236	5.061393688073126	1.0
1119000	-15.008772458499369	-5.19096487816879	-9.817807580330578	-7.029982144997819	1.8390172668290283	0.5868979706406048	1.0557724777166004	2.833270727898706	-6.400212658810412	1.3559773520781286	5.196776171197634	1.0
1120000	-12.364675404072301	-4.769160777935172	-7.5955146261371285	-7.549582138625599	2.7804213606904273	0.6109962434503754	0.7716668853145261	3.636229373559299	-5.813761703920923	1.7646240919854315	11.883204707351142	1.0
1121000	-15.444544448578116	-9.515967167336353	-5.928577281241763	-7.785528084454482	-1.7304390828818703	1.1311718330689107	0.8824602378400472	0.5633149207613439	-2.2620097768573855	0.8628596874789187	3.9072831768955734	1.0
1122000	-15.46697179181067	-8.286286465357264	-7.180685326453405	-8.008806842724155	-0.27747962263311	1.192307441275692	1.4489659705403741	-0.44344937068518697	-3.0713146734643795	0.47975045745118877	3.737277296897746	1.0
1123000	-13.48907286824631	-5.332000991137204	-8.157071877109106	-7.520893619840087	2.1888926287028827	0.3462089761470454	1.2283532504566659	5.340016108744564	-5.3019591704253095	1.4122531703520258	12.54871205231095	1.0
1124000	-12.709948295936808	-4.631693495300525	-8.078254800636284	-7.212322436297476	2.5806289409969505	0.6940960278073267	0.8322021345976274	1.1629133258396647	-6.331157523313977	0.5900052182129548	10.959645202318704	1.0
1125000	-15.580727342714283	-5.638242743065359	-9.942484599648925	-7.878102529611223	2.239859786545863	0.60717026463838	0.5975390795773126	0.3174279459080065	-5.261089063465121	0.21111890209272802	4.2047446850234556	1.0
1126000	-12.132133072961022	-4.918369547058295	-7.213763525902726	-7.392199755131391	2.473830208073096	0.43214350004179286	0.6367845312302068	2.0275842908992248	-5.420298025616833	1.5602130632018383	5.949876728227208	1.0
1127000	-12.85992572625532	-4.5296729972044325	-8.330252729050887	-7.014107950254339	2.484434953049907	0.582227457851413	0.6003448060346567	2.1102443001133895	-5.559216172790755	1.4300340389051442	230.42616236935243	1.0
1128000	-12.759413158146387	-4.915370020034506	-7.844043138111882	-7.693720303328449	2.7783502832939435	0.716593468693042	0.7893232745836254	0.1840267495324442	-5.858006081180187	0.9379055788044587	6.700006616704572	1.0
1129000	-13.529201393630482	-6.446252072494806	-7.0829493211356755	-6.945283366430035	0.4990312939352286	0.4840179517018199	0.9543028173351544	3.1128905521660837	-3.377298171707231	0.602228385529916	9.271499545970759	1.0
1130000	-11.386734540084367	-4.544785675995942	-6.841948864088425	-7.080975967153957	2.5361902911580154	0.3276928906430518	0.518571781337157	4.626550182620821	-6.035341313681684	1.4237749356167142	17.738824143185486	1.0
1131000	-13.333728859676473	-4.871809318616762	-8.46191954105971	-7.106272889144329	2.2344635705275673	0.29636739878343005	0.8953288797252369	4.6998326463642774	-4.7211207732498846	0.43975567413379285	10.573075133661714	1.0
1132000	-14.46788595858519	-5.392101980540035	-9.075783978045155	-8.095265368855172	2.7031633883151365	0.7976443034622613	0.8910597898174848	-0.5440406525818784	-5.658122042416503	2.5530402497763496	5.090077076254074	1.0
1133000	-14.949571652462541	-8.524270811117733	-6.425300841344809	-8.052695210606462	-0.47157560051127057	0.7127718392904084	1.0998787473455867	-0.27635891225533515	-2.8225649722260657	0.5510952632044834	4.456692741401526	1.0
1134000	-11.974037626088734	-4.665696052324287	-7.308341573764448	-7.13074877297755	2.4650527206532633	0.45694579868341434	1.061620134276301	2.357825902630424	-5.618973697561035	1.4716263581853801	12.567126391353227	1.0
1135000	-15.465217782297024	-8.436837747460373	-7.028380034836651	-7.041797143989305	-1.3950406034710678	0.5489451667503265	0.12880578129317535	2.090626275187916	-6.847753378258193	0.8358212640020649	31.777643141631685	1.0
1136000	-13.880114987243703	-5.103828828896281	-8.776286158347421	-7.089681387323276	1.9858525584269948	0.3037980280826235	0.9967869212783503	4.614337475940141	-6.450673449640846	0.43763199701133676	16.374813242526567	1.0
1137000	-18.278067707014372	-9.142563845800897	-9.135503861213476	-10.57164766582487	1.4290838200239726	1.3068494604426317	1.3986201199378054	-3.059436904258682	-5.763653212396397	0.40269849639788186	10.399107491147847	1.0
1138000	-12.374988566432108	-4.818115672188552	-7.556872894243556	-7.2629990087079355	2.444883336519384	0.24447288671573428	0.44826644035967983	4.911295928335505	-6.370747838010163	1.4055529279480987	10.532907277191029	1.0
1139000	-15.290756762947169	-8.191669132109144	-7.099087630838024	-8.090316170888105	-0.1013529612210382	0.894812166011077	1.166077503983509	-0.7024172865282292	-3.0237237364716596	0.6774092653969913	2.0231179051035078	1.0
1140000	-12.332216792415412	-5.044446162871197	-7.287770629544216	-7.586085392485638	2.541639229614441	1.0329400389358367	0.6569461913933291	0.6446958641590911	-5.45823493115137	0.9501783971036013	19.23709038846053	1.0
1141000	-14.338787857805666	-6.981156305192942	-7.357631552612725	-7.584605697406471	0.6034493922135287	1.010926707331955	1.5464867634117299	0.31694306155540697	-3.711419206150739	0.5702071515377419	6.6304895785737505	1.0
1142000	-12.711336869692722	-6.4197486415109895	-6.291588228181732	-7.360588124248029	0.9408394827370392	0.5745381930963057	0.8863019217450083	1.2198918423438982	-3.689699824863855	1.4254370800787013	5.461216235195578	1.0
1143000	-13.907556042133217	-5.737927215404817	-8.1696288267284	-8.102440412960293	2.3645131975554765	1.2692890889319672	1.109141207285532	0.3909658773906912	-5.6328907012491065	0.5675809202031994	24.480613087090845	1.0
1144000	-16.170575013069477	-9.338663470623803	-6.831911542445674	-8.278380243634292	-1.0602832269895117	1.037126125055075	1.3281948023811674	-1.0523182253506274	-2.6058885873940074	1.2940027427126874	5.979867168683805	1.0
1145000	-16.213357718154235	-10.356811397917962	-5.856546320236275	-9.521973968999276	-0.8348374289186866	0.43538537493320045	0.7970419936623022	-0.31659911289345766	-2.762159754248469	0.6539162999671971	3.3380422232157665	1.0
1146000	-14.399547784137397	-7.078643124732873	-7.320904659404523	-7.582754648468172	0.5041115237352987	0.744287405400724	0.9363017925845363	0.2878551184300189	-3.3887524769813755	0.49536523166829916	2.470024790706626	1.0
1147000	-13.211763481375627	-5.405263323370071	-7.806500158005555	-8.00609855205973	2.6008352286896583	1.03093491285952	0.8177954961561041	-0.6649994014764797	-5.269025483612499	1.6415637068633484	7.258074912928777	1.0
1148000	-15.763210507635023	-10.971293981584456	-4.791916526050568	-7.883699825043907	-3.087594156540548	0.806211957136599	0.712818378452653	-0.29002065422728196	-1.7761785274635455	1.1308576944368358	1.5977345012588158	1.0
1149000	-12.429562950550139	-5.173427887338362	-7.256135063211776	-7.642971849288378	2.4695439619500155	1.022125419198542	0.6869119246612447	1.1796156243324982	-5.277880177713664	0.9324556686788372	15.62414967241625	1.0
1150000	-15.247054483222714	-8.273458337640022	-6.973596145582691	-8.722659486669343	0.44920114902932085	0.1863975480778562	0.915011811928089	3.627201853754649	-3.368023457134746	0.6742676154654279	8.090576070892098	1.0
1151000	-16.001736895339334	-9.062767777117838	-6.938969118221495	-8.271615650899859	-0.7911521262179786	0.4678607649085293	1.7215270963888198	0.6282308342577339	-3.0515322448632913	0.5289815494331244	3.267471336691163	1.0
1152000	-16.410171645408493	-8.924494465997302	-7.48567717941119	-10.680609174151936	1.7561147081546329	0.8997941873238338	1.0115378420892338	-2.907388419047719	-4.228919459909179	0.7307443354301117	9.868692559511654	1.0
1153000	-13.654879244471477	-6.671545300062192	-6.983333944409284	-7.553052764627313	0.8815074645651206	1.0100145650266783	1.072260047272965	0.8739884832763705	-3.586209707220756	0.6614528269602965	8.498922390034366	1.0
1154000	-15.34928466593427	-7.254679499847728	-8.094605166086541	-7.484956791051897	0.2302772912041693	0.5668747518491012	1.576297176968106	1.047163565059392	-3.4878305332705386	0.2830844239412859	3.586404497160095	1.0
1155000	-20.50616319938836	-8.91149455019663	-11.594668649191732	-9.194104874410636	0.282610324214005	0.28468974005449366	0.16183277629550918	6.992697503884619	-7.506312521334066	0.6078134448155927	8.248366236591556	1.0
1156000	-13.722155073959975	-5.26142982671671	-8.460725247243264	-7.299885746842299	2.038455920125589	0.8327321985421028	0.7388123305381422	0.8996533461836673	-7.0728683944247415	1.0844719112451813	8.71873696324544	1.0
1157000	-16.46925824367755	-9.526805305892324	-6.942452937785225	-7.76597473662412	-1.7608305692682054	1.064821694897876	0.8850495330603597	-0.14098133754957587	-2.246642122592159	0.35106196616311464	1.1660452671178005	1.0
1158000	-16.480533583525855	-7.682201360851386	-8.79833222267447	-10.230904910244298	2.548703549392912	0.19793947432283873	0.9430363162573044	1.9737421609545795	-5.176809845443159	1.496633814740634	3.1181203283155168	1.0
1159000	-11.511587144570234	-4.338824915855903	-7.172762228714331	-6.944202922632565	2.605378006776662	0.4835126405668086	0.9626098482141908	3.0691606307185957	-5.3841812764504215	1.4691518345538415	24.170868774197118	1.0
1160000	-12.770115413110567	-5.410425203780097	-7.359690209330471	-7.013037024829946	1.602611821049849	0.5521493352245936	0.7543311104058472	2.196745039420189	-4.30565374592565	0.7532065301441914	4.908587351857449	1.0
1161000	-12.983172264857103	-5.196299617294383	-7.786872647562719	-7.386013938132675	2.1897143208382914	0.8484236291889384	0.975740158430708	0.5995980626411187	-4.653050601049127	0.8858238913354383	4.111111396657024	1.0
1162000	-18.238222030604256	-13.055547166395819	-5.182674864208437	-8.273250522627173	-4.782296643768647	0.9699171149379932	0.9093616616976966	-1.0078771169414082	-0.9787199485125179	0.6447150443448566	0.5135054809368046	1.0
1163000	-13.03246671822208	-6.580566418344909	-6.451900299877171	-7.256014225072696	0.6754478067277869	0.559085555757252	0.6299230199516658	1.4891788633026244	-3.9072560394638103	0.9982166903465638	4.615192880397414	1.0
1164000	-17.25475869962691	-15.099403213923825	-2.1553554857030846	-8.120846834791369	-6.978556379132456	0.5690075472547006	0.6574016989840217	0.20497575266069448	-0.21817659344662527	1.820804334110208	0.44104354443312704	1.0
1165000	-18.243667036136916	-16.022445379553986	-2.2212216565829292	-9.432789680128836	-6.589655699425148	0.4366701707186708	0.48781487467659884	-0.25022420269003587	-0.6107872945734651	1.0170596494490602	0.22750566421200705	1.0
1166000	-16.938307173244127	-10.647486403965	-6.290820769279126	-7.94615699120425	-2.7013294127607503	0.5887909076932525	1.275147574050914	0.31503865755681626	-1.8756566499143947	2.0093560889034943	6.086693059909746	1.0
1167000	-15.990789970062183	-6.666793128541601	-9.323996841520582	-7.846919818092504	1.180126689550903	1.0019285316515545	1.567779017110881	1.7523522868790786	-5.433298209701067	0.39926298962343915	83.90073631390655	1.0
1168000	-13.45291493661097	-6.136709189783424	-7.316205746827546	-7.195504040535841	1.0587948507524167	0.29316942053105316	0.23902238293563763	4.0220132888093705	-6.804679180404308	0.9476390973317469	14.046315171386912	1.0
1169000	-13.593747347127138	-6.238190451879569	-7.35555689524757	-7.823510883109929	1.5853204312303601	0.962829829387471	0.6474276019669973	1.9458067759052433	-4.510137362543253	1.9800091895552292	24.716611442787876	1.0
1170000	-18.17705346955074	-9.873056907770952	-8.303996561779787	-7.723926067306079	-2.149130840464874	0.16887958686217208	1.2240193911868544	6.702885632548511	-2.0794348807864513	1.8148404176572426	8.10767328770898	1.0
1171000	-12.26117844444413	-5.069169815270929	-7.192008629173202	-7.090989116152259	2.0218193008813303	0.5754254033526959	0.9510764340176774	3.1261577513447154	-4.480292353717114	0.8770377485357265	20.83817226052363	1.0
1172000	-15.597731407455802	-6.634157974280328	-8.963573433175474	-8.43207084530068	1.7979128710203525	1.033439197632622	0.519808881552861	-1.237596623366559	-5.123546579835878	0.8323914608520876	3.2371406169762773	1.0
1173000	-16.66660009326936	-8.611058516515223	-8.055541576754134	-9.340908956736616	0.7298504402213926	1.0495974347766766	1.1809548882567014	-2.1225670186541907	-3.5069803603770624	1.6264650707466315	3.7492416503758075	1.0
1174000	-15.774208161379057	-7.355752726564426	-8.418455434814632	-8.10663479543228	0.7508820688678535	0.5129185241075449	1.0420429279796126	0.523416278384893	-3.5056215973914613	3.0326766208333296	1.7955534188904743	1.0
1175000	-11.904443930830844	-4.598373046255319	-7.306070884575524	-7.008273477214968	2.409900430959649	0.351823052879667	0.9292586306977786	4.005620847080121	-6.2573436581437205	1.8995710329212323	28.067338971977787	1.0
1176000	-13.744831648917678	-6.361288143222415	-7.383543505695262	-7.441908963827911	1.0806208206054952	0.8121165236897037	0.4428150110276908	0.45203686471430116	-4.902760744423869	3.2313797206429427	5.861118850600576	1.0
1177000	-13.542100516891399	-5.613892668755937	-7.928207848135463	-7.670655424763602	2.0567627560076653	1.067129118979441	0.6632782378177271	0.8042332588894026	-4.877836948100014	0.6659545639142471	47.94240434873843	1.0
1178000	-12.554724757252	-5.62063730492081	-6.934087452331189	-7.40929885789259	1.7886615529717798	0.5472564435123909	0.645643910475504	3.8647838840495283	-4.681670797048377	1.0762585579893178	25.31550220017718	1.0
1179000	-14.276574074137603	-7.700990252505628	-6.575583821631975	-8.23987242219857	0.5388821696929416	0.7405214707382685	0.8989947051581814	-0.5715510253923091	-3.431239961459723	1.2685903056709893	2.9472551790211337	1.0
1180000	-13.825837490262765	-6.752421617071175	-7.073415873191591	-7.748935603798602	0.9965139867274271	0.5459847413836264	0.7261824099769123	0.7735197214134221	-3.917692937117979	0.7672309839957477	3.0496006604443973	1.0
1181000	-15.66759520890439	-7.817088574230864	-7.8505066346735255	-8.646734524086533	0.8296459498556694	1.1290856267556386	0.3555297956054717	-1.5064942089459858	-5.283448274810983	0.5317910957191797	8.053326407691138	1.0
1182000	-11.491785099230633	-4.552418759477279	-6.939366339753355	-7.003476564597156	2.451057805119877	0.5257517890562334	0.8720144015156337	2.344862285596494	-5.00100789753133	1.5662690554076395	23.732616384360302	1.0
1183000	-13.929832765719018	-7.719587102869885	-6.210245662849133	-9.059402616291386	1.3398155134215015	0.32910652593066364	0.8463540397353515	1.0585216990837814	-3.9941597081581657	1.7779003813058447	4.346823029643903	1.0
1184000	-12.809643774837216	-4.456900355636553	-8.352743419200662	-7.008321245495633	2.55142088985908	0.6134933478162949	0.9405878252253393	2.185452584855559	-6.010682480012147	0.4561855722247175	42.94849101793059	1.0
1185000	-15.754766913228806	-7.707172975411343	-8.047593937817464	-8.85617879658738	1.1490058211760381	0.9715675517013833	0.8539971335913026	2.8566169191398982	-3.854318421892609	2.4148531877967034	7.297363249046363	1.0
1186000	-13.359054598044079	-5.700999014033018	-7.658055584011061	-7.8620022874753595	2.1610032734423417	1.1530197161328957	0.6620605234854108	-0.11153311188993764	-4.9838488334839575	0.9674786382524335	5.356622346388073	1.0
1187000	-15.063341770211462	-5.019824077861132	-10.043517692350331	-6.963685253791864	1.9438611759307323	0.5485482251604743	0.8132054663151461	2.664447876985183	-4.506186275953543	0.11513756785962669	8.901014442673493	1.0
1188000	-12.307371649577185	-4.821515024933343	-7.4858566246438425	-7.510418461005134	2.688903436071791	0.4043031050572267	0.617838664016256	2.0699150143067735	-6.699563321280077	1.5253182031525954	8.976816412569066	1.0
1189000	-16.0324808679821	-6.621903635151113	-9.410577232830985	-7.740328721726837	1.1184250865757246	0.3285361449326263	1.6759514897827197	2.504925841044032	-4.803027694637926	0.4767197217449527	3.882478200436496	1.0
1190000	-14.152366877108122	-5.607348794323518	-8.545018082784605	-8.047535424518534	2.440186630195016	0.8451314473637721	0.4068594296086539	-0.575276013555094	-7.158769788148272	1.357544427923757	7.029501969782714	1.0
1191000	-13.299324783400522	-5.133111681303592	-8.166213102096929	-7.895507315066256	2.7623956337626643	0.5378732465377473	0.6786446862595187	0.6305470298225708	-6.398876198153219	0.8801986872085593	6.652477821977761	1.0
1192000	-13.980280189925509	-4.631143281643174	-9.349136908282334	-7.313603459439312	2.6824601777961377	0.2630859960989129	0.6503216273880418	4.227903736739567	-5.729570640109162	0.2831643794788107	10.782039894860848	1.0
1193000	-15.888371486720796	-7.728917045335224	-8.159454441385574	-7.259037241917487	-0.4698798034177365	0.8327979947346528	1.7470905018648122	1.2206679546157286	-3.259708671189772	0.2484780826163756	4.039886598835714	1.0
1194000	-13.851795078070179	-5.564333605071201	-8.287461472998977	-7.704438885795022	2.1401052807238212	1.0288816600342288	0.6704027181304374	1.3001250547941139	-4.941769916723765	0.44978894251057017	44.40154097048111	1.0
1195000	-14.214896366860529	-6.403430419697537	-7.811465947162993	-8.197429013552222	1.7939985938546852	0.519191635709504	0.3025092734591721	0.3856659024009193	-6.826027453861449	2.165301083630761	286.55076463152744	1.0
1196000	-13.774962106206445	-6.810219307629182	-6.964742798577262	-7.029711476060274	0.21949216843109198	0.6327404664145798	0.7951323118326056	2.0117769622157	-3.3373731545154635	0.7552093511133249	3.319757995565921	1.0
1197000	-17.020445848660138	-8.457238484899838	-8.563207363760302	-7.1575068059076195	-1.2997316789922184	0.7297749162095104	1.7279819259890854	2.097729944592267	-2.802457615551739	0.7802640274671676	1.5932861490700718	1.0
1198000	-12.767056180761879	-6.569684136897183	-6.1973720438646955	-8.67116167469145	2.101477537794268	0.33069900180886863	0.7842748042467568	1.4136821519158418	-4.688876401887492	1.531185925653074	9.876897787524452	1.0
1199000	-16.5761877699834	-15.123976407074377	-1.4522113629090225	-7.836288280115902	-7.287688126958475	0.6325239362371406	0.8810593100548457	0.26681743006427305	-0.07600711256637915	2.3840936087573037	0.03685210161353011	1.0
1200000	-14.208951408165284	-7.269247958170623	-6.939703449994661	-7.0331527410845265	-0.23609521708609638	0.42632998306628755	0.9877923603221674	2.880766950342531	-2.9557198159120817	1.7021068611506212	3.334759006951741	1.0
1201000	-13.372794272969477	-5.223092704702728	-8.14970156826675	-7.953709869517278	2.73061716481455	1.1814708553137103	0.7297383819810719	0.7399317910048481	-6.360267899233479	1.8313217513684892	21.634425168992834	1.0
1202000	-13.977552355056133	-6.6354697058680685	-7.342082649188065	-8.208660551249572	1.5731908453815042	1.2292644911801052	0.33257605795626993	-0.8189756867017496	-6.173101955590805	1.3436435928635377	15.225822779800511	1.0
1203000	-14.059730272967291	-5.734982399204924	-8.324747873762368	-7.360668753945126	1.625686354740202	0.2172862944515411	0.47048425761588175	5.544462143168375	-5.206388342017344	0.8858084320086438	8.187998153812261	1.0
1204000	-14.889916657779318	-7.2729233447319945	-7.616993313047324	-6.9838480109974554	-0.2890753337345391	0.5802183401393975	1.0860434537457218	2.563982913271473	-2.9157116085075243	0.7871718109717634	2.431107431700225	1.0
1205000	-14.232976966072078	-5.683216076971535	-8.549760889100543	-7.627236792346048	1.9440207153745135	0.7224098885698356	1.1699021084804575	0.26890501403648603	-6.001663666050526	0.3591685536560602	28.5928148129654	1.0
1206000	-13.605561517905805	-7.3247715779896385	-6.280789939916167	-7.33864043846707	0.013868860477431078	0.7734509290692609	0.8907125364264379	0.7302609450177304	-3.135351513849666	0.77762652767626	5.37088431314588	1.0
1207000	-12.22425977238422	-5.535150947761358	-6.6891088246228625	-7.0102300921837895	1.4750791444224314	0.6182998380269752	0.34199661694650424	2.330538836408849	-5.975651247784336	1.6038676156094327	11.155218595973368	1.0
1208000	-13.801226954736283	-6.911012593250129	-6.890214361486153	-7.941923666959806	1.0309110737096763	0.4236011996426069	1.373307925463978	1.3296573531331286	-3.835526606839401	1.6052000449836628	9.166068144505704	1.0
1209000	-12.947935350704197	-4.853567263154741	-8.094368087549457	-7.044008412681768	2.190441149527027	0.45714285080376654	1.218306518383938	2.59899570413533	-5.032520571728983	0.5034704301803736	36.741928256000726	1.0
1210000	-14.361100211473403	-7.868989431433342	-6.492110780040061	-8.606802499981885	0.7378130685485429	0.7115295813194178	0.4813483543122208	-0.8687601130680107	-4.456418395786757	1.0003003694650237	6.45538180218998	1.0
1211000	-11.775380176080983	-4.806737052170663	-6.9686431239103195	-7.452165342237112	2.645428290066449	0.24108159997491005	0.6727057851703003	4.322121736765516	-6.6662692832618875	1.8247964956139464	17.486927462798427	1.0
1212000	-16.757789760962222	-5.14921093336656	-11.608578827595661	-6.956660842587297	1.807449909220737	0.5323995729374661	0.3057531104940242	2.7722331768214725	-6.801209441901266	0.5458098582433583	4.01872690548077	1.0
1213000	-12.484201723145635	-5.685613275525027	-6.798588447620609	-7.158453171284993	1.4728398957599662	0.6796294465694988	0.8417541996998552	2.5378954906826916	-4.095315721655549	1.6362752543984664	10.559704176980208	1.0
1214000	-14.303599173402718	-6.887812520609298	-7.41578665279342	-8.292033223921036	1.4042207033117382	0.5291201518423656	1.5357583495328577	0.22682826012647006	-4.552299214078042	0.8143687380278187	6.3362612440304185	1.0
1215000	-17.9738425621022	-11.797334818445547	-6.17650774365665	-7.422334265159636	-4.375000553285911	0.935585853994628	1.5903158663551096	0.7916583448175369	-1.4718309162859446	0.6037549491049037	4.43513584298873	1.0
1216000	-16.0295923716695	-7.728405150695139	-8.301187220974363	-8.700436179970215	0.972031029275076	1.4628215260855508	1.5665292797641508	-1.1891390930681816	-4.056062728751621	0.3633275332657433	5.423854347787992	1.0
1217000	-13.358457456794007	-7.347918223260878	-6.0105392335331285	-8.111949161277362	0.7640309380164845	0.1598371980261322	0.33053587304238274	5.123849806224802	-5.439977664194938	1.9080160306068077	15.762583445554801	1.0
1218000	-12.243254152796563	-4.795658875124375	-7.447595277672187	-7.545606819442875	2.7499479443184995	0.789403488467427	0.8345240395331218	0.2679352549681193	-5.749327027166348	0.8036335023369349	23.94271097085635	1.0
1219000	-16.881154780771773	-8.569957021239773	-8.311197759532002	-8.716828662942428	0.14687164170265365	1.5039184449149168	0.5155127093654709	0.1324577235194715	-3.921755792356045	0.6611129069917728	2.1802783069540457	1.0
1220000	-13.539365769468859	-6.140165617133796	-7.3992001523350615	-7.077264578125507	0.9370989609917109	0.3711348254796382	0.483080060741044	3.285972964887611	-4.591515087412691	1.931347001334809	169.70216457927214	1.0
1221000	-13.414978041511224	-5.163500435394145	-8.25147760611708	-7.753734829935812	2.5902343945416675	0.2488491917971239	0.8544321795403631	3.6191902427072677	-6.246863918329417	0.8522710561848057	8.722863678364114	1.0
1222000	-12.409615862947241	-5.807229099435072	-6.60238676351217	-8.01860736374432	2.211378264309247	0.3588421491210381	0.46197218109929633	5.701185673724824	-5.877758937581237	2.2429132368406863	26.834138399746333	1.0
1223000	-15.6576944662219	-9.23201934748233	-6.425675118739569	-8.449734213270881	-0.782285134211449	1.2875825304218067	0.7621530102180886	1.018418426846884	-2.8277267494810263	1.1548816516343061	4.70582179769528	1.0
1224000	-15.593962802716732	-7.216616134820078	-8.377346667896653	-9.244648152324308	2.0280320175042297	1.7450974691279237	1.0093993738353864	-0.5827942614337227	-4.481529538707433	1.218017903216507	5.391504283517191	1.0
1225000	-16.708836097057223	-10.043848638389546	-6.664987458667676	-9.697520712898289	-0.34632792549125746	0.34327744988667774	0.9903583983009168	0.3442721739772371	-2.8972658564135556	1.272561157585616	1.258474265878823	1.0
1226000	-19.03046079972586	-10.698967216775408	-8.331493582950452	-8.962501247632488	-1.7364659691429187	0.6290159253983119	0.791202479282744	-0.9081696343249923	-2.3220598725519506	0.12782358914308317	2.218901613410401	1.0
1227000	-13.108499605778348	-6.621131883926347	-6.487367721852001	-7.117814769517893	0.4966828855915457	0.672513841085645	0.902794256913794	1.5102474756072874	-3.403618149863759	0.8304689232644853	5.409972440872453	1.0
1228000	-13.964873453702854	-7.979352841667909	-5.985520612034944	-8.682017659987523	0.7026648183196134	0.6051957983536599	0.6499721157676309	-0.5461005182315812	-3.876881077819886	1.7482459685423868	5.970168200168436	1.0
1229000	-11.283538963348432	-4.230757568426462	-7.05278139492197	-6.959873928008394	2.7291163595819317	0.40739786017790947	0.631863973099139	3.6135989790685348	-6.5815170129265255	1.2104149610577872	27.994303175046802	1.0
1230000	-16.934476997749197	-10.339380118839868	-6.595096878909329	-8.701775500389312	-1.6376046184505566	1.4725267572481078	0.4101836385972196	0.32912639997276466	-3.3250068547608196	1.2814235214161107	3.542141428491077	1.0
1231000	-14.686415294737632	-6.202837939784938	-8.483577354952693	-7.872724883383371	1.6698869435984331	1.1787925912680932	1.0106082447313514	0.34934983588857627	-6.618307116452069	0.510555765146045	35.05108492231019	1.0
1232000	-13.673848837811068	-5.294505699060895	-8.379343138750173	-7.491685096111771	2.197179397050876	0.8965283058747192	1.2176820368965524	1.769524714578069	-5.058130395734925	0.9993490385540009	5.148901712858603	1.0
1233000	-17.709049945540258	-10.64773166010846	-7.061318285431799	-8.792309438856888	-1.855422221251572	1.579793061571612	0.6547542805668898	-0.5053728665974936	-2.439756527281626	1.8181555763172446	1.7002556308050767	1.0
1234000	-14.84219696144265	-8.537076262761587	-6.305120698681063	-7.5301435010084505	-1.006932761753137	1.0007946775812806	0.9965474298044573	0.6446312587977157	-2.5650677571748846	1.5396373763953883	3.2364645810428927	1.0
1235000	-14.671450204242902	-5.918456623885469	-8.752993580357433	-8.647941913724608	2.7294852898391397	1.2047452893275812	0.5705569010025633	-1.4952849280536813	-6.249982390186393	1.277446839617643	6.248494309182883	1.0
1236000	-14.526885433413693	-7.0398024955174625	-7.48708293789623	-9.606613588405176	2.566811092887714	0.5358456816427303	1.001339162509247	-1.024201084762173	-5.634768795834277	2.0438628432112487	29.28577397179779	1.0
1237000	-16.518081880436966	-8.148251724056648	-8.36983015638032	-7.6555855275675935	-0.4926661964890542	0.5796462770786169	1.0404325917438582	0.7342251250777142	-2.813070189253543	1.5921801781619014	0.8346547291644781	1.0
1238000	-18.404223540113072	-13.51222021603185	-4.892003324081221	-7.616555616315909	-5.895664599715941	1.0065825971496671	0.6303817656513334	0.1643480662430422	-0.6692790226544838	0.3829268810436955	0.07747057185106256	1.0
1239000	-23.636374304581388	-19.885235755752163	-3.751138548829223	-11.289656804014477	-8.595578951737686	0.3103091837290348	1.0697869044972803	-0.5437993881569123	0.24362167180677746	0.35042251963155147	0.25724615437019827	1.0
1240000	-13.019551776282592	-5.612007678057115	-7.407544098225477	-8.165711439078457	2.5537037610213424	0.22749083142023663	0.7660978207183564	6.891400475255587	-5.246966301282642	1.9974636279870142	18.092885225915264	1.0
1241000	-16.10285408799851	-7.948995083699447	-8.153859004299063	-7.405015437794917	-0.5439796459045301	0.2731360756357004	0.7841580462153567	3.82236974146781	-2.9275463943880746	0.9978892835385482	2.7243103556508244	1.0
1242000	-13.409670668298855	-5.840338072880107	-7.5693325954187465	-7.74309618620924	1.9027581133291323	0.7416714121651716	0.34799734629710277	0.047464648661115605	-6.420036449459939	1.2929756026899613	7.2003367659294195	1.0
1243000	-15.906687440180104	-8.417285039375798	-7.489402400804306	-7.616820846896794	-0.800464192479005	1.0433150548287986	0.3306139691451513	0.3910043440695271	-4.33313431393051	3.5989950181942456	11.672531322403298	1.0
1244000	-16.094353275669928	-7.481665216824397	-8.61268805884553	-8.119605133083075	0.6379399162586781	0.40534296802637965	0.48116319510574795	1.2726652617398442	-4.387508353434351	2.213186553630367	1.7937610710405276	1.0
1245000	-12.876858878906216	-5.107240329842111	-7.769618549064104	-7.146917795978236	2.0396774661361254	0.7473033212447038	0.7210142952299927	1.7884159369603896	-4.734253005818146	0.5193008022895568	6.3904551199573945	1.0
1246000	-14.480554762376993	-4.961025246072511	-9.519529516304482	-6.961889511174935	2.000864265102423	0.40747594141437077	0.46151383892130926	3.6789771508705513	-5.627122766910423	1.6452106019227652	3.8267593686021035	1.0
1247000	-14.760828258114607	-5.848139361165096	-8.912688896949511	-8.473234572139306	2.6250952109742105	0.7641103498145471	0.8546656703053989	-0.8838792622304674	-5.301285920499396	0.48012189865434524	109.79708489237866	1.0
1248000	-15.182974249884962	-8.546103172058206	-6.636871077826756	-8.435186509330656	-0.11091666272755063	0.3362875943381579	0.9361093779195472	1.5939123517519926	-3.04165232109867	3.3603296481152336	3.449954317902006	1.0
1249000	-11.556661903243782	-5.23039473517455	-6.326267168069231	-7.597841975067638	2.367447239893088	0.37898488037013145	0.4841877867273233	2.17150118947328	-5.957701445313663	1.4924679534228456	19.93621449174047	1.0
1250000	-14.493353799342426	-7.032971163968044	-7.460382635374381	-8.604931957246727	1.571960793278683	1.359954274851844	0.4555087930242722	-1.2748414345563817	-5.239898028504109	0.9726065628937338	25.042541043459718	1.0
1251000	-15.090669571422708	-6.502317815133224	-8.588351756289484	-7.2801405737705895	0.7778227586373658	0.8121403591597378	1.2290959088210294	0.9353309098902196	-3.5560227619424416	0.2636203287086162	26.98785413589256	1.0
1252000	-12.445650440254838	-4.755503724860614	-7.6901467153942225	-6.990525163177188	2.235021438316574	0.3870320179473058	0.8010111231429623	3.997808374611113	-6.774438578574221	1.1750006465436533	14.884303438394433	1.0
1253000	-15.46500459006991	-7.322954092038117	-8.142050498031793	-9.606920954956285	2.2839668629181684	1.5943613107292707	0.9488142373907181	0.8559475424934034	-4.7643309879645015	1.1580566157966565	6.684024984439101	1.0
1254000	-11.631149784092672	-4.9114544232219455	-6.719695360870727	-7.2339176262431	2.3224632030211545	0.4022409008795918	0.9243511471621372	2.572166640362325	-4.814549319144432	1.566445999554707	15.182387122289539	1.0
1255000	-16.448466757079306	-9.103937372168309	-7.344529384910997	-7.5706243497966845	-1.5333130223716243	1.0089753462659283	1.5149387756683688	1.0178763535530069	-2.5091885047123608	1.0331728495116765	15.236063032026477	1.0
1256000	-14.05315545796925	-5.195332771256288	-8.857822686712963	-7.1191631744951245	1.9238304032388367	0.37368131836133917	1.3000468449362854	3.128189067953126	-4.688151765363439	0.8554744071392771	4.112558043098156	1.0
1257000	-13.464647073894575	-6.030807820840166	-7.43383925305441	-8.005284436538137	1.974476615697971	0.2855265005375508	0.8686541196792175	2.706132446931928	-4.479346795453463	1.6713310038336238	4.2024917673297475	1.0
1258000	-16.278536013641187	-7.858592045860336	-8.419943967780853	-10.242571402452734	2.3839793565923983	1.6790035626871298	1.041298674429816	-2.6195175727028714	-4.963217497193113	1.1081441721987177	13.218641017566423	1.0
1259000	-13.609426120526855	-6.967314855151017	-6.642111265375839	-9.599472386289506	2.632157531138489	0.2655831916821309	0.9556208420626966	1.3710465586798648	-5.5249989419279135	1.6984081480116235	17.810322901987252	1.0
1260000	-13.403018556063227	-5.845666645719672	-7.557351910343555	-7.207293253613526	1.3616266078938537	0.6914646973124785	0.9411095703049964	2.582230230120218	-3.941724903915458	0.47594039622287354	15.522247957298715	1.0
1261000	-13.369986386391584	-5.589440749076551	-7.780545637315034	-7.728540262756562	2.1390995136800113	1.0240750646411105	1.0043988451252654	-0.1265475138978902	-4.599202463317142	1.3091482073032485	4.604073124272374	1.0
1262000	-14.469781000073239	-7.563266616727114	-6.906514383346124	-7.640080292079315	0.0768136753522004	0.9535787014268189	1.220323554892655	0.0030876839279806445	-3.135458660557265	1.019373263745224	2.4783396517437346	1.0
1263000	-15.994519130622674	-10.315635757265504	-5.678883373357171	-8.265086618863558	-2.050549138401946	0.6576557725488194	1.043969010051058	-0.333421675209373	-2.082973086019853	0.9756845335560345	1.0857456978796622	1.0
1264000	-12.567892837882484	-5.17962029261098	-7.388272545271504	-7.911563681333501	2.731943388722521	0.7355851095328869	0.8486795611511758	-0.16607929564957402	-5.644652310051797	1.7943354127058428	10.3612851931162	1.0
1265000	-12.809366182546565	-4.676901980007437	-8.132464202539127	-7.239943606250904	2.563041626243467	0.2989470964442832	0.7932356262151775	5.224094718679949	-5.227471524851668	2.134333968693848	8.044141543879913	1.0
1266000	-12.422448090632255	-5.8922038673508395	-6.530244223281416	-6.980035235019489	1.0878313676686497	0.4916259715222123	0.8642872308274837	2.631189997403576	-3.80395698348084	1.3681041307406614	17.080653465263847	1.0
1267000	-12.446914795283691	-5.453325060650325	-6.993589734633366	-7.659837425283363	2.2065123646330376	0.9013094296469297	0.6614143289446354	-0.048096715730363226	-5.032622810542363	0.915744326402888	14.61617860926029	1.0
1268000	-14.77312610410225	-6.424570047896368	-8.348556056205883	-8.659807920982255	2.235237873085887	1.4633946417642794	1.1228294799449507	0.3053010154514615	-4.825748276443807	0.5885780244032429	5.073000013767265	1.0
1269000	-14.240326760223763	-5.839461779676161	-8.400864980547603	-7.62079228734784	1.7813305076716794	0.6946725955541159	0.2664849836935857	0.3547096117514652	-7.487324882135758	0.594569154273608	11.000855933547502	1.0
1270000	-13.100533881997933	-5.254211743463278	-7.846322138534655	-6.965836767596885	1.7116250241336064	0.49234827695181055	0.6471169411756913	2.7132394287961623	-4.613181591601952	4.111456678405892	6.1225026368762805	1.0
1271000	-21.025673813355027	-12.456220858701485	-8.569452954653542	-12.318992894326147	-0.13722796437533713	2.7250830327403825	1.3161285037269488	-1.3797601009093012	-3.0610451916789243	0.9702307133215741	6.9655317395424206	1.0
1272000	-13.184607203980066	-4.757118454336407	-8.42748874964366	-7.09843622789532	2.341317773558913	0.6671342167531813	0.9669740463037181	1.5986750531914071	-6.220494085594524	1.7523842653426427	7.164333915298819	1.0
1273000	-12.377445286383104	-5.6112247321197914	-6.766220554263313	-7.86684602443442	2.255621292314628	0.17540015801159078	0.8381653674780718	5.089260511958178	-4.784587066419057	1.4871456242316061	20.074816176423816	1.0
1274000	-15.185009624670153	-5.844749430581897	-9.340260194088255	-7.989774961780035	2.1450255311981374	1.2137108685212186	0.32820691261039786	-0.2741542608082965	-7.61398777506277	1.2743225829683709	7.1595949960076055	1.0
1275000	-15.270471175232649	-8.53901736053323	-6.731453814699419	-7.874975694816133	-0.6640416657170967	1.146879987502328	0.7147188470156852	0.8022303919609555	-2.9545808833388927	0.5064460094753891	3.5175401855459167	1.0
1276000	-12.359565646692758	-4.612568179866945	-7.746997466825813	-7.210071399239364	2.5975032193724195	0.7617924211391527	0.9270632476121362	2.019412543091458	-5.275967817731181	2.148567955019818	12.171603350032953	1.0
1277000	-13.740004862886572	-5.803246132143287	-7.936758730743286	-8.605337740978458	2.8020916088351706	1.433111022605594	0.6973007644677496	0.40263515252698245	-6.063096590320951	0.7350899435954185	17.450008074381408	1.0
1278000	-13.67369725681007	-5.022493108970833	-8.651204147839238	-7.814215820024989	2.791722711054156	0.1508586234179508	0.6413696403724942	6.2500623726594515	-6.206843020564843	1.4553034252951509	9.2725248453104	1.0
1279000	-14.405586087790184	-8.041524951532327	-6.364061136257856	-7.328613001508902	-0.7129119500234258	0.7109289847427237	0.49684186863423196	2.706298058922877	-3.471971037002864	1.046379542476409	6.6295753911356545	1.0
1280000	-16.08356274175032	-5.7669795546063956	-10.316583187143925	-7.28059760165112	1.5136180470447247	0.8418551621385354	1.5237251045097455	1.4713997427651953	-5.033916833979899	0.9773613739258299	2.6777497114870923	1.0
1281000	-14.181515892125606	-6.273351718026002	-7.908164174099604	-8.238128749821856	1.9647770317958537	0.5199319649307388	1.157435363800092	0.3370044556458016	-4.492599061559941	0.8984461742869218	3.178767674389848	1.0
1282000	-13.710770799109415	-7.531098536531163	-6.1796722625782525	-9.346792972546462	1.8156944360152991	0.23819119373512676	0.29701230513155347	2.015082657231692	-6.947389531000501	2.055509516943796	11.82536983149896	1.0
1283000	-17.256126869608316	-9.223591505347287	-8.032535364261031	-9.716455009373032	0.4928635040257445	1.4795728380900484	1.4247617831322992	1.3921173903133381	-3.504058083445725	0.9049977719890309	20.482105547537273	1.0
1284000	-13.008288001644857	-5.275874538423471	-7.732413463221386	-7.064703044547143	1.7888285061236715	0.5872243528847864	0.3466634516853069	1.8718989548645089	-6.282906149415899	0.5282197030077422	30.751874192284436	1.0
1285000	-13.998810019903603	-6.8011053529747585	-7.1977046669288445	-7.909450863432955	1.1083455104581965	0.24088315077813785	1.0703358588158363	3.531337565253675	-3.7361480219945933	2.125425150168698	43.77096658062143	1.0
1286000	-12.145062606485796	-5.009656895671748	-7.135405710814048	-7.447411892346237	2.4377549966744887	0.8766482118842618	0.5023980955642254	1.8082819256184064	-5.956715362775586	1.286443613554141	13.85209570938758	1.0
1287000	-12.40547108845588	-5.503905294999036	-6.901565793456843	-7.390359492832076	1.8864541978330398	0.6938622745465011	0.36721041463384235	0.7506685859308689	-6.203695459279313	0.9976133509971631	25.057680779199003	1.0
1288000	-17.428251652744393	-10.993519344684703	-6.434732308059692	-8.166255863202416	-2.827263481482287	1.2863593317780804	1.133948223409565	-0.518749975898159	-1.7712954716852498	0.9576912029435788	0.6488722393991555	1.0
1289000	-15.949776648910632	-7.071791568884151	-8.877985080026482	-8.171319348453155	1.0995277795690042	0.6923826330217929	0.8106228143394729	-0.35022281092392404	-3.8659861511871	2.59389133105962	1.6589360721156552	1.0
1290000	-12.915024998084963	-5.392175447369122	-7.52284955071584	-6.9614934660401975	1.5693180186710753	0.5438940501416937	0.6732197215707462	2.6625867430595522	-4.435447657334338	0.5479552625460467	7.353205130081368	1.0
1291000	-14.21005663196287	-6.312935328279664	-7.897121303683205	-8.007846478681524	1.6949111504018592	0.3422683660891541	0.7435505654896623	5.817447994614821	-4.396168902579028	0.5753728857263332	36.94757965814899	1.0
1292000	-13.94252684150269	-5.4863319460291855	-8.456194895473505	-7.007711548354259	1.5213796023250739	0.35563312208320647	0.8609843161311	3.8834446190439085	-4.113416975117916	0.757666434077567	4.3613838925315624	1.0
1293000	-14.5184684283392	-7.570136364452461	-6.948332063886738	-7.434681882316099	-0.13545448213636213	0.3863474503187461	1.5439623234388864	2.352720494436058	-3.230802126996142	0.8250083651218376	5.825855185711149	1.0
1294000	-15.755721927692187	-7.528598073451407	-8.22712385424078	-8.62366622804546	1.0950681545940526	0.41872010356817757	1.6696395097196646	0.6304365765367909	-4.568726656863654	0.6696137476630275	3.688222832409774	1.0
1295000	-13.795655732420915	-6.03968431765769	-7.755971414763224	-7.019791227780676	0.980106910122986	0.5670243860310669	0.3986612264509589	2.953027437361218	-8.575616543856253	1.6539685754109705	16.16549310905117	1.0
1296000	-15.883156091404032	-8.244089708478501	-7.639066382925531	-8.795037592159723	0.5509478836812205	0.6623777470189834	1.3603567668447385	-0.882935211850233	-3.489173297172601	1.2322961252062465	2.2070294649183535	1.0
1297000	-13.29196241839631	-5.180840121912692	-8.111122296483616	-7.569629089169082	2.3887889672563896	0.6151733893387172	1.109751980317858	3.6334011800274943	-5.167415837215136	2.148794246492209	13.077743756061171	1.0
1298000	-13.91932897971217	-8.3504882436416	-5.5688407360705705	-7.833188558810588	-0.5172996848310119	0.32383742912375935	0.554246369908704	2.43547374512281	-3.3901440137029484	1.3862867693497245	9.318002601161073	1.0
1299000	-14.455160552022054	-5.303854674608217	-9.151305877413836	-7.038891653845894	1.7350369792376776	0.5553244251505605	1.2527992843484326	3.1167521682883104	-4.341225600312703	2.117170375250335	3.9552496723354107	1.0
1300000	-14.030389457001155	-5.941363296173973	-8.089026160827181	-6.966381104815316	1.0250178086413428	0.5267605106212678	0.32311850029761574	2.5649554297568393	-5.728572419906367	1.4128780676876658	4.6955066793287275	1.0
1301000	-15.80278080915194	-7.651359468737587	-8.151421340414354	-7.671255571338357	0.019896102600769794	0.35560703645556496	1.8663482829018536	5.429734984053661	-3.7830453404283575	0.8667818507082496	26.22316517104544	1.0
1302000	-12.881601662285199	-5.70115509152823	-7.180446570756968	-8.241426402898556	2.5402713113703257	0.8095502543847136	0.8687618792833807	-0.740290684427056	-5.139247579209989	1.552629769972618	11.3625096016782	1.0
1303000	-14.467749973243068	-6.716227010780127	-7.751522962462941	-8.776835869822676	2.0606088590425493	0.23562804579864094	1.26936872635338	2.606363295648694	-4.883684406017137	1.288728093101879	71.26714285497854	1.0
1304000	-12.334511553453165	-6.540304445763768	-5.794207107689398	-7.01123016019736	0.4709257144335921	0.39506955958920226	0.1998554626333867	3.275202188874453	-6.863654668785259	3.7362301259498722	26.151493831120277	1.0
1305000	-13.085697936976976	-5.32756239851486	-7.758135538462116	-7.413926711371101	2.086364312856241	0.9033225459154779	0.8262365082915886	1.4730332967543327	-4.623228278275284	0.6791601171509258	39.35876029390241	1.0
1306000	-15.49437065593847	-6.204139241356037	-9.290231414582433	-8.257176801539813	2.0530375601837765	0.9622215616276769	1.293467446444409	-0.9818930187421313	-5.248785912447399	0.6570400142357938	3.7411232994179686	1.0
1307000	-13.075189171744633	-5.302740590900503	-7.772448580844131	-7.41766135411348	2.114920763212977	0.43880341741076884	1.1795985262617652	4.580400459882553	-5.775563451135587	1.2951439829248115	38.42344015429645	1.0
1308000	-12.42875489805688	-4.6515529753046785	-7.777201922752201	-7.412697572622883	2.7611445973182045	0.834138999770734	0.6963111835767773	0.51612948949883	-5.809292548454131	2.1016185258555184	7.9788740887730905	1.0
1309000	-16.39847094990629	-7.207603453222185	-9.190867496684106	-9.353461140665553	2.1458576874433684	1.6732617921775683	0.5379179054916038	-1.7063558325064543	-5.391519897823642	0.5638367751678519	4.679446939444849	1.0
1310000	-15.20589651276272	-6.587937771969343	-8.617958740793378	-8.548767259410878	1.9608294874415355	0.5216002544648685	0.33112625548477914	0.004975395291816065	-8.045752623000086	0.4770556665238211	14.659188753454183	1.0
1311000	-13.742941409885418	-5.0158710844388095	-8.727070325446608	-6.979029816537749	1.9631587320989397	0.4156189948959021	1.2546394673263632	3.8163004718583498	-5.690570192954719	1.2152592576850285	7.152475172785982	1.0
1312000	-14.582910356553842	-6.420921109527695	-8.161989247026147	-8.70144991625743	2.280528806729734	0.25292375441465426	0.4912013972312446	2.402701598921258	-5.7902004610591655	1.1762385999971676	4.634379676985372	1.0
1313000	-17.410466625057957	-10.35943563126806	-7.051030993789896	-9.598271934936475	-0.7611636963315833	1.3919426579144798	1.2717695726521476	1.6417271979594623	-2.722091887063378	0.655983241594764	5.440839943493749	1.0
1314000	-15.416683728289245	-6.969601909688079	-8.447081818601166	-7.290568314978676	0.32096640529059783	0.8243871837555065	1.1406079779920877	0.9189697725454385	-3.252321878611147	1.1390814818825685	1.3093175876443586	1.0
1315000	-16.22814720842096	-14.320891949247658	-1.9072552591733034	-7.725218888367452	-6.595673060880205	0.7283369043230391	0.9876770867659224	0.10699651345522762	-0.3449978896539171	1.5080048071017436	0.08529806029828137	1.0
1316000	-13.954046671865461	-6.206737497571314	-7.747309174294147	-7.319189564175987	1.112452066604673	0.5697866421038318	0.938946119792647	1.3170317762117816	-3.769766260452821	0.9127188827842896	2.2541605618502403	1.0
1317000	-12.812462746735704	-5.29295341399696	-7.519509332738744	-7.546047348649629	2.253093934652669	0.7720304844178402	1.1329070055262958	2.6710480636761456	-4.878799075061233	1.0216598139633675	20.772063271916196	1.0
1318000	-14.696004884775622	-7.6110338455987385	-7.084971039176884	-7.563314167089447	-0.04771967850929082	1.0013694175846666	0.49375874428480865	0.36823489640420326	-3.8842873671018197	0.9067285655998053	2.8890250682918275	1.0
1319000	-14.666881154262727	-5.323098804094643	-9.343782350168084	-7.003688467411894	1.6805896633172512	0.454238621422996	0.9834646666320623	2.768011115457974	-4.169928824602787	1.2538196412372888	2.3656210540035367	1.0
1320000	-18.07563816407908	-7.104369849363793	-10.971268314715287	-7.625997089702912	0.5216272403391189	0.3893764980511977	1.2393712737613531	2.0335522158713504	-3.3999110589392574	1.47053032599823	1.0521060350573137	1.0
1321000	-15.851755379296582	-7.402192418377888	-8.449562960918694	-9.626159577374947	2.223967158997059	0.6179050677803698	1.2129506331558138	-1.4265288549176292	-5.223090925287757	0.67685280273636	4.872551907693363	1.0
1322000	-13.17875117179646	-5.608107313469334	-7.5706438583271245	-8.330446944253943	2.7223396307846084	0.9120522202765566	0.5771373865091607	2.745275507522147	-6.1677243600291485	0.8746654191548204	17.618790766770356	1.0
1323000	-12.744622021459698	-5.903064774105367	-6.841557247354331	-7.36750373325667	1.4644389591513027	0.6857587934596228	1.1065193334354726	0.8162880336900531	-3.999546157405887	1.4362193817748747	6.4987072147172675	1.0
1324000	-13.198188166169446	-5.801539158930023	-7.396649007239423	-7.167659562280235	1.3661204033502123	0.7529706468806666	0.6747429937688629	1.3659093312817385	-4.277734154550275	0.4684420525014658	7.220336328440529	1.0
1325000	-15.094414287782065	-6.072626336973251	-9.021787950808815	-7.08374270733252	1.011116370359269	0.5802019435504037	0.31468645888552066	3.0714876413946675	-5.798439450847166	0.3936191007150818	7.189721519910999	1.0
1326000	-14.002537732897096	-6.0803116019341745	-7.9222261309629225	-7.304765926895291	1.2244543249611164	0.8112697796724722	0.6390244461654649	0.835468905566108	-4.259174303157871	0.42513765815756316	3.953585629311513	1.0
1327000	-13.446490087817654	-5.110288251572226	-8.33620183624543	-7.266639805632805	2.1563515540605795	0.6798802944382313	1.2467389506172561	1.0490219901298656	-5.15737506186843	1.9173609586157874	5.971780575091705	1.0
1328000	-13.742968932596403	-5.301531833366971	-8.441437099229432	-7.3926406496371495	2.0911088162701787	0.6997954370438435	1.1543741087100645	2.8867869779170556	-4.650480202353334	0.5259888099727499	5.7902128226588125	1.0
1329000	-13.910125144984082	-4.89206489198057	-9.018060253003512	-7.556767889359811	2.6647029973792415	0.9111378646350157	0.9193359156005627	1.812056965587573	-5.507443201202005	1.0343306478737138	4.319341098062192	1.0
1330000	-17.792299389610186	-10.978183910281027	-6.814115479329159	-9.455270460604876	-1.5229134496761514	1.1292671482546048	0.6992721661726279	2.5671027209973167	-2.534018994929117	1.5523666169872838	3.9714222107497106	1.0
1331000	-16.370415012138007	-6.3733112894373765	-9.997103722700631	-7.531579547989404	1.1582682585520274	0.9182380762059595	0.47548854799311635	0.2443826070377786	-8.247852102530953	1.8001725162613844	6.969724520551485	1.0
1332000	-13.634069415691819	-6.960715374375501	-6.673354041316319	-9.192151857162617	2.2314364827871165	0.3766035009188204	0.7655926869994876	0.45847074322020254	-4.846998010780403	1.1899302467238217	5.676875848377946	1.0
1333000	-14.318784839404447	-6.618636360424222	-7.700148478980226	-7.284707075132275	0.6660707147080522	0.7890401316783038	1.333437025357437	0.8871598434472747	-3.54408425321098	0.3973022460885198	3.4496914133520353	1.0
1334000	-12.752487296962894	-5.500552863616416	-7.251934433346478	-7.92317374041674	2.422620876800324	0.5824504027763062	1.0816635301682405	0.3722899737229811	-5.155986792481954	1.3272251356025104	7.751714388772043	1.0
1335000	-16.729188007446215	-11.445576215430057	-5.283611792016159	-9.05492980428563	-2.390646411144427	0.4609683296330341	1.19930946950293	-0.09211588073354637	-1.96986119250167	1.0593080306252618	1.200871629496336	1.0
1336000	-14.927532953406665	-9.040021228955021	-5.887511724451644	-8.41898878468677	-0.621032444268252	0.4648438082870953	1.093932516845348	0.4937391292097635	-2.747203575209031	0.8095592175460312	3.518076781803186	1.0
1337000	-13.267827809528125	-5.872546862117672	-7.395280947410453	-8.300795435221954	2.4282485731042813	0.8360096128099413	0.5936591938981819	-0.8598267206801165	-5.505436651869292	1.1639205571530247	6.815824105418027	1.0
1338000	-15.165568138623927	-6.712066208280522	-8.453501930343405	-8.495997446845426	1.7839312385649038	0.9641679562857202	1.1478785849163895	-1.2569601667889103	-4.293036679633541	1.1527033737811336	2.9599929256556394	1.0
1339000	-21.980751076438	-18.25142854210554	-3.7293225343324616	-8.408332353533964	-9.843096188571575	0.46015691063479547	1.2504157469099744	0.537341572843108	0.4444907020156763	0.4807660316410145	0.2963983312470909	1.0
1340000	-12.498360740802248	-4.88699737690625	-7.611363363895998	-7.579889196596254	2.6928918196900034	0.2742577337040477	0.850744691881093	3.4773842529869468	-6.044874575939539	0.657336818877544	22.335603882486947	1.0
1341000	-11.704237612667706	-4.377405047736169	-7.326832564931537	-6.9984480268702045	2.6210429791340353	0.3601969508334446	0.744092102517546	4.005301407751791	-6.524051908776499	1.7959403345326563	14.76648734364074	1.0
1342000	-20.54561581127171	-6.255347540250451	-14.29026827102126	-7.827640650572258	1.572293110321807	0.7319629883217719	1.30924542941257	3.2270949651390723	-5.910258293603844	1.343889626721827	2.406278531400007	1.0
1343000	-13.913783254637675	-6.125908185282062	-7.787875069355613	-7.837817063313751	1.7119088780316893	0.9198460005622521	1.4445827254272026	-0.36871621831741164	-5.086982814395923	0.9435911351476016	10.01445746883456	1.0
1344000	-14.904701447035656	-8.26034492352672	-6.644356523508936	-7.2674723313583875	-0.9928725921683323	0.6763180308129972	1.276671166478671	1.0552913449564716	-2.6132623184931667	0.48897552399350863	3.0167186214040345	1.0
1345000	-12.415031069668316	-4.25516327610879	-8.159867793559528	-7.008626193806187	2.753462917697397	0.3536980448568689	0.6510970101902747	3.9220978160466258	-5.91803299302355	0.4373072888396317	23.921391178900304	1.0
1346000	-12.6512891567689	-5.904674520425936	-6.746614636342964	-8.502076881192409	2.5974023607664725	0.3713466168741529	0.5528510726434835	1.1671680412357337	-6.970419368580157	1.306167353992888	20.787146701032796	1.0
1347000	-13.607056767360444	-5.2624737034615094	-8.344583063898934	-7.633769022771199	2.3712953193096897	0.2304228722578402	1.076687397154474	6.312160204630711	-5.000766046847258	0.9812396878890495	12.005589151754247	1.0
1348000	-14.065086267515998	-6.073850490165869	-7.99123577735013	-8.391620033462855	2.3177695432969863	1.3121469023162273	0.43361562959723915	-0.997490859994091	-6.246599912225324	0.5502203468127281	21.266430436287052	1.0
1349000	-14.704132106408775	-6.564249661676138	-8.139882444732637	-7.070958313517959	0.5067086518418211	0.5178729655721278	1.8698176679351801	2.1391551363845664	-4.407732726823257	0.6175478333112246	5.6122573274568115	1.0
1350000	-14.032158318526228	-6.37921189018728	-7.652946428338948	-7.072848036222467	0.6936361460351872	0.34285623066083	0.3468514953245912	3.672283614070747	-8.887897119128832	1.3936384495473135	17.360753419684773	1.0
1351000	-15.600445058637344	-7.841572705727246	-7.758872352910098	-10.079427784706528	2.2378550789792824	1.1422854773048678	0.573663909692601	2.8481151736798034	-5.346430609810367	1.6861025091908326	10.892053101099659	1.0
1352000	-12.52860388656683	-4.954890626972036	-7.573713259594793	-7.1608188479616395	2.205928220989604	0.4895378994183436	0.3801470323965685	3.86602636926467	-6.562758169822688	0.9020579995498652	80.06912763184148	1.0
1353000	-19.15786614129467	-12.095464552365446	-7.062401588929222	-10.984134626665655	-1.1113299256997902	1.9566376053579597	0.8220874193048285	0.5801289796336638	-2.5994521154903785	0.5924385151384478	1.852258582643807	1.0
1354000	-13.719297428867634	-4.678445622326165	-9.040851806541468	-7.386706189473148	2.708260567146983	0.7513443962090828	0.8859595921865165	0.6420043055146816	-5.728094858705269	0.30420580403034253	6.970616017389451	1.0
1355000	-12.854842736852703	-4.768985286461176	-8.085857450391527	-7.550554090687757	2.7815688042265805	0.9041422573723786	0.6432026654157962	0.1859349409548533	-6.36894643444481	0.6669288576545507	9.354214386395295	1.0
1356000	-15.604430383106571	-7.594339218414076	-8.010091164692495	-8.43183842225897	0.8374992038448941	0.6194144580373212	1.084581632140824	-0.35863682343390135	-6.840856192045323	1.8181612025981544	39.44413769402202	1.0
1357000	-22.631522497896125	-13.846112829264793	-8.785409668631331	-9.507419946549199	-4.338692882715595	0.9227106571553574	0.5661812845114267	-2.1214423759262555	-1.4342118925175287	0.48661460796640343	0.6240494249085514	1.0
1358000	-17.298893856413443	-9.505419238670868	-7.793474617742573	-7.983274385230304	-1.5221448534405626	1.0151408547637364	1.0679528662161393	-0.6298512362515009	-2.318660830083837	0.39817931946195656	0.832310574219171	1.0
1359000	-14.18395379726672	-6.56758143181733	-7.616372365449389	-9.11317879516949	2.5455973633521607	0.3863233583105428	0.8505642484194503	0.4416852644651759	-5.15470187144813	0.44876469083797654	17.036717676061873	1.0
1360000	-12.617309247936571	-5.22333893793263	-7.393970310003942	-7.5062350307304655	2.2828960927978352	0.49384758142341806	0.7253957688014422	1.4135950560016766	-4.9711510250660735	0.6331229513205061	6.878644325505095	1.0
1361000	-12.730714149845017	-5.038802609114575	-7.691911540730442	-7.076637585607936	2.037834976493361	0.3100958340719731	0.3034620702941067	4.544382006555449	-7.473848621067158	1.3914453492324197	12.06530493742862	1.0
1362000	-14.041199852863112	-6.795903794597433	-7.24529605826568	-7.283764485656469	0.4878606910590362	0.24286403498432935	0.5432355060205456	4.832046767328687	-4.040900626449447	1.084392069442605	7.251530920812627	1.0
1363000	-14.668204181086644	-7.301881650800382	-7.366322530286261	-7.302602502965554	0.0007208521651715927	0.83846318371198	1.4509361369257665	0.9059345796026587	-3.227058135518494	0.9901113694601421	2.355002124888125	1.0
1364000	-12.96213711303579	-5.7893108214718305	-7.17282629156396	-7.048904982592144	1.2595941611203134	0.4701504348421068	1.244352457880271	2.4919578607838804	-3.9041507381830605	1.0227364599541762	5.673139763987953	1.0
1365000	-13.15297862137918	-5.476166544073753	-7.676812077305426	-7.408673014159978	1.9325064700862251	0.9253581563351345	1.1385926027786517	0.7900857561692034	-4.439055553737733	0.5127078116787006	17.566364430476774	1.0
1366000	-14.07327151345633	-5.668988231067839	-8.40428328238849	-8.065091580002116	2.396103348934277	0.6602494691788938	0.9395653033763484	-0.11782559708678264	-4.912094551217462	0.2983849280941764	7.00072149930118	1.0
1367000	-14.14109379619262	-4.620911351272326	-9.520182444920295	-7.0771202319600475	2.456208880687721	0.6036404588423707	1.052676354574842	1.7803610848979707	-5.1564931732176955	0.15527757382590074	14.736893304545452	1.0
1368000	-13.64714505914675	-6.246890770303372	-7.400254288843378	-8.093961037571852	1.8470702672684798	0.5227824585360815	1.323730011506313	0.48051361980269947	-4.61919359976078	0.5735323865170151	12.760872279816352	1.0
1369000	-14.11148380713404	-7.572953923040587	-6.538529884093451	-7.217846804563795	-0.3551071184767922	0.4446071378819291	0.6893937343868399	2.2536095357706376	-3.1646504219311504	1.9328087732885872	2.6437745509525428	1.0
1370000	-15.487315701773763	-7.484201150407062	-8.003114551366702	-8.801779682286151	1.3175785318790894	0.8898101181708219	1.5680446669888066	-1.4668775046597042	-5.2358446976321	0.7498914657013075	20.856708331909662	1.0
1371000	-13.712304224586479	-6.590719429709646	-7.121584794876834	-7.761865965013831	1.1711465353041852	0.9922344497399409	0.7671415127103068	-0.2376674295107204	-3.9714191872831193	0.5806664623603549	5.157889507641575	1.0
1372000	-12.387797606506645	-5.360416218728618	-7.027381387778027	-8.083254718592478	2.72283849986386	0.3457019122694975	0.7865441372647687	1.8817032754486718	-6.205216539156667	1.0085176974320393	25.711314866043924	1.0
1373000	-14.370334929268761	-8.262500742050962	-6.107834187217799	-7.722708871566999	-0.5397918704839633	0.5924418806013728	1.15997019123678	0.5837876983933294	-2.7960102381183143	0.9631451906832552	2.6846037847470674	1.0
1374000	-12.960593243749722	-5.9855498232782285	-6.9750434204714935	-7.102702254639028	1.1171524313607994	0.6821591144051334	0.852996696990837	2.3055531256481565	-3.8337114217962953	2.1139014059002608	6.791254073135413	1.0
1375000	-12.903351389557038	-5.479520219113395	-7.423831170443644	-7.476159161889441	1.9966389427760465	0.9655783652404794	1.1323719864809334	1.0231473125678243	-4.5060344911194985	1.2818505557128916	8.593064345255058	1.0
1376000	-14.01765415733502	-5.861112789426385	-8.156541367908636	-8.483169280116114	2.6220564906897286	1.421950358790956	0.48214139097658354	0.1887294885183663	-6.653298962569124	1.196461393055671	11.137001577020353	1.0
1377000	-13.404266204308595	-5.954944418230196	-7.449321786078398	-8.145887871232244	2.190943453002048	0.8090983551509994	1.0894707974782118	-0.6286199584155359	-4.711675104564485	1.1688480404229629	5.808361202977968	1.0
1378000	-14.34236624301823	-6.631824391927557	-7.710541851090673	-8.711830846341943	2.080006454414386	1.031234162089333	0.9779353970820763	-1.5387120220303148	-4.534150690260339	0.4891060394779874	14.13430104060371	1.0
1379000	-12.499811786938588	-5.542635461011623	-6.957176325926965	-6.957407582882035	1.4147721218704117	0.5291327895008181	0.9469155502090497	2.674498050358299	-3.9775843389782675	2.1001395043843374	8.232934801382992	1.0
1380000	-13.946830837005814	-5.468352176735182	-8.478478660270632	-7.15076496533978	1.6824127886045979	0.6009533261870627	1.0601679260403376	3.092717880716353	-4.1680197525261145	0.2911694326624589	9.083220332004766	1.0
1381000	-13.489325540630567	-4.754244733907388	-8.735080806723179	-7.105768981122532	2.351524247215144	0.6476817705477147	0.8435165269700379	1.5838688072183162	-6.56269503706401	0.41501931646287693	64.44886388863908	1.0
1382000	-16.246362039105037	-8.882594029847379	-7.36376800925766	-11.495882774615216	2.6132887447678366	0.5546242300416075	0.7508570275173148	-2.4940121106280855	-5.366628579567698	2.470311358371101	9.334103407349911	1.0
1383000	-14.695599981825117	-8.026712773424133	-6.668887208400983	-7.541399498769296	-0.4853132746548381	0.4170570830239224	1.1980599466471438	1.9147035569662894	-2.8325597705119216	0.7133193394644476	12.734024704145632	1.0
1384000	-13.265375624461011	-4.798266207916851	-8.46710941654416	-7.566424427846818	2.7681582199299672	0.8481074878866465	0.79838714134569	0.1622341861782194	-5.764019084468198	1.3173970512491473	4.840786402034659	1.0
1385000	-12.675099226857105	-5.070531183091523	-7.604568043765582	-7.633864529430863	2.5633333463393395	0.7483064624197308	0.9952720555918259	0.19635035094671416	-5.33303027010314	0.8147100959955519	7.317023893896646	1.0
1386000	-14.182390046488175	-4.811117888628209	-9.371272157859966	-7.011410380911322	2.200292492283113	0.3509552723845681	1.0188662434063773	3.956197660507307	-4.674779361920892	1.0598144756540884	3.8710505339085732	1.0
1387000	-12.913277972605956	-5.52919048507617	-7.3840874875297855	-7.5422557315540315	2.0130652464778613	0.6177481846819745	0.6860611903314195	0.737364421229599	-4.7823577725383855	0.4834561208840466	12.49438948756679	1.0
1388000	-14.010299408244162	-6.021773560995649	-7.988525847248513	-8.695197048683793	2.6734234876881446	1.5077743944498987	0.7593251541997441	-0.9809296315111458	-5.4686096717870365	1.230961134794782	11.820559354209394	1.0
1389000	-14.242700579061802	-7.195429017322002	-7.0472715617398	-7.224895304674165	0.029466287352162723	0.7270769270799778	1.2401433347359594	1.088188660928452	-3.1166472010664052	0.4865475940062993	9.198653841968355	1.0
1390000	-17.98291173743965	-15.75765314282912	-2.225258594610531	-7.787986286698932	-7.969666856130188	0.6027370630787916	0.8203688784631235	0.45184664954753107	0.16880114623466236	1.0007114343810908	0.07447740702901923	1.0
1391000	-13.041795169141148	-5.331348478480432	-7.710446690660715	-7.63955289689598	2.3082044184155475	0.7778376589998797	0.42936775542806993	2.7613384413073536	-6.265979830139056	1.0344521591344433	9.682855225038857	1.0
1392000	-13.860508269365688	-6.326826339442497	-7.533681929923192	-7.325034624220198	0.998208284777701	0.30325654457370693	0.7999920099821684	3.5204489994703465	-3.8111131977681527	1.5604098709985006	3.8190705190542578	1.0
1393000	-12.201652248217968	-4.897529310080254	-7.304122938137713	-7.513128869572895	2.6155995594926402	0.95906553602459	0.8165546623258031	0.3925405352217185	-5.297077728453602	1.0081490090421288	10.576847437960827	1.0
1394000	-11.820205577213766	-5.181954839337152	-6.638250737876614	-6.971492277620366	1.7895374382832148	0.558363843318638	0.3086169632367746	2.6968624757079267	-6.7325914870243615	1.4910972584683486	20.270104244283655	1.0
1395000	-14.78080187971587	-6.792584970765799	-7.98821690895007	-9.35187933000157	2.5592943592357704	0.5240343518354688	0.67114421374547	-0.7464208790678579	-5.446206164665189	0.7595043950194189	4.854245927843922	1.0
1396000	-15.150754638010975	-6.309697583978513	-8.841057054032461	-7.44364295640662	1.1339453724281068	0.951515935144234	1.4712556302741635	0.8415111773505249	-5.786051541970316	0.7671314236078424	6.086708255447775	1.0
1397000	-19.00603636282154	-10.909251103090828	-8.09678525973071	-9.685929976930256	-1.223321126160572	1.2629006826987224	2.1136185785161317	2.185779652213591	-3.3422145851525737	0.5879153043529803	14.091829702612072	1.0
1398000	-17.644327366012064	-12.271399067275567	-5.372928298736499	-8.160905041548414	-4.110494025727153	0.7460430301099755	0.4417183443566378	-0.4972498432745148	-1.8885141214944718	1.1963541986924935	0.6603699978224409	1.0
1399000	-14.336899053047249	-6.923139979508049	-7.4137590735392	-7.195923463985009	0.2727834844769603	0.47402752052858116	1.5173228713199771	2.0903992674963154	-3.45108048567974	0.517838932480631	5.07280996678825	1.0
1400000	-11.837856766238277	-4.354582358756536	-7.4832744074817406	-6.984004134220984	2.629421775464448	0.41569670901601263	0.674514445701983	3.197619458600392	-5.554043578364622	0.7857299224000991	10.5076034993636	1.0
1401000	-11.407859129939762	-4.372665041407295	-7.035194088532468	-7.148256821387528	2.7755917799802328	0.2807826522258502	0.7952014171126333	4.534901563595872	-5.857345372662715	1.5071206989056456	18.686291359065223	1.0
1402000	-13.814860525895496	-5.858291024564946	-7.9565695013305495	-8.471000184864756	2.6127091602998105	0.8096559363228067	0.9602950728556371	-0.9893665512615406	-5.410309830319677	0.9163078494909906	5.963027276807457	1.0
1403000	-13.823954298384493	-6.698689645657527	-7.1252646527269645	-8.573413067894869	1.874723422237342	1.024286958643622	0.6118023476289159	2.4147706121289567	-4.852663757229606	1.2669999892946655	15.21831157397556	1.0
1404000	-14.333519323015349	-7.488676037695202	-6.844843285320147	-10.005180675393927	2.5165046376987243	0.37988881387164825	0.9776402916844481	-0.2618265596270437	-5.146059546969849	2.0286620726612328	9.086962811514365	1.0
1405000	-15.053311419068358	-4.904223765346298	-10.14908765372206	-7.187940850357622	2.2837170850113235	0.7305586394106979	1.017036338932211	2.2170558145447226	-6.12949352700572	1.476142194790866	4.1820449285879215	1.0
1406000	-12.184804037748727	-4.63990721364981	-7.544896824098916	-7.422867823036503	2.782960609386693	0.9394204178323877	0.6223480162860908	0.9266296764129827	-6.248976366274363	0.7836297742610832	18.71610434738856	1.0
1407000	-11.45585157227293	-4.341155607428027	-7.114695964844903	-6.944013490765807	2.60285788333778	0.47812538444326846	0.48022931360494486	3.054134630488962	-6.540969357120306	0.9869910389556574	19.610429026630598	1.0
1408000	-14.860237511031585	-7.268193450097755	-7.59204406093383	-9.623846484433198	2.355653034335443	0.7983654090477014	0.7076773428060316	-1.9862118374377926	-5.089136647394336	2.6544715197043933	13.392855434046615	1.0
1409000	-13.569836283550732	-5.3394910481865105	-8.230345235364222	-7.689538692547466	2.3500476443609557	0.9771911524161098	1.1411409683404605	-0.09191412068254118	-5.424268816089754	0.9720228177313247	5.870456075685836	1.0
1410000	-14.74537057218194	-6.532092444556854	-8.213278127625086	-7.3231490349974795	0.7910565904406255	0.8669083307497777	0.4755434109294194	1.42086938028744	-8.402162462674829	1.2662464568708915	14.802070555135204	1.0
1411000	-17.6764281333935	-12.231537020847757	-5.444891112545744	-8.081786693862547	-4.149750326985209	0.8632232716838466	0.4783073260458447	-0.6475103057758554	-1.7437662612957445	0.6114325477204853	0.9139915185529077	1.0
1412000	-19.543977681669176	-14.625414617809696	-4.918563063859482	-8.147161290602508	-6.478253327207188	1.297848366527519	1.5138980009107283	-0.3472178696589604	-0.7384407906771314	0.383314994177446	0.19164341445998173	1.0
1413000	-16.703566686432453	-9.258492157262847	-7.445074529169608	-9.491484480404647	0.23299232314180074	0.7206724299566364	1.686927959665932	-1.6795017742949423	-3.6346821438965273	0.966653935759237	5.004569698428633	1.0
1414000	-15.408506020244976	-6.4865927645830475	-8.921913255661929	-7.906928858162665	1.4203360935796177	1.0767462809877812	1.512827361659571	1.3959443281055375	-4.489074359816946	0.6784630007100619	3.2877183536974592	1.0
1415000	-13.84448331095902	-6.346753855440855	-7.497729455518165	-8.906262445431656	2.559508589990801	0.724818549118494	0.5391260427424543	-1.1920970487233067	-7.052799444213816	2.458614536846349	16.568311517358687	1.0
1416000	-18.536867429894393	-9.73456829683481	-8.802299133059584	-10.680502501870977	0.945934205036167	1.513507910686871	1.6455719571916538	1.8504937827179377	-4.208198358053126	0.4159862104233492	4.359782723643138	1.0
1417000	-14.467129684302893	-7.00731213196362	-7.459817552339273	-9.342387347154478	2.335075215190858	0.5614899877721722	1.1203555054109404	-0.9362555282914731	-5.032751422351311	0.7764313626914137	7.062689310540337	1.0
1418000	-13.425474804086802	-4.497309508245747	-8.928165295841055	-7.119771233406531	2.6224617251607834	0.5132785247345742	0.5745714998240777	3.6251341772238166	-6.89593158423732	0.3126317024328442	35.581352183409706	1.0
1419000	-12.934594601238953	-5.2562255313415776	-7.678369069897374	-7.362946375166718	2.1067208438251406	0.4349723782655174	1.2669819839839636	2.0550804196443235	-5.28903114771578	0.9349981338978943	7.824310596554838	1.0
1420000	-13.096356066328418	-6.635855959369652	-6.460500106958767	-7.3776790374282335	0.7418230780585819	0.7513068927204251	0.39150880708163643	2.530961397326702	-4.954472700358782	1.6828880606793686	14.77058155612279	1.0
1421000	-11.893763873691528	-4.476649277816078	-7.41711459587545	-7.087365135889264	2.6107158580731866	0.5444440390673274	0.9730121450462597	1.9608281410470716	-5.4964470279083635	0.96621338277448	35.16706763953831	1.0
1422000	-15.16016724175774	-6.48299605514543	-8.677171186612311	-7.343727496144951	0.8607314409995208	0.8497643918004807	1.1612388339786217	0.7516890932572505	-3.585017275911992	2.4542869523872826	2.3624884063356544	1.0
1423000	-13.178380741153058	-5.336647719301963	-7.841733021851095	-8.015175522825434	2.6785278035234708	0.19037361551676277	0.8962889575205313	4.428441987164138	-5.4930498169118565	0.8749822721626218	10.039677084770943	1.0
1424000	-12.691077319199369	-6.010399856627839	-6.680677462571529	-8.411192475944022	2.4007926193161824	0.5336612658332479	0.5147440239677906	0.07661147232703527	-5.827142078468489	1.113224585188586	12.297888743840815	1.0
1425000	-13.633338216482514	-6.929456981546121	-6.703881234936393	-7.259680504979536	0.330223523433415	0.7738785452983671	0.7385963977830436	2.0917703897453475	-3.4778868705335793	0.711475883479777	8.53278095512066	1.0
1426000	-12.363669189803975	-4.892712977046254	-7.470956212757722	-7.04120281497533	2.148489837929076	0.354143065550146	0.33909509609785976	3.65409644412473	-7.714030334283463	0.7831372523200735	32.739928935090866	1.0
1427000	-12.478877862942179	-4.727576675553154	-7.751301187389025	-7.001791590508039	2.274214914954885	0.35934989936191836	0.42531049450224934	3.8785769949732707	-7.5920536283776965	0.6763789047670962	32.17162025571151	1.0
1428000	-14.096278361302762	-5.755469734497822	-8.34080862680494	-8.535611095843015	2.7801413613451924	1.0027810700372357	0.631726774886641	2.483241274083979	-6.132811449755362	1.19895709210407	7.608662501070709	1.0
1429000	-12.805229812730605	-6.0029143882086355	-6.80231542452197	-7.426738049978128	1.4238236617694922	0.910068612922178	0.6887400338164309	1.4576141435852858	-4.2903468195180725	1.5097952970988098	7.698517878121413	1.0
1430000	-15.16155804077517	-6.840283687427037	-8.321274353348132	-9.402771841213985	2.5624881537869477	0.6219873950765005	0.9499082961427815	-1.260751334851115	-5.9497087379180025	1.5661554435233624	5.8746003935246875	1.0
1431000	-11.149613646428946	-5.096085840526591	-6.0535278059023545	-7.249210805836554	2.1531249653099627	0.27319381654199343	0.38723287278226115	4.222924675679632	-6.392669055499085	3.063491367038168	21.59542086849617	1.0
1432000	-17.042612809868324	-6.731524111615877	-10.311088698252446	-8.867897225804874	2.1363731141889977	0.6353945816199953	0.7926532806308135	4.4822370315634	-4.711717078074232	1.7653336933131927	3.649289911921798	1.0
1433000	-12.790334450319143	-5.676292133611773	-7.114042316707369	-7.584879271489597	1.9085871378778236	0.5845037142436705	1.2005724466472594	0.813520772398193	-4.474571743872157	0.7607198959908219	13.642184642658481	1.0
1434000	-13.247376657011083	-5.494167261645334	-7.753209395365749	-7.9483138533062725	2.4541465916609386	0.5184739924006702	0.9156799949360778	0.6751205910472814	-4.996121120466513	0.5340266806844319	6.0821358553187235	1.0
1435000	-14.086950827549494	-5.522551712703675	-8.564399114845818	-7.266291870917215	1.74374015821354	0.7789000936016791	0.5232067542950815	2.071076589836619	-5.059455002739631	1.1718577780207649	3.5049095757516078	1.0
1436000	-15.485551077375526	-6.122922003273986	-9.36262907410154	-8.317749420499704	2.194827417225717	1.174547779785773	0.5832110364752189	-1.0773484236878743	-7.3537959108161255	0.2689694644973344	17.97094080224038	1.0
1437000	-12.78095107211697	-5.849684733032514	-6.9312663390844556	-7.492225154964903	1.642540421932389	0.7574364586302705	0.8252205903502501	2.68130733596999	-4.241876823219668	1.4477541242150744	11.035158378447791	1.0
1438000	-13.48549014685513	-5.719093225507436	-7.7663969213476935	-8.045217870165867	2.326124644658431	0.3161533723279307	0.5128418311015631	2.2613435178563766	-5.7313049178824995	0.8409622361431653	6.203051314792099	1.0
1439000	-12.845481017346627	-6.278354609096341	-6.567126408250286	-7.9809908225789705	1.7026362134826298	0.6183134357768248	0.9344904218984706	0.14435178314206132	-4.204882670320538	1.0141156987097513	8.309214792305408	1.0
1440000	-14.645280972661	-6.300390237515417	-8.344890735145583	-8.497927092342135	2.1975368548267173	1.3233943997529987	1.095075004077389	-1.1668166407704772	-5.974574046068751	1.1509426561868668	28.875074893241827	1.0
1441000	-14.53030542690778	-6.812308296330069	-7.717997130577713	-9.263604353896268	2.451296057566199	1.1949546279765224	0.536598862520058	-2.113695621688664	-5.78811951848033	0.7040338843887602	15.996762481330599	1.0
1442000	-11.95424520210814	-5.8348811532951	-6.11936404881304	-7.230505294815978	1.3956241415208779	0.29025698413092066	0.5161612010685176	3.962165554859167	-4.795482621411352	3.074400059820126	13.129854369125802	1.0
1443000	-13.556924102808562	-6.930782218334838	-6.626141884473723	-7.506595198312399	0.5758129799775613	0.7837738185486159	1.1412706797852843	0.349262301974816	-3.402276276258929	0.8523382653356799	8.49399129928674	1.0
1444000	-15.678211880598775	-7.3030159483398105	-8.375195932258965	-8.3954323289109	1.092416380571089	0.6597518809712086	0.2485428280697051	-0.47964259099731543	-6.6919833895087395	1.7709964251740984	5.056253188608246	1.0
1445000	-12.40637243987293	-4.723012243784665	-7.683360196088265	-7.059536130393908	2.3365238866092426	0.5467405205468501	1.1487353218246739	3.2446380233780285	-5.415092618033338	1.719475839837324	16.255911642739072	1.0
1446000	-17.283297411259632	-8.280401395056167	-9.002896016203465	-10.411947984901259	2.131546589845092	2.023672879624248	1.2355459356242662	-2.163098457920931	-5.474544550945218	0.46266664058398493	39.54831174611117	1.0
1447000	-15.327032545629763	-4.51750653956696	-10.809526006062802	-7.227226480909614	2.7097199413426543	0.2744509296092776	0.8351958864154744	4.274179174548912	-6.059238614544592	0.10314072685444474	27.457439868762496	1.0
1448000	-11.58390470712647	-4.5866934147342615	-6.997211292392208	-7.325096781644674	2.738403366910412	0.665024801609643	0.5710681551780216	0.9579119136059369	-6.554166861109984	1.5917246097886795	28.722650814787826	1.0
1449000	-18.3566296846759	-12.119767562241698	-6.2368621224342045	-7.648619860733284	-4.471147701508415	0.46646619028041925	0.2860142301822029	1.387643338682329	-2.5811538832843217	0.4751206066108945	2.854949546980347	1.0
1450000	-14.346321408040943	-5.3759569156370945	-8.970364492403847	-7.207459999935933	1.8315030842988387	0.7232182497184403	1.2839906175264	1.1474695070895642	-4.505282712119494	0.7403512966431139	2.656505301500505	1.0
1451000	-14.496388030648239	-7.865932189848172	-6.630455840800067	-8.226092316390542	0.36016012654236995	0.5820888726618324	0.7250756108439546	0.02524020054082579	-3.5170775676707464	1.0194325936317632	2.3327796373498253	1.0
1452000	-16.23751656507039	-8.494163255805372	-7.743353309265018	-10.09747696620967	1.6033137104042998	0.9879960141460052	0.34884478436193395	-2.6322257979816	-8.372270131187094	1.4304954599933735	55.29729904452322	1.0
1453000	-14.778094803644123	-5.3334667098604465	-9.444628093783678	-7.343008671032552	2.009541961172106	0.8895443955161124	1.3020957135365636	1.0507193083759094	-5.352984092577831	0.42334297982936847	4.229930904666114	1.0
1454000	-14.229857228281169	-7.385129167357269	-6.844728060923899	-7.3231655805578	-0.061963586799469006	0.8541032786003917	1.1476387352988917	1.5847761245577414	-3.041269328195017	1.5082401380833093	4.517883907526623	1.0
1455000	-13.470907074125247	-4.596336878591579	-8.874570195533668	-7.269511060943039	2.6731741823514596	0.7063566393600212	0.9164544878944938	2.6200768606573974	-5.742452897275742	0.5867024070490426	6.254908424314847	1.0
1456000	-14.287977639506149	-5.430306315207667	-8.857671324298483	-7.101938003377232	1.6716316881695654	0.47076607721553565	1.3851268203220615	2.334585496313551	-4.502004048134506	0.988813060266944	3.220804491277004	1.0
1457000	-14.112186798423192	-5.875882062901307	-8.236304735521886	-7.00043501898574	1.1245529560844325	0.5741147893662769	1.1537508820776317	2.207759949763067	-6.563595815775875	0.5279400230924043	31.165644524953983	1.0
1458000	-14.345905143010054	-7.4563121827849255	-6.889592960225127	-8.037417127581634	0.5811049447967083	0.5515485835394057	1.2665344601515822	0.38867953709682346	-3.4493193334455823	1.6158930737879647	3.1036392277831313	1.0
1459000	-12.605112060032855	-5.051412053549292	-7.553700006483563	-7.20378726340704	2.152375209857748	0.26950249231310497	0.583193153862515	4.489544084016408	-5.216926045476956	0.7405076708784818	59.449952346016474	1.0
1460000	-14.062769146941637	-4.301983462070727	-9.76078568487091	-7.10169118678519	2.7997077247144624	0.5323930914577399	0.7123044120468649	3.4546637576237806	-6.117311590711111	0.17436848893406073	27.791612287626467	1.0
1461000	-14.29555921595072	-6.465359688766098	-7.830199527184622	-8.89728579080103	2.4319261020349323	1.517446389705606	0.8582343338579218	0.39825518714593416	-4.981758606413933	0.906606729897231	7.972419224755359	1.0
1462000	-13.854799573385128	-5.544146774351633	-8.310652799033495	-7.784672640143725	2.240525865792092	0.7710650123864392	0.38390040329661385	-0.0801654643227327	-7.646500407337727	0.9096596643414161	9.966736996476254	1.0
1463000	-12.480995741395922	-4.845338509234752	-7.6356572321611695	-7.007888374987124	2.1625498657523723	0.3991588036914217	0.4977106177312101	3.246170443501059	-5.60605503851134	3.5710474195281203	6.383524729593773	1.0
1464000	-14.388500418125629	-5.433183917762113	-8.955316500363516	-8.172223763025226	2.739039845263113	0.6414526482774899	0.7778074513835784	4.01495850528031	-5.617657147844736	0.7070150504570467	6.805597803822126	1.0
1465000	-13.407693252265304	-6.139912300749751	-7.267780951515552	-7.547329990298403	1.407417689548652	0.6882718898136464	0.22861647419347594	3.1710494403250293	-7.509795035905792	1.1198734286414747	57.486769885185986	1.0
1466000	-12.382722033311506	-4.990429857339363	-7.392292175972142	-7.687013904772824	2.6965840474334613	0.2328096758474546	0.6735146244286071	4.024364154988051	-5.691664921049003	0.723558842444601	17.45578127426624	1.0
1467000	-16.097736510531224	-8.056187294455523	-8.041549216075701	-7.332160721649113	-0.7240265728064106	0.36626001642427686	1.906378483349554	2.7311195177653156	-3.322803960268708	0.4388961813554131	4.501716321880408	1.0
1468000	-12.985635125455953	-4.948352603065791	-8.037282522390162	-7.284774931994972	2.3364223289291814	0.8383523338651023	0.7852570826218072	1.5572784771054593	-6.731034245066451	0.8296711084774019	11.937934695529982	1.0
1469000	-12.496479448944662	-6.071892339165373	-6.4245871097792895	-8.128124560937403	2.05623222177203	0.48182640512182884	0.5902435532386943	0.6923606894653225	-5.093456658764958	1.2286210918091993	21.432665079723552	1.0
1470000	-12.499313272905292	-5.296874311484082	-7.20243896142121	-7.792731788019951	2.4958574765358694	0.4222671101083471	0.8864496686677195	1.5259181737982508	-6.282333009827974	2.1045169929807424	15.106122300833956	1.0
1471000	-13.738914547921496	-6.766948071999876	-6.971966475921621	-8.005189319526618	1.2382412475267421	1.1507055441856917	0.5952488556856258	1.1012829305722285	-4.390611313637808	1.2952982095715893	14.951631869350967	1.0
1472000	-12.238936640908374	-5.373878739761032	-6.865057901147342	-7.128218474579182	1.7543397348181493	0.49934912297554385	0.5157842025405345	3.736510684349148	-5.1016562745813525	1.0272502516295472	15.130824765808317	1.0
1473000	-13.054134102977514	-6.36078600498076	-6.693348097996755	-8.135481139276875	1.7746951342961146	0.13985708086375523	0.4341367135801126	5.799186244603623	-5.559395403919972	1.3541526529695058	17.96673807511298	1.0
1474000	-16.25907712426677	-6.750276518310128	-9.508800605956644	-9.157425258895184	2.4071487405850567	1.400036183410848	1.1104003761576726	1.265473311471564	-5.425521728970606	1.0025572321141878	4.155182742271167	1.0
1475000	-13.970212096120203	-6.349576252688029	-7.620635843432174	-7.666313378009697	1.3167371253216684	0.5964433338164318	1.3181756667049147	0.6437481358690406	-4.012550058131951	0.49364922957604934	4.097008096395004	1.0
1476000	-11.335365299229593	-4.459589758048522	-6.875775541181072	-6.997556034039096	2.5379662759905743	0.42345739722455517	0.7876645321882686	3.0511097189611642	-5.194907096875249	1.5745157081844887	11.153807203094056	1.0
1477000	-12.035134587777137	-4.25206691665488	-7.7830676711222555	-7.004837854632476	2.752770937977596	0.3553533791923041	0.7270081713039129	3.946941025779271	-6.308394086655053	1.1376254918898527	10.607165372937502	1.0
1478000	-17.87448845980493	-6.965564666472328	-10.908923793332601	-8.055887033290132	1.0903223668178041	0.23458017211935345	0.45591169411957877	3.446070740416703	-4.839876899026507	3.1239391474613405	2.087172523618188	1.0
1479000	-12.567845995114032	-4.61234651293177	-7.955499482182263	-7.260332021491059	2.647985508559289	0.5631124296455375	0.9437172963189723	1.461848171553072	-5.622333994704582	0.4576906445480064	12.918425723786143	1.0
1480000	-12.569119809764281	-4.87340173388692	-7.695718075877361	-7.0938526560735475	2.220450922186627	0.4510396928787011	0.9557450067371503	3.9831122740439273	-4.688460009566783	0.5744683421128405	18.2488462653832	1.0
1481000	-13.305703237294171	-5.171998958487068	-8.133704278807103	-7.738420636394915	2.5664216779078473	1.0786676973250675	1.0070717124569628	-0.004186647791866838	-5.452594240106967	1.2268476556902999	6.566325066571965	1.0
1482000	-13.532729874536056	-7.542216667990209	-5.990513206545848	-7.472409102308247	-0.06980756568196167	0.5481119718427219	0.854530083124879	1.1592803053224516	-3.115852164151134	1.4061928151363787	3.332420885599629	1.0
1483000	-13.820471856302024	-7.159179881610285	-6.661291974691738	-9.719604811417064	2.5604249298067785	0.3465577382013136	0.6467152288427143	0.292026959270844	-6.846773520359424	2.0278469006618254	16.632574604623407	1.0
1484000	-13.534801794585238	-5.066759276546286	-8.468042518038953	-7.644430073101163	2.5776707965548775	1.0402536357016403	0.665949445038776	1.0060797944679618	-6.779908053047354	0.4276898606777295	17.643061090713886	1.0
1485000	-14.258324767470032	-6.517366231921253	-7.74095853554878	-7.220123395777156	0.7027571638559031	0.6095218526098959	1.7987230884047447	1.3601166431100926	-4.415623408593756	0.5573942270766233	13.397752567922051	1.0
1486000	-16.23554727876609	-5.9605384847861895	-10.275008793979902	-7.675946421734627	1.7154079369484379	0.6531912358488099	1.1922055736305637	0.40695375199207523	-6.127550134110265	0.3331451052180758	4.601851118629678	1.0
1487000	-12.4754779075257	-5.111117202386788	-7.364360705138913	-6.997950127587277	1.8868329252004887	0.4251876168006438	0.7577813773734364	3.8600276300370626	-4.532583634251451	0.8399654120239294	8.840033074587343	1.0
1488000	-17.51713353740356	-13.374491494239336	-4.142642043164225	-7.645409532286438	-5.7290819619528985	1.0558309008200042	0.5131706839729223	0.8096222001534088	-0.92740985071181	1.635201604040398	0.7618323564792578	1.0
1489000	-15.059156405979081	-7.2317681520627515	-7.827388253916331	-8.437416440799755	1.2056482887370032	0.967395883303713	1.2942672697348372	-1.1959592335209681	-3.89946767729312	1.1615088955738764	3.419568995471216	1.0
1490000	-14.385423869563567	-7.032636854171621	-7.352787015391947	-7.540370513186562	0.5077336590149413	1.0012677973165423	0.23200056048660536	0.9285669611860946	-6.356578051090676	2.293535798037057	51.87070863241657	1.0
1491000	-14.719202050585212	-7.499929084625995	-7.219272965959217	-8.006235904752582	0.5063068201265875	0.4528641768925876	1.5993359995645444	1.030998928912427	-3.710147314938204	0.5575503845692463	10.894301430091796	1.0
1492000	-13.605019585706561	-5.957396290412598	-7.647623295293963	-8.284573643017357	2.3271773526047586	1.183505336578807	0.8562534868765493	-1.0189339573212226	-4.850986330451628	0.5778166404519308	9.87215468608959	1.0
1493000	-14.404921548789478	-7.516803294022863	-6.888118254766615	-8.339575656265836	0.822772362242973	1.1290480799690907	0.5174721887274921	1.702131121231069	-4.362850335769551	1.1783610010719763	8.278135123300776	1.0
1494000	-12.543464866562793	-5.004751052744377	-7.538713813818417	-7.792166608313492	2.7874155555691154	0.5139583430687376	0.7208991278147063	4.468416234372448	-6.190244773003657	1.2770180412093666	15.644240608627722	1.0
1495000	-16.578848058340224	-6.849721345884392	-9.729126712455832	-9.274761034188348	2.425039688303956	0.23073427773644287	0.9322492895457026	2.2060400826044395	-4.953424821385345	0.728808710352446	2.716689561947462	1.0
1496000	-15.834068879763931	-5.863407732299807	-9.970661147464124	-8.3641142130869	2.500706480787093	1.1018469881207358	0.9869167580082436	-1.1701800750358151	-5.9222779074727905	3.0575746586385333	12.554000390704928	1.0
1497000	-15.053256652013426	-4.669555406349774	-10.383701245663651	-7.188417794874044	2.51886238852427	0.6504691363205681	1.006447135301747	2.831450257995141	-5.788690965216238	2.0609402144968754	3.9997210057576154	1.0
1498000	-14.678317609436409	-7.658947906669163	-7.019369702767245	-7.390857277092104	-0.26809062957705887	0.8573885841808914	0.8445331333939956	0.5937994664796497	-3.016173421234787	1.516162805258925	1.591560800953856	1.0
1499000	-11.963112423198806	-4.3990093508239205	-7.564103072374886	-6.983358847704357	2.584349496880437	0.5803854941510284	0.9640284823350451	2.550219463323259	-5.825399329633442	1.1075057860176631	42.07406421726425	1.0
1500000	-14.930474149079618	-6.937104805852434	-7.993369343227183	-7.965882639042559	1.0287778331901247	0.9072101751271183	1.6980295781206305	-0.5497560546209644	-4.981619794517019	1.0209388782355937	14.130203201359574	1.0
1501000	-14.055994583973733	-6.041083432019686	-8.014911151954047	-7.508926138570361	1.467842706550675	0.37655966178205574	1.297030923419726	5.111706635893245	-6.023259289441205	1.2938186477028426	21.15566149658448	1.0
1502000	-18.15521209746175	-10.809706866537224	-7.345505230924524	-7.940333676060053	-2.8693731904771713	0.5472075616957829	1.9015929545424088	0.5262091680319082	-2.2969029206506644	0.6492388444643006	18.197752669845073	1.0
1503000	-12.952902275923147	-4.931795171301287	-8.02110710462186	-7.330599693844505	2.3988045225432177	0.8746610606810383	0.7162110983219314	1.3565377028607544	-5.123233813564106	1.109981539541238	86.87000905351285	1.0
1504000	-16.10698809603806	-8.113805559743309	-7.99318253629475	-7.363013871056742	-0.7507916886865673	0.24591002566133885	0.5435366519572942	4.449840038800491	-3.289581229128613	2.0204886709113565	3.18401616966742	1.0
1505000	-14.867769730214306	-6.168460456645897	-8.69930927356841	-8.024331101093685	1.855870644447788	1.002121152497206	1.2172304013690702	-0.6921283027917765	-4.433011643438359	2.0881567587346144	4.657242157561003	1.0
1506000	-13.700568167167567	-7.037091214289018	-6.66347695287855	-8.314846750878083	1.2777555365890647	0.44300117121302435	0.9754160438408367	0.7592445238903172	-3.8680346867376256	2.5448115832124283	10.202014500262159	1.0
1507000	-11.214755984769496	-4.25259900446301	-6.962156980306485	-7.036902914648008	2.784303910184998	0.4749088904707076	0.7636369878114444	2.4995469666121606	-5.83711861549354	1.2630848014847293	16.366929736090828	1.0
1508000	-14.396295790686327	-6.254574147178007	-8.141721643508319	-7.37480180985619	1.1202276626781824	0.8769214993063572	1.1218191241237263	1.5769753127881956	-6.637716340620822	1.4509493671912574	22.30644980523595	1.0
1509000	-15.95949615071817	-10.45274253185329	-5.506753618864882	-8.659721001291317	-1.793021530561973	0.7381937469850655	0.5523249801186901	-0.9997217916753021	-2.6980178383058977	1.936520318362365	2.9036343604250203	1.0
1510000	-11.419337396571951	-4.300706175328213	-7.118631221243737	-7.037054645625913	2.7363484702977	0.6359339173338033	0.7991766207991037	2.3966391939035	-5.602153493116629	1.3359580146196959	23.021351067397433	1.0
1511000	-12.813577291487244	-4.763910046259424	-8.04966724522782	-6.958301151038823	2.1943911047793985	0.5143926620939643	0.45044007708649336	3.027952227940527	-5.9322575832024	0.6497900789453198	8.6449807664462	1.0
1512000	-15.23654557161095	-7.4442201682159705	-7.79232540339498	-7.764087782913913	0.31986761469794267	0.6465052712112188	1.9278263789043555	0.30889879574623413	-4.347955845459398	0.4813966864411376	10.08451994045436	1.0
1513000	-18.093626980006228	-7.856030683298707	-10.237596296707519	-10.16205206609048	2.306021382791773	0.495857102496748	1.1610811907458227	5.849395901454809	-5.449157610722819	0.5519272626445886	7.451948869221711	1.0
1514000	-12.64239995961054	-4.930182388062782	-7.712217571547757	-7.276528784880506	2.346346396817724	0.8311832269582743	1.1471199950820625	1.024665325384597	-5.322566468294727	0.7810517586830366	26.706603075461743	1.0
1515000	-13.888627679412455	-5.801006391376164	-8.08762128803629	-7.768982046727758	1.9679756553515944	1.1270130591957497	0.6616198216800927	0.2389225502261701	-4.798897630806094	0.6939396403738325	3.9879700582003976	1.0
1516000	-15.82837532138937	-6.8452683171427795	-8.983107004246591	-9.277463674933783	2.432195357791003	1.264166133398408	0.47267558395256887	-2.1202701682478895	-6.145336074273124	0.3984660353371577	8.575822003558686	1.0
1517000	-13.550280984614389	-5.578730401239938	-7.9715505833744515	-7.543997255451694	1.9652668542117553	0.28484003375810224	1.3140237782430748	3.3760197127580964	-5.394571206287384	0.5267035352790307	19.295374897384136	1.0
1518000	-20.289148153594496	-6.984851995172065	-13.304296158422433	-9.463117135630744	2.4782651404586797	1.8315931717416278	1.0660857937828712	-1.0432918106877718	-5.344876312071132	0.7988033330141903	1.8311936343709505	1.0
1519000	-18.12652193410922	-6.951375191009493	-11.175146743099726	-7.593442599020959	0.6420674080114654	0.8532397282718939	1.4404080361957592	2.2511211945887495	-3.6183522751721338	0.29069883210130365	1.581563650832765	1.0
1520000	-18.404696119941548	-11.491851011407226	-6.91284510853432	-8.231645495109083	-3.260205516298143	0.8991150523035341	1.8444840590114975	-0.8820534516536863	-2.0907080108664466	0.6846220697060075	1.0974946969359838	1.0
1521000	-14.626050458559291	-9.203360207094896	-5.422690251464394	-7.265043362442595	-1.9383168446522998	0.6187154787277775	0.33112696643427253	1.2286801689588618	-3.6376571265322255	1.6495692182413915	6.03384003945982	1.0
1522000	-12.332428366314891	-4.924558672267492	-7.4078696940474	-7.41599626248764	2.4914375902201487	0.7031358202185092	0.5362929892580931	2.9019729682635766	-5.853934833785196	1.0839616255595563	10.464476568364235	1.0
1523000	-15.897253280847794	-7.710842262085597	-8.186411018762197	-7.059422043693873	-0.6514202183917241	0.5738316181752814	1.24287216660968	1.9339695866826834	-2.7643646052880584	0.7123566081872914	1.411721886044215	1.0
1524000	-15.169462909465018	-7.221991210110913	-7.947471699354105	-7.718387358780008	0.49639614866909554	0.5221895068742086	1.8857104867132757	0.9438955316479541	-4.5223516732396725	0.4232850105505055	9.83883853249519	1.0
1525000	-13.942219179815439	-6.798571378826927	-7.143647800988511	-9.589073846906768	2.7905024680798407	0.24159829822493697	0.7017384390204164	1.7426765574719145	-5.928828403642376	0.7172089268342021	22.82936831937002	1.0
1526000	-13.30174266972819	-6.1186317771663	-7.18311089256189	-7.330506150499849	1.2118743733335489	0.22573058755467035	0.3999218575258267	5.540973218255516	-8.459776069524477	1.5379129178073838	25.502259191273097	1.0
1527000	-13.79203971393876	-5.819489917829381	-7.972549796109378	-7.869911501827225	2.050421583997844	1.1722758085220173	1.2979257769941333	0.4704077167803037	-5.105344426302091	0.8243596914548886	8.131501960133471	1.0
1528000	-15.619277306780353	-8.423718199440865	-7.195559107339488	-9.80816859624337	1.3844503968025048	0.27966928385520495	1.4909439079927813	0.9974487491806279	-4.3655464684131005	1.85552938968655	10.896828984633315	1.0
1529000	-17.20818748030547	-7.1486994732136	-10.059488007091868	-8.991710698196075	1.8430112249824742	1.5982822441146198	0.5421545710522993	0.05372686013537878	-5.070243627254737	0.5067369780605743	309.80782826624653	1.0
1530000	-15.994934050574987	-8.90681494647237	-7.088119104102616	-7.8843899947185685	-1.022424951753801	1.0947678811465336	0.6508082849394408	1.234398404270823	-2.874003973708208	0.6075321642627125	1.9288605435357222	1.0
1531000	-13.64578938817829	-6.37244205109374	-7.273347337084549	-7.091832967636243	0.7193909165425025	0.6624318927405395	0.6325057823240825	2.442318055194996	-3.9294845805857683	0.9059480801574972	3.993420549802663	1.0
1532000	-12.625216408914095	-5.216421726161908	-7.408794682752187	-7.478764068029923	2.262342341868015	0.9043960874583711	1.0507545240014395	1.6765409027613993	-4.775993813667669	0.9652720341436527	9.169041476927411	1.0
1533000	-12.658303609885534	-4.656811716202284	-8.00149189368325	-7.271165633762263	2.6143539175599786	0.8225627055845254	0.7908390619986606	1.014088122975675	-5.316859876579547	1.6459863395150687	5.0915054235141675	1.0
1534000	-15.310690407717772	-7.2312882829507075	-8.079402124767064	-7.49782011809083	0.2665318351401229	0.9808783485835373	1.867570076409445	0.6617103185958294	-4.025674831057524	0.6177846725825383	3.820671477884563	1.0
1535000	-14.771873637701857	-5.754683472177938	-9.01719016552392	-7.704011931969166	1.949328459791229	0.8474125429344513	0.5852531275831271	-0.08536255639697127	-5.007434700618846	1.7990674623603553	2.601718592340003	1.0
1536000	-14.575641551999972	-7.486946565624278	-7.088694986375695	-7.378867999525728	-0.10807856609855016	0.8316184516849133	1.164171838872875	1.9739644562715908	-3.0197354290760385	0.6414094955484421	13.442288150200923	1.0
1537000	-13.543320138346422	-5.588526884456867	-7.954793253889555	-7.708027802657437	2.11950091820057	1.085745875030401	1.2635213883676244	0.7638573939985069	-5.100475054592785	0.5616857754706971	9.685223362317688	1.0
1538000	-14.766988220746658	-7.71206056581542	-7.054927654931237	-7.019546002359501	-0.6925145634559193	0.3500085714837314	1.3313422831103734	4.241627405256626	-2.7838615232532056	1.236830419808332	11.400753392351218	1.0
1539000	-13.29140300227488	-6.1138429559013385	-7.17756004637354	-7.798921297147938	1.6850783412465993	1.1163182156916855	0.3777167112013757	0.8287917390398534	-5.878446974006165	1.0823860376933563	20.627223631317715	1.0
1540000	-14.585449216747719	-7.1103624091491175	-7.475086807598601	-7.007650574367397	-0.10271183478172041	0.6158572541721167	0.3443587838165189	2.3207945202824867	-4.686605792792317	0.6539179341389407	48.24603803402377	1.0
1541000	-12.699430981715246	-4.82344172480453	-7.875989256910716	-7.566272819351399	2.742831094546869	0.1835277151125408	0.7828996973276714	6.239963369958758	-5.628208918706927	1.2364874141535156	13.100868019800785	1.0
1542000	-12.886540605226912	-5.317025994277075	-7.569514610949836	-7.6777323677804565	2.3607063735033815	0.388671074131828	0.9698439103312056	5.199344983427207	-4.8681862151527024	1.299275120120845	13.371431680784875	1.0
1543000	-14.894748583870728	-9.269950928689397	-5.624797655181331	-7.224034226956489	-2.045916701732909	0.25380211895759963	0.21245147114537657	4.863995959552411	-4.771152699460378	2.0769709017515168	14.371135476797285	1.0
1544000	-13.491990045449057	-5.531514070741394	-7.960475974707663	-7.369753851586176	1.8382397808447823	0.9024997616911872	1.3807699322743634	1.2130761088976523	-4.839635009334023	0.9693643187677234	6.109992527730706	1.0
1545000	-14.102848135755032	-6.623213161923575	-7.479634973831457	-8.020829376602666	1.3976162146790916	0.43161334648620836	1.5033201706305699	1.1729332322177406	-4.420008992798581	1.4225564339155707	5.573177920443609	1.0
1546000	-13.122638031637473	-6.674449854937194	-6.448188176700279	-7.12319053080496	0.44874067586776656	0.5447969962969018	0.48066691200408723	3.4185607182626683	-4.260731112635191	1.1492628203525508	13.252620257178581	1.0
1547000	-16.004876403063687	-14.621188586575332	-1.3836878164883541	-7.8174626109254035	-6.803725975649928	0.745669304062641	0.9699452837019998	-0.0669262329327131	-0.26810148011606444	0.8666908268461827	0.0510170062866724	1.0
1548000	-17.379380980263925	-15.049417702301515	-2.32996327796241	-7.905001806497612	-7.144415895803902	0.6971778866396001	0.5478380486937667	-0.046929896423654305	-0.2663345257979388	0.2974582834359558	0.040630488025483004	1.0
1549000	-17.72958323685098	-9.901440936606209	-7.828142300244773	-8.116819751534731	-1.7846211850714777	1.292262306865663	1.7910597066021487	-0.19906727740048616	-2.641286942364304	1.2850127007563696	8.167828328300168	1.0
1550000	-13.438536369673624	-6.91032254509268	-6.528213824580945	-7.8231821615129515	0.9128596164202714	0.5961752055265466	1.0903148566376415	0.43493497265442516	-3.6069270202736754	0.7906796197238247	6.7103321644319065	1.0
1551000	-15.336438778045864	-7.688899957742368	-7.647538820303495	-8.87359160155485	1.1846916438124815	0.32053805276535735	1.026634635805508	1.330168687956925	-3.7911297337165957	0.9351881581915219	2.2346946200407047	1.0
1552000	-13.084838197021178	-5.054574188161486	-8.030264008859692	-7.818477046219229	2.763902858057743	1.1251786643744939	0.7260897042124822	-0.09048737680015884	-5.759338562929007	0.8040559667580585	51.80365931250703	1.0
1553000	-12.433404890462521	-5.230740883062095	-7.202664007400426	-7.171198467182613	1.9404575841205176	0.7308668790677298	0.7498853842355666	2.1492014625962628	-4.592357518839284	0.6872311564131101	9.709682874051678	1.0
1554000	-13.347876454070676	-6.183503651741195	-7.164372802329481	-8.965266192296617	2.7817625405554223	0.2830560313539652	0.7505175209082428	1.706991734865665	-6.11830261857469	1.9867090737659567	7.772854424171157	1.0
1555000	-11.888913962124981	-4.762264022226232	-7.12664993989875	-7.538423795542048	2.7761597733158165	0.6733166659921399	0.7716685322265017	0.5480186506721388	-5.7819617027303005	0.9992468096351853	14.026248762581535	1.0
1556000	-17.17340145728113	-11.38510922296425	-5.788292234316881	-8.899318429917901	-2.4857907930463483	0.7688802464580093	1.09287886966548	-1.307659467648374	-1.9022232895111593	0.7528817779930503	2.7948500121250666	1.0
1557000	-12.609626862989709	-4.798627808144902	-7.810999054844807	-7.535558845184461	2.736931037039559	0.5796224642429623	0.8273134424204002	3.811831499321325	-5.992880332920323	0.6843573460260142	31.661294528689933	1.0
1558000	-14.064939824141792	-6.354286142012153	-7.710653682129638	-7.558628918917741	1.2043427769055874	0.974798281210577	0.27649960482832187	0.270239236939243	-6.419392335555159	0.6977403414057316	46.21072689029466	1.0
1559000	-12.637077306482954	-5.613263496920807	-7.023813809562147	-7.217510323504413	1.6042468265836067	0.7957743074150089	0.7989572604817095	1.6693504466094984	-4.243209154539425	1.9336609250022934	7.14953541496028	1.0
1560000	-13.434633717131799	-5.457302316774453	-7.977331400357347	-8.205289898009818	2.747987581235365	1.3353954702969053	0.5732368420236243	-0.151326349273175	-6.45681263775785	0.8037402016714775	13.01847680096391	1.0
1561000	-13.713006308271405	-6.293581471063227	-7.419424837208178	-7.0824245717953564	0.7888431007321293	0.6923647751472661	0.7553693943470149	2.01663108562871	-3.735370998761383	0.5390748362723579	4.256031518426307	1.0
1562000	-14.883994938025472	-6.826113150371874	-8.057881787653598	-8.247498228343098	1.4213850779712232	0.9505008531061782	1.5569992128388779	2.4861520612430037	-5.042842009940303	0.7322941454428064	16.176219684386407	1.0
1563000	-13.047888482528734	-4.938472403617442	-8.109416078911293	-7.455554635570256	2.5170822319528146	0.9574026459384869	0.7813244059061334	0.7703116444621686	-6.559425113249581	0.6103589898073827	13.399366338370053	1.0
1564000	-14.643180968699422	-6.68019034978192	-7.962990618917502	-8.839051975846248	2.1588616260643274	1.570884679344803	1.1267071073605612	-1.0387568020399531	-4.709957254370149	0.9382268694088816	9.94527698558366	1.0
1565000	-16.24883155040474	-7.296522094562904	-8.952309455841839	-9.643651984951328	2.347129890388424	1.8940338991439625	0.7981970264643015	-1.1721021639054998	-4.9305484235249875	1.5836719422838546	26.940545425331905	1.0
1566000	-12.29689479733941	-5.3474329728701395	-6.949461824469271	-7.26803192457813	1.9205989517079907	0.41123395793735296	0.8592158988633488	2.423832993995963	-4.438856291785233	1.2769490800191232	5.727472457754419	1.0
1567000	-17.832072827397674	-8.312680931110659	-9.519391896287013	-7.022341164047367	-1.2903397670632923	0.6035805524688299	1.5250632399674957	2.644399067757787	-2.626744220782286	1.086829788530336	1.3216811560279913	1.0
1568000	-17.238886731189453	-9.897685235636894	-7.341201495552557	-8.459324835701455	-1.4383603999354388	1.352088338333002	1.1547973400396356	0.6545768996195915	-2.368119379295731	0.3758829429563598	1.2807343997969385	1.0
1569000	-11.792844807895696	-4.390927513087538	-7.4019172948081575	-7.08985487653595	2.698927363448412	0.305422570448326	0.5289478541793302	4.304892319519185	-6.573802042535522	1.1014841102883777	14.070130383765576	1.0
1570000	-15.266785584160177	-9.550612825886965	-5.716172758273212	-7.3353901995017115	-2.215222626385253	0.6491251228787205	1.0267568923198909	0.9840646442633917	-2.011356786235226	1.2785704861841223	6.180737305896661	1.0
1571000	-14.265427294338984	-4.622963538966908	-9.642463755372075	-7.067746217380943	2.444782678414035	0.37865565885487495	0.6969041986349808	3.232451719438996	-5.222180065412893	1.033254123622688	3.4091003734460847	1.0
1572000	-12.322874898901224	-5.071768028937344	-7.2511068699638805	-7.728506260080625	2.6567382311432812	0.1583476987234973	0.7773807033555932	6.444664134989953	-5.4120942860774655	1.2162718875791447	23.37129901037817	1.0
1573000	-16.895445412325806	-6.546152571862178	-10.349292840463628	-7.460418047282284	0.9142654754201054	0.9256506959490788	1.647898850542064	1.4364226464539447	-5.4208121985287665	1.308405788376663	3.565112811425581	1.0
1574000	-11.543924541213936	-4.498771519054858	-7.045153022159079	-7.2515845781792665	2.752813059124408	0.2503940265472145	0.7825180038340789	5.349366565527309	-6.125758161246604	2.089712284116094	41.55530651427019	1.0
1575000	-13.09541072281917	-4.830714867838125	-8.264695854981044	-7.33218875559391	2.5014738877557843	0.2689378660042829	0.5526251783005373	4.065088212766374	-7.116529398888531	0.5644609102781813	16.819771617688843	1.0
1576000	-14.262495962411577	-6.80602432602772	-7.456471636383858	-7.057052440720571	0.2510281146928506	0.3348725708153249	1.1763643974141234	3.8816102277661337	-3.219833340404958	0.6040704885121699	7.6442459027046	1.0
1577000	-13.195609184742777	-5.356780533661341	-7.838828651081435	-7.957696880401269	2.600916346739927	0.5963732374660845	0.8955766514030682	0.26682518990766524	-5.257359663407511	0.533692203171626	34.86207475523426	1.0
1578000	-16.149558802556825	-8.087148826586555	-8.062409975970269	-10.321695401867048	2.234546575280494	0.9721048603567809	0.4780782045960613	-2.7660395898345276	-5.807053607271096	0.8192453976248393	8.142038858069556	1.0
1579000	-15.947251682151274	-7.314910491761529	-8.632341190389745	-8.499424328120261	1.1845138363587324	1.3411594534775273	1.580726909655449	-1.1333831099135487	-4.340754951339786	0.8151360970146274	43.49016831019394	1.0
1580000	-11.883077380018127	-4.921765214268817	-6.961312165749311	-7.486236612575117	2.5644713983063	0.6185696452929732	0.4537561616860059	0.8227365978930112	-6.911899304436771	1.6052518378629157	45.35398098781048	1.0
1581000	-13.180089791920615	-5.3035116204096076	-7.876578171511008	-7.909654565867662	2.6061429454580542	1.1767699396491527	0.9522499470552269	0.6264046472772473	-5.8194911792699955	1.0176091398926321	12.151661133580918	1.0
1582000	-15.553500393030266	-9.371242741347519	-6.182257651682747	-7.432018811320068	-1.9392239300274499	0.9101775407592071	0.6748044559264197	0.5565633782764625	-2.365241347024976	0.5578261555704529	1.6439416416658101	1.0
1583000	-15.500142321622361	-6.472633906746003	-9.027508414876358	-8.819568413632982	2.3469345068869796	0.6285703215452351	0.5515727906814346	4.492747121491769	-5.570194402929979	0.7452133952334908	6.704475073561482	1.0
1584000	-14.542208456288883	-5.0384068529534405	-9.503801603335441	-7.017080060249401	1.9786732072959605	0.6048221400952233	0.9968616700862025	2.070531904676558	-4.432025225933234	0.4578412730774906	2.7437454158985113	1.0
1585000	-14.30772572728307	-6.339673558057783	-7.968052169225286	-9.07669889244869	2.737025334390906	1.2709079573045647	0.7483078036305743	-1.9307114067522944	-5.6392087161687945	1.1445967527871226	36.86207340029097	1.0
1586000	-18.898946442887926	-8.439233246369175	-10.459713196518749	-10.431517406896504	1.992284160527328	2.137312370206681	1.0963562058154295	-0.8392612728301128	-4.474410914976659	0.1536020133737338	3.233345978794368	1.0
1587000	-13.368551274245412	-4.627440902326889	-8.741110371918523	-7.17495891759337	2.5475180152664816	0.761752374754907	0.9947926200137992	1.8276146368307904	-5.7681615786953335	0.5527017835980472	6.299136322981149	1.0
1588000	-17.518544752731394	-9.491332509290514	-8.02721224344088	-11.75473614214427	2.2634036328537572	0.9031679365070499	0.6805895229918687	-3.532215224021471	-7.058666996671427	0.9482945623912019	19.079655202534155	1.0
1589000	-15.632730817638734	-6.617585069934233	-9.015145747704501	-8.32847634845183	1.7108912785175967	1.3879598909472528	1.2586312927779735	-0.344269179425683	-5.9433489111781155	1.505064770081488	10.950751956241895	1.0
1590000	-11.45470135182068	-4.335494287082595	-7.1192070647380845	-7.058103867485142	2.7226095804025476	0.4660902937477157	0.579074836964188	2.490973902368985	-6.156115941187089	0.8733607244425305	20.11908803038225	1.0
1591000	-13.281725621607348	-4.590166603013193	-8.691559018594155	-7.1810610204716445	2.5908944174584514	0.564380321185044	0.7663291789148079	1.6279718312056564	-6.506700183994653	2.1571341509850024	6.044006657974285	1.0
1592000	-17.671300131236165	-14.864709153540034	-2.80659097769613	-8.069010679774687	-6.795698473765347	0.5248381930456333	0.7766643867986844	0.4972725457398939	-0.2411406238393958	0.7241370912032982	0.08022122624015034	1.0
1593000	-16.61034824027202	-6.788164984619935	-9.822183255652085	-8.151571901670673	1.363406917050738	0.7982283497028732	1.051365621384058	-0.6123978585038801	-3.91662351346738	0.7432152650244351	1.379939120170254	1.0
1594000	-12.453454158396028	-4.775640679328602	-7.677813479067424	-7.010458313611534	2.2348176342829316	0.4617075530831109	1.196242012271413	3.681313103295939	-5.065920177574553	1.1582632087799578	42.70312570873891	1.0
1595000	-12.668060972232768	-5.021978049778989	-7.646082922453779	-7.150815841496154	2.1288377917171655	0.4250928563580625	0.5338826577558118	2.556669308678714	-5.390825004413944	0.7849589427201186	6.649693865104746	1.0
1596000	-14.478524284643669	-6.4419093763545705	-8.0366149082891	-8.357621404721694	1.9157120283671238	1.022363617191535	0.8946152499235175	-1.1442421570784789	-4.407838078216137	1.6082151131126134	3.794854166814213	1.0
1597000	-15.456121615129335	-7.022237973032404	-8.433883642096932	-9.579758401017918	2.557520427985514	1.5825701861935382	0.5006771477265531	0.8801022194602175	-6.201690537848833	0.424057971923235	16.13680562637211	1.0
1598000	-13.098367682166174	-6.301934171766953	-6.796433510399221	-7.256099502753277	0.9541653309863243	0.5354426082377737	0.8475703176493444	3.7261665727110653	-3.730991656271586	1.150852271085132	11.693912319571481	1.0
1599000	-11.510290536103678	-4.722256415423302	-6.788034120680377	-7.003648458582581	2.281392043159279	0.6104134811454137	0.677539600954362	2.256426945275206	-5.07290460714385	1.2634536163251269	11.244497103499809	1.0
1600000	-16.228897673300366	-9.382679252721925	-6.84621842057844	-7.040498001614768	-2.3421812511071565	0.48073402211848265	0.9383905924753042	2.449766279806466	-1.9662448710219227	1.4520590578595287	1.5006354300790983	1.0
1601000	-12.377128450953753	-4.923389635419209	-7.453738815534544	-7.490066203499467	2.5666765680802577	0.5735107898844152	0.8932635091089415	1.007973710141416	-6.1563297618622554	1.0860908363163841	10.710291989843215	1.0
1602000	-15.493473333347422	-8.044107940194653	-7.449365393152769	-7.2242628264160365	-0.8198451137786171	0.7722555796266097	0.6534134527775616	1.1055107543366718	-2.977163239911326	0.7566336674445698	1.3806655334932	1.0
1603000	-14.19806782764983	-6.096045759188019	-8.10202206846181	-8.328512611428692	2.2324668522406736	1.201404317406971	0.553915660066544	1.317807102095979	-5.420074380038902	2.2324900712892757	8.698101537804598	1.0
1604000	-13.144102146558195	-4.563431739736112	-8.580670406822083	-6.966652931310155	2.403221191574043	0.4357393111658873	0.49743107596288405	3.6373390848450016	-7.3355120074129845	0.5192698400187254	101.08487313015056	1.0
1605000	-17.095102395339996	-13.496180548591948	-3.598921846748049	-7.512719643847487	-5.98346090474446	0.6681357315830554	0.8682864902110127	0.6060046315714798	-0.5321512536148143	2.311783761522359	0.28628973681409897	1.0
1606000	-12.503856662143669	-4.503902700548351	-7.999953961595317	-7.008304086209904	2.504401385661553	0.47114340060738386	1.0037747403765616	3.6112537290000257	-5.162244131551737	1.7722504796685692	7.358841677709497	1.0
1607000	-13.986509274907199	-6.98114917567001	-7.00536009923719	-7.242495018407329	0.26134584273731853	0.5835957949580642	0.7975423180258157	3.389064301060093	-3.35889801806265	0.6914160995887095	8.625844360824626	1.0
1608000	-14.674960200143259	-6.369031035044859	-8.3059291650984	-7.463117221471521	1.0940861864266616	0.6875812285426299	0.22875981350516966	0.6326641900328901	-9.03891705000425	0.5389982179870504	33.33798509524951	1.0
1609000	-13.21461171493104	-5.348814397528198	-7.865797317402842	-7.809256881294493	2.460442483766295	0.901313307874574	1.0786449005362664	-0.30964054019016785	-5.4491145800809075	0.7290943649051755	33.27614831439593	1.0
1610000	-13.123505678565104	-5.177543879995392	-7.945961798569712	-7.611211320155546	2.4336674401601535	0.7949127561661631	1.0719827750486748	2.625159606044603	-5.658383075184092	0.7706765857638141	11.270228099127687	1.0
1611000	-14.677818814061943	-6.576047227434069	-8.101771586627875	-8.932151319387513	2.356104091953444	1.1984270366295595	0.8031752518184884	-1.804862473042686	-6.666358186839868	1.1088307726835966	16.415044927930506	1.0
1612000	-13.4874918281195	-6.794503085679517	-6.692988742439983	-7.108855733222002	0.3143526475424854	0.6025397754122286	0.6732557120622084	1.67670940825312	-3.583430219294498	1.663283964087837	2.9218909296877675	1.0
1613000	-15.509646410046951	-6.713389852272039	-8.796256557774912	-8.491109554513407	1.7777197022413684	1.306633678216055	1.276716701724655	-1.1853769519212005	-4.423797051414478	1.2809443712349473	3.6966941542579455	1.0
1614000	-13.49336258654402	-4.579819096028618	-8.913543490515403	-7.241948582464655	2.6621294864360374	0.7470018667099356	0.701275670439589	1.0239034892940402	-5.549786613949437	0.22753321504432777	13.290543602996454	1.0
1615000	-14.341396147140031	-7.986311958447481	-6.35508418869255	-7.724765142838464	-0.2615468156090168	1.0506632478685114	0.9328931301550173	-0.057367921110529796	-2.9625654740815257	1.24565193525612	4.925039132047975	1.0
1616000	-13.232473095935156	-6.718320687644776	-6.51415240829038	-7.39673328533239	0.6784125976876139	0.6318454421054979	0.6718343032678177	0.9259330347229493	-3.813154392896231	1.115007820998414	21.979680450605642	1.0
1617000	-15.154970317384388	-7.926712849148553	-7.228257468235835	-9.701918684993903	1.77520583584535	0.1829265272206955	0.7128965589991251	2.7447375534835188	-4.517403535322897	1.3041749663506306	4.21473235714321	1.0
1618000	-15.01061077975022	-6.182330833722088	-8.828279946028132	-7.746227051772156	1.5638962180500675	1.0208873506403608	1.3514177419510085	-0.17489729588054442	-4.294330633946532	0.2501837704806806	4.229521056551513	1.0
1619000	-19.063393959756834	-15.145509117949327	-3.917884841807507	-8.563566467801218	-6.581942650148109	1.4804256851951272	0.4951546593743532	-0.663382590781221	-0.5974743937749353	0.914426533514548	0.3376117313831525	1.0
1620000	-17.20012619242964	-10.468683173307005	-6.731443019122634	-9.628916870217768	-0.8397663030892364	0.20868227183756563	0.7001024494176086	2.281480381706461	-2.883864351007067	1.768308105284448	1.7477992321158224	1.0
1621000	-12.004515234707856	-4.393844396198986	-7.610670838508869	-7.040098016164071	2.6462536199650852	0.4445754002127761	0.5296475181267336	3.88689007374966	-6.877160755520067	0.7395553280375352	35.62697071026457	1.0
1622000	-13.800062700596843	-7.344532032004357	-6.455530668592488	-7.711492949342066	0.3669609173377095	0.2331788405942138	0.7690304601860771	3.9756278982333724	-3.4563537163933207	1.8849749230077786	37.61768014409813	1.0
1623000	-18.758134362446434	-7.045332809403844	-11.71280155304259	-9.22745002445655	2.182117215052706	1.5794011288305143	0.7580264779781467	0.5296701181177439	-6.92487150724562	0.839863002444741	3.886584766045556	1.0
1624000	-11.666030323562175	-5.278919178959534	-6.387111144602641	-7.074706536425827	1.7957873574662928	0.32020413766261613	0.46317414123904266	4.056570130276615	-5.405298405749122	1.5963615782751088	14.896630142336518	1.0
1625000	-14.714492451941933	-7.965421210499262	-6.749071241442671	-8.774876784375973	0.8094555738767113	0.26623198666556197	1.1175454921353927	2.128025260904166	-3.543182311725351	1.858204057687958	25.70909459433128	1.0
1626000	-13.203725012549599	-5.866302991705204	-7.337422020844395	-7.088601033628291	1.2222980419230867	0.6910253648386171	0.9251068222373183	1.70239390649061	-3.8519459699591723	0.4870254069749635	5.95256213307483	1.0
1627000	-21.248832798604997	-18.69018018762364	-2.5586526109813597	-11.626965586362253	-7.063214601261384	2.261336548918908	0.6831217703592759	0.005105425925384155	-0.1710164441128491	1.3669741149624741	0.05171244345167374	1.0
1628000	-14.271423729703955	-5.67153038363855	-8.599893346065404	-7.143652979666318	1.4721225960277682	0.7131138223417197	1.3152871808467885	2.1978864544718624	-4.149606276441653	0.44082456121028063	3.813406105568747	1.0
1629000	-13.30040189415201	-4.998167460277001	-8.30223443387501	-7.68648202446973	2.688314564192729	0.2962895783170441	0.5211913808029178	5.886931734233847	-6.584560895748675	0.6283771640733945	18.58015662622104	1.0
1630000	-13.750097523786351	-5.833396802534831	-7.91670072125152	-8.506121699136846	2.6727248966020154	0.9589200736448206	0.914608738840429	-1.262480961341799	-5.536758916031802	1.365955374941591	43.495132556829915	1.0
1631000	-14.12147900291161	-6.835921861923298	-7.285557140988311	-8.037090509623646	1.2011686477003476	0.23212832943637296	0.23647890506465394	6.741026776602591	-7.022674581356374	1.1243613667020704	23.925978106310136	1.0
1632000	-13.748306703281823	-8.176214392350138	-5.572092310931686	-7.103861544194388	-1.0723528481557494	0.3913445904017544	0.31441462201489945	2.9858288861455415	-4.291202590537338	1.8713665085712075	19.213344641593153	1.0
1633000	-16.127890090557173	-7.638621991038423	-8.48926809951875	-8.13594999490628	0.4973280038678567	0.12038357771552063	1.1177696994143018	7.368570063547479	-6.897917913714593	0.7964529471472521	26.19703293146874	1.0
1634000	-13.939177999921046	-6.306764080129383	-7.632413919791663	-7.509211332018845	1.2024472518894616	0.34511064136089387	0.6378769694293962	2.656123328950055	-7.762818097589193	1.044384208721509	16.320063019800806	1.0
1635000	-17.42544382443762	-8.18498800132011	-9.240455823117513	-7.075250082809716	-1.1097379185103957	0.6820966736436329	2.3017867862904633	1.7858573365297807	-3.854896893658939	1.2914242749534737	48.082448808392954	1.0
1636000	-12.255094358336311	-5.231465504354501	-7.02362885398181	-7.223542292844311	1.9920767884898094	0.2646053821399284	0.7752075784880221	4.516810302540246	-4.599293852265567	1.9968099025314106	64.85705681154701	1.0
1637000	-13.33295445033472	-5.011403912988852	-8.321550537345868	-7.183939063997432	2.1725351510085797	0.7658720882172684	0.957528128913154	1.8378445769392848	-4.634372292456808	0.9889238366384284	3.565091676127696	1.0
1638000	-15.099163839739225	-7.212978011677725	-7.8861858280615	-9.381459637128089	2.1684816254503634	0.7404969260668666	1.232286042548239	-1.6472148691491233	-5.373625907045661	0.9786422429041272	7.83515701505178	1.0
1639000	-15.204479249364105	-6.778533848989077	-8.425945400375028	-8.071658598878873	1.2931247498897962	1.2466227096936626	0.3220144596722061	0.5153897841591611	-5.988519703300099	0.47922914234732716	7.828847610707934	1.0
1640000	-13.391990739933663	-6.579950940128396	-6.812039799805267	-7.343669447947708	0.7637185078193118	0.8610380335665166	0.5888033702578253	1.60616650484587	-4.07735446879547	1.6827290577580627	23.88634487706276	1.0
1641000	-15.103711086895247	-7.773002715478053	-7.330708371417194	-7.565847989989945	-0.20715472548810787	1.0210095067447984	0.8336771416541964	0.7392253818059787	-3.0585844360781387	0.3682181965532536	2.75038296995956	1.0
1642000	-13.060006201064205	-5.476584147110029	-7.583422053954175	-7.79780507783792	2.3212209307278915	0.5248537450861602	1.0084814721790605	0.8250228630181028	-6.1133885664186165	1.2874262485443673	48.73197998713528	1.0
1643000	-14.724215227366514	-4.739428583570381	-9.984786643796134	-7.286660200788525	2.547231617218144	0.8429392797506463	1.0005374507759346	1.031100505744583	-5.286957227331267	0.4687722013504182	3.1373978220053007	1.0
1644000	-15.120429764181528	-6.550304704378467	-8.570125059803061	-7.370874527837072	0.8205698234586052	0.592631838912705	1.4706623669927719	1.1231209411645002	-5.988604675497825	1.2743381578665793	7.04234268062392	1.0
1645000	-13.874871257656766	-5.877001225032307	-7.9978700326244585	-8.086347129156547	2.2093459041242394	0.29623572297588346	1.1794624161637315	2.462460325495123	-4.910002804835107	0.5457118284517238	6.756211268685912	1.0
1646000	-15.637195916614438	-6.464123947045529	-9.173071969568909	-7.274029899194765	0.8099059521492364	0.23774441938500973	1.7771453263804324	5.17664224096665	-4.903618165585238	0.7282559623320236	8.08749671039764	1.0
1647000	-12.139553499430086	-4.802075547834502	-7.337477951595584	-7.532579691623578	2.7305041437890765	0.8730249060376859	0.7630642112718344	0.22285067237308942	-5.603195834068062	1.4880522122290982	25.811106027602257	1.0
1648000	-12.808878703636829	-5.109521214613176	-7.699357489023653	-7.74353525028271	2.6340140356695336	1.0925294545901172	0.9210916102119893	0.0459948073534662	-5.37507588942923	1.156594564549249	8.704944824671573	1.0
1649000	-13.624543595872355	-5.4539133327020455	-8.17063026317031	-7.597225897117017	2.1433125644149715	1.0029136094801625	1.141266166803874	0.22320561932188593	-4.707440330056363	0.990751959063706	3.939706338453739	1.0
1650000	-12.52876420382115	-6.1866334038645325	-6.342130799956619	-7.571535001811352	1.3849015979468193	0.510446155827341	0.3131618345707815	1.2160097123693632	-6.174557285795633	2.3692720630333794	10.04839444749524	1.0
1651000	-12.589680386229162	-4.8301994640081105	-7.759480922221052	-7.434996149464918	2.604796685456807	0.8886151705728986	0.9710079953777682	0.4936839062324747	-5.6920892337867235	0.6974892039961513	10.534918809578148	1.0
1652000	-17.10301427669356	-9.313162694023074	-7.789851582670486	-7.675067902798324	-1.6380947912247485	0.8894644880475836	2.2738991775157316	-0.07160813778906094	-3.3652192733072956	0.9211442648787603	10.108393475165494	1.0
1653000	-13.800506781568775	-5.776209356998495	-8.02429742457028	-7.889929368445496	2.1137200114470005	1.1846160304556612	0.8545028633577202	0.03214713506912892	-6.727649372106924	0.8334142199749592	24.54677276150191	1.0
1654000	-13.376038216047968	-5.229998853228059	-8.14603936281991	-7.766116169607338	2.536117316379279	1.0897353403931325	1.0021198729536571	-0.05894890223793969	-5.251934267831652	0.6888092375596432	5.861027065507468	1.0
1655000	-15.329193954918733	-6.438900163169804	-8.890293791748928	-7.30167279849298	0.8627726353231759	0.23141574252048536	1.3439820209997522	5.40520367206606	-3.6852776440987465	0.3598150775075582	10.010765594494524	1.0
1656000	-13.920536196955208	-5.851247349605836	-8.069288847349373	-8.556198563804518	2.7049512141986822	1.1238577117052164	0.5343508958997487	1.9438822096332804	-6.499816854856759	2.0298378708763094	14.031103119611238	1.0
1657000	-11.557978832219405	-5.000427557330247	-6.557551274889157	-7.674474371949625	2.674046814619378	0.3895467695206921	0.7459690123593068	1.964174546689018	-5.489140519808622	2.0127791187854696	16.594789054051912	1.0
1658000	-14.177396249164834	-5.586560720775761	-8.590835528389073	-6.998217742225613	1.4116570214498516	0.4185831683265959	0.7019878915763316	3.898300425079004	-4.25424789089287	1.2822850426664452	3.694040255924861	1.0
1659000	-14.190589164636105	-5.562389250514085	-8.628199914122021	-6.996992645299803	1.434603394785718	0.4583709513637758	1.5498215820701238	3.652758390764856	-4.728101046874239	0.6464498016114802	6.493168136080803	1.0
1660000	-13.701963247937229	-6.073676184724231	-7.628287063212998	-7.1745886905364005	1.1009125058121692	0.6098388932662093	1.2187740311521438	3.0837689227176464	-3.7708273103550582	1.3956120508109051	5.3052624481120665	1.0
1661000	-16.684054177770527	-7.512101655255333	-9.171952522515195	-7.104196265752912	-0.40790538950242095	0.47986053008209767	1.5709561759123756	2.2685171727956073	-3.1040970426714685	0.47956622242403374	1.698644226366577	1.0
1662000	-12.63988365920592	-6.271228161355429	-6.36865549785049	-7.754660042736833	1.4834318813814038	0.3661681989956316	0.5877029122415591	2.079062554033077	-4.600666396289771	0.9730503093398315	11.822647387430788	1.0
1663000	-12.206270438740871	-5.415465515083458	-6.790804923657413	-7.059720333286137	1.6442548182026795	0.4834050635167333	0.240460551219508	2.371609439429978	-7.8711885860665305	1.4096031264289224	22.328439950021338	1.0
1664000	-17.557600503188688	-7.434636742225635	-10.122963760963051	-8.879767539904083	1.4451307976784484	1.1055557886172007	1.457889256692908	2.289208786544241	-5.54921731046655	0.2233874588295974	6.251907785264204	1.0
1665000	-13.712845406358431	-5.863204817506821	-7.84964058885161	-8.020248411740273	2.1570435942334516	0.5945198057721763	0.6121800983807004	0.2006695438229376	-5.122991186226751	0.5299520353421504	45.229904732459474	1.0
1666000	-18.586797193482084	-9.102948983929883	-9.4838482095522	-10.863648900757426	1.7606999168275426	0.39859249462065766	1.4259357583245007	-1.0848200681008207	-5.062647534500441	0.48690546054858913	3.2340885396057675	1.0
1667000	-18.31782756496209	-11.07454915847223	-7.2432784064898605	-7.798558464435858	-3.2759906940363717	0.3970179059311342	2.3404823944966036	1.7316648288027734	-2.633622006134902	0.8166711193899393	9.311818521040161	1.0
1668000	-14.600836905775445	-6.5412997158381385	-8.059537189937307	-9.164052031848371	2.6227523160102324	1.2935061782411568	0.48257256413041316	-2.0064846144593442	-6.65036509701718	1.5904569546841192	43.25849001634932	1.0
1669000	-12.139748064462792	-4.344644850114157	-7.795103214348635	-7.137357651075482	2.7927128009613256	0.2874366372313521	0.6433640595066971	4.889488690144841	-6.234437241057734	1.331325043407535	10.774203804517226	1.0
1670000	-13.796290844516388	-7.939583307050623	-5.856707537465766	-7.71803832339409	-0.22154498365653286	0.3629214476416166	0.6780249890147713	2.1610521775680605	-3.2603122519190033	1.8422479140563024	18.24324185956988	1.0
1671000	-14.123681739244798	-5.902709702449429	-8.22097203679537	-7.204109431875316	1.3013997294258868	0.7833511681812615	1.552728572352564	1.7461602104211102	-5.341000611820288	1.1886136584425975	31.549899920098216	1.0
1672000	-19.455855839087306	-14.175956986132634	-5.27989885295467	-8.14281845257388	-6.033138533558754	1.0370889996535706	0.5826480155346262	1.9472974745504608	-0.6721753284013274	0.9566405565241626	1.564419073915187	1.0
1673000	-15.6867716510061	-10.469599678543936	-5.217171972462165	-8.335212959131535	-2.1343867194124	0.47669360842615477	0.775979170311843	0.5009960646128138	-2.1483317261398587	0.8564511273586836	1.5825702860781197	1.0
1674000	-12.943757455134138	-6.1755806629533305	-6.768176792180808	-8.839970644323959	2.664389981370628	0.24749584301038086	0.9098198906273784	2.347945205474315	-5.4673557619532085	1.1441439214554245	16.687867537810043	1.0
1675000	-14.241094268622962	-7.732885645331256	-6.508208623291706	-7.801802325702702	0.06891668037144516	0.5323972971796155	1.1778075528342644	0.7778633087847657	-3.1185520667080855	1.895320571266444	3.668984715931454	1.0
1676000	-15.020873909295549	-7.073612741860547	-7.947261167435002	-8.963545234536337	1.8899324926757899	0.5383527122003703	1.3457075981987385	-0.4830671295332838	-4.788142062095299	1.764920371127471	5.019193351975881	1.0
1677000	-16.02328242525979	-8.004186816985381	-8.019095608274409	-9.006665034941333	1.002478217955952	1.6366688209454696	1.0397262364327036	-0.22257941777919105	-3.666646689764099	1.5461082163249	7.5156839659156915	1.0
1678000	-15.9414412803073	-8.262589976227773	-7.678851304079528	-8.417090602198385	0.15450062597061187	1.403788060933218	1.1622857987719113	0.14575901615275844	-3.1623331574385576	1.515991828171291	2.9391477922116533	1.0
1679000	-12.85019846294268	-5.6235760698177994	-7.226622393124881	-7.678617667749523	2.055041597931724	1.0421071256522083	0.6969414411135542	0.06754990552571938	-4.797743447672284	1.7838754255179186	11.963794789441144	1.0
1680000	-12.650326595979731	-4.948680482372414	-7.701646113607317	-7.292703668816559	2.3440231864441445	0.6123383126685081	0.6022174457672617	3.2854786775036215	-5.366265142809068	0.6496098568339527	10.805914328619613	1.0
1681000	-13.174194878826437	-5.9556610209927205	-7.218533857833718	-7.73700366387545	1.7813426428827297	1.1025254256414148	0.6713522768215647	0.1591281221780051	-4.611664549171685	0.6783466967033175	8.236569691968686	1.0
1682000	-11.871043345100622	-4.953702737331609	-6.917340607769013	-7.218257352702583	2.2645546153709737	0.5435436808030107	0.47084034690355614	1.642096284295563	-5.892605145463408	1.4638969720814845	8.392178081728416	1.0
1683000	-13.171168976587659	-6.3061906149788545	-6.864978361608804	-8.681830383086716	2.3756397681078614	0.5275285121041245	0.9512744738421146	-0.15922634791799417	-4.884731971458059	1.4971839787337995	7.342513902290045	1.0
1684000	-16.08571030197202	-6.287998594212418	-9.797711707759603	-6.999690486460942	0.711691892248524	0.4164056308443656	1.717947303307661	3.1079172267947754	-5.372618498479819	0.37949117761803997	5.488877374255328	1.0
1685000	-13.339681353070041	-5.053724052460418	-8.285957300609624	-7.704966369909513	2.6512423174490944	0.9667941823053469	0.7987713515464957	1.7313381004508055	-6.319289572885022	0.5202719682857909	12.87133730665037	1.0
1686000	-15.800689257807484	-8.62284213613876	-7.177847121668725	-7.2330653788056845	-1.3897767573330748	0.7690054716701942	1.3483318615415711	2.042904146995532	-2.4653982803843193	1.86735565203078	5.350073814516591	1.0
1687000	-14.489774473029147	-6.856009870068598	-7.633764602960548	-7.425846348798914	0.5698364787303163	0.44195214144179173	0.8916252352357514	1.896372970778297	-3.4548353190018446	0.4175366485832961	3.4420327293636834	1.0
1688000	-14.168432519309075	-7.391550169407854	-6.776882349901221	-7.112799728998885	-0.27875044040896846	0.7129366554725578	0.7151127771805983	2.0121579238585854	-3.1641470904897266	2.664104562275721	12.674365390492854	1.0
1689000	-13.02697557561992	-5.357454173130242	-7.669521402489678	-7.427843367212682	2.0703891940824395	0.7805566021104187	0.4471831017366318	2.431155711263711	-5.797125188350876	0.7430519378584888	51.5123309735234	1.0
1690000	-13.883397720723192	-7.177442975863303	-6.7059547448598895	-7.711055509780886	0.5336125339175828	0.5282145731535073	0.2539006194766714	4.30671295560416	-6.072449409428707	1.8813956645601289	13.432967456405155	1.0
1691000	-11.991008500789658	-5.378142372967057	-6.612866127822602	-6.998644339455573	1.6205019664885159	0.5834898239686848	0.7576021788429732	2.687829843002236	-4.314424634389805	1.6091761462731504	11.278660903955897	1.0
1692000	-11.952634407501728	-4.820454475901352	-7.132179931600376	-7.141198469555967	2.320743993654615	0.7456073890838664	0.42247480110862085	1.6033192041105073	-6.350164653736513	0.9399393329599042	19.116131899993288	1.0
1693000	-14.639000606701252	-8.985987639226156	-5.653012967475097	-8.24536800693787	-0.7406196322882859	0.6905761284106879	0.5748868482080022	-0.4267633880064313	-3.2036399318026754	1.2685153710311765	4.0888491943785	1.0
1694000	-16.47581002752487	-6.631413466626427	-9.844396560898442	-7.181927439362934	0.5505139727365083	0.5789520492972574	0.2999356681508435	1.5646126985584892	-5.5572983216352325	0.9998290427352351	2.72016978462076	1.0
1695000	-16.016927202388118	-6.432685260309093	-9.584241942079023	-8.612279946460994	2.1795946861519013	1.508292821882745	0.9136113289123697	-0.4381071908540449	-4.65319925228892	1.3092675822219293	2.6345919180099804	1.0
1696000	-17.284993172799492	-5.926464508443153	-11.358528664356339	-7.759808007111107	1.8333434986679542	0.6109510466742772	0.9442921792517108	0.4541546218630027	-4.3101954881028535	0.4111265771615613	1.3858153118821945	1.0
1697000	-12.162445640922783	-5.43761609875259	-6.724829542170193	-7.123890474681954	1.6862743759293632	0.5446302050030072	0.6548162826070145	3.4212478977624134	-4.572804149486132	1.2085285174945244	20.527009736435247	1.0
1698000	-12.275775696684445	-4.582755080346203	-7.6930206163382415	-7.352209294089954	2.7694542137437512	0.8588290722699801	0.5995102960941399	0.7390620730238064	-6.324016402785752	0.7555087845492654	11.690653008006596	1.0
1699000	-12.412766333849321	-5.206551648674404	-7.206214685174917	-7.178572027874898	1.9720203792004938	0.6123001805085773	0.8331067711090923	1.4508164780702197	-4.509487803350541	0.7079965377148787	24.397109327688824	1.0
1700000	-15.270638750257241	-7.617215532049567	-7.653423218207673	-7.558082444296101	-0.059133087753465485	1.0154487725401684	0.5389526419637988	0.7990805565582718	-3.7105695413920126	0.3261045619928841	4.816950244641764	1.0
1701000	-13.79058759057673	-7.84811545666965	-5.94247213390708	-6.945417424764617	-0.902698031905032	0.4533054627344102	0.25866435125716386	3.1994784839538832	-4.939143234177957	3.6110176698632053	9.197161409487894	1.0
1702000	-12.028980471888223	-5.180528416231045	-6.848452055657178	-7.264123359548329	2.0835949433172845	0.7809277440110702	0.7320226946876828	0.954812025839624	-4.755182885968045	1.7376379155115986	9.61170486270401	1.0
1703000	-16.996084362845213	-16.083389230346718	-0.9126951324984963	-8.448457831089542	-7.634931399257176	0.5047666659622646	0.9124817449855206	0.20539165393408354	0.030340842809784815	0.963134043866339	0.06859693962798773	1.0
1704000	-15.306403179777147	-5.721625159446992	-9.584778020330155	-8.26560404183669	2.5439788823896983	0.6280352377637292	0.8661634542926859	-0.21918254334471501	-5.146205355709605	0.14543063981852428	20.843489007668435	1.0
1705000	-13.040212442093253	-6.072566618584001	-6.967645823509253	-7.188602812271141	1.1160361936871404	0.6940358320525146	0.8943558064556579	1.2345589083982618	-3.799205736969599	2.38652768487387	7.508216050792943	1.0
1706000	-19.6409158759062	-8.940065710401832	-10.700850165504367	-11.367940950283163	2.42787523988133	1.2137714960281907	1.0969633298767643	-3.5062945379865726	-5.29231545170054	0.818630163107028	3.8601230974799816	1.0
1707000	-13.592418289769414	-5.050774263939067	-8.541644025830347	-7.461186105543042	2.4104118416039757	0.9556727522962254	1.0386472702491474	1.0732397769433575	-5.876892236786882	1.1210887706145274	6.220530873436804	1.0
1708000	-11.793470931512442	-4.388003154632634	-7.405467776879808	-7.12789425463441	2.739891100001776	0.7344531466964439	0.8072020638152889	1.6455957096442653	-5.617382016352016	0.8508339245583009	11.481734038738114	1.0
1709000	-17.19435366467922	-8.19195637775611	-9.002397286923111	-8.484664635564975	0.2927082578088642	1.3799183836151794	0.7993557487196501	0.5202257628676199	-3.3751174968455735	0.7990298217129728	1.2212537533916608	1.0
1710000	-11.823482180772583	-5.053255264478452	-6.770226916294132	-7.212756682379358	2.159501417900907	0.7375665686994538	0.564896515117562	1.1251206878028972	-5.29374312013105	1.1244420174167173	12.166857858225415	1.0
1711000	-12.944212391550607	-5.318590550372849	-7.625621841177757	-7.885199854853499	2.56660930448065	1.0772091715451808	0.6690338306463561	-0.4114045275018715	-5.463247309125063	1.023900736598629	7.277855705408919	1.0
1712000	-16.11620782779213	-10.580578538061296	-5.535629289730834	-7.472607633973842	-3.1079709040874546	0.9181010367519982	1.2631950056943002	0.4236545920232279	-1.7103576310267763	1.0579984762916448	2.2631245681182763	1.0
1713000	-13.426253747633556	-4.6848950623443475	-8.741358685289208	-7.1955819174635405	2.510686855119193	0.38037710890205145	1.019741368335277	2.8652325248588033	-5.22289433351829	0.496049376769914	5.829447502806514	1.0
1714000	-14.017903619956776	-5.529809012797019	-8.488094607159757	-7.736197171671213	2.2063881588741943	1.0954535624070312	1.221724215218144	0.10167987223565304	-5.250559957003695	1.5268446261017246	6.7099453531288145	1.0
1715000	-14.21021118920749	-6.8295141472671625	-7.380697041940327	-9.266093870127321	2.4365797228601584	0.597056896953981	1.0586720137432344	-1.0388066641385416	-5.117165869739652	0.7298217856972739	21.64137127369554	1.0
1716000	-14.216100168640263	-7.398152946909674	-6.8179472217305905	-7.427472689343913	0.029319742434239515	0.9310906107752798	0.39019884964158974	1.212963652913654	-4.458146696240657	2.5450158279916275	6.810369263774169	1.0
1717000	-13.857933167655844	-5.072932285483943	-8.785000882171902	-7.366339899081885	2.2934076135979424	0.7040477754068932	1.1115746399012316	0.774450147855873	-5.775263432658072	0.4185727721158583	6.659277470465444	1.0
1718000	-16.00945415413056	-7.665476297929675	-8.343977856200883	-7.74837066118582	0.08289436325614563	0.5138035819482571	1.02319501876598	0.9526170635174742	-3.119429041331807	0.3261587318981518	1.6212812439124706	1.0
1719000	-16.45796589001092	-5.991353336027281	-10.46661255398364	-7.365395904227604	1.3740425682003234	0.8071126440179945	0.5583008322587375	2.1224802030026257	-7.905972014641305	0.9306207027376869	6.220176392738527	1.0
1720000	-16.14891510808841	-7.828750585656721	-8.32016452243169	-8.458860324947251	0.6301097392905302	1.3915936854345845	1.8442297180582228	0.3783000979530946	-4.603156458503129	0.5987635209623524	6.437399493407148	1.0
1721000	-16.606926047240762	-13.468725455471704	-3.1382005917690594	-7.660522147264427	-5.808203308207277	0.8688273405976553	1.0181175821669532	-0.03131532335876358	-0.6258991722895901	1.2986599324766275	0.19188330045596397	1.0
1722000	-18.177860714486016	-16.03566513756946	-2.142195576916558	-10.148783600409368	-5.886881537160091	0.32194343492680394	0.7112269041551111	0.2010301974954739	-0.6066512146803333	1.1823872755138012	0.18284588527915524	1.0
1723000	-14.81896441294991	-9.644631209738922	-5.174333203210988	-7.730503289344788	-1.914127920394134	0.5113930776837119	0.6979146692454141	0.9903202866125602	-2.3430475127986305	1.7020446219530558	1.9076877833507202	1.0
1724000	-12.910742474112967	-4.362863756643032	-8.547878717469935	-6.95212412416821	2.5892603675251786	0.4734984780529268	0.8406448833481857	3.295298257740908	-5.234788937428262	0.5065011721064628	6.979803793848234	1.0
1725000	-14.583870290413262	-6.055980862403697	-8.527889428009566	-7.689843214522801	1.6338623521191042	1.051679616091366	0.8045470745438247	1.0656740660967723	-4.259228973903824	0.22217769318689023	10.465062866837986	1.0
1726000	-11.868225749433865	-4.8452917827939395	-7.022933966639926	-7.066766915481933	2.221475132687994	0.5254468807349826	0.7947879451924471	3.4154702558290477	-4.795610179490419	2.145860284722785	22.026234524971965	1.0
1727000	-13.335453889413609	-5.12712333229066	-8.208330557122949	-7.584534671663536	2.457411339372876	1.0202794221296982	1.0798739225484408	0.385411979593815	-5.336299844740697	0.9625553659248203	5.621437370725656	1.0
1728000	-16.818626842172222	-6.761539880260301	-10.057086961911919	-8.252462967723286	1.4909230874629849	0.6565675866156072	1.50170423976921	-0.3156744674160361	-5.287291161918447	1.1963221479979944	2.830917545222572	1.0
1729000	-13.713371195444203	-5.2438013965454315	-8.469569798898773	-7.495896909796388	2.252095513250956	0.8700966578244179	0.9965103960509354	1.967072911737385	-4.7312888046809505	2.0196882128099047	4.901891890535405	1.0
1730000	-15.156267340473846	-8.38289924285713	-6.773368097616717	-7.322743546956387	-1.0601556959007432	0.7291047769602412	0.9040710690338797	0.8214995831840133	-2.5705167299880203	0.8216581082611688	1.2094985353578036	1.0
1731000	-14.474989013480915	-6.308275098825339	-8.166713914655576	-8.709152013277118	2.4008769144517785	0.5902903402266501	1.0870937776511498	-0.5051069372804431	-5.663026160775298	1.320624575716481	5.426175300568042	1.0
1732000	-17.32158053034907	-7.17359364826077	-10.1479868820883	-7.3673767468830516	0.1937830986222817	0.638726861086306	1.814125089983422	0.9560537756794494	-3.825574666631604	0.32305396788004237	1.6301712261358319	1.0
1733000	-13.553773369201672	-4.6008406992926565	-8.952932669909014	-7.225323108390413	2.624482409097756	0.7952178446581175	0.9636186625276962	1.1720673795323424	-5.575646075868943	0.5379186175779239	4.8431574463405624	1.0
1734000	-12.186626123704961	-4.522330903160017	-7.664295220544943	-7.316709493244501	2.7943785900844835	0.7937130585967695	0.691195909866108	2.0997968645625043	-5.981844521543131	1.1615497221383062	9.218677418634567	1.0
1735000	-12.16505386854789	-5.592315148617683	-6.572738719930208	-7.232303822060944	1.6399886734432614	0.6649587183937324	0.47431021358544523	1.1672841958051214	-5.199102217177845	2.133411068424844	8.38213683064432	1.0
1736000	-15.672418174390852	-10.726911400468088	-4.945506773922765	-7.1176705344179485	-3.60924086605014	0.6328670545112278	0.6940746014372843	1.568658196225026	-1.5650638779015427	1.5494833262959835	1.9457658090940437	1.0
1737000	-13.157602392676985	-5.4321241904866815	-7.725478202190304	-6.9866893889162265	1.554565198429545	0.5547835284059548	1.4052488340787908	2.3368146206243985	-5.620053462102939	0.9560433490310023	16.817869652736007	1.0
1738000	-14.15290602355731	-5.531898747883372	-8.62100727567394	-8.189744924111002	2.65784617622763	0.43798677920705276	0.5188278808572481	5.262987693980133	-6.3630256280970565	0.39742604647570373	27.123648187623925	1.0
1739000	-12.636500828575073	-4.957957276712897	-7.678543551862175	-6.967429066304417	2.0094717895915197	0.4309700013866897	1.0975142533246156	3.153870590144882	-4.494039368121128	0.5100430101833457	14.216854899031414	1.0
1740000	-11.83339816296299	-4.423461896254998	-7.409936266707993	-6.9441105691638585	2.5206486729088606	0.4833564147854169	0.5301976741084055	3.053920467890801	-5.937647005621196	0.7544247823409448	13.714657952921533	1.0
1741000	-16.726690300982987	-11.02077037107404	-5.70591992990895	-10.238800260568155	-0.781970110505884	0.48109442582196654	0.219629130603639	-1.2069412135602866	-5.515040550716693	1.9743034954954666	24.211363334018376	1.0
1742000	-16.751356945282243	-9.476492519418738	-7.274864425863506	-7.803720409108648	-1.672772110310091	0.5690864973686901	1.7216188571095863	0.5856196391146543	-2.6232519485698127	0.9795119851721847	1.2249142693189135	1.0
1743000	-13.929710667055303	-4.947883688867638	-8.981826978187666	-7.5478469987312025	2.599963309863565	0.45327208852602097	0.4843840795601813	1.6244350331058652	-6.475400389705176	1.2919408328794075	4.513034277789369	1.0
1744000	-12.183995102314505	-4.878532548248573	-7.305462554065931	-7.006689679271425	2.128157131022852	0.3588634280810471	0.9128983979117846	4.141057140899881	-4.599688376619931	1.1929175519903938	9.180846683793895	1.0
1745000	-14.608707209176513	-8.62411466387002	-5.9845925453064925	-7.371358863317909	-1.252755800552113	0.8734950583057755	0.6508250655262592	1.5968415557142523	-2.7530686318794997	1.0690547066965055	4.027158464431096	1.0
1746000	-12.929850987298073	-5.221714685305765	-7.708136301992307	-7.864838273551535	2.6431235882457695	0.6579025578894245	0.9423183552251159	0.13532804556245992	-5.711849326607966	1.7575418458766632	46.15511131826946	1.0
1747000	-13.030132214494525	-5.965289097560033	-7.064843116934493	-8.390693728559823	2.4254046309997896	0.3133229305375497	1.0248163958133314	1.903835046960832	-5.906891990075953	1.204718224311156	15.25123465734603	1.0
1748000	-17.301322761136056	-12.694968520518279	-4.606354240617777	-7.910514444150264	-4.784454076368014	1.1606217736682516	0.6186846829969285	-0.26065729069205046	-1.1489909923306754	0.9325412685394568	0.33774666806181086	1.0
1749000	-13.873204807301317	-5.255333110451377	-8.61787169684994	-7.378093464631778	2.122760354180401	0.8696094036784753	0.5732142887326894	0.6606966137983332	-5.222621967670633	0.49073288422694705	4.364500169213415	1.0
1750000	-13.736512170211721	-6.365274702525949	-7.371237467685772	-7.67958295303865	1.3143082505127008	0.7970059209051296	1.1566952985675998	2.7011197447125914	-3.899840289102341	1.1119679613827487	6.78466447535714	1.0
1751000	-12.351102881992313	-4.944892214634761	-7.406210667357552	-7.437870780793796	2.492978566159035	0.7054328940133298	0.6557424056268245	2.9204379784446353	-5.390880833599975	0.7548448215520221	14.1341595134363	1.0
1752000	-14.273980950977464	-6.40100641556569	-7.872974535411775	-8.932826762788872	2.5318203472231824	1.3079341556396304	0.5629953739989192	1.460453204887825	-5.789128325356924	1.3058782387929722	9.5196144893891	1.0
1753000	-15.609768683013517	-8.088964588854585	-7.520804094158932	-10.600023318885642	2.5110587300310563	0.40366520225078534	1.0349323312797076	-0.9291299433654221	-5.631546694638371	1.0623971645143389	6.985591566525716	1.0
1754000	-15.043103646561022	-6.104525284994859	-8.938578361566163	-8.231183552738912	2.1266582677440535	0.5944459692179124	0.7477672128381478	-0.03747761970968111	-4.7692524639467395	1.4004062172280147	2.2341870235845938	1.0
1755000	-17.276841497073242	-8.155588616077681	-9.121252880995561	-9.109350630974637	0.9537620148969559	1.5559783637328826	1.0977351550268513	-1.638551990492863	-6.764425231262023	0.4979909247644187	11.307554049963809	1.0
1756000	-13.949451345927264	-5.289138053143347	-8.660313292783917	-7.682378317127185	2.393240263983838	1.0845166789927818	0.8761033832878994	0.5019411481408	-6.431603257503038	0.39552740314840146	38.56216303992695	1.0
1757000	-13.160057200159294	-5.522141108510313	-7.6379160916489806	-7.821059349918881	2.2989182414085683	0.8553933382038832	1.0617181082095368	-0.2795509659940357	-5.961516399491976	1.0930954491570808	19.20593818540261	1.0
1758000	-15.610862843710033	-8.659230399033806	-6.9516324446762265	-7.903362854743166	-0.7558675442906408	1.18154840433377	0.7628401793242219	-0.10028313820186918	-2.840688702549233	0.525540723049574	1.8400859295337788	1.0
1759000	-14.66588409816681	-7.48632226325174	-7.17956183491507	-7.517981152580221	0.03165888932848082	0.8233917183017324	0.626701542066618	0.2795873698264449	-3.5158752776816673	0.8050684117103349	2.0614389716240944	1.0
1760000	-12.378339746329091	-5.81987386839519	-6.558465877933902	-7.680933181532424	1.8610593131372348	0.6196097327537036	0.3390039030956886	0.526363042878162	-6.460869097451112	2.1717127749508225	37.94119435809802	1.0
1761000	-13.58553807270727	-6.139184789022293	-7.446353283684975	-7.697778912801018	1.5585941237787253	0.19356786292992983	0.7299366631019398	4.915551899458602	-4.31265772091388	0.6215698017781459	17.541611043218225	1.0
1762000	-13.173941093807038	-6.740365735931555	-6.4335753578754815	-7.264748677472635	0.5243829415410799	0.7596071689642149	0.8000824369035021	0.9476997906470035	-3.5120453801862146	1.3513188235038331	3.729963735172656	1.0
1763000	-13.589879546989604	-5.7159606281969335	-7.87391891879267	-7.565976208669214	1.8500155804722809	0.7802485598766782	1.3764318211944837	2.6499084365330905	-4.850594113094427	0.9982533136825443	28.11620767324287	1.0
1764000	-12.004044695656047	-5.039518935845788	-6.964525759810259	-7.593172941566694	2.5536540057209063	0.7036324614633495	0.5679977426038063	0.3720678555565869	-5.803430987829298	2.2189970141641933	11.856736504624825	1.0
1765000	-14.298438578789025	-6.845712591701477	-7.452725987087549	-7.828839669737211	0.983127078035734	0.5724312459142934	1.6303976274218455	0.5373127828445419	-4.213308644519558	0.9755819490802772	4.982309776439978	1.0
1766000	-12.30132249819228	-4.890955147169255	-7.410367351023024	-7.0728329731069675	2.181877825937712	0.4764409786225092	1.2002980902261995	2.3773444470999143	-4.915219643313875	0.920652198286605	8.865729246206374	1.0
1767000	-13.127456323177244	-5.564049668905914	-7.56340665427133	-6.986094014829031	1.4220443459231173	0.4400355615297696	1.478810167926954	2.96077084073551	-4.385598056036448	1.5318658307805755	14.132110901413665	1.0
1768000	-14.539336287277948	-6.498248197107049	-8.041088090170899	-9.052703293485049	2.5544550963779997	0.5059162952221335	1.0143821819717282	-0.37935006363939394	-5.568648731926071	0.7428604459203357	5.680039096864701	1.0
1769000	-13.503409029663676	-5.590486550379951	-7.912922479283726	-7.975466961794882	2.384980411414931	1.1920754433242127	1.0997056615488967	0.7125717303218868	-5.104241952395393	1.248514532473931	9.308604254556304	1.0
1770000	-16.421520862587585	-9.97628210907056	-6.445238753517023	-7.807625946042252	-2.1686561630283077	1.083410097243068	1.372916955797767	1.1420943039283995	-2.143510040781414	0.6295971901856637	2.1606262200481674	1.0
1771000	-14.791378052666168	-4.9637271854157605	-9.827650867250409	-7.380803911828034	2.4170767264122732	0.8753239491519856	0.41054081075250815	1.6158783276125281	-7.301175575017488	0.4035691071324112	7.747911297986235	1.0
1772000	-15.047958203259272	-5.4050238211358455	-9.642934382123427	-6.963290043784852	1.5582662226490065	0.5410304731221973	1.4761855730046194	2.8031807111065836	-4.60989300180991	1.067818055005357	3.137524288640679	1.0
1773000	-14.935188031415699	-6.855946007784009	-8.07924202363169	-8.046757018824067	1.1908110110400578	1.2633469994953461	1.3185433970071447	0.06457946583461349	-3.908807499205222	1.296269634281778	3.5684802710862527	1.0
1774000	-13.143372679685218	-4.8672065765724275	-8.27616610311279	-7.477101107636242	2.609894531063815	0.9221918883986187	0.6079664395478027	1.5254331266393286	-5.734520892307968	0.4027493413306159	31.087459976684475	1.0
1775000	-14.681163581927411	-8.307259651691242	-6.373903930236169	-7.158326191152009	-1.1489334605392334	0.7512352299557276	0.35938059291081487	1.8436440341438023	-3.909286566304497	0.8263195436881088	10.014057157737094	1.0
1776000	-16.39577480585281	-7.906970669047187	-8.488804136805621	-7.648881565217772	-0.2580891038294144	0.5216802732905311	1.7019555220284142	1.0412844164848256	-3.3303023370335385	1.98473826636791	2.1364223840206202	1.0
1777000	-14.956781463648287	-7.622636649144802	-7.334144814503485	-7.955251190524368	0.3326145413795669	1.2047532458166537	0.7025282749028462	0.4997966666462393	-3.5388995494636326	0.536814386006661	2.9982501111761803	1.0
1778000	-17.068853059040286	-11.80917181889675	-5.259681240143535	-7.9292996606443635	-3.879872158252386	1.204855837327182	1.0391624893181592	0.3192777724045636	-1.335498337281849	0.7540059948757877	2.0021577015147436	1.0
1779000	-12.811924840643425	-5.904241151455967	-6.907683689187458	-7.861059322136309	1.956818170680342	0.6997070069728695	0.9373692604716624	0.0019222034037192151	-4.423186887133302	1.3134774092891028	19.219394581340527	1.0
1780000	-16.97948664035087	-15.428838977915719	-1.5506476624351502	-7.806012613475707	-7.622826364440012	1.1448400947726751	0.8869879226290157	0.1698510243028027	0.035116123565232193	1.5781311322400848	0.05852955216354595	1.0
1781000	-22.81060859042119	-10.743553410462996	-12.067055179958192	-9.05424649840985	-1.689306912053146	0.720611433913408	1.361877257374685	-1.311804461139055	-2.3404552005355224	0.030637241066800977	1.1925107993447095	1.0
1782000	-11.855437839238414	-4.440374480336952	-7.415063358901462	-7.074567147250636	2.634192666913684	0.6649922811569111	0.602429255457447	2.327572194312366	-6.830131542521689	1.34218037595139	53.329906957883985	1.0
1783000	-13.698144674616335	-5.892252210706756	-7.805892463909579	-7.41848038862814	1.526228177921384	0.7029420702860923	1.2827799270448643	2.906947966314045	-4.164117228897163	1.40074080512097	31.562949676774938	1.0
1784000	-13.865088506040198	-5.9137356191799935	-7.951352886860205	-7.532167469890518	1.6184318507105244	0.5116527574668548	0.23985992315066662	1.2669256855895292	-8.276134856987206	1.274254512171927	10.72518829010716	1.0
1785000	-11.595732712970213	-4.391870495784252	-7.203862217185961	-7.041377033212232	2.64950653742798	0.40076268048498126	0.8422700982352218	3.090475490510906	-5.356198855960484	2.136632356421987	9.850423254394348	1.0
1786000	-11.936556667667771	-5.576250783535702	-6.360305884132069	-7.166538644224756	1.5902878606890547	0.2704767208749877	0.2741649650480256	4.892919949274152	-6.93637920381722	1.5930810126547168	38.30472818807042	1.0
1787000	-13.212958716969077	-6.130855831298223	-7.082102885670853	-7.069860181100541	0.9390043498023184	0.4211666579753141	1.1694580303629285	2.8054260925839674	-3.6389165841475783	1.3871328443256483	27.24394449478357	1.0
1788000	-14.293023615143477	-8.634455819116171	-5.658567796027306	-7.812990661347619	-0.8214651577685523	0.5764970682050171	0.697720299253597	0.53816381027625	-2.8973758194539028	0.943494646040484	3.384851566124737	1.0
1789000	-13.290431594011327	-7.571638213203768	-5.7187933808075595	-7.857894060197047	0.28625584699327966	0.4375272413352956	0.5897983695542394	1.323845318583948	-3.7664430139758083	1.8059973040874362	13.983739850462605	1.0
1790000	-13.426234817673716	-5.858342361443783	-7.567892456229934	-7.497013044661275	1.6386706832174918	0.5660710917023697	0.9404167231703074	1.0320817724686149	-4.150845834582986	3.1912269567425082	11.799082810280204	1.0
1791000	-12.37373963391648	-5.369066429884374	-7.004673204032106	-7.730464568534079	2.3613981386497045	0.5825809580460911	0.7080928468094592	0.6180031075006781	-5.095019237857759	0.7429290667905043	10.200450841327864	1.0
1792000	-15.187403754910214	-9.608026210915419	-5.579377543994796	-7.400079177708799	-2.2079470332066213	0.623241248845632	0.9180895645158267	0.9509971224109319	-2.0308797652151953	1.0462209552026778	1.2694679090909395	1.0
1793000	-15.297001740907273	-8.77745180710657	-6.519549933800705	-9.621476937731686	0.8440251306251167	0.6784035487122949	0.5602523002595565	-1.649176703257267	-4.221809634136737	2.6867413132530116	10.74210910318962	1.0
1794000	-15.39817921252565	-7.535704413960706	-7.862474798564944	-10.11198901297719	2.5762845990164847	1.1850624344287106	0.4844711466659777	-2.7587803550054826	-6.38734764085134	1.5975404620074183	40.03927329826801	1.0
1795000	-11.548921382448949	-4.3482741672338685	-7.2006472152150796	-7.080396399540618	2.7321222323067493	0.3865961814954376	0.6411241820506527	4.354845604888661	-6.5584930442047416	1.125704570175344	27.17065439713981	1.0
1796000	-12.247022226186395	-5.222530006041992	-7.0244922201444036	-7.7539539017436745	2.531423895701683	0.8256955089357783	0.7196384660839517	-0.13565556495378917	-5.292675581069958	1.0136995042008912	12.463174915056634	1.0
1797000	-14.851700588634872	-5.773998988927744	-9.077701599707128	-8.12996495301498	2.355965964087236	0.23751901582395663	1.113621058150583	3.2989667306263932	-5.629637639360656	1.1468101843393395	4.855681757895611	1.0
1798000	-14.906131741613297	-6.1338462974414085	-8.772285444171889	-7.327318216436108	1.1934719189946992	0.5323206471134836	0.4300909296924945	1.4862434508985227	-5.065019499787716	0.37878290721676167	4.440288491534198	1.0
1799000	-13.437727271227562	-6.269609620300395	-7.168117650927167	-7.765644975213286	1.496035354912891	0.588614074608497	0.9029974943820377	0.543633531505523	-4.061991607895323	1.4110096161885666	2.9730633674414815	1.0
1800000	-13.182410747116421	-5.845017016532216	-7.337393730584205	-6.952100696480167	1.1070836799479506	0.424409319429908	1.3425325234974872	3.4924777840210846	-3.8648825083105516	0.8187668926948348	10.188584584558766	1.0
1801000	-13.503773795173283	-5.197479748249119	-8.306294046924164	-7.963672258619669	2.7661925103705496	0.1372204368106743	0.6342028224931356	6.422879581947124	-6.454575653104249	1.0429866213988286	13.035606368386198	1.0
1802000	-12.326546900694982	-4.6114002294559775	-7.715146671239005	-7.2466819132082865	2.635281683752309	0.8243771391342869	0.9029239747008503	1.4239434855647142	-5.349969415645106	2.060953987921063	20.147854859656967	1.0
1803000	-20.57503217409102	-9.886742635376818	-10.688289538714201	-8.147905429189594	-1.738837206187224	0.6593304186248048	2.5142361729652154	-0.20974021226024364	-4.775578141060861	0.44597579197531995	325.37684786668456	1.0
1804000	-12.997090491747851	-6.6634124934362395	-6.333677998311612	-7.47308193292331	0.8096694394870703	0.48035429070097935	0.19188011260805812	1.5508181749043164	-7.414039931798534	1.9135213025403959	17.34038140151934	1.0
1805000	-14.290974125010957	-5.70937897434589	-8.581595150665066	-8.145073441289625	2.435694466943735	0.639778775064181	0.9468889115832122	-0.13283401212802426	-6.169963698589588	0.41546255004064836	8.883862613158291	1.0
1806000	-14.426560933738061	-6.828853943885411	-7.59770698985265	-8.449314309644091	1.6204603657586794	0.542356659294255	0.6481950846663711	-0.009838463085533933	-4.536197839591359	0.4758629486435188	4.817017269914066	1.0
1807000	-18.587246925381425	-10.212745953831607	-8.374500971549818	-7.896050481798341	-2.3166954720332673	1.1605420579674603	0.5942321944151193	-0.20858205255302031	-2.3292138918579934	0.2416223175593671	0.7754469909719462	1.0
1808000	-15.06633800838375	-7.3351684796827366	-7.731169528701014	-10.080061779425128	2.744893299742391	0.6370326732429548	0.8224048796089314	-1.8534256768885862	-5.656353224621432	0.5417417780135625	18.97958173240064	1.0
1809000	-13.287554756789882	-4.934419893089046	-8.353134863700836	-7.7198198939963305	2.785400000907284	1.063719538859209	0.6655502466309231	1.0554388922809135	-6.326089730545881	0.5483773064369389	9.942488790585795	1.0
1810000	-14.011303814744661	-6.115640764495187	-7.895663050249475	-7.532118078886071	1.4164773143908835	0.8044767087413532	1.5623379137812672	0.2722424544893306	-4.987585496027095	0.7240673471141165	7.284363543222342	1.0
1811000	-14.129930419742182	-6.01653472860675	-8.113395691135432	-7.096094200343357	1.0795594717366068	0.3037369978146935	1.5685512574090172	4.683346520711492	-4.17458232438936	1.2968783170637719	9.128703973605464	1.0
1812000	-16.134100761325854	-11.10017719936352	-5.033923561962332	-7.294386107487482	-3.8057910918760376	0.5343259538431075	0.533082769693659	1.5365959896517598	-1.7538171190374463	1.5263747969461028	1.2347065690856438	1.0
1813000	-17.84814620562662	-10.733055399952395	-7.115090805674223	-8.21579039179091	-2.5172650081614867	0.9481365748041045	1.1976016228744228	-0.9185215914288262	-1.9172576624837319	2.3108107683089942	1.3118726194326147	1.0
1814000	-11.957354860065164	-4.8038237840247255	-7.153531076040439	-7.359287794645101	2.5554640106203754	0.46853841403846125	1.013183999104182	1.815906851050183	-5.577348455841827	1.2531605894499347	25.254392730255752	1.0
1815000	-18.228334840251154	-9.216372282428182	-9.011962557822972	-8.465989814465246	-0.7503824679629361	1.421961584097712	2.0359564629065097	-0.7555912773675938	-3.518400780600371	0.29691749591978467	34.0825849553981	1.0
1816000	-13.265015480765388	-6.600767747744355	-6.664247733021034	-7.363492784056926	0.7627250363125713	0.8584431538182281	1.034972904756769	0.692525290409858	-3.513879526234888	1.3481573606759114	5.487147714148684	1.0
1817000	-15.026628930116718	-8.33121826931643	-6.695410660800287	-8.349307076747674	0.01808880743124419	0.6823531724554323	1.2032797578778796	-0.5112616871889825	-3.0977277214776975	1.1939820216895682	13.350123439982525	1.0
1818000	-17.84967729035191	-14.121563236858117	-3.728114053493792	-8.258172548194672	-5.863390688663445	0.7247019719083555	1.1139589840492787	-0.5468764311352592	-0.6487559017561384	1.0144120107637151	0.24995808738579656	1.0
1819000	-12.407859157751354	-5.131475073699291	-7.276384084052062	-7.617808095116596	2.4863330214173045	0.706525511991189	0.44614699060501994	3.147975255241304	-7.214742810184915	1.986073059248121	48.65876528421132	1.0
1820000	-13.010405879295124	-4.630714847182172	-8.379691032112952	-6.972137197979053	2.341422350796881	0.5253534762180706	0.6555043838795493	2.522685936330849	-7.055530807043969	1.1673106745808994	8.39058946467486	1.0
1821000	-13.916824431582324	-5.703365062367774	-8.21345936921455	-7.882004925495677	2.178639863127903	0.7231387996776385	0.5317951417851631	-0.09377816121096683	-5.455767721697492	1.0027435660843975	3.9786552552400756	1.0
1822000	-15.547911531184033	-7.202119595279532	-8.3457919359045	-8.464000280029614	1.261880684750082	1.0126457177687656	0.48835150684419837	-1.262031194048625	-8.16121784836553	0.7000546511364052	18.88605790719305	1.0
1823000	-16.042189189017293	-7.161066983469722	-8.881122205547573	-8.208668112930278	1.0476011294605563	0.9720761108245297	0.7522408288447394	-0.9296913219465636	-3.909586187550646	1.5543732441387108	1.716145028499627	1.0
1824000	-15.42284425848348	-7.999727641354795	-7.423116617128685	-9.960828626261815	1.9611009849070205	0.8849167598522836	0.6162417530782739	-2.4032035633340163	-4.917935569193118	0.7524359729060758	8.680932347547266	1.0
1825000	-15.084863479604868	-7.780468740377277	-7.304394739227591	-7.412906587668631	-0.3675621527086461	0.8167305330886042	0.8545823669137694	0.5183712985598578	-2.9548245908923434	0.720457628938469	1.3656402521096824	1.0
1826000	-13.757776963563607	-6.855815325787459	-6.901961637776148	-8.444221141937902	1.588405816150443	0.44702422552158216	1.1376574184994384	0.5943276693935541	-4.110815433666264	1.1878323756515714	4.0593086265144125	1.0
1827000	-15.036986438901554	-6.567475306655504	-8.46951113224605	-9.302158332040595	2.734683025385091	0.8999011454232072	0.739542858623706	3.4358192971766406	-5.644554983527982	0.4159413644378233	14.082299060640478	1.0
1828000	-13.442993309133954	-6.013845358863589	-7.429147950270364	-7.502195796092506	1.4883504372289162	0.7060013130938438	0.48244567870608945	3.0071776983627325	-5.0257930985031845	0.6077351650799757	22.231599656454883	1.0
1829000	-16.658532492627973	-12.169861390336496	-4.488671102291477	-7.65755355390329	-4.512307836433207	0.8682477776712644	1.012599268592045	-0.025495812866512813	-1.0908301165510919	0.7006317670325412	1.0638984103046172	1.0
1830000	-14.647803262034717	-7.171818646263213	-7.4759846157715035	-6.951630707302223	-0.22018793896098998	0.42898141934593753	1.3212068544441093	3.5008669432645725	-3.019460026071666	0.5657060768715892	19.076483129725453	1.0
1831000	-12.162109836356752	-5.901024820141457	-6.261085016215295	-7.817274498694503	1.9162496785530463	0.19869709268563152	0.3029538744923679	4.5477937559411865	-7.050045719335169	1.6108977416408994	31.12988390532271	1.0
1832000	-12.411865905597159	-5.096503155151358	-7.315362750445801	-7.2747483267339925	2.1782451715826348	0.8361881940679319	0.6988949241377211	1.074043322306164	-4.914528729422038	0.8781250993287907	6.17519165475157	1.0
1833000	-13.547299198210776	-5.611538179855104	-7.935761018355674	-7.877923716150842	2.266385536295738	0.9197567454366402	0.9836765397502459	-0.43153592529165885	-4.7458794338777945	0.7134750011365769	4.393399543339076	1.0
1834000	-17.156637973460196	-6.025108497746195	-11.131529475714002	-8.241355353239106	2.216246855492911	0.7203666686146101	0.7520623309419251	-0.5155489024635918	-4.852576455850466	0.27022728163029425	2.1617562051809034	1.0
1835000	-14.020436906533794	-5.092834903603585	-8.92760200293021	-6.9608305692103745	1.8679956656067898	0.5254769594535328	0.9717575017994344	2.948167627052775	-6.594940897493011	0.4335306923844536	11.007185231394844	1.0
1836000	-13.011820777138938	-6.508370601131154	-6.503450176007784	-8.284592375192071	1.7762217740609172	0.3619908768362612	0.6413448778513133	1.4876892063436262	-4.682453789602704	0.9060709496129179	17.907764121246704	1.0
1837000	-15.214185943149515	-6.625416476043096	-8.588769467106419	-7.448773327254067	0.8233568512109706	0.2397690520522614	1.0321251723708598	4.358158439425218	-3.5522487612323848	0.6359164660493428	4.464210612681133	1.0
1838000	-15.812660304874848	-8.916942207845839	-6.895718097029009	-10.440269946500948	1.5233277386551096	0.8280826936099516	0.5903088481913501	-2.634372216808831	-4.623939655828282	1.1574455817042413	20.325823592886476	1.0
1839000	-12.590706882835992	-5.166916693832456	-7.423790189003535	-7.1250294702714205	1.9581127764389645	0.553855000383958	0.8974946439684504	1.8135105595175303	-4.444151218678459	1.7906579114857863	4.263012056387746	1.0
1840000	-12.076208507967575	-5.386670154698522	-6.689538353269053	-7.938693139494557	2.552022984796035	0.6073779785245966	0.4494778593392988	0.24167214482553573	-6.745688056290253	1.8241035797044856	23.074928631306957	1.0
1841000	-14.36975060080215	-6.407349773940951	-7.962400826861197	-7.298449867073255	0.8911000931323034	0.8110353045124883	1.4671617920229445	0.8586666240181984	-3.8315478826285396	0.44218612377418004	3.416340763142883	1.0
1842000	-14.06421872600717	-5.534292399034161	-8.529926326973008	-7.359823657174651	1.82553125814049	0.5306147935815635	1.1964143176161917	1.4375403243194764	-4.375576919931757	0.3638809953622158	3.99048545476844	1.0
1843000	-15.377913402996334	-7.650928332781719	-7.7269850702146154	-8.88587583409426	1.2349475013125413	1.451476831786572	0.3433859934314391	-1.531329853929334	-5.730615486685821	0.9250437117216761	9.856967841001383	1.0
1844000	-19.003987118571743	-11.725541490111453	-7.278445628460291	-7.96273974448992	-3.762801745621532	1.0856173147384	1.0184731367907638	-0.5591828311623905	-1.3774172424931725	1.017139520760416	0.23001144777326524	1.0
1845000	-17.543216822458145	-15.919534639205414	-1.6236821832527322	-7.68160922777448	-8.237925411430934	0.7268944638203731	1.0284876020550318	0.17470871319414588	0.16309649303249918	0.8629463901848912	0.09904612895904544	1.0
1846000	-14.837233792043723	-8.666112803077192	-6.171120988966531	-7.881450248088532	-0.7846625549886608	0.6609851267028974	0.69388962824606	0.103168490946133	-2.923182670530947	1.3356771820094624	1.6406915012517036	1.0
1847000	-17.056880388610118	-7.936092032855186	-9.120788355754934	-9.368316040912475	1.4322240080572897	1.4825871136412785	0.41787388412756415	1.1055275647986527	-8.287098341730323	1.5188014385293027	13.1644279521439	1.0
1848000	-13.87208929917211	-7.249926351480196	-6.622162947691914	-7.264014267680551	0.0140879162003551	0.2402570049467815	0.1779903192691182	5.196912258334804	-6.8592098933728085	1.2359976792160667	25.48195779386029	1.0
1849000	-12.491120869068311	-4.706865263016069	-7.784255606052241	-7.109104919262669	2.4022396562466	0.691257231070196	1.0110889875563083	2.2465400104445408	-4.959431302735944	2.257998171623365	11.489182072484196	1.0
1850000	-15.276513263906352	-6.63074324991879	-8.645770013987562	-8.78150575529057	2.1507625053717807	1.5375443459185787	0.3421614008452956	0.02331655891828699	-6.957935849372956	2.210586845606162	17.7984993948165	1.0
1851000	-17.008378583399885	-15.400912649495268	-1.6074659339046162	-7.9978360273614495	-7.40307662213382	1.239509304419372	0.931606617716195	0.17558199475954395	-0.05353567514353827	0.8725290579431957	0.07196277258254391	1.0
1852000	-12.14773659159214	-4.796804694297496	-7.350931897294645	-7.018423376264529	2.2216186819670334	0.3931214246386715	1.1107644894175013	4.116885516179472	-4.783558616284848	0.9820283068102605	22.74091768154912	1.0
1853000	-13.963435053207458	-5.6316318174620195	-8.33180323574544	-7.753852290728269	2.1222204732662497	1.099880355793399	1.2616345342155975	0.8200441391694955	-5.261359968924987	0.38022505245776805	12.314682540963071	1.0
1854000	-14.927867040008909	-6.9049977737331	-8.02286926627581	-8.825408841822348	1.9204110680892486	1.4819000877725492	1.1471079380497573	0.4903790422118003	-4.4328273008486825	0.5050389682044382	5.656472415894698	1.0
1855000	-11.672865626678254	-4.808510229465568	-6.864355397212686	-7.106504839086108	2.29799460962054	0.4336655999803956	0.4739323843555952	2.5971277159078685	-5.919916153000201	0.9574176433813327	27.090654135264874	1.0
1856000	-14.259790776766458	-6.671377974446132	-7.588412802320326	-7.285302343134165	0.6139243686880334	0.5441020529545354	0.26154543129276875	1.5038063863049458	-6.044068860007398	1.600067519844355	5.156886068925583	1.0
1857000	-17.211576212298706	-10.996993904797574	-6.214582307501132	-9.859692685500713	-1.1373012192968606	0.37444840120329403	1.3604334576936314	-0.0940108435171284	-2.587297750750578	1.2210912650625256	1.478603672646581	1.0
1858000	-13.6280037786996	-5.895035471754753	-7.732968306944848	-7.904603460396919	2.009567988642166	1.0588769662690227	0.8997389039516416	1.5029488551363732	-4.49035893886506	0.8927533012821296	4.745582874178236	1.0
1859000	-16.92841428515776	-10.261928467863203	-6.666485817294558	-8.554484152042857	-1.7074443158203465	0.7881577167779927	1.4274951613913345	-1.0259016444431022	-2.3720672671337812	0.8101897712069792	1.5241710463241012	1.0
1860000	-15.0916315774155	-6.127923344528515	-8.963708232886985	-7.416256405802011	1.2883330612734962	0.9126795583249031	0.9796440595450272	0.6398020779686153	-3.874121987571457	0.6346159799378839	1.7244031781130373	1.0
1861000	-15.735488897612736	-9.86104066977135	-5.874448227841387	-7.494520651873414	-2.3665200178979364	0.9187818049417822	0.45419857913243894	1.6057594880480528	-2.7252293804801413	0.9947212223805943	6.992037609527685	1.0
1862000	-12.31838053959015	-4.435247299260405	-7.8831332403297445	-7.08705455413871	2.651807254878305	0.3408054636299489	0.49768293030016275	4.609868927610007	-6.645248679578394	0.6067612969121798	24.237964270852366	1.0
1863000	-15.212995785427577	-6.783459895329294	-8.429535890098283	-7.955606581340307	1.172146686011013	0.7075811199579775	1.5748430059785725	-0.14245852303319884	-4.305689656079158	1.1529476632464886	2.9263878728874175	1.0
1864000	-12.182554190372645	-4.6153796485106335	-7.567174541862011	-7.389284177987065	2.7739045294764315	0.8951536515899751	0.7698900355348457	1.4499980334680194	-5.767058485661795	1.6579087683536233	11.497448808519884	1.0
1865000	-11.70518720188884	-5.263725110301874	-6.441462091586967	-7.334206615990767	2.0704815056888926	0.41285877646313224	0.6222487726241002	2.2862759722855523	-5.004226900094358	1.439008577754775	26.1097740684403	1.0
1866000	-16.004081487923443	-6.838953910324397	-9.165127577599044	-8.289537264773895	1.4505833544494973	0.3148125832954364	1.0946215703837143	6.232818044312569	-6.537311145711566	0.3788473060402774	73.46108047506743	1.0
1867000	-17.208711697929488	-7.095986011180932	-10.112725686748558	-8.131946813644102	1.0359608024631708	1.3014291317254387	1.4793362488656077	0.03182611785945312	-3.969151094032407	1.659459845832934	1.9723314274447659	1.0
1868000	-15.283200656905542	-6.175579772995328	-9.107620883910215	-8.807965928130617	2.632386155135289	1.1299358291118062	0.6437688885276346	2.1292112164613615	-5.649523762740444	0.3824792325155148	6.523610906255651	1.0
1869000	-12.219606431124342	-4.874002351989272	-7.34560407913507	-7.621997451049312	2.7479950990600397	0.6073312186603718	0.6339653062487074	0.6604405920999481	-5.9655119646558035	0.7204387583863392	12.767321449402314	1.0
1870000	-14.780361006020815	-9.341410457527928	-5.438950548492888	-7.7230632072176935	-1.6183472503102347	0.720113681514798	0.7982935084329559	0.1318967603722606	-2.3722787474529827	0.9231328999090991	2.9976988910696765	1.0
1871000	-18.06937006454968	-11.255661896466453	-6.813708168083229	-8.181969731581555	-3.0736921648848976	1.3241940813592148	0.970299677798892	-0.1885444718737248	-1.6513801897412927	1.2666666940627604	0.399140731976776	1.0
1872000	-15.641479890826474	-4.501095110088049	-11.140384780738424	-6.997694697041393	2.4965995869533435	0.36076870281522455	1.0078559155823918	3.993171228633069	-5.150604483632228	0.22433674184413543	4.781502328661125	1.0
1873000	-15.933371974125187	-7.114172472552253	-8.819199501572934	-8.61183533935158	1.4976628667993275	1.5024672121448206	1.446015604252208	-0.24649602012912075	-4.405794540906081	1.2352306421332535	4.172754942236305	1.0
1874000	-12.682800665154733	-4.886879481603741	-7.795921183550992	-7.268464505960938	2.3815850243571965	0.6740242677915711	0.9233476234254147	1.0584182775775017	-4.891689032611357	0.8857849135680934	4.466831431061103	1.0
1875000	-17.696548803426385	-12.339926876555802	-5.356621926870582	-6.982178445917063	-5.35774843063874	0.46276981372531356	0.4820023317064571	2.804496353604055	-1.1703672725557257	0.9733905524136347	3.8952074924048254	1.0
1876000	-12.915656998111029	-4.979584478958036	-7.936072519152994	-7.686576443862982	2.7069919649049465	0.856889474003789	0.8707506060238097	2.366043281066723	-5.891261053297131	0.943250146278326	9.68167042423173	1.0
1877000	-14.422459872634132	-6.170846077502719	-8.251613795131412	-7.561969436552029	1.3911233590493097	0.9134431200938462	1.496553854902535	0.16286084866351702	-5.463281488757254	0.43866707233787844	16.480603279593225	1.0
1878000	-12.605471167131084	-4.544179326116788	-8.061291841014295	-7.017808961570628	2.4736296354538396	0.6061279182829884	1.0086181774646137	2.589246676573662	-5.096776591663124	0.8423466988614366	5.982976100181327	1.0
1879000	-13.630151146374521	-5.799169710657122	-7.8309814357173995	-8.248796395551171	2.4496266848940493	0.30685022108992527	0.8408186353687661	6.269642567753782	-6.471087023325649	1.116749350538047	86.96914633293872	1.0
1880000	-15.94214720496969	-10.556999563074404	-5.385147641895286	-8.383927148027151	-2.1730724150472525	0.48689755568478454	0.41850897888329464	0.3833449612257964	-2.9861411551565773	0.9526163311218392	6.8868591641656565	1.0
1881000	-11.725573406681846	-5.02360881420497	-6.701964592476877	-7.104524089336524	2.080915275131553	0.7137680287695513	0.562302268337083	1.7188454863922484	-5.221068474797093	1.484120173353198	20.696166969670774	1.0
1882000	-15.1244013673733	-8.01484973022329	-7.109551637150011	-8.498321377081211	0.48347164685792166	0.7974309316895858	1.1641934928251707	-0.9904065671517953	-3.3517639824860694	1.5203537065648407	3.021323535159283	1.0
1883000	-14.24227680062272	-6.970077876691988	-7.272198923930732	-8.014764514888459	1.0446866381964703	1.1415282444045647	1.1360355265302093	-0.5866740439048799	-3.700970530585829	1.1771153989014471	4.383234033318741	1.0
1884000	-14.04102726944854	-6.672827305135021	-7.3681999643135185	-8.668236523710757	1.9954092185757357	0.9728602264213658	0.9924080620761156	-1.4453855564505904	-4.448459780410873	1.0120375055468338	6.401648764167887	1.0
1885000	-11.69295087204165	-4.723885607234449	-6.9690652648072	-6.957095792618435	2.233210185383986	0.4230105164734492	0.3478849832524962	3.6031890926893304	-7.478331550486252	1.4137563243302578	69.05339220090302	1.0
1886000	-14.07530032122019	-4.677046903817341	-9.39825341740285	-7.2407402769479425	2.5636933731306017	0.2620202693422619	0.9188248003523962	4.502801897571538	-5.189811077353193	2.1918114113878002	4.733203936551584	1.0
1887000	-15.279433642214183	-6.634192206813314	-8.64524143540087	-8.135975401179742	1.5017831943664284	0.6990605813535493	1.5316751053006825	3.6729027495093383	-4.89951099554247	0.38387481770917586	12.245102783721787	1.0
1888000	-18.32408849034325	-6.073928905955718	-12.250159584387532	-7.401555298417337	1.3276263924616192	0.8671983762676413	1.4723546542209842	1.7563132251031648	-5.620540679875335	1.9746219624911758	2.8373733575672655	1.0
1889000	-12.036099710601453	-4.728884175246369	-7.307215535355084	-7.286192887458691	2.557308712212322	0.4392137859082655	0.9182660052330864	2.16014422864283	-5.176282787021836	2.7544688825384083	16.483704187621885	1.0
1890000	-13.592005427467566	-6.407715777153492	-7.184289650314074	-8.464930271153591	2.0572144940000987	0.6018179809208934	1.0302884362897802	-0.31647929005464837	-4.5155747131744555	0.6704667567989059	17.707679832959187	1.0
1891000	-14.098729345785278	-5.5382661997988	-8.560463145986478	-7.602407532514666	2.0641413327158658	0.1989281946093933	0.9574589236535654	4.991528663976743	-4.520589028582905	1.0337120325737439	5.95186201781855	1.0
1892000	-12.753654972914994	-6.544061529425356	-6.209593443489639	-7.541457988680095	0.9973964592547393	0.38044956309202266	0.822811140470411	2.2409272853769897	-3.784329010734262	1.1589821347518603	10.469894809178214	1.0
1893000	-13.626566107330627	-5.601019976456287	-8.02554613087434	-8.020418554090883	2.4193985776345954	0.6716886156369183	1.104597051874845	-0.10548779598607338	-5.38452665830194	1.449412045689766	61.54597008215582	1.0
1894000	-15.678940871844798	-6.7382634212382	-8.940677450606598	-8.129710394642	1.3914469734038004	1.241871025623192	1.2853080663358132	0.7263963994380294	-4.044741573606517	1.666899819302254	3.001708979574795	1.0
1895000	-12.717770948432724	-5.067291270312821	-7.650479678119903	-7.658322549779598	2.591031279466777	1.0024953367771758	0.9896460121897993	0.02183475979764668	-5.5051899619134055	1.2276317342781768	21.808736078745678	1.0
1896000	-13.538814946415572	-5.770605866371738	-7.768209080043834	-7.880586562704416	2.109980696332678	1.1321999515702839	0.9029399998764353	-0.2756810118270827	-4.58604786199427	0.7728147709240045	4.524528005803171	1.0
1897000	-13.403415112541504	-5.5043792193783485	-7.8990358931631555	-7.741405496872657	2.2370262774943086	1.076618292528773	0.5565491380024888	1.0088302631579724	-5.414293182935519	0.7014488527776644	6.493650717370806	1.0
1898000	-13.369074366036317	-7.0593998116293974	-6.30967455440692	-8.798489875052354	1.7390900634229571	0.5563208908839845	0.5983884454691961	-0.4248474329734392	-4.775931878316843	1.3037140837084489	8.396908886604017	1.0
1899000	-16.245628368355057	-8.690955081642858	-7.554673286712196	-9.922862315416367	1.2319072337735077	0.5657939933079821	0.7084449489765902	-1.4289170342624087	-4.11159089067149	0.765056382288254	3.071745955842342	1.0
1900000	-19.307197929032704	-8.985152635499738	-10.322045293532968	-7.323464110540424	-1.6616885249593132	0.7095412608910878	1.6037682754701972	2.705921814149967	-2.522673716391642	1.5792192775177671	1.2369379225604418	1.0
1901000	-13.950520765236114	-5.549015972507681	-8.401504792728431	-8.093833915205362	2.544817942697681	1.0405010610004717	0.5599112539688423	1.8723048064946974	-7.043914930291451	1.024583272979692	9.917885687751875	1.0
1902000	-18.428166473795958	-10.201833473173012	-8.226333000622946	-7.440229753315134	-2.7616037198578787	0.25713886801851626	0.20592231729898208	5.844409219357688	-4.418385931910073	1.8254481645536074	5.280486160096229	1.0
1903000	-13.969707986110073	-7.9492297918752755	-6.020478194234799	-7.729387900539178	-0.21984189133609666	0.7519689385294708	0.507647362445736	0.0427242370353525	-3.7241482755303115	1.623096560862289	4.075308317272235	1.0
1904000	-14.753496362825176	-7.273506637553179	-7.479989725271997	-9.059262894122519	1.7857562565693392	0.5701611814653565	0.8678372164809149	-0.7327046117201966	-4.316106778312239	0.9622449038942715	3.162607674213983	1.0
1905000	-13.309350838064947	-6.463156155589568	-6.84619468247538	-7.001106606710725	0.5379504511211577	0.3894431626069904	0.47581201890607816	4.05372239040191	-4.342999696050402	0.8111639594000418	14.73330427652544	1.0
1906000	-14.452616984685175	-6.634203064400114	-7.818413920285061	-7.143557120888279	0.5093540564881653	0.7327030071810454	1.1324932796185472	1.4491274527224651	-3.361007398004295	2.5906512550408465	4.051883330003566	1.0
1907000	-11.474662048852878	-4.371108212800153	-7.1035538360527255	-6.9938519321790675	2.6227437193789145	0.4637959842768607	0.5257188378140161	3.604763751605624	-6.188180554777676	1.7908440287326288	11.62601251175573	1.0
1908000	-12.749985146185683	-4.896456969536808	-7.853528176648875	-7.683376458589651	2.786919489052843	1.085082504430273	0.6882797593829011	0.4660734674514486	-5.940942903813492	0.5682082955520165	18.46342442149374	1.0
1909000	-13.130157579889005	-5.783750868460643	-7.3464067114283615	-7.68633816526968	1.9025872968090365	1.009518911164939	1.04131280079421	-0.04190467964702908	-4.362431780178566	1.088818617610739	5.420970189321124	1.0
1910000	-15.540377987286274	-7.313980771484835	-8.226397215801438	-9.42133591382536	2.1073551423405243	1.6618901149020817	0.7638619106441392	0.363285293795517	-4.724418791573808	1.174699696539858	4.974618722436124	1.0
1911000	-19.19033680958764	-13.028000498615413	-6.162336310972229	-7.905602444480537	-5.122398054134877	0.2625769157609939	0.5799649495549524	6.365771030852921	-1.0626003216597883	2.4456934042079137	25.088990307367624	1.0
1912000	-12.229285914722462	-4.387290388824798	-7.841995525897664	-7.1518742000780655	2.7645838112532672	0.5297928865995807	0.7315781263216466	1.8611694673179051	-5.753408454109543	0.5639213926925672	9.809681285331244	1.0
1913000	-14.746585616445545	-7.300667873821606	-7.445917742623939	-8.02792943851442	0.7272615646928138	0.39682426584816055	1.6669181879449038	1.4519159678099465	-4.015709828573019	1.1680950002908748	4.59938818620425	1.0
1914000	-16.766729628204462	-9.516364630512811	-7.25036499769165	-7.196786504942608	-2.319578125570203	0.5625984779282054	1.8298805891323984	1.5997104305513754	-2.448437468036442	0.402858645266533	2.488680095459552	1.0
1915000	-12.188815169898827	-4.655090863849606	-7.533724306049223	-7.197309760220462	2.5422188963708567	0.6198519853663755	0.8584891800099739	3.062891804135643	-5.145778524008801	1.9591172490609934	9.437345703537863	1.0
1916000	-13.864493824134392	-5.476436735666924	-8.388057088467468	-7.213467470561271	1.737030734894347	0.35806937944281747	1.4150282457514844	3.063724524962488	-5.290548611620756	0.6961616540684396	7.103302860118308	1.0
1917000	-11.524410646329528	-4.600139966930373	-6.9242706793991555	-7.340919082794146	2.7407791158637735	0.39271623273107126	0.7799840375547963	2.4539745115692053	-6.176361895194658	2.1542745706194486	22.39588001204073	1.0
1918000	-11.932639719505824	-4.515305218767441	-7.417334500738383	-7.172856845636291	2.65755162686885	0.7465447588044767	0.8710575724407443	1.9996946701924536	-5.383104614404101	0.7672790177033124	14.826955056392642	1.0
1919000	-16.772306968833007	-8.580492018766927	-8.191814950066082	-7.260390646509295	-1.320101372257632	0.7486852257532662	1.4735962819648878	2.2931043570218064	-2.575150708462681	0.720693997436874	1.6541018662771154	1.0
1920000	-15.136824256580915	-7.062476659421684	-8.074347597159232	-7.418106962821058	0.3556303033993746	0.9171677241748499	1.8825161515378002	0.6534092435879194	-4.189109202410966	0.3651383128206009	8.28821715800719	1.0
1921000	-13.855746261089624	-5.143010997572654	-8.71273526351697	-7.174981127519606	2.031970129946952	0.3874826382651547	1.3067254497860052	2.8415792002955187	-5.150430656383223	0.28027908025951814	19.21489374274394	1.0
1922000	-14.330708643569903	-5.341152596381419	-8.989556047188485	-7.805042431881857	2.4638898355004377	1.0056009818203682	0.5818238204947771	-0.31699005351090415	-7.105073839287235	1.0280402200038303	6.957181303036988	1.0
1923000	-15.474250113859545	-8.64152458399283	-6.832725529866716	-7.926007715861141	-0.7155168681316875	0.47278200742307097	0.8605999889088607	4.8413093731722725	-2.7690513275942847	1.7700401983175125	12.180360504002671	1.0
1924000	-11.571045502907813	-4.575701837658501	-6.995343665249312	-7.038534004464691	2.46283216680619	0.5135671187356236	0.7012969887002919	2.2662142195736106	-5.2360111119875326	0.8426156386136899	15.37897046997013	1.0
1925000	-12.5834136522384	-5.055199784994082	-7.528213867244318	-7.780176369931724	2.724976584937642	0.5005278701431669	0.6087183255111667	0.9908060985611069	-6.623461104988278	1.0053517239498095	9.687100536630407	1.0
1926000	-15.236589784177998	-8.661913781833837	-6.5746760023441615	-8.163796649089976	-0.4981171327438605	0.6819229805046142	0.5904454825873626	3.7866175982576786	-3.2987457462065186	1.7660696981736004	8.437423646357765	1.0
1927000	-17.213877183587403	-11.59977717729277	-5.614100006294633	-7.43095636426713	-4.16882081302564	0.8960698147614038	1.2250957466551902	0.5221148317657393	-1.295206541792177	0.3962098245108884	1.619369294100686	1.0
1928000	-14.326330080805292	-5.563792380332862	-8.76253770047243	-7.98224900969895	2.418456629366087	0.4657169506221698	1.0242625261822549	4.930708280509989	-5.921148651191076	1.3764138733352644	8.933516890955067	1.0
1929000	-13.528301434605893	-6.6176204111711705	-6.910681023434723	-7.291114151244324	0.6734937400731535	0.513936441908267	0.88405176020349	3.919451109323276	-3.523237541609188	2.0357528642687153	16.85319609869607	1.0
1930000	-13.010655704609276	-5.913419441394097	-7.097236263215179	-8.281029652387128	2.367610210993031	0.2307151940471461	0.6187059990994433	3.2353434011266087	-5.339428969016399	1.323743611126498	7.137194389770159	1.0
1931000	-15.752519448536518	-8.560671543594992	-7.191847904941526	-9.124035588279916	0.5633640446849237	1.151444504353446	0.3244164490485988	-1.9843060931969592	-5.334964158158316	1.0172759589926097	26.39196794668958	1.0
1932000	-12.975128209947593	-5.063193213779163	-7.91193499616843	-7.771974979405025	2.7087817656258615	0.33431506943253353	0.5725207962380787	2.3952695810300195	-6.694363858736608	0.5402344115235215	15.991274099161583	1.0
1933000	-12.49678673180707	-5.298035859641057	-7.1987508721660145	-8.063869453855183	2.7658335942141266	0.7721122968034785	0.7760364460555949	-0.4485076112058497	-5.724598261871141	1.639349833903608	14.458698010259463	1.0
1934000	-17.596060209742763	-10.22259019505784	-7.373470014684924	-9.877070029128564	-0.34552016592927526	1.9200235850672038	1.2194738198643826	-0.39572361619856167	-2.9102749417545226	0.9328315513399944	3.865091824823117	1.0
1935000	-14.550538027311559	-6.282836558175024	-8.267701469136535	-8.049875375917543	1.7670388177425185	1.1089731027294887	1.2814985822907488	1.4368553639571162	-5.821082355054277	1.2264257106930065	15.005463797552519	1.0
1936000	-13.778126746413415	-5.859991374953825	-7.91813537145959	-7.791879095664598	1.9318877207107725	0.3963952249302566	1.352404586978375	1.7458052966953164	-5.060512022993311	0.44219420794536085	16.877092962209257	1.0
1937000	-12.84976943942894	-6.205064382122191	-6.644705057306748	-7.662022534507788	1.4569581523855968	0.9176602095780204	0.6879972924803635	-0.05563326500569356	-4.316765096352132	1.3806446696677785	8.626759586782557	1.0
1938000	-13.307008938864568	-5.995537615716305	-7.311471323148263	-7.973628094967902	1.978090479251597	1.094571629761962	0.470164178286866	-0.5705068696429385	-5.551619004542195	1.2760484017932197	8.58014947535257	1.0
1939000	-20.5437476579762	-9.169973457686822	-11.373774200289379	-7.898883982290983	-1.271089475395839	0.923703891835774	0.9160841440462405	2.2625564431228	-2.4628784436011295	0.6474131861226404	0.7161449567742743	1.0
1940000	-17.921852682552824	-12.104963973188898	-5.8168887093639245	-7.205132030034778	-4.899831943154119	0.7773597588233406	1.525082769072835	1.2207617465618825	-1.243749733791255	0.5216786952464535	1.098196088463822	1.0
1941000	-15.054288439937656	-8.09619521498244	-6.958093224955215	-9.21828700721779	1.122091792235349	0.8907764967177711	0.5770893691873802	-1.8386630171048557	-4.362584734557365	1.0738646256294833	25.878626365500633	1.0
1942000	-15.24408474731873	-9.006834844984592	-6.237249902334138	-7.287107198737228	-1.7197276462473645	0.4876363165871966	0.5688639707040162	1.8196560041644525	-2.69215246031003	0.5736381116963228	4.392580972472415	1.0
1943000	-15.894413208459556	-8.056772477132057	-7.8376407313274985	-10.80476945098227	2.7479969738502135	0.42195857227365013	0.5730116262619163	-1.2251344259188601	-6.450607832976574	0.4879205577834322	24.619751048823787	1.0
1944000	-15.417088661198683	-5.1955432689959915	-10.221545392202692	-7.433073231377686	2.2375299623816947	0.2769754526403078	0.3602081005761552	5.7099430230995365	-6.910343406071205	1.806093659337118	6.0779028993658155	1.0
1945000	-14.43147444370885	-7.858700366000779	-6.572774077708071	-7.465960810961778	-0.39273955503900115	0.8526107187659923	1.1683236292149919	0.3807150672955101	-2.872127624236265	0.608204878271913	6.384809901351103	1.0
1946000	-12.92728726195632	-5.358055526706645	-7.569231735249675	-7.769596648620503	2.4115411219138583	0.2789386747554995	0.39727276110747306	3.1140895736814356	-6.950595590501839	1.9535734034812475	7.866544654038741	1.0
1947000	-12.594484215602646	-5.891263220613348	-6.703220994989298	-7.5482327959747	1.6569695753613511	0.5516300702609659	0.5236601774587862	1.025019273739059	-4.981011683238696	0.8040759418381229	14.316424402892071	1.0
1948000	-15.040149557432155	-6.068977905846047	-8.971171651586108	-8.290471726419138	2.221493820573091	1.340016929558617	1.0421022890661278	0.3481263900368936	-6.119105416536534	0.6092714677864031	88.02039999368816	1.0
1949000	-17.52966076393637	-12.32833708862119	-5.201323675315178	-8.8611009325037	-3.4672361561174894	0.6911036601242344	0.6591198254044874	-1.0445339768603301	-1.6719033294217374	0.7128333518370391	1.4017869289177562	1.0
1950000	-16.863865234022576	-12.602796101662097	-4.261069132360481	-7.716376740888454	-4.886419360773643	0.8756005358990717	0.6873346311501122	-0.13485729127196622	-1.026967417112569	0.7180579453563813	0.28133403997211365	1.0
1951000	-13.792653794451581	-5.750490245013531	-8.042163549438051	-7.387994958132379	1.6375047131188474	0.7954529518964991	1.4184026725180399	2.255025604355724	-5.461819746935431	0.9838094220789488	10.842836447414578	1.0
1952000	-13.618767464392427	-4.5508365221336256	-9.067930942258801	-6.966711820625717	2.4158752984920913	0.5523423371464262	1.0337770227823	2.695567214442585	-5.887226912701875	1.1257550713602342	5.197563718823704	1.0
1953000	-14.697398955141207	-6.9340253925504225	-7.763373562590783	-7.868584950008691	0.9345595574582677	0.6932529639991768	0.3380281746501079	0.01208391766226935	-5.514674880400013	0.44224143365938917	25.666169809734974	1.0
1954000	-14.628840983120188	-8.431368063090861	-6.197472920029326	-7.483424598883978	-0.9479434642068831	0.8827636401569912	0.6200410592722385	0.34468781182690245	-2.977854568242865	0.64703793262081	5.335683476422707	1.0
1955000	-11.56634400041407	-4.3133058980363925	-7.253038102377677	-7.032593358099877	2.7192874600634847	0.5255702360407194	0.6003847959972664	3.314239946330227	-6.648196244360831	1.9530887459228852	60.077178424844426	1.0
1956000	-12.30163440785988	-4.61349674155147	-7.68813766630841	-7.384103808519352	2.770607066967883	0.9044687093941735	0.7860530697565026	1.3035805150177813	-6.024135790941443	1.851208922183573	21.661893994871154	1.0
1957000	-12.198446115055784	-5.22525254485433	-6.973193570201454	-6.98746936943391	1.7622168245795802	0.5877893736500411	0.7006408761300403	2.369955036812462	-4.531206683807855	0.8590318561643616	7.866682750157688	1.0
1958000	-15.867772231267836	-9.624175312159855	-6.24359691910798	-7.6706027918873305	-1.9535725202725245	0.9343039980126514	0.49795437326966596	1.8766388066735247	-2.7809153524881083	1.1394245512943146	13.854754311427143	1.0
1959000	-13.37724548301437	-6.708587983385914	-6.6686574996284556	-8.51665758486304	1.8080696014771265	0.2843229522859346	0.32047273573007296	6.631448767650836	-8.238019754719522	2.0843719218139447	47.21398711752363	1.0
1960000	-12.630101254554415	-5.207787093378255	-7.42231416117616	-7.010452750377969	1.8026656569997135	0.4557435080178383	0.6861469498044271	3.7201097503224663	-4.595985711481083	1.7647413563610532	91.26431464111575	1.0
1961000	-13.974314699238409	-6.0468114504692885	-7.927503248769121	-8.236656742859251	2.189845292389963	1.1323579113988593	0.7711609856255712	-0.984854452687729	-4.795441379464098	0.43845547060599427	7.584873088387507	1.0
1962000	-13.892481949880775	-6.398839598926167	-7.493642350954608	-8.423144491139919	2.0243048922137516	0.5260878428996643	1.1254943530363468	0.10660206076488293	-4.532391476206476	1.4009842173295861	43.914954575811514	1.0
1963000	-13.927967034848873	-7.3424335457153616	-6.585533489133511	-7.929612415392765	0.5871788696774036	0.3483031775320453	1.2977848457060102	2.0385796989085203	-3.4704017519688186	0.9745334157925123	8.191189068784302	1.0
1964000	-16.729336097118292	-10.846045918160462	-5.883290178957829	-7.339681478706088	-3.506364439454374	0.645492552750228	1.3963951345900594	0.9870215660459583	-1.6361329752395073	1.7198886990926554	2.1980602627240735	1.0
1965000	-14.653246908041954	-6.398180806731165	-8.255066101310788	-8.32848924817774	1.9303084414465754	1.3427146304812567	1.232468014324164	-0.7517475799763387	-5.813111605420115	0.9917820869149686	15.914914001305096	1.0
1966000	-14.715425950286887	-7.1017531756413685	-7.613672774645519	-7.49838282511833	0.3966296494769619	0.8553525734686641	1.4062512305745245	0.3034118755974129	-3.427309244402468	0.8576844203133079	2.1373347119674255	1.0
1967000	-14.720510972552951	-6.120410809802909	-8.600100162750042	-8.335400527516503	2.2149897177135944	0.9839887200726258	1.1697014987162129	2.402743579894622	-5.653451650160767	1.8917625021701556	15.174779829606948	1.0
1968000	-13.733274974279034	-5.741339331520318	-7.991935642758715	-7.819087232680532	2.0777479011602145	0.9897184285620826	1.0148985652485911	1.7816274790194486	-4.53408826473231	0.4147753386033421	8.00239732572233	1.0
1969000	-16.4929306559934	-7.591400893370236	-8.901529762623166	-9.67880966133367	2.087408767963434	0.9039508996426897	0.43589851132280105	3.6082133101765756	-5.894879058936425	0.7696423064191041	6.592774540345938	1.0
1970000	-17.354733834778198	-9.331944356967998	-8.0227894778102	-6.991510303984453	-2.340434052983546	0.5386581495535602	0.7539736855338149	2.3531810344373736	-2.073641874006458	0.1928622399932521	3.632039986343416	1.0
1971000	-13.033717380000876	-5.476805279616914	-7.556912100383962	-8.044692105331332	2.5678868257144183	0.817705989946857	0.5400374635649093	-0.5225632982491063	-5.972246737013213	1.5751608400899013	7.109531858449262	1.0
1972000	-16.976702370410383	-10.361758116628778	-6.614944253781606	-7.55711732955429	-2.8046407870744883	0.9097010955373567	0.4778696534064354	1.8226857267727388	-2.4086746448962133	0.6860264912106288	16.309951768480495	1.0
1973000	-14.239704246760299	-5.234450435347108	-9.00525381141319	-7.802239436184115	2.5677890008370063	0.9353487093090064	0.941349464717103	-0.3180149328778205	-5.2188377893783064	1.016575229520323	3.346435945201742	1.0
1974000	-12.861421223500987	-6.112016593185889	-6.749404630315098	-8.877251437787386	2.7652348446014967	0.39318412519239854	0.7808969031134799	0.5994216500572982	-6.079162713900357	1.37513290402323	16.502905277514937	1.0
1975000	-14.01508716478602	-7.252656952348669	-6.762430212437352	-7.688660465668138	0.43600351331946907	0.29772888341684184	1.2555725184775415	2.9657967798947182	-3.355560115056515	1.1823723640527963	16.997115404796485	1.0
1976000	-12.939105651478359	-5.43450677596837	-7.504598875509989	-8.009772098914805	2.575265322946435	0.5730775149983804	0.9206650490298766	0.31307484321832524	-5.216073967755225	1.3123977896050958	5.278734482934364	1.0
1977000	-13.1111389290305	-5.970187999490612	-7.140950929539887	-8.271697284914502	2.30150928542389	0.470579900102754	1.0313708446541285	0.6096299376445486	-4.816827989448547	0.6562055088764869	10.417551656852345	1.0
1978000	-15.4656223818081	-7.427774941499771	-8.03784744030833	-7.676489864351628	0.2487149228518568	0.6987783446692458	0.7817540110661632	0.2594415482010244	-3.3703676202399033	0.5949201794548941	1.4656231929136088	1.0
1979000	-13.143097946147362	-5.288828044987568	-7.854269901159794	-6.990867428562304	1.7020393835747356	0.593880620506753	1.2807834905119702	2.41936599350126	-4.341729966707588	1.984286491864435	22.726695049130587	1.0
1980000	-13.732358964919062	-6.345998488735789	-7.386360476183272	-7.876292613222211	1.5302941244864217	1.1363912186217633	0.8729449928572162	0.9005595123222214	-4.1099297070195355	1.2651714027424836	4.473621942629764	1.0
1981000	-12.716015417126881	-5.134853002162261	-7.58116241496462	-7.66246676887312	2.527613766710859	0.3627480764614426	0.9265976029964024	5.369530337903791	-6.1047391487489495	1.3042216921066507	52.86354768713035	1.0
1982000	-13.690718877433955	-5.735179267342032	-7.9555396100919245	-7.127092915271904	1.3919136479298722	0.42950020519874577	1.0457783847960267	4.195961457437506	-3.937793632893977	1.0574140299983326	5.628483600897247	1.0
1983000	-19.480015766748977	-10.477733608434056	-9.002282158314921	-9.987019325170001	-0.49071428326405453	0.12023696142435966	2.1954784071754774	4.23635365799474	-4.341181345782268	1.8330077467225485	38.72963643557772	1.0
1984000	-12.753302704889249	-4.972155365098663	-7.781147339790586	-7.30984601747278	2.3376906523741168	0.8584167408565182	1.0574099749970625	1.448623437374128	-4.901795353198788	0.7941184553610957	6.0417129205161855	1.0
1985000	-17.945646985103856	-8.319169706396977	-9.626477278706881	-7.371151734766819	-0.9480179716301573	0.3535883697341227	0.6068409153711467	2.7956037687830095	-3.0080570208463953	1.1618344730339736	1.2491142934077217	1.0
1986000	-12.703048524954664	-5.990285341168443	-6.71276318378622	-8.11529648078709	2.125011139618648	0.6431145470159185	0.6820816591480757	-0.11192889931067507	-4.898781037790263	1.2446756536740868	6.978140892605818	1.0
1987000	-13.59856044890487	-6.792740928151618	-6.805819520753253	-7.264036566180366	0.47129563802874763	0.38877389946372704	0.5591192601133853	2.6367480621746937	-3.9768713806402403	0.6666924856164586	18.113446009673655	1.0
1988000	-12.609562397148508	-5.125748449268978	-7.483813947879529	-7.457520227313831	2.3317717780448524	0.9191751785161736	0.6722994987500076	1.4866924141987663	-5.14282127000722	1.0779189444011943	42.106792815842006	1.0
1989000	-12.627325008664583	-4.7047439604898775	-7.922581048174705	-6.9633018058085385	2.258557845318661	0.4984433101751266	0.9728372098179472	2.7002881559836345	-4.734238781021919	0.9750548347832211	4.950613337402344	1.0
1990000	-15.086762583886145	-6.989634686263704	-8.09712789762244	-8.229709500022937	1.2400748137592323	0.9428930025154613	1.5929326695012238	2.507315044324809	-4.477911445276197	0.8483197975280148	7.41936726610688	1.0
1991000	-11.399172967038572	-4.648278752133735	-6.750894214904837	-7.238709783299762	2.590431031166027	0.30017283164981606	0.6968369554235402	3.773995243761778	-5.432125703223944	1.2062861851817914	22.122498376162387	1.0
1992000	-12.959706359218131	-5.634070314134568	-7.325636045083565	-7.9526287382020495	2.318558424067482	0.9350824442843861	0.7049140781879994	2.264408673771276	-5.052214383315472	0.8858121218101687	10.96274136977293	1.0
1993000	-12.658054032171444	-5.349326926043819	-7.308727106127625	-7.135104850019797	1.785777923975978	0.6885791496537434	0.7766863547965354	2.3864467301696624	-4.41852029003868	0.6790347806494971	7.439370277659803	1.0
1994000	-14.802154532555544	-5.29334714729271	-9.508807385262834	-7.257255230714075	1.9639080834213654	0.5663542765357551	0.4636048478380495	1.4533752935633957	-5.574490964479219	0.6082021673170479	3.448288916215087	1.0
1995000	-16.51651493199998	-12.221828900226251	-4.294686031773728	-8.046810672921659	-4.175018227304593	0.712426422611812	0.9115428696713821	-0.2682982001254236	-1.2131512209029855	0.9703260312140525	0.5307901150264263	1.0
1996000	-16.218925658887017	-6.6152937449119555	-9.60363191397506	-7.93510606074825	1.3198123158362947	0.7438986853019011	1.2929264507792657	-0.21819048426996623	-3.9908613490336418	1.4841932789858683	1.5723340474841285	1.0
1997000	-13.377311943612312	-6.075207232943346	-7.302104710668965	-7.913776526892623	1.838569293949277	0.5150960128125074	1.3578540931426888	0.7364512463242606	-4.717316959776291	0.7335154464594551	8.781343810044774	1.0
1998000	-18.128740220769007	-12.942560661907635	-5.186179558861373	-9.304165395440503	-3.638395266467132	0.44520787096305564	0.7398751790742939	-0.20179057850090343	-1.5075002974678542	1.5058637452459265	0.3318353945175452	1.0
1999000	-13.409718435020984	-6.0668209097007955	-7.34289752532019	-8.091386378649855	2.024565468949059	1.2313570248949874	0.9412488606333402	-0.5363443989988429	-4.485827262839352	0.8073697674882613	10.338627726075702	1.0
