it	posterior	likelihood	prior	lik_L_5-0	lik_M_5-0	l0_t5-0	m0_t5-0	Gl_t5-0	Gm_t5-0	hp_rate	hp_sig2	beta
0	-46.45513122466338	-43.66627248729191	-2.788858737371469	-9.205380949861677	-34.460891537430236	0.9181453986687965	0.032836272293327244	0.0	0.0	1.0	1	1.0
1000	-26.18752871121793	-21.17942430254479	-5.008104408673139	-9.112404054852924	-12.067020247691863	0.98333127449637	2.1868960677674236	0.0	0.0	1.0	1	1.0
2000	-20.93914206394384	-18.931755665752227	-2.0073863981916134	-10.048132906701118	-8.883622759051107	0.672488512041367	1.1929671377755426	-0.22533796204398493	0.23259783893469774	1.69919787942282	0.0597410158564466	1.0
3000	-22.2286973082898	-19.217001869663328	-3.011695438626471	-10.151602807489546	-9.065399062173782	1.5823988801502118	1.2892199524763361	0.30925117272805286	0.14961148987685036	0.9504155893747431	0.11324376415202725	1.0
4000	-20.37228301152911	-18.95021641800451	-1.4220665935246026	-9.097909563475914	-9.852306854528594	0.9875740877841666	0.663612573381997	-0.021217878534530082	0.20651147513790605	1.290633824170189	0.10658749485785789	1.0
5000	-26.252081759604344	-20.70213720200869	-5.549944557595653	-11.938550797596015	-8.763586404412674	0.5015965385168675	0.9080543423699565	1.7479601486480352	0.4181770327020947	0.6357868053962629	0.7227187973510802	1.0
6000	-20.950840163645733	-19.707743612951866	-1.2430965506938665	-9.48518573804167	-10.222557874910194	0.8355625960052494	0.6974521355289403	0.2278257701518398	-0.19498235659899513	1.1512583952051556	0.03639703326048121	1.0
7000	-19.340499149155928	-18.382202066017136	-0.9582970831387934	-9.323090550637506	-9.059111515379632	0.8652028713281444	1.0464978523155934	0.014391286130440467	0.0049289676354338785	0.7670613299229344	0.05622428000792401	1.0
8000	-23.82233538164872	-18.602871840589938	-5.219463541058781	-9.855133974344373	-8.747737866245565	1.7482366309527997	1.2223751475860845	-0.48211588531938715	0.4682263638016626	0.7341123909369173	0.06951145137168072	1.0
9000	-21.65639310130504	-19.56871716291373	-2.087675938391306	-8.93229660653169	-10.636420556382042	1.1012531686851232	0.5617212377677155	-0.2317143314858886	0.16259140680488848	0.5463929254624876	0.019226219577943907	1.0
10000	-20.705310211525	-18.428997000773094	-2.276313210751906	-9.338244827183948	-9.090752173589145	0.9165075843174314	0.8379445972378506	0.2735910719538554	0.24820523972582598	1.911946974403544	0.10017491563429612	1.0
11000	-24.05547625363063	-20.22323037665716	-3.832245876973472	-9.170424265687716	-11.052806110969444	0.907194467535772	1.8736050053883317	-0.14772800216031723	-0.514950012623668	1.1659646197123712	0.14851185342701823	1.0
12000	-20.98777408900358	-18.477850883153646	-2.5099232058499323	-9.131255835564168	-9.346595047589478	1.3231753980982377	1.4613867666193165	-0.14204225981889107	0.24783432821215173	0.7031819799589961	0.08415517604893742	1.0
13000	-22.235366093729905	-17.936166599476373	-4.299199494253532	-9.605511928193259	-8.330654671283114	0.8076455974915888	0.9792936876832856	0.32293798539480967	0.8498616716101748	1.23249642818716	1.4917871585505484	1.0
14000	-21.164285956296077	-18.334324633228242	-2.8299613230678333	-8.92052344152427	-9.413801191703973	1.1391262300086504	1.3560879120651461	-0.2541605003127162	-0.14835124684467843	1.564139993294383	0.07442926564569327	1.0
15000	-21.901187518049596	-18.687516845242225	-3.213670672807373	-9.355965759229152	-9.331551086013073	1.1828398683613774	1.1867255964633658	0.36549499776612804	-0.2456824793959338	0.6551262980868613	0.24025604454165492	1.0
16000	-22.457055534917423	-18.86050229849341	-3.5965532364240107	-8.947675465827832	-9.91282683266558	1.2533186126151847	1.607229993253999	-0.31298348534721643	-0.06490838372629754	1.3503559115688708	0.16234751610174142	1.0
17000	-22.7981271570126	-19.39137758394528	-3.4067495730673194	-9.196709012760813	-10.194668571184469	1.4278592788313282	1.6424818435313004	-0.29828233924840053	-0.32545109668385985	0.629061740037356	0.07465785131044449	1.0
18000	-21.234335276720948	-18.396311067183355	-2.838024209537595	-9.380625241148438	-9.015685826034916	1.0099161332315438	1.063641102902182	0.4773049335752647	0.0403487105519828	1.1211734620350473	0.08079841119521716	1.0
19000	-22.084980847427573	-18.945605428665946	-3.139375418761629	-9.687290045736468	-9.258315382929478	1.286793088161831	0.8446876638441521	0.550710117221194	0.09164305256928193	1.0537303917672427	0.12897144611841274	1.0
20000	-20.30962864607261	-18.08641476037436	-2.223213885698251	-9.171379562396655	-8.915035197977705	0.9685425724911896	1.0425047398299874	0.08721882489486024	0.1458519608639734	0.672753476136501	0.15685833222638199	1.0
21000	-21.293754270814496	-19.251225945432765	-2.042528325381732	-10.339077702315603	-8.91214824311716	0.6261588731834907	0.9957759615717411	-0.37489397112397116	0.1748808592803211	1.5347537037272112	0.06746788545120853	1.0
22000	-24.738025210834476	-20.23834454510456	-4.499680665729914	-8.727619461855358	-11.510725083249202	1.2795799820319742	0.5046560205774191	-1.0740400356471995	-0.05240170848930798	0.8821139650056995	0.26881090394538065	1.0
23000	-20.016294988553152	-18.634465186980137	-1.3818298015730153	-9.190449793276771	-9.444015393703365	1.0844810980271917	0.8429316945702799	0.22067698033620758	-0.053960327819497694	0.8627893994676367	0.056772653800341716	1.0
24000	-22.859844325635414	-17.11125889107204	-5.748585434563376	-8.899019298308488	-8.212239592763554	1.4074854648260815	0.9114764030514791	-0.8514965538230469	1.0577575261557026	0.8123700301719667	0.3443516548090391	1.0
25000	-21.70323375588218	-19.36028101796184	-2.342952737920343	-9.061907344405338	-10.298373673556501	1.0723748785125717	0.600092655309745	0.01154064886764794	0.18523468546795385	0.6013397074335407	0.20120456508182116	1.0
26000	-21.40374881812656	-17.530732275165228	-3.87301654296133	-9.01521168827797	-8.51552058688726	1.0946453636897224	1.0619538884487092	-0.06714646443182815	0.6028088400348519	0.5533090981012021	0.08813370728351322	1.0
27000	-21.349828647905735	-18.912428857217925	-2.4373997906878104	-9.762470087457322	-9.149958769760602	0.7241400695558394	0.972274715673485	-0.2612135195461022	-0.021954893680308785	0.4404948786881769	0.12797492944310446	1.0
28000	-23.135851871091166	-17.807203180892706	-5.3286486901984595	-8.783403605470319	-9.023799575422387	1.158187733158314	1.4199451365895486	-0.6105540860304179	1.0685682978259234	0.900754303687977	1.6491231202608683	1.0
29000	-23.204118827684404	-20.407170267973086	-2.7969485597113177	-10.24513862810615	-10.162031639866935	0.6646598943874281	0.5610696842891784	0.43887616088853754	0.5028021175164941	0.7742118957594588	0.22671060458813203	1.0
30000	-21.54270406947774	-18.527105299992375	-3.015598769485364	-9.047459716358317	-9.479645583634058	1.1382559112729067	0.8466024259397653	-0.018233084932754384	-0.08989559306740957	0.28848662380644335	0.14815575657542943	1.0
31000	-20.00698816710108	-19.189695495709262	-0.81729267139182	-9.310076830879197	-9.879618664830065	1.3388656830957526	0.7104953854598827	0.061838719448195356	0.0006763742978688203	1.3640434382732722	0.039002734477655	1.0
32000	-20.339554171980705	-19.156226167853145	-1.1833280041275611	-10.265341915847278	-8.890884252005867	0.6463269007789851	1.1859948174738213	0.11400934547307293	0.21597375044983097	0.9115963696158537	0.02779833384820825	1.0
33000	-23.04803842991227	-18.00535348962201	-5.042684940290261	-9.061533154002403	-8.943820335619609	1.5475804878966164	0.9243214845747529	-1.1987127884255004	0.2220024485487937	0.9589831483132051	0.5543427396889626	1.0
34000	-21.861315336347147	-18.178599874266357	-3.6827154620807905	-9.636852126108984	-8.541747748157373	0.7620227638426063	1.0987983787715656	-0.045493846954097694	0.589736550388422	2.032454763801137	0.37193904481108675	1.0
35000	-21.72925774669427	-17.625836987345362	-4.103420759348906	-9.09299842417692	-8.532838563168442	0.8909477994392975	0.968950559767853	-0.6450073599703747	0.5971877923127812	0.8228366775476748	0.1952564077168531	1.0
36000	-21.686554038035247	-18.841079893635758	-2.8454741443994873	-9.482119045658628	-9.358960847977132	1.2888228222256817	1.0322425469948937	0.34732648153877044	-0.251004462614349	0.6373239853541227	0.10994983152288551	1.0
37000	-20.12770372182833	-18.55321568537997	-1.5744880364483582	-9.082406186547292	-9.47080949883268	0.9544166755219275	0.7784950952009995	-0.15869118407621996	0.08845822998496292	0.7168552591260084	0.09601079554189552	1.0
38000	-22.333499565557478	-19.324479425639876	-3.0090201399176024	-10.421687969635471	-8.902791456004405	1.7966268185138239	1.20351830113725	-0.05209342794615118	0.22141417349811499	0.702574963977176	0.16545801030742074	1.0
39000	-21.083982970918168	-18.01764447641809	-3.0663384945000765	-9.169155462960681	-8.84848901345741	1.284254207352027	0.8673862125927575	-0.014310164322969332	0.40543273364254634	0.9565672392501668	0.3046257779538677	1.0
40000	-19.782404887319018	-19.278185077406512	-0.5042198099125068	-9.757600002645743	-9.520585074760767	0.7280582256105887	0.7604401586047366	-0.17791257055248447	0.10334890355703619	0.9465386084685748	0.02284863513589009	1.0
41000	-21.993748809984986	-18.665173375989532	-3.3285754339954523	-9.49895426473726	-9.166219111252275	1.1173757007307394	1.0433825192966273	0.5908251132711777	-0.09163253013385064	1.006499166288571	0.13209319294318217	1.0
42000	-26.27847197078413	-21.41989618338376	-4.858575787400369	-10.116449138430028	-11.303447044953732	0.6589183694626123	0.8326654834998586	-0.8161105269940501	-1.2605626762593392	0.7501860467754546	0.6306594334294942	1.0
43000	-21.598407277143153	-18.251767762139302	-3.3466395150038526	-9.093723401672687	-9.158044360466615	1.1286823211957226	1.349063020743678	0.06102969503944944	0.15849802668003754	1.3062672233642714	0.28837213414660084	1.0
44000	-21.133189567914304	-17.60288593204077	-3.5303036358735325	-8.834505200747794	-8.768380731292979	1.1986828272109544	0.872291619679023	-0.48513292389544704	0.4731502565270046	1.2528961831961312	0.28237183874862765	1.0
45000	-22.934024209463672	-19.163643234546015	-3.770380974917657	-9.35211737756735	-9.811525856978665	0.847071770993655	1.3138063653871794	-0.0361244063180107	-0.5832744419678357	0.6324622717709689	0.0772613590960728	1.0
46000	-22.459884167096227	-19.1717329078782	-3.2881512592180258	-9.265854725037048	-9.905878182841153	0.912686470740965	0.9525978710674019	0.11569138241179244	-0.5879404999005867	0.5832643312295139	0.17002087827004933	1.0
47000	-21.167781280774765	-18.41503819719694	-2.752743083577827	-9.019169956053883	-9.395868241143056	1.0474914975860354	0.8578355025269195	-0.08789461441296448	-0.047807066431079404	0.27267858617029456	0.10527871544590196	1.0
48000	-20.827718421250175	-19.175465981598165	-1.6522524396520097	-10.083028024439356	-9.092437957158811	1.6860033842104185	1.2966293392183152	-0.026778209771369396	0.12868572148820118	0.7902195271752762	0.039465080121766756	1.0
49000	-20.092277099097206	-18.988463452618475	-1.1038136464787311	-9.081152090318596	-9.907311362299877	1.0971520900674339	1.6131052793139848	0.048832410704328755	-0.028129503505145766	0.9530043109768047	0.03130601151337446	1.0
50000	-22.776605235172134	-18.82956145439914	-3.947043780772992	-9.051971407780346	-9.777590046618794	1.0379915339863937	1.6071591373821652	-0.032353226365197406	0.19387784356968746	0.1229552930302263	0.06764216285541122	1.0
51000	-20.92719908277486	-18.120534624348082	-2.806664458426778	-8.994818225849418	-9.125716398498662	0.9463829661324646	0.8548687467432893	-0.49818294372446353	0.18135791785352284	1.0094253192188472	0.24625806701009773	1.0
52000	-21.60133488199952	-18.040490739588446	-3.560844142411073	-9.39373082421693	-8.646759915371515	1.4206544042483882	0.8763361220030864	-0.02017131275161177	0.5879888741421625	0.548322454470487	0.14565856485856707	1.0
53000	-21.406202697748785	-18.64334187124951	-2.7628608264992733	-8.851529789676572	-9.791812081572937	1.074336589594421	0.8109968600214823	-0.4656508926950316	-0.2415202456197143	1.2265459000222945	0.1514693335529862	1.0
54000	-23.220136183656884	-19.591734874706628	-3.628401308950254	-10.047883278502784	-9.543851596203844	1.6945183500803114	1.5377845810044153	-0.08522448564220911	0.2614175771102535	1.4921445101018131	0.05151158101809887	1.0
55000	-21.99376230005008	-18.675303870745438	-3.318458429304641	-8.979289859380911	-9.696014011364527	1.3441320402016077	0.7728376590440809	-0.44193419811648266	-0.06750470581307944	1.3517111146400356	0.3432286034058651	1.0
56000	-22.98256972693231	-18.852186153639416	-4.130383573292896	-9.972551894341466	-8.87963425929795	0.6839404572115997	1.3552400196530816	-0.2958388109389095	0.7419878724022421	0.5422684602342465	0.524209615162272	1.0
57000	-21.48969485221423	-17.520408590743386	-3.969286261470846	-8.788796645298882	-8.731611945444506	1.1184553863062698	0.8043815095686856	-0.6118816244390581	0.6590678889270507	0.8020410845815231	0.296605106259382	1.0
58000	-22.32993400044305	-19.12798413682149	-3.2019498636215618	-8.961147237572714	-10.166836899248775	1.069190393121893	1.6144370185480406	-0.18932013271497047	-0.38256862434997757	0.49263097390148547	0.07444112788628522	1.0
59000	-22.26965780737325	-17.785332784099857	-4.484325023273392	-9.484615551123932	-8.300717232975924	0.7937117177069626	0.6986993830743952	-0.16497820605032087	1.4658008287137565	1.0214463814801218	0.7473155012535608	1.0
60000	-20.870905539171524	-17.52068923067923	-3.3502163084922927	-8.986067649362848	-8.534621581316385	1.0613404851737716	0.945956361608511	-0.14284518347608188	0.614331466424836	1.3072503551501944	0.15227328451579755	1.0
61000	-21.763611937557904	-18.50003918496726	-3.2635727525906457	-9.335269861457391	-9.16476932350987	0.972172393275931	1.3123203767747293	0.3800809455651528	0.06648614493182095	0.9101155469460877	0.3479193693730664	1.0
62000	-22.838379077623472	-16.573062228860046	-6.265316848763427	-8.957608588348922	-7.615453640511124	0.996582782253761	0.7336465712235357	-0.35078103368422675	2.725826519417854	1.275686996170137	1.766058074973316	1.0
63000	-23.569411846812624	-18.148421703756377	-5.4209901430562475	-9.621793524212139	-8.52662817954424	1.6873004452440192	1.0714891330785812	-0.5646984201934633	0.5921440490656886	0.7554955457281093	0.10482249690566585	1.0
64000	-20.0645129432791	-18.24291676792835	-1.8215961753507521	-9.262363032158698	-8.98055373576965	0.9338688965114602	1.1787513377366505	0.17826140594252926	0.10482408184237665	0.5724969221537282	0.07127121328473462	1.0
65000	-23.65777697531034	-21.002497140287147	-2.655279835023194	-11.566395917251922	-9.436101223035223	2.144194313888557	0.9025011209225857	-0.22208825248265374	-0.16318559361377571	0.943371926572734	0.06115575874819582	1.0
66000	-20.42368172785742	-18.711754461118375	-1.7119272667390444	-9.10886917889935	-9.602885282219022	0.9485823042536073	1.503027702957805	-0.11308684079447467	-0.00938987638819233	0.6974033037461632	0.0708362134264283	1.0
67000	-21.80594654042794	-18.649525019231383	-3.156421521196555	-9.414189848146476	-9.235335171084907	1.0880201441640331	1.0718307983805826	0.514168546398868	-0.1649998044841636	0.821105849483811	0.10100667680798513	1.0
68000	-22.73390390713559	-19.171990128474846	-3.5619137786607458	-9.702379388148403	-9.469610740326445	1.3545943438340209	1.0239905253903017	0.43909346097017143	-0.3352498465045415	1.2503136573238236	0.23207955737335395	1.0
69000	-23.875352364375054	-17.06908016012344	-6.806272204251615	-9.038558203410718	-8.030521956712725	1.1328375801846677	0.8022579567506735	-2.2161750125459103	1.4986373571775349	1.0912466107150842	1.288139914861685	1.0
70000	-21.13962643367721	-19.49091359112155	-1.6487128425556592	-10.308204786291252	-9.182708804830298	0.6430185759433492	1.3449504400654735	0.2130378641914466	0.1136583552477079	1.0744627313174409	0.0774758187974139	1.0
71000	-22.179236954146113	-17.59584149664572	-4.583395457500396	-8.80677559667508	-8.789065899970637	1.208657698552339	1.0850009138857641	-0.5699595489130953	0.2740175846081192	1.4751217933266612	0.9265961887994003	1.0
72000	-24.38488954014113	-19.690872431534622	-4.694017108606511	-9.642787360950464	-10.048085070584156	0.949072231730481	1.709419372770665	0.779968877034009	0.5691111836687294	0.7175391972752999	0.646281257982013	1.0
73000	-21.79449503047811	-20.044457375994078	-1.7500376544840308	-11.205427467122195	-8.839029908871881	0.5261760890277858	1.205042574448934	-0.028484468029493948	0.3055651901284887	1.5777253025538767	0.08573051737954333	1.0
74000	-22.001693148613278	-20.19963727113725	-1.8020558774760285	-11.437779532999773	-8.761857738137476	0.5035108604995109	0.9268281001757059	-0.10257756380120031	0.39363920485381076	1.5270473021876598	0.14061206700710785	1.0
75000	-19.534253662909336	-18.452442868118982	-1.0818107947903517	-9.14772157377387	-9.304721294345113	0.9582656670789292	0.9531804960144565	0.01123086568354064	-0.1312120404753057	0.6058773856674374	0.044559742095969954	1.0
76000	-21.641244202166032	-19.234720453216475	-2.4065237489495566	-9.140647879483424	-10.094072573733053	1.3503572605490495	0.606798146759843	-0.18692587946935574	0.29696833273802287	1.585365862791589	0.03592188323646319	1.0
77000	-21.433079305278117	-17.688478021698064	-3.744601283580054	-9.211140546421028	-8.477337475277036	0.9800854372480166	1.0906167815211973	0.18501266181637893	0.6763206829563997	1.0646318652605484	0.5285317819509269	1.0
78000	-21.386913598487496	-18.58883796520946	-2.798075633278037	-9.778308647507554	-8.810529317701906	0.7316280159508175	0.9464863583318447	-0.005449498291164562	0.3211285955823806	2.538796567101751	0.17785048166772924	1.0
79000	-24.678778822828082	-18.587866629656084	-6.090912193171999	-9.150105850858361	-9.437760778797724	0.865651913102094	1.3051407075400676	-0.8236274272253723	-0.2501272370887611	0.5408181546691944	0.0861201382896806	1.0
80000	-21.062930483691197	-18.31253272360442	-2.750397760086778	-9.240832203038376	-9.071700520566045	0.85394812481677	0.7603353713262145	-0.37100281413290664	0.47213354176316297	0.975720161254018	0.17064347360882523	1.0
81000	-23.463703667495594	-18.643068318384216	-4.820635349111378	-9.787428025424122	-8.855640292960093	1.7178135671899208	0.7623878356220943	-0.4526584665040876	0.6601283792314568	1.6445773082575423	0.2467445372622701	1.0
82000	-20.940153360670124	-18.61777486574251	-2.3223784949276136	-9.339572163740904	-9.278202702001607	1.2921749266869353	1.355541267040358	0.1852808801857672	0.012256210501220638	1.3976354012288617	0.05829761677269445	1.0
83000	-22.25776201640268	-19.049238506063396	-3.2085235103392824	-9.756602948625225	-9.292635557438173	0.7697859792002911	1.1198597416838367	0.38811548435484877	-0.22415463430246585	0.42371792059371866	0.18381680558886337	1.0
84000	-19.66715139233209	-18.370838704616148	-1.296312687715942	-9.119673621020004	-9.251165083596142	1.1598544064141112	0.8195082117167127	0.08062008289319633	0.1559458437937167	1.4907329342116162	0.049554134121004664	1.0
85000	-22.791078543386064	-16.827261144758594	-5.963817398627471	-8.771701117234514	-8.055560027524079	1.262318477442727	0.8122895201193994	-0.7716744658872032	1.438225965371124	0.5518638689058744	0.5626985424306375	1.0
86000	-21.93920746333467	-19.033720201697967	-2.905487261636703	-9.448883914930953	-9.584836286767015	0.8641124753854119	0.9977287838428155	0.29868397577346883	-0.40300707480188197	0.6601892988363286	0.08629061579052225	1.0
87000	-22.00816400749443	-17.36256468234488	-4.645599325149552	-8.813664026751926	-8.548900655592952	1.2701936485844716	1.1477428728542733	-0.6513713459371974	0.6404148197984151	0.8572148292397463	0.20982117292963667	1.0
88000	-21.77792122105884	-18.138621600089785	-3.6392996209690556	-8.820694322073965	-9.31792727801582	1.2456031758848205	1.3893619700792637	-0.583849171331666	0.04147962013442941	0.8505381180640279	0.178560887286746	1.0
89000	-20.144051499623806	-18.21256578333348	-1.9314857162903243	-9.301693809891201	-8.91087197344228	0.862303742607859	1.1285091085769356	-0.06583278957514549	0.15166571355443736	0.7336420838845691	0.12272955890518703	1.0
90000	-20.7428013668625	-18.94584518646714	-1.7969561803953622	-9.24250432626286	-9.70334086020428	1.3523323269723218	0.6784709442736739	-0.05079261609335832	0.25612812276577135	0.7058059328680025	0.07015631551370081	1.0
91000	-24.320272798475653	-19.509084089954968	-4.811188708520685	-10.732514669297942	-8.776569420657028	0.5931815004738863	1.3403408286232057	0.5532232386461708	1.2436183342793639	1.1866687358738701	1.4927274719302503	1.0
92000	-23.71320529706484	-19.537017797062727	-4.176187500002111	-9.63585360345271	-9.901164193610018	0.7585510565105456	1.4606657258739901	-0.10718016374674712	-0.4682214666432001	0.6881911960922455	0.9430477160111643	1.0
93000	-20.851075691734152	-18.038640635277687	-2.8124350564564664	-9.304617692050003	-8.734022943227684	1.354824142791764	0.9632014490901236	0.022122251400017466	0.3809930400226279	0.9282089128378014	0.17523669300931527	1.0
94000	-19.800985425192888	-18.17025282116324	-1.6307326040296493	-9.253415117982795	-8.916837703180443	0.9336944339350604	0.9298889840016398	0.1600672389274211	0.23950905231223202	0.7680004682582594	0.04987120315373985	1.0
95000	-21.353237934408675	-19.06204649229663	-2.291191442112045	-10.285154519986293	-8.776891972310338	0.6461849505752	0.8937849846237468	0.1989231694806401	0.427362584606469	0.8421028083381451	0.12849443505420832	1.0
96000	-21.96470167014438	-19.49918385380336	-2.4655178163410216	-9.047448755852725	-10.451735097950634	0.9883094836265353	1.7743283893404191	-0.13359964625163018	-0.10056938615873835	1.8147276862527955	0.021220161584987268	1.0
97000	-19.53480903771003	-18.19375357523819	-1.3410554624718385	-9.011866069611443	-9.181887505626747	1.2311850501610972	0.8674103603455625	-0.16585627813271087	0.10811005688288985	1.0422012663037405	0.05020252931732081	1.0
98000	-23.415016000830555	-20.729855546865906	-2.6851604539646496	-10.606353816911186	-10.123501729954718	0.6053020221974121	0.63165393506861	0.40675145013194325	0.15267698503609253	0.6684564615612949	0.3476249876634665	1.0
99000	-23.772153639729225	-19.74969219684068	-4.022461442888547	-8.726117754116295	-11.023574442724385	1.2161028962054345	0.4921000957529556	-0.8831579683561166	0.3573486483661067	1.179845451862362	1.085142659137795	1.0
100000	-21.653590517237248	-19.04412688115729	-2.6094636360799583	-9.321912995304663	-9.722213885852627	0.8518079019752697	0.6273934739771366	-0.08847523291000228	0.4714860105229927	0.6497326920276484	0.07441906533574853	1.0
101000	-21.83363906842352	-18.342814693106096	-3.4908243753174233	-9.543881550612616	-8.79893314249348	1.3566013472137401	1.2549913974428948	0.28302535138357643	0.4639765342403623	0.8553983441139356	0.1221223367176242	1.0
102000	-22.61552937080242	-17.968367030969766	-4.647162339832653	-8.823152940942725	-9.145214090027041	1.0469380913137678	1.4449806524635143	-0.6503911650269738	0.6531012034843825	1.2391045764661293	0.3797729073481529	1.0
103000	-23.697031334255303	-18.76596965388702	-4.931061680368284	-9.207672296594744	-9.558297357292275	1.5284359589339267	0.7299023971283806	-0.6126902654269955	0.17358255005721973	1.5101181245995248	0.06152657271503375	1.0
104000	-23.61445780458257	-18.162642858743162	-5.451814945839407	-9.536269775479598	-8.626373083263566	0.7960408301381813	0.5371661119996943	-1.6867215760790393	1.9939866693065964	0.9430886536410745	2.9226105874147055	1.0
105000	-21.085590379766625	-19.846003256099024	-1.239587123667601	-10.288204047159972	-9.557799208939054	0.6389926598527513	0.7520463012614702	-0.016016216699042553	0.10075303369416846	0.2809055763653311	0.023524175693173173	1.0
106000	-22.18903009747561	-17.860806890159687	-4.328223207315922	-8.74879280995349	-9.112014080206196	1.1721855281055158	1.3803044270798266	-0.7412575752223156	0.3320246066957885	1.062246520033897	0.2895812106086822	1.0
107000	-21.693578433227387	-18.416239779912544	-3.277338653314842	-8.997861169611637	-9.418378610300909	0.9424788730087956	1.4249299255802401	-0.5182909326850617	0.0019885256839810572	0.6079379584313348	0.15792201157168223	1.0
108000	-21.527249396343525	-19.836402346047805	-1.69084705029572	-10.73561378344176	-9.100788562606043	0.5855404578110065	0.8800986302504779	0.340642363215338	0.15330632831483526	1.2454091191819765	0.04366949517596634	1.0
109000	-25.387323054558443	-20.311420598845665	-5.075902455712779	-9.723764647042115	-10.587655951803551	0.893203967489672	1.7162538741587388	0.8192835463862318	-0.5445906919956139	0.9143245089452593	0.22231440116250303	1.0
110000	-20.085610098781636	-18.397672648903974	-1.6879374498776634	-9.047575656164945	-9.35009699273903	1.21318006469582	0.8763880046246123	-0.08404193489540601	-0.04798466669759849	0.899971550106426	0.10153032643755132	1.0
111000	-20.97422099480656	-18.99674909950987	-1.9774718952966908	-9.103993502231413	-9.892755597278459	1.0742461850276777	1.5535745604676732	0.08484015564401015	-0.236699588018509	0.6448904699152798	0.039246829832131555	1.0
112000	-19.106620277890997	-18.259431612460688	-0.8471886654303098	-9.089124539202203	-9.170307073258485	1.1582256792706453	0.8769380244923911	0.03578228343155873	0.09956628632310542	0.6665411582470735	0.03643914818198417	1.0
113000	-21.89231621673724	-18.657276106516584	-3.235040110220656	-9.793060715558166	-8.86421539095842	1.496296930803432	1.1092075819923568	0.211554784041055	0.1960454243263316	1.056534412327063	0.24237577037590802	1.0
114000	-20.760144794519018	-18.452644563981515	-2.307500230537504	-9.105415077885505	-9.347229486096008	0.9749498829912606	1.3529718435596065	-0.03567943862941758	-0.07749906425963665	1.3261797365893788	0.12465418687058433	1.0
115000	-21.141468878309475	-18.510898220214713	-2.6305706580947605	-9.463166370014223	-9.047731850200488	0.8236446062268049	1.272875387360572	0.08921323555272165	0.1423337547011843	1.697010963794306	0.16661548050841313	1.0
116000	-19.72925796039349	-18.470834796679334	-1.2584231637141543	-9.337290934279869	-9.133543862399463	0.8702471245900699	0.8986830336549082	0.0814584163763109	0.09231573691421396	1.1823861709731887	0.08880758134381606	1.0
117000	-20.787380648948968	-18.216273430231027	-2.5711072187179425	-9.129640248306918	-9.08663318192411	1.0327758145445518	1.309082822416373	0.10671713243262748	0.16219051927313005	0.5482444840088133	0.15324175263037412	1.0
118000	-26.62724710825347	-22.448580434168072	-4.178666674085398	-10.789188158154548	-11.659392276013522	0.6251311321133965	0.36214774458682464	1.187325355766686	1.1372840721253479	1.8200600574889882	0.6000877151242633	1.0
119000	-21.72477253273984	-17.46323757907972	-4.261534953660123	-9.220619671121561	-8.24261790795816	0.9283318589930482	0.9759401692577744	0.07453497938697623	0.9798308930607285	1.0541864096360603	0.25648333726647954	1.0
120000	-21.261600382697672	-18.114037672380157	-3.1475627103175143	-8.849659719868447	-9.264377952511708	1.0763241635159706	1.3801688066422035	-0.4679707564811211	0.09078249864703125	0.6755450451146622	0.15326843178353325	1.0
121000	-21.21018300202619	-17.716066112543572	-3.4941168894826173	-8.976899299210961	-8.739166813332613	1.037373083658668	1.114448186448831	-0.19405000192929656	0.34238815373045367	1.4900417880488923	0.3854373405166374	1.0
122000	-20.419828930785602	-18.093602066747703	-2.3262268640379	-9.124246134336135	-8.969355932411569	0.969456745456974	1.0749134013631454	-0.008828719870705546	0.08364635201650374	2.638692535081683	0.04786092528052292	1.0
123000	-23.36957654785539	-19.579038468679407	-3.790538079175985	-10.34097361302476	-9.238064855654645	0.6576511219888227	1.3571687307417284	0.5998797671532461	0.06822063202949102	0.6273682264199012	0.07976771959574964	1.0
124000	-21.382606878452542	-19.851840777579575	-1.5307661008729663	-10.522391039891435	-9.329449737688138	0.6088042937110507	1.2006959758071571	0.1375508951212886	-0.2369970814822569	0.841057112777421	0.061980843411636656	1.0
125000	-21.900724481930816	-18.671600205223452	-3.229124276707364	-9.162953768607936	-9.508646436615516	1.3862603253579748	1.0749900599585251	-0.23917529625622905	-0.39628056562596836	0.9286262314874218	0.21347676445502892	1.0
126000	-22.924227399869245	-17.958963237671746	-4.9652641621974976	-9.368212562719943	-8.590750674951803	1.3044933419508788	0.8974716728092242	0.1959106889329521	0.6122719607522233	0.49914876294632066	0.05980018648562426	1.0
127000	-22.52864486138372	-19.379024071026485	-3.149620790357237	-9.09675497335847	-10.282269097668014	0.9071218214959289	0.5173621422894084	-0.4036431364726057	0.6981698491583074	0.989529722048997	0.29623158721173565	1.0
128000	-21.714789227282058	-20.159003912733915	-1.5557853145481415	-10.409556008889583	-9.749447903844331	0.6189129368084962	0.7305944505989806	-0.13815839771191385	0.025968001360302306	0.7133564462511319	0.13631212207241078	1.0
129000	-22.99936856737068	-19.981744309415248	-3.017624257955432	-9.809607729669764	-10.172136579745484	0.7145826469109398	1.7378672790127918	-0.2670661183778269	0.35424993890325973	0.6977511284694152	0.145496801923018	1.0
130000	-20.934398732315984	-21.11480387749086	0.18040514517487516	-9.483666575537345	-11.631137301953515	0.8092887241422627	0.48286810162734384	0.01992115854108273	0.026224460773830727	1.7696656235988182	0.04173648374213008	1.0
131000	-20.891744273690946	-19.803335709568167	-1.0884085641227816	-10.058088974926516	-9.74524673464165	0.6726966028845948	0.7118973185305111	-0.144831747721467	0.0949876565965817	1.18488522394634	0.1125924678145117	1.0
132000	-23.352173720849017	-18.167929951803238	-5.184243769045777	-9.02645986919151	-9.141470082611729	1.4188429759772327	1.3629191560700575	-0.5666703825080881	0.22245114546087869	0.45158542994385764	0.05427994144878531	1.0
133000	-23.719771987254497	-20.78869854293898	-2.9310734443155164	-9.724617818432302	-11.064080724506681	1.4723621819706487	0.5811668877218917	0.20470824232364593	-0.23141642452288447	1.7564355543106167	0.19574117961680002	1.0
134000	-21.402159467888026	-18.33212918172441	-3.0700302861636146	-9.132007029311728	-9.200122152412685	1.2223174676244597	1.0939274403882957	0.03074407474873936	-0.13874734040057643	0.7042825224824762	0.3225171484076088	1.0
135000	-20.70748643924319	-18.91972017079733	-1.7877662684458593	-9.083925074109345	-9.835795096687985	1.2550954635296454	0.7601235397290097	-0.0873275778890582	-0.13277605217317112	0.883451267110729	0.11177441675253393	1.0
136000	-21.737103119086363	-18.427872601787392	-3.309230517298971	-9.890081922089765	-8.537790679697626	0.7149380152361899	1.155043910714527	0.12269411650854323	0.672131721290963	1.2814230740791517	0.18735129850908586	1.0
137000	-23.64551550766938	-18.14751337675758	-5.498002130911798	-9.603601437181407	-8.543911939576173	0.8931162311037948	0.94162923440812	0.6523564649174368	0.6080093114719887	1.5105526162830778	0.09867804590037495	1.0
138000	-25.840447000132713	-20.878740213826042	-4.961706786306673	-12.005997698153315	-8.872742515672725	1.916122816288496	1.0812403132915995	0.6686425124996297	0.18257007114806648	1.3596417068546323	0.3783360774475456	1.0
139000	-21.64937373627939	-18.218197411013684	-3.4311763252657066	-9.227850567720226	-8.990346843293457	1.074742536564109	1.34783143790535	0.2759556755769089	0.42954746320654447	0.7063943150369048	0.27703722766150635	1.0
140000	-20.169899380472863	-18.3247655500044	-1.845133830468463	-9.199442594017114	-9.125322955987285	0.8778527324319778	1.0698869606931496	-0.2724733374867947	-0.0649776102368391	0.5737274810455311	0.032830956002398784	1.0
141000	-27.489776865411564	-18.972976261818165	-8.516800603593397	-10.597020865266511	-8.375955396551653	2.0985531183097534	1.0797742027633004	-1.3334330071367073	0.825413285813689	0.6713358434195719	0.2370329042257613	1.0
142000	-24.287794680470256	-18.83374515349253	-5.454049526977727	-9.314517766755174	-9.519227386737356	0.9731440043070608	1.557568134045585	0.34873670545498403	1.0640299769682267	1.5519904196284753	0.4872484593814064	1.0
143000	-25.370519567770515	-21.102505418585167	-4.268014149185349	-11.504790809011435	-9.597714609573734	2.2125992275694046	1.4170711753628047	-0.5251964910915338	-0.23671299144515023	0.46675993463370613	0.1463255974759375	1.0
144000	-19.297085052806924	-18.145833106370212	-1.1512519464367128	-9.131238559402098	-9.014594546968116	1.255672137306964	1.2115308616907405	-0.019083009059262537	0.0966937099262295	0.9963905893662326	0.037575095546531954	1.0
145000	-20.73615459324283	-19.14998464388014	-1.5861699493626906	-10.175313472575716	-8.974671171304422	0.6570344287191255	1.2653418063172412	-0.006634740014699048	0.22469292812483266	1.3589926461951034	0.07530334911945363	1.0
146000	-22.32145463437856	-19.171570555143617	-3.149884079234946	-9.249559959817086	-9.92201059532653	1.4268877179210897	0.5916504857409041	-0.21954930480445467	0.5050686201616107	0.6302653867915319	0.16348781602426019	1.0
147000	-23.332430293945205	-18.631887828084693	-4.700542465860512	-9.251442104224356	-9.380445723860335	1.5906902227607689	0.7919492384006862	-0.8082471923889474	0.12227421301149352	1.5057558047170736	0.19104811084701995	1.0
148000	-23.47744893963757	-18.148585214435492	-5.328863725202075	-9.689170054473252	-8.45941515996224	1.2247644617055478	1.2204014156939342	0.6524601602341871	1.1478272021043008	0.4962152984350097	0.7424156234129513	1.0
149000	-22.757531696050567	-18.59364642813956	-4.163885267911006	-9.014440100575634	-9.579206327563927	1.4530276565177578	0.7804320609190265	-0.7216346485811271	-0.0010527677383411554	1.4362043373443563	0.14927769356984424	1.0
150000	-23.259535807023767	-19.387898460439082	-3.8716373465846825	-10.400146926286723	-8.987751534152357	1.7007197079381888	0.748027072477134	0.20188905468818602	0.5854791858581689	0.5699622740492662	0.3620380832555014	1.0
151000	-25.13588035748312	-20.701862203555898	-4.434018153927222	-12.658371204530372	-8.043490999025526	0.41019575119149254	0.8779869229760208	0.6160844368904186	1.3517864173387266	1.2873833084121422	2.8895739381503653	1.0
152000	-24.090980308538107	-21.267119842954877	-2.823860465583232	-10.0022205614954	-11.264899281459478	0.6863274632492845	0.4265655887627829	-0.02213725640384756	0.7350033685886995	2.3183711300960916	0.7674646470529253	1.0
153000	-25.212802332640248	-19.65640878253471	-5.556393550105537	-9.378251113099829	-10.278157669434885	1.36529432485973	1.70802366678667	0.08709951747442246	1.2936346097040954	0.7583169661236454	0.9593879392298723	1.0
154000	-23.297283496332838	-18.630485075527353	-4.666798420805483	-8.779588958254214	-9.85089611727314	1.072718091857402	0.689440667253551	-0.7634535511123828	0.10138888717136857	2.467534988222402	0.1255451222571221	1.0
155000	-25.14368987439581	-20.41030317253049	-4.733386701865323	-9.566990955386924	-10.843312217143565	1.0983899175533234	1.8617138426003557	0.6787737167077466	-0.26823507068620256	0.824886162147154	0.7515134873217033	1.0
156000	-21.55886860584425	-18.579176667765804	-2.979691938078447	-9.586004598340558	-8.993172069425245	0.8101649233758277	1.2668422240112625	0.29559298197106476	0.20266343751321447	0.6019539528771476	0.2519571331824785	1.0
157000	-23.248229673762207	-18.893608105488333	-4.354621568273874	-8.86546459911218	-10.028143506376152	1.0941360232463537	1.7036684757034353	-0.3982149814645692	0.6492146862152686	0.9026941737677419	0.23455087657343418	1.0
158000	-22.30775316084672	-18.338003158714617	-3.969750002132101	-8.9989180254197	-9.339085133294917	1.3295795357421167	0.8044180617159804	-0.3698182094694116	0.12224001518594452	0.20061189223100723	0.11303228983868772	1.0
159000	-22.187714746978344	-18.99098092928015	-3.1967338176981954	-9.355019310947764	-9.635961618332383	0.8546772832796885	0.6055573452385975	0.029053217537010123	0.6502925388952362	1.609532921064426	0.08905849988784716	1.0
160000	-19.679514823329615	-18.12833889531033	-1.5511759280192878	-9.146372436583915	-8.981966458726413	1.0614528353405952	1.234322168353264	0.15101255260544322	0.16398744011763583	0.8245313554586349	0.04332217422552614	1.0
161000	-21.969620774135436	-18.512395137927722	-3.457225636207714	-8.879439594928163	-9.632955542999559	1.0148264282059611	0.929193061345715	-0.5511671897287838	-0.3566952862831321	0.6770700969299085	0.15617000368624442	1.0
162000	-21.389013441913836	-21.023079115425123	-0.3659343264887114	-11.905655410048324	-9.1174237053768	0.46346373979139105	1.1341895337799772	-0.0803955008089896	-0.05962538832591746	0.9542325966680031	0.040159023767055116	1.0
163000	-22.45657941871439	-18.887177398725083	-3.56940201998931	-9.215569868561314	-9.671607530163769	1.31837952967125	0.9062439713807134	-0.016019196377909717	-0.3498025898945888	2.2022738740682057	0.12505966982124891	1.0
164000	-22.9752339876592	-18.20323032906949	-4.7720036585897105	-9.167067635448184	-9.036162693621309	1.5604981175092745	0.7287011565403124	-0.8568665081566192	0.608223282437086	1.2224315277940674	0.9671345039662664	1.0
165000	-25.46112708370768	-18.262169466238568	-7.198957617469111	-10.017665837543	-8.24450362869557	1.5955347205038295	0.43331510429457654	-2.7802096136436543	3.497114104677228	1.125396676373052	11.819448715900835	1.0
166000	-26.61290106393748	-22.203317360992816	-4.409583702944661	-9.8884391531629	-12.314878207829917	1.7748664466568647	0.36602407808878634	-0.5458517978212876	0.6590871456990492	1.664225032023928	0.47716096451209195	1.0
167000	-23.982911057715032	-17.895344396224992	-6.087566661490041	-9.32216907271701	-8.573175323507984	1.5044432395683678	0.5076580248883313	-0.34045194104404247	2.282106004744323	1.478249255059535	1.8377912545303536	1.0
168000	-19.9498975102813	-18.633732138996244	-1.3161653712850563	-9.623906444702708	-9.009825694293536	1.500737854484807	0.9443430242483003	0.034733046851599836	0.13494411784505236	1.099323974774479	0.037716641456063016	1.0
169000	-22.4256538502952	-17.643568839881986	-4.782085010413211	-9.30184902576916	-8.341719814112828	0.8607003193427961	0.6436184568667918	-0.07764077175127548	1.6656123435640922	1.0161416246482309	0.886534762393242	1.0
170000	-22.70335307634548	-18.79813088176276	-3.9052221945827186	-8.976373288266155	-9.821757593496606	0.9532013843756155	0.5606847489479374	-0.5259132330381648	0.7616743512435088	1.7264520989188112	0.1976854644932461	1.0
171000	-23.598509221266	-17.68437896304318	-5.914130258222821	-9.373203500540065	-8.311175462503115	1.5185604842274614	1.0406175353924243	-0.312656607339141	0.8936127799849565	1.3143395622931129	0.13847243042068244	1.0
172000	-22.234235652396407	-19.40574545602012	-2.828490196376287	-9.784427945357187	-9.621317510662934	1.6439863811317004	0.889611541493974	-0.2013647196252118	-0.2835320451734242	0.5114705300952309	0.11277260339457303	1.0
173000	-22.41136449616528	-19.599860320024238	-2.8115041761410424	-8.989867632361044	-10.609992687663194	1.1345653630269696	0.660512877272034	-0.11710563888373776	-0.31108168322310875	0.32272641464513024	0.043921992701555494	1.0
174000	-20.602829454098725	-17.93333614011833	-2.669493313980393	-8.944794921422329	-8.988541218696003	1.026310898951828	1.0122475169525302	-0.2970181505514173	0.08999280306815421	0.4994514087404589	0.1502262830443404	1.0
175000	-24.726745384780966	-17.994562568410075	-6.732182816370891	-8.958361429335705	-9.036201139074368	1.1229166075519295	0.5459026844298626	-0.17459233410300912	1.5213279170491547	1.6403619970898182	0.26117047615501093	1.0
176000	-20.626409533906216	-17.75461708268361	-2.8717924512226065	-8.846244569925162	-8.908372512758447	1.099424348860968	1.0973511752451153	-0.4467660822722825	0.14606388068744566	1.1191102383871132	0.12037455150407643	1.0
177000	-21.643303655011238	-18.498758933037813	-3.1445447219734244	-9.297930985788545	-9.200827947249266	0.8588882479348515	1.4494932269721814	-0.10409117838955215	0.5096470994705193	0.8171892085628852	0.1635088690732167	1.0
178000	-19.79801044578875	-18.16858623871675	-1.629424207072001	-9.085347134858923	-9.083239103857824	0.9300855808106302	0.9711524649815274	-0.27081790964320623	0.03813347708715036	1.1043283332253953	0.07231452443371585	1.0
179000	-24.44686621297083	-22.560101193121874	-1.8867650198489534	-9.854616442807943	-12.705484750313932	0.7077822361094546	0.39913072032151553	-0.20241136480857533	0.06690185180898478	0.726588776559255	0.22412342453488698	1.0
180000	-19.70609400333046	-18.764144802039922	-0.9419492012905359	-9.30706755902074	-9.457077243019183	1.3365193480928492	1.4307344162312492	0.0629546848499879	-0.0339223864371927	0.8719821410632188	0.02510330109580839	1.0
181000	-21.89230102413306	-19.790521676200846	-2.1017793479322147	-9.999040594195318	-9.791481082005529	1.6841846879346163	0.7951880349626631	-0.10164032907227541	-0.20041587235190336	0.853869062674112	0.0848729688683261	1.0
182000	-20.63430796576916	-18.430602350261132	-2.2037056155080266	-9.303484456805142	-9.127117893455992	1.4021351882830229	1.334804177336106	-0.08594638276837155	0.1660951472093597	0.41065335485915877	0.05864076186097114	1.0
183000	-22.004902851391957	-18.03995304686709	-3.9649498045248683	-9.540392980055472	-8.49956006681162	0.8686199375609288	1.0265420361783177	0.4869280171697545	0.6167974293033662	0.5926355409569316	0.19210454247123662	1.0
184000	-20.01709261757491	-18.123078038006305	-1.8940145795686063	-9.022514124472005	-9.100563913534302	0.9857926125356227	1.2274091449762703	-0.20358751881724224	0.016375821885324493	1.0250043379145943	0.09155329306557126	1.0
185000	-21.564044298669934	-18.79099414200786	-2.7730501566620744	-9.936239666754407	-8.854754475253454	0.7087770570692988	1.1359493543320565	0.18074386760781516	0.2181364632715801	0.6214153760277578	0.26937883069301966	1.0
186000	-26.635024114191335	-21.323011839968956	-5.31201227422238	-11.597312891100284	-9.72569894886867	2.1206755669275448	1.2526316333110818	-0.12286474198796694	-0.5562259792955856	1.4655744955623335	0.2721845206510881	1.0
187000	-25.866876083205547	-20.96904405577596	-4.897832027429587	-10.81097553264135	-10.15806852313461	1.8701580209718018	1.7378945972526862	0.04705143855614917	0.5230201372066594	1.191567013198694	0.21920249461822142	1.0
188000	-20.62639395616794	-18.29376791212499	-2.3326260440429496	-9.525127689568997	-8.768640222555993	0.809551590027607	1.0735512843990633	0.14059884941713124	0.29558540149122114	1.825903551785095	0.10588841590411577	1.0
189000	-20.980645050520963	-18.940512618681836	-2.0401324318391243	-9.120630445300515	-9.81988217338132	1.2458379912041433	1.5799267500943086	-0.019010386702892526	-0.037337285813921484	0.9043419293138304	0.07686405212642566	1.0
190000	-23.970165816173058	-19.74350944460414	-4.226656371568918	-9.244192734847253	-10.499316709756886	0.8399367530008297	1.7954759239011935	-0.6310420953436229	-0.04826077322242637	1.1279790746647351	0.10460991647066764	1.0
191000	-24.640191798964874	-17.38728433734726	-7.252907461617614	-9.102532014552505	-8.284752322794757	1.2962402164475495	1.151999173214377	-0.1310605297877443	1.2981851938104074	0.5408084477983881	16.61645376983852	1.0
192000	-21.21067674619391	-19.432297406765915	-1.7783793394279945	-10.139661471601018	-9.292635935164897	0.6775374892249693	0.7930304452283856	0.32820845774719154	0.1903519505254544	0.9294085334693951	0.10352740780052311	1.0
193000	-21.345438296964186	-18.797573127067	-2.5478651698971873	-9.441312166890835	-9.356260960176165	1.3309077109321246	0.9826833050060919	0.22690376476470125	-0.2069968371285904	1.0085329578848703	0.14486767656120364	1.0
194000	-22.427529333105614	-18.16651897978275	-4.261010353322862	-9.042433214709485	-9.124085765073264	0.936312721392182	1.435609383944611	-0.37963487197288037	0.6327573571008664	1.4511367816885492	0.34649356078410914	1.0
195000	-19.935426154188804	-18.292930683661446	-1.6424954705273587	-9.287592139658797	-9.00533854400265	1.3635456670932522	1.1090559371363578	-0.01766045804158972	0.047384507119451635	0.9830997950526444	0.06863771365539316	1.0
196000	-24.764671058750572	-17.199705919467014	-7.564965139283556	-8.77383698145916	-8.425868938007854	1.111059249773322	0.3715787182357753	-0.6811454453877123	4.107933374871553	0.4698905907339267	4.120784769957587	1.0
197000	-22.410000476241805	-19.292926352111106	-3.1170741241307	-9.918245199977541	-9.374681152133565	0.6901570828914093	0.7793191213453116	-0.7856609692308754	0.1623251808698084	1.2955075674617589	0.4099796352317091	1.0
198000	-22.8306644877412	-17.24267037960054	-5.587994108140659	-8.711674519446326	-8.530995860154212	1.1296349449101362	0.7892129902471041	-1.117567166840792	0.9038464482568693	1.5064936477565156	0.396779353024141	1.0
199000	-21.779284093772183	-18.818602835234955	-2.9606812585372273	-9.500011937619705	-9.318590897615252	1.3025102763427387	1.0529365068357843	0.3415940782569217	-0.22920336580734801	1.004691180512928	0.18353977101272376	1.0
200000	-23.315360459801997	-19.477445118844283	-3.8379153409577134	-10.390974416603157	-9.086470702241126	1.6136442319717392	1.121439675038648	0.41651471016250163	-0.03169776426122084	0.36898527315432916	0.2632787612569036	1.0
201000	-21.809180099721402	-18.34358379071024	-3.4655963090111612	-9.608648061714632	-8.734935728995609	0.7519903934475916	0.8260495476179925	-0.4221874035076696	0.6025085443399346	1.1730983320156179	0.7768027941273039	1.0
202000	-22.283444627293022	-18.387351988148605	-3.896092639144417	-8.831893343920811	-9.555458644227794	1.0374510326157245	0.945694373660777	-0.6530065812458392	-0.3209561089254151	0.5514047340081537	0.1735102252372613	1.0
203000	-22.86808486561442	-17.16858503905062	-5.699499826563802	-8.72034504997156	-8.44823998907906	1.248036230246685	0.7565003340609182	-1.4251003656764376	1.0897776163090493	0.8843453339552128	0.759938629743193	1.0
204000	-22.210859694939867	-19.390818500244745	-2.820041194695122	-9.497050520168795	-9.89376798007595	0.8107791732975128	1.6516298854092828	0.0736475899125848	0.2605975600072584	0.2788783789327954	0.0507176588573669	1.0
205000	-21.952623687140736	-18.03708430308563	-3.9155393840551067	-8.908455065402269	-9.128629237683363	1.0149444975346744	1.103239229841727	-0.44149538627416496	-0.07331915287213597	1.968874885217927	0.04061490093817123	1.0
206000	-21.827818892447574	-17.827602967468962	-4.000215924978613	-9.23141035645574	-8.596192611013224	0.9394658368700478	0.8011047778125227	0.13264754759996344	0.8036933952065295	0.556650032741595	0.20904648792994998	1.0
207000	-21.292215917904922	-18.584518298228087	-2.7076976196768343	-9.190397874347859	-9.394120423880228	0.9902620838830682	1.0454941217652975	0.16411766416930687	-0.28834316433221463	2.0764087050947677	0.06010483560578897	1.0
208000	-20.82847545045259	-17.91013043040946	-2.918345020043131	-8.847076259856848	-9.063054170552611	1.1228361007389396	0.9477336094877642	-0.42829266893896645	0.08278428741048066	1.4388809158849811	0.05504311305240989	1.0
209000	-23.531281724324145	-19.88397913676132	-3.6473025875628284	-10.180804567322559	-9.70317456943876	0.6556821434981007	0.5986635704837171	-0.022450404107264815	0.6345515322686588	0.41159526212547104	0.12831411917748065	1.0
210000	-23.683962478146444	-17.955659907226476	-5.7283025709199675	-9.815051762787848	-8.140608144438627	1.104538194479268	0.7310946303502233	0.9170791967361691	1.5462750120753193	1.6422301771766983	4.533869319913742	1.0
211000	-21.94631294979722	-17.081296526121275	-4.865016423675946	-8.950358162580372	-8.130938363540903	1.1584565667524465	0.9904265515102806	-0.20197962146182247	1.1751851581711925	0.7032630297232615	1.3075373262920327	1.0
212000	-21.81944376716879	-17.57447233293191	-4.244971434236877	-9.15764389200172	-8.416828440930193	1.3729496319663832	0.8674480549864123	-0.21447546944771018	0.8555816614620082	0.7779586084388733	0.2535808553694503	1.0
213000	-25.613347339598402	-19.995809785017286	-5.617537554581117	-8.864447491227448	-11.131362293789838	1.3808442402520134	0.5564695525251924	-0.8478168912287902	-0.1367484177015607	0.2300968302773418	1.042572546384641	1.0
214000	-22.755951200692987	-20.584352693348542	-2.1715985073444455	-9.012768138253408	-11.571584555095136	1.0774201479448564	0.47422725763011236	-0.0774864883621853	0.12958123473801564	0.4975203085488887	0.1478459596478935	1.0
215000	-21.47665405473622	-20.29976967724708	-1.1768843774891364	-10.32639420084707	-9.973375476400012	0.6297564010702227	0.7127429216630204	-0.2006041750035313	-0.07538311023716635	3.1409936265718326	0.0451950432912256	1.0
216000	-21.465979752361967	-18.044374266432797	-3.421605485929171	-9.01891368061241	-9.025460585820387	0.930655000389497	1.195932065643579	-0.5301137730445806	0.06911119541210856	1.3948278984380953	0.306131580982997	1.0
217000	-21.26653526600164	-18.372500027552206	-2.8940352384494314	-9.375885353203948	-8.996614674348256	1.044455768814514	0.8704307291261033	0.4783676611921045	0.2633198378459159	0.9736606773008789	0.11323415979650206	1.0
218000	-24.771867383834376	-17.94919856157616	-6.8226688222582155	-9.739813795587644	-8.209384765988515	1.1855920644763056	0.6733005925482621	0.7542835557513883	1.6866387639964613	0.6222206340357836	0.46952504332333367	1.0
219000	-22.165971684819926	-18.508328943645417	-3.6576427411745085	-9.061034205703983	-9.447294737941435	0.9039685414597126	0.7449304991889558	-0.6383415399972887	0.2100792165477412	1.1805169826498658	0.0843058588560993	1.0
220000	-21.036345918432726	-18.76530038553548	-2.271045532897247	-9.684982612234805	-9.080317773300674	1.4859136108295594	1.1349634677938742	0.13376284401258384	-0.022835245148107138	1.4675133206833053	0.061005932044224546	1.0
221000	-23.545402699329042	-18.87035480758736	-4.67504789174168	-9.77145902429952	-9.09889578328784	0.9811098634867876	0.9119292021755081	0.9388992375337598	0.10096953043616083	0.8396100507554025	1.9541580165968357	1.0
222000	-22.2924249912816	-18.98769304158459	-3.3047319496970093	-9.721639208386286	-9.266053833198303	1.381913434143172	0.9962913505228875	0.40173935785507753	-0.1451196095348279	0.7486882150339841	0.3031728321582716	1.0
223000	-20.240824065110292	-18.158394781649566	-2.082429283460727	-9.131551849647343	-9.026842932002223	1.117162991639788	1.1471653785059344	0.12431302821655953	0.03580669070521039	0.4192145209568256	0.07802912158392941	1.0
224000	-19.223956895769497	-18.462714433197604	-0.7612424625718921	-9.259248492218378	-9.203465940979225	0.8968095830686383	0.890737862786179	0.03172639138540051	0.046456625899811255	1.194996861581904	0.05586677504363762	1.0
225000	-23.167233617126257	-18.915383286650858	-4.251850330475397	-10.07842315055401	-8.836960136096847	1.5205349301619164	1.2862635058801888	0.3992777953798411	0.49057652309535027	1.1708496369229762	0.14717462874452553	1.0
226000	-21.4929471985078	-18.31117219976187	-3.1817749987459285	-8.923657549993319	-9.387514649768553	0.9916733790029358	1.3157424863159202	-0.4912024602692934	-0.1842762102225463	1.0536991321149025	0.13353828302443024	1.0
227000	-20.906916135514887	-18.7642186696818	-2.142697465833087	-9.508646844626673	-9.255571825055126	1.3665953138159432	1.0218257007711262	0.22658999185492196	-0.15670191459165683	0.8401305333043539	0.0801829467561986	1.0
228000	-21.552957319860955	-18.258918019623863	-3.294039300237092	-8.842620639250592	-9.416297380373273	1.1042228144678574	1.2872705756747862	-0.45262306143777287	-0.24963732713182918	0.6634722045596786	0.19412985414227227	1.0
229000	-24.027294534133596	-20.243803351931536	-3.783491182202058	-11.058211043802725	-9.185592308128811	1.832452984326326	1.2348498149005698	0.3256667553982462	-0.06827511318549366	1.477504081343826	0.08697454868259848	1.0
230000	-25.907691949600938	-20.47735705301586	-5.430334896585077	-11.732396265652824	-8.744960787363038	2.130834543399245	0.6992648035066829	-0.05760916921335962	0.9877060098028903	1.2983780241049283	0.29419442288477776	1.0
231000	-21.279541956271604	-18.094764633644182	-3.184777322627423	-9.125414654086946	-8.969349979557238	1.1796447836376882	0.913043243971622	0.07117257045890701	0.21494768085524169	1.577163983488951	0.3259542107849819	1.0
232000	-24.260057569949364	-20.121190133903866	-4.138867436045499	-10.59099649974629	-9.530193634157577	1.9591619669978886	1.0677895739199166	-0.44364038764634034	-0.4102963991783447	0.8997092841500638	0.1293621648335111	1.0
233000	-25.130845213333437	-19.551432674406477	-5.579412538926958	-9.366266185233798	-10.18516648917268	1.6469401001707724	1.7388355553755184	-0.8494386817073042	0.3013249972738158	1.1661095686869194	0.3835342043083692	1.0
234000	-21.46912819539292	-18.2913593976988	-3.1777687976941213	-9.18176342874941	-9.109595968949387	0.8796589555496825	1.2372343619694184	-0.32335359049663653	0.0172196471113263	2.0812039641622837	0.13815440406953294	1.0
235000	-25.79648824582943	-18.78293253344639	-7.013555712383036	-10.27367083623486	-8.509261697211532	1.4193578068860921	1.2465342454367856	0.7670772080498738	1.4862052853282415	1.9348978480129508	1.4928876768112378	1.0
236000	-27.17164824664237	-19.43595703646934	-7.735691210173032	-10.952023596950692	-8.483933439518648	2.047860264493875	0.819066497270159	-0.4159473793578552	0.8787679554334192	0.31956640173427125	0.09315402967104604	1.0
237000	-22.911983181945498	-21.024678412773294	-1.887304769172203	-9.384755916733095	-11.6399224960402	1.4719231764372283	0.47983514755894946	-0.16207846407091175	0.04319310133983212	0.6147831110810715	0.10456024857897483	1.0
238000	-22.683134906175606	-17.275323243535084	-5.407811662640523	-8.810210930769333	-8.465112312765749	1.0251631178010283	1.1761702934130067	-1.2192975876722962	0.8679626342230016	1.3660502685940963	0.7814655654061256	1.0
239000	-22.36343763210156	-19.568125204507666	-2.795312427593896	-9.838293409197483	-9.729831795310181	0.7675159940375097	0.6266638120021539	0.5490708449801174	0.4692053244151498	1.466687097377369	0.21243924927716185	1.0
240000	-22.697499428888992	-17.103691886991786	-5.593807541897206	-8.744448549921032	-8.359243337070755	1.2475106008333163	1.1410238552958845	-0.8508925949610815	0.9921798918215017	1.0282892333446656	0.3588412494729792	1.0
241000	-21.544106008888765	-18.749097377524947	-2.7950086313638174	-9.442329480590582	-9.306767896934366	1.4065734114059705	0.8198546428818833	0.06848596105141785	0.10949765046341164	0.584039678830083	0.23352233983779508	1.0
242000	-21.528367057920168	-17.876856949296013	-3.6515101086241546	-9.103305922750522	-8.773551026545489	1.22848225780855	1.2449877470775248	-0.019067599452836283	0.48008782545590817	0.3933488098017877	0.20325309751627832	1.0
243000	-21.46490319818993	-18.31234504452015	-3.152558153669779	-9.04778804892743	-9.26455699559272	0.9641905047256669	1.2910263087544391	-0.21326181724285875	-0.0862960770109592	0.4216801706175517	0.22774860707084854	1.0
244000	-21.617909788856437	-19.422855865495997	-2.195053923360439	-10.028250111225894	-9.394605754270103	1.5797378333250685	0.8598269432231939	0.213517541241764	-0.05090831319940202	0.8389764871871961	0.10278909626419674	1.0
245000	-21.381475299204077	-18.20924967582249	-3.1722256233815855	-9.163093941545041	-9.04615573427745	0.8774779052941325	1.3437756977792203	-0.4313989134094596	0.31531560524217295	0.9355649286562975	0.21249519951182005	1.0
246000	-22.719301557639717	-17.56172884505576	-5.157572712583957	-8.919924125808974	-8.641804719246785	1.040343407477065	1.2768122329643028	-0.33291456132459407	0.915864370750818	0.5050451200707153	1.6376741012371063	1.0
247000	-24.212909365904878	-20.7265524059409	-3.4863569599639757	-10.87322476718479	-9.853327638756108	0.5844444378176928	0.8020142352241447	0.7969989301316012	-0.2632458758944628	0.736204187321963	0.25474936453339464	1.0
248000	-20.014539142972456	-18.5575275501025	-1.4570115928699576	-9.207558955285045	-9.349968594817454	1.176849675892579	0.7832692775429009	0.18802248078479897	0.17092856940613585	0.7431717539583753	0.03438241263842055	1.0
249000	-21.89370394857211	-18.307199769361333	-3.5865041792107766	-9.193927214848811	-9.11327255451252	1.0702668333209504	1.4177378694545755	0.22636007502106847	0.5196856261988801	0.8253645541517631	0.09882516041593674	1.0
250000	-22.575050027400437	-20.178052511259263	-2.3969975161411745	-9.133918444014945	-11.044134067244318	1.0313366338643053	0.506627330771339	0.11296095352045629	0.23931625759991138	1.7725784070856192	0.322827147573775	1.0
251000	-22.937253045213843	-18.701582125264387	-4.235670919949454	-8.88898378373082	-9.812598341533569	1.0157819503231236	1.2049175349815482	-0.5086018260030867	-0.6448975579426028	0.8090905831704844	0.17633883488542157	1.0
252000	-23.620230100373757	-19.019311006583287	-4.600919093790471	-9.139529449463602	-9.879781557119683	0.869642598366936	1.077024677393733	-1.041082334643739	-0.6794680361056997	1.1475625654975212	1.123975343955131	1.0
253000	-20.51930454142922	-19.101966063922653	-1.4173384775065694	-9.013138362144122	-10.08882770177853	1.252865793527745	0.6654706429193719	-0.19605854131401024	0.026242928973919888	1.2270228113393464	0.07142504840390444	1.0
254000	-20.656104009866212	-18.66487432307926	-1.9912296867869523	-9.660446890035413	-9.004427433043848	1.5401100174554376	1.2585753960915007	-0.031065342626740156	0.1732895137268699	0.9804972047209912	0.054124692039275314	1.0
255000	-24.420522015560074	-20.32117573301707	-4.099346282543001	-10.579706661040664	-9.741469071976406	1.9112762663017921	0.8394597452910441	-0.2791976594324864	-0.27207773189970774	0.3624145030472379	0.3810663574242952	1.0
256000	-20.810024866489066	-17.959853149103278	-2.8501717173857863	-9.106781532621783	-8.853071616481495	0.9963839302991947	0.9050895122619779	0.015363986743334834	0.33567569800718533	0.6154249290869429	0.26037441758136765	1.0
257000	-22.859448540830755	-17.595435874545373	-5.2640126662853834	-8.886403581441721	-8.709032293103652	1.1000582269707275	1.316300918822459	-0.3389868784640777	1.3461175089794666	1.0926898001108298	0.9875015903549442	1.0
258000	-22.894890482021108	-18.763249203161926	-4.131641278859181	-10.066489449653643	-8.696759753508285	1.5362649310833112	1.232809524844479	0.35248944537346305	0.5801438859914433	0.5144621059817583	0.26179308450493494	1.0
259000	-20.900061080164438	-18.50665499752472	-2.393406082639719	-9.358992524544961	-9.14766247297976	1.376645673994838	0.7687649957300545	0.040175411860176535	0.3809144959372519	0.9000442266175911	0.05879480067971248	1.0
260000	-24.657368547015416	-20.081941675226375	-4.575426871789043	-9.040218451519083	-11.04172322370729	1.1090020361417359	1.8547028591186503	-0.02168975472383683	-0.5778441798861221	1.1200281878827087	0.07464064137966299	1.0
261000	-20.36658671916382	-18.7140030765682	-1.6525836425956202	-9.34811287349713	-9.365890203071071	1.3725686565595738	0.8492607802646225	0.03626099043403888	-0.005764470574235903	1.5964073694219583	0.0603316031188859	1.0
262000	-26.64430709003815	-24.53432363243232	-2.109983457605832	-8.981095138501201	-15.553228493931115	1.10183483418949	0.2924973521036485	-0.13087515624133922	-0.34006102236039937	0.6766025334512754	0.03488154728911838	1.0
263000	-20.95056859140293	-17.95262304648756	-2.9979455449153702	-8.917951563462834	-9.034671483024724	0.986445061606512	0.901811898877674	-0.5460643149927547	0.17368412280805443	1.269416805657916	0.22680350276050762	1.0
264000	-24.324097249628515	-19.809454714532215	-4.514642535096302	-9.729781275325966	-10.07967343920625	1.396919367859366	0.5677921650843503	0.377969478255522	0.523365321352985	0.7564216388869239	1.65990715231101	1.0
265000	-23.60381487625543	-19.722170209807807	-3.8816446664476247	-10.28843058571943	-9.433739624088378	0.6899738253454746	1.1115940217484346	0.8454170833813806	-0.34529316888014394	0.9945888079938828	0.7036101048166388	1.0
266000	-21.7441818280604	-18.666441470480883	-3.077740357579515	-9.088340481252756	-9.578100989228126	0.9162375378295452	1.3154675423835396	-0.3574146320997406	-0.3744800774316215	1.0595809001836194	0.1399265040269347	1.0
267000	-22.451968050354687	-18.260312211366383	-4.191655838988305	-8.73672497169991	-9.523587239666472	1.1229603188342312	0.6961030483249984	-0.8488488129956558	0.3245750030579329	1.221982870407692	0.186962843106747	1.0
268000	-20.87106824759747	-17.86146430599404	-3.009603941603431	-8.868874871566653	-8.992589434427387	1.1307426774697078	1.2368933475171016	-0.3704593678907989	0.15449369823170667	0.8901161086350906	0.21290527718894703	1.0
269000	-23.370997056427296	-17.60477447843399	-5.766222577993308	-9.014804573982008	-8.589969904451982	1.246903920138372	1.2223881927496503	-0.1839664641378051	0.758329464597833	0.1964326633692986	0.8404392038800298	1.0
270000	-21.417919256766865	-18.040444035067456	-3.3774752216994077	-8.894557578722292	-9.145886456345163	1.2926108473943783	0.7908644217176792	-0.49533008669878176	0.3186927156113824	0.6295669549242331	0.12692432043656907	1.0
271000	-22.391169935574165	-17.045884737434342	-5.345285198139823	-8.981367160121694	-8.06451757731265	0.9426614489534555	0.8483659272682313	-1.377867907751025	1.357216347507489	1.118497455468105	1.2286900206288904	1.0
272000	-23.891179886145142	-18.7894898046331	-5.101690081512043	-9.934221861526517	-8.85526794310658	0.7616428667225071	0.8276823781057818	0.6974629293439529	0.483530734409913	2.4810309759930713	2.7356011687488087	1.0
273000	-23.866463326917916	-19.41851135818304	-4.447951968734878	-10.556553844618975	-8.861957513564064	1.6297031412653702	0.7701601811744376	0.49583511408674785	0.6305366139225554	1.424926194338105	0.25166565331800095	1.0
274000	-23.002211198057253	-17.664598733330536	-5.337612464726717	-8.761782141837019	-8.902816591493519	1.2555824258255674	1.2045518445991175	-0.7944506482203826	0.22267239122704796	1.9288804593514608	0.616376925092985	1.0
275000	-21.789261178210744	-18.25800179470929	-3.531259383501453	-9.038936330640809	-9.219065464068482	0.9150366746387808	1.2636381782985906	-0.609943816194894	-0.07239687252847021	0.6219794699017425	0.2693493327207092	1.0
276000	-23.494913007407657	-20.139789651293583	-3.355123356114074	-10.876287354485228	-9.263502296808355	1.7780475649096463	0.9735318554656651	0.34519252842964787	-0.12049658129319474	0.39620207043491024	0.15732502267283102	1.0
277000	-22.450349439460172	-19.932240278641288	-2.5181091608188835	-9.109293120083468	-10.822947158557819	1.0683104221199087	0.490982600569742	0.09213803694410609	0.5030306403156282	1.198996130221407	0.07303556949811928	1.0
278000	-23.26343146949204	-19.65806345825593	-3.6053680112361093	-10.699136508835423	-8.95892694942051	1.9238044429178076	1.0842312393468203	-0.21142679582433904	0.0933195561976847	1.4282440818043372	0.1331316242955586	1.0
279000	-22.251009298637243	-17.756607177411517	-4.4944021212257255	-8.976271441874346	-8.780335735537173	0.9445785642021683	1.0564075804707762	-0.6111009089034701	0.2829778102145788	0.27749309945083606	0.18581931960235634	1.0
280000	-20.65199096277357	-19.54773970419418	-1.1042512585793935	-10.02127791221804	-9.526461791976137	1.6878783106615518	0.7867762293418425	-0.09101435772614652	0.021682195934060233	0.8588922465170737	0.0376440318668129	1.0
281000	-22.644906794583882	-18.28068133539869	-4.364225459185194	-9.748739565036008	-8.531941770362684	1.6687740969840283	0.9645159697875821	-0.3237643932857999	0.6014917494322667	0.7708826171109685	0.10433844892675344	1.0
282000	-21.083196525210592	-18.59695759597971	-2.4862389292308835	-9.352578640784941	-9.244378955194769	0.9910679167865448	0.9459204784339784	0.4258537061682206	-0.07179590952736428	0.9926094690588797	0.06363382471787102	1.0
283000	-23.952208101618982	-21.720896014518665	-2.2313120871003185	-10.952182756547298	-10.768713257971365	0.5625133806256437	0.5980623139917272	0.4922453276676792	-0.12660182187417623	0.8856151968737337	0.24601127056914526	1.0
284000	-20.914269921495908	-18.129813464595628	-2.7844564569002817	-9.29480371087135	-8.835009753724277	0.9997407376223886	0.9751050279093567	0.34718489382452744	0.26766849010234184	0.9279729524391159	0.23648782492540665	1.0
285000	-21.894838031261212	-19.115805336195145	-2.7790326950660678	-10.17237240459455	-8.943432931600597	1.7991333554954765	1.0925239710079062	-0.2977559944151317	0.1091339075660902	0.5083155124273869	0.0832217334283561	1.0
286000	-20.956114674339098	-18.26363733113729	-2.69247734320181	-9.331962110090746	-8.931675221046545	0.9981011429496096	0.9484098016663083	0.4013652255299207	0.20221655347974735	0.9867552581062283	0.20471774735256246	1.0
287000	-19.702680686295043	-18.297253023578065	-1.4054276627169788	-9.147945725771747	-9.14930729780632	0.983408805497247	1.3094638561366914	0.07253849289219202	0.08053236757046092	0.7317825757345083	0.05872453457545307	1.0
288000	-20.31956495390048	-19.013700265890677	-1.3058646880098022	-9.120952875488591	-9.892747390402084	0.9475591450405226	0.7722297779817627	-0.0866667511411996	-0.20996381464541722	1.1208237778111318	0.07670459805271523	1.0
289000	-22.442768187690326	-18.731153433445048	-3.711614754245279	-9.636981908404536	-9.094171525040512	1.4735065854858014	0.7777035208273564	0.11625875953710987	0.40031900060203424	1.1320476299274418	0.027406084620086636	1.0
290000	-25.276690248213743	-19.69692667124484	-5.5797635769689045	-10.862689908171255	-8.834236763073582	0.7201665664293605	1.3430027320478315	1.7911993127280512	0.7934989222913207	0.8397342285984449	2.1876491000145633	1.0
291000	-24.786404883137095	-18.527760239342932	-6.258644643794161	-10.925704550456526	-7.602055688886404	0.5732869069586584	0.6796906136849459	0.7070655360708027	3.0113871193737616	1.1562233910053659	1.7821134618359975	1.0
292000	-22.02786509972689	-20.98431236629581	-1.0435527334310781	-11.031757974790505	-9.952554391505306	0.5442769429697274	0.7404714873203863	-0.023758779025522037	-0.15528343494502606	0.6631811227493847	0.07130396311764547	1.0
293000	-22.939226901654877	-17.87546717813656	-5.063759723518318	-8.770250609792594	-9.105216568343964	1.2465549733098025	0.6213680915567988	-0.742916225476175	1.009841766168222	1.5686039408060644	0.3497886545677455	1.0
294000	-22.500846707486804	-19.019386590153346	-3.4814601173334587	-9.345350909300093	-9.674035680853253	1.0063297836100582	1.0040259963503946	0.42631881000677035	-0.4766623158774217	0.6137708547827495	0.16793642718411886	1.0
295000	-24.42486701465016	-20.850405009503262	-3.5744620051468976	-11.484668327686618	-9.365736681816646	0.5141806732082413	0.906976450625785	0.9068834496589324	-0.11453192927373267	0.7832680143323449	0.3699971142885043	1.0
296000	-21.669432167887415	-18.878800488842728	-2.7906316790446857	-8.97575195211555	-9.90304853672718	1.1030291220974995	1.545450795564044	-0.14116017597350483	-0.27381969001097917	0.8659170233609034	0.13971010366752246	1.0
297000	-21.348433827848247	-17.466754599332045	-3.8816792285162016	-8.811792483839593	-8.654962115492452	1.1284781009597176	0.9039177351903684	-0.5270541636248722	0.5347158087607411	1.2336690190733108	0.5972323032517446	1.0
298000	-21.724016022147055	-19.127433377180616	-2.59658264496644	-10.245982275581984	-8.88145110159863	0.6487531889497185	1.2794155674673302	0.09384013959960556	0.393876183930836	0.6370938346736015	0.0512340728692393	1.0
299000	-21.25230086897218	-18.531307850893786	-2.7209930180783948	-9.209182911750002	-9.322124939143784	0.8659817085650108	1.0437898248249962	-0.3601127207073937	-0.22729070187412453	0.5894224600489701	0.14728443476316008	1.0
300000	-27.714966578792485	-19.764940816202	-7.950025762590483	-10.724035850905512	-9.040904965296487	2.1023836420575117	0.7482626675821996	-0.9846081451085833	0.5376203076339858	0.7798609722115266	0.1129111664253576	1.0
301000	-24.27129896882056	-18.75341194368868	-5.517887025131879	-9.078266292026221	-9.675145651662458	1.0519672892549823	0.9546540629408049	0.029980746626233568	-0.4232123717240761	3.014280261082162	0.755034474269064	1.0
302000	-21.011958134902798	-18.589924093848644	-2.4220340410541548	-8.9494108398493	-9.640513253999346	1.1475617007343621	0.8325815466434204	-0.19844170240634906	-0.1814919725351636	0.3367910937255792	0.05230939751298045	1.0
303000	-21.13640998732319	-17.591689891729573	-3.54472009559362	-8.804102042403745	-8.787587849325828	1.1104263187362233	0.8501626307363833	-0.5668395648910576	0.49805260836465287	0.965767892672641	0.2809156516903258	1.0
304000	-20.54208613986661	-18.127056075742956	-2.4150300641236533	-9.216735937527261	-8.910320138215697	1.3523616505407572	0.8557378184596527	-0.08482864743948668	0.37089099384498614	0.9300225639198265	0.07955377907432822	1.0
305000	-23.345667925827797	-20.3736589317769	-2.972008994050896	-11.72408695257669	-8.649571979200214	0.4817124379526067	1.0941964410183336	0.46581308038463226	0.44257881839541496	0.8040357216420095	0.1815371057945833	1.0
306000	-22.747475771980003	-19.06206138207844	-3.685414389901564	-9.671074993497516	-9.390986388580924	0.7354944090046001	0.8344711016440223	-0.6246907679627783	0.007061609943207481	1.4558527156828331	0.06360249233534486	1.0
307000	-21.00052248456886	-19.294875835220836	-1.7056466493480262	-9.297935430680354	-9.996940404540481	0.8377038793265426	0.664026826502703	-0.33229939444249934	0.09850182450144232	1.3332545887705018	0.031787500211952424	1.0
308000	-18.999499217514217	-18.4199140465751	-0.5795851709391151	-9.160040336253667	-9.259873710321436	1.3026285749649	0.8749648647876056	-0.060525886660286576	0.028330311593429428	1.170424085376139	0.028107702312388023	1.0
309000	-22.53693399251415	-19.081206584630575	-3.4557274078835754	-9.606999644563713	-9.474206940066862	1.4159420602412178	1.048276581299196	0.22033571140966585	-0.3551817910373802	0.3232174827505941	0.08513408072801834	1.0
310000	-21.318093876119853	-18.5225117110675	-2.79558216505235	-9.392632357352408	-9.129879353715092	1.5390472169873648	1.2547766855966764	-0.35070820365749633	0.01580138660715741	0.8028516254857525	0.08964360078887544	1.0
311000	-24.567133185881126	-19.376298592684634	-5.190834593196492	-9.698266137895995	-9.678032454788637	1.763654328002882	1.2661338215060864	-0.8012878027750434	-0.5078604659029491	0.727828499323488	1.1149567037677557	1.0
312000	-21.877179881044857	-18.13619372982084	-3.740986151224017	-9.38932127662509	-8.746872453195751	1.345913340883246	0.7898774522979158	0.1399192794119532	0.6829515878826979	0.6013391475007054	0.20395712432909052	1.0
313000	-24.790240845909313	-18.31219314774811	-6.478047698161201	-9.690736494424366	-8.621456653323746	1.2155924791871904	0.45270131501102395	0.6674057181525929	2.7307339290198227	0.9876457927357898	1.5701230478900141	1.0
314000	-20.58824283546112	-18.977742289040336	-1.6105005464207836	-9.84931405061031	-9.128428238430027	1.6429125500498971	1.0703974451239486	-0.1284812254591468	-0.06799063260081373	0.8883602271097552	0.044518649262456876	1.0
315000	-20.117586726863205	-18.467142713505982	-1.6504440133572245	-9.342976885408156	-9.124165828097826	1.4510252370001664	1.0610346885959534	-0.1589587079684809	-0.06109728915870469	1.392961500453085	0.029967505566100738	1.0
316000	-21.580771862482223	-19.152621042803588	-2.428150819678635	-10.136438308707234	-9.016182734096354	1.6967984633612583	1.3005009115180137	-0.009134041035767149	0.24140492769459526	0.6818733768482448	0.07278654190422469	1.0
317000	-22.952667026314128	-19.372377161239612	-3.5802898650745143	-9.347325386816802	-10.025051774422808	1.3243238981816092	1.6953545916415251	0.13466399056108852	0.32350292695336397	1.0777114217532529	0.1831464279361874	1.0
318000	-21.901158734394272	-17.72640091195737	-4.174757822436903	-8.913413137280276	-8.812987774677092	1.0541961739710852	1.2401477440911037	-0.32356239566421197	0.4057491641684764	1.7777683236269441	0.39304750347373973	1.0
319000	-24.666570266245557	-18.60017685192856	-6.066393414316997	-8.724352709897223	-9.875824142031338	1.1545558188991178	1.6207566745833455	-0.8723249627811858	0.07053412884093602	1.7205443010998587	0.1626040772644591	1.0
320000	-20.834230794430038	-19.22215862402785	-1.612072170402191	-9.339042164942953	-9.883116459084897	1.4059561262268085	0.7286732057808001	-0.05074849925004228	-0.06589097172324526	0.44986640053555316	0.05824537854586801	1.0
321000	-22.93760444669107	-18.27333553085822	-4.664268915832849	-9.72851096693439	-8.54482456392383	0.7295096646020499	0.5772229225994558	-0.31306664425340514	1.8106095374624245	2.1566256614971437	1.3802383879344944	1.0
322000	-22.642865499636418	-19.14536827859309	-3.4974972210433286	-9.131482613959584	-10.013885664633506	1.0340357506494695	1.470390189483431	0.1109954459643488	-0.5581696450548141	0.6903902628805028	0.187371279925415	1.0
323000	-21.105722055592857	-18.035006177216218	-3.0707158783766393	-9.385829517239165	-8.649176659977055	1.3549509916281588	1.0954232197527243	0.11746050109522999	0.4437045615638625	1.024712604174464	0.08626575352341641	1.0
324000	-20.497920508997957	-17.85899860788793	-2.638921901110028	-8.965908525072965	-8.893090082814965	1.0481832607760964	0.8551677861284088	-0.20301097071768184	0.38798346152540336	1.4881363051211967	0.158811191144872	1.0
325000	-23.00516197402124	-19.764628255855886	-3.240533718165354	-9.54154423668675	-10.223084019169136	0.8541631622762267	0.5293782945914969	0.43597010101901085	0.6595258835399069	1.1372735283685498	0.6957961427539032	1.0
326000	-18.855044782796266	-18.165290132102584	-0.6897546506936822	-9.145478139132681	-9.019811992969903	1.2117068253210448	1.0350475778160204	0.06353052973798531	0.04720713686969266	0.709532915907842	0.029126483802720492	1.0
327000	-23.186789693132226	-17.578383765013456	-5.608405928118769	-8.857082770953017	-8.72130099406044	1.2442832862429125	1.1227493809881408	-0.4891678949810553	0.36950589656033384	0.5236068025802404	0.042826472372846695	1.0
328000	-25.098949007698877	-18.941056497391976	-6.157892510306901	-8.982301309822585	-9.958755187569393	1.3635429583597576	1.3788518776634793	-0.4874818972156934	-0.6408346047508986	0.5830274651943352	0.07709026667227342	1.0
329000	-21.285372987996126	-18.131393780522842	-3.1539792074732853	-8.967160062654436	-9.164233717868406	1.2974777231899783	1.2161331957185002	-0.3579287785303975	-0.06309299831676651	1.1767436065556864	0.1890820620621892	1.0
330000	-22.26399814809781	-19.022924827530034	-3.2410733205677755	-9.115232888694612	-9.90769193883542	1.3177352494458052	1.6604390175321753	-0.15441616131388636	0.3121662178211163	0.4916160852892442	0.15297502564558255	1.0
331000	-21.97479677918328	-19.310744835315543	-2.664051943867736	-9.807253108255814	-9.503491727059728	0.7268395428127988	0.9759002968452343	0.021919487431397378	-0.31749651404950224	0.4513097973373647	0.15594887407653474	1.0
332000	-22.117697345866603	-19.69739259750262	-2.420304748363984	-9.345339370045457	-10.352053227457162	1.317037607793578	1.7605001013442818	0.14632769313690108	0.012448586292631486	1.0195412192376887	0.069067456146925	1.0
333000	-21.544367765641486	-18.559880582327978	-2.9844871833135076	-9.080350525217858	-9.479530057110118	1.272688314219746	1.4880900901694438	-0.12185074385845444	0.12838625777830198	0.6658204116107275	0.20573056261879652	1.0
334000	-20.686485988001873	-17.760624509676767	-2.925861478325107	-9.11369576085797	-8.646928748818798	0.9743037080764931	0.9535967469726526	-0.019117240670534108	0.48220459829264206	0.7116578161221148	0.0669306914084975	1.0
335000	-21.697940033822654	-17.88880867787823	-3.809131355944425	-8.880378110969085	-9.008430566909144	1.1596059086232218	0.6898767458054269	-0.3483948413674788	0.7801379910534845	0.911000454290235	0.23718728596084981	1.0
336000	-20.362040450553344	-18.499927613571117	-1.8621128369822286	-9.164594875422107	-9.335332738149011	1.3507970428721356	1.2999222721880497	-0.1532941783464606	-0.15080877936387496	0.8111025558136175	0.04896129743602954	1.0
337000	-20.251013417567176	-18.41667734496862	-1.8343360725985582	-9.257383820868679	-9.159293524099942	1.2425977733786802	1.205135179770379	0.16812667943592258	-0.06686623041475068	1.3242136834719087	0.04890088636706036	1.0
338000	-20.933244280498393	-18.806000794422275	-2.127243486076118	-9.118175186464835	-9.687825607957441	1.2968140201703255	1.4830172575629124	-0.1090924914391363	-0.18627223121369701	1.1517042482540807	0.04064023741365476	1.0
339000	-24.131160614262992	-17.67952973161036	-6.451630882652633	-8.934622210877315	-8.744907520733042	1.3468862847929128	1.212056763677559	-1.9576172989311895	0.45118312857034115	0.7653544391720648	5.930983087624923	1.0
340000	-21.915067398231184	-18.674098470922942	-3.2409689273082405	-9.212768495962797	-9.461329974960147	0.8877020265397138	0.6409868923564974	-0.14778795275667378	0.6116401024509918	0.7890487162948755	0.5168444882750701	1.0
341000	-20.126687678020957	-18.54575836610374	-1.580929311917215	-9.134076016512743	-9.411682349590997	0.932135428815978	0.8351506313289193	-0.11759253650129477	-0.010937317569266379	0.31569371529869655	0.03643440133799864	1.0
342000	-20.486945762468153	-18.124393728520744	-2.362552033947408	-8.89634768253608	-9.228046045984666	1.1338424166547125	1.0882708031163741	-0.30593518061313457	-0.16293806442428727	0.7566338351238187	0.09683088513385027	1.0
343000	-22.590975573573814	-20.074668668801547	-2.5163069047722675	-10.688078941668117	-9.38658972713343	0.5888306417327558	1.2331189922808412	0.23056652001139447	-0.27035437202548973	0.7135559755810152	0.19917822503134272	1.0
344000	-22.97620483602643	-17.64666648515516	-5.329538350871271	-8.859442552852077	-8.78722393230308	1.2190753319040581	0.5520660142888536	-0.44721700410738724	1.7208164670106836	0.6381866065874914	1.428648970178512	1.0
345000	-22.311368238664553	-19.59300284494871	-2.7183653937158434	-9.956313800924534	-9.636689044024177	0.6950042974871118	1.369250176687249	-0.01754099074333426	-0.3609656278608718	1.4109102721406566	0.1824053551641541	1.0
346000	-22.993636478395658	-17.651207433228706	-5.34242904516695	-9.610194381625433	-8.041013051603272	1.0112223762150137	1.0353022060100145	0.7619906685327793	1.5095334797832778	1.1856552605391666	1.0271204213666192	1.0
347000	-22.17889683278429	-18.895389486191895	-3.283507346592394	-9.312796809513179	-9.582592676678715	0.8199380074330329	0.6875335014821102	-0.6288920752220672	0.312282856438366	1.0834322746210117	0.1158242028416732	1.0
348000	-21.43337148388684	-18.31806489590312	-3.11530658798372	-9.42359845117736	-8.89446644472576	1.0111303863316663	1.0329472184610113	0.5351937802657432	0.17021198436619106	1.0388668406909058	0.24013281178836046	1.0
349000	-20.11623841928762	-17.86290583585616	-2.2533325834314595	-9.026846995314754	-8.836058840541408	1.0691226351160061	0.9412978871571562	-0.05487783406438146	0.30217305946010714	0.5409648911885867	0.08678416927613739	1.0
350000	-19.837336586127815	-18.67088913264689	-1.1664474534809228	-9.744152880432752	-8.926736252214138	0.7425210322943848	0.9115963377532063	0.04910335419507271	0.2563901476894811	1.242901719189882	0.05331527356048585	1.0
351000	-22.211544086749214	-18.04322824608657	-4.168315840662645	-8.834889947538686	-9.208338298547883	1.3115118237666012	1.188622375255491	-0.6929623661274711	-0.12728745988159418	0.4916687579533909	0.17257028678987965	1.0
352000	-23.00022879839584	-18.56891193014259	-4.431316868253249	-9.259637415199236	-9.309274514943354	1.5558604593449281	0.9481033272921574	-0.6261078431607829	-0.1285429491533205	0.7587745622389713	0.9232522890729025	1.0
353000	-23.1237658164988	-19.742266527291612	-3.381499289207189	-11.073883739250267	-8.668382788041347	0.5546173217102258	1.06671070127333	0.7102924455877402	0.4106350528168202	0.9998517985234537	0.2908550978399473	1.0
354000	-21.831411748306508	-17.9752054291072	-3.856206319199309	-9.455115662313112	-8.520089766794088	1.4216732939384469	1.0738791189895986	0.04776012401895524	0.6023621939253556	1.103858554113818	0.1085581122327038	1.0
355000	-19.62312558676222	-18.80105653863276	-0.8220690481294617	-9.70578803094892	-9.09526850768384	0.7509840206592774	1.2482528596298925	0.04068968635463083	0.047124089123782964	0.5085311213739168	0.03188138705394373	1.0
356000	-24.40359344901243	-18.677220103652527	-5.726373345359903	-10.543094528457965	-8.134125575194561	0.5990901607007715	1.070406248039809	-0.3680936547093452	1.3445669160899774	2.9718941075855523	1.7123894203690446	1.0
357000	-22.411887823688907	-19.028327285186997	-3.3835605385019125	-8.891687286325116	-10.13663999886188	1.0216941908349115	0.8247633224536941	-0.4745704026313827	-0.5178060012935973	1.3344551584452233	0.3544260409670834	1.0
358000	-20.615029203292664	-19.270009712391314	-1.3450194909013486	-9.371533348331653	-9.898476364059661	0.8747819425170064	0.7261289244224016	0.1844734213913563	-0.06834314101730628	0.6367340738663098	0.06692739734174667	1.0
359000	-20.547738577922832	-18.201107330744584	-2.3466312471782493	-9.052734302194962	-9.14837302854962	0.994684365719692	1.2948342041633902	-0.10479768488178764	0.054699441899999646	0.7593958923082407	0.16143658812680128	1.0
360000	-21.82184526005144	-19.300651185876635	-2.5211940741748027	-10.43655680305049	-8.864094382826146	0.612698799451492	1.020907754806	-0.4232173778222169	0.20639858668049038	0.7086945431116133	0.14707370657420712	1.0
361000	-23.18117835799152	-18.940080912730537	-4.2410974452609835	-8.849361505230593	-10.090719407499943	1.205817425545427	0.9613412657137755	-0.4555841799075587	-0.7270660421714006	1.2464455755872756	0.22561796458529795	1.0
362000	-22.75454857441352	-19.07400423875758	-3.6805443356559384	-9.752443958505538	-9.321560280252044	1.6998097386048616	1.331154672264237	-0.43019023489801483	-0.08755579585547503	1.0367122111260474	0.16114025398040133	1.0
363000	-21.358601595466254	-17.870645454554623	-3.4879561409116313	-9.027446594242821	-8.843198860311801	1.1376790556785799	1.2556573732045413	-0.0517366606371068	0.3944740069117513	0.3273581141380529	0.15085659046084451	1.0
364000	-21.59601637916851	-18.01619197414038	-3.5798244050281323	-9.075203150663611	-8.940988823476768	1.1616492201212076	0.7822698004873707	0.011531950674287972	0.5225689920155933	1.6768680848979898	0.05765408480213021	1.0
365000	-23.497818630410794	-18.73933193986488	-4.758486690545915	-9.27709285040597	-9.46223908945891	0.8297159306182135	0.831895980175184	-1.0921516596241627	-0.04325292996719754	1.2259711281972672	0.20918510643317895	1.0
366000	-23.335969226136953	-18.961144811673304	-4.374824414463649	-10.101812420442903	-8.859332391230401	1.8059249595056517	0.8632848112210783	-0.40010145506765177	0.40318145805691813	0.26566672720249424	0.16940886171387812	1.0
367000	-19.78143006835389	-18.215722476113683	-1.5657075922402084	-9.072740322483495	-9.14298215363019	0.9482230481219951	1.0330661889332302	-0.21226936897509302	-0.06522122805602004	0.7001507878615312	0.06309990803774676	1.0
368000	-23.908961906268964	-19.414722355197007	-4.4942395510719555	-9.684094080105856	-9.73062827509115	1.2501235062092473	0.5848326264910921	0.6086947525758098	0.6898961578547638	2.1530897962560553	0.2795829177736205	1.0
369000	-24.358201361056484	-18.888264972035856	-5.469936389020627	-8.955252774466036	-9.933012197569822	0.9518383248540403	0.9061939154991641	-0.6549235998115386	-0.5386617385678062	0.2713141316100846	0.14797857462162553	1.0
370000	-20.588041275567456	-17.664203898522196	-2.9238373770452615	-8.933679816178776	-8.730524082343422	1.06510191799585	0.9906027564626058	-0.25661213653958037	0.36235933584296254	0.5623252399513708	0.06558477075770577	1.0
371000	-26.527351811734267	-19.537528628343487	-6.989823183390779	-9.217984057312982	-10.319544571030503	1.3010366878210107	1.4463883139843883	0.020269967091893992	-0.851303126177076	0.36762813351141466	0.07708573437549897	1.0
372000	-22.859859027417393	-17.557672490100174	-5.302186537317221	-9.35938116041022	-8.198291329689953	0.9317683145984793	0.9792631531928799	0.35005326465809317	1.0507037104007968	2.092257137203999	1.8382597919454429	1.0
373000	-20.258365938963543	-18.888460052641562	-1.3699058863219786	-9.070875963132666	-9.817584089508895	1.2677596081806974	0.7271416092276306	-0.127928484569234	-0.012696548687061299	1.1321289078204162	0.07515446955494212	1.0
374000	-19.86899622388724	-18.111380572339808	-1.757615651547434	-8.94481902955743	-9.166561542782379	1.1235492296507386	1.3305191561964784	-0.20180384211384483	0.10198358601125541	0.7328782853607925	0.04837475933350355	1.0
375000	-22.83980191165337	-19.214585444397436	-3.6252164672559344	-8.999903885368772	-10.214681559028666	1.097464453626863	1.6241053691027911	-0.09540125898694152	-0.40885243101694957	1.44759754084918	0.10619127370969043	1.0
376000	-21.741946668138638	-19.117193051285703	-2.624753616852934	-8.968940349832472	-10.14825270145323	1.2607599326391568	1.6847037931413886	-0.2859463618396676	-0.07546462007690427	0.5238936692923041	0.06723269236175881	1.0
377000	-24.945767190196477	-19.071196423485134	-5.874570766711344	-10.970661188349185	-8.100535235135949	0.680510396776081	0.5796834354091549	1.7893966812381548	2.3510386725116463	0.7238266483126193	3.972082115490105	1.0
378000	-23.014109551746177	-20.04674573541228	-2.9673638163338985	-10.70982329928441	-9.33692243612787	1.7591089609216004	1.40497314031624	0.278753120178926	0.0579861552489561	1.1309629778644548	0.03764086418189553	1.0
379000	-20.732044628432124	-18.118530551078813	-2.6135140773533125	-9.087080874476563	-9.03144967660225	1.1081125199159563	0.8541389761352596	0.05724165396293923	0.2649406555857992	0.5595257522867978	0.18620485830599937	1.0
380000	-19.95160899445437	-19.05370704950665	-0.8979019449477221	-9.874045015525368	-9.17966203398128	0.7059917888847564	0.9867178997672895	-0.14305974523812975	-0.06226932764279309	0.9326789608757703	0.05649759556686959	1.0
381000	-20.69289983430426	-17.95439679507347	-2.7385030392307894	-9.156613525916484	-8.797783269156987	1.1597147811711876	0.9638821466726069	0.13423552294096186	0.3153482404294399	1.8195575788678673	0.041435998292446395	1.0
382000	-20.19928111592764	-18.26735242495691	-1.93192869097073	-9.108251042325124	-9.159101382631787	1.1775302409794226	0.8149954880655973	0.04803793433419014	0.24413338209255825	1.1256128533827852	0.11211958895775939	1.0
383000	-20.991012881710336	-17.719674600724428	-3.2713382809859084	-8.875932610331795	-8.843741990392633	1.1024636424970236	1.2095205978889718	-0.36375270199903376	0.30589292383797795	0.46128274346119386	0.1099485109090575	1.0
384000	-22.914161347468145	-17.60160325472627	-5.312558092741876	-9.246051250526307	-8.355552004199964	1.591293818326861	0.7409121242812138	-0.8248382781971392	1.245425947571464	1.0250177568603251	0.9029670467549405	1.0
385000	-22.276632961055963	-19.146023757178696	-3.130609203877266	-9.779273393413096	-9.366750363765599	0.7644213178219897	1.3607165947964472	0.3965333277700678	-0.08541841730590571	0.3833134978880903	0.11808662834939868	1.0
386000	-23.035948077608506	-16.469823052668346	-6.56612502494016	-8.767003353108986	-7.702819699559361	1.1812476651122044	0.7818383647982431	-0.6733159727936608	2.230749692221559	0.39037540615942695	4.189885907873352	1.0
387000	-21.16414286933756	-19.693491494290058	-1.4706513750475017	-9.124429282433129	-10.56906221185693	1.1785563228128675	0.5792820738569013	0.0708148776792894	0.10863637034335077	0.648482714938758	0.08432223413037433	1.0
388000	-23.026378779382714	-19.810009991103744	-3.2163687882789693	-9.83646790088978	-9.973542090213964	1.4930360709488626	0.8139102826321052	0.25890275646212035	-0.3788763864243526	1.231686641498916	0.21551690271626409	1.0
389000	-22.31783663490169	-19.45735141062564	-2.8604852242760472	-10.652528314271986	-8.804823096353655	0.5861178392621651	0.9887705097891809	-0.24103401750057996	0.28668128854543073	0.7685209660387825	0.022907138837697842	1.0
390000	-21.55931913303134	-19.700911774859115	-1.8584073581722245	-9.949761628148346	-9.751150146710769	0.6954860185854643	1.5943356191590596	-0.03664772708922834	0.1659862788732107	1.3738264490844245	0.06677345408923106	1.0
391000	-23.474571428146305	-20.16004464130281	-3.314526786843495	-9.385466657653797	-10.774577983649014	1.4618174025602635	0.6377480167887527	-0.13403787639886863	-0.32099295733024913	0.2950381738774117	0.12774642198642905	1.0
392000	-23.849187257494542	-19.052390004367638	-4.796797253126902	-9.529086821957883	-9.523303182409755	1.4674657079896645	0.6694553082105205	0.01810860466703129	0.43369438726236814	2.5896981242853068	0.40461746758195866	1.0
393000	-20.826858626538222	-18.456017086039306	-2.370841540498916	-9.281249036504196	-9.17476804953511	0.8432955236792378	1.0716651176412113	-0.33007079014878005	-0.1107407475983273	0.8127983636857172	0.16407508164885312	1.0
394000	-22.50802703036785	-18.395235764086344	-4.112791266281507	-8.948459500611557	-9.446776263474788	0.9442696094020493	0.7730336520193712	-1.1278937159027076	0.12325128446708691	1.1721195360549144	0.7925878403387512	1.0
395000	-23.796116129108295	-19.995784582599477	-3.80033154650882	-9.122393498268403	-10.873391084331075	0.913995979936031	1.8323301198835038	-0.25312771677302914	-0.46048931145054195	0.9158293479957553	0.07320788116035631	1.0
396000	-21.875354010407747	-18.511274049374222	-3.364079961033526	-8.975903854815982	-9.53537019455824	0.9952443122255548	1.5292128783848589	-0.3006268818596275	0.22730043724310817	0.3188385299053543	0.04881670823417465	1.0
397000	-22.106955614876078	-18.31101734599357	-3.7959382688825074	-9.592694183924326	-8.718323162069241	1.5730243656543064	1.1967177856424067	-0.20080737110184196	0.46240587744241185	0.7454101333597406	0.05992606031794388	1.0
398000	-20.639890452939834	-18.27508470294274	-2.3648057499970947	-9.124912126754623	-9.150172576188115	1.2201418509228925	1.3249748928087473	0.023517633634945134	0.11152360808461595	1.7746764280745768	0.05135034478853787	1.0
399000	-24.472475468260015	-19.204029302720205	-5.268446165539812	-9.707676740158345	-9.49635256256186	1.2312882837113566	1.1206475033690315	0.6596219236801412	-0.3985494424035818	0.675809932799765	2.5640832641637594	1.0
400000	-24.514482280291972	-20.334294833434463	-4.180187446857509	-10.26713616233724	-10.067158671097225	1.716597610245688	1.7142626197801605	0.049326607829670056	0.5325408253835088	0.4466545832631549	0.2570907042379636	1.0
401000	-22.38201342433608	-17.56441855377531	-4.817594870560768	-8.842260202469497	-8.722158351305817	1.3610169745601097	1.1658898484618536	-0.8407186362391705	0.41000074714858104	0.46755568762705035	0.28601200676097993	1.0
402000	-21.74911934426287	-18.198279328870605	-3.5508400153922635	-8.998028182539706	-9.2002511463309	0.995357771615322	1.261580190936626	-0.23848552262485678	-0.05436911362679786	1.4799668011827773	0.39927020803375196	1.0
403000	-22.111045652295648	-18.55159902951724	-3.5594466227784056	-9.48003872633831	-9.071560303178932	1.592650116440408	1.1738493087220694	-0.40903989458320983	0.0029364624850882343	0.3865976563152322	0.045357352921615406	1.0
404000	-23.251788640012602	-17.065266766265324	-6.186521873747278	-8.747801321192208	-8.317465445073118	1.2415250177544146	1.1219915412259105	-0.8224454012892295	1.0283687193041728	0.28437933454673553	0.4345755638506015	1.0
405000	-23.457360203727482	-18.958497317818015	-4.498862885909469	-9.320017654367359	-9.638479663450655	1.3541226043941688	1.372600766213406	0.042277053654527386	-0.3577306510461136	0.14331170557538198	0.11059227806391841	1.0
406000	-21.38024696011528	-17.970844693762572	-3.409402266352709	-8.95472593138095	-9.01611876238162	1.2979957516004808	1.216370124571316	-0.3825731863551187	0.10024104769648634	1.6086267075516318	0.09913836373521684	1.0
407000	-22.359416716415886	-18.273503312180097	-4.085913404235788	-8.86232709597867	-9.411176216201428	1.3268917775713127	1.1776770208237903	-0.6599333495989657	-0.32091479904319276	1.0572329838038603	0.21836720527770154	1.0
408000	-25.912345770653253	-23.701587169440373	-2.21075860121288	-9.372990252708316	-14.328596916732058	1.4026233686809526	0.32832760008873113	-0.002044609901961869	-0.11919896738655766	0.5358068876073451	0.1576111566325871	1.0
409000	-21.042057335697454	-19.934706047888668	-1.107351287808787	-9.0702330140781	-10.864473033810569	0.980309848588828	1.9026906466048652	-0.10154058620354572	0.03257098807918238	0.9701894836858406	0.021126248317049425	1.0
410000	-20.361632806851894	-18.311697108865623	-2.049935697986273	-8.93783155316344	-9.373865555702185	1.1117913623921374	0.9509390924685535	-0.21693184409801483	-0.18483741903359235	0.8708735813124723	0.10605962917703557	1.0
411000	-21.958837548906487	-19.941131937417527	-2.0177056114889607	-9.33011091601251	-10.611021021405017	0.8732841530140089	1.8473918572341181	0.08099119033567787	0.20608098773791517	0.5665189804796855	0.05073276247997426	1.0
412000	-22.34020533587965	-17.587330528870865	-4.752874807008783	-8.981894697456035	-8.605435831414828	0.9312910662979305	0.901352131720223	-1.1796142939116008	0.5907404457532559	0.943253771021759	1.7939419164453205	1.0
413000	-23.54897078081918	-19.70503118786919	-3.843939592949991	-9.739683024972848	-9.965348162896339	0.733401991190379	1.3993090414539915	-0.14023387943227458	-0.6215733440960254	0.9087212936306474	0.08799451566547667	1.0
414000	-21.251223968627528	-18.565807578002563	-2.6854163906249644	-9.675520587940534	-8.89028699006203	0.7742138271359515	1.0130500079617435	0.22507052952378742	0.18457343313919017	1.3236081492845453	0.33877483612913617	1.0
415000	-22.793264943663367	-19.133196001300355	-3.660068942363012	-9.845072082888928	-9.288123918411426	1.53851656961557	0.77654048207327	0.15520242447091062	0.24055489330571955	0.944036399169526	0.5772534237367574	1.0
416000	-24.783019473802202	-19.25077247718845	-5.532246996613755	-8.757653016312375	-10.493119460876073	1.1153964654271804	0.6444908119114597	-0.747579126438725	-0.16384413675300946	1.2498503879533214	0.06203500951801488	1.0
417000	-19.829609516514633	-18.038313855875437	-1.7912956606391959	-8.969115722541325	-9.069198133334114	1.0178365405861793	1.1659567315872772	-0.25294509227005224	0.0008742965603065478	1.3110688037596026	0.048297864356709505	1.0
418000	-23.97710827607414	-19.656070071352644	-4.321038204721498	-9.636987821841945	-10.0190822495107	0.7798619171660401	1.5733857733737473	0.17503988775226717	-0.33120624569719415	1.9776887314359124	0.36892169559474863	1.0
419000	-24.2761295476269	-19.898029649787457	-4.378099897839443	-9.855602988292743	-10.042426661494714	0.7016478447665143	1.7018402030005175	-0.4875855660310082	0.3495002561472657	1.2787048853978986	0.06797674772296988	1.0
420000	-24.062885806438974	-21.308085592065805	-2.7548002143731694	-12.486482275101054	-8.821603316964751	0.42129414745600624	0.7173087077599963	-0.21618635262430766	0.8450486873593934	1.5860281244353107	0.3789962232239033	1.0
421000	-22.10297682845732	-18.69930873771951	-3.403668090737809	-8.86695070052551	-9.832358037193998	1.064218675262552	0.6062510469776048	-0.43707204718980575	0.4945078698530997	0.5731801297228823	0.2670476745932317	1.0
422000	-20.617273574260945	-19.416432976886007	-1.2008405973749385	-9.535293641712304	-9.881139335173705	1.5001602448713252	0.6951035041189982	-0.05956992283480744	0.05712745473631495	0.9396343938130529	0.055837466309165106	1.0
423000	-23.14159773509426	-18.667501542915304	-4.474096192178955	-9.322226250227013	-9.345275292688289	1.4829466555739799	1.3221074316783434	-0.27537272999722306	-0.12913925774118779	0.33319070908336257	0.5604540375745758	1.0
424000	-23.012455185163986	-17.791164214667756	-5.221290970496229	-9.16868291049058	-8.622481304177176	1.5272241280218974	0.8769652694676461	-0.6866305728561014	0.6121226900384891	0.3831503780498855	1.2161859251432185	1.0
425000	-23.766449518592978	-18.08628222808293	-5.68016729051005	-9.095887492849666	-8.990394735233263	1.4548271705882472	1.409768958775998	-0.5510898942645985	1.0561742838066641	0.5327109880877413	0.3257508542685967	1.0
426000	-25.465830122188557	-17.29975354010721	-8.166076582081345	-9.194959346960022	-8.104794193147187	0.9073915592991444	0.8162253161242137	-0.0780635752739256	1.3570367492971962	0.9087287518098759	0.14157259915254333	1.0
427000	-20.04849054725351	-18.888371833461548	-1.160118713791962	-9.80111883225488	-9.087253001206665	0.7322515986669585	1.3201529130243557	0.09108268870436306	0.18667094848685695	0.9134833073678624	0.03522902319403642	1.0
428000	-20.41560954661696	-18.00784230352816	-2.4077672430887973	-8.947675655322499	-9.060166648205662	1.0429729600303972	1.2847800604423019	-0.25505652297569426	0.14795615744178886	0.5585673982068435	0.09520971380046127	1.0
429000	-22.3715933493154	-18.73640399131274	-3.6351893580026604	-9.703462289125968	-9.032941702186774	1.2711065503021666	1.0475723896457236	0.5921576487850961	0.029152615486680383	0.8946060901896674	0.0945408516006747	1.0
430000	-23.348384891689232	-20.311424141990685	-3.036960749698547	-9.396060714409007	-10.915363427581676	1.5096991890227145	1.9191279076858991	-0.25498114557628476	0.08724283784799224	0.8598200514621273	0.08303682209221691	1.0
431000	-23.139120871093557	-18.014706928081345	-5.124413943012211	-8.892556438495276	-9.122150489586069	1.378645833191265	1.0198936469466102	-0.7484063918091446	-0.038316103243840216	1.045352465044377	0.08392389662279467	1.0
432000	-20.311923985033626	-18.249962734284257	-2.061961250749371	-9.153695785443377	-9.09626694884088	1.0644043457895236	0.9107925685831998	0.16351702828625692	0.10503483595050075	1.2906624915475207	0.1426593179652332	1.0
433000	-21.166872184594123	-18.992858307226015	-2.1740138773681075	-9.686291809794461	-9.306566497431554	1.4776577200861045	1.136916547799644	0.1551329276570763	-0.23596380738519088	0.6911852883928323	0.03420994766951231	1.0
434000	-20.628136937381203	-17.717224405009322	-2.9109125323718827	-8.92392905517391	-8.793295349835413	1.0310654690284762	0.9278641530213801	-0.34338024196849043	0.3610311281900807	0.6474754033413471	0.15408939073005753	1.0
435000	-21.76706589055218	-19.482582689477322	-2.284483201074857	-9.018450073434265	-10.464132616043058	1.085948453906599	1.7778397499923315	-0.06325606867936145	-0.10162711287934606	0.38918717526389124	0.07012283141144583	1.0
436000	-21.443111827001808	-17.812153541385506	-3.630958285616302	-9.110703282330832	-8.701450259054674	1.0345861339051645	0.9393111883927727	0.07470898634581655	0.43980436344900176	1.1408679303471705	0.0300722092161025	1.0
437000	-21.73281346430536	-18.200805817932867	-3.5320076463724903	-9.020251169414616	-9.18055464851825	0.930976459683954	1.0322161154763903	-0.5200418255465173	-0.09820411544864474	2.0694479792859046	0.1031876976088172	1.0
438000	-24.43533410477297	-17.739059330731347	-6.696274774041621	-9.072927790542904	-8.666131540188443	1.4619994416499775	1.1224817131659988	-0.6235249653272777	0.4399092567247227	0.23192654499424278	0.0738609650020745	1.0
439000	-19.616474934824595	-18.521690555954258	-1.0947843788703375	-9.3281809939607	-9.193509561993558	0.8798324421423559	0.9365473133881018	0.11112695126788605	-0.01638395889030142	1.5602558134046955	0.06141271618974843	1.0
440000	-24.08750658708762	-21.365483380488236	-2.722023206599385	-9.691884182945884	-11.67359919754235	0.7629629183300327	2.0997663104930306	0.15222260504732746	0.1860323164020899	0.7438815235299476	0.1268285574873738	1.0
441000	-22.17854420895663	-17.838181807016063	-4.340362401940565	-8.935201224565526	-8.902980582450537	1.3534553450108873	1.0934700314393333	-0.5583843311624974	0.1513226248779991	1.815091834996161	0.22610039201502058	1.0
442000	-24.169765128705034	-18.947352202664874	-5.22241292604016	-10.334255379177819	-8.613096823487057	0.6271156010407359	1.2845319132638748	-0.3362342163565756	1.1965850235856603	0.5006209051367394	0.38813633792075697	1.0
443000	-25.04184551150121	-19.31817351872518	-5.723671992776029	-9.41860097120452	-9.899572547520664	1.5990459508584487	1.2986730113527327	-0.5244804032191087	-0.6674589365764981	0.2941361465530935	0.14193383727789033	1.0
444000	-22.321007500348028	-18.491205914133758	-3.8298015862142707	-9.49233219506655	-8.998873719067209	0.8094958291061167	1.3135167720158707	0.04799146543775212	0.30055611455212355	1.439444796872928	0.6670015238876636	1.0
445000	-26.440199827688566	-19.250284858603315	-7.189914969085253	-10.491753823305197	-8.75853103529812	0.6063462238681986	1.314801682763405	-0.2621087460446821	0.817211315837931	2.2917619270073866	0.06989897341214169	1.0
446000	-24.189222287737444	-19.913429111039207	-4.2757931766982376	-10.403980884535212	-9.509448226503995	1.6497249333961408	0.7639706896797376	0.33689031348177856	0.10121706305396935	1.0753513688282117	0.014705934510207587	1.0
447000	-18.897565239613296	-18.594842614617278	-0.302722624996018	-9.046759716483756	-9.548082898133524	1.0622259073229765	0.77565124113457	-0.02135631722034903	0.03659229645593606	1.2342800395991114	0.03304805347816278	1.0
448000	-20.210369271377594	-18.232213901032704	-1.9781553703448893	-9.045768208876002	-9.186445692156703	1.278934854751159	1.1220469321349489	-0.18679483731551483	-0.1272810445756306	1.0593852934846035	0.07070728695836927	1.0
449000	-19.09016009754342	-19.108765301539947	0.018605203996524544	-9.115884837508894	-9.992880464031051	0.9660181998187006	0.6970669757322344	-0.03704330910733172	-0.03151666475025616	1.2112048118270256	0.0293676390329159	1.0
450000	-21.757857875935336	-18.007912703403072	-3.749945172532265	-8.82865966762232	-9.17925303578075	1.0515732037113295	0.7210497834723433	-0.6071195435296686	0.511785864264265	1.1676731017011985	0.15766814841218502	1.0
451000	-22.916562274250666	-18.97098648496793	-3.945575789282736	-9.516811700343759	-9.454174784624172	1.0627411650106278	1.1737592511822181	0.6447604763618298	-0.35960713351365203	0.5816310742440933	0.34056855436514455	1.0
452000	-21.347388583435308	-18.065957542308247	-3.2814310411270595	-9.13928860905091	-8.926668933257336	1.2856080060542803	1.115626868261107	-0.05820323562582258	0.13026144751633018	1.4384052461385866	0.2667399178914464	1.0
453000	-20.64471386152943	-18.58023204945868	-2.064481812070748	-9.025238255302998	-9.554993794155681	1.2881624847221076	0.8706895438540583	-0.2373106400285867	-0.19778339994610145	0.9102850687102819	0.08053470166765354	1.0
454000	-20.830102851319808	-19.781578781893664	-1.0485240694261433	-10.365747235219892	-9.415831546673772	0.6335583298837664	0.8450096350449413	0.2009714816048142	-0.03630851987557196	1.0443324531692983	0.08200067711749257	1.0
455000	-23.207143627609213	-19.96710083654849	-3.2400427910607252	-11.009866654553832	-8.957234181994657	0.5515256299065213	0.9415969356252132	0.32062652760723565	0.18665966641983675	1.157813881751407	0.8954954646559642	1.0
456000	-21.55134749353213	-20.653758954265818	-0.8975885392663121	-10.084816720544081	-10.568942233721735	0.6817457065049396	0.6317081805671062	0.21820495263566178	-0.1571048356590443	0.9776837419535367	0.050574099828782734	1.0
457000	-23.91065886925265	-19.019550894311998	-4.8911079749406525	-8.790415633347202	-10.229135260964794	1.2089271791976797	1.7513561712955226	-0.6186752923632052	0.31107813339702906	0.5937301754157804	0.0901703599483605	1.0
458000	-24.16728022701875	-17.606452480396868	-6.560827746621883	-9.149535432519462	-8.456917047877406	0.8824603659583545	0.6504987629481306	-1.4226443316655044	1.4999857996469124	0.45195245897326075	0.8030106028441841	1.0
459000	-22.172340933521035	-17.82079835691647	-4.351542576604564	-9.359954295477344	-8.460844061439126	1.2485395941255637	0.9436812259406364	0.28095372967956966	0.70298025264102	0.7085025415234328	0.1196943623147097	1.0
460000	-20.60343816766735	-19.028712337794502	-1.5747258298728484	-9.15168704967706	-9.877025288117444	0.9794010684966739	0.7823640999074883	0.07178904219065496	-0.22747733574663023	1.0990652366456732	0.10106012406607225	1.0
461000	-20.876037356073336	-17.684095550443843	-3.191941805629494	-8.942449116463633	-8.741646433980211	1.0440178067907127	0.9143205488316049	-0.2663088916968321	0.43095728294355196	0.6389395346455006	0.2911957036777577	1.0
462000	-23.843344971957613	-20.558218804661593	-3.2851261672960215	-9.434344028552948	-11.123874776108645	0.8979889780565395	0.5028571192525783	0.3937209186992501	0.21249282676846448	1.0390979665846583	0.965270540806542	1.0
463000	-23.335944056872698	-19.862867597906913	-3.4730764589657865	-9.423615268874942	-10.439252329031973	0.8469111058212201	0.744926250487126	0.15266602188980705	-0.503947397205784	0.4941305263816285	0.40516782985265026	1.0
464000	-21.68789904874768	-18.835257132047346	-2.852641916700337	-9.814634740481235	-9.020622391566109	0.7274672728231015	0.7748246236653499	0.061345265871250554	0.4729826248020178	0.5401282066194762	0.06935325226568127	1.0
465000	-24.61199997908195	-20.948767092249916	-3.663232886832036	-10.473064744633291	-10.475702347616627	0.6810242972724333	0.5917386289470168	1.1102478345747069	0.10527484171002832	1.5956069379604543	0.34905996601031375	1.0
466000	-21.659360646026325	-18.941700310634374	-2.71766033539195	-9.680598144232393	-9.26110216640198	1.416034983127159	1.3957841517243403	0.2913664708902581	0.140775744412719	0.9044580067869304	0.03556193493702023	1.0
467000	-23.257819151866265	-18.90968204588144	-4.348137105984827	-9.21981436224042	-9.689867683641019	0.9935317040241245	1.2422354109634963	0.22004025929780235	-0.5323196339756965	1.9656039500097608	0.37882377917835847	1.0
468000	-21.81520244874712	-19.003135142240815	-2.812067306506305	-10.13240485718135	-8.870730285059466	0.6767287310448418	0.8050394755192763	0.28991356344466934	0.524921527696832	0.7890482831675036	0.13427564508723625	1.0
469000	-21.669642046147356	-17.538885656375328	-4.130756389772028	-8.930841430387003	-8.608044225988325	0.9946195832796758	0.7224797870846498	-0.4489943132862667	1.035821538602121	1.4218550473053964	0.5727005089751518	1.0
470000	-22.20180882244039	-19.26427885752005	-2.9375299649203406	-10.20988108745592	-9.054397770064131	0.6454486509422568	1.1533710407217181	-0.30967473826790703	0.009972311239377418	0.3794942904856379	0.16270274110483815	1.0
471000	-23.707866228688854	-21.307421474334173	-2.4004447543546794	-9.943404346688645	-11.364017127645528	1.6273337508847352	0.557843259903661	0.010206182055403232	-0.2936990928963036	1.6668158461716702	0.06712627562317153	1.0
472000	-19.4927389250736	-18.263692101526715	-1.2290468235468848	-9.16378561938037	-9.099906482146345	1.0149306613465177	1.050702555322586	0.14908429052071875	-0.03478002565790213	0.8360939439481344	0.05454341823408633	1.0
473000	-21.824587295893803	-18.380099094715106	-3.4444882011786957	-9.19012599903595	-9.189973095679157	0.8624848179742906	0.9401031154868136	-0.5111499418545802	-0.018147455340623647	1.8016590103854437	0.0527887269300138	1.0
474000	-22.20449610738846	-18.67438099811204	-3.530115109276424	-9.565926139599465	-9.108454858512573	0.7575109037788229	1.322480695444921	-0.6296844237400748	0.1625160419938679	1.3470704396932676	0.16143413755479255	1.0
475000	-20.852492210144398	-17.62021035087904	-3.232281859265358	-8.88141654369069	-8.738793807188351	1.095460676102185	1.1013083133233907	-0.3549675004247728	0.33654327134024625	0.49450592607988986	0.09724069919758832	1.0
476000	-24.287747964719237	-19.642829405171103	-4.644918559548136	-9.038207804401726	-10.604621600769377	1.0978473047685837	0.7643617247882001	-0.02498010620165203	-0.6696785001925785	0.5889168737003262	1.6779885024511552	1.0
477000	-21.70189517209253	-18.38322214793545	-3.318673024157083	-9.270114349873268	-9.11310779806218	1.0113091920159378	0.8310947507133741	0.31882445923163516	0.24459975012655355	1.2151325642172928	0.6055665492903014	1.0
478000	-21.73590803437414	-18.847716006442194	-2.8881920279319453	-9.596681430341247	-9.251034576100947	0.8133419086189191	1.0240357080792724	0.34027376806911885	-0.1543505469185843	0.7308118532591891	0.32066857052010583	1.0
479000	-21.969511069813272	-20.240357578934205	-1.7291534908790656	-10.637684857448424	-9.602672721485781	0.5884694811287443	1.5401625448007268	-0.17538022043008872	0.15247943053138158	0.566233624022379	0.050448293705257705	1.0
480000	-21.07804284519182	-18.29665907971799	-2.781383765473831	-9.003778623363656	-9.292880456354336	1.2582880168026502	1.0226256624120085	-0.22061148444767645	-0.18902228532442564	0.7843229454515278	0.21755424597692516	1.0
481000	-22.77674355776531	-18.271530283844882	-4.505213273920429	-9.75241578476543	-8.51911449907945	1.4232185927830947	0.7685873159875519	0.3422173877080738	0.9756580836744838	0.8184839890660249	0.3530907826601329	1.0
482000	-27.026660311764473	-22.44023870571006	-4.586421606054413	-12.24796675256695	-10.19227195314311	2.0937150181627024	1.6918688846459333	0.3609839563444367	-0.11350263062871632	0.47681159896883535	0.5071745247786981	1.0
483000	-24.072634457854928	-18.377449848063897	-5.695184609791031	-9.06484281320465	-9.312607034859246	1.4041997838881424	0.545951080871077	-0.44697327313833435	1.2726069288253261	2.1546798040868804	0.46494753257690263	1.0
484000	-23.022067470628173	-20.894182131835258	-2.1278853387929146	-9.202087848052617	-11.692094283782643	0.9262167407547253	0.4551524703089083	0.025220981461561154	0.20286213157480754	0.32873177219264643	0.0672032135023018	1.0
485000	-21.206826220994856	-18.532950456542366	-2.6738757644524878	-9.303436795908125	-9.229513660634241	1.503782495571786	0.9548608111543826	-0.3656346026686148	-0.07048154584714195	1.0743199467539442	0.061778749882030574	1.0
486000	-23.73007864254677	-18.626156540442448	-5.10392210210432	-9.867941294113272	-8.758215246329176	1.1176910092615122	0.9589591136736539	0.9511554421469464	0.36025652318490564	1.8802320035730251	0.26488174489668004	1.0
487000	-21.34652448308976	-19.175846842596933	-2.1706776404928245	-9.823520782513247	-9.352326060083685	1.6032185281666984	0.8629376762618084	-0.038712514017056554	-0.02341102054226868	0.8167142239240603	0.12312093087859072	1.0
488000	-23.75546307349815	-20.012230967393535	-3.743232106104615	-9.005941386597708	-11.006289580795826	1.1132460293200364	1.943497983124958	-0.08328740562841006	0.45533162697207474	0.3891079840469122	0.07684681814776548	1.0
489000	-20.12194354677355	-18.164461989245623	-1.9574815575279274	-9.242450751443204	-8.922011237802419	1.2092962090561883	1.1878930127547074	0.19570111191333966	0.18051369207369078	0.6054547408688598	0.03227532644427431	1.0
490000	-26.144126151586498	-21.50652976068747	-4.637596390899026	-10.032245731848601	-11.474284028838872	1.8496974645905226	0.623375529178324	-0.6756696581815389	-0.6964680560515238	1.0602150594119504	0.35065520398533484	1.0
491000	-23.30087502636747	-16.604991839436742	-6.695883186930729	-8.76242153372885	-7.842570305707892	1.15810199086983	0.8660191949129492	-1.6234580480798408	1.765708628832398	1.315112889209997	12.30687737101886	1.0
492000	-23.947886966785035	-17.158445529068256	-6.7894414377167775	-8.81272805182144	-8.345717477246817	1.0402716979883713	1.1158088640127708	-1.4084851297837198	0.9471328348757221	1.4646404294668036	0.4209065074171848	1.0
493000	-21.81952290395284	-17.57885096685784	-4.240671937095001	-9.045918212578293	-8.532932754279546	1.1954365820035902	1.1904223774097484	-0.06613090051843562	0.7689938432042798	1.117379835512783	0.17506096257010847	1.0
494000	-20.589788620433787	-18.42876155877788	-2.1610270616559095	-8.96839517414354	-9.46036638463434	1.1925612100573257	0.7119871672192079	-0.19511271469608032	0.3142859884683589	1.4229294866970568	0.06609910997838558	1.0
495000	-20.79296963067143	-18.420186309200496	-2.372783321470934	-8.948693947229469	-9.471492361971025	1.0280319161906426	0.8531770793759049	-0.2825073337079629	-0.09764509459312709	0.6286845078570343	0.1550192665317478	1.0
496000	-22.656629056534836	-18.620359552614893	-4.036269503919943	-9.846776633509396	-8.773582919105497	1.4027142530539018	1.2020785607944358	0.46912300832196124	0.39097317044242014	0.5042735982475189	0.3743826129028114	1.0
497000	-21.249167193806002	-18.616068169089644	-2.6330990247163593	-9.562278194180852	-9.053789974908792	0.7645594183871609	0.961353839748738	-0.35596836458251735	0.07510930575145314	1.540442220324175	0.2939140899425269	1.0
498000	-20.2379109218709	-18.06170836526217	-2.176202556608729	-9.126249427923907	-8.935458937338261	1.1564735957900487	1.1510292773654875	0.09302383914290568	0.13587172939739406	0.5117959851940206	0.0982441670364604	1.0
499000	-22.97769890787406	-16.795599462791156	-6.182099445082904	-8.83744628136293	-7.9581531814282265	1.4085124334499985	1.0057065469584943	-1.246623176953684	1.7100217412800636	0.9204368657607768	4.092394603561979	1.0
500000	-25.16804209224781	-19.22517279043077	-5.942869301817039	-9.004649359906972	-10.220523430523798	0.9477218740684252	1.5643289889911176	-0.44527658991904273	-0.5691109369654104	0.5337020162624833	0.06053245110437422	1.0
501000	-20.709624283616705	-18.379193368631313	-2.3304309149853912	-9.438619835166284	-8.940573533465031	1.4375602929088813	1.2468844067449458	-0.008977708421961828	0.2369657570708855	1.2634965225325963	0.05022054295736883	1.0
502000	-23.624690701145035	-18.54890607717779	-5.075784623967243	-9.758014878759774	-8.790891198418016	0.8429746651378576	1.2326434779749278	0.7564014007685333	0.42332550784376866	1.3540884794650958	2.404540471814589	1.0
503000	-21.37640073633843	-19.451419747716912	-1.9249809886215166	-8.96524346621843	-10.48617628149848	1.065099295088896	0.5707548153308978	-0.18419967896460276	0.21410571357703	0.9619715935343514	0.1641307681201134	1.0
504000	-22.273421920581324	-17.695083614639074	-4.578338305942249	-9.021650343364858	-8.673433271274218	1.1708316418925522	1.1781518822937624	-0.08257346935495019	0.49754768043168174	0.9394100626410199	1.3717359518817316	1.0
505000	-19.626339265829266	-18.11049628960701	-1.5158429762222547	-9.291346059582343	-8.819150230024666	0.8582313374885754	1.0576348762114443	-0.13049219329497527	0.24095433521586432	1.2156483736546557	0.046599869170402444	1.0
506000	-18.932952710870175	-18.042055967039346	-0.8908967438308291	-9.01152256505404	-9.030533401985306	1.070181507677395	1.0116519557743637	-0.08396042241348672	0.05102069669822912	0.9755066353745563	0.04333524584155746	1.0
507000	-23.7768515901222	-18.115059231473317	-5.661792358648881	-9.323995097020314	-8.791064134453002	1.2139294445013582	1.1347598025283565	0.28926498195285616	0.29221510580693505	0.2033110744620601	0.02101204076265932	1.0
508000	-23.34490262731727	-19.514135985316514	-3.830766642000757	-9.08111574571006	-10.433020239606456	1.1279586908492956	1.68077796199619	0.041352881789914656	-0.4836673885921219	0.33568076538433	0.13101816598484972	1.0
509000	-21.978607144211143	-20.652320588149	-1.326286556062144	-9.697081655800531	-10.955238932348468	0.7370087022356707	0.5371153377711564	-0.28309091011895465	0.09650860273546258	0.7161201511099603	0.037727050501883935	1.0
510000	-21.234790161134768	-17.477543934139852	-3.7572462269949147	-8.886693073486589	-8.590850860653262	1.0449226384046846	1.0950571619129292	-0.41934013317905156	0.5193369721115111	0.5446596885920553	0.29999762497717847	1.0
511000	-22.906112813745615	-21.735504529833598	-1.1706082839120187	-8.989761141344022	-12.745743388489577	1.230729011154041	0.3851067428776967	-0.2028890298762333	0.18252906138475455	1.2421823401712806	0.05193728864355133	1.0
512000	-20.778580667021696	-17.78710302438419	-2.991477642637505	-8.908063591925535	-8.879039432458656	1.031480576084261	0.8959450365513227	-0.3890840540415149	0.3257032430370793	0.5833802807317586	0.13566097265278432	1.0
513000	-22.19272463724304	-19.237679974324177	-2.955044662918864	-9.025680223101965	-10.211999751222212	1.0228894244155948	0.6772213345948037	-0.10794327949773963	-0.10912145385373827	0.14247189707180752	0.03466186000856461	1.0
514000	-20.120757783386694	-18.234190351318283	-1.8865674320684098	-8.975559844766645	-9.258630506551636	1.0015713941994198	0.8067322275962885	-0.2807072951043204	0.18190424461374022	1.5382165502885519	0.0654958015947373	1.0
515000	-21.31857551373513	-20.065030842489044	-1.2535446712460847	-10.421775398256862	-9.643255444232183	1.7358256540457044	0.7436025190164646	0.12365154282804428	0.06249167141284571	0.5379140469227583	0.03127041959267682	1.0
516000	-23.193322322518544	-19.16610986956458	-4.027212452953965	-9.636311506733886	-9.529798362830695	1.3393909463008065	1.2055391255781405	0.40719782830968937	-0.41440549359723106	0.5434761482957549	0.4573316324460211	1.0
517000	-20.40504282898815	-18.30676829949982	-2.098274529488331	-9.117268024783156	-9.189500274716663	1.1950358432196913	0.9049641728351818	0.04309688391895855	0.03415865713285898	1.1761507705021201	0.15030554279868813	1.0
518000	-21.016367585248258	-19.19078656157256	-1.8255810236756995	-10.047560548881087	-9.14322601269147	1.6162386953970413	0.9267817666925396	0.13535519398320728	0.04033781309378956	0.6906604952552992	0.07064733170400214	1.0
519000	-23.927247939502603	-20.797457491946943	-3.1297904475556595	-12.163405178981812	-8.634052312965133	0.44442261462341087	0.8056189666387399	0.34734996046808364	0.7531929918712236	1.0972136767693537	0.20127577237811226	1.0
520000	-20.358467058049055	-18.904115388204023	-1.4543516698450305	-9.503760105388132	-9.400355282815891	0.809429483971806	0.8312156629766306	0.08056395730585669	0.00713129441465693	0.49810671771647635	0.07132712405015984	1.0
521000	-22.285391913115273	-18.729411313241023	-3.555980599874249	-9.006800456457691	-9.722610856783332	0.9700559128940149	1.3980422572171758	-0.3084567777877377	-0.40113109973479805	0.8117809193895326	0.38537748717440307	1.0
522000	-21.996603425673893	-18.932635090840396	-3.0639683348334974	-10.040389317511803	-8.892245773328593	0.6798782154860559	0.8812800689903455	-0.010616862716567692	0.33855701752323153	2.597745508759388	0.33591771525556013	1.0
523000	-23.369466622030764	-17.59942090539759	-5.770045716633172	-9.66376431412544	-7.935656591272149	0.9187347013715272	0.9962902444522359	0.7768676264095997	2.2019603213306627	0.9834300927872027	2.3355349799225604	1.0
524000	-26.22844219696201	-20.223456147715105	-6.004986049246905	-10.003443518553055	-10.22001262916205	1.3247034727875617	1.6668481374730784	0.7504489163106114	1.4886037743500709	0.5546573470970667	1.4000335382516291	1.0
525000	-21.655746371114024	-18.817826544879832	-2.8379198262341916	-10.107707241749956	-8.710119303129876	0.6602387856190189	1.148073935522691	-0.39197100448067834	0.4056933180328409	0.9828124897992487	0.12759212813320495	1.0
526000	-21.640435503670194	-17.829964348154	-3.8104711555161925	-9.058338383823902	-8.771625964330097	0.913461817418432	1.2712336426279058	-0.5174386438643153	0.5619760805984007	1.0526558622760116	0.3299296946961947	1.0
527000	-22.685706603524338	-18.555765233036915	-4.129941370487421	-9.655645014901852	-8.900120218135065	0.7454330722326726	1.335862738366016	-0.29834333171461824	0.5635706158830054	0.7002067269836306	0.07493733707109881	1.0
528000	-21.642188682393353	-18.48566163985353	-3.1565270425398233	-9.065239008936798	-9.42042263091673	1.388484159247897	0.862581951647053	-0.40160296401592993	-0.07700684302195904	1.6766912741340787	0.060323526434574545	1.0
529000	-26.10539659092708	-18.916783132720113	-7.188613458206968	-8.950784419941606	-9.965998712778507	1.0780756033453616	1.678162963952914	-1.9813932686974338	0.32036765735003503	0.22646502624721343	2.8706198983208115	1.0
530000	-22.46616218218969	-19.184083053440126	-3.282079128749566	-9.092907315545649	-10.091175737894478	0.9471334758331181	0.7171044242836028	-0.1609555997046771	-0.1746117516648953	0.22273020597250795	0.1131153233757774	1.0
531000	-24.504643038271173	-19.343096348812487	-5.161546689458685	-9.383241282008424	-9.959855066804062	1.4409640512192248	1.5306874393757879	-0.08274888380388727	-0.37875616848797766	1.4095810920156073	0.02017658856098162	1.0
532000	-22.26309890586451	-18.29993863797586	-3.963160267888652	-9.20162273808771	-9.09831589988815	1.3121772584774272	0.6515267199250526	-0.02234948742098053	0.8677189804728266	0.808255141555888	0.2541926201738831	1.0
533000	-19.554105780751495	-18.784829398120863	-0.7692763826306321	-9.425931437569572	-9.358897960551289	0.8351413730445153	0.8493511351612114	0.07823872381987446	-0.0003485695017326762	0.9503350035549396	0.05943881775196681	1.0
534000	-23.719623222301227	-18.839432370720456	-4.880190851580771	-8.883388755414847	-9.956043615305608	1.1064481773577033	1.677705485683761	-0.3425977510613451	0.8714845036330212	0.483393985731801	0.6478004235855678	1.0
535000	-23.939945060464254	-19.01606004926868	-4.9238850111955745	-9.449986423492156	-9.566073625776525	1.1551427360534385	1.3839420823516981	0.5020469717590803	-0.2652070749070632	2.1386560259814416	0.16965586197533758	1.0
536000	-21.611193835871433	-17.94534157061112	-3.6658522652603134	-9.366383393513846	-8.578958177097272	1.1373719140622853	0.910516327969157	0.4236983002464835	0.6062026273921091	0.865615390396195	0.39898768211249186	1.0
537000	-23.244819320341144	-20.49966472660883	-2.7451545937323107	-9.076178361803002	-11.423486364805829	1.09699422448493	2.0424874621830225	0.04052777269147445	0.28082171918963905	0.6080269724110202	0.08417224437248332	1.0
538000	-21.838006335573034	-19.169417447710714	-2.6685888878623216	-8.904012296279168	-10.265405151431546	1.0317600387853745	0.611593620847284	-0.4007487790719093	0.14951258071018453	1.301491667275127	0.3535095729225297	1.0
539000	-20.644723999803617	-18.171422341864755	-2.47330165793886	-9.28003139480245	-8.891390947062304	0.8427270463236723	1.197206380829062	-0.34372902052648535	0.22793010100432143	0.8046529833256103	0.10666258922262846	1.0
540000	-24.86980446014721	-18.826736298289642	-6.043068161857569	-10.12794526860312	-8.698791029686522	1.8621128847444355	1.2166023101814234	-0.596052816923153	0.5344151542976655	0.7697717249369119	0.08478000028743603	1.0
541000	-22.367992083771767	-19.360399030987544	-3.0075930527842214	-9.776177383705209	-9.584221647282336	1.4914499587438985	0.7363990525733979	0.20757866841462852	0.1314683563262497	0.4452589829769856	0.20428999761355074	1.0
542000	-22.042716764814102	-18.55028240231716	-3.4924343624969434	-8.921617799227853	-9.628664603089307	1.1769588878877388	1.2887315490423024	-0.2708179230034122	-0.44735117024581994	1.1400267872557504	0.09099163503555129	1.0
543000	-20.01591689219508	-19.059097227587788	-0.956819664607291	-9.69341578904464	-9.365681438543149	0.7548257425132995	0.8801838653747436	0.053089264682531084	-0.0676626339107809	0.7455576052103734	0.06425781782223626	1.0
544000	-23.861057966304855	-19.4798200114315	-4.381237954873354	-9.929839500046826	-9.549980511384675	0.7949169772170335	1.2228030331108533	0.8537999311477843	-0.4239384550744047	0.9651354449184575	0.22558948725569117	1.0
545000	-21.6466171926315	-18.494444760278608	-3.1521724323528906	-9.540844027312236	-8.953600732966372	1.405995289258295	1.313673290130792	0.17547745143516508	0.3742874823902267	1.0326002132644088	0.067512826690168	1.0
546000	-23.975215762280147	-19.803002677716826	-4.172213084563321	-11.400372348756822	-8.402630328960006	0.5068875101564776	0.7449477020106232	-0.2706315312369184	1.1780722790749825	2.4538825074514636	0.34361782111274103	1.0
547000	-23.682045172713075	-18.687693655597137	-4.994351517115937	-8.810173616687614	-9.877520038909525	1.020899827219646	1.4306164370758985	-1.048723494735543	-0.4975405460334881	0.6610556328727176	1.1008549151344074	1.0
548000	-22.352956579719887	-17.752740003011738	-4.600216576708149	-9.282189701141656	-8.47055030187008	0.8974486251675002	0.8243140005033105	0.08894250464979658	0.8813681999094161	0.35231863579783873	0.43375754030247404	1.0
549000	-22.34615574206377	-18.983334228962214	-3.362821513101556	-10.048626378406535	-8.934707850555679	0.6710148114920319	1.1602155274281305	-0.29859919363424536	0.1425650797617661	0.35735526660839	0.24359910588706496	1.0
550000	-19.485416845940236	-18.476286055409023	-1.0091307905312124	-9.160637416161133	-9.31564863924789	0.9334294497827016	1.3487165400201633	-0.04447218614046872	-0.048188246427714604	0.883552774352439	0.04317256787757698	1.0
551000	-20.973910638978104	-18.57978506113546	-2.3941255778426442	-9.277697953675794	-9.302087107459668	1.0091155264745688	1.0574471728761534	0.3287446315100129	-0.21731987705648617	0.9508625771996835	0.058177532552644386	1.0
552000	-22.639045272462873	-17.292042016441123	-5.347003256021749	-8.733835358741326	-8.558206657699795	1.20101695189586	1.2649617103186113	-0.8244499010777342	1.228000769841746	0.8209919415648292	1.0639224064793122	1.0
553000	-26.349363357415836	-22.963794234039305	-3.3855691233765315	-9.283193945388577	-13.68060028865073	1.4575395777942755	0.3292347968697599	-0.2564432499262834	0.2512187603852593	1.2244905375457802	0.7230595752007901	1.0
554000	-25.60688737877213	-19.751945551324525	-5.854941827447604	-10.967746543979523	-8.784199007345002	0.7332312549889706	1.2849581710063906	1.9245973051475087	0.5878109465836279	0.7608599427097946	1.1014981583392454	1.0
555000	-23.483117442381502	-19.895720160734008	-3.587397281647494	-10.591715851180304	-9.304004309553703	0.6189473871754281	1.1907977265029572	0.6590927655463159	-0.21816158629242882	0.802722426784554	0.12383749301666934	1.0
556000	-20.41259948139989	-17.842940084967278	-2.569659396432612	-8.886973928652242	-8.955966156315036	1.0782545174941949	1.131786615788165	-0.3580611466355776	0.10427261818645694	1.0737517542084367	0.1317761047337754	1.0
557000	-21.62815289547541	-19.220555323201065	-2.407597572274345	-8.880923454885014	-10.33963186831605	1.2325491866075613	0.6567428059707101	-0.416770257548728	-0.11251155465089722	1.2807692620271331	0.11343321103992382	1.0
558000	-23.16896155716525	-18.65261485543182	-4.516346701733428	-8.954386728827544	-9.698228126604276	1.371611072240799	1.0932312907074968	-0.5693899782706731	-0.5517511620823012	1.4344617211591677	0.25702047143928386	1.0
559000	-20.473059171033213	-18.588023702246012	-1.885035468787201	-9.3471590501235	-9.24086465212251	0.8289149880133592	1.227204092808546	-0.2376903976830103	-0.13261055534532118	0.7947079599189598	0.08243360110366611	1.0
560000	-24.379865300105457	-19.35372323817108	-5.026142061934376	-9.416489915408244	-9.937233322762838	1.4694846233747685	1.679792355268111	-0.11636224103665442	0.6795438168172758	0.35848598755305433	0.7264445653690512	1.0
561000	-22.63891807305174	-18.94608174867395	-3.6928363243777893	-9.18320463814905	-9.7628771105249	1.097681699489283	1.4539760018180883	0.2075029990226518	-0.34037783215320067	0.722623436241909	0.4409315314510045	1.0
562000	-24.94550763063572	-18.56674502680643	-6.378762603829291	-9.323967737192222	-9.24277728961421	0.8712404120595373	0.4128708840541069	0.05407515663784884	2.482180093546299	1.9926459446140423	0.884773851903455	1.0
563000	-25.55487876032664	-18.319041513515046	-7.235837246811595	-8.855521934523878	-9.463519578991166	1.2912348392968696	1.5046588750104337	-0.5849164190488128	1.4906939798294467	0.17328290597127263	0.7653518964329292	1.0
564000	-22.464639549798083	-18.803632250054132	-3.6610072997439502	-9.285810388545992	-9.517821861508141	0.8288537575763283	0.8156510132831314	-0.5869820703363611	-0.04752361328482177	0.538249974659847	0.5353812551203074	1.0
565000	-20.59220001590712	-17.756154958023686	-2.836045057883436	-8.884736572395584	-8.871418385628102	1.0590108262100941	0.911091270369372	-0.3942862016937886	0.3090628265888532	1.1556096585329725	0.08508982474544187	1.0
566000	-23.844365976638315	-17.884895533302004	-5.959470443336313	-9.764555683792434	-8.12033984950957	0.9697392755188903	0.955604970724458	0.9301035891173228	1.1811290150986786	0.6940155135067636	6.572641686392631	1.0
567000	-21.3411257599062	-17.876597994302593	-3.4645277656036075	-9.154677660064655	-8.721920334237936	1.2996989693085195	1.1641178313676626	-0.0624574989958826	0.40811019420357175	1.4447196850203134	0.19522471834577404	1.0
568000	-20.357129306998615	-18.42770514659266	-1.9294241604059525	-9.085762173282866	-9.341942973309795	1.0424168198049426	1.3928213625334702	0.03628157887128758	0.018185491398394427	1.6605257539304923	0.0521436104157583	1.0
569000	-24.369651539604437	-20.719261428830727	-3.65039011077371	-9.712501935769078	-11.006759493061647	0.8912608121277337	0.5618585689292782	0.8011823338147326	-0.08668576879763368	0.578802514977723	0.30197508907883247	1.0
570000	-20.729329428627185	-18.76413460230986	-1.9651948263173251	-9.271105024184292	-9.493029578125565	0.8809198847514862	1.4296140587835147	-0.025327107617722118	-0.0836829913982099	0.3862626147006847	0.06548059250157301	1.0
571000	-19.917411552811824	-18.446717920923273	-1.4706936318885522	-8.954409038661982	-9.492308882261291	1.1325806594687569	0.7978039684592212	-0.1838579962718649	0.018162997294072447	0.7011842646512526	0.06859701034402071	1.0
572000	-24.195228175079407	-18.183836712480463	-6.011391462598944	-10.113236035923695	-8.070600676556769	1.1074152101821646	0.9811440822667199	1.168641826379843	1.2892611201431794	1.190078711299661	0.590904545598107	1.0
573000	-21.32320885690829	-19.067123719039756	-2.256085137868536	-9.848482341437283	-9.218641377602472	1.5573739964949995	1.1665970265958925	0.10996218241255878	-0.14768854093102057	0.4845042664178657	0.07630822372147476	1.0
574000	-20.33947867544035	-17.961606599743433	-2.377872075696917	-8.986561064095525	-8.975045535647908	1.0520667160873858	1.0660638827734508	-0.15160953710201572	0.07950303376267631	0.3890370666967883	0.09812322558887494	1.0
575000	-19.529198613004894	-18.77066034818123	-0.7585382648236614	-9.231615346756678	-9.539045001424554	0.8886719707954789	0.7297327461927686	-0.08595105849870344	0.18911715048302416	0.8489748791828257	0.030689859317741715	1.0
576000	-22.88961768866699	-19.134417837168346	-3.755199851498646	-9.152471377601453	-9.981946459566894	0.9030605973620212	1.6916075914642634	-0.23015380245975164	0.530753887500814	0.9427355381911625	0.10271934854928316	1.0
577000	-23.86250510209518	-18.182260697135945	-5.680244404959237	-9.374099261750283	-8.808161435385664	1.693862161151704	0.9759207444294892	-1.5023525803025874	0.29377286861896923	0.6941270605162067	0.7719328230193648	1.0
578000	-23.165279426137907	-17.350315435645246	-5.814963990492663	-9.083761478911168	-8.266553956734079	1.2749721251725339	0.9308468467269411	-0.12063022505377763	0.9644135061392488	2.520600934633126	0.396620615465227	1.0
579000	-19.709889878445132	-18.99497971633611	-0.7149101621090224	-9.810059851020148	-9.184919865315962	0.7314969990156022	0.8496261147619268	0.11054971969111906	0.14211774070027056	0.7480757942163448	0.03519658213716587	1.0
580000	-29.40178555804752	-21.898879609209974	-7.502905948837548	-12.322018255521801	-9.576861353688173	1.8530898900569508	1.4854764239695144	0.9673809794934363	-0.032452848173163795	0.5225032942724741	0.09391914253907799	1.0
581000	-21.77111694068901	-18.907177331920366	-2.863939608768644	-10.147755652301917	-8.759421679618448	0.6615450590455603	0.9223076746607194	-0.007403637728062518	0.4020830313902055	1.2769643244626432	0.5144404206355976	1.0
582000	-19.987867752435253	-18.16393490824006	-1.8239328441951943	-9.25859590913107	-8.90533899910899	0.9361548299809487	0.974918884798378	0.1773019590054202	0.19914708946488346	1.6938863975510672	0.06348167621663232	1.0
583000	-23.398983942632338	-19.111631228654932	-4.287352713977405	-9.026162682210417	-10.085468546444515	1.1344904585926037	1.1449221451944644	-0.05258421091631599	-0.8470137542301062	1.111104994496406	0.6562653818748736	1.0
584000	-22.866565540018655	-18.48861529316165	-4.377950246857003	-8.849443187940663	-9.63917210522099	1.3179098594592258	1.2879660710727352	-0.669497714700374	-0.4573276167558077	0.8505659567704692	0.21174954897664736	1.0
585000	-24.90085131613918	-19.93887443474313	-4.961976881396048	-9.326831447240071	-10.61204298750306	1.389638785186149	1.8258184835387814	-0.027584319032676927	-0.06144644023022672	1.426738832870886	0.46880246420694377	1.0
586000	-23.523160070412306	-16.920378447706497	-6.602781622705809	-9.098452418572872	-7.821926029133626	1.5144036267860732	0.8987590810904271	-0.7915606629717481	1.8479101921619963	1.1831660246390785	7.114141463427859	1.0
587000	-22.71078737925046	-18.904718038366283	-3.806069340884175	-10.066512054346134	-8.838205984020147	0.6729669307482437	0.6968790071633253	-0.08295084235748701	0.9079950890434738	1.3657421804855574	1.5804847480563287	1.0
588000	-22.07127116949092	-18.631208846568725	-3.4400623229221954	-9.112411899985421	-9.518796946583302	1.076716969427736	1.538473447411351	0.09927980459087252	0.326650597293761	0.3263714355836298	0.15439513325413326	1.0
589000	-24.2569967022755	-19.238841884479626	-5.0181548177958755	-9.988207525278538	-9.25063435920109	0.9415148107794143	1.015739062734781	1.158613142133851	-0.14804627241739493	1.7434182385450818	0.3574346263954642	1.0
590000	-20.193079581228023	-17.70038724610214	-2.492692335125885	-8.923236605295696	-8.777150640806441	1.1401897319363832	1.097253102401528	-0.24873313535480915	0.29032570357317194	0.7382560944431239	0.06272029911884587	1.0
591000	-21.30623616492088	-18.202075241102264	-3.104160923818614	-8.866665918413204	-9.33540932268906	1.1843654935617447	1.2903720774575327	-0.39482469129764675	-0.1634298427817553	0.47997724064602293	0.10004449871874524	1.0
592000	-22.092621637626134	-19.294331901837637	-2.7982897357884973	-9.241674311859342	-10.052657589978296	1.154137268591639	0.6023087090711137	0.2545565286037127	0.3506495076980789	0.6384523868089153	0.23120728689675527	1.0
593000	-23.355199160104874	-19.200969437903446	-4.15422972220143	-9.070354587631597	-10.130614850271849	0.985740063949908	1.72724536119827	-0.08662714755991885	0.725753420120016	0.8288679193218011	0.31388847149625204	1.0
594000	-20.45415164106696	-18.29871421838743	-2.1554374226795288	-8.992092435843261	-9.306621782544171	1.050364932113046	1.1118123450973856	-0.14162113341500082	-0.23612486788223813	1.3803904211782516	0.08450908666947654	1.0
595000	-21.655776211533162	-19.83869505151297	-1.817081160020192	-9.377627404140952	-10.461067647372019	1.3466990317935943	0.5611669564266548	0.12506748924350597	0.28762431352251705	1.2926251192111224	0.03771770306677456	1.0
596000	-24.45129389514052	-20.26106242636819	-4.190231468772328	-10.584543522280763	-9.676518904087429	1.924287014029061	1.0902071620645273	-0.32028481596923153	-0.5340432600356511	0.8097348701054858	0.33830129692364436	1.0
597000	-21.142112052368482	-18.451191407227505	-2.6909206451409755	-9.335505549729197	-9.11568585749831	0.8361355822810411	1.3340705916721458	-0.19565842672429518	0.1805182763206743	0.4073842514462232	0.014887296967612118	1.0
598000	-21.67851370225748	-19.151423679327735	-2.5270900229297455	-9.904935407637895	-9.246488271689838	1.4884414700123845	0.8115342854742899	0.32991461766742775	0.17965928372071782	0.6760551989328005	0.07593043737378642	1.0
599000	-21.594447194638906	-19.236329404275153	-2.3581177903637545	-8.95510443430405	-10.281224969971102	1.1367370817910014	0.6101660820838773	-0.1835328799174211	0.14553005698317434	1.1491980832142643	0.26956943071117395	1.0
600000	-22.14033331859152	-18.21470464159255	-3.9256286769989672	-8.795861139149281	-9.41884350244327	1.1338685136843805	0.8445860337498234	-0.5751081553831471	-0.03776184883695391	0.5804537483540444	0.6736103207114281	1.0
601000	-21.66743678491297	-18.06438397079286	-3.603052814120109	-9.221764200126994	-8.842619770665868	1.127599545772699	0.8350645146467165	0.24815660672721687	0.4784356205273256	0.5586466292088682	0.43682080461168094	1.0
602000	-20.109185479967863	-18.890395490620072	-1.2187899893477914	-9.314646120768769	-9.575749369851305	1.4356607320492845	0.7880842157452757	-0.1551985313425031	-0.019864198185099102	0.5849389109791063	0.035558518849459035	1.0
603000	-20.883641058506697	-21.096051018615988	0.21240996010929125	-11.062521603533671	-10.033529415082317	0.5425292828473708	0.6770886241403734	0.12741727607706882	0.017739472741829063	2.218578768703462	0.03291729071274394	1.0
604000	-26.126749983238938	-23.298459936718185	-2.8282900465207543	-12.64817132930552	-10.650288607412666	2.191367254459338	0.6067002889892876	0.3261714350733752	-0.09131092027124543	0.9716948312206346	0.04009955250363755	1.0
605000	-21.316097013333426	-17.90108567553509	-3.4150113377983375	-9.38762859303472	-8.51345708250037	0.8754831707044645	1.0949110295905222	0.22244326075516183	0.6269506033687362	1.103642780777909	0.14371334616471085	1.0
606000	-23.48268392593858	-19.6725412651858	-3.8101426607527795	-9.679538992598989	-9.993002272586809	0.7417525570101082	1.2644574670704247	-0.2554082377014179	-0.7605893100892379	1.3119064150737947	0.26928959462479785	1.0
607000	-24.796814875608785	-19.374466466995877	-5.422348408612908	-10.653830954666109	-8.720635512329768	1.9193560899702025	1.2405353049972276	-0.2375306046844729	0.5593184146224915	0.15600534609102432	0.13133529326908694	1.0
608000	-25.69290364100812	-20.790994553232487	-4.901909087775631	-9.262436631088027	-11.528557922144458	0.9323058143104027	2.0513469679346787	0.17392429479533095	-0.1996101956614916	1.0822396505491594	0.9573976058254712	1.0
609000	-22.15471009542528	-18.58596681130884	-3.568743284116442	-9.082309383512994	-9.503657427795845	1.0704146624299742	1.5531880630520731	0.04677930361441174	0.5224513481398503	0.4890685863242365	0.1433977707158262	1.0
610000	-20.728486233842823	-18.353786672635422	-2.3746995612074002	-9.268186607245834	-9.085600065389588	1.3987690353794802	0.9437291696565041	-0.12337621591726813	0.06776629626027997	1.4053790356462825	0.1152537223363503	1.0
611000	-24.454229626537163	-16.64830549547186	-7.805924131065303	-8.793935907059264	-7.854369588412597	1.140630401936989	0.8318596503961341	-0.5785174382321966	1.7629331306453064	2.3147094766615135	0.4415488502017374	1.0
612000	-24.812743950120765	-19.389574050728953	-5.423169899391811	-8.90071832580543	-10.488855724923521	1.4476449149127626	0.4168586570548287	-1.1199321923378585	1.3836880823981985	0.7761895812650464	0.9296559992630502	1.0
613000	-20.69501999746213	-19.77352294274475	-0.9214970547173786	-10.078008227762865	-9.695514714981886	1.6837846190276475	1.5621087292870286	-0.02497423713254708	0.09171447489359202	0.6987839950072643	0.014938774413628588	1.0
614000	-24.36508627075601	-20.84845135291058	-3.5166349178454297	-11.047982149983566	-9.800469202927012	1.8047512466060285	0.8194316613978202	0.39035056856265415	-0.268593931391399	1.2108831967341527	0.16772990563699788	1.0
615000	-22.44985793005703	-17.939321552074126	-4.5105363779829	-9.082159682524855	-8.857161869549273	0.9148026416747895	1.1651794617950249	-0.39405420013145454	0.23654316188554447	1.219541450285902	1.5948194731596372	1.0
616000	-22.16091843849349	-17.82378603194313	-4.337132406550361	-8.90087014971388	-8.922915882229248	0.9663604493882615	0.790937814329356	-1.088013730232476	0.5146505958495682	0.9083364877346595	0.9484298612586288	1.0
617000	-21.732149814688626	-20.100492087346485	-1.6316577273421426	-10.44456922492063	-9.655922862425856	0.6182258533784295	0.8523848691902393	0.0760094901784078	-0.23681512676519556	2.831091899904482	0.06118723641920538	1.0
618000	-22.317744465386067	-18.25913347356702	-4.058610991819047	-8.834998772435348	-9.424134701131669	1.063833103354771	1.262022099095515	-0.5441457036278975	-0.2826066245587072	0.8555494067904075	0.07486652969540405	1.0
619000	-22.149292355698282	-17.64709889052843	-4.502193465169854	-8.735633449068924	-8.911465441459505	1.238466535409076	1.066641904133505	-0.8738360378136416	0.14327613443223924	1.1565348162953113	0.21426700210923968	1.0
620000	-21.41431130750882	-18.571952585540295	-2.842358721968526	-8.999452329595078	-9.572500255945215	1.2947810936695667	0.950788698573385	-0.2941059260039951	-0.3407244035884964	0.8981173182884785	0.1474830142535245	1.0
621000	-21.58954901925093	-18.295809483263298	-3.2937395359876325	-9.450971110471572	-8.844838372791726	1.3569090941404467	0.8917878192967168	0.18551265173986453	0.3650020296053263	0.5760285676584822	0.29253150234142616	1.0
622000	-22.60623728641821	-17.877564914735657	-4.728672371682554	-9.711229056470597	-8.166335858265063	0.7490698773654962	1.0261509558035844	0.03136316282518714	1.1433156454619744	0.762355305401133	0.29540542393256036	1.0
623000	-22.52628976523206	-18.856604999129573	-3.6696847661024896	-9.443617271067394	-9.41298772806218	0.8134603806345688	1.529384510597432	-0.06486612994288327	0.5945627539711607	1.2992567160771507	0.13999813287493235	1.0
624000	-19.71198807676765	-17.821157680701386	-1.8908303960662642	-8.999018257797967	-8.822139422903419	1.118683878608853	1.0601908501027129	-0.09657607281105868	0.23743247011287796	1.4000827295440055	0.05202557767274386	1.0
625000	-22.922449936088483	-19.1845039313871	-3.737946004701387	-9.699102082759048	-9.485401848628051	0.7909875791942239	0.819923543988012	0.4170906420988698	-0.03286842910730159	0.5309648945327418	0.7082462903980014	1.0
626000	-21.15259494391121	-18.32913817168867	-2.823456772222542	-9.20647035251437	-9.122667819174298	1.239706974023898	0.775683501256843	0.10757500206290249	0.38169997441855597	0.9327901243365706	0.26416727313878124	1.0
627000	-22.695350042979523	-19.56970434338166	-3.1256456995978645	-9.719360095197722	-9.850344248183935	1.4279813305547195	0.7258747359265498	0.3013999791955405	-0.03238811827561526	1.7955014629985628	0.1925169360759655	1.0
628000	-21.340483291299776	-18.29415840810514	-3.0463248831946355	-9.433135693819644	-8.861022714285497	1.2219617511609089	1.1326682787679312	0.40134070164713853	0.20917241595663733	1.1513216123408945	0.1469820917051574	1.0
629000	-21.70623068255842	-17.95275175176392	-3.753478930794499	-8.932098380470284	-9.020653371293633	1.1220719002251316	0.8619300472043778	-0.22805464853629426	0.25856569683059666	2.869362293315033	0.1095068550664976	1.0
630000	-20.682346806974667	-20.044786738088682	-0.637560068885985	-9.253296227532509	-10.791490510556175	0.9279361044446469	0.5660819834928276	0.1422826790677657	0.03196924363512288	0.8293856077218273	0.04808977835503948	1.0
631000	-24.143235825228732	-21.40780631754366	-2.7354295076850725	-10.09548423916218	-11.312322078381477	0.6808369765710719	0.47038953054117016	0.2388517906234692	0.32903337198301486	1.3237520756120802	0.8498401761274649	1.0
632000	-20.429059904293183	-18.356281055950923	-2.072778848342259	-9.054171680307611	-9.302109375643314	1.2842772678253218	1.246192003982858	-0.1830801413174642	-0.1775711687943109	0.6984670731883021	0.018968174293069177	1.0
633000	-22.437610106770325	-19.393612429167028	-3.0439976776032975	-9.696911931395785	-9.696700497771241	0.7747839162995961	0.9582648388666835	0.28611336065923826	-0.44380937620024075	0.8896738818988152	0.06394557771428352	1.0
634000	-19.241292851200537	-18.268108287283354	-0.9731845639171834	-9.147261457160482	-9.120846830122872	0.9299124489452232	1.2568319109672261	-0.09311637321477848	0.02890105500104452	0.6031900657898958	0.035894314017873595	1.0
635000	-22.769864480488383	-18.895061545848723	-3.8748029346396615	-10.07559709362723	-8.819464452221492	1.7921999742271149	1.2365876904303814	-0.3793154078545966	0.3883337268058352	0.8184957270006653	0.22112612465271633	1.0
636000	-19.08889102140683	-19.054423724190883	-0.03446729721594566	-9.944555822464515	-9.109867901726366	0.7010451834488859	1.0893238779752283	0.06850167663481109	-0.054525822780374475	1.0072048769850017	0.02336938621997089	1.0
637000	-22.741833057138486	-17.773863629330606	-4.967969427807879	-9.091826765809015	-8.682036863521589	0.8872277954972317	1.294593503933701	-0.757251710893244	0.9212855102373455	0.9123066710050988	0.3591094987663906	1.0
638000	-21.071167086096224	-19.093110625568283	-1.97805646052794	-9.200207757022568	-9.892902868545715	0.949158795493348	0.7928460650738121	0.09652439025686871	-0.26754886859314087	0.48405799379764	0.02965803528926266	1.0
639000	-22.51562266582033	-19.74139816158162	-2.7742245042387115	-9.635537877004289	-10.105860284577332	1.4165321920196432	0.6252965670492517	0.24705891729705076	0.1958355262201295	0.9129186845442527	0.2751284403797975	1.0
640000	-27.53415724985864	-22.625252321781808	-4.908904928076833	-9.169738302574979	-13.455514019206829	0.8683336326827611	0.5713456640775815	-1.2931272222776984	-1.5633531401484522	1.325703222326224	2.267149197560239	1.0
641000	-22.525257523886836	-18.38962171788362	-4.135635806003217	-9.305596788905106	-9.084024928978515	1.4294361426111937	1.0884145612951794	-0.1509030534119981	-0.029898977278460248	0.7767617465565644	0.8374580898910545	1.0
642000	-24.2170132523873	-18.62902781227254	-5.5879854401147595	-9.48102727965896	-9.14800053261358	0.7756192487834503	1.1400593826128531	-0.7662690381118469	-0.08798287747428901	0.3689688119908424	0.08449908801502622	1.0
643000	-20.66695340286365	-18.309746663948694	-2.357206738914956	-9.059773615371306	-9.249973048577388	1.2593234724815188	1.3740155876615683	-0.13113739515963185	0.0944178525112474	0.42004697636412713	0.08399378647357436	1.0
644000	-21.795080435951622	-18.667021855919458	-3.128058580032163	-9.487262287235318	-9.179759568684139	1.040141661830129	0.9052807774196311	0.6168226380967412	0.041904949445449126	1.0076207820289003	0.19039389752102048	1.0
645000	-26.529808956753392	-22.962097156147667	-3.5677118006057236	-12.563711195597708	-10.398385960549959	2.234304679178557	1.786620793117339	0.16709881328044396	0.1400843669954162	0.38948876824040846	0.15296891107896604	1.0
646000	-20.121912473174383	-17.905816190539554	-2.216096282634831	-9.151839765179167	-8.753976425360387	0.94654972028827	0.9586209944728181	-0.016515422210714684	0.3649233943047793	0.8617753480400828	0.12084377316811201	1.0
647000	-27.07310045664105	-18.67015489182547	-8.40294556481558	-10.386171664353496	-8.283983227471973	1.8367888627880342	0.8700446967570147	-0.2112051696121945	1.0136689488784503	1.376116861497544	0.09128492700887358	1.0
648000	-22.06720818449836	-17.858105215769182	-4.2091029687291766	-8.971737168995677	-8.886368046773505	1.1343073587881554	0.9044408153370596	-0.1508272994241769	0.3051459840197135	0.459758008734561	0.8267204004005831	1.0
649000	-23.365566922501323	-19.847757863685345	-3.5178090588159763	-9.999968980373335	-9.84778888331201	0.6765772488039025	1.5548264315510123	-0.5084900442543822	-0.1742046916249037	1.56806952497568	0.12179859147805255	1.0
650000	-20.91823200945112	-19.085511476190444	-1.8327205332606753	-9.376798726605672	-9.708712749584771	0.8951662753169528	0.7102012156874349	0.2787135342518222	0.1286627792002769	1.0333682698921203	0.14664308986871202	1.0
651000	-22.96323485332647	-17.665190266550322	-5.298044586776145	-9.53810495341644	-8.127085313133882	0.7739372087542087	0.9574946758663976	-1.3178985469053115	1.1694021116817312	1.904495695902034	1.3392794394922833	1.0
652000	-20.540906434304613	-19.43872166671151	-1.102184767593105	-10.478289380753804	-8.960432285957706	0.608466816312533	0.9644271804083929	-0.22516593949951075	0.15738150489926162	1.4390746281732336	0.03389104030926798	1.0
653000	-23.962746914440444	-19.399712293538894	-4.5630346209015515	-9.442385301032312	-9.957326992506582	0.802292003904451	1.6851820159317938	-0.21280614779328835	0.5437497743245348	0.8835875197889964	1.1388729195131946	1.0
654000	-23.299994052953345	-19.282328132302027	-4.017665920651317	-9.65988334276624	-9.622444789535788	1.6099826739343888	1.4320027162226519	-0.2360740292973855	-0.23296013017320244	1.6002193470736032	0.10106650937578429	1.0
655000	-23.87847661472975	-17.253061930368155	-6.625414684361594	-9.019765641275455	-8.2332962890927	0.9128018864583886	1.033886777252296	-1.0666262075481747	1.0227279856391687	0.25414536753367273	0.4753864142506244	1.0
656000	-22.22618199957537	-17.717583488395572	-4.508598511179798	-8.853297914979159	-8.864285573416414	1.294387123401501	0.932466007647978	-0.5980030355645645	0.28594532672074247	0.33348501857366547	0.4871550780609603	1.0
657000	-21.415288313989052	-18.526414076438755	-2.888874237550297	-9.747948037147678	-8.778466039291075	1.4731440372883347	0.9272216614866592	0.22484650792843913	0.3765610240117716	0.7591269204910069	0.07955087579661552	1.0
658000	-23.113424624529895	-20.32715675925118	-2.786267865278712	-8.913596221605358	-11.413560537645823	1.0623427296087486	2.0386037874838854	-0.31007134991503005	0.04028198389385576	0.5067783565347717	0.03782989281448307	1.0
659000	-22.33817521551008	-18.723285822278438	-3.6148893932316435	-9.14826562819551	-9.575020194082928	0.8836334005235599	0.8130239562936379	-0.42572801471746297	-0.08492035191230186	2.146173914625793	0.029604478694121993	1.0
660000	-22.128359226357304	-17.432582434366125	-4.695776791991179	-8.87356926093818	-8.559013173427946	1.3628953306725453	1.1847749738069033	-0.7455190419730104	0.7017296278950984	0.9006862568546613	0.5316774902421116	1.0
661000	-22.82914760236192	-19.441309565369508	-3.387838036992414	-9.334460608941015	-10.106848956428493	1.3229599554929405	0.7885006180607541	0.12230670747556688	-0.40626404408418393	0.32650332000120946	0.07117758150257557	1.0
662000	-22.114412028817178	-17.58342239932425	-4.530989629492931	-9.130602180424786	-8.452820218899461	0.8744087108831089	1.095222259825202	-0.7183158864182896	0.7188416843486172	0.7607170283687841	1.2747046557784625	1.0
663000	-24.970630289064843	-21.24341823615304	-3.727212052911804	-12.253091808203783	-8.99032642794926	2.260424725483727	1.3469560422997227	-0.0976664312584441	0.426066428894018	0.4389740608575348	0.10817964874218146	1.0
664000	-21.163882259477	-18.605903976568925	-2.5579782829080733	-9.146742382307378	-9.459161594261547	1.0853192109987795	1.2899396422124256	0.1545911394469352	-0.28881628234827417	1.1845102424553853	0.10242572235041562	1.0
665000	-24.178675613924362	-18.84741511697309	-5.331260496951275	-8.913212843700967	-9.934202273272124	1.0776836751357073	1.2032114878332572	-0.2919754101843751	-0.7374484538579176	0.2981168531689047	0.1287745601223429	1.0
666000	-23.636860649935375	-20.112458286683353	-3.5244023632520234	-10.434880175057732	-9.677578111625621	1.8079059926573529	1.579293947977417	-0.07491773190425915	0.23160694155460448	1.4018367700019325	0.052066205543936914	1.0
667000	-22.913304812418716	-19.154060405486895	-3.7592444069318223	-9.661234811768253	-9.492825593718642	0.7792976869712744	1.5563279372096082	0.23521155063659777	0.645194445717161	0.7533988372057587	0.17989209809370088	1.0
668000	-24.950718460109396	-18.604020872602312	-6.346697587507084	-10.518860510690542	-8.08516036191177	0.6040636017865434	0.9547466674390823	-0.14057425188921704	1.244802625057905	0.7827979114134271	0.1721361381990334	1.0
669000	-24.708109698403383	-19.412899526274074	-5.295210172129309	-9.938422711038406	-9.474476815235668	0.9849923378241204	1.2542201319817805	1.1079307987259455	-0.33642804389079206	0.5411029683096474	0.30323705165540105	1.0
670000	-22.63797761830353	-18.888412395063945	-3.7495652232395855	-10.14799318683097	-8.740419208232977	0.6741573386099636	1.141626114918229	0.29542260991382185	0.360151251667928	0.2878029171768393	0.18459694445235653	1.0
671000	-22.377151697356577	-18.50563865064922	-3.871513046707356	-9.830993680331575	-8.674644970317646	0.8007018766963919	0.7850453434872287	0.7189712360262115	0.7674572138747559	1.2289168354398143	0.37232650586750865	1.0
672000	-23.15249334793212	-18.919258864251866	-4.233234483680252	-9.774624585692223	-9.144634278559645	1.0660100619452375	0.7687483634710834	0.9116591697375306	0.38354375863602663	0.7959511529611832	0.27826573941143967	1.0
673000	-29.08553991546735	-20.748011406652054	-8.337528508815298	-10.690682857608904	-10.057328549043152	1.9169609555298304	1.052909246602184	-2.61386591703293	-0.7905985387453864	0.9914979861332114	1.076263375403153	1.0
674000	-21.775037450471466	-18.529733992553822	-3.2453034579176414	-8.999067318825958	-9.530666673727865	1.2213543420471122	0.9759090423702005	-0.17425391898016948	-0.3386820083857461	1.9003959030568067	0.044631554264500994	1.0
675000	-23.902114456709786	-17.771322551415466	-6.13079190529432	-8.901834825870994	-8.869487725544472	1.4465420335277632	1.0327643337550083	-1.501196918210011	0.19548672000260053	0.7611979168851793	0.4202171878447769	1.0
676000	-21.07894524099374	-18.497057122339314	-2.581888118654426	-9.15916349459172	-9.337893627747595	1.292641801326982	0.7489284398443202	-0.043134877631525424	0.28479840509722365	0.3538784011635728	0.07180334345883065	1.0
677000	-22.25590468954178	-18.65163366538372	-3.6042710241580593	-9.924639309683283	-8.726994355700436	0.7274386060187875	0.9759896587118898	0.397308427396369	0.37704038304830534	0.4997572464798828	0.0674374781804642	1.0
678000	-21.91658900629897	-18.75038406273599	-3.1662049435629807	-9.295260629200891	-9.455123433535098	1.0926108951863964	1.3107895680680215	0.3638539039989648	-0.26054398472454204	0.5020185396701978	0.07530408804660772	1.0
679000	-22.327771848158093	-17.28790786346518	-5.039863984692913	-8.891930635629976	-8.395977227835202	0.9704316502721971	0.9587242056180044	-1.0130372686212974	0.771730431200009	1.1440086172656951	0.35078911668627766	1.0
680000	-25.1059776825444	-20.19391010343007	-4.912067579114327	-10.91643230333781	-9.27747780009226	0.5772480684543411	1.4966634577005362	0.7703894400736155	0.9243705243793005	0.9748064374794735	0.3557703950031236	1.0
681000	-21.51734897178478	-19.37393107072284	-2.1434179010619405	-9.136894373088134	-10.237036697634704	1.0665935081044562	0.5832813963943184	0.13711150683450835	0.3196894651003762	2.158882110128676	0.0949654525358649	1.0
682000	-24.072048949077956	-18.57893030965782	-5.493118639420136	-9.238706818323225	-9.340223491334594	1.4185527698422604	1.129988698740845	-0.2127835038930952	-0.26623353244892556	1.9004648961234059	1.0410574887295452	1.0
683000	-23.201644930891714	-16.887479876502855	-6.314165054388859	-9.153685008386168	-7.7337948681166875	0.956182464658251	0.7452904539371723	-2.0034276893127285	2.2152595630672955	1.5413970516796158	2.443161599758846	1.0
684000	-21.827545263489526	-17.198402785002372	-4.6291424784871555	-8.937291529166812	-8.261111255835559	1.075834989930001	0.8226755427856285	-0.23681866319467332	1.132400010153192	1.0034425817301795	0.3387263172044939	1.0
685000	-23.882684024676664	-19.302430871853538	-4.580253152823125	-8.938845136411256	-10.36358573544228	0.9494435100695948	0.6596534141364099	-0.8437638890238996	-0.14139855642620988	0.576326044633732	0.13464823951711277	1.0
686000	-25.48004834255231	-21.565413662737363	-3.9146346798149434	-8.871791896992635	-12.693621765744727	1.098695978637687	0.5141179698174235	-0.3772656638572648	-0.8302445146476334	1.391532264494626	0.1957544050713191	1.0
687000	-23.78308054077401	-18.507391003134813	-5.275689537639197	-9.35980125313425	-9.147589750000563	1.4435236616853397	1.4569126496279252	-0.11810295142479887	0.856941698061388	0.6162841897658038	0.1420605244703567	1.0
688000	-22.516759517509733	-18.884883985266974	-3.6318755322427574	-9.074158758818323	-9.810725226448653	0.8912346646267219	0.7323166354028652	-0.9172251913309483	-0.025269510549288277	1.2300608133643074	0.6392138680755525	1.0
689000	-20.95050404627302	-17.64051059086102	-3.3099934554120027	-8.851861476813944	-8.788649114047075	1.2135744767552863	0.9950319104385202	-0.45838461176285156	0.29870315146009374	1.2990505802158372	0.12033983917563668	1.0
690000	-20.204988748113283	-18.007975281989935	-2.197013466123347	-8.908647567606705	-9.09932771438323	1.0922794950774657	0.9065434996989806	-0.290326841988801	0.10908057453830833	0.5124024168994505	0.06269652829416557	1.0
691000	-21.390581364901507	-20.20893180013047	-1.1816495647710377	-10.238309466857583	-9.970622333272885	1.6672538086277973	0.6842988306627167	0.16127911011202634	0.03413463492298885	1.000976125962883	0.032516572804213335	1.0
692000	-21.20985408922639	-18.963600648931596	-2.2462534402947956	-9.436762457100258	-9.526838191831338	0.8121330365237888	1.5200849665025322	-0.10351859193920243	0.193801463967812	0.4813894155467107	0.08555268668720471	1.0
693000	-22.814640198867057	-17.917569115923506	-4.897071082943552	-9.718650886388183	-8.198918229535325	1.379747673591211	0.9468569634154146	0.4034583222457206	1.0537622147401962	0.5268292009702706	0.5873375146457339	1.0
694000	-21.224935633695463	-18.47456269076394	-2.7503729429315227	-9.379626219469722	-9.094936471294215	0.8734023770665498	0.8101735275634003	0.19564785909035148	0.31117578318012973	0.3711553202879177	0.06627791065816195	1.0
695000	-23.914660024594852	-19.086058691063794	-4.828601333531058	-9.7857616262615	-9.300297064802294	0.8336120009138881	1.0274252680456222	0.7698206271307079	-0.1986335845370655	0.2974830173424141	0.18729984282791665	1.0
696000	-21.83796258102032	-19.332071540811818	-2.5058910402085033	-10.485021944930777	-8.84704959588104	1.7249906059406257	1.1288890407855514	0.20282468470555756	0.22313499618250116	0.5727454103233879	0.0396818973290244	1.0
697000	-22.003594765824577	-21.32613254434829	-0.6774622214762871	-12.300726459482386	-9.025406084865903	0.43353402445867156	0.8883910017496136	0.0681419299112633	0.20463231737255988	2.475694783958082	0.04164645891807703	1.0
698000	-20.584738182169442	-18.136744074584985	-2.4479941075844556	-9.435055736057695	-8.70168833852729	0.8300135071122149	1.0863844791691326	0.0633145738300615	0.3754163492182019	0.6778401777267766	0.043346531081662996	1.0
699000	-21.19611215854562	-18.431321572229535	-2.764790586316086	-9.801165171377358	-8.630156400852178	0.7443162036576443	1.0828357150953662	0.254179481069151	0.46190920983959183	0.8168423845459473	0.15072017101377203	1.0
700000	-25.1086337259592	-19.80839269188002	-5.300241034079182	-10.079829071085761	-9.728563620794258	1.5533399264622578	1.1740864760034424	0.32227011424243085	-0.5850583144251514	0.769875304103514	0.061476499097135456	1.0
701000	-23.965517794953563	-20.00483636250013	-3.960681432453436	-9.536358492099442	-10.468477870400687	0.8726462650598733	1.717672837416002	0.4931121220221093	-0.40030165623683955	0.5203693716140624	0.30007936837568366	1.0
702000	-25.011397895924134	-19.632531643298332	-5.3788662526258015	-8.931852485033179	-10.700679158265153	1.116386854960946	1.0213057511101313	-0.22892763198807453	-1.1798028484261698	0.9200495320561928	0.2634146006352223	1.0
703000	-19.653510078177774	-17.949437582320293	-1.7040724958574816	-8.951267096986816	-8.998170485333477	1.1422989945448936	1.019059100569848	-0.1927899720815881	0.07653526925257606	0.48846970407952445	0.04504415893593096	1.0
704000	-22.53044634507996	-17.526959799590777	-5.003486545489181	-9.076753434753345	-8.450206364837431	1.1535965377208652	0.6851372351220936	0.01991849106696647	1.3502795744593623	0.7020000793194422	0.4791981828772008	1.0
705000	-23.32187996998607	-18.477646239675376	-4.844233730310693	-9.699476179131114	-8.778170060544262	0.7302740164113383	1.0666416058877215	-0.5740110816394641	0.2847607795117623	2.2356750336229227	0.06024762553101427	1.0
706000	-22.534732112429936	-18.645762814624387	-3.8889692978055503	-9.077483261779546	-9.56827955284484	1.174599484936586	0.6863476378165513	0.004155922616604996	0.3282002777593379	0.4422121431188263	0.6114860284713367	1.0
707000	-30.893478576827057	-21.99650195670351	-8.896976620123546	-9.115676154303873	-12.88082580239964	1.5652632250923566	0.8875459147411541	-1.0729463635563417	-2.16610947743962	0.8144234611162654	0.5582057127887642	1.0
708000	-22.903556030624934	-19.160064563750872	-3.7434914668740635	-8.825580428315936	-10.334484135434938	1.0196603041647174	0.6480694468958309	-0.8211374181913058	-0.07116503651664183	1.3510425463777467	0.16540291721024722	1.0
709000	-20.631306164659616	-18.148633769717428	-2.4826723949421883	-9.068380303222865	-9.080253466494561	1.158744304792087	0.8770570512436848	0.0030011183037085276	0.17681364953167278	1.1587860957124783	0.2256402625444968	1.0
710000	-22.752206400184416	-17.900988163767416	-4.851218236417002	-9.49008854079494	-8.410899622972476	0.7782193645917129	0.7029079916259374	-0.46497620694271213	1.3212868487192968	1.2719068808705076	0.3808379983742861	1.0
711000	-23.687971867386924	-19.35633703696761	-4.331634830419315	-9.187232100200275	-10.169104936767335	1.484221330339553	1.722455631915495	-0.4860619771125865	0.14894618310038032	0.3064542123337436	0.25780611039157514	1.0
712000	-23.915686574763342	-19.182203359730167	-4.733483215033175	-9.837923703547657	-9.344279656182511	0.7787723332508257	1.5144407709508978	0.61985396865277	0.733686982034332	0.6111215474304174	0.23632289146984378	1.0
713000	-20.84293015194872	-18.86284525159124	-1.9800849003574819	-8.940912801685316	-9.921932449905924	1.0943826428366479	0.635821860471151	-0.21596535325203492	0.2800267689994375	0.7147673257660406	0.06994771265851182	1.0
714000	-21.350552177406325	-18.261410731338614	-3.089141446067711	-9.386142718707475	-8.875268012631137	0.9874786345478207	0.9848276655256523	0.4711959614012929	0.21955065860817483	1.4237653575928784	0.24761027629155374	1.0
715000	-22.307360156224632	-17.519788868224992	-4.78757128799964	-8.899939839452866	-8.619849028772126	1.1607513411527046	0.9250286500519752	-0.305708015751597	0.5430386199412983	1.811363311633834	0.06175320219300381	1.0
716000	-23.887533763057384	-20.528828176917905	-3.3587055861394797	-11.233702350127432	-9.295125826790471	0.5312941555525119	1.4663522335796055	0.5406043739362936	0.38288072158181535	0.9987805800029743	0.16752837776387702	1.0
717000	-24.00794250443969	-17.94965433159853	-6.0582881728411575	-8.993827495432281	-8.955826836166251	1.4421860152271788	1.2009449843629174	-0.7280513288558728	0.1539942109589434	2.189577019633233	0.1416259288830236	1.0
718000	-21.284013940365636	-18.074756467840167	-3.2092574725254686	-9.12313255761087	-8.951623910229296	1.0064718818813299	1.0861376796595328	0.06439586414753096	0.10067364938454262	2.918260584152427	0.06722955317841404	1.0
719000	-21.65105973396955	-18.16215573022636	-3.488904003743189	-9.335056312605545	-8.827099417620815	1.0858011341360843	1.2431863375373007	0.41784456567278705	0.3908849928150403	0.9232597628111018	0.09896181040380628	1.0
720000	-23.279638298672552	-19.519658914457196	-3.759979384215354	-9.73678864655084	-9.782870267906356	0.9015281545677303	0.6856818178166773	0.8483932243057131	0.16686082321842788	0.6895735982995552	0.5541526108160867	1.0
721000	-19.88519217822939	-17.993846624890995	-1.8913455533383936	-8.981265455263427	-9.012581169627568	1.0059290464699184	1.0599728389971725	-0.25218491807198906	0.04435553225255995	1.259184682012285	0.08396116384937916	1.0
722000	-21.644945910111698	-19.567983045504914	-2.0769628646067835	-10.381055979495121	-9.186927066009792	0.6280960476627514	0.8886496799995065	0.0999428609989155	0.06409264932753456	1.363296989960121	0.29139817828352105	1.0
723000	-22.004122123101702	-18.50674428265083	-3.4973778404508726	-8.882959590632563	-9.623784692018267	1.1065168956063929	1.1786015012218733	-0.3436206816898752	-0.5008324092641426	0.9819217897631125	0.12983015335613166	1.0
724000	-21.552708350859117	-19.37056640768437	-2.182141943174746	-9.93870944305318	-9.431856964631194	0.6901513649704256	1.0247716899272612	-0.28269285193974203	-0.3054830787673216	0.9789883483847376	0.06102541336655263	1.0
725000	-24.210345963085082	-19.366656301828712	-4.84368966125637	-9.564359903407372	-9.80229639842134	1.6127191401786953	1.2192517157958678	-0.3637968380206183	-0.6327135277336564	1.4147168453307384	0.2236019285932171	1.0
726000	-22.05045721046399	-18.675727638744107	-3.3747295717198815	-9.56978088022071	-9.105946758523396	0.8820485062160579	0.9924569922046573	0.5750780145584705	-0.002603505943360458	0.5032226978772608	0.13642881901748452	1.0
727000	-22.36472890555638	-18.635309586951898	-3.7294193186044824	-9.242573284463049	-9.39273630248885	0.8769511421284257	1.51840184790027	-0.13411337505083198	0.5323915119893744	0.592519193776127	0.37778223626586716	1.0
728000	-23.530936394520502	-19.323466757477973	-4.207469637042529	-9.1709278078906	-10.152538949587374	1.0372353439430777	1.732281513752825	0.17984460599838414	0.34854069045059394	0.7587900209030232	0.6713131434221671	1.0
729000	-22.170693385568345	-19.11800057013202	-3.0526928154363255	-9.647095388186054	-9.470905181945962	0.7952018670783791	0.8430863569889963	0.3307552829915585	-0.0753664245837671	0.7600347816290313	0.4994045372437861	1.0
730000	-21.680901957355218	-18.408790149757937	-3.272111807597282	-8.911136109052308	-9.49765404070563	1.2929540690775958	0.816316516403077	-0.45997704990761645	-0.033542485926432164	1.0345340831019818	0.38409516319781833	1.0
731000	-21.016261923837696	-18.647965856558862	-2.368296067278836	-9.067749174657623	-9.58021668190124	1.2296144526878678	0.8657126703507261	-0.07407990842390016	-0.20717877333850354	0.37645310346485705	0.0812516634693704	1.0
732000	-22.54861193053872	-18.509542889814384	-4.039069040724336	-9.513197374429147	-8.996345515385235	0.7691263050102857	0.9169294294258845	-0.9321786909922435	0.18456077879086968	0.8386385356901839	0.2453352234792024	1.0
733000	-23.88200621729056	-18.205879707856333	-5.676126509434228	-8.853838158146598	-9.352041549709734	0.9959487124566586	1.4026473130239088	-1.2041589263536503	0.03058480332045649	0.8214465581866406	0.2555436809176995	1.0
734000	-21.763369232498533	-18.76110484568529	-3.0022643868132466	-9.079784438237239	-9.681320407448048	1.3468543196897071	0.7827433464743108	-0.2721962503611788	-0.08487511419072802	0.8216219147365945	0.332720240551732	1.0
735000	-25.04345026789897	-18.452639098769392	-6.590811169129578	-9.443853406666449	-9.008785692102943	1.3213989545688867	1.4126268544988525	0.24782776755645242	0.8798440947715191	0.4994458157933642	0.09627188048093319	1.0
736000	-20.52100037481147	-18.233637721500752	-2.28736265331072	-9.17951458428027	-9.054123137220483	1.0503264136956467	0.8641448350403295	0.20008438749576618	0.2245878757215719	1.8784193889300573	0.02520096190655671	1.0
737000	-21.65571412215931	-19.060055896711198	-2.595658225448111	-9.110461596304459	-9.94959430040674	0.9566678642834205	1.577036750163257	-0.07937003772500029	-0.23404287164060594	0.7930061663152633	0.14593993951322395	1.0
738000	-20.184897798968326	-17.86953714166701	-2.315360657301315	-8.982465639049906	-8.887071502617102	1.2337655626862447	1.1388122974532071	-0.21990089927132767	0.18299020968587537	0.44917777130229086	0.03637461549632233	1.0
739000	-21.495155362084425	-20.007703039622786	-1.4874523224616387	-9.768462815611928	-10.239240224010858	1.6270109965569715	0.6290078651351454	-0.166249329074764	0.08280560205025994	1.067419850026565	0.05174880933671373	1.0
740000	-22.69994903880509	-18.46562213290339	-4.2343269059017	-9.65683151437259	-8.808790618530802	1.419115329407518	0.7843495098141733	0.2619438101023321	0.6390447117630098	1.2541922532812633	0.8124657119207654	1.0
741000	-20.761023064946617	-17.81411745728754	-2.946905607659077	-8.836967179256401	-8.97715027803114	1.1711119564921997	0.9213702343074777	-0.45843930159497065	0.19553550004856673	0.7258447331567937	0.16396121708048048	1.0
742000	-21.35448345183538	-19.01524899744794	-2.339234454387442	-9.78647289433828	-9.22877610310966	0.7282593187009213	0.6966438212153573	-0.03610420536742065	0.5620325773038879	1.2514712573933926	0.1399115225814955	1.0
743000	-22.10987595666734	-18.693606736198745	-3.4162692204685956	-9.714600951943822	-8.979005784254921	1.6596404387997061	1.0013190858564531	-0.3339631251872218	0.10672540118440225	0.9438519810150842	0.2817009524566842	1.0
744000	-21.127143470057433	-18.728617522114632	-2.398525947942801	-8.974937237614853	-9.75368028449978	1.0272553335969392	1.5379840608114372	-0.21727394381128484	-0.10291980504904075	0.63863242431876	0.10559591416203533	1.0
745000	-24.97728200854766	-18.64001939106268	-6.3372626174849795	-10.0562861292202	-8.583733261842479	0.7769625859231609	1.2016948266214362	0.9742994634407967	0.7016675130357041	2.3204189151376675	4.123810101531062	1.0
746000	-22.305222553479098	-18.276125838606188	-4.02909671487291	-9.233835105272133	-9.042290733334054	1.3640442801814954	1.4029161553447764	-0.08785340128711325	0.6117247862885392	0.7074787290233465	0.10813958152371615	1.0
747000	-23.455601367932584	-18.36430649897594	-5.091294868956644	-9.232493453155431	-9.131813045820508	0.890767557006517	0.58786534648163	-1.7937724740314074	1.1702388037953066	1.5866814500622524	2.366987698006944	1.0
748000	-20.782978797171502	-18.140469619487256	-2.6425091776842455	-9.232083230739129	-8.908386388748125	0.8927287941540156	1.1046079207779471	-0.059980492613663505	0.14719102624615582	0.44738054376805847	0.170004666217229	1.0
749000	-23.15887996178637	-17.167783227757482	-5.991096734028886	-9.26922488913602	-7.898558338621463	0.8469022045641993	0.9806878800976354	-0.33546452147360645	1.8794142343617692	0.5716188923261288	0.843731401238931	1.0
750000	-27.140057474420356	-19.79507279043092	-7.344984683989438	-8.760199977547831	-11.034872812883087	1.1021512056500546	1.9327059525741495	-0.7660509865960744	0.726608867266482	1.318045537323476	7.261347503048246	1.0
751000	-24.53942563457968	-19.73793536254529	-4.801490272034389	-10.662810066025912	-9.075125296519378	1.4282938907952285	1.140949352358892	1.0080607300741458	-0.015893337671929436	0.8838773318430013	0.3215969321346687	1.0
752000	-20.492618394384767	-18.33154967352066	-2.1610687208641073	-9.145562163334022	-9.185987510186637	1.24913507937691	1.2570261959008413	0.01125397817670475	-0.044260386430941046	1.2411426831790124	0.09382142480115253	1.0
753000	-23.662847524302663	-18.40768770034538	-5.255159823957284	-9.188736319412667	-9.218951380932713	1.3009083919964997	0.5476655199073605	-0.018125411802698554	1.3433025075564102	1.6604533588692625	0.3930702612918652	1.0
754000	-21.655947066900946	-18.653426492784206	-3.002520574116741	-9.096526536830563	-9.556899955953643	0.9492318470508431	0.8732858618977877	-0.14244974290464188	-0.20428616141134417	1.7483012398981719	0.37245378405108137	1.0
755000	-21.59117486620576	-18.092181623957558	-3.498993242248201	-8.995327011284186	-9.096854612673372	1.0266246559122254	0.7279009246541379	-0.1698073108677075	0.5579886519629267	0.4334418321869547	0.17174196924388982	1.0
756000	-21.46828407076464	-17.52292059599385	-3.9453634747707893	-8.819186807650459	-8.70373378834339	1.068593924862364	1.0264757574433125	-0.5911882227268325	0.3734665116371897	1.306498636201351	0.6084478284631955	1.0
757000	-21.984771237152156	-20.892365027590877	-1.092406209561278	-10.930458897805396	-9.961906129785483	0.5544197073668982	1.642005468418051	-0.14766143805080195	0.02732352279296979	0.7116255614711229	0.03717004896510898	1.0
758000	-21.624056407612905	-17.407554646303943	-4.216501761308962	-9.026380513621929	-8.381174132682016	1.3273205526755936	0.8771367170057932	-0.31617836550635026	0.8816249480482727	0.9377819483104605	0.39062499027914965	1.0
759000	-22.25926516400745	-18.578161820680958	-3.6811033433264924	-8.877137552506209	-9.701024268174748	0.9817341047188778	0.7164337742561904	-0.8710340779520619	0.11182581472287634	1.4912285836060664	0.27578237185781146	1.0
760000	-20.285537808651924	-20.190280408588528	-0.09525740006339545	-10.768023961156477	-9.422256447432051	0.574275185263384	0.8198007575046012	-0.018613396374217384	0.01698173261355046	0.6563123603406367	0.02988413687000169	1.0
761000	-21.48350711908355	-18.252241470106128	-3.231265648977424	-8.876265864530794	-9.375975605575336	1.0895375490223842	0.6635734122635731	-0.37378686140803963	0.5777837062684475	1.1417697691382764	0.38139928834255793	1.0
762000	-22.203515092772832	-18.0643176994757	-4.139197393297133	-9.807559185159048	-8.256758514316653	0.7311328797683481	0.9766721155053517	0.0961059773862454	0.9581266742387181	1.4939242972931805	1.1691092606920612	1.0
763000	-20.18476886638418	-17.831368401156382	-2.353400465227797	-8.928419832094555	-8.902948569061826	1.0678551602873911	0.9029805475641234	-0.26595649402451527	0.291902820036662	1.1099148136986519	0.052671204610448386	1.0
764000	-21.31183103622067	-19.452726052111977	-1.859104984108694	-10.095095863573672	-9.357630188538304	0.6736502409648976	1.3077451706283265	0.08110377511030525	-0.16380070730746377	0.3295509610430674	0.03656737820157918	1.0
765000	-24.075717955014426	-19.191764389153683	-4.883953565860745	-9.368324690097008	-9.823439699056676	1.267675026611148	0.9704758370379176	0.2599632863728003	-0.5512542619930592	0.20976893768026986	0.32918887739774805	1.0
766000	-28.683104665159277	-21.497746370412365	-7.18535829474691	-9.449560250372137	-12.04818612004023	1.0657657226304793	0.2614508280396681	0.5656912610722167	2.336670284851339	0.25785235105218524	1.5650429115510285	1.0
767000	-22.30359181415723	-18.3797655985517	-3.9238262156055317	-8.932485116220914	-9.447280482330786	1.0719709147415601	1.5251402489487689	-0.2517344970466654	0.41610320399734535	0.5757658320147007	0.04615168967512287	1.0
768000	-20.93868313113822	-17.740647642688664	-3.198035488449556	-9.173186137578435	-8.56746150511023	1.0373345328923955	0.9914149745278925	0.183592666000738	0.5429655237184063	1.1365258492478143	0.2777683564942283	1.0
769000	-22.076054671183176	-19.96712256302696	-2.108932108156215	-11.12438100050122	-8.842741562525742	0.533865711709692	1.2046395871799294	-0.13449639769764504	0.30005301215143493	1.5184287237145413	0.150781179139954	1.0
770000	-20.25314252026059	-18.752389006232413	-1.5007535140281771	-9.596807661720996	-9.155581344511415	0.7689364323862166	0.9681538279403306	-0.093279728749369	-0.022434920076315965	0.42028613424079486	0.055962401596873664	1.0
771000	-22.613994950575016	-17.722021676455885	-4.89197327411913	-9.426099614792442	-8.295922061663443	0.7953659566929395	0.8563211894790443	-0.43476149754328447	1.0216677182343181	0.8156992273268402	0.21858855849764652	1.0
772000	-21.596492004187525	-18.263946310575292	-3.332545693612232	-9.364612437408775	-8.899333873166515	0.9721485381509064	1.2593539884664977	0.4249036779203197	0.31836076884863823	0.9399503003558699	0.07638107201964733	1.0
773000	-20.418099423107194	-19.933425728071626	-0.48467369503556723	-10.397101621044985	-9.536324107026642	0.6218423153752973	1.4611243232670093	-0.06888496199892435	-0.052945039283284846	0.8980891662559025	0.02806136484145738	1.0
774000	-28.840380608664482	-23.30359585899224	-5.536784749672243	-12.887214821810861	-10.416381037181377	2.386261156132961	1.1846900038442516	-0.07187481834875187	-1.0727224064981753	0.46530120993628954	0.42154425043926746	1.0
775000	-21.75877087603145	-19.883241824863724	-1.8755290511677263	-10.704247201196997	-9.178994623666728	0.5827440352444371	1.238674307368019	0.029303276369128883	-0.05734099282966387	2.488278548933581	0.06705224741264361	1.0
776000	-21.785500491370634	-18.063702457891928	-3.7217980334787057	-8.916967468334555	-9.146734989557372	1.3232802863443385	1.3740244264763526	-0.5176962761979004	0.24963415412871415	0.6349995428716005	0.24138644831481396	1.0
777000	-20.627338817214447	-18.744255626729217	-1.8830831904852312	-9.106412713570577	-9.63784291315864	1.2328720591330737	1.4447083858555145	-0.020644147421042147	-0.22220497333292727	0.7032619215712285	0.0455894950567559	1.0
778000	-22.79156733747943	-19.260180421377306	-3.5313869161021243	-10.682659249931941	-8.577521171445367	0.5984714907847098	1.1139082068393238	0.5109138744087238	0.5528635236326063	1.2995967766689096	0.6351509579807478	1.0
779000	-24.110371685994803	-17.398613789548726	-6.711757896446077	-9.454855822653531	-7.9437579668951965	1.400803001880949	0.9889772993148639	0.09544547284730265	1.6718575852189206	2.065437643517685	1.0363847281652099	1.0
780000	-22.831771351371554	-18.29078284400442	-4.5409885073671346	-8.761459470981828	-9.529323373022589	1.2847535015713887	1.2463779605051812	-0.8766354809118095	-0.39188950474779616	0.741802706354258	0.4302014968767026	1.0
781000	-24.24996503621811	-19.4589299506268	-4.791035085591311	-10.301702645001818	-9.157227305624982	1.9182842701774483	1.2959485551394503	-0.6156551050931488	0.04580664127497755	1.2741730723509326	0.19197877708288683	1.0
782000	-20.01419909857554	-18.51535460381219	-1.4988444947633472	-9.206829808563231	-9.308524795248958	1.0439595445151797	0.9043289831242272	0.24021062159339862	-0.0638002243356881	1.3788292960144182	0.04935594266857311	1.0
783000	-20.804843688524087	-18.33650448406087	-2.4683392044632155	-9.006150850657665	-9.330353633403206	1.0109519331174646	1.4136423759093057	-0.17634002154103232	0.09316953090322444	1.2863935818698056	0.11570350458100107	1.0
784000	-22.31052457611289	-17.592975959358363	-4.717548616754528	-8.969096267009956	-8.623879692348407	1.2072879719333987	0.7650987225885525	-0.20963577345166515	0.8771011032478501	2.1628891434199184	0.29586995282740763	1.0
785000	-20.43602886646753	-19.500166543664673	-0.9358623228028597	-9.24867220283186	-10.251494340832812	1.2200411173521302	0.6608281532990352	0.18940334045511217	-0.06887117418393916	1.299348934942337	0.03068063871757109	1.0
786000	-21.765900414309556	-17.361847610494834	-4.404052803814723	-8.729424163685016	-8.632423446809819	1.1177662442937348	0.9499489735023311	-0.9211937225952065	0.5014880235443103	0.924918474627675	0.36608905636276645	1.0
787000	-21.767396055151494	-19.196805269810817	-2.5705907853406784	-9.656422756156116	-9.540382513654702	0.7703684478649819	1.1452060776616033	0.13064614235846686	-0.4360157837509124	1.0832860663080495	0.16124235434697992	1.0
788000	-22.34823616803218	-18.0393858796842	-4.308850288347982	-9.033499875058585	-9.005886004625616	0.908423374921231	1.2519382167555584	-0.8052081258291099	0.16055144586134773	0.4553933459899735	0.35582876142277	1.0
789000	-20.131451557830964	-18.563418362006473	-1.5680331958244889	-9.303697275604994	-9.259721086401477	1.353083140200839	1.2313849661374878	0.024679672337208997	-0.14812057686116376	0.6990299943726562	0.04857219058390935	1.0
790000	-21.368934747865932	-19.423491703822595	-1.945443044043337	-9.025848113666338	-10.397643590156257	1.0042391614058368	0.709415509257722	-0.14479891811830514	-0.35799663440843127	1.0888452658643295	0.08484356274891579	1.0
791000	-21.29536964962346	-19.296732390878084	-1.9986372587453776	-9.062100969689578	-10.234631421188505	1.0614779887614498	0.7110109924505714	0.006593800619370982	-0.25284812979870935	0.5315103568993489	0.09099718446061314	1.0
792000	-22.258174275682325	-18.89308256218018	-3.3650917135021468	-9.09064558880408	-9.8024369733761	0.9282050034319348	1.042749599673648	-0.26515051674565737	-0.6030172117392187	1.2579940574052861	0.168510405406883	1.0
793000	-22.967935582331435	-19.691681983415652	-3.2762535989157815	-9.11481758817226	-10.576864395243392	1.2752230164041323	1.811807237227559	-0.07500391832339068	-0.09319439838725685	0.5341776001240846	0.22387642643015646	1.0
794000	-21.47986624839406	-19.709299357264708	-1.7705668911293508	-9.197631535629146	-10.511667821635562	0.9117256260470944	0.6652244311993943	-0.04882923039767506	-0.2651138870556153	1.1803400398806294	0.16175526838830942	1.0
795000	-22.180266210879374	-18.595835780349912	-3.5844304305294603	-9.438638776993752	-9.15719700335616	0.9199871109376853	1.3366151205644257	0.4557432059857535	0.12862758831068208	0.9092382409717511	0.04187602059935657	1.0
796000	-23.07718989138037	-18.911593395846566	-4.165596495533805	-10.059113970574092	-8.852479425272472	1.430122402203357	0.7816403715127594	0.5849479240748949	0.6056897017249359	0.5927501896785365	0.3138174973863368	1.0
797000	-21.958592162047275	-19.226305109336103	-2.7322870527111704	-9.924358594720037	-9.301946514616064	1.60980235523385	0.8127639307476514	0.040918415278665396	0.13101041246073805	0.9611430027576142	0.21055220467455277	1.0
798000	-20.787529957219906	-18.124867673837755	-2.6626622833821507	-9.060188896643936	-9.064678777193818	0.9230567255175607	1.0436515641012474	-0.412948357592179	0.0009751168479341654	0.8426776765421707	0.20288586276106443	1.0
799000	-21.135056833644605	-17.821939727442874	-3.31311710620173	-9.174808714855873	-8.647131012587003	1.012579461495373	0.9925793978489148	0.16563566602938767	0.45150026100465657	0.7320517533961957	0.04763392571943725	1.0
800000	-23.433334053919943	-19.34996758412838	-4.083366469791562	-9.790636414241341	-9.559331169887038	1.6306914405347268	1.1973423605149274	-0.15349511518734854	-0.4426007188021872	0.6282552789489836	0.5082712402214495	1.0
801000	-19.601016128246165	-18.426082163342645	-1.1749339649035213	-9.315761449973017	-9.110320713369628	0.9010583948275053	0.8945572722920829	0.17748433421295337	0.11936250153529973	0.6377564574534238	0.03409570328443147	1.0
802000	-21.665679496723758	-19.116254809283525	-2.549424687440232	-9.168720397310297	-9.94753441197323	1.3851526318219824	1.587980507367883	-0.22793286685723685	-0.1935633343417569	0.7872615606662048	0.04414560250090167	1.0
803000	-20.796946557391824	-19.18163341396144	-1.615313143430383	-9.813355195781902	-9.368278218179537	0.7148409232732883	1.43082643239883	-0.2334934046208338	0.09168566774109355	1.0762376888209724	0.04746950066119096	1.0
804000	-25.02765686758749	-18.963807873207784	-6.063848994379702	-8.993711693261039	-9.970096179946745	1.0485235020609343	1.3093294829963351	-2.0005344276412313	-0.715495580283771	0.7988173235196424	3.456425845330483	1.0
805000	-21.89098502381472	-17.15420867203907	-4.736776351775651	-8.767366764570381	-8.386841907468689	1.0561624258301772	0.9168445470126757	-1.0601900980061083	0.8204964519595135	0.8592153278179193	0.799529861855217	1.0
806000	-22.340747686226965	-19.756289226603684	-2.5844584596232805	-10.890627768914815	-8.865661457688867	0.5581527034791973	0.9558813317920621	-0.35446391505046715	0.2566939164435915	0.5280875659400335	0.11507455873101784	1.0
807000	-25.19913285328816	-22.398171544572463	-2.8009613087156957	-12.763663834749615	-9.634507709822849	0.4023276243246501	1.573916103387926	0.018855436395026903	0.2994010438530141	2.2216245212033514	0.10395947879645924	1.0
808000	-26.031606064213065	-21.399326383735904	-4.632279680477163	-12.007351073842223	-9.391975309893683	0.48711360108583307	0.6915513913130379	1.6259793584524	0.4475211715604446	1.7892008864151976	4.6929116063122045	1.0
809000	-22.96536068509249	-16.9450459272199	-6.02031475787259	-9.162814259482948	-7.782231667736955	0.8682940700626309	0.9145748283335609	-1.2449771709108512	2.254901086455126	1.2454676585702324	1.8674137509369764	1.0
810000	-24.556857936758902	-17.18432573323941	-7.3725322035194925	-9.16384789789182	-8.020477835347593	1.5860128409546264	1.0376170762861725	-1.0489332399709475	1.6249298877629934	1.168256323051934	0.5551329465269701	1.0
811000	-21.92965375144268	-17.137831336750804	-4.791822414691875	-8.899994610517567	-8.237836726233237	1.142706570726685	0.9103840583428706	-0.29907283412820546	1.0226510289379336	1.0011052532407188	1.7938490010140733	1.0
812000	-22.253984458879685	-17.87348955327453	-4.380494905605153	-8.796495501724305	-9.076994051550226	1.2635893072964681	1.3870451343487125	-0.6893040979154493	0.4294822147609054	0.9933061878073042	0.36720267416645785	1.0
813000	-23.248931875042867	-19.23424241080715	-4.014689464235718	-9.88659046738148	-9.347651943425667	1.2482367297141435	1.0146040929031772	0.7888759230110818	-0.22883295777218593	0.8904794279393845	0.40674655335944593	1.0
814000	-23.528500902871453	-18.049291870064266	-5.479209032807188	-9.248030312608078	-8.801261557456188	1.5917199369596173	1.1949977794051132	-0.8222860741147453	0.34173257690996206	1.2993895777264302	0.17209168841092118	1.0
815000	-23.0616704862674	-17.94872816235679	-5.11294232391061	-8.758992192203326	-9.189735970153464	1.121844241384873	1.0897157417935421	-0.7295836629779284	-0.12861267437846266	2.184513068585911	0.1381897273872775	1.0
816000	-22.590350303140696	-19.73237906580596	-2.8579712373347332	-9.246127369806453	-10.486251695999508	1.283607107751666	1.7938610824799293	0.08761653743484918	-0.03132372017274648	0.7343230893543526	0.15169066800899833	1.0
817000	-22.625347259659613	-19.23274261371501	-3.3926046459446	-9.686968013249531	-9.545774600465478	0.8000436539820973	0.8510175522884086	0.4495894747744638	-0.15052030623255583	0.8967236866691762	0.7447141467644989	1.0
818000	-21.81639407020313	-17.647429308213013	-4.16896476199012	-9.002822700250837	-8.644606607962178	1.4070143005475546	0.9660352534660595	-0.5768604145345829	0.4733603545076125	1.343329605426868	0.3269196429730519	1.0
819000	-22.48779043574173	-19.061687933837025	-3.4261025019047064	-10.22859911189055	-8.833088821946475	1.5506424525995492	0.9390844239621426	0.4459590958969351	0.30775874143044374	0.7410905113823487	0.21376622938735695	1.0
820000	-25.350855401222955	-19.234617669728337	-6.116237731494617	-9.25240741868268	-9.982210251045657	1.6287336944596897	1.595302459485665	-1.0716201205923557	-0.21432283030436391	1.1405428046281865	0.2788944015599119	1.0
821000	-23.421288928438443	-17.615548804604376	-5.805740123834067	-9.571664844199516	-8.04388396040486	1.6000821395030485	0.8704611020591818	-0.31184302514716655	1.35957113777784	0.3530962377617261	0.7401155592315162	1.0
822000	-21.361386386580815	-18.706665051891825	-2.6547213346889906	-9.764233926907607	-8.942431124984218	0.7736696420978635	0.9449506581507009	0.4358953932696358	0.1962931153111302	1.3051912039135796	0.2665110689747801	1.0
823000	-21.57822501896747	-17.503161276338794	-4.075063742628676	-8.887105913069151	-8.616055363269641	1.2019557460665078	0.797670648833181	-0.36529248974689277	0.7922499102784216	1.185018181184537	0.7307924305458382	1.0
824000	-22.214015321484702	-17.916178229204505	-4.297837092280196	-9.3154865221915	-8.600691707013002	1.0060882147861487	1.1841021062423946	0.3830216719010885	0.6255010443066055	0.8603068471461802	0.10729084993713521	1.0
825000	-23.136262771201004	-16.722505262387592	-6.413757508813411	-9.039856725121554	-7.682648537266039	0.9756638761309913	0.7093681908159951	-1.8365498134807567	2.4745399480168846	0.6311430683695284	6.241044035826477	1.0
826000	-18.94689985401926	-18.580767924311814	-0.3661319297074461	-9.108997601814862	-9.471770322496953	1.0828687016315526	0.7853110386435853	0.09445521390769454	0.068351938937023	0.8147808644836823	0.02546378293442999	1.0
827000	-23.36919853086257	-18.8220649641355	-4.547133566727069	-10.609383231578768	-8.212681732556733	0.6236701212093197	0.9513467875286699	0.7846824342467815	1.0309843550921765	0.749343559791818	0.5271646164118998	1.0
828000	-21.69301720089042	-18.269730507141475	-3.4232866937489455	-8.863781317192478	-9.405949189948998	1.2228546408509182	1.1378159216263577	-0.44202727590016344	-0.3231651253737932	0.5587825730946747	0.1488394785417714	1.0
829000	-22.112705356073675	-20.242437206986068	-1.870268149087609	-9.170221016707819	-11.07221619027825	1.0230961136484122	0.49642913160005464	0.1681060272996734	0.29295705965133445	2.4006282534281422	0.057282234232045655	1.0
830000	-19.820865294885387	-19.230050642039295	-0.5908146528460912	-9.416392555826686	-9.813658086212609	0.8234796527673931	0.716310187749823	-0.04992449311688843	0.028169809136030455	1.7190583075457422	0.05850875671968756	1.0
831000	-24.366067936013582	-19.290423668038542	-5.07564426797504	-10.39989842961557	-8.89052523842297	1.568144450674454	1.2444460495794638	0.5311589558497716	0.30099220918153535	0.21936034607932514	0.42794067794075735	1.0
832000	-22.32345163380364	-18.984139363321923	-3.339312270481717	-10.007449499050985	-8.97668986427094	0.6771725345195474	1.3435452995157786	-0.34203572281795946	0.43854141450086537	0.7276229944243892	0.08107371990875975	1.0
833000	-22.493589645480494	-20.8382907799463	-1.655298865534197	-9.113306466676141	-11.72498431327016	0.9800670399863795	2.10949958397739	-0.005655918107537072	-0.012440960720731975	0.8523454797951207	0.04338526316232375	1.0
834000	-24.755966751047882	-18.589576935224052	-6.1663898158238295	-9.631880305363978	-8.957696629860074	1.4261199727116791	1.377524406835886	0.22211641876670113	0.6711211679274731	0.16667940743686163	1.0377524504032307	1.0
835000	-23.246924110835796	-18.54255481752923	-4.704369293306566	-9.977830553166541	-8.564724264362688	0.6881395070138311	0.8723090568042192	-0.09745199347786104	0.6815494906654855	0.3225079490088141	0.09769952902951375	1.0
836000	-21.937873894408327	-18.150123668992975	-3.78775022541535	-9.604299963372853	-8.545823705620124	0.7663892729384882	1.0320715527163085	-0.10439132616124086	0.5579820829025814	0.49562857829765244	0.06935325460468138	1.0
837000	-22.60853483301994	-19.152988158684785	-3.455546674335157	-9.037869632688956	-10.11511852599583	1.091759687402268	0.5878449244667383	-0.026245008852753826	0.3827773346398746	1.175825456304446	0.8905062807657036	1.0
838000	-22.74128202204452	-20.485048649318927	-2.2562333727255917	-9.06539875039878	-11.419649898920145	1.0492149603754357	0.5286150001734172	0.0041895685264969895	-0.1526246803595091	0.5093366791572073	0.16439479769031193	1.0
839000	-21.905522926727517	-17.490187839613114	-4.4153350871144035	-9.041484344237563	-8.448703495375552	1.1324386904706718	0.9299600053569159	-0.025620312302818554	0.7309582526143346	0.4871372788863346	0.11756679405815088	1.0
840000	-21.01237742199058	-18.435902840134588	-2.5764745818559893	-9.283376077340478	-9.15252676279411	1.3338488027215676	1.3956149184490279	0.0394267612810677	0.3197258165110931	0.6084681477245345	0.03925465079310036	1.0
841000	-28.18857598599932	-20.695174807666092	-7.493401178333228	-9.832952024216013	-10.86222278345008	1.067378328958783	1.7943837271497465	0.9660039276214674	-0.5915464614333366	0.8497766115084631	17.486226022428173	1.0
842000	-22.260929084494204	-17.94217443007914	-4.318754654415063	-9.14021112293413	-8.80196330714501	1.4243521371357186	0.9001471737594956	-0.376495858028313	0.3926403783012062	0.2769252774674367	0.08574838631705195	1.0
843000	-19.86680431961693	-18.48104544847	-1.385758871146931	-9.339396921864934	-9.141648526605064	1.3048685538920453	1.1824268234844222	0.16216868580843363	-0.06418329343311846	0.7043572409407525	0.03579816889933109	1.0
844000	-27.135038103680774	-18.19479416927832	-8.940243934402453	-9.445351430864665	-8.749442738413656	1.6988143534971456	1.0439875356303872	-1.7761815985695428	0.318641443218469	1.0997445392967855	0.2964651339488783	1.0
845000	-20.023442724341752	-18.484874779007917	-1.5385679453338348	-9.111047505014525	-9.373827273993392	1.0433652576030124	0.78903185693251	0.08246395676038049	0.13560313842477906	0.8400740030371177	0.09879960890665943	1.0
846000	-24.730187711956827	-20.53995777943536	-4.190229932521469	-9.331841489985518	-11.20811628944984	0.9065211137447676	1.9565238454066376	0.2299236813996201	-0.30650997319011525	0.30844480515942724	0.026844218101130315	1.0
847000	-21.399987122319345	-18.187297736443178	-3.212689385876166	-9.303855511398615	-8.883442225044563	1.0080943695441809	0.9303968976655062	0.3672559815015105	0.27036650630941317	0.9301099194842896	0.4466854048411253	1.0
848000	-21.66444784857339	-17.391638263739946	-4.2728095848334435	-8.807416098322964	-8.584222165416982	1.1756284933660586	0.783468977350352	-0.5410782030165621	0.863872243216204	1.3831141532856104	0.667079268140586	1.0
849000	-23.911037881135737	-20.326481950291054	-3.5845559308446817	-8.953735980276535	-11.372745970014519	1.145518465710758	2.0312875938966926	-0.18919112418323822	0.2695756076005498	0.2643660636523215	0.1013665383728053	1.0
850000	-21.117655599546683	-17.690154384381202	-3.4275012151654822	-9.102418576778984	-8.587735807602218	0.988428818822121	1.0929764378947793	-0.009756490899400894	0.522152784083587	0.43039568988745913	0.13815147955226567	1.0
851000	-23.92671868804126	-19.443103311192054	-4.483615376849205	-9.465892200139278	-9.977211111052776	1.4464302347087363	0.9410817613225971	0.0002832791895516218	-0.6224599235833387	0.28315193093930513	0.1310320412190831	1.0
852000	-21.38045377565247	-18.195203270338773	-3.1852505053136975	-9.091974661628104	-9.103228608710669	1.0421762269857682	1.4011556621242316	0.04743126105060261	0.4446251592444075	0.6602329323001389	0.20538566035274447	1.0
853000	-20.94859057136219	-18.38197285719334	-2.5666177141688493	-9.35902209500637	-9.022950762186968	1.262996409046307	0.9117190790805851	0.25704874907206343	0.16846088040384302	0.9571848523065332	0.18295533452807541	1.0
854000	-21.46045976760736	-17.47168187527948	-3.98877789232788	-9.121867352439988	-8.349814522839493	0.9686664578441581	0.8642644519600976	-0.016191396212248882	0.9409855310076893	0.7498998696319111	0.37371181664307473	1.0
855000	-21.470407266778235	-18.584471397599266	-2.885935869178968	-9.453468539993459	-9.131002857605807	1.4238963566224068	1.228178908177064	0.040682895724022804	-0.016317198483867645	0.4004149573419451	0.15715978088604884	1.0
856000	-22.599312417628003	-19.00388852378271	-3.5954238938452923	-9.261680170554161	-9.742208353228548	0.980020143222711	1.3355317730013219	0.2722100333128193	-0.502251278787907	1.3708536923595003	0.2078474640528819	1.0
857000	-22.808924494675814	-18.303362045851735	-4.505562448824078	-9.783936633608281	-8.519425412243452	0.8603290479110682	1.110113997760973	0.8380697162981146	0.633454625813616	1.5063879166373952	0.9256196274749212	1.0
858000	-24.687496507677423	-19.80074406073487	-4.886752446942554	-10.103768132600582	-9.696975928134288	1.892617092303149	1.110219492427894	-0.7830144384067868	-0.5560069953228433	0.6784422875472882	0.5321705404843148	1.0
859000	-20.501393198446692	-17.95502309935908	-2.546370099087612	-9.129078450972393	-8.82594464838669	1.0490381227341798	0.8941075120689654	0.11719231775953279	0.37922010547177626	1.700414774994533	0.06997521044018698	1.0
860000	-23.725021159290552	-20.88266245875952	-2.8423587005310327	-10.512299513669078	-10.37036294509044	0.6115243565919729	0.7034435187573803	0.18674614487370855	-0.3181643015860441	1.7376976310372751	0.7679529786787558	1.0
861000	-23.234695727567882	-18.88466347708816	-4.350032250479721	-9.212332941944467	-9.672330535143695	0.8520384326873067	1.6072826002442626	-0.5731999600750578	0.597304891946452	0.8543860770655763	0.20219635365278238	1.0
862000	-21.698255004250967	-19.00268772342289	-2.6955672808280773	-9.763059772557217	-9.239627950865675	1.60989526179464	1.0851621642099576	-0.12056192240298191	-0.17258656819051033	1.134942105687682	0.11820177042155751	1.0
863000	-20.85106899733827	-18.43935730694177	-2.4117116903965012	-8.972494161511532	-9.466863145430237	1.1552637017385223	0.7779423050104454	-0.15838670313583947	0.09314692063968905	0.40616584570418823	0.11536085247779043	1.0
864000	-26.366536339475466	-19.71160161393364	-6.654934725541823	-9.683700060222684	-10.027901553710958	0.7364271890308559	1.59046524894195	-1.074899061745677	-0.28970853118885254	0.2668263534391114	0.19403613327741284	1.0
865000	-21.41347088401914	-19.617113666575136	-1.796357217444004	-8.951455505812131	-10.665658160763005	1.0071333373393856	0.5584337637363816	-0.33225893237499904	0.16194821046018054	1.6537564073829856	0.09840094582207279	1.0
866000	-22.7023226588784	-19.678842796357426	-3.0234798625209747	-10.29096983848904	-9.387872957868385	0.6689152608895557	0.7748103735598832	0.6260467218422363	0.16483688697630064	0.9603335875118968	0.10759853587884813	1.0
867000	-22.517608684306435	-20.890450045483757	-1.6271586388226775	-9.79400502417991	-11.096445021303847	0.7409702932114866	0.48414435172771164	0.1921594641198724	0.36744095267005217	1.6228468948943109	0.1822977392087546	1.0
868000	-20.646521914796097	-18.619124560318276	-2.027397354477822	-9.716614440148154	-8.902510120170122	0.737226496365518	1.1645178994594851	-0.16693228555433615	0.18247059315393227	0.7956364071670381	0.13415574849923065	1.0
869000	-22.17187780807542	-17.229442249891793	-4.942435558183626	-8.840221429392896	-8.389220820498897	1.33662888333938	0.837676885580389	-0.7549751042369046	0.9446875343160814	1.436431174283448	0.892924555922583	1.0
870000	-22.985614781844788	-18.399553165800686	-4.5860616160441	-9.09214442383779	-9.307408741962895	0.9155906952357084	0.6153521053376352	-0.348099485593945	0.8664571244350028	0.37658495373065937	0.6057832228677077	1.0
871000	-21.00544778149501	-18.2902366064732	-2.715211175021809	-9.1533300763491	-9.1369065301241	1.347455692641949	0.8261185739561849	-0.16200872428512414	0.23591709898515079	0.36279777193102847	0.09229600189913806	1.0
872000	-22.321910065723557	-19.829972795661792	-2.4919372700617632	-9.695183470441615	-10.134789325220178	0.7530313353224731	1.622785915536917	0.03334071935384281	-0.31726836684264736	0.47204007307078577	0.04450925318110551	1.0
873000	-22.4092240601448	-18.47693781082146	-3.9322862493233397	-9.227227664535665	-9.249710146285796	1.296861142974866	1.418760508529279	0.039917008214456096	0.23938691690042613	0.30784695127601286	0.3026433942477434	1.0
874000	-23.2297481733374	-19.615883001032167	-3.61386517230523	-9.454327221488256	-10.161555779543912	1.5755543040241473	1.688676409140331	-0.3859164236598538	-0.07721809022657283	0.9937814025695121	0.05349458264392637	1.0
875000	-21.43949559887617	-17.709192696995906	-3.7303029018802647	-9.191084012350917	-8.51810868464499	0.8876423441506084	0.8812281834691725	-0.21765991521444386	0.7171339574833049	0.5573919149928934	0.31825464456551555	1.0
876000	-23.357541418282253	-19.065212569861274	-4.292328848420977	-9.905503353005699	-9.159709216855575	1.6705626368795379	1.4204375151023396	-0.15455206675290195	0.4235210795921133	1.1354215770876122	0.3297949203436037	1.0
877000	-22.649900909441268	-19.04653766158988	-3.603363247851387	-9.094568888679008	-9.951968772910874	1.1854538670854353	1.681265210246929	0.019751026595644677	0.4496341339661878	0.4562640990353622	0.05885751153967393	1.0
878000	-22.64525100672136	-19.16670484735559	-3.47854615936577	-9.545290809349968	-9.62141403800562	0.8752018102063295	1.1054217749560151	0.5161124351500391	-0.49612632723467964	0.8715651927956927	0.24474355235509662	1.0
879000	-19.650802633049516	-18.24287590919714	-1.4079267238523778	-9.187790715288827	-9.05508519390831	0.9887488301973651	0.9403125146131659	0.15708099871578318	0.09927217817685288	1.306465913385412	0.06972807419396977	1.0
880000	-21.20904269910576	-21.107610452028588	-0.1014322470771698	-9.96699327572839	-11.140617176300196	0.7020938609632348	0.5472889843648794	0.1734483822832918	-0.088347652350934	1.106438421593242	0.026424917859815263	1.0
881000	-23.400859714573784	-19.561620808128687	-3.8392389064450954	-9.226878600237677	-10.334742207891008	0.9200300952841213	1.7202294409335175	0.05775695862446917	-0.20275024884588339	0.8784683131383428	0.538796843523723	1.0
882000	-20.548798711815166	-18.20223574490853	-2.346562966906634	-9.128706375484075	-9.073529369424456	1.3994204859148325	1.0684682630555664	-0.3256192516158316	-0.016197082997541107	0.6990603715183572	0.0497885189848282	1.0
883000	-21.771863094430717	-21.065466034272525	-0.7063970601581908	-11.830910915043418	-9.234555119229109	0.46953666852542963	0.9776260396779649	-0.002957740536273068	-0.10036770938353712	0.5317776535851183	0.036849471586028956	1.0
884000	-24.813687867074577	-22.63217501334137	-2.1815128537332056	-10.034181997986597	-12.597993015354774	0.6857411749823791	2.2984847543128972	0.10653089115334685	-0.20267860870596205	0.9857735137692797	0.031270200257159694	1.0
885000	-23.308976862096316	-18.661782719076292	-4.647194143020022	-9.057150795992555	-9.604631923083737	1.1865790209730906	0.8630863122913973	-0.03906388459673771	-0.22040899066667063	0.2805106956140903	0.7094713924014044	1.0
886000	-22.572044510342476	-17.577377829997566	-4.99466668034491	-9.398534187972118	-8.178843642025447	0.9268000931782798	1.0061510114428234	0.40493441288578613	1.0969804100891358	1.1089499688100228	0.2704774911202805	1.0
887000	-24.22088898509887	-20.30868290550362	-3.9122060795952516	-10.423453827417802	-9.885229078085818	0.6165227050011994	0.7963928349582271	-0.17057957841333724	-0.2714843052073588	3.943424425930583	0.4161012621033401	1.0
888000	-22.818116292210753	-18.554129947305437	-4.263986344905315	-9.715385083598143	-8.838744863707294	1.375859796979939	1.006148776821933	0.40841743946446174	0.24034775176225348	0.7136250043014012	0.9334814636095727	1.0
889000	-22.654691877381886	-17.645016607797032	-5.009675269584852	-9.123205803082369	-8.521810804714661	0.9130619571529069	0.9366386344233545	-0.25681350766931144	0.6383600766436273	0.19749301895267887	0.21867028703177366	1.0
890000	-24.593913855500677	-22.830326275444662	-1.7635875800560157	-9.013265074811844	-13.817061200632816	1.265253545391326	0.35846458165812295	-0.21620388798858706	-0.17523157582319496	0.9574457849254103	0.134951522260255	1.0
891000	-22.215400604749842	-19.602563178070973	-2.612837426678868	-9.186463542383605	-10.416099635687367	0.9600604512391636	1.8009252089926813	0.09720120875761906	0.3085315811041689	0.537983447388884	0.05152039772448923	1.0
892000	-22.024174259670048	-18.776725613871285	-3.247448645798764	-9.511795527905964	-9.264930085965323	1.3814921227708088	0.8597346216612044	0.19860790533505146	0.05427493383989401	0.8797582864069631	0.41940453039256004	1.0
893000	-20.760061304412382	-17.884666716328965	-2.875394588083418	-8.864901936538057	-9.01976477979091	1.150637455112828	0.8929037551775552	-0.3814608155723356	0.20185047126610883	1.0915120001406888	0.044435065073724536	1.0
894000	-26.44179041847508	-18.78588741863522	-7.655902999839859	-9.838741861850927	-8.947145556784292	0.7501145016187621	1.3945800339503673	0.4116407872467055	1.1819102278392166	0.9384840144278807	0.13848686563868204	1.0
895000	-23.601393647758176	-20.482124455899623	-3.119269191858554	-10.161182811062442	-10.320941644837179	0.6823382818443259	1.7255366581111353	0.4669494918383877	-0.15308581682778594	0.9012761031649071	0.14643385347030483	1.0
896000	-20.89211425750415	-18.08147755867735	-2.8106366988268	-8.873065441778651	-9.2084121168987	1.206519565880778	0.8491791825400379	-0.4011499438440515	0.12335200637813641	1.1490443038638334	0.22086201263272984	1.0
897000	-21.04784515391593	-18.023598086653458	-3.024247067262472	-9.31107321374597	-8.712524872907487	0.8547279310312774	1.126678860512474	-0.09764969320538885	0.38338130032367757	1.7942803228920654	0.03760726436958835	1.0
898000	-21.777850973516188	-18.5743444735183	-3.203506499997891	-9.603971812303843	-8.970372661214455	1.5175365842612893	1.322226977922292	-0.030441467412941466	0.37303038703119223	0.9762210841506765	0.14310823611711518	1.0
899000	-24.71633592902227	-20.373444554268474	-4.342891374753798	-10.220417871251868	-10.153026683016607	0.6559059989203759	1.018056729087583	0.17556320622995109	-0.8289040523443301	0.8294280717331655	0.12843061575952433	1.0
900000	-23.272872937977805	-18.448797875830596	-4.824075062147209	-9.764746147974133	-8.684051727856463	1.5107272792972815	1.1964554070965114	0.14965923247961527	0.5145617385576646	1.9077792281917607	0.2034160608489303	1.0
901000	-19.436374852849852	-18.399705524141147	-1.0366693287087045	-9.27614790072723	-9.12355762341392	0.8874814382378095	1.1517204664827856	0.025374251590875026	-0.060590170160197965	1.269573737897489	0.05212266155932437	1.0
902000	-21.585828618603692	-18.77615482757182	-2.8096737910318743	-9.312956158006221	-9.463198669565598	0.826055310006598	1.00009206407383	-0.45457531711702426	-0.31017298001343235	1.2940166127167918	0.17741667286577523	1.0
903000	-22.42551556129613	-18.81158146584984	-3.6139340954462913	-9.498402487941732	-9.313178977908107	0.9871261353737433	0.9140464664286799	0.6222076044472861	-0.08322577932299036	1.0266424446650841	0.6541797551445617	1.0
904000	-24.41272387816364	-18.490708830052064	-5.922015048111573	-9.547912263711602	-8.942796566340462	1.2544948594594494	1.3699249185207873	0.47137378289868476	1.5552590574203662	0.47662929604198284	0.9215427037138182	1.0
905000	-21.03199298975125	-18.75879068731299	-2.2732023024382575	-9.291112084795877	-9.467678602517115	0.9177318198635546	1.3495338142957995	0.18612834872107242	-0.21834520768547097	0.8765882093102653	0.019308860289885862	1.0
906000	-21.40846259527072	-18.60174486212366	-2.806717733147062	-9.223596754679598	-9.378148107444064	1.2158734094475785	1.204727079035343	0.16305171576440597	-0.2800646855317665	0.5304795302381118	0.024881516746175423	1.0
907000	-22.42918772436268	-18.68007550266831	-3.749112221694371	-9.483240265069242	-9.196835237599068	0.8057512436281791	1.2935042654002478	-0.017964437298544966	-0.005589112941336211	0.26050720151750245	0.2653906377979606	1.0
908000	-20.92805701149588	-18.49086259664141	-2.4371944148544706	-9.741642585725032	-8.749220010916378	0.7443263478021039	1.1827209732615942	0.06777739154979405	0.395389031472643	1.4667436848030782	0.1157876333022992	1.0
909000	-20.52702719688512	-18.59539553983118	-1.9316316570539391	-9.261654931461251	-9.333740608369927	1.2311811818513219	1.287544959606825	0.19011872845158473	-0.1652300817224867	0.6965828556372171	0.04682107190330879	1.0
910000	-26.91025835731716	-23.001380649189414	-3.9088777081277466	-11.677790948443464	-11.323589700745952	0.5175110877750716	0.539019366871	1.4934874843601642	-0.15619305268729278	1.160007037284185	1.4034097638900576	1.0
911000	-21.960311965522134	-18.119425615609885	-3.840886349912249	-9.314600218639171	-8.804825396970713	1.3996878321039798	0.8164352662152047	-0.06613266987221916	0.5580853776551553	0.57728936554744	0.501577029192993	1.0
912000	-23.00920196663778	-17.748207797789178	-5.260994168848601	-9.750095054814611	-7.998112742974564	0.8349572090447492	0.9549674836579296	0.7193134658966711	1.4248492346556483	0.8981305006260358	0.6062528407974247	1.0
913000	-21.86221718669354	-19.30671281872587	-2.555504367967673	-9.364301667821497	-9.942411150904375	0.8944929051150947	1.6518726816902296	0.2517864907804265	0.1331673160658356	0.4068057091349177	0.06364207263805845	1.0
914000	-19.49105153482325	-18.10386843146558	-1.3871831033576723	-9.030007127141602	-9.073861304323977	1.1870033068855943	0.9057028633862191	-0.08323554447696536	0.13272342844129761	2.066939433455371	0.01864177113973643	1.0
915000	-22.11143979178987	-20.753545339765118	-1.3578944520247531	-11.217106536349299	-9.536438803415818	1.9998858842466052	1.4602753843347405	-0.03141885798152039	-0.055629074194052636	0.4650799991280906	0.024646194355749496	1.0
916000	-20.402330709808822	-18.05079219526798	-2.3515385145408416	-9.23362163963444	-8.817170555633538	1.2548815211757163	1.1853687303563107	0.11943526631840162	0.3078132711616638	0.6996663737968208	0.05169755514572203	1.0
917000	-23.28360482137282	-18.02606905829395	-5.257535763078872	-8.755092521571568	-9.270976536722383	1.2791266800939922	1.304651061320536	-0.8883618685018224	-0.07336251112654738	1.6823566147123503	0.3069627808668072	1.0
918000	-20.807975007089844	-18.533282930817336	-2.2746920762725082	-9.323543604557553	-9.209739326259783	0.8303756009382132	1.3023427655205135	-0.3207665974444444	-0.006358578728160272	0.9640703510761925	0.11977400040621003	1.0
919000	-20.461594319377884	-17.949218757759628	-2.512375561618255	-9.216017046106764	-8.733201711652864	0.9361225764274199	0.984894123080454	0.09069341117146487	0.3635918453075228	0.5323647245283789	0.05241758944723634	1.0
920000	-21.38893177241381	-20.116808019051483	-1.2721237533623253	-10.00494326093568	-10.111864758115804	0.6884844084742844	1.709079825741273	0.04518131171544809	0.182844403979757	0.8114138671829049	0.02897941617864903	1.0
921000	-21.200095735865162	-18.400932417108304	-2.799163318756857	-8.960086677064801	-9.440845740043503	1.306715759557559	0.860085116606317	-0.3908488302811103	-0.08802080457256212	1.1957430056180982	0.17896786796073777	1.0
922000	-20.851620089774663	-17.935726453364424	-2.9158936364102384	-8.888723428054474	-9.04700302530995	1.0220563226328119	0.9685978957511383	-0.4838312449171892	0.07339083271983166	1.45951729408627	0.08835055892032526	1.0
923000	-21.72821420672598	-18.00407888688571	-3.7241353198402694	-9.390543775797406	-8.613535111088305	1.5276040378143827	0.9934633645957934	-0.31708436758949254	0.4887662955524288	0.9502776611212653	0.3183704002944989	1.0
924000	-21.026049876867816	-19.357554581785642	-1.668495295082173	-9.494804172690767	-9.862750409094874	1.3775523059192236	0.721943279192608	0.1891804884459613	-0.02781812752179713	0.971457928393563	0.08319037101724759	1.0
925000	-19.530184335627855	-18.80925144242208	-0.7209328932057724	-9.032369739531928	-9.776881702890151	1.0873418540534803	0.7624371816468279	-0.037088649379041494	-0.09662324018198187	0.8830431685947296	0.044135515022227206	1.0
926000	-23.57481980815781	-19.358073014471934	-4.216746793685875	-9.571415577395125	-9.786657437076807	0.7588614273042814	0.7517644712889399	-0.47908861998943086	-0.07091249929452528	0.563120848794932	0.03023940402909524	1.0
927000	-22.815244990111964	-18.82837780406952	-3.9868671860424407	-9.407243789409666	-9.421134014659856	0.7974102522332258	0.7369479451312919	-1.134326293987596	0.2573935165401692	1.6696096634797062	0.6247264825359394	1.0
928000	-20.498642315989102	-17.91802380392152	-2.580618512067579	-8.93584982835263	-8.982173975568893	1.0819577811751406	1.139854511197547	-0.2349510713804549	0.07962796576293006	0.4526897513982109	0.12254960020572074	1.0
929000	-26.389640071200613	-20.24934796972189	-6.140292101478724	-10.177108353051771	-10.072239616670117	1.86018270727829	1.050935673799091	-0.5235596373460832	-0.7995250103027375	0.3741645221975189	2.9866494526916996	1.0
930000	-22.945795985857377	-18.682023114683545	-4.263772871173831	-9.423174778142567	-9.258848336540979	1.4269433437236496	1.0566474957075682	-0.000984912910357072	-0.17966524887488317	2.024435382460005	0.2871957353017392	1.0
931000	-20.35244613401749	-18.40983253881192	-1.94261359520557	-9.138293688498827	-9.271538850313092	0.8987167559111747	0.8104857243255809	-0.3137891440655051	0.16166238796593166	1.7645569001936932	0.060661974088265555	1.0
932000	-20.849324576908813	-18.26453818534666	-2.5847863915621563	-9.085243744433406	-9.179294440913255	1.3377423825980739	1.1937239770381647	-0.24281020617777954	-0.09528711347465305	0.3180587026475593	0.04421983066350899	1.0
933000	-23.130980159023736	-20.10173617858026	-3.0292439804434745	-10.766181327448828	-9.33555485113143	1.871555486324614	1.0443480045778637	0.008162709275574165	-0.23892428655263032	0.6639372278951066	0.17835835493872818	1.0
934000	-21.063681567817017	-18.33848358588388	-2.725197981933139	-8.920905318656434	-9.417578267227446	1.176472238509351	0.704078228629466	-0.27188886026736664	0.37809722317561195	1.538146409464434	0.16524510791529703	1.0
935000	-21.201076100757927	-17.974552975132163	-3.2265231256257656	-9.063842030921059	-8.910710944211106	0.9095473750328701	1.1109414742946755	-0.5358736076333404	0.14609160179145791	1.2935057797375547	0.28740658574542366	1.0
936000	-20.19612033243346	-18.390734105149882	-1.8053862272835781	-8.991181242103648	-9.399552863046235	1.1813310545008324	0.8026160671086081	-0.14383971768031206	0.07846535356508622	0.3850276534193702	0.05151954400296805	1.0
937000	-20.571063794136027	-17.67594539084782	-2.8951184032882082	-8.954206198990628	-8.721739191857191	1.146359271592375	1.034948320514655	-0.18862231226097997	0.35115432185719664	0.7611684907338541	0.03697411055944129	1.0
938000	-22.226631327835626	-18.876716060309516	-3.349915267526112	-9.18133809631566	-9.695377963993856	1.0259398325303186	1.0375457351326953	0.18905089312989404	-0.5200296123552676	1.5660977687883864	0.21699028763160444	1.0
939000	-22.096418758961804	-20.13442163594481	-1.9619971230169928	-10.872363215935083	-9.26205842000973	1.9141919578033164	1.130947754848123	-0.03582212619942571	-0.19630608865211163	0.5578562333710078	0.03834251282349709	1.0
940000	-20.377843416823296	-18.52225032912024	-1.8555930877030562	-9.40835115371567	-9.11389917540457	1.4442869123165494	1.0650721103867775	-0.060989765430717935	-0.05296948804649426	1.3681702220850975	0.058153342816900946	1.0
941000	-23.598391554815336	-21.463217818514103	-2.135173736301232	-11.531466980849054	-9.93175083766505	2.040501088977571	1.6259165645326952	0.07123006034147056	-0.005825956499139889	0.29299756205012045	0.03682860434521361	1.0
942000	-21.023872864577616	-18.72533678390058	-2.2985360806770343	-9.108885235604781	-9.616451548295798	0.9104045221848233	0.6770321443939717	-0.3267354850849228	0.3288133028489252	0.9694333000819157	0.0722112256372235	1.0
943000	-21.669332358521558	-19.312123008801233	-2.3572093497203266	-9.593511167111245	-9.718611841689988	0.7915938715208178	0.63816621623839	0.1674851309103711	0.42235615353256295	0.8437117622076493	0.22751571491290185	1.0
944000	-25.23141864190825	-17.463460846162313	-7.767957795745935	-9.78925990224203	-7.674200943920283	1.2124563154798513	0.7375369555142136	0.7608052666395505	2.415401558352905	0.4420897362421189	27.647840209903833	1.0
945000	-23.783296575165405	-19.901614149277172	-3.8816824258882336	-10.664475220052399	-9.237138929224773	0.5921895205605606	1.4755518367203366	0.24086926114454354	0.6425248413283772	0.7421208329124664	0.6311522843498018	1.0
946000	-23.775653666863235	-19.49633703787207	-4.2793166289911655	-9.352729226593034	-10.143607811279036	1.1956376873914087	1.6430760181847905	0.3463920521641855	-0.25656103081806786	0.24501811741033921	0.22953557204130168	1.0
947000	-23.63034554951852	-18.054288845801974	-5.576056703716545	-9.87723307498182	-8.177055770820154	0.9272242966134588	0.9328384796743349	1.0375865143112168	1.0939948531025878	1.2804158697956238	0.4170839195610897	1.0
948000	-23.818370375479926	-18.42945658350863	-5.388913791971294	-9.85543033747025	-8.57402624603838	1.6409107014292668	0.8675802983298256	-0.1161173731619931	0.6800999096801689	2.148618566745431	0.41193698941891405	1.0
949000	-21.672387373447435	-17.81584117425406	-3.8565461991933763	-9.271634899739158	-8.544206274514902	1.2221568967501937	1.0839382765520313	0.21507828467066759	0.575267927221716	0.9237651149590074	0.0867136399457728	1.0
950000	-22.362945315444687	-17.884372232593524	-4.478573082851163	-9.294703808745073	-8.589668423848451	1.0816463276558363	1.1547470180034285	0.36679261518407913	0.5872303048146039	1.966961986851884	0.29968333654196	1.0
951000	-21.83135565387381	-18.898427754473907	-2.9329278993999024	-9.520805523580623	-9.377622230893286	0.8520297553011001	0.8670874723756694	0.3878266730576594	-0.05201708849245834	0.9140251797671961	0.4351872945750277	1.0
952000	-23.496326273364403	-19.732738399596407	-3.763587873767997	-10.804258320043143	-8.928480079553262	0.5679929047489658	1.200839224312772	-0.27329500730942624	0.18664818731753274	0.8353296553968185	1.0360735049942704	1.0
953000	-21.26829148971015	-18.188066409611018	-3.0802250800991335	-9.12180292463971	-9.066263484971307	0.9230185422764791	0.9858360293064226	-0.198876905353372	0.03901389496582153	0.47271548222289844	0.29267564830537407	1.0
954000	-26.521706681126844	-20.94597343390883	-5.575733247218014	-12.149197432320658	-8.79677600158817	1.6665508769712083	0.8930321797014361	1.2926322399686103	0.4091849156385308	0.6569124175115587	0.4626173168663431	1.0
955000	-25.56407730262224	-19.810562675466947	-5.753514627155294	-9.547997037387363	-10.262565638079584	0.7642105335200514	0.77674621458546	-1.0836027687303391	-0.48011504220667156	0.7730055072043778	0.17862485512970142	1.0
956000	-21.620904288338338	-18.94026324176862	-2.68064104656972	-9.487116349151295	-9.453146892617326	0.8501569393247929	1.2963666770749709	0.31189532903309924	-0.2758283145607053	1.0087942273935069	0.15499276056285027	1.0
957000	-23.003581417195527	-17.97438041471178	-5.0292010024837435	-9.13838817658338	-8.835992238128402	1.2353171444745041	1.266392423335774	0.021731599719161596	0.4330273159188272	1.0035631570608439	0.020556522615886804	1.0
958000	-21.409922370946383	-19.429119740574922	-1.9808026303714596	-10.413447951196712	-9.01567178937821	1.7948334773552956	0.9603989369436143	-0.053829219183729404	0.11072164043242011	0.39569797602294304	0.05256559903051892	1.0
959000	-22.453719994456936	-18.850810888887032	-3.6029091055699034	-9.558877820966208	-9.291933067920825	0.7839604203782322	1.4869648231737216	-0.020264153437043964	0.5574082036736656	1.3945637360827057	0.26772913391456277	1.0
960000	-23.317615371841928	-19.525290663786464	-3.7923247080554634	-9.684994673471934	-9.840295990314532	1.385005307948491	1.640237959683478	0.36161017623669073	0.3120893031474174	0.4157720279230389	0.07353337060037256	1.0
961000	-23.73094992689337	-18.705505764792658	-5.025444162100712	-9.473145436843883	-9.232360327948776	1.4473630048029937	1.4779945149708706	0.006151670800343512	0.7049752105474184	1.0088889728579782	1.0071918567886842	1.0
962000	-21.652706708970385	-17.957650170423598	-3.6950565385467864	-9.407844818396095	-8.549805352027505	0.8188234411655017	0.7661662800581597	-0.12873946010185966	0.9504563788571657	0.906812953680389	0.47940791601707816	1.0
963000	-20.69667833603793	-17.748001920426173	-2.9486764156117573	-8.86940036626512	-8.878601554161053	1.1214523111453307	0.8902584449923242	-0.37103085069618114	0.3356391065800297	0.8075101851505064	0.2220116753799208	1.0
964000	-23.251536328560483	-18.836733086733933	-4.414803241826553	-9.00105183901911	-9.835681247714822	1.0241538634940635	1.3294228548925084	-0.16109719652602622	-0.589290118474089	0.7327032506039309	0.06196161812478294	1.0
965000	-21.605862511475998	-17.722241149455925	-3.8836213620200715	-9.103685010008356	-8.61855613944757	1.4144892982384314	0.9196031667275021	-0.4088177942286796	0.5513314552665769	0.5414169546877802	0.2447929376281513	1.0
966000	-26.667524672147394	-20.58788268556519	-6.079641986582201	-10.360786094125823	-10.227096591439366	1.5086903776096177	1.1167443976310956	0.6383103156047193	-0.936786885834008	1.774931909488843	0.3766930273044868	1.0
967000	-20.217204639422068	-18.542702144688583	-1.6745024947334846	-9.277923706087092	-9.264778438601489	0.9096118039318437	1.1549412118558875	0.1300140836768358	-0.1948055966704676	0.8927761114735325	0.0739606778698437	1.0
968000	-22.121411252061073	-18.214246531247007	-3.9071647208140656	-9.334346215487027	-8.879900315759977	0.8117446885490835	1.0478244266784547	-0.9124481204252014	0.17963652554457843	0.9773135143212217	0.5916203931482041	1.0
969000	-22.329299731644472	-18.11044887295086	-4.21885085869361	-9.330689525818222	-8.779759347132641	0.9503035927233435	1.2392106088083674	0.33906574966387953	0.4556718372654592	0.92700294484104	1.046630370035151	1.0
970000	-24.261159056795627	-17.946410186180756	-6.3147488706148724	-8.972280848173757	-8.974129338006998	1.4995350865885466	1.1786412853010146	-1.4089305078723415	0.11194485553935934	0.27475758177342163	0.5969267431572957	1.0
971000	-19.76213821171498	-18.514376774021954	-1.2477614376930246	-9.116388091470093	-9.397988682551864	1.0190458693281437	1.3950860868908534	0.06868587588343716	-0.048886837742866576	0.5646751138803154	0.041504625683804613	1.0
972000	-24.091508689587734	-18.94323830621649	-5.148270383371246	-9.642983362777835	-9.300254943438654	1.7725910858354759	1.037009092146398	-0.9881452973739234	-0.20477951634165492	0.6481408152622627	0.2571297479771324	1.0
973000	-23.96815434469459	-19.076324962530286	-4.891829382164305	-9.108711142674933	-9.967613819855352	1.2091054784264665	1.2973927171725717	0.014115191980714509	-0.7220045133934052	0.521867999123661	1.2714102613667966	1.0
974000	-20.730626497981405	-18.69133949895121	-2.0392869990301943	-9.377797495644648	-9.313542003306562	1.3397251760086093	1.4160327966335242	0.13932686015621243	0.1259388837543453	0.9444741350328973	0.06033079430726882	1.0
975000	-20.662558682964214	-18.215836863558042	-2.44672181940617	-9.063980448847849	-9.151856414710194	0.9234118586555855	0.932172424594759	-0.39452652245302355	0.025298052125478976	0.9740926695496351	0.1894434169489163	1.0
976000	-23.4622243484819	-18.324846452085012	-5.137377896396888	-8.8762247932488	-9.448621658836213	1.2150600174365715	1.3830283352917219	-0.4039632647890095	-0.1366606398587787	1.3722368815280948	1.3496113301718689	1.0
977000	-28.851293855391653	-19.934906789700854	-8.916387065690797	-9.437438651089233	-10.49746813861162	0.8118447769079467	1.4735881881764064	-0.10450464085387495	2.611324124299244	1.712358063304211	0.7552840501322499	1.0
978000	-24.31822188010939	-18.96909042968629	-5.3491314504231	-8.804034825177848	-10.16505560450844	1.0281823348023749	1.721305847454401	-0.9436579056774274	0.14926358544280383	1.2236082354163913	0.22203027423517374	1.0
979000	-20.889200097932427	-19.37783457765644	-1.5113655202759875	-9.79787122207286	-9.57996335558358	0.7439297141555437	0.8643738854923015	0.24023170188152873	-0.2043017962717082	1.2891694790801642	0.08256968808526013	1.0
980000	-22.80395491870123	-19.34603559481318	-3.45791932388805	-9.135165106817327	-10.210870487995855	1.349286411069057	1.626120129042895	-0.19259410125877585	-0.39832355568393557	0.5243956405102269	0.06548237782446632	1.0
981000	-26.879458625671013	-19.70991765500958	-7.1695409706614335	-8.917930913150467	-10.791986741859112	1.4549114583163696	1.8826039862625927	-1.530170907612177	0.6939454971267135	0.18841991205158534	1.1631207978168918	1.0
982000	-21.784491949418847	-18.05977573563481	-3.7247162137840375	-9.125823225214424	-8.933952510420385	1.3982989382965438	1.2187582057728712	-0.32720482759040237	0.20224369911841078	1.0363297732051484	0.02531569827312196	1.0
983000	-20.11994220710054	-19.46660381296256	-0.6533383941379789	-10.43525330105988	-9.03135051190268	0.6197418639795323	1.2701533444247086	0.083358334826996	0.15859185508521817	0.8657767618645439	0.020050529053653128	1.0
984000	-25.13184115313872	-19.82248775709911	-5.309353396039608	-11.105461520295648	-8.717026236803463	2.1969028046536128	1.1918776640750188	-0.9441605963330401	0.4558151857690189	0.5590748887928703	0.6465493923213159	1.0
985000	-27.09108731427545	-18.823250414333923	-8.267836899941527	-10.543684999258376	-8.279565415075547	0.62130857638499	1.1611131997572925	-1.608103294370506	1.5523929381726087	0.4785683857431872	0.5264891354491322	1.0
986000	-21.78765047079746	-18.440351836667418	-3.347298634130042	-9.048565478688534	-9.391786357978884	1.3694564732093837	0.6877604378433311	-0.3797810509074818	0.4628794989335071	0.7871180552588047	0.11195438088056711	1.0
987000	-23.18565167091088	-19.896663338642327	-3.2889883322685507	-9.132047717933728	-10.7646156207086	1.221484445919837	1.8888190466026904	0.03191363760210811	0.3265764522028082	0.5669175354717456	0.17200188341790393	1.0
988000	-24.768932404106806	-17.842291796294212	-6.926640607812594	-9.856614916871052	-7.985676879423158	1.5144184609324638	0.9199652835463433	0.2255803234264394	2.9420584120289908	0.49352825921997456	3.984229628666575	1.0
989000	-23.684193259430188	-17.44599921684621	-6.238194042583976	-9.062144949150262	-8.38385426769595	1.2544373498102286	0.7023727459125172	-0.11959896950193005	1.3540263185122035	0.62096210288108	0.25737794375277073	1.0
990000	-21.935831896776094	-19.620759837660472	-2.3150720591156198	-9.113202135088192	-10.507557702572281	1.0022075773254688	0.6765659087626507	0.038487953505759065	-0.3082446206898144	0.44817986232430046	0.08835567991445752	1.0
991000	-21.328258219705592	-18.911386174882534	-2.4168720448230574	-9.917497422434892	-8.993888752447642	1.5983060321532534	0.9717434278445727	0.06584912312394313	0.11874703957383809	0.4211532194510496	0.097548207623667	1.0
992000	-20.95797851385823	-18.379371858869046	-2.5786066549891844	-8.894984681926939	-9.484387176942107	1.1482546654131427	0.9461204249367008	-0.3115488187090824	-0.26643434494105434	0.6833397693159132	0.06782255154840247	1.0
993000	-21.44092334924822	-19.516139864503256	-1.924783484744965	-10.594478969126747	-8.921660895376508	0.5929595766380081	1.1082048800591024	-0.2959744684585114	0.13381578164029478	0.9446165214094062	0.13009375089408193	1.0
994000	-24.41192767896154	-18.963802882743707	-5.448124796217831	-10.539006771745157	-8.424796110998548	1.9696069103569729	0.7436555271129167	-0.5445031152841764	1.1574799056974088	0.799984404948625	1.6393555575872762	1.0
995000	-25.49502303490213	-18.195935736021077	-7.299087298881051	-9.109073539590112	-9.086862196430966	0.8811190139422413	1.1395666139019855	-0.7512780056367991	-0.028073624014424488	0.7162721681684282	0.04362046461264633	1.0
996000	-21.997406280913147	-18.663330527742865	-3.3340757531702834	-9.744320753980823	-8.91900977376204	0.7854499249302014	1.250116333380283	0.4759771992136985	0.27204010105521903	1.4863743980995991	0.08980828507224801	1.0
997000	-23.508552348359434	-19.608222065320902	-3.9003302830385307	-9.79986074549625	-9.80836131982465	1.4072082686984657	0.9788424975812241	0.4189837285488703	-0.5499254773364548	0.5649773256952938	0.26112848191024896	1.0
998000	-24.112334241580097	-18.086171067646614	-6.026163173933483	-9.844832594726231	-8.241338472920383	0.7575361445221328	0.9645532974198407	-2.0130263140017113	0.9835225103115782	0.4941440643360076	2.838397953634487	1.0
999000	-21.465437655615375	-17.888235201227367	-3.577202454388007	-9.23115808682069	-8.657077114406679	1.342517260445038	0.8736509233676916	-0.04469659108600965	0.5821441518212911	1.1684836437965052	0.0926008344730761	1.0
1000000	-22.831390878056947	-18.706688152025514	-4.124702726031432	-8.875333668402725	-9.831354483622789	1.1774028243896861	1.647761623354057	-0.3698740931902937	0.46222508459929945	0.9550465779350658	0.3822050614573877	1.0
1001000	-23.24974868435363	-18.729007365685636	-4.5207413186679934	-9.885367473358295	-8.84363989232734	0.7237117565822887	1.3626296515296148	0.24163907044391666	1.0718794178069384	1.298042710367035	0.5754044829693236	1.0
1002000	-19.41412454471262	-18.498310915700525	-0.9158136290120966	-9.156185278494771	-9.342125637205754	1.1405845081961599	1.3769952107561367	0.14814661609821936	-0.02058224059024996	1.0526608275439668	0.014010650156622523	1.0
1003000	-23.022963008740387	-17.54433870494249	-5.478624303797897	-9.325400844931886	-8.218937860010602	1.0677272983239692	0.9762349987459134	0.4104623071978871	1.0169492814375496	1.1841296278455653	4.103813963549039	1.0
1004000	-23.59546478045616	-19.04000108745132	-4.555463693004844	-9.406540219643063	-9.633460867808257	1.1062090959627282	1.4322730741739735	0.4945676488462681	-0.2447762209796681	0.7440906949699637	0.0458663375416328	1.0
1005000	-19.991651883109103	-18.3594502325237	-1.632201650585406	-9.028661653314725	-9.330788579208976	1.2094333675961233	1.266541723069093	-0.10993690675274831	-0.18633426622425595	0.759723447671326	0.03975483825363846	1.0
1006000	-20.27004891265325	-18.4489465700056	-1.821102342647654	-8.98217831629794	-9.46676825370766	1.2068362078001584	0.7298467767604847	-0.18576047559589687	0.24540749727010383	0.9215753647000351	0.07373130872156859	1.0
1007000	-21.214531322594166	-17.669833765366306	-3.5446975572278605	-9.044916499844327	-8.62491726552198	1.0034327672935317	1.1857579399393618	-0.10261391260198283	0.5882231338999502	0.6615482025921539	0.33048576630718945	1.0
1008000	-21.017918406103437	-18.018027286745394	-2.9998911193580424	-8.822140589454477	-9.195886697290916	1.1547719819634945	1.04000563218472	-0.49248861045153897	-0.11621302125179106	0.8500663990116366	0.10238048710239735	1.0
1009000	-21.871058446700406	-19.553100804357097	-2.3179576423433104	-9.024232644425897	-10.5288681599312	0.9310429245098605	0.5876564777870253	-0.4999448953055711	0.09047323193245504	1.075773469505023	0.09857108276186427	1.0
1010000	-19.501978311187305	-18.559401745715316	-0.9425765654719882	-9.063599224330238	-9.495802521385079	1.0707799097324875	0.8640147452365327	0.013926114126500994	-0.13893916289065972	1.4732083855357199	0.04023208890416104	1.0
1011000	-23.465243852079194	-18.2663724624636	-5.198871389615594	-9.908829307322943	-8.357543155140657	1.4017587755846728	1.167322251212093	0.5234092053237455	1.1200239425267582	1.0862871225360695	0.8432109208855595	1.0
1012000	-25.062668043343585	-20.64819551131064	-4.414472532032946	-9.851140158090399	-10.79705535322024	0.7658986606009012	0.8948853399827037	0.5641160158709757	-1.0806545393369298	0.899992720330877	0.43780696233844046	1.0
1013000	-23.296881176699628	-17.604446450531206	-5.692434726168424	-9.27941503559441	-8.325031414936797	0.8599461417079863	0.7974163022836023	-0.15457020439365965	1.1139744273882641	0.4456893405048923	3.7917853506845534	1.0
1014000	-19.020788660357795	-18.598974494386834	-0.42181416597095933	-9.21662578248882	-9.382348711898015	0.9350694768580524	0.8947738406820361	0.08861082670344173	-0.10729939265474248	1.0670665083074462	0.027613724544457062	1.0
1015000	-20.810045282514103	-18.038306589343705	-2.7717386931703976	-9.017200676084622	-9.021105913259083	1.0962072485279473	0.8586804012584955	-0.06320162501297644	0.2647360952663292	0.2554396614669514	0.03849124015036636	1.0
1016000	-21.33864503386916	-18.743480716559837	-2.595164317309322	-9.672353444501796	-9.07112727205804	1.6237159095097435	1.218779011308858	-0.2652162099689168	0.04011458109761923	0.35433161049283096	0.035863129004682505	1.0
1017000	-24.042831100481045	-20.13107990378692	-3.911751196694125	-11.619203022662447	-8.511876881124474	0.4890483506916762	1.2243464385328133	0.2699190152305506	0.9730681740893997	1.0587184353720265	0.7058728692922869	1.0
1018000	-22.79667268955783	-19.454518781461495	-3.3421539080963347	-10.685729734582813	-8.768789046878682	0.5826684967056366	0.7982404726975504	-0.16301135317713072	0.6391141289070796	1.1998088411366203	0.0791505377379556	1.0
1019000	-23.723943535356632	-17.308263244588915	-6.415680290767719	-8.875111638470289	-8.433151606118628	1.001205736631538	1.1714319135254916	-1.4317989503446926	0.9253638537497852	0.5200388887413632	0.5201141075343806	1.0
1020000	-20.366327206365995	-18.029206520888824	-2.33712068547717	-9.022050907841306	-9.007155613047518	0.9822347309548336	0.9128259778027291	-0.2165448971340228	0.18096251875945943	1.1545776265031806	0.20227164241293585	1.0
1021000	-25.164120915308615	-18.633961518563275	-6.530159396745341	-9.736313504236161	-8.897648014327114	0.7605654276796058	1.2468650005595276	0.25251348912659777	2.3473201652639677	0.6686229871941269	1.164881132004542	1.0
1022000	-27.70052116426751	-21.38349535027144	-6.317025813996072	-9.650499749641362	-11.732995600630076	0.9621805377693602	2.043434764340161	0.7974916401086442	-0.612062125632334	1.7099800310531135	0.8088277262959176	1.0
1023000	-21.674136950009434	-19.56586797092838	-2.108268979081055	-9.159057991176104	-10.406809979752278	0.9628734772447368	0.7257576739766248	0.04818113107873434	-0.42049072771771445	1.1180322589003158	0.10917110039388267	1.0
1024000	-21.96276015127702	-20.446317438782053	-1.5164427124949675	-9.712703097725422	-10.733614341056631	1.5032248018371914	0.5915889247962176	0.11813662667229702	-0.06949813764765923	1.0343377937322464	0.07888804148534169	1.0
1025000	-22.124553677953916	-17.490840187474426	-4.633713490479489	-8.810973748632327	-8.679866438842097	1.1194699719000119	0.8286891141577036	-0.535460916201157	0.650973353412837	0.6703505220893189	0.13018301076020775	1.0
1026000	-23.71033726183637	-17.25002684421394	-6.460310417622428	-9.226288438036242	-8.023738406177698	0.9084858968483466	0.5291878100366169	-1.9043997582758148	2.859330319245271	1.345777149713981	2.491229608140216	1.0
1027000	-21.17526982664916	-20.309409156661758	-0.865860669987401	-9.515762276261107	-10.79364688040065	0.7917936043505016	0.6153639317585111	-0.07194241906382454	-0.2293584712019377	0.8666318237960468	0.04259126854729811	1.0
1028000	-22.826094401196713	-18.779151180425693	-4.046943220771022	-9.242759247916464	-9.536391932509227	1.3969491392887314	0.9609531509898916	-0.15281061587970715	-0.32574228058992544	0.33799751452677534	0.3986343443880676	1.0
1029000	-21.195890691908254	-18.236023475079236	-2.9598672168290188	-9.461066121520103	-8.774957353559135	0.9095300093256284	0.950206728735611	0.4687654611361103	0.3524483564231723	0.992562772098476	0.14072546961039265	1.0
1030000	-22.534513344914068	-17.666461856798737	-4.8680514881153325	-9.497470187437049	-8.168991669361688	0.9145566598620016	0.7892393064724649	0.5368733455232066	1.3320563024468843	1.0582341841270395	2.549299969424268	1.0
1031000	-20.564930301804257	-19.23804344686294	-1.3268868549413178	-9.199504953391358	-10.038538493471583	1.3278450665147277	0.628735863664095	-0.056270516799916265	0.22806565839043616	1.1423312394014447	0.04593289224198754	1.0
1032000	-21.470164862855285	-19.341126308748088	-2.1290385541071952	-10.441481310963084	-8.899644997785002	0.6272685677698072	1.006155237401295	0.3441117592374581	0.179692407474337	0.9692668891817238	0.04090939560537287	1.0
1033000	-21.88659640196379	-18.84899840715046	-3.0375979948133276	-9.452278685227691	-9.396719721922771	0.7994466278365795	0.8415349647289212	-0.21394349376102273	-0.01346928083457144	1.5621987501119083	0.6005626044993748	1.0
1034000	-21.87401272763565	-18.241184360553397	-3.632828367082253	-9.378690896896202	-8.862493463657197	1.0601006565300208	1.1349058962706378	0.48047040111131156	0.2087006633560533	1.3685024865789537	0.39501901068916	1.0
1035000	-22.153196312187852	-19.19877273406105	-2.954423578126803	-9.863534460207575	-9.335238273853474	0.7056528221195499	0.7071499759096065	-0.21642844868046204	0.4331967400312702	0.7274575460091854	0.44414876201302544	1.0
1036000	-24.07823696590863	-19.233193156014885	-4.845043809893745	-10.16143665139283	-9.071756504622055	0.6589041574447997	1.3846091155116502	-1.1821224241726664	0.4286895689745326	0.648967892642716	0.5834310210126974	1.0
1037000	-19.940885119134677	-18.338487600842793	-1.6023975182918837	-9.021421187612214	-9.31706641323058	1.1480575536792774	0.883660316617248	-0.0672895335836251	-0.03480648849290271	0.35572158217161176	0.04557550678085741	1.0
1038000	-21.597130558021494	-18.91349083340163	-2.683639724619861	-9.05244928430743	-9.8610415490942	0.9659330071476976	1.5921395152901716	-0.19363246725458091	-0.0494421016768935	1.5873492365575328	0.07845929392781903	1.0
1039000	-24.63735023266169	-20.189922593422956	-4.447427639238731	-9.22707862860214	-10.962843964820818	0.936559452678409	0.6849571782375201	0.115178358513946	-0.635144363459551	1.8578120212186786	0.05604177057030092	1.0
1040000	-22.990537203630176	-18.65164302733847	-4.338894176291706	-9.59368666749795	-9.057956359840519	1.2079550575571534	1.2881935172779744	0.5859783932460954	0.15741092879111085	1.4425848124328249	0.09037615315033312	1.0
1041000	-23.796485943319652	-18.708632083596306	-5.087853859723344	-9.999610304966941	-8.709021778629365	0.7149498253695775	1.2704522322009357	0.45027820988199757	0.6898117445635157	0.6265182313085863	0.1008203275747805	1.0
1042000	-21.779589466619633	-18.865251541715647	-2.9143379249039842	-9.503726519240022	-9.361525022475625	0.9035262290585023	0.7368150122520009	0.5231977910340962	0.30572452919940196	1.7844612650938265	0.17107896981344656	1.0
1043000	-19.812442091022284	-18.05683924190867	-1.7556028491136146	-9.004606645568126	-9.052232596340541	1.1155154797815163	0.9901017673179405	-0.08593595875573456	0.04793159090796183	1.434840243929962	0.08744414390887172	1.0
1044000	-21.173927772193714	-18.362511438187017	-2.811416334006699	-8.957888064586406	-9.40462337360061	1.2371260767212793	0.8371142456178796	-0.2689646286720625	-0.009813293647264631	2.128380901771993	0.10155470218575882	1.0
1045000	-20.870154929477795	-19.19086235381986	-1.6792925756579349	-10.002635462237894	-9.188226891581966	1.611882962925078	1.0336386651909093	0.10716577336377284	-0.10582916685730193	0.47935734092254845	0.042154478737313913	1.0
1046000	-19.90797763845608	-18.55561795850776	-1.3523596799483215	-9.228239691260148	-9.327378267247612	0.9156513952235569	1.2228396996800877	0.04333136021291434	-0.22133301274076914	1.0489851037249818	0.03403373402858059	1.0
1047000	-19.91747898820496	-18.030605976321876	-1.8868730118830812	-9.17881702580186	-8.851788950520016	0.9278491879868765	1.0267706282397482	-0.023102909704853458	0.21606733947629903	0.4833739221448051	0.06709701549590759	1.0
1048000	-23.00372045070762	-18.725225595929906	-4.278494854777714	-8.907100740565832	-9.818124855364072	0.9640496309204106	0.6859558511002098	-0.8968336017533034	0.13945999145614354	0.45459443727362964	0.42943412419880883	1.0
1049000	-20.880964334430754	-19.217653263589014	-1.6633110708417387	-10.246599564469541	-8.971053699119473	0.6580616621798666	1.0571125543431228	0.32340110877044287	0.08563423732786973	1.2892690755466567	0.050541235539741755	1.0
1050000	-21.35151071112983	-18.593241050386364	-2.7582696607434647	-9.284722409972378	-9.308518640413986	1.0914358554362915	0.8927561219617899	0.35042446781821607	-0.04412890051591439	0.393407305593988	0.0866612656985175	1.0
1051000	-24.52270262307738	-18.36307800172188	-6.1596246213554995	-9.19930394676987	-9.163774054952013	1.2639809601117535	0.5590570449666494	0.06051367014174577	1.3179035680462348	0.6500208225632704	0.23326415934861774	1.0
1052000	-27.166679732104964	-20.160940017922762	-7.0057397141822015	-12.029294239630595	-8.13164577829217	2.384094971122055	0.805903069949706	-0.7426807663129604	1.3420099384906221	1.5132610516648122	1.0496742206939609	1.0
1053000	-23.57360151228295	-20.995128483689186	-2.5784730285937627	-9.242332934197291	-11.752795549491896	1.1568946864256164	2.1157593019740317	0.2529633667474431	-0.016709374460679605	0.521864830584536	0.061270703770815574	1.0
1054000	-20.323164169290386	-18.14787295497361	-2.1752912143167755	-9.397722975175913	-8.750149979797698	0.8409411393396696	0.9308135455054967	0.04555667808347144	0.40027808906291296	1.0302830338450326	0.05539223995662893	1.0
1055000	-21.49682905996524	-18.675124681746798	-2.821704378218442	-8.829704151258088	-9.84542053048871	1.1060484782388655	0.7411538777861997	-0.4891048718446596	-0.08003108922755675	1.6215435687320185	0.17289249900418516	1.0
1056000	-23.75573074844958	-18.417139363884477	-5.3385913845651025	-9.67608355681616	-8.741055807068317	0.8584545294487766	1.1556026777106883	0.6765786292855396	0.37281592338440805	0.9853242918804553	0.07260968191511519	1.0
1057000	-21.031746403158923	-18.07769164795571	-2.954054755203212	-9.236148676685364	-8.841542971270346	1.4613841680733546	1.1143138863680142	-0.3353485713481735	0.2229313397885292	0.9184674385311801	0.12893485500512586	1.0
1058000	-20.10808481807634	-18.200854316560793	-1.9072305015155457	-9.054923581163456	-9.14593073539734	1.0973108848813469	1.1525360323174456	0.00431332277001345	-0.08234793607071939	0.32830963920019024	0.05168043265184474	1.0
1059000	-20.619668212746785	-18.639913800380874	-1.979754412365909	-9.544672104988843	-9.095241695392033	0.8025952728912514	1.3578095385012499	0.13355511545959692	0.280091089394331	0.8342891271760082	0.05592549502925175	1.0
1060000	-20.358431937433465	-18.559071955137156	-1.7993599822963082	-9.145667288415089	-9.41340466672207	1.3124613189453644	0.7479388325568643	-0.09972014776744914	0.22722488751719286	0.6874543632948547	0.07187617438268613	1.0
1061000	-21.117693246925736	-18.082387316821208	-3.035305930104527	-8.898902561165894	-9.183484755655314	1.2049676694171856	1.0809288054770492	-0.3433627886459076	-0.12112697584968124	0.9717884121108892	0.2638286837798759	1.0
1062000	-22.680122904792285	-18.31722038712268	-4.362902517669604	-9.530734875429708	-8.786485511692973	0.7793588268270273	0.8022247392684595	-0.19968162010996493	0.6116187281191019	0.8305675183770687	2.099125357638412	1.0
1063000	-21.280326369566612	-18.12959004025259	-3.1507363293140207	-9.484446363155046	-8.645143677097545	1.5143777085533443	0.9837665088866872	-0.15759689670567328	0.4592596058964515	0.7767125876107914	0.10657683670915401	1.0
1064000	-19.13243267275542	-18.10105275386219	-1.0313799188932293	-9.0030566937855	-9.09799606007669	1.1160769948195002	0.9125253104241776	-0.0888367221701134	0.10083168601676372	1.042409613501067	0.04861658966637792	1.0
1065000	-23.266358084428305	-18.75796191610789	-4.508396168320411	-9.342496034879836	-9.415465881228055	0.8185574531269859	1.2115539685069123	-0.4298680892690987	-0.31056898750031103	0.594966561011781	0.03808723029423146	1.0
1066000	-21.867824560350492	-18.35320778085329	-3.514616779497202	-9.37423403983115	-8.97897374102214	1.065382777180031	0.8236541354868981	0.4737407322762106	0.37984417603456766	0.5363391458051835	0.11965241432653997	1.0
1067000	-20.719853687154355	-18.05533089916233	-2.664522787992026	-9.186343179818234	-8.868987719344094	1.2214634040033665	0.9277961829636643	0.1067143481597917	0.2876160210663859	0.41862569809791844	0.10329047022073988	1.0
1068000	-23.0327376580964	-18.69546805456023	-4.33726960353617	-9.658313366238774	-9.037154688321454	0.806304989010181	1.1283875992034682	0.42820414755655656	0.018833465863648376	0.30089652202648987	0.5153124219165145	1.0
1069000	-24.97351883048269	-17.208870417719865	-7.764648412762826	-9.165242595396982	-8.04362782232288	1.2106733015041915	1.0540401850919305	0.09222335572194373	1.9934428257447188	1.6118158885607141	0.5099468302857865	1.0
1070000	-23.26003734213554	-17.470862424038494	-5.789174918097046	-9.037225755535749	-8.433636668502745	0.9401202250934164	0.6632775054543607	-0.37259034979981454	1.4654366216846648	0.4248276227942658	0.5142251661627479	1.0
1071000	-19.47633097375281	-18.162298697182088	-1.3140322765707202	-9.154879661864312	-9.007419035317778	0.9535211215880846	1.1955771481002568	0.012835426824616553	0.08901701798746564	1.1203810922677	0.0627384784695809	1.0
1072000	-20.62484207081383	-18.67484274914214	-1.9499993216716898	-9.44049318488835	-9.23434956425379	1.4851293090255675	1.375573973780995	-0.12935472673435916	0.1207390907550383	0.7702035021008315	0.055183019619063085	1.0
1073000	-26.001029756659804	-19.325233000744355	-6.675796755915448	-10.235378778957195	-9.089854221787162	0.8805688838118505	1.4147708734480848	1.3819535598126678	1.4850737153227966	0.9865483781137343	0.7134609701874296	1.0
1074000	-22.089239894968404	-18.484648710227653	-3.604591184740753	-9.2951430392588	-9.189505670968853	0.9039371300182194	1.3538451585209255	0.1449892283228819	0.12634241944560604	0.7243204275459537	0.5794955584266602	1.0
1075000	-21.80228292412702	-17.79220059106369	-4.010082333063329	-8.873222855988011	-8.918977735075678	1.1184616608757547	1.343956641382492	-0.36247487911370807	0.5613509580516736	0.9880759110963179	0.12365820174297859	1.0
1076000	-22.58579047209775	-19.15113243406041	-3.4346580380373375	-8.987718561652622	-10.163413872407789	1.3327795879574262	1.6826545351326423	-0.39797323675236046	-0.11256428941889407	1.0203928683188106	0.10470634049333284	1.0
1077000	-23.566487859363527	-18.46415539081319	-5.102332468550335	-9.723292883647671	-8.740862507165518	1.659511785237431	1.2011694751436337	-0.3229033216481293	0.4368266080081834	1.3661794336836919	0.8188101396289299	1.0
1078000	-21.926323430107725	-18.538265854405765	-3.3880575757019606	-9.347206281335316	-9.19105957307045	1.1468038939048828	1.2428937577141068	0.39258829841167014	-0.06582455764503947	0.9976415788502814	0.343192812609119	1.0
1079000	-24.227348484314504	-19.389726696822414	-4.837621787492089	-9.457596464126134	-9.932130232696283	0.9885277013333028	1.014892383519773	0.5698022098048448	-0.6741950420274896	0.3148222376663106	0.3963559072961917	1.0
1080000	-22.71832787266885	-18.41811536797096	-4.3002125046978925	-9.694504442430478	-8.72361092554048	1.7030454274500784	1.1741597316367611	-0.5219074722178403	0.4189445792431953	1.0301504476907788	0.16394395070056328	1.0
1081000	-24.471400120829802	-19.626376374929492	-4.84502374590031	-9.192733890568356	-10.433642484361135	0.9743027138546377	1.0944042122229447	0.14076733975121078	-1.0625905239501687	0.5852096530637079	0.29549417840520376	1.0
1082000	-21.912506081184198	-18.76941426622435	-3.1430918149598495	-8.988278140061645	-9.781136126162703	1.0358244950004722	1.6124820898327332	-0.1702437612242116	0.225470229508168	1.0243736944032962	0.21289903157529128	1.0
1083000	-22.224400490118978	-19.452747449997602	-2.771653040121375	-9.616733482114052	-9.836013967883549	1.4246369651901265	1.5732284242088423	0.21053253496689867	-0.09024654461336212	1.2332068364650473	0.06345696885275295	1.0
1084000	-22.752884256635024	-18.72785739229317	-4.025026864341853	-8.876884496087413	-9.850972896205757	1.0361178388696182	1.5377862318974258	-0.4762735336990588	-0.23242851642668666	0.4079638723259021	0.34564295234475473	1.0
1085000	-21.635453292579985	-18.80598355917539	-2.8294697334045935	-9.994080839094146	-8.811902720081246	1.562948920978934	1.0990982162154919	0.2265658181103354	0.2513756183384532	0.45233822115018835	0.08295214866014042	1.0
1086000	-22.333791966481314	-17.525435606018654	-4.808356360462662	-9.243583914931609	-8.281851691087047	0.8449263369102041	0.8932409805545847	-1.2662494790368997	0.9828915006018323	1.1632234848506582	1.2472638812541483	1.0
1087000	-22.114452573533367	-18.85079222646256	-3.2636603470708088	-9.341801098304382	-9.50899112815818	1.0018492155676486	1.1742266282007314	0.4183859525541571	-0.4064338686924065	0.8240863015976815	0.20554186558338383	1.0
1088000	-20.61960496765004	-18.13472703773779	-2.48487792991225	-9.040502765523826	-9.094224272213964	1.2104276622284653	0.9039101056981641	-0.09195971250195628	0.11777633604854454	2.097880538467032	0.08767634179913122	1.0
1089000	-20.89922617296638	-17.99123978892837	-2.907986384038009	-9.157647232786138	-8.833592556142234	1.0368841388049992	1.1743428800901616	0.1576941631258425	0.2742832555850172	1.4951590708242302	0.18129554530081865	1.0
1090000	-19.886102480617375	-18.295310958270356	-1.5907915223470173	-9.052161881627057	-9.2431490766433	1.2272281013136024	1.1811043530326966	-0.09506129706457889	-0.16500674116217262	0.5342752756698642	0.03840187474041603	1.0
1091000	-21.863778557197264	-18.66924889031311	-3.1945296668841547	-9.334742242959805	-9.334506647353304	0.8658624588951428	1.1168773631945195	0.04904953656516731	-0.26095555238382573	1.390929257519828	0.4398128403161613	1.0
1092000	-23.200496879724103	-18.48838534565151	-4.712111534072595	-9.133390029194064	-9.354995316457444	0.87427929329777	1.0581971722219567	-0.691086073590356	-0.26252956596965504	0.8988491286885473	2.228499546411404	1.0
1093000	-19.811137364868976	-18.070829512974164	-1.7403078518948139	-9.065538937648443	-9.005290575325724	1.2247186582893392	0.930201482759048	-0.0708154459379783	0.1575337119709796	0.6852406444957757	0.08089891649909188	1.0
1094000	-21.965526754280678	-18.18501249311742	-3.780514261163257	-9.44359479696193	-8.741417696155489	0.8325975162310468	1.2061633633391513	0.10604723408344674	0.44512238722148983	0.3189227466139956	0.054771055780215544	1.0
1095000	-20.02163605124261	-17.99449793093136	-2.0271381203112484	-9.18644489672724	-8.808053034204121	0.938830370481567	1.1885326980168516	0.035498801168517224	0.3237923387186785	0.985868838987737	0.052971988345357504	1.0
1096000	-20.76579285936294	-18.75266242387105	-2.0131304354918873	-9.181665870678874	-9.570996553192176	1.3182071376305793	0.8652774401192425	-0.0610269763587482	-0.1992899832086425	1.2026668810509855	0.10047512810365579	1.0
1097000	-23.522355359001665	-16.7520960178391	-6.7702593411625624	-8.985260795028417	-7.766835222810685	1.4878178975032403	0.651599238684698	-1.6252715256380381	2.511156363729058	1.5432692939465553	4.5801520335276145	1.0
1098000	-19.611241165251474	-18.43577129539406	-1.175469869857416	-9.06924203378724	-9.366529261606818	1.1330352032617712	1.4383692190572104	0.01997462164822629	0.12006598073035568	0.7012576212985127	0.033487485346471606	1.0
1099000	-19.910172856353327	-18.60827957768786	-1.3018932786654687	-9.22865368817206	-9.3796258895158	0.9690160476402002	0.9247012461092431	0.19687250363923842	-0.15330968192821715	0.9233443143862686	0.0393645454606155	1.0
1100000	-22.984857291721767	-18.944972629411517	-4.039884662310252	-8.87371162586659	-10.071261003544924	1.321518647454215	0.5455714366883918	-0.6150104474694413	0.66627481628958	0.6391112688709198	0.38417609532265296	1.0
1101000	-21.877980441748168	-18.52152204573858	-3.3564583960095895	-9.702696153133244	-8.818825892605332	1.5492258649092294	1.1904912791125177	-0.011719220612373682	0.3121819631580699	1.3890355409981772	0.13738852484919858	1.0
1102000	-20.503347544046175	-18.284682941480416	-2.2186646025657604	-9.205318683395996	-9.07936425808442	1.0139797798675336	1.0021878398823694	0.2183898375828084	0.01321019971027459	1.2561282027805982	0.1576220054319121	1.0
1103000	-21.831817448965538	-18.658566573244364	-3.1732508757211737	-9.27694354398022	-9.381623029264142	1.4080696935546624	0.7974238572317549	-0.13458806751708532	0.10651829526269474	1.1960680261523988	0.37386254374136557	1.0
1104000	-24.7109827451258	-20.12506420411325	-4.58591854101255	-8.891570793411045	-11.233493410702204	1.1667132553054727	0.8206967914976465	-0.32703453866664645	-1.1947202571259785	0.9244635749656531	0.6359701184893051	1.0
1105000	-20.818437055784962	-19.02128014287355	-1.7971569129114124	-9.783012320819974	-9.238267822053576	0.7578526201576034	0.8910538419171385	0.3471775335339392	0.016770909266437758	0.9556378494450383	0.03988485809443181	1.0
1106000	-23.201780542190555	-19.575385394576337	-3.6263951476142178	-10.410907893069178	-9.164477501507161	1.914622411200603	0.7829653071442365	-0.4665140198486638	0.3250456041393157	0.8268161216082328	0.1592082713213088	1.0
1107000	-20.508158298490716	-18.318498264122304	-2.1896600343684107	-9.212833333406937	-9.105664930715365	0.8898989824569934	1.0599471824936306	-0.13249343241161338	-0.04364541417029305	1.2770198768745484	0.18221885271845925	1.0
1108000	-21.36372943049574	-18.87332756873543	-2.4904018617603128	-9.383906559371013	-9.489421009364417	0.8098652326370223	0.8858378291431039	-0.3658892721888698	-0.17581822935742553	0.573150490350296	0.12040844583362208	1.0
1109000	-22.085609785022374	-19.008101964198236	-3.0775078208241373	-9.13761880153203	-9.870483162666206	0.9771720571841777	0.916312277568348	0.03854243436433713	-0.5107573887882959	0.9570168939509907	0.3582630208596357	1.0
1110000	-21.76023436194454	-19.107343654069876	-2.6528907078746666	-9.659957501386566	-9.44738615268331	0.7587719553969448	1.490599128530991	-0.008496497108131384	0.19714177178144088	0.3527019021777228	0.10574610264637138	1.0
1111000	-21.103949120805506	-20.03311966388072	-1.0708294569247885	-10.765540189030377	-9.267579474850344	0.5755083622145233	1.0617279909890083	0.048573010508048575	-0.18946389138680492	0.7291922559221282	0.051681486917693885	1.0
1112000	-21.12925866639522	-17.870802228268495	-3.2584564381267254	-9.096315013885697	-8.774487214382798	1.0206473399337999	1.260788862157917	0.032898720073602394	0.5226847985930713	0.8633077803455996	0.24709468329076847	1.0
1113000	-20.679082266702906	-18.606093054309977	-2.0729892123929305	-9.214087570988518	-9.392005483321459	0.8784701407935495	1.0136970562727268	-0.21459694353055525	-0.2645667208335428	1.582475598586739	0.052250656666632596	1.0
1114000	-21.114424531335978	-17.7535830554676	-3.360841475868378	-8.868851071100558	-8.884731984367042	1.124730099389727	1.1081053252895854	-0.3715363277541122	0.17335525518073522	0.4907513856303368	0.0361847974803718	1.0
1115000	-23.204819035791093	-22.125446095869222	-1.0793729399218717	-10.646835442588767	-11.478610653280455	0.5880611824108419	0.5353471716532553	-0.10527595578418812	-0.23219581533374567	1.247812754203398	0.14302262023036247	1.0
1116000	-23.342365643997454	-19.865978431615282	-3.4763872123821695	-10.599097807304151	-9.266880624311133	1.901075552191115	1.0191445211443835	-0.2262239981930375	-0.16443965131554772	0.4698249960570903	0.2457580345532621	1.0
1117000	-26.20460055287319	-22.72175084648095	-3.4828497063922357	-9.19923793711789	-13.52251290936306	1.1193785906486902	2.492591038091815	0.22184146455004647	-0.11164651535422701	0.8940325506903356	0.1291028711775374	1.0
1118000	-20.077508813404247	-17.846984052506066	-2.2305247608981813	-8.926218938519034	-8.920765113987034	1.0344331827273965	1.0023188342003007	-0.3287643193840555	0.16172182673574698	1.2359236873997013	0.06553283892795472	1.0
1119000	-22.873846029487634	-18.897258911508654	-3.97658711797898	-8.96038643480291	-9.936872476705744	1.2484036131326723	1.6797992584751908	-0.2814390282312534	0.5527663930063571	0.6049396652622717	0.1671539514394851	1.0
1120000	-23.181995004993382	-16.52159524421907	-6.660399760774309	-8.726206046664965	-7.795389197554107	1.2882588244269992	0.7378247952941007	-1.1804796609511303	2.0913643870068093	0.7382064993555705	1.0979939992183227	1.0
1121000	-22.107996037622616	-20.930106062873673	-1.1778899747489435	-10.463191593178529	-10.466914469695144	0.6193493337510281	0.5576920240665996	0.2129367924675249	0.3042632697876466	1.3278313374443522	0.057251028461638334	1.0
1122000	-22.691633985971016	-17.636212718562046	-5.055421267408969	-9.118470088111833	-8.517742630450213	1.517111607138367	0.9192354377486669	-0.7546453653800521	0.6628323701300132	1.2626382430462528	0.25602103301623264	1.0
1123000	-23.95853272703346	-17.792848084744996	-6.165684642288464	-8.789911469704373	-9.002936615040625	1.0415003246559182	1.3837328526181116	-1.2355511311726266	0.5851702671114027	0.5403850452417328	0.31910233970272744	1.0
1124000	-24.796658188127157	-18.041819724877268	-6.75483846324989	-9.108638781478714	-8.933180943398554	1.334237677750842	1.2522694683630744	-0.19900291626543992	2.3593924743591432	0.9218973866269509	1.3584809154078143	1.0
1125000	-22.87419413264048	-19.724460016417645	-3.1497341162228336	-9.214363254077501	-10.510096762340144	0.9158363625483712	1.7388346865654003	0.011533925633292197	-0.3721383971108615	0.9969499828620759	0.1767664507694682	1.0
1126000	-21.542137584936153	-18.308399035725117	-3.2337385492110378	-9.484076473619904	-8.824322562105214	1.3087369271397986	1.19154511730837	0.3138348873880984	0.3063586772352167	1.2831593681604205	0.12295504423401186	1.0
1127000	-23.387164141108723	-19.87841521765904	-3.5087489234496845	-9.44105910364384	-10.437356114015202	0.7877178936780651	1.7873463526751976	-0.5614677579254027	0.032452872344906236	0.7369595941590842	0.17831705608417142	1.0
1128000	-19.793422475952323	-18.635467812597064	-1.1579546633552573	-9.713293255278998	-8.922174557318064	0.7608580953408675	1.107538691715058	0.19123806220970002	0.13313612272889797	0.849811578192553	0.02317079223087214	1.0
1129000	-24.279281195027753	-19.58571592583891	-4.693565269188841	-10.192306427401464	-9.393409498437446	1.2801095058357266	1.4143579906623804	0.9733649586784019	0.0063912226605464945	0.7979458588495321	0.45024111587691895	1.0
1130000	-22.16876823003686	-18.034745300383214	-4.134022929653645	-9.113148702261439	-8.921596598121774	1.1739180493246375	1.2764711346746511	0.058711691619660195	0.32389100771293483	2.3962309970178053	0.03662107054163221	1.0
1131000	-25.313057685930275	-19.777424645847287	-5.5356330400829865	-9.012473382545036	-10.764951263302251	1.2325572013756707	1.620229774246117	-0.1667610280518914	-0.9331170447451502	1.3322600699131903	1.0393693365650485	1.0
1132000	-21.608271598928518	-18.824512731015552	-2.783758867912964	-9.532465182805367	-9.292047548210185	1.4216494047827477	0.7253438700321881	0.13147762656663686	0.4021360353571274	0.8513435716192163	0.18492481179341513	1.0
1133000	-20.877824564420113	-17.878656447182514	-2.9991681172375992	-9.090955840642703	-8.787700606539811	0.9530806629587923	1.1421145091080767	-0.14152511404671664	0.30161588196097894	0.4672800105716848	0.19793850342309005	1.0
1134000	-20.62426758277482	-18.259157721283117	-2.365109861491702	-9.462810412925087	-8.79634730835803	1.428594584603126	1.0540649011008378	0.039988172526188054	0.2659199370580002	1.4031999040068235	0.04883657729739256	1.0
1135000	-22.433697352130878	-18.394708162761408	-4.038989189369471	-9.889646192761221	-8.505061970000186	0.7003923499698452	1.2098096530385116	-0.22864649442190144	0.9102376278279125	1.062507447285703	0.28357441575727715	1.0
1136000	-21.944887249641475	-17.279959288077734	-4.664927961563741	-9.087519090038667	-8.192440198039069	0.984791197841272	0.8474421816824869	-0.0503255499688362	1.1729600832127316	0.9637291458659811	0.3277158642090802	1.0
1137000	-22.85908174937262	-18.451815975533428	-4.407265773839194	-9.674602547215839	-8.777213428317589	0.9152440791073693	0.9417143036150168	0.7865381061392475	0.3598042798177396	0.46883775682303414	0.22073403613582884	1.0
1138000	-23.175781085739366	-19.95745736998299	-3.2183237157563753	-9.57515772015703	-10.38229964982596	0.8441920076610067	1.7618960735563032	0.456962398870685	-0.04446421624134983	0.803513731743026	0.17039262898181023	1.0
1139000	-22.45197298292642	-18.467685850795675	-3.9842871321307456	-9.509211595993044	-8.958474254802631	0.77173995532384	1.3447336711992526	-0.5409804465615872	0.47963787911420724	1.3078478863562704	0.1377280873699643	1.0
1140000	-21.424605803260373	-19.081759445456115	-2.3428463578042598	-8.885124608883546	-10.19663483657257	1.2024879343792074	0.6887418987625084	-0.370151382678791	-0.1438391761551071	0.692072196359535	0.08031649194663895	1.0
1141000	-22.14374558944531	-17.982063484380788	-4.16168210506452	-8.832164771406193	-9.149898712974595	1.033047844657023	1.3212572398859568	-0.674942593916352	0.10383641617358842	0.6083957315955315	0.11148330795127483	1.0
1142000	-27.790905729941866	-21.518619566714104	-6.272286163227761	-11.27190181792839	-10.246717748785715	2.195264501561322	0.7953071187259114	-0.6997161755420276	-0.5195751340934004	0.6705867853328853	0.09544752809872076	1.0
1143000	-24.053090173667638	-18.14035739895711	-5.912732774710528	-9.62511650970998	-8.515240889247131	1.5331442124131847	0.5531934588811342	-0.04980843942953139	2.0031186101613523	0.7893632348930794	1.0566959748290896	1.0
1144000	-21.288868657384967	-18.889556576509243	-2.399312080875723	-9.480929574722698	-9.408627001786545	1.4513835034475855	0.7596749945600386	0.004956384174660267	0.19384794675683967	0.4575990759639395	0.1130164986127002	1.0
1145000	-22.088277359445392	-18.567257180738878	-3.5210201787065145	-10.084882989417036	-8.482374191321842	0.6627327398984378	0.9325682841945966	-0.5695964173572092	0.6883435965838497	1.0008255325933675	0.35643588976779395	1.0
1146000	-24.883929075453374	-19.565468572852005	-5.318460502601367	-11.060668362267979	-8.504800210584028	1.8938976770035898	0.8332391647932232	0.16233733665982242	0.8237264901286538	1.5024889668072454	0.18930979793776348	1.0
1147000	-21.336246841918673	-19.910910402396425	-1.4253364395222479	-10.08606628955648	-9.824844112839942	0.6831411082895387	0.7885369388281239	0.24890167311232891	-0.206776655500622	1.0389532090331617	0.08142023487498677	1.0
1148000	-24.008286547552906	-19.718937673678333	-4.289348873874572	-10.035252282076016	-9.683685391602317	1.790671004384248	1.1870546735144407	-0.4207617233924626	-0.5475245971191628	0.7206434185022587	0.16239597716883647	1.0
1149000	-22.191447458394833	-18.187016003572516	-4.004431454822316	-9.552975939319209	-8.634040064253309	0.9151968928770322	1.0858365358309618	0.6204839888412108	0.45827466341856016	0.9782009882102941	0.13924475545547874	1.0
1150000	-23.45672411105253	-18.788292845941697	-4.668431265110833	-9.046497142156442	-9.741795703785254	1.46752473160556	0.7331868407592336	-0.7047628480129288	0.022886997167356246	0.6113638063574146	0.08322374730130137	1.0
1151000	-20.027082198960418	-18.14403434299716	-1.8830478559632589	-9.063458284946726	-9.08057605805043	1.0540220465980306	0.8695551043347939	0.0042416818765737	0.1908165025013453	0.9065012215824709	0.13079262584989737	1.0
1152000	-21.99308594796705	-19.15456539846909	-2.8385205494979613	-10.06310809546404	-9.091457303005049	1.7046257494540478	1.0950651562487945	-0.10108512102220579	-0.03759083321857712	0.781249222766485	0.1804011582543504	1.0
1153000	-19.91249101642456	-18.418704424802606	-1.4937865916219542	-9.599426072850722	-8.819278351951885	0.7661849439430589	1.0210957678912453	-0.1282624542896599	0.2520425880021868	0.8771341000891928	0.030031946665258675	1.0
1154000	-22.944583397199807	-18.554102207529017	-4.3904811896707905	-8.897961477594766	-9.65614072993425	1.090263450773247	1.1554879840842924	-0.3176977110194168	-0.5292761281609395	1.4437040080703056	0.07073365149665088	1.0
1155000	-26.94353638525199	-22.0579984606633	-4.88553792458869	-9.2392176716697	-12.818780788993598	0.8468160092326811	0.48293283125075576	-1.2805053281013155	-0.6954812062417125	0.9744110938876366	0.4094347385276131	1.0
1156000	-21.161250671067794	-17.58370906718612	-3.5775416038816727	-8.889986983482794	-8.693722083703326	1.1615514420490411	0.9786194109978981	-0.32779085208459674	0.4101813230379159	1.348612801368844	0.41429759659806	1.0
1157000	-22.642524508498646	-20.03767772304975	-2.6048467854488946	-10.255176177230517	-9.782501545819233	0.6587016319774313	1.583221165112137	0.3649770250689311	0.041147778108899316	1.057535408520285	0.037849463633283995	1.0
1158000	-21.935303367678166	-18.92338051709676	-3.0119228505814046	-9.171325393593735	-9.752055123503023	1.3680998665948354	1.464205508803098	-0.18315007941347727	-0.3068012894453329	1.033274659671099	0.09350701547762959	1.0
1159000	-21.10923143676349	-19.718037779366632	-1.3911936573968595	-9.371621450610895	-10.346416328755737	0.8370563647277738	1.7318125883842632	-0.06280898304244109	-0.16243118493303396	1.1376769334160475	0.02311373524939473	1.0
1160000	-18.656159597718542	-18.404259499385134	-0.2519000983334092	-9.420643533449471	-8.983615965935664	0.8377320681388938	1.1387997182507552	0.08337565767832678	0.0776655013122805	1.2524605383006706	0.019300201943360504	1.0
1161000	-22.46600764338988	-18.35471942875195	-4.111288214637929	-10.10557137894636	-8.249148049805587	0.6777922841744114	1.0103221578940027	0.21589190865939045	0.976637485797042	1.791765639089228	0.8274276760796972	1.0
1162000	-22.26415030212057	-20.605716016272563	-1.658434285848005	-11.093520840134827	-9.512195176137736	0.5375341420602865	0.8102415771219038	-0.048647223651387406	-0.029611807787311456	2.265093400612322	0.2008649897612385	1.0
1163000	-20.961195596118195	-18.925070603036733	-2.0361249930814607	-9.508495815219185	-9.416574787817549	0.7879571990270581	1.214128580254356	-0.15397566310477948	-0.31017785898322614	0.922302117545375	0.05487605523566869	1.0
1164000	-25.315730407322807	-21.61484543488877	-3.7008849724340362	-10.418893327016812	-11.195952107871959	0.6181082401215364	1.9809334625481736	-0.10687734530105863	0.5482053076409644	0.4776787951225864	0.1660571863649545	1.0
1165000	-23.35522658008842	-18.167185885882375	-5.188040694206045	-8.92945645284462	-9.237729433037757	1.422304648818105	1.3811071226989446	-0.8219799487751003	0.13150612643519619	0.9408640580993107	0.1327543957762805	1.0
1166000	-25.622543770079687	-21.278980317988207	-4.343563452091479	-10.090958568849059	-11.188021749139148	1.5721613492464375	1.9841239756205302	0.2852286504154236	0.45827424726259486	0.8816777655820018	0.10959881166666818	1.0
1167000	-21.999960927078384	-18.429888676633013	-3.5700722504453712	-9.330744553674142	-9.099144122958869	1.385214866401764	1.3957354669949775	-0.012719212886184855	0.4255230187870434	0.49848396996470085	0.043283085127233036	1.0
1168000	-22.72655778031658	-20.030974311690848	-2.6955834686257303	-9.176361389670685	-10.854612922020161	0.9611201455860165	1.8569183870790171	0.07941129054753476	-0.31466435089774125	0.7557818954544593	0.08797578142652138	1.0
1169000	-20.73764230128992	-17.96873558923229	-2.768906712057632	-8.933836699524301	-9.034898889707987	1.0170593443689038	1.2645352412692177	-0.3533147134950817	0.14437861931231122	1.4054649975478335	0.09169444024470005	1.0
1170000	-20.69105907626175	-18.40055648437329	-2.290502591888462	-8.996317085336404	-9.404239399036886	1.0158700909491054	0.708701271479137	-0.18911344553162196	0.3713752658026822	0.7893315013877769	0.1261954115847457	1.0
1171000	-20.24955241479146	-18.226846340488805	-2.0227060743026537	-9.23243811945671	-8.994408221032097	1.3538775812249784	1.1827074953661483	-0.0672967233596935	0.09250929420861431	0.8982727025105413	0.09265219437655615	1.0
1172000	-23.734767336200996	-17.399330076474442	-6.335437259726552	-8.782978606376751	-8.616351470097689	1.1075713032047778	0.8865603866093629	-1.5948359402518173	0.60228324837683	1.7148805079208185	0.5154134773454035	1.0
1173000	-24.931364472097293	-22.957700541961035	-1.9736639301362562	-9.609439727604308	-13.348260814356728	0.8345319477160208	0.3601020780755073	0.4785167171051511	0.08422356244297396	2.2454892704706166	0.06593537578082936	1.0
1174000	-20.443953832593433	-18.517917396865535	-1.9260364357278965	-9.221034319644772	-9.296883077220764	1.0654763018281717	0.996339985775831	0.26622126254453354	-0.17109328374545774	1.0652047157105966	0.05890377181007401	1.0
1175000	-24.679960300117635	-19.26255308805254	-5.417407212065095	-9.298696793613507	-9.963856294439037	0.8557257414267904	1.0579576972805376	-1.6620468217825959	-0.7287776840595575	1.4450876653053062	1.2138772513997673	1.0
1176000	-26.435129419810938	-20.86175383825422	-5.573375581556719	-9.789254744467335	-11.072499093786885	0.7347559541122488	1.5180467768050196	0.08859232232005954	-1.2944549028051013	0.500492526231318	0.3876678245882738	1.0
1177000	-25.696491983046414	-16.854474968320034	-8.84201701472638	-8.925553680038316	-7.928921288281717	1.100325151259443	0.7710265064508908	-0.24694654913198308	1.7407746952110021	0.3007661564375272	0.2936307563543726	1.0
1178000	-21.093219682277553	-17.775061403732366	-3.3181582785451864	-9.005558968272751	-8.769502435459616	1.3414827103057345	1.0583255743967106	-0.38601571246289684	0.29466848015960134	0.5108130297986161	0.0876523195831131	1.0
1179000	-22.00463480601281	-19.02680603466112	-2.977828771351687	-9.752700098676616	-9.274105935984505	0.7666159791731378	0.7514734431018139	0.3520146236916008	0.32879628606141764	2.592251900502164	0.26499286321579024	1.0
1180000	-26.22961870803511	-22.092383476072378	-4.137235231962736	-11.14439797524729	-10.947985500825087	1.925299985587312	0.49374062801565344	0.13319699076029312	0.3966464006586079	1.5422050839013648	0.47226020838535543	1.0
1181000	-21.06789117704492	-19.191304207640734	-1.8765869694041881	-10.308514634703377	-8.882789572937355	0.6431905492582848	0.995697470873427	0.2188466069578121	0.2035975177597144	0.6157377764325477	0.0848668767938616	1.0
1182000	-18.851279150227946	-18.77731194704133	-0.07396720318661698	-9.030427090046828	-9.746884856994502	1.1555395577727585	0.7421611428574653	-0.05658494781702594	-0.010691698187541065	1.3305425790181427	0.022569069078025104	1.0
1183000	-34.24144067473807	-28.681565831469463	-5.559874843268613	-16.94085112519214	-11.740714706277323	0.25487689356820187	0.6392917900370992	-2.761851202121335	-0.9245312233427452	1.3045339515185823	1.6334510022978599	1.0
1184000	-22.83230135173157	-17.51916789864393	-5.31313345308764	-9.18977194097884	-8.32939595766509	1.1007600545783098	1.0401127131751369	0.21615211794035896	0.8636601151906089	1.9631868246885493	0.16253666542604875	1.0
1185000	-21.11182818953233	-19.144889639771776	-1.9669385497605523	-9.287379318837477	-9.857510320934301	1.3255498562040444	0.8121605353700765	0.06087480242273274	-0.2920071490799635	0.6613851235654015	0.04646521876140294	1.0
1186000	-21.481711177780156	-19.211358142827123	-2.2703530349530308	-9.292099216259137	-9.919258926567988	0.9901978083049133	0.6661984875493059	0.333827508196597	0.14597068969137525	0.8228906147674934	0.18737234476228057	1.0
1187000	-21.682072813169945	-19.569428024449728	-2.1126447887202175	-9.315569710858403	-10.253858313591326	0.8680175717279465	0.6789212981732642	0.01258853976262335	-0.1450378966992658	0.8378283175199464	0.24195994770647863	1.0
1188000	-19.70235890843236	-18.77037062040054	-0.9319882880318175	-9.097801234300311	-9.672569386100232	1.0060076074833684	1.5322735750451468	0.014314758803613298	-0.004133083577409616	0.9710495222872941	0.0322938576163941	1.0
1189000	-20.438393033195545	-18.170420588731425	-2.267972444464119	-9.004002866712444	-9.16641772201898	1.2409721021852766	0.795481605724896	-0.19317367201366437	0.28866075720769424	1.4792108263116381	0.06911264418046431	1.0
1190000	-23.343072604165236	-21.362394627356032	-1.980677976809204	-10.017969646814347	-11.344424980541687	0.6865546059895481	0.5874752171278743	0.05659151011639357	-0.4428347737401972	0.8299005080857811	0.12166102023249513	1.0
1191000	-19.440472857299532	-18.457821103672142	-0.9826517536273909	-9.146132714255364	-9.311688389416778	0.94508043421805	0.9736726518939864	-0.034949727448917695	-0.16082226755404255	1.1303777755317403	0.04637059465893989	1.0
1192000	-22.132602818101127	-17.173451355344078	-4.959151462757048	-8.894860797933484	-8.278590557410592	0.9716909377509511	0.8408789674973185	-1.1703956784130547	1.0724608848457367	1.1654992965251407	0.858650665332822	1.0
1193000	-22.220189886900414	-19.375031920888016	-2.845157966012399	-8.92046689725301	-10.454565023635006	1.0478903586178132	0.6918155978345913	-0.31618143516564445	-0.3317646017538923	0.5895703927254579	0.2038800134670997	1.0
1194000	-22.008904636003944	-18.62197864881165	-3.3869259871922965	-9.057226680125364	-9.564751968686286	1.428906204290242	0.839766528430785	-0.5382436845624419	-0.14044148848462623	0.6112263824787082	0.11662875799601269	1.0
1195000	-23.25561841648723	-18.158573540834773	-5.097044875652458	-8.757419282157338	-9.401154258677433	1.148778680648091	1.4685232506903094	-0.709157502429307	0.18034369367704187	0.4653058273495133	1.371667200032942	1.0
1196000	-24.630670482587938	-17.238606772297242	-7.392063710290695	-8.725507008971807	-8.513099763325435	1.127086431981283	0.9811664383200831	-0.9201549849710825	3.282781484841989	0.9488430318534505	2.1753889350241438	1.0
1197000	-20.742246721236626	-18.181634125745838	-2.5606125954907872	-9.275009910193257	-8.906624215552583	0.865674579591879	0.8439549624182086	-0.12059308964174476	0.3991788304601315	0.5354912177575742	0.09003222459402137	1.0
1198000	-21.263464906081396	-17.894173856904995	-3.3692910491763985	-8.975214243696788	-8.918959613208207	1.0459933381617366	1.0588651460495462	-0.18471892713879517	0.1371168399029712	0.727084311629454	0.5020119887310891	1.0
1199000	-24.00671140586369	-18.49017076089803	-5.516540644965659	-8.746746283005756	-9.743424477892278	1.098355922243108	1.2542317346375262	-1.3716514152769912	-0.5698855347905969	0.6414050683074952	2.163141865322606	1.0
1200000	-20.802072430992038	-18.49418046587745	-2.307891965114589	-9.049422101159971	-9.444758364717476	1.0402691055008209	1.4785565076740403	-0.034878593074510245	0.14743226991001812	0.85438477539241	0.12374655092848467	1.0
1201000	-22.751660591013735	-19.026771241159032	-3.724889349854702	-9.022412433315525	-10.004358807843506	0.989655703620414	1.6928089102678154	-0.19188219683631627	0.3804318079407199	0.41226358978083594	0.26275895478065286	1.0
1202000	-24.974003182416634	-20.60075804958298	-4.373245132833657	-9.817493363443214	-10.783264686139763	1.585041740384071	0.7847483664378718	0.0061046863358849845	-0.8383683104325756	0.4998777849050524	0.3067870411300823	1.0
1203000	-20.54234865497715	-18.493775525833854	-2.0485731291432976	-9.335157314764077	-9.15861821106978	0.8387586862312899	1.1904462506331126	-0.16805500605511184	-0.07647738605037813	1.2065123555026567	0.13719673346333738	1.0
1204000	-21.648135502440116	-20.214221111819484	-1.4339143906206333	-9.251978223633587	-10.962242888185894	0.8560973634893281	0.5719319159477586	-0.29442857080469637	-0.114543115961483	1.3848762775030297	0.11469312646441898	1.0
1205000	-26.270356212007314	-20.755441559862863	-5.514914652144453	-10.754910017809692	-10.00053154205317	1.5464018710805152	1.4983260940989127	0.81627476179838	-0.49317007440216454	1.0524721290388988	0.2156231186701092	1.0
1206000	-24.685179178493605	-17.67117720702789	-7.014001971465719	-9.969692475221521	-7.701484731806369	1.2534330471430897	0.8145616957669974	0.8483141756275226	2.912626711449998	0.4375966263122152	3.084165446932515	1.0
1207000	-21.481324341235847	-19.380548028625917	-2.1007763126099297	-8.988361206279796	-10.392186822346122	1.204117653539968	0.5594996294098015	-0.17180722721154384	0.34620837742848587	0.8063758586146469	0.08248796665403886	1.0
1208000	-21.173921900068894	-19.21704647487308	-1.9568754251958156	-9.299972335368633	-9.917074139504447	1.2422090331397633	0.6744284739486114	0.22062720383205842	0.11312627195792146	2.085841673861152	0.04633979235224658	1.0
1209000	-25.469370315780278	-22.429732919807208	-3.039637395973071	-13.125672119640855	-9.304060800166353	2.5084366588556533	0.9550602729583882	-0.2991517923690967	-0.13299131963127198	0.4902946437566896	0.048793259720604984	1.0
1210000	-23.52401173843969	-19.212131268426262	-4.311880470013426	-9.505629084940665	-9.706502183485597	0.7737774717274326	1.6069760059177707	-0.4904034867816371	0.40089380978116346	1.7349325865972838	0.28197475242757863	1.0
1211000	-22.606305701564867	-18.434762050576623	-4.1715436509882435	-9.49950619168654	-8.935255858890084	1.3396397079826214	1.256748428326922	0.2713547126263225	0.262178590410716	0.2817490056362807	0.3141284894455157	1.0
1212000	-20.107742495231506	-18.25171718122147	-1.856025314010036	-8.973737555732804	-9.277979625488666	1.0667737166985696	1.1846184040232737	-0.16414307425537522	-0.19655091831207874	0.6848968757146192	0.05816158386982383	1.0
1213000	-20.062418095539	-18.396696365771202	-1.6657217297678002	-9.471373411768722	-8.92532295400248	0.8287107481576843	0.9168681552394277	0.14921843154298817	0.2498546775253333	1.7926953711441183	0.05414118700157459	1.0
1214000	-20.18075759283543	-18.235160884375965	-1.9455967084594663	-8.913667349216224	-9.321493535159739	1.0625626820415748	0.9048702593336819	-0.3095672156469424	-0.07527169350185192	1.2627646344333703	0.03561656901738859	1.0
1215000	-23.829606064598565	-17.803049234613454	-6.02655682998511	-9.571694034403682	-8.231355200209771	0.8159624180570711	0.6100631201512656	0.3014983398884138	1.9823320449925967	0.3767710313868111	1.927790559148044	1.0
1216000	-23.56599279475619	-20.367827082684983	-3.1981657120712086	-11.00370936749799	-9.364117715186994	0.5489669220625735	1.5132792168743892	0.12608671035219848	0.5868861453963388	0.8690033850967858	0.17146229447339573	1.0
1217000	-21.11582364063208	-18.470534213631524	-2.6452894270005562	-9.37949900304012	-9.091035210591405	0.8449474623846778	1.117150618407367	0.025571936048172317	-0.03670988842507619	0.2020597561962461	0.0605700442913046	1.0
1218000	-20.17635454681647	-18.060268204519495	-2.116086342296974	-8.937614311052418	-9.122653893467076	1.129745191070801	1.0895206449307402	-0.21706810228091777	-0.06657937675548246	0.9047074274788394	0.11631297709998814	1.0
1219000	-21.102637814796942	-18.59166733275643	-2.5109704820405137	-9.124284889883166	-9.467382442873262	0.9028869926650214	0.8838018689344874	-0.33104186230853055	-0.1549133692428208	0.7590428998547368	0.21250533342148342	1.0
1220000	-21.18011983216228	-18.196190030648722	-2.9839298015135576	-8.870658741636978	-9.325531289011746	1.1980668285644474	1.3699593710408815	-0.3977856004547689	-0.015606239931377608	0.5120821014604746	0.0631628118570734	1.0
1221000	-23.604234587103385	-17.73679555550234	-5.867439031601046	-9.55941610427296	-8.177379451229381	0.831615964771093	1.0716585990650227	0.3665855045673332	1.2195169064312068	0.26951528100150657	1.3284138304949824	1.0
1222000	-22.349667370597892	-19.215425167216246	-3.134242203381645	-9.435131303752183	-9.780293863464061	1.3505627768364579	1.6056383276938704	0.18127533789752637	0.1767939892965495	0.39948252657695266	0.1431788275494643	1.0
1223000	-25.861933767626564	-23.718825019794757	-2.143108747831808	-9.862867095616545	-13.85595792417821	0.7587122976550694	0.33193851318243256	0.5369468826271625	0.11284511169240519	1.6152280512637585	0.06931208235310798	1.0
1224000	-24.06595819411639	-20.127890797842788	-3.938067396273604	-10.55096472147901	-9.576926076363776	1.9747402612985983	0.7105744275745153	-0.5522647556341428	0.22806239463941816	0.44321761356501604	0.19912747005494913	1.0
1225000	-22.256865209965866	-19.784969279877316	-2.471895930088552	-10.633799854538802	-9.151169425338514	1.9156922881811207	0.8467043492503582	-0.2435537893750389	0.17698835292373244	0.9474109017007899	0.04208196086882507	1.0
1226000	-23.903724605741345	-20.32840456821269	-3.575320037528657	-11.500035871526151	-8.828368696686539	1.9390914532217682	1.049737032884654	0.32805994406535766	0.23261133643788273	0.48194597445594833	0.21435953041133507	1.0
1227000	-20.013557862903653	-18.40058167876703	-1.612976184136623	-9.18695527788682	-9.213626400880209	1.172726496818117	1.2179191905120474	0.16446004806920336	-0.11258824790539784	0.6450261027368063	0.04628200941139151	1.0
1228000	-20.702922055328763	-18.95153521487718	-1.7513868404515842	-9.742531081917068	-9.20900413296011	0.7690193347384624	0.8428741356572539	0.34826479324852	0.13659445625477917	1.1703936689151013	0.07364091344714517	1.0
1229000	-21.608012402833563	-17.982825378878346	-3.6251870239552164	-9.434631806930053	-8.54819357194829	0.8641095888719256	1.1446533617406296	0.26937571617387723	0.6363836133891504	0.7027108334260678	0.15676892641825116	1.0
1230000	-22.51365774012632	-16.763683059481675	-5.749974680644644	-9.12461200430795	-7.6390710551737255	0.9240462448128504	0.7793016259411104	-0.18477242089531054	2.5569311570759825	0.9591451524967908	3.64661004082864	1.0
1231000	-21.515930554590977	-18.30626747289545	-3.209663081695527	-9.00220992854405	-9.304057544351402	1.1544054133369541	1.3176858270516916	-0.10430870135107223	-0.09014337720945069	0.36045043303855107	0.2003868351469319	1.0
1232000	-22.916921186287034	-16.930380945755402	-5.986540240531632	-9.035007414827597	-7.895373530927804	1.3974926555297769	0.8616111123350251	-0.4824359392396027	1.6450474967564668	1.2077563805032803	4.282995720506631	1.0
1233000	-26.785225196216953	-21.543541894029197	-5.241683302187756	-11.989615293376286	-9.553926600652913	2.327224117611252	1.0113766167520883	-0.5312802972758688	-0.3915164943384625	0.7593424019989854	1.1343792866635527	1.0
1234000	-21.482392119876437	-18.24634400249944	-3.2360481173769937	-8.907437742404683	-9.338906260094756	0.9989338430126329	0.9978533338193478	-0.5172515021294127	-0.2074024712080712	0.636217159512461	0.10538336074691936	1.0
1235000	-20.69876963755438	-17.885233775101774	-2.813535862452606	-9.103424276171879	-8.781809498929894	1.1969209450999228	1.0360205094210526	0.020663015425437747	0.2855801535168646	0.8448423404511386	0.24240700863509493	1.0
1236000	-19.995415912649534	-18.627893330160013	-1.3675225824895199	-9.253221438921067	-9.374671891238947	0.8921431411162905	1.0040948667646676	-0.0075028356250358	-0.24235377293784313	0.7301609434358406	0.040013011993847034	1.0
1237000	-22.81957993420199	-19.228776736204132	-3.5908031979978556	-9.340574876418147	-9.888201859785987	0.8179231530905744	0.9671019794636437	-0.45612014827776376	-0.5935562496917808	1.3432283042916584	0.5879078563333372	1.0
1238000	-22.141928430685187	-20.142030359413056	-1.9998980712721317	-9.094332353855638	-11.047698005557418	0.9521910034150277	1.9548668025638365	-0.13625545949068418	0.1635434146372588	0.6839121795993987	0.04605342648305465	1.0
1239000	-20.13964373716406	-17.9144181955902	-2.225225541573861	-8.896910888719162	-9.017507306871039	1.1334376811444675	1.2148036663124955	-0.3046452739753156	0.09688775213886869	0.8553310425053989	0.0688372956659655	1.0
1240000	-21.76894968225775	-17.844606333479064	-3.9243433487786876	-9.113087317166416	-8.73151901631265	1.0950793364979485	0.8535178809125682	0.10102397315693201	0.5458268311819274	2.2672258433930987	0.08977751439292955	1.0
1241000	-22.31452523939513	-17.96847845177099	-4.3460467876241395	-9.101163161646706	-8.867315290124285	1.32125624150661	1.2096728699873671	-0.1827378643161743	0.2749050223175055	0.6952241889499937	0.9657498652167941	1.0
1242000	-19.141323844742672	-18.936109702760383	-0.2052141419822886	-9.515785386505732	-9.420324316254652	0.7972521000252312	0.7761625898508064	-0.0058755976150023925	0.13503485743253724	1.333973560583128	0.03205981942874901	1.0
1243000	-23.534833927010794	-18.620829116527577	-4.914004810483219	-10.039151274433447	-8.58167784209413	1.8240536997572807	0.7388504510623365	-0.5497211486560933	1.0052342435120436	0.791384233373743	0.6867768718929601	1.0
1244000	-22.939905941183895	-17.140181332421047	-5.799724608762848	-8.821366708869615	-8.318814623551432	1.376803523486322	1.0285942870022147	-1.5233896416992214	0.8734143261726419	0.5863730232672001	1.1389727913219174	1.0
1245000	-22.713742234639277	-21.030948660293127	-1.6827935743461508	-12.26297473524155	-8.767973925051576	0.4362630043173549	1.0228812999214585	0.07134752257968953	0.3050143386546668	1.0356610302488818	0.1442294934414016	1.0
1246000	-22.66538130401109	-19.858751730926326	-2.806629573084762	-11.066736836591222	-8.792014894335104	1.9469692278422863	1.1390312026922718	0.014939336537750147	0.29406396792092315	0.6507343497132739	0.09480047410917822	1.0
1247000	-22.166535185341736	-17.212334581750312	-4.954200603591422	-8.718347173337952	-8.49398740841236	1.1757363574426611	1.1015507663740212	-0.8991162612991881	0.6623654372018244	0.8071747629192939	1.5738336279033498	1.0
1248000	-21.59164079819521	-17.18832722619279	-4.403313572002422	-8.899601623333144	-8.288725602859646	1.192740178294398	0.8701977715602682	-0.32949913638728434	1.0073438007576399	0.7892998888620985	0.42759728217540083	1.0
1249000	-22.404420474531886	-17.125217352092147	-5.27920312243974	-9.136685871162713	-7.988531480929433	1.3345245482054449	0.9620766360150891	-0.15797423842345126	1.455800124490491	1.0755719050311747	0.8004208197248781	1.0
1250000	-21.773036546803876	-17.10476686926994	-4.668269677533936	-8.980377752171556	-8.124389117098385	1.0322997377075405	0.9888248096881239	-0.19459463378551456	1.1866355772318147	0.7042598208739939	0.9339352548021888	1.0
1251000	-20.921678370116112	-18.147694646723785	-2.773983723392325	-9.08112458552785	-9.066570061195936	1.4026726798352067	0.9120407277334718	-0.4136746405833482	0.1291733489924764	0.7984074357844585	0.10184830270576538	1.0
1252000	-22.53137146322223	-18.9327501091095	-3.5986213541127317	-9.174998780067085	-9.757751329042412	0.9043871083522365	0.9444032893978241	-0.15136938709485892	-0.47065718896688513	0.37346002105921505	0.2489431116621199	1.0
1253000	-21.753941938548287	-18.61654734110657	-3.137394597441716	-8.87762555207097	-9.7389217890356	1.0715192771721243	1.5923967066219435	-0.39298607959674264	0.18027220935963617	0.6149768632047709	0.13458408912469896	1.0
1254000	-23.505439054454733	-17.073914217689165	-6.43152483676557	-9.071553795704295	-8.002360421984868	1.0807401121435478	0.9581001180771876	0.031090808315393806	1.4180341819970579	1.2531482447870885	0.2629156106639721	1.0
1255000	-24.086427488573115	-17.787856433205537	-6.29857105536758	-8.803782041565984	-8.984074391639552	1.1017574606740965	0.9213803778484972	-1.654565131710794	0.1892028041634291	0.8077796032680286	0.4264381467713641	1.0
1256000	-20.827968149645685	-19.23712611071481	-1.5908420389308742	-9.941591460948223	-9.295534649766587	0.7059008151278632	1.1424473618648185	0.15017666835380014	-0.22539239766653874	0.7261054191697767	0.05570709528917577	1.0
1257000	-21.237825897071033	-19.12358832633541	-2.1142375707356242	-9.035266125488214	-10.088322200847195	1.248408638527508	0.6508141985986704	-0.1527183093995709	0.09004989201059285	0.7448439797004188	0.1612340947296125	1.0
1258000	-20.236537192055167	-18.38936755979617	-1.8471696322589948	-9.20273332925393	-9.18663423054224	0.9722059401638348	1.1339162270311396	0.15539764135855083	-0.12610237060349197	0.44053127739156134	0.053133226528795714	1.0
1259000	-20.635203047832537	-18.32036679078321	-2.3148362570493246	-9.37065336754166	-8.949713423241553	1.3023504312792211	0.9713963746116225	0.2025808552617051	0.16032116377670214	0.7948149322902341	0.12895001812304002	1.0
1260000	-23.764719679639605	-18.259113574092506	-5.505606105547099	-8.901358731273639	-9.357754842818867	0.9855015319478299	1.4476303582960368	-1.4242026100348624	0.16875764325211273	0.752241054560131	0.5525348613286114	1.0
1261000	-22.97846813829589	-18.683982226375832	-4.294485911920059	-9.754412406597185	-8.929569819778646	1.1488023962993974	1.1517484620164136	0.8138880951643321	0.1428482030066639	0.5271007642333172	0.45566692786618374	1.0
1262000	-24.746167995498766	-21.796247790132323	-2.9499202053664426	-12.955456500259148	-8.840791289873176	2.336704401038688	1.1773090289462267	0.10841857683983958	0.2684442227291479	0.5872759230673116	0.0775927809036761	1.0
1263000	-25.705087016179014	-20.72359013927035	-4.981496876908665	-9.645803917435737	-11.07778622183461	0.9452024642135944	0.4160231466905725	0.7807332384248832	0.964327622893164	0.7343519581744941	0.2722219185634083	1.0
1264000	-22.056587070789703	-17.918801074570776	-4.137785996218928	-9.35688282569469	-8.561918248876086	0.8958495858520533	0.9798925071857173	0.2419855199195002	0.555976563979287	0.4111336942873186	0.0813329259976923	1.0
1265000	-21.38790504661438	-18.970238310280628	-2.4176667363337536	-9.230359854195694	-9.739878456084934	1.342444590928678	1.4669074798965198	-0.045587955703749516	-0.28723172359803173	0.6135657001688717	0.03204158061555078	1.0
1266000	-21.69463590385441	-17.758217555552946	-3.936418348301466	-8.997718556099244	-8.760498999453702	0.9734292047106009	1.1404753648534753	-0.32155474283146057	0.3338922488622416	2.0641707827731284	0.31434984345470895	1.0
1267000	-23.42874152994753	-20.06175248304517	-3.3669890469023613	-9.410807520924216	-10.650944962120953	1.0178114178356417	0.6153088166102708	0.520415969999372	-0.1343324910587984	2.7374490066294115	0.12812328930823683	1.0
1268000	-20.004496101129725	-18.438581001821703	-1.565915099308021	-9.477219164369776	-8.961361837451927	0.7990038146779996	1.1194905868264455	-0.11949010192499593	0.09463323306349238	1.5926934205609904	0.07849920567567342	1.0
1269000	-22.166936675439416	-19.167345929005386	-2.9995907464340306	-9.288188787292857	-9.879157141712527	1.130269741506798	1.5697598229514127	0.3335185184592392	-0.1650722120007356	1.0895991849772848	0.10050281449544954	1.0
1270000	-23.57911296127122	-17.607528764306988	-5.971584196964234	-9.237943951373751	-8.369584812933237	1.62986410222494	1.0587562085843558	-1.1582048835326946	0.8139378840647536	0.3597985980102306	0.6370410869967185	1.0
1271000	-23.266349416384664	-20.709717363204874	-2.556632053179788	-10.079223740187226	-10.63049362301765	1.53429562187263	0.6206956206040491	0.367509160955424	-0.1466421291524499	0.9128056918589887	0.13235631280122045	1.0
1272000	-22.60310167384912	-18.695946427503937	-3.9071552463451846	-9.255462475081062	-9.440483952422875	1.1874720414054847	1.5187892862312413	0.23855221218946743	0.38273624454268274	1.2283419001496263	0.30977963415707466	1.0
1273000	-22.773168532708546	-18.675957023827095	-4.0972115088814505	-10.147571814199905	-8.52838520962719	0.6685159439909324	1.1911122954348852	0.17883592316539787	0.7806290314776438	0.5116607284602429	0.20950844398559615	1.0
1274000	-19.98369198478135	-18.367091655307387	-1.6166003294739615	-9.093686557413724	-9.273405097893663	1.1410692846266388	1.0959999472049686	0.05446072477711095	-0.20477037701197276	0.6733579518607223	0.05257075111974522	1.0
1275000	-24.187798880955967	-17.62049364942328	-6.5673052315326865	-9.842696979080795	-7.777796670342487	0.7822858332978584	0.7696270034420265	0.6486741279284205	2.044670947570481	0.35796628945317654	1.1750887612236656	1.0
1276000	-21.485125370349664	-19.02769685159417	-2.4574285187554974	-9.725928094050747	-9.301768757543421	0.7596746917599589	0.7259668212467524	0.2142730636080634	0.3919341279520404	1.794508137420396	0.04473732258120953	1.0
1277000	-25.079600648240145	-20.11356441283244	-4.966036235407708	-9.888502329160794	-10.225062083671647	1.6513010658261822	1.5493522751822828	-0.11333388679352446	-0.6054562559444463	0.9133228106417302	0.8101139221180387	1.0
1278000	-21.771578090183823	-17.819756433519814	-3.951821656664008	-8.832132966017209	-8.987623467502605	1.2975157984611587	1.0314916161664562	-0.663048126903611	0.07963062953329714	0.7806733534396367	0.5434997068086652	1.0
1279000	-21.995562969986725	-18.316306880459063	-3.679256089527662	-9.03537104787318	-9.280935832585882	0.911887168307401	1.344474323216857	-0.6915240800261233	-0.014480333201585018	0.9087910834935344	0.1890731973475592	1.0
1280000	-23.564502997597046	-17.964871864363072	-5.5996311332339745	-9.670420789592892	-8.29445107477018	1.5777419464821785	1.0714116285149773	-0.12633470371072902	0.9588906173416498	0.5976845525343525	0.15532195415992198	1.0
1281000	-22.6196815889249	-18.208350273147477	-4.411331315777425	-9.308014341696195	-8.900335931451282	0.8213035014139296	0.818508766144575	-1.0890175850440906	0.4636672342627183	0.7773935907542261	1.2826932411193344	1.0
1282000	-20.216533917607475	-18.370835405725174	-1.8456985118822993	-9.210045383115693	-9.160790022609483	1.0661674389818714	0.9650702970000781	0.2501014734409526	-0.023558071892811144	0.9453147000660572	0.09456391806738923	1.0
1283000	-22.81057959339311	-17.540145199371306	-5.270434394021805	-9.100881895169437	-8.43926330420187	1.564267976210353	0.9758743491417127	-1.1451145802447742	0.7067091254152115	0.8716196391224303	1.2329473136185567	1.0
1284000	-20.042567301008724	-18.59721948380303	-1.4453478172056933	-9.357784290825773	-9.239435192977258	1.3630153903042732	0.8610460535761503	0.06823453835395937	0.07268138088759452	0.3507407371705217	0.032715453547789826	1.0
1285000	-22.13549820626306	-18.135806176550936	-3.9996920297121235	-9.516389016819206	-8.619417159731729	0.9227369647542836	1.1072426483413438	0.5800861152009011	0.48975520822920476	1.2415417504682242	0.14245601617170434	1.0
1286000	-23.703797944195912	-18.961257582964755	-4.742540361231157	-9.007618938358343	-9.953638644606414	1.340960455102415	1.2910111686501808	-0.38100662552505066	-0.7153574539259382	1.4040464260724996	0.31203746502395807	1.0
1287000	-24.913825228725912	-20.347319449685713	-4.566505779040201	-8.886366578018292	-11.46095287166742	1.0544512419592338	0.7725146756919685	-0.398615216169488	-1.2093804692553058	0.7587403923791501	0.8032610541772697	1.0
1288000	-23.507830789306603	-18.69103691026201	-4.8167938790445906	-9.90249819986063	-8.78853871040138	1.0999302947809584	0.7822456608212828	1.000127099946204	0.6642787237232463	1.3408840062087657	0.33978098903434095	1.0
1289000	-20.087566057464993	-19.22970979940039	-0.857856258064606	-9.252455694138153	-9.977254105262237	0.8651863805318902	0.6970969109850202	-0.19899902520294982	-0.020380201617944925	1.0518122508628656	0.056252751835765495	1.0
1290000	-21.08777967245748	-18.37712578003066	-2.7106538924268184	-9.096991173245643	-9.280134606785019	1.0555917428846104	0.7138046366105864	0.06564354974859304	0.4536963454897637	1.0475234487519307	0.04971245350177827	1.0
1291000	-22.391933767401113	-18.70499930894634	-3.686934458454772	-9.1896748457001	-9.515324463246243	1.3901303027897336	1.1562793409238008	-0.2098720191898049	-0.4146098043882662	0.967759495329807	0.04434193261005916	1.0
1292000	-21.281405757160282	-19.309622547047297	-1.9717832101129857	-10.097817998643231	-9.211804548404066	0.661495751453734	0.8922425478191015	-0.42313733678405324	0.03681370441091339	1.0938654798624667	0.11062548656084008	1.0
1293000	-21.24230230322174	-18.854248491068855	-2.3880538121528856	-9.08644403492419	-9.767804456144665	0.9830309811902155	0.6828350659259926	-0.05708277620449753	0.18958893928392662	1.2789749328588464	0.31656565602990266	1.0
1294000	-25.226004927523565	-18.86176621532133	-6.364238712202233	-10.728465252605078	-8.133300962716252	1.6828709956980201	0.6904110097030376	0.4843176617871332	1.711986942115198	0.4822472498848989	4.980064355638414	1.0
1295000	-21.276893338683003	-18.89924596611684	-2.3776473725661638	-9.172745258256068	-9.726500707860772	0.9389089690090268	1.5901887590331847	0.004884720729769337	0.19343247674831926	0.5353628821768593	0.10650000325049497	1.0
1296000	-24.043142537387972	-19.888294604134167	-4.154847933253804	-9.99971502765467	-9.888579576479499	1.386082430583491	0.9371456856076196	0.6290457466625234	-0.5547173788958039	0.6976524652417846	0.4349744145299691	1.0
1297000	-19.745164909390255	-18.525835613156065	-1.2193292962341906	-9.100915866371082	-9.424919746784983	1.0137006499965167	1.4109854266082469	0.0323145249946359	-0.04414546886743192	0.5154995633793383	0.03949416467684262	1.0
1298000	-21.554874104784925	-17.747024914927955	-3.8078491898569693	-9.168897789199313	-8.578127125728642	1.2477679869804232	1.176224694879643	0.0454631555849771	0.6469095431388427	0.5657279804911517	0.25677219614823904	1.0
1299000	-25.663023474682454	-21.407019271402614	-4.256004203279841	-8.965245344281335	-12.441773927121279	1.162090604105782	2.2603936972416903	-0.17595553748230533	0.25216926616533025	1.3813974634114359	0.13268311439444452	1.0
1300000	-24.370084916804778	-19.006901796309826	-5.36318312049495	-10.2578753509965	-8.749026445313326	1.8109130998169103	1.3206815382952115	-0.25011385562953437	0.9102787158209431	0.4136341225781959	0.2307925716858221	1.0
1301000	-20.839417932322455	-17.510930459760157	-3.3284874725622977	-8.944279172313607	-8.56665128744655	1.077908899494982	1.0740839499235846	-0.21919450092540183	0.5398939654070449	0.8343074937035216	0.11064928941043231	1.0
1302000	-23.307602087086412	-18.953165817841985	-4.354436269244427	-8.911845432797803	-10.041320385044184	1.0109130357676048	1.4820889661098067	-0.44544159789277205	-0.5630369046300048	0.38427844062796973	0.2732481268659475	1.0
1303000	-23.061452995642835	-18.186959304096625	-4.874493691546211	-9.071194987349125	-9.1157643167475	0.9100744231970959	0.8357339612492083	-1.4246701290360746	0.231641998374293	0.6528949484727454	1.1308388525118391	1.0
1304000	-24.59417865782305	-18.117084485783145	-6.477094172039905	-10.191027669094986	-7.9260568166881615	1.8003009392032598	0.9659184579195215	-0.28223763548815584	1.6463374312794004	0.9603689303454106	5.092787155457418	1.0
1305000	-21.45260573970086	-19.12595577225511	-2.326649967445749	-9.549932321475785	-9.576023450779326	0.768147512655603	1.4526905520180877	-0.33776242403455337	-0.12832368569681868	0.8207246687210283	0.06443609124283367	1.0
1306000	-21.449877325017667	-19.09171713001715	-2.3581601950005147	-9.861579489044235	-9.230137640972917	1.6025381339441742	1.3677715963206063	0.0008711234385128976	0.10561646825238322	1.3700021041276274	0.04805038190801741	1.0
1307000	-21.019663981498542	-18.00877989690652	-3.010884084592021	-9.334132909937683	-8.674646986968838	1.246182113042192	0.9912341535656823	0.25488512767810256	0.42199463141580584	0.8148257413943185	0.09051292498215657	1.0
1308000	-26.205500383319496	-19.742690303389715	-6.462810079929779	-11.190002425164309	-8.552687878225406	0.5277120103324202	1.154200674371233	-0.031889406137260934	0.6456232960446874	3.572346304235734	0.05031258243370468	1.0
1309000	-22.575000971311262	-20.56693011027056	-2.008070861040702	-11.180659754550334	-9.386270355720228	0.5280639009053377	0.9380985708733406	-0.39559665746977685	-0.1778148637881167	1.0321498508758897	0.1460418079082189	1.0
1310000	-21.529417620613494	-18.64820182126399	-2.881215799349506	-9.595104508141311	-9.053097313122677	1.4142966459617663	1.2507403020815073	0.21215506837176223	0.1004220697749953	0.22546917813782763	0.03915456195590165	1.0
1311000	-25.370889619761588	-20.943963165723275	-4.426926454038312	-9.002795878255885	-11.941167287467389	1.36825782236035	2.1263024103241177	-0.4603159769916314	-0.43797294900509975	0.43128359777210307	0.20510702437745562	1.0
1312000	-21.800920068152582	-18.977441076586196	-2.823478991566385	-9.396517289230827	-9.58092378735537	0.8229820665828692	1.568602558286097	-0.12178904436220739	0.4112432667029898	0.7406188114092381	0.09126951190384806	1.0
1313000	-24.37509427572797	-19.544221914610286	-4.8308723611176845	-9.515503357703746	-10.02871855690654	1.0569807072117419	1.4825295848805922	0.6454698591940389	-0.5504564097800552	1.0281953504705523	0.15734429069770334	1.0
1314000	-21.99745202756921	-18.68187837156485	-3.3155736560043625	-9.226485823614162	-9.455392547950687	0.8571230610546247	0.7598803656699366	-0.3959439855771515	0.1561226013987743	0.6284820439957328	0.5277850261664838	1.0
1315000	-21.47097622025421	-18.62545808753044	-2.845518132723771	-9.285029853898173	-9.340428233632265	1.2794002393951724	1.4724366704386507	0.14292448315590464	0.317031831032196	0.6306616541522706	0.11189104301327195	1.0
1316000	-23.931920094099073	-19.50210327684777	-4.429816817251305	-8.978920215654496	-10.523183061193276	1.028610569072144	1.8146636136450096	-0.20491961201774456	0.06663309314660193	1.0171450499495016	0.7427928546837732	1.0
1317000	-23.07557559069614	-16.786487346878495	-6.2890882438176465	-8.957995043223786	-7.828492303654711	1.059157419907329	0.8799164404551775	-1.9526444232585816	1.806145103211125	0.943144041684338	7.7666779147495095	1.0
1318000	-21.087468244425985	-18.231915878295865	-2.8555523661301203	-8.948758079102406	-9.283157799193459	1.0550278361474954	1.412791228428159	-0.2336714530920339	0.1621861327694053	0.7748960218818174	0.20062511341992953	1.0
1319000	-24.120740130655243	-17.72355856861519	-6.397181562040054	-10.013284567680309	-7.7102740009348825	1.495397450040747	0.6394808601537951	0.40476054202491707	2.7236039460121018	0.6761530055840616	3.6714415786875914	1.0
1320000	-19.364881005910952	-18.15014091368934	-1.2147400922216094	-9.082114339292197	-9.068026574397146	1.2782971667054877	0.9719482748964215	-0.1289569724534745	0.050942143351060926	0.8839044041862086	0.046654408911708925	1.0
1321000	-23.506644388839938	-21.652562902141153	-1.854081486698787	-10.373454099959876	-11.279108802181277	0.626841566588932	0.4509882798634752	0.007159242972140569	0.5093461803396431	1.2282318847110485	0.07905795940209687	1.0
1322000	-24.090573254024285	-19.83778360249694	-4.252789651527343	-10.365583077924011	-9.472200524572932	1.954486078307964	0.742792417070021	-0.6997661985196666	0.19742582171842982	0.6769668795003555	0.16272321824114325	1.0
1323000	-22.164350381157686	-19.8922984362537	-2.2720519449039855	-9.232961054226918	-10.659337382026782	1.1837029425745706	1.8339647869416271	0.21402139673041953	-0.10258503199866453	0.6931103223038336	0.05475284665689792	1.0
1324000	-25.16853007413713	-20.968269576295018	-4.200260497842111	-10.535855997432018	-10.432413578863	0.602211901946478	1.056069646239809	-0.1112410070373846	-1.0403559685755006	0.7040940206245606	0.36401270171624267	1.0
1325000	-22.81962337991501	-17.803198392903393	-5.016424987011619	-9.687371091720129	-8.115827301183264	0.8791580534332298	0.8484611873972918	0.7438862119362696	1.279462179735274	1.8008409400985994	0.659983077916672	1.0
1326000	-19.939636916807867	-18.250900798197414	-1.6887361186104544	-9.123029770257276	-9.127871027940136	0.9150695817964003	1.2630090073728462	-0.24386371268557208	0.02924340588881233	0.65010777588906	0.045604261906172346	1.0
1327000	-20.41499259477533	-19.06148763111854	-1.3535049636567928	-9.386763100530883	-9.674724530587657	1.349307613289071	0.808622301842621	0.13012554811096488	-0.1491170535629537	1.4970223256577821	0.01577709231432398	1.0
1328000	-23.260039167383823	-17.519701015919665	-5.740338151464158	-9.4207416382256	-8.098959377694065	1.5709758882988634	0.7270758276376729	-0.41800847169357225	1.6172602469725708	0.6006417313953495	0.8203347947023788	1.0
1329000	-21.2433941968032	-17.942992744022902	-3.3004014527802985	-9.261742956633151	-8.681249787389751	1.3960099795158316	0.8897743180736408	-0.1252010843490753	0.5296682264366336	0.6221091275692301	0.14160335729791876	1.0
1330000	-23.770219562736067	-17.503462288667247	-6.2667572740688176	-9.485046387946758	-8.01841590072049	0.9502492764543932	0.5351912418899343	0.5741695638698099	2.817020434799904	1.3232039424931208	1.6305192352915774	1.0
1331000	-22.398803497655933	-19.353064264110564	-3.04573923354537	-10.318465798774188	-9.034598465336378	0.6313485290799615	1.3753200420732514	-0.17119671771330225	0.4621408475664997	0.9371709928511109	0.06078365589298591	1.0
1332000	-21.12480105245718	-17.980806812610176	-3.143994239847003	-8.900922778819682	-9.079884033790496	1.237934604483757	1.1702449314208234	-0.3817596875094822	-0.007847473214764478	0.5208824121357124	0.19755462827613454	1.0
1333000	-24.073900897269287	-17.818654663362807	-6.25524623390648	-9.353169906946205	-8.465484756416604	1.4912141111599895	1.232605079960019	-0.2574702536065929	1.3950888265463743	0.31528292067075725	2.216907867268992	1.0
1334000	-21.803351968809675	-18.95047495907027	-2.8528770097394065	-9.147961944394728	-9.80251301467554	1.0193372406543986	0.718233694228341	0.12607437457199985	0.029555219836822723	1.5138082993766433	0.4471585299842783	1.0
1335000	-22.87372681341376	-22.454959103657245	-0.4187677097565141	-13.262164972628453	-9.192794131028794	0.37313589600254304	1.0382453801384655	-0.12606068115122682	-0.11250974099123515	0.9778201211967934	0.04112401324651482	1.0
1336000	-23.83850484533211	-18.614835383829323	-5.223669461502785	-9.075671593807932	-9.539163790021393	1.5183088278858377	0.7515052882369555	-0.876608804852544	0.11688803724419883	0.25972600411069957	0.29953762389867483	1.0
1337000	-26.08562952212923	-19.907271380530545	-6.178358141598684	-9.261060107150128	-10.646211273380416	1.6458066331168386	1.8600898332106024	-1.2611030129018528	0.36120190929080453	0.44778912182294145	0.42715141896440006	1.0
1338000	-22.999036526615242	-19.095515199535914	-3.903521327079329	-9.504844398844437	-9.590670800691477	1.4322970148328502	0.8773492604337956	0.07733716745888422	-0.23777632977192453	0.46306072323971514	0.5484541001119233	1.0
1339000	-22.81764917096684	-19.343112299359525	-3.4745368716073126	-9.044735292931334	-10.29837700642819	1.2235128186903175	0.7617016856991945	-0.1018160458731337	-0.46097900603476805	0.9053113606819962	0.5750404462940503	1.0
1340000	-24.43222070205966	-19.351031907783856	-5.081188794275803	-10.40920598675316	-8.941825921030695	1.7064350193683224	1.3821424211966091	0.19371056545600698	0.7711119100643572	0.9067468327174948	0.14522078776242714	1.0
1341000	-22.226040567622338	-18.52744740973347	-3.6985931578888698	-8.96547887871012	-9.561968531023346	1.284365534809288	1.4931272580624921	-0.3349351856683028	0.016014990882220262	1.66352016881599	0.034753678767449885	1.0
1342000	-22.702774513499694	-18.821314172377292	-3.881460341122403	-9.226045696816973	-9.59526847556032	1.1225844736469293	1.3812043219205898	0.25701231033382677	-0.3004374090719205	0.514279966084505	0.4783383458294868	1.0
1343000	-20.86959772777886	-18.186279377012667	-2.683318350766191	-9.29186914723689	-8.894410229775778	0.9085801732819144	0.7953559559961946	0.15578001736029412	0.5286815755903471	1.2109634885984522	0.2116976014274861	1.0
1344000	-22.37417637682589	-19.328184488096447	-3.045991888729444	-8.903454268975379	-10.424730219121068	1.1953218957035296	1.7579077587068779	-0.32389687332728595	-0.1520767163627223	0.43237656085263515	0.06913108120556255	1.0
1345000	-23.654714922370488	-16.93147496727896	-6.723239955091527	-8.863529479485251	-8.06794548779371	1.3566139630215843	1.0679297282491484	-0.752914352194449	1.9053634612327222	0.3066413620080066	2.784365338466649	1.0
1346000	-22.60845209265066	-18.795255501346126	-3.8131965913045334	-9.565540801149522	-9.229714700196602	1.6047271483988546	0.7216642408600803	-0.3351258899898406	0.4670377713653128	0.696568089492578	0.4957999399531483	1.0
1347000	-21.603892831777877	-17.73787760697069	-3.8660152248071844	-9.006288348650898	-8.731589258319792	1.2913675795717097	0.9514167640260692	-0.27554286206236644	0.39529125145218547	0.3865874070679786	0.33880391712079916	1.0
1348000	-22.23901739073964	-18.769292834544572	-3.46972455619507	-8.821601167954716	-9.947691666589854	1.1260117593557075	0.7573926701027881	-0.4986670537713268	-0.20517052317070383	1.2197243512544307	0.05537215412836116	1.0
1349000	-20.98786460585876	-19.96894733421806	-1.0189172716406982	-10.388555017720194	-9.580392316497868	0.6236327640165038	1.4858075697417568	-0.03975575053979734	-0.03637150741022818	0.6427865665540173	0.04547052163908626	1.0
1350000	-21.122183732505295	-18.18773611592738	-2.9344476165779163	-9.278678349844274	-8.909057766083105	1.3377120161466047	1.2792331978525675	0.025777950443766517	0.349733991733733	1.113578418717728	0.12133058068181436	1.0
1351000	-20.654951039927898	-18.222520950428986	-2.43243008949891	-8.96829502458602	-9.254225925842968	1.166102028646899	1.2541784574455734	-0.17295788805600357	-0.12063056978681758	0.3381133618013078	0.06488114049829077	1.0
1352000	-23.410523963059426	-16.854573876539966	-6.55595008651946	-8.80409773223169	-8.050476144308275	1.1485429331193413	1.0117689857701921	-0.5447250875151777	1.3896141886123479	2.218210911557447	3.2404203104155553	1.0
1353000	-20.206252358929362	-18.833670594560743	-1.3725817643686167	-9.440700541250719	-9.392970053310023	1.4869358962078874	1.4164669980681663	-0.1340204548784396	0.012837257600147811	0.6853220625982935	0.02972812880867085	1.0
1354000	-20.745226036280997	-19.717707254514053	-1.0275187817669438	-9.44636467661593	-10.271342577898125	0.7996447254769871	0.6490374511154027	-0.23700101618194247	-0.03157974178820949	0.831736039425217	0.05465230567835445	1.0
1355000	-21.790345509966652	-17.93332488146632	-3.8570206285003326	-8.823932363291659	-9.10939251817466	1.132014226543363	1.0392109368208449	-0.4893375169134754	-0.03814995598773885	0.673561807582789	0.04052801447734921	1.0
1356000	-26.565049820779752	-18.75431930166861	-7.810730519111142	-8.915149493790315	-9.839169807878292	1.0494563521635647	0.6247124235302023	-1.8234209514014843	0.3954820352767762	0.807759854985515	0.32788779953540137	1.0
1357000	-23.97988779445683	-17.972133050849905	-6.007754743606924	-9.314621200472379	-8.657511850377528	1.312808347060211	1.297080403467992	0.11828137309486475	1.0850416674574033	1.8999035735654062	0.5089620732504075	1.0
1358000	-25.13143690985226	-17.616550982159126	-7.5148859276931335	-9.8931645089811	-7.723386473178024	1.7845821623474374	0.7697863892262342	-0.5808448936671511	3.261309870085155	1.1551065407241252	2.728050495732439	1.0
1359000	-24.044946992749818	-18.69741885834224	-5.347528134407578	-10.053763829449085	-8.643655028893155	1.0699804649524762	1.265540989708279	1.1592507122544446	0.8308284030368969	0.8610292788255117	0.5873852267175217	1.0
1360000	-22.24670973144226	-18.486091414655228	-3.760618316787033	-8.943380893620319	-9.542710521034909	1.2984218067714286	1.5449096108096239	-0.40556441364241436	0.31353654360146954	0.9142498668701914	0.07684145608710428	1.0
1361000	-19.302964509077896	-18.168772347696493	-1.134192161381402	-9.123458198005	-9.045314149691492	0.9211124434321608	1.1721498486306507	-0.2049160326073198	0.029564644125759584	1.1467839845698489	0.025223650662743416	1.0
1362000	-21.326001955007012	-18.10624630554054	-3.2197556494664714	-9.238862906981758	-8.867383398558783	1.14985682439567	1.2644574961231374	0.25455846460310294	0.37794511759759986	0.5701509773902849	0.06316500540735075	1.0
1363000	-21.648054767236513	-19.38074856698811	-2.2673062002484023	-10.155755391633758	-9.224993175354353	0.6545657522218153	0.7165043124152709	-0.2517684899376679	0.4897253741094504	1.8821758099399981	0.14909556538135468	1.0
1364000	-22.691021464844845	-17.381088675661523	-5.3099327891833195	-9.007815227723583	-8.373273447937942	1.0152091280053086	1.1971081254932987	-0.1630361796204831	1.548521647505392	1.1798918410107957	1.1930576487200253	1.0
1365000	-20.50761036401088	-18.40651720805372	-2.101093155957159	-9.643401656833888	-8.763115551219833	0.7778871712425575	1.0107124033515653	0.17319888321725369	0.3158352637920328	1.1454572471717372	0.03563725031706894	1.0
1366000	-21.50969837987401	-18.153435141627035	-3.3562632382469744	-9.44631695650328	-8.707118185123754	1.2891880703122145	1.0703147208386634	0.30901823990102495	0.3655111635166519	0.4379599980012916	0.11842076424637563	1.0
1367000	-25.125295963527496	-18.87526154631503	-6.250034417212465	-9.472048237338335	-9.403213308976698	0.830290454104617	1.2391958236953087	-1.8846368319856075	-0.28154907173695554	1.9292582657530437	1.1209246510840944	1.0
1368000	-20.25996640945329	-18.22848354273114	-2.0314828667221523	-9.042172910646837	-9.186310632084302	1.2858845940572692	0.8725871823274715	-0.20526145832720852	0.09429895995051335	1.4303506927809542	0.08343338770710532	1.0
1369000	-24.848128669431944	-19.663561714213685	-5.184566955218258	-9.443645017426867	-10.219916696786818	0.8075282074969662	1.4520263418864938	-0.1347690427625181	-0.7649151217723705	2.253556679458171	0.4606526938023315	1.0
1370000	-18.721167316367577	-18.431081796297946	-0.2900855200696326	-9.177550303269106	-9.25353149302884	0.9305103939009511	0.9292188281818622	-0.015405549253530243	-0.05672767589349892	1.1708026675767536	0.03127189770941408	1.0
1371000	-23.279982077663124	-19.07026484234624	-4.209717235316885	-9.955529329108213	-9.11473551323803	1.2949630890585384	1.11996069415601	0.7661550173836367	-0.05938108628967076	1.1720534069278457	0.20344761020963736	1.0
1372000	-21.03121093913027	-18.187864586856893	-2.8433463522733744	-9.114661150873896	-9.073203435982997	1.1710767125168653	1.0893308762731724	0.06356213421529222	-0.01963949773026724	0.3846482100600328	0.1672821511909437	1.0
1373000	-24.528691988855947	-21.78588456088292	-2.742807427973028	-9.71795206275849	-12.067932498124431	0.7384696189759016	0.5365659615780114	-0.13236625876660582	-0.6014642243824934	0.8047019939532775	0.3130107930514515	1.0
1374000	-22.942740578508666	-18.91607131049374	-4.026669268014925	-9.201119830319596	-9.714951480174143	1.1167945386316764	0.8178368218018187	0.2257899798351083	-0.20198537743865197	0.8840547837174467	1.214351526007183	1.0
1375000	-21.900806475931486	-18.65292935556994	-3.2478771203615473	-9.84171291723796	-8.811216438331979	1.703739335713981	1.0257628877298404	-0.33376784743558296	0.2583073096015849	1.0478347494960836	0.12938501584269538	1.0
1376000	-20.623169497247407	-17.686377016831887	-2.9367924804155185	-8.982165278873884	-8.704211737958003	1.11048749817512	0.961865955556331	-0.12786874404135445	0.4133426666467547	0.4820921077931332	0.10763650365287962	1.0
1377000	-22.484514179384487	-17.92235532473763	-4.5621588546468566	-9.166726875072087	-8.755628449665544	0.860433895503323	1.2817166607866683	-0.8064032395381415	0.6349401319298384	0.7987656359761621	0.29532856076494757	1.0
1378000	-19.159763107844324	-18.11039569001983	-1.0493674178244945	-9.111380263584595	-8.999015426435236	1.1645707141287702	1.2231028028166169	0.06439777693359569	0.12832877576594517	0.6918346064582221	0.02935283903508206	1.0
1379000	-21.85012534509719	-20.66309161180714	-1.1870337332900516	-10.68050607578278	-9.98258553602436	0.5829524010375127	0.6276757362363548	-0.206028175525099	0.27414898655114905	2.3887116554850687	0.04606319373263104	1.0
1380000	-21.988239817411593	-19.87830605514346	-2.1099337622681302	-10.726231113812892	-9.152074941330568	1.818035058348797	1.2326891299724534	0.13124835598802354	-0.03455866081194579	0.42346300219100075	0.054642424254350674	1.0
1381000	-22.15284385597559	-19.08788531115637	-3.064958544819218	-9.958722476296042	-9.129162834860328	1.545568742503287	0.8563288491352357	0.23931199536056535	0.1753660432764207	1.8821700246416928	0.07031504258918263	1.0
1382000	-22.68690478429493	-18.32251403657976	-4.364390747715172	-9.658199923253811	-8.664314113325952	1.6950861370569603	0.8984717466520138	-0.5422848673297634	0.5332431347661604	1.0122309168272408	0.17091360747218515	1.0
1383000	-25.291843697747133	-19.16237758093372	-6.129466116813417	-10.164579830786092	-8.997797750147626	0.7430100786794478	1.3970878372646351	0.9864797689277992	0.7090361425360631	0.5106666643093228	0.21865474374257998	1.0
1384000	-22.860339275732702	-17.78040981080447	-5.079929464928231	-9.328757794502394	-8.451652016302077	0.8259410793536118	1.0682632201999198	-1.3591059179790084	0.6959848679634053	1.5799322371329518	1.0105774732635104	1.0
1385000	-21.041442654426582	-18.84914061256544	-2.1923020418611427	-9.11955372622111	-9.729586886344329	1.1187424256128788	0.7448921227898769	0.1053808009828916	-0.0066776457581257526	2.22072532606852	0.10635809733847304	1.0
1386000	-24.16281746809174	-22.026450690471073	-2.1363667776206654	-10.086265951562968	-11.940184738908105	0.6906001707745322	0.4800841539856245	0.37231557066530174	-0.1480599969766076	0.5680212015239047	0.10109936683208384	1.0
1387000	-22.921702499210575	-17.344412411921024	-5.5772900872895494	-9.064645095394301	-8.279767316526723	1.2252403891603365	0.9528886369798032	-0.07289827472476787	0.931685514772045	0.2831030070557662	0.1959057440449429	1.0
1388000	-25.91286112619347	-19.808028109947465	-6.104833016246003	-8.937545634940896	-10.870482475006568	1.372696612776778	1.2639897433141187	-0.6110085774422463	-1.345508347171126	1.4855156354189643	1.5445271440696104	1.0
1389000	-19.887654917536377	-18.624997047554707	-1.2626578699816706	-9.539752213661727	-9.08524483389298	0.7970674986380228	1.2521307337379541	0.06700701955115948	0.06403925037023286	1.4227166558311002	0.057236760715929855	1.0
1390000	-23.266031203323468	-17.35171244372549	-5.914318759597979	-8.830761292659728	-8.520951151065763	1.1515813260415213	1.2421582678841778	-0.46842145091407245	1.650661319444676	1.311372786645711	0.9846980652419705	1.0
1391000	-27.573434470088472	-21.849690273267726	-5.723744196820746	-9.517476450429243	-12.332213822838481	1.6087538205982133	2.1869533848106664	-0.4135123253243481	-0.665561510351496	0.3185206822171198	0.12395546216417164	1.0
1392000	-21.363928756066493	-19.488317460779854	-1.8756112952866386	-9.127480242491757	-10.360837218288095	1.0546834319644005	0.5591602064507327	0.11738632928891685	0.3705463404238224	1.0446413542102881	0.06161231741336843	1.0
1393000	-21.49112112290949	-20.15395810953708	-1.3371630133724106	-9.682522339508294	-10.471435770028783	0.7678491197035067	0.6311216444438035	0.179418598973007	-0.0882978458076884	0.931779490546745	0.12116859320008652	1.0
1394000	-23.329299613094147	-19.033331140740064	-4.295968472354084	-10.07508920392839	-8.958241936811673	0.6673722633698446	0.8393822960198872	-0.9777314858859083	0.36215935893932966	1.700731530056064	0.21984640288454568	1.0
1395000	-22.717557204299226	-18.003302794406984	-4.71425440989224	-9.40140710673451	-8.601895687672473	1.4238653307555993	1.2396111267274978	-0.018876802053290814	0.8037100735137839	1.0464294389236015	0.16112906328084317	1.0
1396000	-23.447956156440473	-17.06701406044194	-6.38094209599853	-8.994590809428741	-8.072423251013198	0.9377240293465786	0.7164149378991066	-0.583551311209671	1.6932723912691532	1.2277319446474364	0.4243179162009835	1.0
1397000	-23.928102195642317	-20.463714458792467	-3.4643877368498517	-11.435335518485674	-9.028378940306794	1.9237852645315536	0.7974735822575343	0.32814351115649754	0.40241894809691875	0.6630600773525428	0.12308848891991973	1.0
1398000	-23.903973264081124	-19.616548696104644	-4.287424567976479	-10.68156568647094	-8.934983009633703	1.7594285975265045	1.2499855609336699	0.25759874746447864	0.24996788314063428	0.6239960084927487	0.621797191267346	1.0
1399000	-21.327285938276148	-18.66859721582393	-2.6586887224522195	-9.422370744037401	-9.246226471786528	1.5345757870816585	1.2344928592970335	-0.2958762875363325	-0.1317024127770024	0.5761309029316	0.036819977491475406	1.0
1400000	-25.357995052471807	-19.132334707823787	-6.225660344648018	-9.795559265960986	-9.336775441862802	1.7130466749284714	0.49778292170495986	-0.42406860537892893	1.601121675486365	1.2372209250506048	0.49214390427186194	1.0
1401000	-21.312027246971667	-17.632137370409453	-3.6798898765622132	-9.010015338990206	-8.622122031419249	1.1972595714042233	0.8334709972759997	-0.12708389117742686	0.6988500998014034	0.6390821507292082	0.31977657534833287	1.0
1402000	-24.101044342413076	-17.305212310231997	-6.795832032181076	-8.910990853455719	-8.394221456776279	1.0516315629695865	1.0420463451257775	-1.8197418480521688	2.8542642455325806	0.9606959298676672	9.785455991645028	1.0
1403000	-21.746712540049906	-19.58170428879857	-2.1650082512513347	-10.364608896170648	-9.217095392627924	0.6384121999143003	0.9647815757372585	0.3224169400829329	-0.0716002268535118	0.6122253348086079	0.12665016693274203	1.0
1404000	-24.519069386812284	-20.453652311321143	-4.065417075491142	-9.716248444064515	-10.73740386725663	0.7769602602771776	0.5285354887381054	0.3518833383293468	0.2992675357894016	0.39271406927556046	0.03265454673413714	1.0
1405000	-22.5018114365378	-18.490558697397475	-4.011252739140325	-9.662522315748696	-8.82803638164878	1.0952085616199387	0.8020476850161953	0.7795229965436861	0.5726388798662165	1.2442632954071022	0.4087547131950911	1.0
1406000	-19.88443105715723	-19.2610780313073	-0.6233530258499284	-9.364196064038692	-9.896881967268605	0.8700343652688577	0.69535816199693	0.144294386996108	0.04461801221446201	1.6389621299813435	0.04843682110716522	1.0
1407000	-22.746709909119538	-17.54970853769202	-5.197001371427517	-9.228738556457987	-8.320969981234033	1.2066776361099154	1.1008805931711552	0.18151451001223143	0.9630136593094462	0.8347286365169905	0.16824725718176106	1.0
1408000	-21.49338618313936	-19.479431631483052	-2.013954551656309	-9.978946811312433	-9.50048482017062	0.6807922035051011	0.7316038206237344	-0.42911549439984964	0.21280779156800878	1.4726845546506153	0.08886523368472687	1.0
1409000	-24.50776272138868	-20.40226484437069	-4.105497877017987	-9.560244779045979	-10.842020065324713	1.1690164568415207	0.7089356113709685	0.6029095253345358	-0.6455194899761845	0.5881068322173658	0.2950860453541876	1.0
1410000	-24.600585303178704	-19.223984097437004	-5.376601205741698	-10.710269320961311	-8.513714776475693	1.7176104597995192	0.91617244477527	0.38584200230907906	0.6712207275178579	0.7186552203841416	2.3587557823790415	1.0
1411000	-20.94762994621597	-18.46238537896921	-2.485244567246759	-9.665583535785565	-8.796801843183642	0.7558783001090547	0.9198094589104389	-0.03225176985988617	0.36846303624789845	2.2780370072259535	0.12746285952677924	1.0
1412000	-22.002592157941486	-19.305607836288985	-2.6969843216525	-10.284655373372285	-9.020952462916702	0.6556477499230792	1.0471697381706384	0.4039009733506432	0.04071453703309397	0.5523248173643726	0.04492369655177083	1.0
1413000	-21.00148229112772	-18.413040495234114	-2.5884417958936057	-9.306526919156052	-9.10651357607806	0.8557728142188143	0.9220858564930908	-0.10310364171200762	0.07900404851795437	2.3933299261499754	0.1635482198039124	1.0
1414000	-21.52041608892462	-19.749085221971193	-1.7713308669534265	-10.141166056864874	-9.607919165106317	1.6339409631959798	0.7354166003923222	0.1689128565423704	0.11657396093430666	0.9477428649370605	0.06403525426955532	1.0
1415000	-23.00848681447583	-18.325008376666815	-4.683478437809014	-9.17251834425073	-9.152490032416086	1.5286630634214866	0.7663978104803036	-0.6847439257826733	0.38397089529594547	1.8545402060561662	0.3271165708476179	1.0
1416000	-21.81898346853392	-17.73357533306649	-4.0854081354674285	-8.732181333172154	-9.001393999894338	1.1438891556831015	0.9276351181396494	-0.8367857513836718	0.16460544384032788	0.6134184490757304	0.4232650987293053	1.0
1417000	-24.04414442442386	-17.79170714641795	-6.252437278005909	-9.628304307698267	-8.16340283871968	1.785800043252731	1.036867535307334	-1.17153217010925	1.1669101072222752	1.208259056374019	0.9618542889258159	1.0
1418000	-23.30048710655751	-18.51758580598951	-4.782901300568005	-10.295936415089237	-8.221649390900271	0.6358290027093717	0.954113817421743	-0.10573221943166983	1.016366685276305	2.5114904147063744	0.2312097309111298	1.0
1419000	-21.798774557710534	-18.219467855077085	-3.579306702633449	-9.242617675219888	-8.976850179857196	1.0578839172700663	1.359327267135268	0.2970025336265326	0.5086761533281858	1.1094658613269106	0.14359128672621044	1.0
1420000	-23.423336098739128	-18.294893311063923	-5.128442787675207	-9.419797755637957	-8.875095555425965	0.8697337948888549	0.6935310916769225	0.2640959439972871	0.8869114425420557	0.5420678967451698	0.13202277996022355	1.0
1421000	-24.72207400514604	-17.970164112784197	-6.751909892361845	-9.682894014969902	-8.287270097814297	0.7357152839225529	1.0408594504461772	-0.4407253751460549	2.7181603432014936	1.5727002615331118	1.4157624715745853	1.0
1422000	-22.908026725406227	-18.000777643749416	-4.907249081656811	-8.77366146970785	-9.227116174041564	1.0662366954634697	1.2414929737232734	-0.838229624127294	-0.10536478375237934	0.3535225357829036	0.20024713343921174	1.0
1423000	-23.7267648513657	-17.24252057430496	-6.484244277060737	-8.958370990367708	-8.284149583937252	1.0207459497146323	0.8897998048767979	-0.2741182171278692	0.9844224248725377	1.3546601422179292	0.10643296213955705	1.0
1424000	-20.153798152208417	-18.586085821552288	-1.567712330656128	-9.600344268773647	-8.985741552778642	0.802743959120724	1.0348093832199463	0.27656490800825717	0.07981011216581474	0.909019488598336	0.05834497318185232	1.0
1425000	-23.41236454830393	-18.097183940955553	-5.315180607348378	-9.82175041384791	-8.27543352710764	0.7090362293650138	0.9991728509829969	-0.4077625248759567	0.930556154222575	0.4628879500922669	0.18061810853034824	1.0
1426000	-20.66338457552108	-18.257899002789635	-2.4054855727314424	-9.131949291194745	-9.125949711594892	0.9362804742608718	0.7428605438010204	-0.10464013489421242	0.48159410227284283	1.0114315022366325	0.1183711711811064	1.0
1427000	-23.22623195194725	-18.507329668847625	-4.718902283099623	-10.094168199428607	-8.41316146941902	1.7693398824944733	1.0935099268900572	-0.2778687489346525	0.7807929101019221	0.993399448043308	0.22983525226315799	1.0
1428000	-23.978933993689573	-17.625362454016376	-6.353571539673196	-9.399723689678252	-8.225638764338125	0.9283391878970801	1.0755676834152157	0.4101361536131769	2.391670342671236	0.8545102839596943	1.3410242269217236	1.0
1429000	-23.238133698575727	-19.906100394635875	-3.332033303939853	-10.306193223740603	-9.599907170895271	0.6598782535117321	1.4714216078801547	0.5389366154271176	-0.10725401552989189	0.5633268293735335	0.2002403253835775	1.0
1430000	-21.71031693689703	-21.453664043975422	-0.2566528929216072	-12.318360819398965	-9.135303224576456	0.43230352337151073	1.0078034891228351	0.0076838266662993425	-0.04140064629389187	0.8658695720633801	0.04342915969233266	1.0
1431000	-23.144096737295605	-20.43864921550906	-2.705447521786545	-10.911555157633053	-9.527094057876006	0.5595306002680149	1.1446954750268477	0.13467248789357752	-0.4250779326171476	0.5285891339969031	0.10090387296494212	1.0
1432000	-23.481912560613964	-19.535860049170324	-3.9460525114436393	-10.517958223370952	-9.01790182579937	1.92100806841006	1.3222537270680974	-0.37533299750189125	0.29530891872573417	1.0115677986479892	0.1414346116544902	1.0
1433000	-22.11290150245711	-18.360269868864876	-3.7526316335922334	-8.882506772901	-9.477763095963878	1.2175186028105884	1.4702707212348622	-0.39312764736527384	0.06141912734169652	0.2523981737474458	0.09690488594643411	1.0
1434000	-21.73125861749452	-18.144460461343648	-3.586798156150874	-8.906458152593387	-9.23800230875026	0.9770589327044901	1.102455029163166	-0.6828634855029507	-0.17412776147946118	0.873088879172656	0.18136372398792247	1.0
1435000	-22.18321415737107	-19.57109688583904	-2.6121172715320276	-10.010926724961132	-9.560170160877906	1.7198843512333897	1.4250882274310297	-0.20103076293536742	-0.1765685366156512	0.7465423649885153	0.06852112560786353	1.0
1436000	-20.341514944770285	-18.876593863547722	-1.4649210812225646	-9.87754598782338	-8.999047875724342	1.6124530605022125	1.042770930407529	-0.011319741019760854	0.06346771058386526	0.875936245594771	0.04950584183541646	1.0
1437000	-21.296395840943166	-18.62947392405154	-2.6669219168916287	-9.21973405709258	-9.409739866958958	0.8812334160959893	0.9007182660602795	-0.173550267221253	-0.13931754152800213	1.9738444896268392	0.2388374274905516	1.0
1438000	-20.810115123984	-18.061406827956105	-2.7487082960278966	-9.064275498919976	-8.997131329036128	1.303819963102263	1.0122896493071005	-0.20435722614491042	0.08185084357705401	1.7947592282832652	0.09790232000209488	1.0
1439000	-22.405346793353345	-18.69413187034344	-3.711214923009905	-8.93443016849462	-9.759701701848822	0.9914247460370211	1.5033660011133663	-0.4513772442031363	-0.21879646087771643	0.3603927141329097	0.11285567906855985	1.0
1440000	-26.456133007270715	-22.061103225180084	-4.395029782090632	-9.023867653508908	-13.037235571671175	1.3354345558622944	2.391418200742608	-0.33904082911742395	-0.24987993293788213	0.7317558156402861	0.034470702457125295	1.0
1441000	-21.019454248196116	-18.622585613144167	-2.3968686350519475	-9.378803828674453	-9.243781784469713	1.4549062323186677	1.3844783452146743	-0.12407015778418407	0.13244497136349737	0.5040431103032863	0.08809961284498587	1.0
1442000	-21.424807715390674	-18.10129901064264	-3.3235087047480336	-9.421510371973161	-8.67978863866948	0.8005031339675536	0.9341703883684598	-0.3448546748434317	0.4683961244234118	1.3534169119679642	0.5769198026716937	1.0
1443000	-25.703739364086157	-19.330908207992422	-6.372831156093735	-9.331482117542368	-9.999426090450054	1.6706781564052207	1.5616808888865354	-1.586911904278734	-0.3416775729915683	0.3427261924730287	1.1494902914630305	1.0
1444000	-23.568711669323815	-18.96921932920749	-4.599492340116325	-9.8565677513356	-9.11265157787189	1.712174633102268	1.2869505444802627	-0.3457988273309226	0.08506880740656272	0.7947423379687623	0.856018912076166	1.0
1445000	-23.081438807021264	-19.908670855563948	-3.172767951457317	-10.357181813316153	-9.551489042247796	1.6873135204998277	1.3142699544245284	0.20376716135543566	-0.3506285130058109	0.5921261686411461	0.07279980587863345	1.0
1446000	-22.293918009898373	-19.385664096690633	-2.9082539132077416	-10.330772769736184	-9.054891326954447	0.6272344432902245	1.3387052348265613	-0.38829800035177775	0.2851291651193907	0.8332111747513541	0.2451276874682313	1.0
1447000	-21.53186320734203	-21.874404269204874	0.3425410618628433	-10.500392223366104	-11.374012045838768	0.6110115957795972	0.502411600707781	0.10296500881858756	0.05121455615631114	2.168107234307602	0.040328713809287584	1.0
1448000	-26.927920066459972	-21.010249875197907	-5.917670191262064	-9.144055324883738	-11.86619455031417	1.5607537007945385	0.2612645120631724	-0.9269466479128439	2.4706224670821673	1.0733869311767013	2.893725689953489	1.0
1449000	-22.18696017977083	-18.604856792713647	-3.582103387057182	-9.517287624582877	-9.08756916813077	0.8423245969212239	1.17571833037278	0.3352310458452905	-0.012635636105156056	0.5583443215632977	0.5186138662870999	1.0
1450000	-22.51808322402992	-18.382700943286785	-4.135382280743133	-9.036519867230679	-9.346181076056105	0.9153613354385565	1.3347686466023319	-0.6211253068349122	-0.10940200450040427	0.694443017441138	0.07765496537613903	1.0
1451000	-21.81724611618146	-19.680920538959292	-2.1363255772221685	-10.565253938388935	-9.115666600570355	0.6000755430872974	1.1804566302720603	8.881158320084293e-05	-0.038818664086369456	1.2087842264648962	0.22811544179468518	1.0
1452000	-22.38455786503962	-16.969034968133762	-5.415522896905859	-9.119178480606484	-7.849856487527279	1.232640161893788	0.8473735611422547	-0.001792660093548823	1.7574352120440786	1.2263915490922157	1.5841574415666455	1.0
1453000	-25.547307346910234	-19.790036419430606	-5.757270927479627	-10.53278533285486	-9.257251086575748	2.036486277252257	0.9725542646773468	-0.8934133793098911	-0.11418599156386827	1.006433014481092	0.14205204483879352	1.0
1454000	-24.22806899631966	-19.0341153181216	-5.193953678198061	-8.790913953486408	-10.24320136463519	1.3681424823323594	0.7512743204608064	-1.2680221218122087	-0.39224215759282943	0.5591821448052529	0.5458191115730673	1.0
1455000	-21.747629066389457	-18.8485179966067	-2.8991110697827596	-9.198922159230609	-9.64959583737609	1.1161521430037287	1.404582451678411	0.22302323595385554	-0.3164156096879215	1.0481936258257538	0.04900718978989787	1.0
1456000	-24.504315673895192	-17.840855968721005	-6.663459705174186	-8.891854200778287	-8.949001767942718	1.4493999979927275	1.350420629756384	-1.2816125880497868	0.5261247128209258	0.6388428161375633	7.481826869400449	1.0
1457000	-20.708314603582156	-19.359304216505166	-1.3490103870769916	-9.85067046447202	-9.508633752033145	0.7286944838703397	0.7510154450465371	0.20311242796905848	0.14219537485050096	0.8224059807637204	0.08588878233874644	1.0
1458000	-21.454328364206845	-19.173610381013546	-2.2807179831933	-9.320042144201622	-9.853568236811924	0.8397553457500446	0.6389633749000888	-0.21296955116333816	0.3162139940723527	1.270106522003933	0.3018406187473946	1.0
1459000	-24.643773883295733	-18.33013324709652	-6.313640636199214	-10.418860511341707	-7.911272735754812	1.421505912870897	0.5807498515112203	0.863410123448408	2.6550033910861233	1.3640878149977564	3.5251122418437406	1.0
1460000	-23.1716734100404	-18.212229584206256	-4.9594438258341444	-9.106586471297907	-9.105643112908348	0.882869336209351	1.1125302615270394	-1.1399752783917503	-0.05125095205150815	0.9489358552474807	0.26603623464127646	1.0
1461000	-22.058516382118064	-18.845286605220473	-3.213229776897592	-8.863523143311744	-9.98176346190873	1.1002772806132062	1.6292898442299644	-0.39790852131532456	-0.07457077868795642	1.1404356326820995	0.10434171496282978	1.0
1462000	-20.551881813864917	-18.724804355048875	-1.8270774588160437	-9.398188864603615	-9.326615490445262	0.8547331146393485	1.2633675746163642	0.13897059460017375	-0.1854296077826219	0.5554306606093868	0.060288481497653035	1.0
1463000	-21.095648307873475	-18.37820032827874	-2.7174479795947337	-9.456992012573739	-8.921208315705002	0.8487351350358383	1.294119222218458	0.24022044475713578	0.3699608902361867	0.796895416404598	0.07247132887271417	1.0
1464000	-23.26595950354176	-16.557276283515364	-6.708683220026398	-8.795905962115341	-7.761370321400021	1.2495396323574315	0.900234018603234	-0.6628071189484681	2.2898953641822057	0.4619539031470088	1.4470874155618185	1.0
1465000	-26.334093932652387	-19.2812785007483	-7.052815431904088	-9.82138633123412	-9.459892169514182	1.7376279698985155	0.6966072718050937	-0.48489391967065876	0.3730246973303302	2.949873173189995	0.0632569387254618	1.0
1466000	-29.765525883931033	-24.501444054302254	-5.264081829628779	-10.662271949600045	-13.839172104702207	0.8822553239602499	0.3695213544843305	1.7608918359315977	-0.307678607793744	0.5693464487338368	1.0185637313326603	1.0
1467000	-25.682388010867523	-18.15650449219517	-7.525883518672352	-8.842380416504561	-9.31412407569061	1.379232496076843	1.3594980214773096	-0.9268635825299387	2.2038924249965515	0.22122155107695857	3.4119288588595658	1.0
1468000	-21.435057671766494	-19.12203280039435	-2.313024871372144	-9.11627136516808	-10.005761435226272	0.905905125245943	0.6184638677855581	-0.3359254497941257	0.3023493640434216	0.7233380731687324	0.11446536924326185	1.0
1469000	-21.432354083624848	-19.778107947146136	-1.6542461364787124	-10.740696884006125	-9.037411063140011	0.5825976013752471	0.9536811457725918	0.2534564270683689	0.09865285211573915	1.6841365859259165	0.1350148715482612	1.0
1470000	-20.333008794793354	-18.558973718351304	-1.774035076442049	-8.99300596515206	-9.565967753199242	1.1694901187971198	0.8458363945606272	-0.13082420982908716	-0.15478771112592915	0.7078557216624835	0.08980461774805983	1.0
1471000	-23.065852487591037	-18.284994827832115	-4.780857659758922	-9.999846601601448	-8.285148226230666	0.6984950268463763	1.0413527639222024	0.22481913573805334	0.9380438379836358	0.3582562383243994	0.6055209317015938	1.0
1472000	-22.662028000648995	-17.33234905879533	-5.329678941853664	-9.226898160120633	-8.105450898674695	1.2981935771731796	0.8023079763255417	0.037052244458270156	1.3873561159976218	1.5311877665802835	0.569869106584575	1.0
1473000	-23.454106841391088	-19.468264588919503	-3.985842252471583	-9.32486985514301	-10.143394733776493	1.2151840988254963	1.732409991541917	0.2886115541483089	0.4183337989129024	1.0875213166361428	0.07735823570287728	1.0
1474000	-26.292553033340205	-18.450151906552094	-7.842401126788112	-9.780594724026383	-8.669557182525711	1.135168705112915	0.5766817055553644	0.8534930161476472	1.6807633532854458	1.5833929913840168	0.3347549023732033	1.0
1475000	-20.470396075495064	-18.14016804154195	-2.330228033953113	-9.139518571051305	-9.000649470490647	1.1872953922086564	1.114147992505189	0.08356824508956823	0.0528928198730719	0.5784253544787298	0.1396270535885112	1.0
1476000	-19.55175788973339	-18.180524916069004	-1.3712329736643887	-9.269813903499957	-8.910711012569045	0.9021138783286412	1.1286986088736035	0.08132771216599971	0.1519195412166496	1.8054191296242463	0.033589871976488966	1.0
1477000	-19.99475704227149	-18.54204570121647	-1.4527113410550203	-9.480789438219343	-9.061256262997126	0.830660017153769	1.0108303519248776	0.18602453356326942	0.023235186586590073	1.4031698215097312	0.08149137524258222	1.0
1478000	-20.89582416314943	-18.513875583660564	-2.381948579488868	-9.601985453141266	-8.9118901305193	1.539680460380188	1.0078372520020928	-0.09319652258485817	0.166593186488724	1.4701445481117408	0.0670648416444301	1.0
1479000	-20.443500920163448	-19.256049563987656	-1.1874513561757936	-10.12342738273789	-9.132622181249765	0.6603265329456043	1.0752506911864712	-0.21582917376857555	-0.07315156617046266	1.6115162450743996	0.04827132002363779	1.0
1480000	-20.400151548111072	-18.507087669964967	-1.8930638781461049	-9.302021111111655	-9.205066558853312	0.8674929460833957	1.011705148935416	-0.027678106683592496	-0.10570723308828245	0.6720902249170081	0.12888294307528425	1.0
1481000	-20.507898252027672	-18.315492797138088	-2.1924054548895837	-9.40939118833389	-8.906101608804198	0.816990863381851	0.8439291885573743	-0.14481441703639963	0.3997160003408609	1.3726712786787634	0.058280852726103394	1.0
1482000	-22.80659394130935	-17.628375260800432	-5.178218680508918	-9.038145689964855	-8.590229570835577	1.4246668658110466	0.6928657456504471	-0.5622403981541637	1.1685895208472707	1.038792358748344	0.38921107622577045	1.0
1483000	-24.048061178176756	-22.93396347712701	-1.1140977010497477	-9.552216797627628	-13.38174667949938	1.40455458246352	0.3669520912283485	0.19035821967696548	-0.011187247418710161	2.0733432490004557	0.027013475765211212	1.0
1484000	-21.77730182145849	-18.927633234445928	-2.8496685870125638	-9.012041929343011	-9.915591305102916	1.198862437445661	0.5973098745246855	-0.12539883930573342	0.47910607869844624	1.1658076012196068	0.3101121029841486	1.0
1485000	-21.055247737237917	-18.06748688819477	-2.987760849043144	-9.425246620532418	-8.642240267662356	0.8220571546749049	1.13292831638931	-0.035777125863783676	0.4816849162697246	1.7430155476892675	0.12459312392608839	1.0
1486000	-21.445908320524843	-17.97173013479206	-3.4741781857327805	-9.009234114142547	-8.962496020649514	0.9798008780036621	0.8061262398687172	-0.26072596293448314	0.4382681008169653	1.3350473330726365	0.04403806570146442	1.0
1487000	-22.167488256051794	-18.110338499571757	-4.057149756480037	-8.969272491896383	-9.141066007675374	0.9497652649046956	0.7780830280426448	-0.5943738822954152	0.3589728348924187	0.4928795909217031	0.11303317376091859	1.0
1488000	-21.163828423794538	-17.41382266661909	-3.7500057571754475	-8.852768306066036	-8.561054360553053	1.1651152133607152	1.0312094623333043	-0.41590019908070563	0.5391138155299237	1.3584839139738913	0.25086401444216283	1.0
1489000	-21.93942267609085	-19.184120495039764	-2.7553021810510856	-9.916384105447928	-9.267736389591835	1.657898474853866	0.9018516471333757	-0.10484127226221795	-0.026166914363356872	0.29487708313501837	0.09628789810270275	1.0
1490000	-20.424709904852737	-17.949971042426412	-2.474738862426325	-9.190121743024987	-8.759849299401427	0.9113925289375678	1.049133240230884	-0.07002833259460503	0.3063354680513392	1.1061350405709418	0.20877776743962212	1.0
1491000	-20.055842789404938	-18.391936576595008	-1.6639062128099302	-9.277078172758513	-9.114858403836497	0.8663226261951473	1.3536149528628092	-0.10905944741906341	0.23562461414721098	0.8825864814112546	0.03803427981354591	1.0
1492000	-21.988814732888006	-18.25739405183272	-3.7314206810552863	-9.062149271176006	-9.195244780656713	0.9248515901630946	1.2700690868527083	-0.3901350685879367	-0.03795659311365973	0.2531390885354334	0.1423748552364783	1.0
1493000	-19.937698738257705	-18.363712717992794	-1.5739860202649125	-8.919208658515762	-9.444504059477032	1.0918718090445294	0.7902256005909134	-0.26589998065707343	0.07613464492183361	1.0172290588086381	0.06510442678769321	1.0
1494000	-20.804696198741873	-17.844207853471847	-2.960488345270025	-9.14599274221968	-8.698215111252168	0.9370518795055097	0.8405907532008394	-0.06582580428016829	0.6060535657740866	1.3694014229377913	0.18405663418055765	1.0
1495000	-22.813710869440083	-18.918958345123748	-3.8947525243163343	-10.349356787027126	-8.569601558096624	0.6353841156748872	1.1046963633205515	0.180496731622231	0.5555968941869908	1.321150893315421	1.1867117764246313	1.0
1496000	-21.771541528649568	-18.99766865263975	-2.7738728760098184	-9.554275407306237	-9.443393245333512	1.355684716357624	1.4509530006764355	0.295316925663299	0.04633037434569827	0.46067770856704254	0.025172320790680665	1.0
1497000	-24.08576234814302	-16.739787239674815	-7.345975108468204	-8.837736810530103	-7.902050429144711	1.0023462474824363	0.6524009389868884	-1.0043615517776274	2.2381402665317065	0.8953567766464678	0.7304150217324854	1.0
1498000	-21.143161297013116	-18.16336215855959	-2.9797991384535245	-9.361356364519356	-8.802005794040234	1.144636919428058	0.9559399793604272	0.41135733550285625	0.31919317104721606	0.9038301395998903	0.10361541971546594	1.0
1499000	-21.684564060046743	-19.702290673470557	-1.982273386576186	-10.363430134693067	-9.338860538777489	0.6233734117382077	0.8537966631086144	-0.29783515784951664	0.006320153493223568	1.5398475903711037	0.23283362797872495	1.0
1500000	-20.888426279640967	-18.535856960860027	-2.35256931878094	-9.070091267780867	-9.46576569307916	1.20127536668289	1.0063800834577645	-0.03463762338106627	-0.31785842493665956	1.312982447413076	0.09013791803308921	1.0
1501000	-23.679703355400786	-20.277894363948214	-3.4018089914525715	-11.178128291006423	-9.099766072941792	1.9633879016739428	1.3148247095629655	0.048258698277950464	0.15698030197191482	1.390907871200413	0.08207146130578882	1.0
1502000	-24.608574216045902	-19.920560889334816	-4.688013326711086	-9.28493011565057	-10.635630773684248	1.1453385293729574	1.631595326217695	0.317543152874619	-0.8047659001183682	0.45852286592445274	0.38208969478209515	1.0
1503000	-19.786711674557136	-18.303129969961397	-1.4835817045957405	-9.24129538638629	-9.061834583575106	1.2797295650442668	1.240138471679202	0.08823966944183725	0.07556643903481106	0.6362490722614552	0.04993516024768393	1.0
1504000	-21.344365834741602	-18.411450822299543	-2.93291501244206	-9.556192233285131	-8.855258589014413	1.5369723582909685	0.9278253035060141	-0.13738669167319972	0.3007333139976438	0.5185140358213473	0.024874536370862663	1.0
1505000	-21.83940748384023	-18.867845558328156	-2.971561925512072	-9.067319943124495	-9.80052561520366	1.0331818843093672	1.5369974202935117	-0.007739751743848083	-0.17017880537142666	0.9099328776010605	0.23316551473729152	1.0
1506000	-23.842582536855055	-18.22283769679624	-5.619744840058813	-9.483903831619367	-8.738933865176872	1.719156163956668	1.2086431292084987	-1.0320489302681564	0.4535955317896483	1.1667091730512757	0.3986156983490711	1.0
1507000	-23.934083852058283	-18.378063824364553	-5.55602002769373	-10.364743523541614	-8.013320300822937	0.6563360714554312	0.807857551196429	0.6428889443491463	1.5132177505068496	2.694771235087752	4.188962781260255	1.0
1508000	-21.281571502748644	-17.888430879438776	-3.393140623309869	-9.193276535991851	-8.695154343446925	1.2727465011873003	0.9239304280813839	0.03801212899808742	0.46520197073810365	0.8118704456739461	0.04391297514304907	1.0
1509000	-22.15044781592296	-18.719165060510953	-3.4312827554120062	-9.535578509903422	-9.18358655060753	0.9234478405794974	0.6936325806949903	0.6090345259734655	0.6122194566342436	1.1529042266629483	0.3661481737648653	1.0
1510000	-21.27307146421457	-18.80511516675239	-2.4679562974621807	-9.727523226140706	-9.077591940611685	1.4339936772567332	1.2163066540497594	0.2956189096572309	0.030391068684356815	1.127713739104036	0.04682359264064789	1.0
1511000	-23.003298235572974	-17.898176250337833	-5.10512198523514	-8.784007776168517	-9.114168474169318	1.3432425783796986	1.3739760585082461	-1.0258153090781155	0.30418147263097983	0.8255206818299644	0.3235986143972428	1.0
1512000	-23.450662712931422	-18.391908102784047	-5.058754610147376	-8.776148106301498	-9.615759996482549	1.1037668421069475	1.3787809241121163	-0.6847776021215064	-0.3253727989079406	1.0925448326913172	0.09433590161714919	1.0
1513000	-24.052742833771582	-16.738087621358808	-7.314655212412772	-9.074151969313244	-7.663935652045563	1.010907589909309	0.5718218499670429	-0.025397726869295312	3.6524945573137986	2.10048367963767	2.4250161299576605	1.0
1514000	-20.91111656238106	-18.37264820570982	-2.5384683566712423	-9.04457243100742	-9.328075774702398	1.2462840915903726	0.8521693331907528	-0.1345458383765587	0.018482948957272788	0.6158229086808439	0.20043053644374528	1.0
1515000	-21.49017529235654	-19.223275311886553	-2.2668999804699848	-9.387096397447438	-9.836178914439113	1.2325215285856874	0.7557923128137951	0.33557691090629765	-0.11977476320702467	0.7380846265999683	0.04099984173364224	1.0
1516000	-20.327233772851926	-18.234972526282306	-2.0922612465696204	-9.287375316162588	-8.947597210119717	0.9228568081014897	1.0586801412998255	0.194935423425239	0.1084281493715237	1.6574015642346565	0.10466230381594532	1.0
1517000	-21.872223154695885	-18.895413044530308	-2.976810110165578	-9.990909643340265	-8.904503401190043	1.7149404439561582	1.2403902176471429	-0.2058987672743836	0.274246477888929	0.5610309478942411	0.10944377593524313	1.0
1518000	-23.3194759009028	-18.807222152592566	-4.512253748310232	-9.317087742947079	-9.490134409645485	0.8276714364995998	1.5135673596684676	-0.39835444372879675	0.23224258794459707	0.3843067498191608	0.7569547030221302	1.0
1519000	-21.330568751086822	-18.70509316914439	-2.6254755819424314	-9.245276671795434	-9.459816497348955	1.2491921221043172	0.9808892262190986	0.14299879770708313	-0.2884982408957286	0.7618215475772414	0.1728516835924096	1.0
1520000	-19.89527587390328	-19.312292435709605	-0.582983438193676	-10.126312844429439	-9.185979591280166	0.6629744151393602	0.9343617068722401	-0.08066618937122849	-0.006980868573467913	1.041796513954177	0.05521824383243483	1.0
1521000	-21.29096539392231	-18.298819778225575	-2.9921456156967356	-8.978456578393693	-9.320363199831881	1.3023827337383527	1.3112905998731699	-0.34717171279755904	-0.11830500711661585	0.43494707767212737	0.0944291244669003	1.0
1522000	-20.745760928767503	-18.7679301890504	-1.9778307397171044	-9.335332229352424	-9.432597959697976	1.4139630480857133	0.9163342021932723	-0.07455425654112555	-0.18278396162840155	0.576093757731494	0.07756038523118675	1.0
1523000	-23.455631466453077	-18.763415146245432	-4.6922163202076455	-9.361284536879019	-9.402130609366413	1.5206489854977852	1.4585744617666305	-0.33578351640323345	0.13785623431068403	0.12687081981393658	0.09732778244084708	1.0
1524000	-20.837588556357705	-17.885472259728857	-2.9521162966288483	-9.206199617345412	-8.679272642383443	1.3280813571038979	0.9674728026056748	-0.04779539949405276	0.43472249723159406	0.752375751038858	0.180606426003768	1.0
1525000	-24.778650772316386	-18.731506665379246	-6.047144106937139	-9.571769652893128	-9.159737012486119	0.7862751295186262	1.4602947964632034	-1.6648624413588093	1.0615192039407209	0.6886813229378655	1.0369214453395805	1.0
1526000	-22.78481275342485	-18.00219902209555	-4.782613731329299	-9.772790621670284	-8.229408400425266	0.9282789745076904	0.7577649323177573	0.9202334021760592	1.3432653479130188	1.2155354106611416	1.216472107111514	1.0
1527000	-22.12684399591466	-18.688791648732625	-3.4380523471820323	-9.153842542896722	-9.534949105835905	1.414913376116164	1.2223131211672476	-0.3281023171156929	-0.41115242886539694	0.8209993292338151	0.16878817777368366	1.0
1528000	-21.280453066036873	-19.268175956909747	-2.012277109127126	-9.265638544271972	-10.002537412637775	1.4267069431638661	1.6647301450325815	-0.19698353405910124	0.08886576472057782	0.5122642699408698	0.027009643678223637	1.0
1529000	-20.26349339299275	-18.542247458664228	-1.7212459343285202	-9.256501478958722	-9.285745979705505	0.9861562799514493	0.8189821400336228	0.27193080194061375	0.12879502118309857	1.6289781058097381	0.05374104855045012	1.0
1530000	-23.942674430583235	-16.79223799397856	-7.150436436604674	-9.039907434141234	-7.752330559837324	1.4835604157992106	0.6113976201048014	-1.825477762743793	2.7870872318257125	1.0357767775860278	2.3555598876668027	1.0
1531000	-21.120491815729107	-18.736140227702226	-2.3843515880268797	-9.450723247336533	-9.285416980365692	1.3991722673395712	1.4359212399193675	0.09455718506926869	0.24666303503201004	0.725010184997012	0.07121005147027744	1.0
1532000	-21.915836072482456	-18.575940019040473	-3.339896053441984	-9.500950875004058	-9.074989144036415	0.9097553464876917	0.9859328686696831	0.5324565279065517	0.03104444885921946	0.49566897763792084	0.09223616492167117	1.0
1533000	-19.41044285048584	-18.41892157095156	-0.9915212795342798	-9.239747654214842	-9.179173916736719	1.2508842384748224	0.9144451939714745	0.13342579911194258	0.027882421329207457	0.9295471855932774	0.03903805278840784	1.0
1534000	-23.687479278243288	-17.224353309706423	-6.463125968536863	-9.221297589271483	-8.00305572043494	0.870502804902976	0.7550552976482493	-0.261195848927503	1.6655151419375702	0.3422853380671357	0.5724512083294602	1.0
1535000	-21.702349913622484	-18.92842710029517	-2.7739228133273133	-8.99816843620819	-9.930258664086981	1.113152624310526	1.6333512127953151	-0.09763043910275444	0.03796286755408956	1.1009787844712595	0.14466678599882726	1.0
1536000	-23.112177072348135	-18.269521424349733	-4.842655647998402	-8.915350463732098	-9.354170960617637	1.0064675684206323	0.7158925465702303	-0.45139589064621055	0.3852784571593204	0.8962021341298256	0.03932643190718447	1.0
1537000	-23.944264659732575	-18.880053612817367	-5.06421104691521	-9.714488414384764	-9.165565198432603	1.09327042291849	1.4018535957549156	0.8324055150292355	0.3216491336169273	0.3089236552593274	0.31827943541454146	1.0
1538000	-21.809264984961324	-17.532506882598206	-4.27675810236312	-9.166623522402315	-8.365883360195893	1.404070397099328	1.0471079573544007	-0.2792835401771554	0.8109221237323541	0.678767770777064	0.3579464507256885	1.0
1539000	-21.205565660939495	-19.119796853804367	-2.085768807135128	-9.684995149441495	-9.434801704362872	1.4937895139829231	0.8127857701953932	0.11434983767190243	0.024447604433522174	0.8840627592478929	0.12329562312713849	1.0
1540000	-23.180593289803166	-19.39622965093044	-3.7843636388727253	-10.180217493955105	-9.216012156975335	1.5555115169826357	1.2083932877804746	0.39718562581855255	-0.1222404063968941	0.9316878955248467	0.3655543658833965	1.0
1541000	-20.578605449776845	-17.744047493918792	-2.8345579558580525	-8.939092839045	-8.804954654873791	1.2413200465088952	0.9277072832579555	-0.3104894971346801	0.349757136818066	0.7457735112570792	0.09869309588449533	1.0
1542000	-21.920746149236066	-18.134617402447546	-3.7861287467885205	-8.990479576598467	-9.144137825849077	1.353809621876536	0.7886756297514573	-0.44527174641323236	0.3262440636938223	0.5198276532572437	0.06948020647209434	1.0
1543000	-20.883717082284786	-18.787150037625832	-2.0965670446589555	-9.666858491290693	-9.120291546335139	1.4692388456264467	1.1958857518101875	0.15633034393918444	-0.0332495238794846	1.1977132947462248	0.062162444607221305	1.0
1544000	-22.042189510562526	-17.255788512276826	-4.786400998285699	-8.942066278778414	-8.313722233498412	0.9715801043439223	0.8435480134270928	-0.5399887255336758	1.0233924351413222	0.609906681672376	0.3540416792012716	1.0
1545000	-22.337427789394642	-18.187887405215527	-4.149540384179114	-9.40861717834824	-8.779270226867286	0.7935112836462097	1.1004833245033894	-0.6908414314496708	0.2889032615390569	2.179745906250446	0.23917215318386495	1.0
1546000	-21.639681533403497	-17.792094936094728	-3.84758659730877	-8.92721921440854	-8.864875721686188	1.09644878361658	0.8385498886624665	-0.2450725216292874	0.4497660623065288	1.6507764994573793	0.6890681840355308	1.0
1547000	-21.698519386179214	-19.269045133914496	-2.4294742522647184	-10.147576054833124	-9.121469079081372	0.6581298136762661	1.2461625650913741	-0.1359066952293861	0.014468638630723563	1.5823796071557767	0.21272321813054854	1.0
1548000	-20.49059153290456	-18.295609288707638	-2.1949822441969222	-9.27591134217727	-9.019697946530366	1.4018452345980967	1.01671618419839	-0.1207119335197631	0.05774836952811524	0.42713962448791426	0.08335408871347194	1.0
1549000	-21.405917244508757	-18.878428181971252	-2.527489062537505	-9.368186839027508	-9.510241342943743	0.816685271428101	0.8578705968800089	-0.32395763493809554	-0.137570344402957	0.4541900922817072	0.03856927344192671	1.0
1550000	-25.356648792161025	-20.663344478857017	-4.693304313304008	-10.249629932266043	-10.413714546590974	0.7100689309265437	1.8017057360718476	0.9309033207268403	0.3584768245356251	0.9497158252529352	0.7298044630963532	1.0
1551000	-26.139330648242392	-21.67004055578921	-4.469290092453181	-10.217165012114105	-11.452875543675106	0.6588380707961249	0.5257727308721278	-1.4333215663228995	-0.15567717860168584	1.23427025672602	0.4248697773788622	1.0
1552000	-23.379509205263858	-20.666095272852747	-2.7134139324111124	-11.18870153880118	-9.477393734051567	0.5277951150616197	1.1127599568784516	-0.03986825915771558	-0.381804260887773	1.2072470790682845	0.4018432366735944	1.0
1553000	-21.70013280752664	-18.468465808289785	-3.231666999236853	-9.502606957098061	-8.965858851191726	1.4035429472142067	0.9601506857369425	0.14089883641408557	0.15690871650354693	0.6165536550420442	0.333736855005064	1.0
1554000	-21.599134203449033	-18.985313065058868	-2.613821138390163	-9.314534650572961	-9.670778414485909	1.0592003148997624	0.8189720927480233	0.39707653100947315	-0.17190954046226356	1.5283681608540627	0.16050752612794317	1.0
1555000	-20.269797831053065	-17.851341668304883	-2.4184561627481815	-9.022681454836935	-8.82866021346795	1.2959868162741244	1.0515757358083793	-0.25665392094674133	0.2319114711005909	0.8941796443038464	0.09025187589327757	1.0
1556000	-22.337293069029585	-18.000126153216407	-4.337166915813178	-8.735032738197491	-9.265093415018917	1.2164655106332258	0.8403992649485095	-0.837185002649949	0.0955556594161473	0.7263736325916753	0.16273527758109935	1.0
1557000	-24.44309082152845	-19.325093998221064	-5.117996823307385	-9.856690151072762	-9.468403847148302	1.3449070184808938	1.4559028608679732	0.5931548211673103	0.026005995466663934	0.17905278123606672	0.12269331489882365	1.0
1558000	-19.841980711746903	-19.08980740353573	-0.7521733082111732	-10.146213145313792	-8.943594258221939	0.6620045763409556	1.1516760529718713	-0.0008598634167305552	0.12725369502319872	0.6200963968273078	0.032989469252137596	1.0
1559000	-19.574283846452648	-18.443745012900017	-1.130538833552632	-9.287862430005447	-9.15588258289457	0.8959071204016251	0.8360451291956817	0.09497332101773809	0.19667241334377258	0.8545149286279505	0.05162539816785662	1.0
1560000	-20.762056981330545	-18.45274648132959	-2.3093105000009544	-9.153033641270037	-9.299712840059554	1.1168270102490883	1.3775695542383004	0.1566088823857231	0.035814951578191395	0.36563662674639386	0.07191405377182114	1.0
1561000	-21.65050236466445	-17.560874640712875	-4.089627723951576	-9.026553295989851	-8.534321344723026	1.1585537705115994	1.0558228332654536	-0.06512186983693896	0.5756867734841825	1.8225969623551581	0.09455406227624956	1.0
1562000	-23.003740529410262	-20.44792406122921	-2.5558164681810527	-8.984278480885694	-11.463645580343513	1.019400994581086	0.5765081421208887	-0.2108195244374978	-0.4594346514234654	1.9340744336649738	0.1127300863382413	1.0
1563000	-22.109750246940507	-18.566483311346303	-3.543266935594202	-9.147480733451946	-9.419002577894357	1.4410368155022208	1.1721371073086726	-0.4140225504572501	-0.3293709607678674	0.7061473510258575	0.08736465970603592	1.0
1564000	-21.27762194080209	-18.20893194666035	-3.0686899941417387	-9.165785567529033	-9.043146379131315	1.2245311747896688	0.9569639572914443	0.07478438194845649	0.08966549414354674	0.9862518334539788	0.3804912027130879	1.0
1565000	-21.937166528270744	-18.448169223016592	-3.488997305254151	-9.116989627959532	-9.331179595057062	0.9070885967087625	0.765830196611562	-0.32338017052302326	0.23728067854796586	0.2531441325577545	0.08244613591292965	1.0
1566000	-21.90283240245806	-18.76522723968945	-3.1376051627686072	-9.407576708675046	-9.357650531014405	1.1336505203148857	0.9631978391072828	0.4749148619776147	-0.18669608057995118	0.6279422755600963	0.08740458104473223	1.0
1567000	-24.71734168087297	-17.90071279245786	-6.81662888841511	-8.91863068534065	-8.982082107117208	1.4525570847436786	1.1470581853451753	-1.5535975106879585	0.08298029801892973	1.7748461774257096	3.0515620362485243	1.0
1568000	-20.952226624981208	-18.45973581586817	-2.4924908091130358	-9.307322222955854	-9.152413592912318	1.041310905526094	0.8263201475665886	0.38624755649930054	0.22223554744354995	0.7860460610216944	0.08398638006330854	1.0
1569000	-23.291124594486497	-19.1957043502159	-4.095420244270597	-9.704514152067642	-9.49119019814826	1.1959936655507633	1.100187238620759	0.7078246959918574	-0.3905555809990984	1.163710809761377	0.36922732646585804	1.0
1570000	-22.693566385676036	-18.18961903123993	-4.503947354436109	-9.358735382246035	-8.830883648993895	0.8249149173254963	1.213835333351307	-0.24271488781734554	0.330080851542641	3.101539570854011	0.13043721865892938	1.0
1571000	-26.20999197379675	-21.458315892025926	-4.751676081770824	-11.078563808091797	-10.379752083934129	1.670692220659247	0.6694366151644903	0.7328581747212856	-0.1932394522365457	0.824328881527967	0.09848767061694758	1.0
1572000	-21.415946957979795	-18.40719100650734	-3.0087559514724544	-9.426223433642862	-8.980967572864479	0.823290516396478	0.8312322960197762	-0.02084363456013172	0.36021547179662944	0.30100536530391303	0.059929010899119825	1.0
1573000	-21.919319343597635	-17.77204001871396	-4.147279324883676	-9.408518552705557	-8.3635214660084	0.8001937416817815	1.1068536862458092	-0.43024441137245517	0.8911019906984698	0.808817065052779	0.35584240511835946	1.0
1574000	-23.053974698315088	-18.710113767616605	-4.343860930698484	-9.475727526304881	-9.234386241311721	1.074581131265038	1.2141703958600054	0.5926841843071899	-0.13643650931378926	0.3237529642394742	0.37284554783546997	1.0
1575000	-23.052299284621366	-18.98891384049519	-4.063385444126176	-9.37982393525554	-9.60908990523965	1.0765915683534755	1.4019050578815448	0.47741810060222634	-0.2786196654854477	1.0477948434141204	0.5825579953813493	1.0
1576000	-23.065244788340234	-18.85953421932787	-4.205710569012363	-9.828876523704597	-9.03065769562327	0.8147477423864562	1.371777847475911	0.7721002040601928	0.45344217138156817	1.177730565517949	0.5264635697115496	1.0
1577000	-19.296094706913042	-18.809560464758157	-0.48653424215488617	-9.744953260806907	-9.06460720395125	0.7359654604960105	1.0733625649543124	-0.06187773541187214	-0.008910427803747067	1.7880238727829592	0.03055598345430558	1.0
1578000	-21.450718930304948	-18.233070869029675	-3.2176480612752743	-9.461523450985778	-8.771547418043896	1.3293514928369687	0.9685497794379012	0.25151114464411706	0.337457260230723	0.6414738949928778	0.26962195896641056	1.0
1579000	-21.702821018949866	-17.932433845880375	-3.7703871730694893	-9.24450361440516	-8.687930231475217	0.9769948242162803	0.9184286356298378	0.238588663733195	0.4799602792037683	1.3838856185352975	0.04792214074269513	1.0
1580000	-25.335764534684134	-20.18437927248084	-5.151385262203296	-8.814719735368387	-11.369659537112451	1.0689452826106884	0.6672010400099443	-0.6080736419511421	-0.8171495151245012	1.6134744801081407	0.1558873201557106	1.0
1581000	-23.5052848480782	-19.40643993954756	-4.09884490853064	-10.586179726541925	-8.820260213005634	1.934642553478439	1.0559189424734092	-0.3560558400002247	0.24002592748130785	0.47421495438943384	0.03360063965279247	1.0
1582000	-21.36206861954314	-19.43504521276794	-1.9270234067752035	-9.219924896136057	-10.215120316631882	1.1227667663794345	0.7042210583595157	0.24857388305604086	-0.21487459210987953	1.0031701995745708	0.031204064875210377	1.0
1583000	-23.135509467600045	-21.967079989817865	-1.1684294777821813	-9.228942068753167	-12.738137921064698	1.314323511797969	0.4235583755464188	0.009296563110253842	-0.17961246366212524	0.5293178386948212	0.0368714102513924	1.0
1584000	-21.394127894053483	-18.05623617301785	-3.337891721035633	-9.135350559068861	-8.920885613948991	0.8862357878606338	0.9889153233612931	-0.45661336242278777	0.17187526290718522	1.4252682070303813	0.04520973368670732	1.0
1585000	-25.55606768559658	-18.71956320233761	-6.8365044832589685	-9.749158357489904	-8.970404844847709	1.0234657667161957	0.997738366911693	0.9090258055398959	0.1175835861643435	1.3294769107320865	0.07718263252103634	1.0
1586000	-21.841411149160358	-17.823202733130742	-4.0182084160296165	-9.397445290788689	-8.425757442342054	0.8556248309620222	0.7941263704135059	0.1424580244250604	1.0057453115377117	1.4651174994738123	0.29537152778586157	1.0
1587000	-24.42444504997048	-17.702249158529586	-6.722195891440894	-9.299253857210935	-8.40299530131865	1.5946932981738917	0.7981292927406383	-0.7214247012861745	1.0210633220745695	0.9167410151717262	0.18616334729599676	1.0
1588000	-22.08994931024372	-18.67419384983136	-3.4157554604123592	-9.424039784433436	-9.250154065397927	0.8019167637800468	0.8586775063191872	-0.30433365316682925	0.0686464862181897	1.0367966917797982	0.8809160802355465	1.0
1589000	-23.24549616313081	-19.582310227692616	-3.6631859354381926	-9.06861415170958	-10.513696075983036	0.91179012368113	1.7856973653916142	-0.4843120983208112	-0.14584765671152256	0.414242297781119	0.13561887358703675	1.0
1590000	-20.684516096033303	-18.307703650063935	-2.376812445969366	-9.380100112552897	-8.927603537511036	0.831120457793013	1.165588316544278	-0.09207976941342244	0.15446054925032246	0.8717960585749824	0.21170553204879236	1.0
1591000	-24.766180754123035	-21.861291627698527	-2.904889126424509	-9.113636512282794	-12.747655115415736	0.8790165112581689	0.4152646623440708	-0.770708049931775	-0.11088004306982069	1.790754207657389	0.1968894168065082	1.0
1592000	-24.36901181374514	-18.289626169119316	-6.079385644625823	-8.72500796492564	-9.564618204193676	1.105514512000366	1.5575862435410883	-1.1195663234302105	0.3562542558150812	1.3696110142294529	0.2741990107135231	1.0
1593000	-21.17214872761003	-18.022115379340047	-3.1500333482699827	-8.866868196544072	-9.155247182795975	1.218347717430384	1.2682458047110567	-0.4291281608812247	0.0049129507436803665	0.648493202605366	0.19349366672804524	1.0
1594000	-22.081420320107675	-17.76766789432526	-4.313752425782416	-9.321739659780537	-8.445928234544724	1.2895066336922405	1.1342752520766242	0.16918982709006647	0.7924946175842211	1.1049832281541	0.547484768888005	1.0
1595000	-23.604599013984068	-20.04370178821482	-3.5608972257692493	-10.266016157644907	-9.777685630569913	1.6189035581634577	0.9140554075379053	0.30891337484196707	-0.4404646279140879	1.1383389826566392	0.18826885675423616	1.0
1596000	-24.452204297139037	-18.042441716152304	-6.409762580986733	-8.74182263151918	-9.300619084633125	1.184080316997571	1.4996036639923012	-0.7752339257389055	1.0674025218427494	1.7825360407877664	1.3481868076940906	1.0
1597000	-21.360077626207975	-18.579558099391317	-2.7805195268166574	-9.549608204340302	-9.029949895051015	0.83616278496408	0.8396272996914743	0.3701007698467855	0.29757823866019795	0.7542925129268991	0.27294703835991213	1.0
1598000	-22.318748031646237	-19.799082942144345	-2.519665089501893	-9.837974057507399	-9.961108884636948	0.7158051064975519	0.8056756264226272	-0.07334245834508474	-0.34953877269753886	1.6327836371806665	0.36999573767011085	1.0
1599000	-22.048721575108335	-18.898387669425897	-3.1503339056824373	-9.37961792559642	-9.518769743829477	1.3275044806698757	1.4886934243139498	0.16545560522567915	0.06627235221496532	0.745853741357309	0.23654532186002264	1.0
1600000	-21.760572556793008	-18.268532490891054	-3.4920400659019535	-9.352980369248392	-8.915552121642664	1.0293444300316583	1.2992863160015935	0.44633307358502616	0.39425214928260377	1.0742710976561562	0.2243768135415645	1.0
1601000	-22.682964824347817	-19.112293836072695	-3.570670988275121	-9.565023851973537	-9.547269984099156	0.9356681596477878	0.6681712575067416	0.6669234055181832	0.42027920265535396	1.018294607894554	0.15568082576530082	1.0
1602000	-22.006081752023864	-18.842869157724763	-3.1632125942990994	-9.334200110229581	-9.508669047495182	0.9777364218245393	1.2343765394559147	0.38517873808138536	-0.3812494092898484	0.7726434169410125	0.12183609075056326	1.0
1603000	-22.03508239592355	-18.82999397494764	-3.2050884209759074	-9.766273886972154	-9.063720087975486	0.7963761194164771	0.7561131812717076	0.5838290754144007	0.49236289841457553	1.2016546476319478	0.4744071391816735	1.0
1604000	-19.572387612504627	-19.136488795521565	-0.4358988169830642	-9.176735806824475	-9.95975298869709	1.191687295153773	0.6952164166090471	0.13057606462696836	-0.0005734358644727544	0.6171387580794973	0.018410116898092504	1.0
1605000	-20.430790519782544	-18.733774812752216	-1.6970157070303293	-9.294535515965165	-9.439239296787052	1.3887221241071916	0.8603825907367141	-0.06563584551783658	-0.08736664625740465	1.58540024449896	0.0554301985885852	1.0
1606000	-22.172764736660834	-17.800821767865067	-4.371942968795769	-9.376049011316919	-8.424772756548146	0.8231936222882058	0.9350541688607287	-0.1951274304193347	0.7547737404753209	0.5046894898868474	0.13180654727554852	1.0
1607000	-24.101781521421724	-19.18154259856227	-4.920238922859454	-9.433377488602371	-9.7481651099599	1.0492433561970207	1.442435929569603	0.5503870848817966	-0.348148386805056	1.664208522478895	0.08960181976679829	1.0
1608000	-21.41683167314971	-18.027131417976726	-3.3897002551729845	-9.08795106982982	-8.939180348146907	0.9078031048719937	0.760839036666638	-0.43555682841400223	0.5882099573573479	1.0203038633123211	0.14981839231141783	1.0
1609000	-20.088169044304035	-18.737900739828376	-1.35026830447566	-9.037079553832095	-9.70082118599628	1.1831936657782725	0.8293835993839799	-0.0679658203745171	-0.21908364339060427	1.0516827747088906	0.04640469093070959	1.0
1610000	-26.16677327180809	-20.330761317955215	-5.836011953852875	-8.766460037336328	-11.564301280618887	1.060423373746687	2.0416658888326884	-0.9697324228158775	0.7308712688476181	0.4616160976179924	0.362156630821341	1.0
1611000	-20.855696096039125	-17.92403333610725	-2.931662759931873	-9.280749288401015	-8.643284047706237	0.8878609813596597	0.9940327914633816	0.03882192681957741	0.4549453663491605	1.7875638140793246	0.19150621992489508	1.0
1612000	-22.608181402518575	-18.58341883824228	-4.024762564276296	-8.87679949028959	-9.706619347952692	1.0862393810145707	1.571739332926907	-0.3758472930388588	0.12201717554653824	1.8719650559977183	0.065867393169957	1.0
1613000	-19.59623629144938	-18.292901469966317	-1.3033348214830607	-9.146623896906735	-9.146277573059583	0.9867047325064661	1.2848473068432933	0.0763293118770709	0.04045053537736659	1.021952885130709	0.056194964882805294	1.0
1614000	-19.815591627948756	-18.04162450204887	-1.773967125899886	-9.14346888664346	-8.89815561540541	1.21400131026784	0.9456994329761192	0.05779914368107675	0.23711139427585703	1.2133768835296965	0.06231639907714858	1.0
1615000	-23.208324679967625	-19.158112875654297	-4.050211804313326	-9.75547712217945	-9.402635753474847	1.6397238500758176	1.439029577253491	-0.22022254470525307	0.06733332793869812	1.9941949644064423	0.04107371638605646	1.0
1616000	-21.1531563040546	-17.899889744385423	-3.253266559669177	-9.207541669052851	-8.692348075332571	0.984474504700822	0.9885676945190541	0.18572938149945212	0.4045099967473116	0.7838883880145705	0.42741357955736553	1.0
1617000	-20.951972392148292	-18.675987589619755	-2.275984802528537	-9.116806870750231	-9.559180718869523	1.1935341982276533	1.5312912139854555	0.044091943300541926	0.19012308665068792	1.432797844012526	0.03969327628010687	1.0
1618000	-24.13492285180734	-19.875169347192372	-4.259753504614968	-9.895549875102454	-9.979619472089919	0.7420536425397731	1.0186394493410424	0.47213693328169615	-0.7107673353788674	1.4894911380445752	1.3994316676162275	1.0
1619000	-24.405820238558434	-17.331928833928863	-7.07389140462957	-8.818952114493637	-8.512976719435226	1.0252558206557028	1.121031058037211	-0.8177523212253301	0.6568099939443492	3.145320617339153	0.258029803586371	1.0
1620000	-22.614799509170744	-19.187627181280078	-3.4271723278906663	-9.451515734461184	-9.736111446818892	0.9204212772213543	0.8785717438921783	0.47717370796517045	-0.3485513798037671	2.1348731065053537	0.15126402191608473	1.0
1621000	-21.074903832098304	-18.21086602025494	-2.864037811843365	-9.25214067541859	-8.958725344836349	0.9409940992212138	0.8824708805828556	0.17785939540222206	0.27517021753442233	0.6332825644060627	0.29375481417436283	1.0
1622000	-20.45604090540574	-17.913220983401104	-2.5428199220046355	-8.956964431644414	-8.956256551756688	1.1239674471172716	0.8327283010318577	-0.17745319616665392	0.37900107426297197	1.3846225072156688	0.13513766996624096	1.0
1623000	-23.17964728071479	-17.82755281331025	-5.352094467404541	-9.57810637762676	-8.24944643568349	1.395860018778002	1.0278644609648258	0.23552484207852278	0.9879295177769906	1.5125011055240154	1.336324156281383	1.0
1624000	-20.76907759799162	-18.414625026491642	-2.3544525714999773	-9.218016524618491	-9.19660850187315	0.8719787245818195	0.8845600187670504	-0.25913157391695985	0.06325818993517313	0.8022466481484738	0.2250699990107759	1.0
1625000	-27.1788149807124	-19.5529678720085	-7.625847108703897	-8.998863132766113	-10.554104739242389	1.2643101004683466	0.9038018845137477	-2.1653777791503233	-0.9460600791688494	0.28004186907489353	10.75804689749892	1.0
1626000	-23.119393172985667	-18.866203745194447	-4.253189427791221	-9.519717571027211	-9.346486174167236	1.630202926901649	1.4799737391912935	-0.4894096974081987	0.34782319903553444	1.0113690780519007	0.20112216895559426	1.0
1627000	-25.28762167313549	-21.978143024579783	-3.3094786485557077	-13.601800760738772	-8.37634226384101	0.3538551973638957	0.9404792328901165	0.06927199504534931	0.8103815283288388	0.7964539930878809	0.22167151725809392	1.0
1628000	-21.662732020716444	-19.805814933547808	-1.8569170871686373	-10.64427365459278	-9.161541278955028	0.5960939003005261	1.2976096743927492	0.2852137118960172	0.04343100085879434	0.6514975145824821	0.06879881176241631	1.0
1629000	-21.88160885644607	-18.764189660664066	-3.1174191957820043	-9.173068365477478	-9.591121295186586	1.3174004953005314	1.1890510088947777	-0.07120274982520858	-0.47167573504534555	0.800456853985065	0.12053060664237183	1.0
1630000	-19.93582975104522	-18.390177888232678	-1.5456518628125395	-9.116066783592826	-9.27411110463985	1.137776564239309	1.090049459916804	0.09071742577900038	-0.2042129705914885	0.7528245895378336	0.04591295331889307	1.0
1631000	-20.67475563831434	-18.312921596574597	-2.3618340417397445	-9.140168813255649	-9.17275278331895	1.0436562107837684	1.034668480485527	0.13276084228820406	-0.0927303545800765	1.3286448808434832	0.17480395542041352	1.0
1632000	-21.126988450676965	-17.979814137990193	-3.1471743126867717	-8.881168039926251	-9.098646098063941	1.0537276830362199	1.2564949207070484	-0.4156612011620775	0.054311854722553954	0.8405446720623967	0.03865069881557403	1.0
1633000	-25.48826775633484	-19.676824252528526	-5.811443503806314	-10.239059339891568	-9.437764912636958	0.8158087473144363	1.237654591931158	1.315050895993042	-0.3148595546203415	1.559481893857569	0.3303453123176394	1.0
1634000	-22.0582729264161	-19.42249623270603	-2.6357766937100706	-9.187067985597567	-10.235428247108464	1.0176617824029675	1.7426886494327083	0.19151690702684457	0.16050495137944842	0.4796130984831828	0.09924994679458292	1.0
1635000	-21.189877611781853	-18.667084327938355	-2.5227932838434977	-9.610187731908931	-9.056896596029421	1.4104296310643596	0.8607597377272567	0.2356725383713577	0.22894277703690843	1.0116944892799389	0.13794904125150284	1.0
1636000	-21.50987994090049	-18.757154647009255	-2.7527252938912357	-9.945636652981175	-8.81151799402808	0.686088803780209	0.9948013297950035	-0.46228892325561166	0.27547577799883277	0.766908859304527	0.18473247265073875	1.0
1637000	-21.094707879331338	-17.697425164063816	-3.397282715267524	-8.985753732796432	-8.711671431267385	1.1208631293754685	1.2069809248359111	-0.12154728153892061	0.49237507123840685	0.47039973072154984	0.14518453137218357	1.0
1638000	-21.442499834478255	-18.20795226446394	-3.2345475700143145	-8.889795736338026	-9.318156528125915	1.3143508310269074	0.7733592949901209	-0.5570503482788596	0.2253477358432585	0.8450819224718104	0.16009178325755938	1.0
1639000	-24.91839024311877	-19.888504952490475	-5.029885290628293	-9.622125231609722	-10.266379720880753	1.4030969639877233	1.5018718861534173	0.2633795219136713	-0.7293180235059616	0.2949135085668067	0.4810139575502519	1.0
1640000	-22.61098229618061	-19.083394625711804	-3.527587670468803	-9.444480425128086	-9.63891420058372	0.7862829943683008	1.0388901075262391	-0.588690754291102	-0.47819966663592395	1.0584012929981963	0.18362439436940556	1.0
1641000	-21.474909375784197	-17.890781685149943	-3.584127690634254	-9.178232767566081	-8.712548917583861	1.2367562315511196	1.1118536937422614	0.07446091613028144	0.3734835107197706	1.3769262122692165	0.3476771832115632	1.0
1642000	-24.113821876263508	-19.838765491505427	-4.275056384758079	-10.271226633466515	-9.567538858038914	0.6390756646350022	0.6307931699085725	-0.12845507521753263	0.5757157093942522	4.676825139093561	0.4466015659968271	1.0
1643000	-26.772714733772474	-19.054176744010498	-7.718537989761975	-9.966359601296443	-9.087817142714055	0.8819703439230056	1.3032706775083123	-2.8808347173887467	2.257983116824472	1.516253965554584	2.8458422379987742	1.0
1644000	-24.246259258329758	-21.148276110510253	-3.0979831478195043	-9.231134275595478	-11.917141834914776	0.8650817121199499	0.5729285445457042	-0.27856018219322154	-0.715726934564727	0.9787667868850047	0.2324543049716165	1.0
1645000	-28.863465901730827	-17.09450321135688	-11.768962690373947	-9.471407728714244	-7.623095482642638	1.6816222104139482	0.7304257224943178	-0.8079113574203217	3.114902285754356	0.6025091768446359	0.6566376520230673	1.0
1646000	-20.77804849850293	-18.31126471811595	-2.4667837803869794	-8.92088966501423	-9.390375053101721	1.241621212111168	0.8947342645925852	-0.346534312092341	-0.11364374869942712	1.1945623309124282	0.040695777038601624	1.0
1647000	-22.410326696346257	-17.48326869471034	-4.927058001635917	-9.382691447928716	-8.100577246781622	0.8745163739145521	0.9036934956754924	0.20749833853303318	1.2341478884659496	0.4808529236925019	0.6645229584779008	1.0
1648000	-20.01514387922984	-18.688960487778697	-1.3261833914511403	-9.060399070185488	-9.62856141759321	1.0227580885483847	0.7788045844099433	-0.03497278229152573	-0.03398545524002363	0.47996210858914495	0.05696343508336732	1.0
1649000	-21.899897403354988	-18.154348843955106	-3.7455485593998827	-9.111598498309625	-9.042750345645482	1.3741621629283123	0.7903651129047201	-0.28738372410263047	0.4091525191083916	1.3438603322796174	0.5223916525697407	1.0
1650000	-19.525295242966624	-18.13067486123659	-1.3946203817300356	-8.957708671299557	-9.172966189937032	1.0866080905053406	1.123882645519999	-0.18398512473930104	-0.11448833985309631	1.1940114821098764	0.029426623285586807	1.0
1651000	-22.364046701315104	-18.543836915461235	-3.8202097858538675	-9.217536359567955	-9.32630055589328	1.2502548720230164	1.4076066279483208	0.10603883276051385	0.08075259692769082	2.3770655326188157	0.0644648869850136	1.0
1652000	-20.69370288003641	-17.545339744025654	-3.148363136010753	-8.988510484441344	-8.55682925958431	1.0925121033511995	0.9899934245505763	-0.1186412263769524	0.5561660121952497	1.076028706464011	0.21606766242543485	1.0
1653000	-20.04222519825021	-18.654938262279764	-1.3872869359704476	-9.30301834778906	-9.351919914490704	0.8524224467245505	0.9161709848563376	-0.14390694946608512	-0.1180291555691334	0.7096086857050143	0.0718910634324442	1.0
1654000	-23.257124429572357	-18.100160151666365	-5.156964277905994	-9.309526211675706	-8.790633939990661	1.6079567092069758	0.941683281394225	-0.765380507269672	0.346445468769997	0.9531996798778424	0.1217498839736118	1.0
1655000	-22.490687002155532	-18.138792479317452	-4.351894522838078	-9.135973318092784	-9.00281916122467	0.869896109014341	0.9611405447673261	-0.8737736552411857	0.12166641200756756	0.6823228997259456	0.17227794110580372	1.0
1656000	-22.615997117293507	-17.50556162611811	-5.110435491175399	-9.4741201511121	-8.03144147500601	1.2056914603405313	0.9058404294332447	0.4675668739321506	1.3506959395328753	1.145803128754864	0.6684462168780905	1.0
1657000	-24.918458406963794	-19.452068604051465	-5.466389802912328	-9.61376022200687	-9.838308382044595	1.578641150002266	1.6516951705433982	-0.19313617318970264	0.7919711280443837	0.5867055549355837	1.5781524007796026	1.0
1658000	-22.14541592741339	-19.260793196701663	-2.8846227307117265	-9.701372739877764	-9.559420456823897	1.6371973152765549	1.528482176288145	-0.27462445707588984	0.17450521836875835	0.8042324574309785	0.057799951205002295	1.0
1659000	-20.244695914182266	-17.771275650873505	-2.473420263308762	-9.07969375621858	-8.691581894654925	0.9562708875654167	1.00759431621857	-0.1584767266329864	0.39437123837384047	1.2263823268354324	0.06902940428817088	1.0
1660000	-21.521371527321445	-19.7478005336187	-1.7735709937027433	-9.826720002673046	-9.921080530945655	1.538980353500794	0.6902681116129403	0.1369591039879996	0.04663638059163844	1.2727973149181941	0.07778483279229284	1.0
1661000	-24.320894371814724	-19.813043129835854	-4.507851241978869	-9.708372783502336	-10.10467034633352	0.8411131967391312	1.7178815911389267	0.6738965184109372	0.32512357859207575	1.3067740123226648	0.1737069689343807	1.0
1662000	-21.99234548471724	-19.8682312056486	-2.1241142790686407	-9.311017733179972	-10.557213472468629	0.9028308111792788	1.7909293676098934	0.17433530314888507	-0.1926936046799695	0.8133367638479655	0.05039539718773545	1.0
1663000	-21.908842209582467	-18.40671729336868	-3.5021249162137864	-9.663551066812602	-8.743166226556076	1.4598265550474974	0.9805452327933645	0.1754683527389327	0.3564765001836568	0.3714358415368389	0.19730508677242223	1.0
1664000	-27.83628598534671	-22.0525716927066	-5.783714292640108	-12.75505504703166	-9.297516645674941	1.9869139753021872	1.110191903201771	0.8653796350755225	-0.22795620367264308	1.5148398345529033	0.39568382470793445	1.0
1665000	-23.16268052152093	-19.377388602234287	-3.785291919286642	-10.44750148258079	-8.929887119653497	1.799855291275013	0.7737794203845412	-0.03955832369132502	0.5573302926322384	0.7155324177205851	0.07908826557296404	1.0
1666000	-23.5805390024596	-21.3965002898629	-2.1840387125967	-12.040814499335315	-9.355685790527584	0.45367819253881675	0.6811915962325136	-0.3288783239415874	0.5191516986275162	1.2098460732733187	0.23346086883319436	1.0
1667000	-19.763034923106158	-18.050308971082742	-1.7127259520234155	-8.996165517279167	-9.054143453803574	1.1380324131216257	0.9769655553829348	-0.10690259011356465	0.05841152113730373	0.6913264065883724	0.08999110600841216	1.0
1668000	-21.160529213554433	-20.643298054806063	-0.5172311587483693	-10.935119826431945	-9.708178228374118	0.5546072118587004	1.5640669511646885	-0.052277564582985755	0.07850269896925156	1.1934190498221073	0.025474855518396983	1.0
1669000	-21.95183038540778	-20.308467314634147	-1.6433630707736333	-10.945484031980886	-9.36298328265326	0.553174643730242	0.7108381434134626	-0.08679388900671342	0.39675627275603176	1.762266844132239	0.1693309942507214	1.0
1670000	-23.96542843996525	-20.682489157217148	-3.2829392827481048	-9.549741098038366	-11.132748059178784	1.3886112170248057	1.9723567215003734	0.22247582153850842	0.07223586192074649	0.94816246941393	0.12700330293844253	1.0
1671000	-22.701994938290618	-21.301248167916675	-1.4007467703739418	-11.83796457076554	-9.463283597151134	0.46892416227917605	1.3208559779373954	-0.038146882114237834	-0.25575022417626264	1.3548352666780266	0.060215106611025755	1.0
1672000	-20.014387056302816	-19.122898917803067	-0.8914881384997495	-10.143254527990582	-8.979644389812485	0.667560254387952	1.056482699923308	0.13882262056424288	0.0773887508232618	0.5588634604152506	0.030621073392609003	1.0
1673000	-20.83954408199707	-19.599817453829566	-1.239726628167503	-9.264313087200357	-10.335504366629209	0.8705194103823707	0.6726484597072542	-0.11583170876127852	-0.17607420701319954	1.3799624378867879	0.09960692644588957	1.0
1674000	-22.73106470845991	-16.82013844892251	-5.910926259537403	-9.070750379952342	-7.749388068970168	1.2853991027316982	0.7993883796004361	-0.15914989856135586	2.063274712370178	1.4352002911788386	1.6230038713120583	1.0
1675000	-21.995050049790947	-18.691383390653833	-3.3036666591371158	-9.418617986658232	-9.272765403995601	0.8719337278486744	1.3431537213553457	0.27131349301192464	-0.007097425407024738	2.272133280322425	0.10135452117675682	1.0
1676000	-21.422256202224013	-18.511216026710272	-2.9110401755137403	-9.121107836473263	-9.39010819023701	0.9437667628266475	1.1371275825996858	-0.10112615182759604	-0.30951821450103567	1.725352975211897	0.17847932660377933	1.0
1677000	-25.439316177303503	-19.85876856799112	-5.580547609312381	-9.638481746278522	-10.220286821712596	1.009789068337949	1.6596396947635477	0.7938364991858478	-0.2968152797825446	1.1278914663098751	0.1143315051993296	1.0
1678000	-23.298064373707028	-19.55755478584628	-3.740509587860749	-10.468711569886727	-9.08884321595955	0.6086357915098431	1.0814996068977463	-0.6104429908906707	-0.03349980494718374	0.3885131403351447	0.14638082007311431	1.0
1679000	-23.449998332639126	-19.189469374561302	-4.260528958077826	-9.943683730258002	-9.2457856443033	1.2623193019222532	1.2444375911049672	0.8126498229442309	-0.12185358436968624	0.6493089713487571	0.28214484051894306	1.0
1680000	-20.862847184577273	-18.570673625551912	-2.2921735590253616	-9.379951308960633	-9.190722316591277	1.3844617718213463	0.8265909925653097	0.04738648514193808	0.18922871417544457	0.6708533461501796	0.14045496070644478	1.0
1681000	-21.410977994545117	-18.528951038063887	-2.8820269564812313	-9.399271052519593	-9.129679985544293	1.153216985939795	0.8640302571621641	0.4472285546818272	0.1592465123957444	1.2345368000750854	0.06736185980175187	1.0
1682000	-23.18093834745733	-20.76676105033063	-2.414177297126702	-11.687793199617978	-9.078967850712651	2.037157487812213	1.0241148536011178	0.1823820149449148	-0.0018145814646002914	0.7475880074001163	0.08242408965098573	1.0
1683000	-19.824142108510028	-18.883793910442463	-0.9403481980675639	-9.499863829946952	-9.38393008049551	0.8030210818788484	1.3465584675975364	0.00602562080779101	-0.13163322953151763	0.7347176235800146	0.03551239318675182	1.0
1684000	-21.300359419470507	-19.218228892651904	-2.0821305268186037	-10.09959948036542	-9.118629412286484	1.7378538706419695	1.2936967603048741	-0.1685980994420577	0.08962068422455827	0.6930803372742277	0.053279401604800145	1.0
1685000	-23.086524142274836	-19.106353113658905	-3.980171028615931	-9.055322364929536	-10.051030748729367	0.9232127256978405	0.593693468115403	-0.4320947495825571	0.3978402153685442	0.4619195973846568	0.7066489556758137	1.0
1686000	-20.541872755154948	-18.355334484619107	-2.1865382705358427	-9.241625301493642	-9.113709183125463	0.9346017178619938	1.3632987437813815	0.1390413810492882	0.26789942528293603	0.6079828403697893	0.06252943704999145	1.0
1687000	-24.186125346507566	-20.914381917774605	-3.271743428732959	-10.69564644084953	-10.218735476925076	1.959649608099148	0.5761304407890211	-0.3388243095077793	0.37317031962945824	0.8094518112021944	0.15772339303451202	1.0
1688000	-20.773770177667135	-19.835012114921533	-0.9387580627456034	-10.163216668689024	-9.671795446232508	0.6627597945065156	1.4943358665693376	0.10398515849180032	-0.13381916851930953	0.9467234028794039	0.02868350001161774	1.0
1689000	-19.972827023517535	-18.03233465761007	-1.9404923659074678	-9.24225543710049	-8.790079220509579	0.9164238050315698	0.9540795953920348	0.0782220823959093	0.3330843851550791	0.8102848634510657	0.06439739014120145	1.0
1690000	-19.44092910400781	-18.51586431243919	-0.9250647915686179	-9.063894078272776	-9.451970234166414	1.1908714751192986	0.7699325661144582	-0.032863684719993735	0.1283283589263965	1.2245431137124387	0.044851893124499165	1.0
1691000	-20.9665393510245	-17.578424731721356	-3.3881146193031464	-8.970427316319507	-8.607997415401849	1.061902657793166	1.0953838596253045	-0.17602917400000062	0.49681508240637384	0.6453605085251489	0.07327694524877151	1.0
1692000	-21.995366295033875	-18.65422688616062	-3.3411394088732522	-9.130597997845486	-9.523628888315134	0.9472655592476976	1.3166894904412223	-0.06413546346046228	-0.3209575607073462	0.23537546746395485	0.048980361217969476	1.0
1693000	-22.32456365557255	-18.418753197140646	-3.905810458431906	-9.216818882565804	-9.20193431457484	1.2936992121004507	1.317872176432944	0.03221658638230346	0.030713849862612885	0.9087593950822342	0.6075401493193905	1.0
1694000	-21.490465042800043	-18.665735589328996	-2.8247294534710483	-9.314087356358787	-9.35164823297021	1.0657911599006618	1.2884822136585146	0.3958248658418564	-0.18270707806571296	0.8831497879695455	0.11195062821739371	1.0
1695000	-20.32116386978894	-18.21664126482997	-2.104522604958969	-9.19812280884812	-9.01851845598185	1.3707024987093137	0.8556344909297421	-0.15140922289239328	0.2732866128504676	0.9262639624909931	0.03421957665481659	1.0
1696000	-21.309190016277345	-18.482350805438656	-2.826839210838688	-9.379881315391096	-9.102469490047561	0.8588325522134725	0.7535325071859056	0.1191014258715544	0.46695541583525746	0.5663999141513602	0.18428006579421968	1.0
1697000	-23.758830744642253	-17.498677332284984	-6.260153412357268	-8.788539587970483	-8.7101377443145	1.2018125785168057	1.2816272281838221	-0.6169868460689447	1.8137450299759097	0.40444905204684484	1.8771895537792544	1.0
1698000	-22.363363509820985	-18.924965075855724	-3.4383984339652605	-9.595933509460554	-9.329031566395168	1.3335025925669572	0.8797349834179317	0.37978542700836804	-0.0372629943480588	0.4267635110927199	0.2672723035475448	1.0
1699000	-25.046319189915124	-20.110696916899084	-4.93562227301604	-10.039785979894228	-10.070910937004856	0.6820197147143702	1.7138771361574932	0.04321750695617227	0.6805319217862134	0.2205246237139176	0.25679902968323953	1.0
1700000	-26.719325951206876	-22.252551547065664	-4.46677440414121	-13.489175347531843	-8.76337619953382	2.568607790224396	0.940210182899233	-0.2552340050884345	0.37546872948140203	0.39986260422711056	0.4282368276863538	1.0
1701000	-21.619335132274088	-17.940211273618516	-3.679123858655571	-9.3776077449722	-8.562603528646317	1.1882419538486142	0.9872618554624983	0.38400403719747767	0.5508457018732026	0.7572620383677924	0.14151602023875667	1.0
1702000	-19.659209058234705	-18.12533229912536	-1.533876759109345	-9.134503685460476	-8.990828613664885	0.9315955495460291	1.1675915502280128	-0.1189489938485021	0.08532520705827513	0.49196120237250723	0.051675324397402404	1.0
1703000	-21.953769205392852	-18.09607486691091	-3.8576943384819424	-8.932846404780094	-9.163228462130819	1.1153769060279832	0.9887649879689978	-0.2269405366049273	-0.04987908594993781	0.4046439039139757	0.49897069171739195	1.0
1704000	-22.16375739712491	-17.136448843513925	-5.027308553610985	-8.974714932480925	-8.161733911032998	1.3614594188519653	1.0383210557787983	-0.49698850519948523	1.1733034097721609	0.7049349655015529	0.7233495975673095	1.0
1705000	-21.121854105573394	-18.037105511732356	-3.084748593841038	-9.052276147964498	-8.984829363767858	0.9468385498771474	1.32142803092179	-0.2808428449461082	0.34619501190652335	0.48128114266181043	0.1051581208555399	1.0
1706000	-22.97830739804523	-18.936806459483666	-4.041500938561564	-9.134710796544583	-9.802095662939083	1.5238882069331636	0.8233551051130461	-0.7479388072361874	-0.27919768850355453	0.7775773506596289	0.38955504991785606	1.0
1707000	-23.39980715011983	-18.311944136454464	-5.087863013665366	-8.788487333973007	-9.523456802481457	1.0873549821600579	0.8839785178548736	-1.548376102680243	-0.19876511910190886	0.8727065672125427	1.7579499780858254	1.0
1708000	-23.54905062535243	-19.3737659657998	-4.175284659552629	-9.742624523581757	-9.631141442218045	0.7214252503479874	1.5921826621710367	-0.629509944349282	0.5220739634345789	1.009561431300485	0.564643460723637	1.0
1709000	-23.174502367961008	-22.030041451316727	-1.1444609166442816	-11.558911774936938	-10.471129676379789	0.49353419321127845	0.5795272085810729	0.14554372998365236	0.17501840637556407	0.8221863246544212	0.11064965640287722	1.0
1710000	-22.7236320246591	-18.136652081549116	-4.586979943109984	-9.436713678867795	-8.69993840268132	1.2219123348244554	0.9345554496810384	0.4052763831258316	0.44696863782299256	0.42977028344554624	0.9418090109928972	1.0
1711000	-23.737390603772024	-19.82046060627608	-3.9169299974959464	-9.177675550413358	-10.642785055862719	0.8884691869749913	0.7802070756860299	-0.2571824614783059	-0.7381017551682508	0.9969743611641013	0.12125495909303026	1.0
1712000	-22.899446924591082	-19.440660334719677	-3.4587865898714067	-9.782150386145002	-9.658509948574675	0.7263948502547545	0.5322138045409088	-0.09462540762597349	1.0757549530012906	1.7215825815386594	0.40075789648641363	1.0
1713000	-20.220907661839725	-18.395307645494903	-1.8256000163448216	-9.192362172976374	-9.202945472518529	1.029381433150095	1.2865426039245347	0.20959006095698984	-0.02342384551289134	0.8795817271847048	0.07370760589213572	1.0
1714000	-20.97526511489023	-19.356506545161995	-1.6187585697282345	-9.15453562826398	-10.201970916898015	1.0571483629566474	1.7234252427201713	0.1627745419635661	0.07070913200578727	0.969682958564727	0.030294766687726554	1.0
1715000	-20.215394154255677	-18.117754777424835	-2.097639376830843	-9.117170195229527	-9.000584582195307	1.0851378632854993	0.8377977919725613	0.10785906987668525	0.32771374188986413	0.7929481877712243	0.09458852477440478	1.0
1716000	-25.25308965967452	-18.846363027691027	-6.406726631983492	-8.85008859050508	-9.996274437185946	1.3205245159728158	1.629481672326054	-0.6751845034114448	1.4321818465039844	0.42482071257773507	3.4594312279598176	1.0
1717000	-21.32269530267787	-18.119028303500695	-3.2036669991771767	-9.147384963367625	-8.97164334013307	1.2118329886816424	0.8313811251812452	0.06603979677622795	0.36823883895738607	2.13422365492461	0.04050787717592618	1.0
1718000	-22.76771216473168	-21.10849057637636	-1.659221588355318	-11.840192574446498	-9.268298001929862	0.46910485977112504	1.1099354663463663	0.12692134839913638	-0.20198648751403467	0.8911037507516364	0.1308361432613387	1.0
1719000	-20.96724887965921	-18.215126886338258	-2.752121993320952	-9.002596608162023	-9.212530278176235	0.9803644407951554	0.8687252415475203	-0.27770807356569194	0.07976289578307433	0.31229495165819865	0.08219325267306384	1.0
1720000	-24.47370973736868	-20.299952456057405	-4.173757281311274	-10.560931479995265	-9.73902097606214	1.6639278480153135	1.5245328843861377	0.4156097907742629	-0.12852051519667296	1.2218072798177122	0.05348266885219337	1.0
1721000	-20.863798309904325	-19.14903595345703	-1.7147623564472934	-9.330206554040728	-9.8188293994163	0.8538717750222444	0.8151737020912796	-0.046618481599042305	-0.2715292978458372	0.6028333927767685	0.06624671915780807	1.0
1722000	-21.6328659758304	-17.319114507358044	-4.313751468472353	-8.821916305355881	-8.497198202002162	1.0241319726204365	0.9692223261623998	-0.804777474857685	0.6392565359832257	0.9122830625504085	0.3405142803732731	1.0
1723000	-23.20167928476341	-18.11681474931168	-5.084864535451733	-9.40533228879414	-8.711482460517537	0.8037980234676956	1.2933224447971776	-0.36797867960060987	0.8088002546374607	0.38329670607223115	0.17330344349517077	1.0
1724000	-22.74845297701612	-18.58053826862254	-4.16791470839358	-9.488425299507911	-9.092112969114627	1.0723938064609053	1.0784427026494345	0.6082651145873239	-0.036029425249680336	1.1234785054458518	0.0641794373440045	1.0
1725000	-21.944183237723312	-18.058070016574796	-3.8861132211485154	-8.979524326474655	-9.078545690100142	0.9877450714763661	0.8836826912998804	-0.31752503792815134	0.16613348628235586	1.1341772993047308	1.128178635533482	1.0
1726000	-26.134677118028556	-20.16106181860109	-5.973615299427466	-8.819531480878043	-11.34153033772305	1.3542872821079361	2.011576694822009	-0.9001638449347955	0.5577714874009914	0.27631550966282237	1.1633462392743363	1.0
1727000	-21.262081939696124	-18.757044529906306	-2.505037409789818	-9.172943140697852	-9.584101389208454	0.9072919002152259	0.9464982604291564	-0.13984019637833311	-0.3439411142563058	0.6826868598647102	0.17133912848963534	1.0
1728000	-20.91288650974431	-18.094465306599243	-2.8184212031450677	-9.15281430168632	-8.941651004912924	1.0534333752501217	0.8026171255411098	0.15860858568626435	0.4662235327682213	0.9044473335812192	0.06748668610067492	1.0
1729000	-22.50210925627399	-19.488425280385457	-3.013683975888532	-9.024080969866473	-10.464344310518982	1.1892186566704486	1.8082067704587563	-0.09521917828125614	0.19272631137121643	1.3789097324549433	0.07151312142774771	1.0
1730000	-22.306036209622878	-20.461088532931058	-1.8449476766918214	-10.91638923965228	-9.544699293278779	0.5560227199893858	0.9029293719124191	-0.14015070026167964	-0.24839085323527024	0.5363453371246588	0.07934354558129546	1.0
1731000	-20.95984821393052	-19.240115645940836	-1.719732567989686	-10.07620398236729	-9.163911663573547	0.668185425697344	1.1658617109972633	-0.20775326903671631	-0.09487121215710254	0.851895159137842	0.10559633898836274	1.0
1732000	-22.641022512739674	-18.69281223346166	-3.9482102792780145	-9.49450493486325	-9.19830729859841	0.9335921577477103	1.1952158053252044	0.5654260684144963	-0.11340185596027086	0.9337606668917694	0.05908704033502662	1.0
1733000	-23.563512318543573	-17.390544033276857	-6.172968285266718	-9.314226287492014	-8.076317745784843	1.5747952455059058	1.016142410666306	-0.6039220489046164	1.3312678960098971	0.37701069227476003	2.782320565183759	1.0
1734000	-19.901803057888483	-17.950855712634176	-1.9509473452543074	-8.999649585766752	-8.951206126867424	1.205613345377241	0.9993077397474539	-0.15398225766855944	0.1346324443089964	0.5858132098254202	0.08176087124211216	1.0
1735000	-22.882652543808554	-22.11047688106821	-0.7721756627403458	-12.699163288472722	-9.411313592595485	0.4063129029723635	0.7822100911446378	0.10168202287646713	0.12481029215994499	0.9527314403051409	0.08679683922106428	1.0
1736000	-21.59746336771498	-18.366416555695526	-3.231046812019452	-9.22975818913216	-9.136658366563367	1.2819319440296644	1.3527352764773608	0.06976873281253079	0.19980680138962886	0.22759830587053434	0.08907912859600997	1.0
1737000	-21.888290222921512	-17.698962299829596	-4.189327923091915	-8.909970956597533	-8.78899134323206	1.3710895465026927	0.9978376719626746	-0.6735138420140723	0.29646099629336997	1.2336927665415618	0.1625393054051599	1.0
1738000	-24.48369117420696	-18.872972048117493	-5.610719126089467	-9.199794318118315	-9.673177729999178	1.4938138697037093	1.602196844469076	-0.4974793585102619	0.47692706566969556	1.0911956132313312	0.07524321316737403	1.0
1739000	-22.35427720910877	-17.77003901139895	-4.584238197709819	-9.33868736501222	-8.431351646386728	1.177255225938952	1.1306545808598134	0.3516133214445629	0.8118788129704189	1.4369948040698357	0.2616971525728079	1.0
1740000	-20.034199725803	-18.26072517264562	-1.7734745531573781	-9.179287095610865	-9.081438077034758	1.0040274245343528	1.152975324791863	0.1634765001948454	-0.017870250035108004	0.9157676736796033	0.09454024876374567	1.0
1741000	-23.980162020527004	-18.89686814135414	-5.083293879172862	-10.736827181250547	-8.160040960103593	0.5779872835113037	1.1112309336438642	-0.022954352286851575	1.6539096726761506	1.7437227656843635	0.9046778108577916	1.0
1742000	-24.62601933959436	-19.631414174717698	-4.994605164876663	-9.18959717584198	-10.44181699887572	1.1274839176742	0.8760888914363796	0.20384667043192478	-0.8267053982563258	1.060895261554972	0.10715839704125116	1.0
1743000	-21.508551624642685	-17.318457963601475	-4.19009366104121	-8.934827441434608	-8.383630522166866	1.2485010146099313	0.8850417043259086	-0.3298214134051998	0.8663905738175999	0.8580790285573145	0.6206248812818801	1.0
1744000	-20.96562078120888	-18.755519781670817	-2.2101009995380627	-9.530277594343643	-9.225242187327174	0.7905386527919002	1.0604859748104183	-0.0365567894691628	-0.15189268519622257	0.23384946880025703	0.03701158877695004	1.0
1745000	-22.178427341315267	-18.636987795034475	-3.5414395462807926	-9.57650910595753	-9.060478689076945	1.599601389016101	0.9091035704075322	-0.30413186980833135	0.13912661325840697	1.2192283198811218	0.32232531254826113	1.0
1746000	-21.957435938598877	-18.416115738941784	-3.5413201996570947	-9.212598824249005	-9.20351691469278	0.872483768928948	1.2642146372980967	-0.2746106924723954	-0.05468684930981296	0.9789302976081923	0.6094834481604532	1.0
1747000	-22.711314979828924	-19.498707873015825	-3.2126071068130977	-10.287189286081304	-9.211518586934519	0.6333732008745839	1.3116912762017066	-0.39098925012849894	0.007645921739751066	2.031006698707424	0.22267533436747086	1.0
1748000	-20.89375945559604	-17.61687301410018	-3.2768864414958614	-8.919069811124706	-8.697803202975475	1.155131040440652	1.0421787181470763	-0.26267635914486576	0.37650101377562506	0.4211124664835092	0.13851852522099198	1.0
1749000	-22.91104814835292	-19.065779238056145	-3.845268910296773	-10.619874965355777	-8.445904272700366	0.5981483254791677	0.9151307804163843	0.2406733484436101	0.7510744568607193	1.0270548981452832	1.3084824492513945	1.0
1750000	-20.392779352094113	-18.359583447872687	-2.0331959042214245	-9.517546677045646	-8.842036770827042	0.8025528598773957	1.2039368789223177	0.055579728576362335	0.29998079487049983	0.5734887431161884	0.04605539599698213	1.0
1751000	-21.41568767722542	-17.792223900499764	-3.6234637767256586	-8.818242604181034	-8.973981296318728	1.2777357841601447	1.0457330617717697	-0.6548696402853507	0.08651968242619251	0.9332471960171489	0.20654620845022648	1.0
1752000	-23.337746803073763	-18.885113856700926	-4.452632946372839	-9.762313817101084	-9.12280003959984	1.787671847433665	0.9179284595589658	-0.8123018591097495	0.07100283315817701	0.569880762169975	0.24650631799941458	1.0
1753000	-22.082955051113146	-18.318019405059488	-3.764935646053658	-9.607844501505717	-8.710174903553773	0.8111728639611062	0.9473196464310651	0.3510122707948589	0.42179959443087467	0.5718922086734451	0.056080644892242154	1.0
1754000	-21.58256164125444	-19.48478171695658	-2.0977799242978605	-9.370100533592193	-10.114681183364386	0.8090549428876084	0.6583793303388112	-0.4699803786538024	0.038067845890769364	1.5946899911276378	0.08234473829769569	1.0
1755000	-21.31639199380311	-17.758536981595228	-3.557855012207879	-8.858913757695582	-8.899623223899647	1.2211184111211302	1.2335552026232544	-0.45107642654169233	0.269092469843528	0.6409573215484824	0.07428576625233341	1.0
1756000	-23.135104705507437	-17.668826200407654	-5.466278505099783	-9.101253165881662	-8.567573034525992	1.2739042490085368	1.2425589750994537	-0.09261083372340861	0.9147342920396722	0.7559099684018962	2.7539703609776387	1.0
1757000	-20.908533537726235	-18.232290861860406	-2.6762426758658284	-9.02358317299123	-9.208707688869175	1.3278379440493224	0.7877587709814315	-0.32215928803285065	0.2743129475503437	1.0659701844812601	0.05648893463691568	1.0
1758000	-23.717837945066005	-19.911783678332043	-3.8060542667339634	-11.106565948856915	-8.805217729475128	0.5397851114521193	0.8300119720857043	-0.901159705334694	0.5253897504571448	2.1881005933537234	0.9844673453708451	1.0
1759000	-20.44306129442681	-19.086329470081417	-1.3567318243453907	-9.105033889733296	-9.981295580348121	1.3157691597905805	0.7123026643757647	-0.16562020896666013	-0.07948700319187726	0.6287344689654971	0.04804839991061054	1.0
1760000	-20.686156571698493	-18.132281335399234	-2.553875236299258	-8.917275312823023	-9.215006022576212	1.026247463210319	1.301425612355249	-0.37588131310697664	-0.01407918792000934	1.0004192219166155	0.0940259563491936	1.0
1761000	-22.08442565709454	-17.983449416597857	-4.100976240496681	-9.573831151614753	-8.409618264983106	1.5394764983499498	0.9583670975650039	-0.12428726463505922	0.7545608037840437	0.6705313589968164	0.24272670042765562	1.0
1762000	-20.885706126906115	-18.732651393676257	-2.153054733229857	-9.38467867954679	-9.347972714129465	0.8787034141405684	0.7544743857365335	0.23041198181208072	0.25887318477484444	0.5791352476012032	0.09465223288353543	1.0
1763000	-23.67092849225027	-18.945015539932292	-4.725912952317978	-8.873184589727833	-10.071830950204458	1.3389705069391566	1.68812876704352	-0.6667230723896971	0.10273248036933186	0.8895271492427699	0.10091838977157702	1.0
1764000	-25.793595730430507	-16.900650379036005	-8.892945351394502	-8.99661656062156	-7.904033818414446	0.9213301715429248	0.5048777297618285	-0.9552756474633852	3.346544232907015	0.20183200113682218	2.168686399698516	1.0
1765000	-20.819977663549754	-20.007327991538215	-0.8126496720115384	-10.805243870754264	-9.202084120783951	0.5689563731056017	0.9369440697756417	-0.10302681289394088	-0.024211372224722916	0.6276297842045908	0.048981027688057774	1.0
1766000	-22.305196860217542	-20.291147193788266	-2.0140496664292753	-9.589859797462719	-10.701287396325547	1.4285604345769616	0.6397371723948492	0.1747672741901971	-0.2817582841869868	0.995430218775739	0.06315491020356458	1.0
1767000	-21.414075711377507	-19.64077559107603	-1.7733001203014775	-10.646221387795794	-8.994554203280236	0.5957313456743282	1.060514872646164	0.2817088444088159	0.06169272841595154	1.4038495888344689	0.1317438258518874	1.0
1768000	-21.281865254552315	-20.942887396306904	-0.33897785824541227	-9.604817545798388	-11.338069850508516	0.7735672299607956	0.5326921319415404	0.0037381265700105193	-0.12617733898566086	1.0707898414260115	0.054661650512412494	1.0
1769000	-22.779353026163268	-18.41296749763931	-4.366385528523957	-8.814905936486005	-9.598061561153306	1.3705440567128355	0.676110863648879	-1.0139710647559437	0.3469229167206694	1.1720329032032615	0.5399324985904357	1.0
1770000	-23.437822568902146	-18.65894607614714	-4.778876492755006	-9.563996433038767	-9.09494964310837	1.6296575670479225	0.770893007375641	-0.42406040119115584	0.41973525984763627	0.35220721288545687	0.8093792659489342	1.0
1771000	-26.498257752147566	-21.287743469765907	-5.2105142823816575	-12.646182809911346	-8.641560659854562	0.40975189702910353	0.9459454449119382	0.24049579195203796	0.49572973216948346	0.3063426792408033	0.039782769237849076	1.0
1772000	-23.969844839189122	-18.03348368641282	-5.936361152776302	-9.635690984602183	-8.397792701810635	1.2314184291259995	1.0846878665869677	0.5924310336929047	0.7950464198734527	1.4484593627742592	0.14345405683635282	1.0
1773000	-22.08419945120978	-18.48480377471887	-3.599395676490912	-9.51736362370806	-8.967440151010809	1.376115607204599	1.3375403869704456	0.2157695050746155	0.4324843732946422	0.45246457234338777	0.0778112788757121	1.0
1774000	-24.148781560092953	-19.68656241625208	-4.462219143840873	-8.871137671567004	-10.815424744685075	1.3914319508610298	0.6456172149995872	-0.8732566084788922	-0.38228511361182127	0.6129913621865475	0.26127050243339695	1.0
1775000	-24.631222634597158	-18.927239490278538	-5.70398314431862	-9.987730982031845	-8.939508508246695	0.6809537364947689	0.9324848754730842	-0.9713636310342371	0.21486759596594673	2.2437367852881023	0.12572989828027195	1.0
1776000	-23.020582097036872	-17.52843731904545	-5.4921447779914185	-9.251963049555975	-8.276474269489475	0.8527708268819694	1.1111452180293817	-0.3354299844710426	1.0933974942953641	0.6047261693031416	0.21977653644984357	1.0
1777000	-24.695629224859	-20.73274070847315	-3.9628885163858536	-11.795637453331096	-8.937103255142052	2.2822796145921203	1.0241961993789863	-0.5297898385376749	0.13225653795497785	0.5383408475902072	0.1719534569931824	1.0
1778000	-20.44464329942428	-18.346833425960693	-2.0978098734635875	-9.44013167964867	-8.906701746312022	0.8725649691929509	1.1113260875216826	0.3170485246142837	0.15048287390099635	1.1946289033932151	0.048140683022398045	1.0
1779000	-21.26339703587303	-19.7073766781687	-1.556020357704329	-9.158182500772996	-10.549194177395703	0.9610297730056332	0.5533340523316735	0.04145848926279155	0.2729966025886176	1.9476659843202837	0.10379143162084503	1.0
1780000	-21.094129785108002	-19.94246038276006	-1.1516694023479424	-9.58007659582255	-10.362383786937512	0.7873086882830841	1.7771481809043215	0.08675674891085039	0.14603518832115386	0.8339142110105521	0.02019258293163577	1.0
1781000	-20.5565645322565	-17.93920546342474	-2.617359068831756	-9.174352656932635	-8.764852806492105	0.9163104230344236	1.1925828949989914	-0.086818379144427	0.38819586354536895	0.9496892730323546	0.044060451190320385	1.0
1782000	-22.394920654904084	-16.694682099337044	-5.700238555567038	-8.725405393346282	-7.969276705990762	1.1193625418117514	0.9373903643483987	-1.3130178122319833	1.4773582554893379	1.3640369420877787	2.2272986575656932	1.0
1783000	-19.35588165821151	-18.697929924973277	-0.6579517332382327	-9.17129616194984	-9.526633763023437	1.0121404341111881	0.7754610787572345	0.1590864202283516	0.053721060020788136	0.9076405250669025	0.03230016771081653	1.0
1784000	-21.601918143932256	-19.079571775340437	-2.5223463685918195	-9.724989507135803	-9.354582268204634	1.431166798929221	1.3698604077421057	0.29956107199909754	-0.05194124414922305	0.698749202093365	0.0719010831369976	1.0
1785000	-20.21624443875488	-18.539804261196075	-1.6764401775588071	-9.595370516703458	-8.944433744492619	0.7683007871748183	1.1923846740576725	-0.1094463308265303	0.1585120068342375	1.0221960001319907	0.09942753859239037	1.0
1786000	-21.744773064327084	-18.352478816127785	-3.3922942481992973	-9.42379281970729	-8.928685996420498	0.9828235516092341	0.9206129725270503	0.5202899781804244	0.24130439002699097	0.967769898185963	0.508248759430509	1.0
1787000	-22.75165687550756	-19.103987989031413	-3.647668886476148	-9.353436154624065	-9.750551834407348	1.0066481547154744	0.9080540426068566	0.4379509588633388	-0.4110029490183794	0.4903082304849631	0.10781376636581705	1.0
1788000	-20.303886761896287	-18.167123376207662	-2.1367633856886257	-9.38821246124159	-8.778910914966074	0.8333452447022334	0.9359517988314034	-0.04493333345243264	0.3650293959077525	0.9735537004448626	0.14157095660368504	1.0
1789000	-20.943490197504932	-17.868205061842033	-3.0752851356629	-8.93965642726936	-8.928548634572673	1.0621620484809937	1.248757269965962	-0.24596434703954762	0.2564770825734617	1.2534169657874505	0.2261416072457261	1.0
1790000	-22.665755493015205	-18.617290981707114	-4.048464511308088	-9.436415072634171	-9.180875909072942	1.0162247262159037	1.1212348385438746	0.5532184187509356	-0.12212781073975387	0.30654258601349366	0.13215869627041926	1.0
1791000	-22.016518821950974	-18.08397861201039	-3.9325402099405853	-9.419357398920992	-8.664621213089397	0.9160744100714605	0.9468606989402952	0.4154301110811991	0.47011938040832235	0.45014761901728073	0.4667793893468915	1.0
1792000	-23.223345591208243	-17.72300808896848	-5.500337502239761	-9.28245554039149	-8.44055254857699	0.934473203671681	1.217631877085814	0.21860186481894317	1.6285305050783427	0.6453054463427464	0.894576562852768	1.0
1793000	-22.209845152683247	-17.517851548595797	-4.69199360408745	-9.355710652706437	-8.16214089588936	1.0141950017117867	0.8646012163128457	0.44494477581309744	1.1867203187565332	0.6581150714639525	0.8160826051197594	1.0
1794000	-23.000116129403377	-19.995962337869848	-3.0041537915335303	-11.274140999449283	-8.721821338420567	0.5191594153396373	0.8094510063696224	-0.43590680138967075	0.6557098937242396	1.0059918931630367	0.3655721188774016	1.0
1795000	-20.781221962759812	-18.060688935140277	-2.720533027619534	-8.938234020082984	-9.122454915057293	0.9926937643342656	1.0816423723205912	-0.43148881526434896	-0.06511635864930743	0.7656113878586972	0.15915726275002545	1.0
1796000	-24.441619533494116	-20.54967446493373	-3.8919450685603865	-10.158830947265784	-10.390843517667946	1.775014272344247	1.7877706526895107	-0.22982950500907384	0.1830928259082078	1.3317597868964843	0.034821517496085856	1.0
1797000	-20.190560193880064	-18.999228386412984	-1.1913318074670787	-9.252509228671705	-9.746719157741278	0.8771530888962643	0.6911482014455378	-0.10256856678873214	0.17236262798445595	1.8538860504137213	0.07527122797929175	1.0
1798000	-21.749349396828233	-18.067058745670977	-3.682290651157255	-9.100591695566516	-8.96646705010446	1.2572128390234707	0.7036341796703041	-0.06585681372099983	0.7631408399398587	0.7710261884909105	0.2247683928426817	1.0
1799000	-21.401089797908092	-19.392370151639277	-2.008719646268817	-9.057542769826467	-10.334827381812811	1.1035109220494526	0.7156380293502965	0.008666410429755689	-0.3375423002530275	0.756204285061629	0.09264065123068863	1.0
1800000	-21.155267835860744	-18.46523834960157	-2.6900294862591743	-9.098341511665662	-9.366896837935908	1.035365828310002	1.4857928893095025	0.05301238896214634	0.3368471737063117	0.5482904424888732	0.0973886229060524	1.0
1801000	-21.291607563828464	-18.102294673995814	-3.1893128898326504	-8.93447373542353	-9.167820938572284	1.1181751059053935	1.3925320043784037	-0.22323258096680443	0.28016635459377776	0.3277008376046764	0.04840883043445173	1.0
1802000	-22.08462809468719	-18.671838134872424	-3.4127899598147664	-9.722576675963289	-8.949261458909135	1.3522496870515177	1.1899813685854437	0.46204904129278135	0.15047459103960847	0.47070894056679125	0.1045147038708918	1.0
1803000	-25.15726175784757	-19.95107111744781	-5.206190640399761	-8.974177463232143	-10.976893654215665	1.4447731437171132	0.883775421683882	-0.7926179780744456	-1.1689190315029112	1.0917538841301286	1.096768068793501	1.0
1804000	-22.26288627424582	-18.201604886179567	-4.061281388066251	-9.308504539280639	-8.893100346898928	0.9980107809633444	1.0845944808197756	0.3664403291328809	0.16117508913936476	0.22277193022114417	0.1884409990928408	1.0
1805000	-22.303728660447092	-18.63905983607729	-3.6646688243698007	-9.66672852105567	-8.97233131502162	1.3939383374127694	1.1005088731993589	0.3257715950185346	0.08002873748028327	1.9227180005652338	0.11763784358441509	1.0
1806000	-21.175394114265245	-18.041332863517972	-3.134061250747272	-9.033775482629265	-9.00755738088871	1.220160448185195	1.088969210716192	-0.1150012907062396	0.04440178267898576	1.2933093077258615	0.30086879470619665	1.0
1807000	-21.29123349281462	-18.872854781033624	-2.4183787117809974	-9.56126172063892	-9.311593060394703	0.8088602944606038	1.0702057388166977	0.22759796199603605	-0.23083925592302135	0.4214266830774409	0.04698063420545985	1.0
1808000	-22.151828343126677	-19.502565293667086	-2.6492630494595923	-9.082088190387747	-10.420477103279339	1.3377206070838885	0.676605429530905	-0.24773700311431263	-0.24986465940187189	1.947267014866682	0.06778341842112043	1.0
1809000	-22.94605127202266	-20.928386498345972	-2.017664773676688	-9.110087185529284	-11.818299312816688	0.9179132130698793	0.42704151233972454	-0.2674696930941983	0.3630745780876299	0.9060972405781371	0.07533601454352766	1.0
1810000	-22.89623991726885	-17.203947528710202	-5.692292388558648	-8.89371191370428	-8.310235615005924	1.4275081923636108	1.1346141817349937	-0.986502717394034	1.0947543570914133	0.6333492381349424	0.5862053908540045	1.0
1811000	-21.556777524657292	-19.843733433909563	-1.7130440907477311	-10.619464634582584	-9.224268799326977	0.5926764241502273	0.8792964354869957	-0.02054151076004085	0.04973582568663841	0.42652223608312323	0.08424472121526999	1.0
1812000	-22.701361649948147	-19.356026302448704	-3.345335347499443	-9.947537717625138	-9.408488584823566	0.722173165858482	1.5131087370858964	0.3978480837477014	0.42654516602783316	0.7220103535002462	0.2013288256124902	1.0
1813000	-22.41789556708872	-17.484977098561828	-4.932918468526891	-9.29602701943889	-8.188950079122938	0.8910758288558077	0.8830067416916026	0.09139631375841237	1.1227802553842834	0.6291720832423886	2.124333007183177	1.0
1814000	-21.757041496941657	-18.097010905752875	-3.660030591188783	-9.486853031055226	-8.61015787469765	0.9112217744671873	0.8368290615552145	0.5136066745396155	0.7038079910444188	0.9493552958793557	0.48428084888716233	1.0
1815000	-22.874544688414673	-17.86035881732581	-5.0141858710888645	-9.228836612593927	-8.631522204731883	0.8772858818282243	1.0585549590594876	-0.17507214878761157	0.4538183324741568	0.39285889451531814	0.028921955923155628	1.0
1816000	-20.929028898255392	-18.01940737761683	-2.909621520638564	-9.277199782206363	-8.742207595410466	1.1828895842162959	1.1496842937311476	0.270925861947152	0.36530906064658913	0.715015848808561	0.11010363357917304	1.0
1817000	-18.96881781399095	-18.338601038144272	-0.6302167758466761	-9.102386847051594	-9.236214191092678	0.9737297907013145	1.3349018090257574	-0.04573377795994517	0.02154812056981456	0.48424599197870316	0.021599247370145562	1.0
1818000	-21.739063814269535	-18.594070169783	-3.1449936444865347	-8.976349405551233	-9.617720764231766	0.985310637552072	1.3344518693330942	-0.33708678943697923	-0.3895863258541341	0.8930907714817979	0.10532707879713558	1.0
1819000	-21.36193961531541	-19.109531047034206	-2.2524085682812056	-10.214066343498164	-8.895464703536042	0.6612252854593254	1.037821318492342	0.27271871922055607	0.16722474352820021	2.048638082012542	0.13317754521717637	1.0
1820000	-21.07910417840243	-18.419650947898838	-2.6594532305035954	-9.249871120627002	-9.169779827271835	1.421917684601395	0.9683482563290526	-0.20607685450853577	-0.03496587861803291	0.8507822268447869	0.19227430657484648	1.0
1821000	-22.262574237146396	-19.619112058305518	-2.643462178840878	-9.223093785650365	-10.396018272655152	1.1547656395958477	0.5743849980309886	0.2295827133173661	0.25658467651127836	0.45175939770016593	0.031103068114226192	1.0
1822000	-20.8787540405468	-18.034881725956858	-2.843872314589941	-9.247402590717131	-8.787479135239725	1.1193679957339722	1.0964801988405501	0.287615425160477	0.2782938599234503	0.5365099267613133	0.05318221903310474	1.0
1823000	-22.02654860903256	-17.368951633481597	-4.657596975550963	-8.87532217103977	-8.493629462441827	1.3256603695245703	0.9446076391385022	-0.6223022237757412	0.6631702995510761	0.6498944256487073	0.1956123470705861	1.0
1824000	-19.783716891324705	-19.328266219071793	-0.45545067225291125	-9.496750824703636	-9.831515394368157	0.7935520373956305	0.7696395922762767	-0.11912903459246571	-0.15809581373830844	1.0821069414649553	0.02362075018578471	1.0
1825000	-25.069672441788814	-18.47114212835438	-6.598530313434433	-10.57756456004224	-7.893577568312138	1.043078973352054	0.5309720025942832	1.58886755695525	3.100579101030248	0.6389400365180742	4.422220116126564	1.0
1826000	-20.907641061297632	-18.170392773113445	-2.7372482881841878	-9.10745907775786	-9.062933695355586	1.382131194331327	1.1406320325312067	-0.31412831831175486	-0.0036979044154222818	0.5121575953704692	0.11556598528283799	1.0
1827000	-25.23028420079077	-19.09041798310562	-6.139866217685148	-9.472979132975759	-9.617438850129862	0.8463492906490682	1.5934688988790915	-2.0182834726940784	0.6864618699631113	1.0544036599753968	2.7088716786141736	1.0
1828000	-22.823521605196873	-18.343906353205327	-4.4796152519915475	-9.822581375325399	-8.521324977879926	1.5845457961413663	0.9862092038355558	0.012478680200437964	0.6003148154147142	0.8161993284641653	0.9486349178207992	1.0
1829000	-21.424542941855993	-17.62836229096311	-3.7961806508928833	-9.031064928701957	-8.597297362261152	1.2562887073388262	1.1281734337688791	-0.1719534621179527	0.539621011480771	1.4553507222675723	0.11309468214346317	1.0
1830000	-23.396616005755497	-17.107089730928344	-6.289526274827155	-9.464959514876767	-7.642130216051575	0.78669656996285	0.7238679499714384	-1.2247788416454797	3.250498197556013	1.0762220397967583	3.5175186443550324	1.0
1831000	-20.22588406863038	-18.435021844938305	-1.7908622236920742	-9.165984988497044	-9.26903685644126	1.0857225543807385	1.3874318495464815	0.18403248089361665	0.10434127307203694	0.7719185062086736	0.05683817930717498	1.0
1832000	-21.14605270354764	-18.876733427450787	-2.2693192760968515	-9.273062787446367	-9.60367064000442	1.2518783709886108	0.8607043606895497	0.17330691341633547	-0.21483954519868087	1.8625380642678084	0.03360338295789514	1.0
1833000	-19.42130387889108	-18.52837289689955	-0.8929309819915288	-9.573669986405953	-8.954702910493598	0.7734578042815509	1.0578298600046814	-0.11440965884243787	0.10158413898422097	1.3849347882823757	0.04568083833372849	1.0
1834000	-21.874537535468868	-17.452171492236445	-4.422366043232422	-9.152750675228042	-8.299420817008405	1.3534467915489814	0.9893942358181282	-0.1762366018008923	0.8933769465536381	1.2164368455288068	0.4673069665986046	1.0
1835000	-22.990419539806386	-19.144950625224304	-3.8454689145820806	-9.8025221151465	-9.342428510077802	1.321089213495608	1.0481389170578232	0.5917632822418226	-0.24681607147609536	1.2088520648682621	0.3375326047718176	1.0
1836000	-22.60614380870389	-18.758804704065174	-3.8473391046387153	-9.716003700269114	-9.04280100379606	0.8017221464734432	0.7700246653453399	0.5172832323931091	0.4677364872439489	0.4415509461165992	0.38855087283664813	1.0
1837000	-21.158909448527247	-18.478606734699444	-2.680302713827803	-9.275569431988181	-9.203037302711262	1.2154324983673581	1.3607796833484314	0.22900992642542228	0.12529696272368956	1.6236863497562855	0.03007304192536634	1.0
1838000	-24.542706676431546	-17.843061811198112	-6.699644865233435	-9.611193522816958	-8.231868288381152	0.8433963679874747	0.9050213900939151	-2.256910678214811	1.036520030754967	0.7813708725768506	1.0412827512765144	1.0
1839000	-22.127845939349204	-17.420162621928192	-4.7076833174210115	-8.76194775605333	-8.658214865874863	1.2997558269320872	0.8238301219727631	-0.9294622324289141	0.6840596271376446	0.6325460385977433	0.5564877341596538	1.0
1840000	-20.221602164249692	-18.54920765578018	-1.6723945084695115	-9.362324428533242	-9.18688322724694	0.8486390277090718	1.27709569546505	0.0054867313091486875	-0.018833525065566334	1.679531671611723	0.06710083802768294	1.0
1841000	-20.98909624186605	-18.103873913271258	-2.8852223285947916	-8.911313823083072	-9.192560090188188	1.0873756055964099	0.9443473443950049	-0.2876814464058173	-0.025917344032954148	0.25973280428016543	0.042760371169785844	1.0
1842000	-22.43847926864041	-17.522579939866738	-4.915899328773673	-9.001689854399675	-8.520890085467062	1.4731597148758668	0.7671375441443994	-0.8518429444370539	0.9781296371607078	0.7789547379392787	0.7536246551531339	1.0
1843000	-22.960969490424418	-19.992884685489877	-2.9680848049345405	-9.974915570011316	-10.01796911547856	1.6282848584296108	0.6270834835828851	0.03713222359540083	0.2510529561449807	0.23658197528890987	0.05875414269590542	1.0
1844000	-21.53681268290972	-19.25338532185909	-2.2834273610506295	-9.422995075046977	-9.830390246812112	0.8708322831558885	0.720091670123401	0.2754877701359265	0.0024128620623236063	1.519864758686213	0.2807246756787425	1.0
1845000	-19.82996858185348	-18.432417016819272	-1.3975515650342052	-9.218179037510794	-9.21423797930848	0.9180719914509906	1.240817266146246	0.029973304373343293	-0.09255471541661597	0.6698648404531632	0.06311283626053	1.0
1846000	-19.199042347776405	-17.92572167722989	-1.2733206705465128	-8.995401655721105	-8.930320021508786	1.1764216581537492	1.0649882276310025	-0.13218762921287927	0.12439601758951548	0.5145206845646975	0.023725544849021604	1.0
1847000	-26.10262892290362	-20.7417875016307	-5.360841421272918	-10.166291318571657	-10.575496183059043	0.7290306160006415	1.834648996496977	0.9104072306375977	0.6817809374825882	1.2465814175252592	0.36328754175659334	1.0
1848000	-21.611457212073425	-18.61883995691175	-2.992617255161674	-9.338848997195491	-9.279990959716258	1.102986470420788	1.369718834388741	0.4146134503504036	0.04270188740199843	1.1918514889672616	0.09270365078374518	1.0
1849000	-22.24573891414686	-18.416661356655347	-3.8290775574915124	-8.89291712682526	-9.523744229830086	1.0482743492257152	1.285638196369605	-0.3925987414765012	-0.35467707348574473	1.704106989895053	0.10473583064935608	1.0
1850000	-22.961604785359803	-17.1897158154081	-5.771888969951705	-8.865232753285222	-8.324483062122876	1.0175462406937577	1.1471083490907306	-0.5991305219486481	1.1121141322793684	0.34833728393036933	0.4030874674205554	1.0
1851000	-21.8043864377703	-19.32539231324199	-2.4789941245283083	-9.148821150515802	-10.17657116272619	0.9315233629481506	0.7907784695706024	-0.08195488932792616	-0.46016219087165533	1.50382114149822	0.07484784529920287	1.0
1852000	-22.672646604020695	-19.08262069889961	-3.590025905121083	-9.222011758037578	-9.860608940862035	1.4906224633327239	0.6583490089029942	-0.4492585665500586	0.2231684532537915	0.484057966773315	0.06128318669696371	1.0
1853000	-27.904943184843404	-21.14713564392448	-6.757807540918927	-11.65376010572446	-9.493375538200018	1.0702781814978803	1.0594718261940101	2.2007592820574438	-0.3767582558041721	1.3110430267789892	0.8973962669900808	1.0
1854000	-21.587485070325858	-17.673978782186232	-3.913506288139627	-8.795724715827708	-8.878254066358522	1.078273983333249	0.9756945230847442	-0.6615585601088987	0.22462868269253394	1.7445187183773456	0.2930303830896406	1.0
1855000	-21.7666736186818	-19.25364605971254	-2.513027558969261	-9.231073429483676	-10.022572630228865	1.1964678262411919	0.7322599296583957	0.1970018343584483	-0.17810555770622932	0.7435062263195918	0.22057764071308542	1.0
1856000	-21.688182592312714	-18.258870190774477	-3.429312401538236	-9.437874503910237	-8.82099568686424	1.299836337466862	0.9345098913040276	0.2811518918493462	0.32525696633782397	0.4955629322654121	0.04035692633001193	1.0
1857000	-20.729754116143578	-19.548199941202608	-1.1815541749409708	-10.371876513455756	-9.176323427746851	0.6283841722380714	0.796638277635179	0.06028924031598221	0.2771705320755736	1.673049403297351	0.08188357334274722	1.0
1858000	-20.515421598663245	-17.72711385260498	-2.7883077460582646	-9.041313320485088	-8.685800532119892	0.9798800729198127	1.1364905370917546	-0.17384208197162038	0.4263887061280331	1.0771611821647604	0.15489406494661312	1.0
1859000	-19.468021031239246	-18.065817611236355	-1.402203420002893	-9.247992985735719	-8.817824625500636	0.8925758020703738	1.02680225892128	-0.018622717805552635	0.2509984276995446	1.0878180094326655	0.05094891319412831	1.0
1860000	-19.65780570722109	-18.05488475356833	-1.6029209536527596	-9.105376093516357	-8.949508660051974	1.2142466404152332	1.0051893612308118	0.002812283582659114	0.13198575959879996	0.4745754717131207	0.052628823927696536	1.0
1861000	-24.085861953813605	-19.79727296613216	-4.288588987681447	-9.35760697300716	-10.439665993124999	1.410348566141354	1.6052155167140325	-0.03860759362954058	-0.6866264044766756	0.8461641955561351	0.26654226114762136	1.0
1862000	-21.86362954706765	-18.955517684542897	-2.9081118625247515	-9.703067425278356	-9.252450259264542	0.8039567320345584	1.3160209280540036	0.5044790153393951	-0.03347581483623269	0.9400054570395202	0.11064574171577013	1.0
1863000	-25.893403103532634	-18.885846531184075	-7.007556572348561	-8.908198161979826	-9.97764836920425	1.2110847241780351	1.6351844074695976	-2.0242301127278415	-0.03860965818695067	0.34224975490298865	0.9984633253712718	1.0
1864000	-26.47635204738145	-18.924638226903845	-7.551713820477605	-11.142336167527745	-7.782302059376098	1.105213168002466	0.9003474573590584	1.8659273317887548	2.0298342877397166	0.7036083659225708	1.0785978511595147	1.0
1865000	-20.919314168701657	-18.680246560142848	-2.23906760855881	-9.392061453322386	-9.28818510682046	1.4548404971997497	1.1193661575379152	-0.10759778622784893	-0.220179628342134	1.0453664877009907	0.0736068330915696	1.0
1866000	-22.088719025319836	-18.310352874183714	-3.778366151136123	-9.691141628581146	-8.619211245602568	1.3201132314591735	1.049416431004038	0.49460312670508866	0.4679530861748657	0.761230141054842	0.1702422284534889	1.0
1867000	-21.38550069204043	-18.76397908564082	-2.6215216063996114	-9.144077683221031	-9.619901402419789	1.3398575820229068	0.662498272018677	-0.1587234652773618	0.38801804507725973	1.0454058026623625	0.18203384478729262	1.0
1868000	-23.16353141269152	-17.934544013746162	-5.228987398945359	-9.397856073541092	-8.53668794020507	1.5443288818961491	1.2444748140923563	-0.3606003859492233	1.0403561103228243	0.5568098505807364	0.3573938334461451	1.0
1869000	-21.49447238309438	-18.420365301443493	-3.0741070816508866	-9.257624749444	-9.162740551999493	1.1893931058683036	1.3377559337561602	0.23908066942064415	0.12374722655114415	1.2112893490505807	0.19678333828978933	1.0
1870000	-19.74472529661271	-18.83383508732856	-0.9108902092841524	-9.790588912451353	-9.043246174877208	0.7307716243868845	1.2048853065768288	0.027518249633397503	0.05749092622403418	1.077017698060671	0.05500906197151231	1.0
1871000	-20.576066426951776	-17.966613100655277	-2.6094533262965003	-9.153837787378233	-8.812775313277044	1.1248860426094367	1.0564148506626494	0.1540220463321446	0.24793813849784008	0.4049356057545485	0.09254501534102759	1.0
1872000	-26.469113250827665	-18.532115164696865	-7.9369980861308	-8.899700997576739	-9.632414167120126	1.3910537362436335	0.8889426320366756	-1.770753665359913	-0.2906765353513485	0.6702962948971153	0.3299524703155732	1.0
1873000	-20.418541902927423	-18.35469338063539	-2.0638485222920337	-8.99460750856537	-9.360085872070021	1.0575369070910063	1.1805501523805355	-0.12850240659963774	-0.2742309262248612	0.9686925961982694	0.06969224556517556	1.0
1874000	-19.564054642373915	-18.597160397364796	-0.966894245009118	-9.333779278831472	-9.263381118533324	0.8748527442367989	0.8116789886382281	0.09841063670530008	0.16534870658004308	0.9020271066489906	0.052161752952923614	1.0
1875000	-23.400280803286442	-17.981315043879704	-5.41896575940674	-9.806016514594198	-8.175298529285504	0.7099175452029475	0.8288192955144178	-0.5695342879451888	1.2319568839917383	0.7550668713638796	0.3012865486297915	1.0
1876000	-21.09943520641606	-18.682905039312878	-2.4165301671031845	-9.119707530463636	-9.563197508849242	1.0050995000027965	1.5082863870646885	0.0557652862847281	0.0731834317415089	0.44482120452015994	0.11106601169686661	1.0
1877000	-22.276599874259617	-17.71514251660988	-4.561457357649738	-9.520187983469285	-8.194954533140598	0.9501646528435386	0.9919368497260338	0.6225895375215926	1.05982977119347	0.8108456594850655	0.6581627058956153	1.0
1878000	-22.60045972064924	-18.20954900072232	-4.390910719926922	-9.051038126103963	-9.158510874618356	1.273816002193184	1.4581809917755542	-0.1693250102366653	0.7901266950232808	0.8276970446339637	0.25526657097640376	1.0
1879000	-21.11494976753621	-18.046726620336408	-3.0682231471998023	-9.306767780241662	-8.739958840094744	0.8479643204467832	0.9825992329718108	-0.17385781690169955	0.3582313335663638	0.6215454836335056	0.3343197489290142	1.0
1880000	-22.357167010167714	-19.41359203408106	-2.9435749760866567	-9.72588687697221	-9.68770515710885	1.445255997741022	0.6813976693840085	0.2687629865771067	0.2560709134839118	1.9177062692278508	0.07605269915646437	1.0
1881000	-23.89732880933027	-17.002793068920077	-6.894535740410192	-8.750680273989548	-8.252112794930527	1.1145696886407417	1.0536443172235053	-1.4707515725515643	1.01247016534992	0.607322600802093	0.4502622160270945	1.0
1882000	-24.411200906672878	-18.68020508583532	-5.73099582083756	-9.02584072252998	-9.65436436330534	0.9463705648551117	1.4426694531297541	-1.6095675132182805	-0.24565542382368216	0.8560845638691814	2.982121334615234	1.0
1883000	-23.350322888638875	-19.72264272232806	-3.627680166310815	-9.087820248815017	-10.634822473513042	0.9248815209560382	1.856889724181921	-0.29581379237447314	0.3225775678775795	0.33210262854726724	0.10810430086974303	1.0
1884000	-27.284669794164685	-18.40916925550248	-8.875500538662207	-9.581887346269694	-8.827281909232786	1.7074247146618904	0.8602087984150193	-2.032107408879239	0.4395743421529973	1.7410781197296892	0.493092513495043	1.0
1885000	-23.35311339452098	-22.728302734641627	-0.624810659879353	-10.326296421552776	-12.402006313088851	1.7027799485545239	0.4285048938795875	0.13729633155762505	-0.018399042183848746	1.1454419367526403	0.02191635675996376	1.0
1886000	-24.587308774515527	-19.286841016019658	-5.300467758495872	-10.3743213434268	-8.912519672592856	0.6280064270146218	0.6007657598670858	0.059654440009795806	1.2972547046865794	1.9284283041892747	0.21342477631260504	1.0
1887000	-21.956990124326552	-18.43625274781329	-3.5207373765132632	-9.298563388805011	-9.137689359008277	0.8294858762467199	1.332498145950842	-0.47330562332685466	0.14568893702492014	0.5219248617922284	0.3253321352409289	1.0
1888000	-23.03288384263285	-16.70543367018651	-6.327450172446341	-8.703023266566506	-8.002410403620003	1.1934786845994034	0.6972908396746074	-1.031688545694851	1.8706851889008882	0.39963690348665065	3.447483375867982	1.0
1889000	-20.67984442152246	-17.665975141768815	-3.0138692797536475	-9.028148828834329	-8.637826312934486	1.2587940397893804	1.0794683594073804	-0.1807766940711643	0.45102704584362296	0.8631892109849912	0.1175299032651629	1.0
1890000	-26.19270545043137	-18.696909498493618	-7.495795951937749	-10.277732706211026	-8.419176792282594	2.0010754408152396	1.1819164088714387	-1.2343436458768626	1.9860380649353093	1.1607745127353977	1.443021519945343	1.0
1891000	-20.71432421679778	-18.71926851780673	-1.9950556989910535	-9.469299169722653	-9.249969348084075	1.3695384832395348	1.026203577162176	0.1790137644793401	-0.15490830794466826	0.7464287306034432	0.07508000884832308	1.0
1892000	-21.851296333488698	-19.26292776836221	-2.5883685651264874	-10.029142829741675	-9.233784938620538	1.5822395398953897	1.3707230096616883	0.2079107581235779	0.10832686029886843	0.5321479233031471	0.09261426641472431	1.0
1893000	-20.482541166075876	-19.12488304530463	-1.3576581207712461	-9.923753280227501	-9.20112976507713	0.6945424792209953	1.2921997582104312	-0.21259663052669067	-0.012664194556855902	1.4885735284093389	0.040912461462554076	1.0
1894000	-23.101832976113716	-19.96126698857996	-3.1405659875337557	-8.97158031508942	-10.98968667349054	1.1010780735977268	1.9061331481217545	-0.14983929118234096	-0.24581833241880846	1.028408518236291	0.12763180054981893	1.0
1895000	-23.400486035912586	-18.14056170490087	-5.259924331011716	-9.164603210451693	-8.975958494449173	0.8609146498027292	1.3577862258097797	-0.9896664522219966	0.5030436267664806	0.3710683573097006	0.40633474377265383	1.0
1896000	-29.638052206164048	-22.324260270666734	-7.3137919354973135	-14.669169668022798	-7.655090602643934	2.6959022944014146	0.7999708611898244	0.03211003610790153	2.7706362767908463	0.6281079604295414	3.4824554699220176	1.0
1897000	-21.118497342758968	-17.577636895874903	-3.5408604468840634	-8.9478507396035	-8.629786156271406	1.0311505183781433	0.8156038370454525	-0.2777641028884516	0.7326340174989632	0.990627916386617	0.23761431464378782	1.0
1898000	-22.342049139996245	-19.269388007487763	-3.0726611325084816	-8.983807654795983	-10.285580352691778	1.0019099413631407	0.7376122634142146	-0.25697910164923776	-0.3779348354785089	0.48632741073108454	0.05845910464002956	1.0
1899000	-21.402140159548182	-19.35816483548901	-2.0439753240591716	-9.233918387861415	-10.124246447627595	1.0021916668712096	0.6340000494071041	0.2536329830047321	0.14107605496595751	1.8924773996361783	0.1503677769983279	1.0
1900000	-20.71688586017017	-18.553029496386205	-2.163856363783964	-9.349295762813004	-9.203733733573202	1.3634585951197382	1.1579608025744166	0.05733341135291703	-0.13648659080027437	0.38763250780129455	0.06641832397583751	1.0
1901000	-22.352977617699068	-17.222172125871115	-5.130805491827955	-8.90936749984948	-8.312804626021634	1.3521484671650406	1.0469759835384918	-0.6145208331720771	0.8962730040547309	0.39014988843715204	0.5613886445102724	1.0
1902000	-22.24088286410221	-17.906615873979835	-4.334266990122377	-9.13091206075639	-8.775703813223444	1.513903772493278	0.8076281395489988	-0.710743802714611	0.6079926197774271	0.7590151115191819	0.3816380420126593	1.0
1903000	-23.120286270263023	-20.626004071565006	-2.4942821986980146	-9.147910998120034	-11.478093073444972	0.9110432631444274	0.4603854933302704	-0.19138617350017623	0.2994556040831211	2.101312478592593	0.4086931263429758	1.0
1904000	-22.0441441694141	-19.266453151637762	-2.7776910177763363	-9.717653915176722	-9.548799236461042	0.7323926113637437	1.4223441178557252	-0.2919473631988763	-0.16941527201557194	0.8833200213067499	0.23317829451587865	1.0
1905000	-21.850447246627784	-19.32109912767256	-2.5293481189552245	-9.15893133673809	-10.162167790934468	1.0859562853195497	1.7004893269991956	0.1732979196856691	-0.007723643252220136	1.4169639654606652	0.06022905258233168	1.0
1906000	-20.867716531640895	-18.285656375568173	-2.5820601560727217	-9.003014486011917	-9.282641889556254	1.1568415746829623	0.7228939462660696	-0.10440341210509589	0.41860679199665585	1.63749916599108	0.07443794789537572	1.0
1907000	-24.336483880066012	-19.96917242670485	-4.367311453361159	-10.929468368750145	-9.039704057954705	0.5539296260854663	1.4176523364189515	-0.38205928165034747	0.7760281725801528	0.93288030144381	1.3020057260940388	1.0
1908000	-24.42737278250599	-19.271374833821902	-5.155997948684087	-10.346362748910128	-8.925012084911776	1.6158214881131974	0.6617473878926435	0.3780661749076283	0.976765179231097	1.4669196221220635	0.2645932100210951	1.0
1909000	-20.950711977340454	-18.741579238764423	-2.2091327385760327	-9.114554589321628	-9.627024649442797	1.2580452857570812	0.903750128635566	-0.04678190949120219	-0.3123017791440938	1.21958340475439	0.0871065198439306	1.0
1910000	-21.138799409351403	-19.077801686093213	-2.060997723258191	-9.465609189228243	-9.61219249686497	0.8390245670850144	1.4456162467160005	0.20364979025562008	-0.19012306506933674	0.8815614676631092	0.07961965261877253	1.0
1911000	-22.940620544247935	-19.232675323631987	-3.7079452206159456	-9.321327889599617	-9.911347434032368	0.8228227309990082	1.4509721888478722	-0.47151029009387335	-0.49541544581695673	1.0140980092345717	0.32092293553761975	1.0
1912000	-21.583422681890237	-19.453533449542487	-2.129889232347749	-9.640761451432063	-9.812771998110424	0.750454518683141	1.610319265988967	-0.252333718733718	0.13606940225550468	0.8369070145968461	0.07541980865873452	1.0
1913000	-21.483746267874622	-18.501109513983955	-2.982636753890665	-9.161901962036387	-9.339207551947567	1.2882768687664254	1.2991054155074837	-0.03143341455744819	-0.15603853388569555	0.2764226307238413	0.10393563271642796	1.0
1914000	-26.334856136955416	-19.719583544815123	-6.615272592140293	-8.717142153368194	-11.00244139144693	1.2562025841526379	0.5330688066942341	-1.3737338531603789	0.09068959645901697	0.24771316368468416	0.375770180128202	1.0
1915000	-21.504750655795828	-18.107030591097192	-3.3977200646986354	-9.097806007056434	-9.009224584040759	0.9046504998547641	1.2040262447803738	-0.4235391489922693	0.09507318378785012	2.0505921824895195	0.12387723220445197	1.0
1916000	-21.237206401626665	-17.6739096622491	-3.5632967393775656	-9.20284303775323	-8.471066624495869	1.1168683190755233	1.014093960789534	0.22816448429422798	0.6543209181327693	1.0815046018722816	0.21939361767781873	1.0
1917000	-21.117259184444624	-19.186573760683117	-1.9306854237615074	-9.226711211193518	-9.9598625494896	1.3598048318529106	1.6457758973997871	-0.0878718106355191	0.05403507523825862	1.0950968605718105	0.043290942251002655	1.0
1918000	-21.88920226857931	-17.80706734024311	-4.082134928336203	-9.325758902586626	-8.48130843765648	1.2508307022234983	1.1439977789590619	0.23797173378337924	0.7484700995463477	0.8663685468829287	0.22294030544435514	1.0
1919000	-21.06408235978338	-18.572788387982932	-2.4912939718004483	-9.606704081480324	-8.966084306502607	0.7606289365044681	1.2652844106838832	-0.20003296855904018	0.2362655419304377	0.5568577581933611	0.13540167762679703	1.0
1920000	-21.426311211647516	-18.42077858715495	-3.0055326244925675	-9.3516546124862	-9.069123974668749	0.9038988128444447	1.1532867427510443	0.25985479473547124	-0.005191019975916797	0.30477808544043944	0.12052290215402359	1.0
1921000	-23.549924920101727	-17.363178535246384	-6.186746384855344	-9.192692183398247	-8.170486351848137	1.1587005009394933	1.0337064340159137	0.18527455967866988	1.1461818238855606	1.2012081882364247	0.1766531188129517	1.0
1922000	-22.488410772216476	-18.000753026582302	-4.487657745634172	-9.3171549144008	-8.683598112181501	1.2404352239533258	1.2078068222542275	0.24368627518534397	0.5392795228715445	0.5080697910895493	0.8587534631310683	1.0
1923000	-22.948676927913297	-17.543039546088483	-5.405637381824812	-9.085176396544327	-8.457863149544156	0.9034258504899376	0.9481397529997858	-0.497929761364575	0.7026466926403618	0.2537227447708948	0.17838820882961084	1.0
1924000	-20.46242018230134	-17.854779157301856	-2.6076410249994852	-9.052959983516804	-8.801819173785054	1.124614056521588	0.9466736374554672	-0.0034257904509908954	0.32954116595782657	0.4111243316841579	0.07678637158707094	1.0
1925000	-24.390710583241194	-17.205291802527654	-7.1854187807135395	-9.110618197062857	-8.094673605464795	1.4953972932492243	1.0682579902477751	-1.9468761988330083	1.4897261756174476	1.6638919985016427	3.011160003998819	1.0
1926000	-25.507426880840903	-19.09238816651608	-6.415038714324824	-10.14809117310221	-8.94429699341387	0.8922607922253215	0.38300968757833975	1.3018508206846429	3.1609233128870833	0.6878295145870564	11.526171325700593	1.0
1927000	-22.222431535013303	-19.29076045313878	-2.9316710818745233	-9.274344732360747	-10.016415720778033	1.172076657723461	0.7187965445560347	0.27903056673590054	-0.12765110520629716	2.3447248839697075	0.13882238596488045	1.0
1928000	-21.348323248848487	-19.088463274339095	-2.259859974509393	-9.538538847032381	-9.549924427306713	0.788776199941671	1.530100271607189	-0.029917195429284005	0.20220940906244256	1.309521741538713	0.10234011529163178	1.0
1929000	-23.50208317476076	-18.684489376638666	-4.817593798122093	-8.994371300386566	-9.690118076252098	1.1612902124222046	0.5424586391055457	-0.12252482612502091	0.981464610995038	1.7048485491985583	2.5948553815987814	1.0
1930000	-20.57383744487921	-19.002927414094454	-1.5709100307847548	-9.172279208774903	-9.830648205319552	0.9828028470881236	0.7032356484011504	0.11829787928307334	0.06345140007926575	0.5298746726849414	0.07843714307151595	1.0
1931000	-20.54110208472015	-18.788370273206784	-1.7527318115133688	-9.063745779554296	-9.724624493652488	1.0098531242579878	0.8020746492526438	-0.04889762287238712	-0.169392274498347	2.8192695784295507	0.021209645887948894	1.0
1932000	-23.82769066948816	-19.231644864397538	-4.596045805090622	-10.549494540832644	-8.682150323564892	1.8774882944106905	1.0098031021490685	-0.19331036191420561	0.4037262555309498	1.733242801932423	0.06022614245018357	1.0
1933000	-25.437636388329388	-19.97228250315036	-5.465353885179029	-9.60743135139824	-10.364851151752122	1.4579784441121215	1.366514083001551	0.12381803607357328	-0.9661381980407487	1.4560161875047937	0.4075566066658833	1.0
1934000	-19.527801024412142	-18.608232369487048	-0.9195686549250937	-9.080452239401337	-9.527780130085713	1.2427463378082146	0.8311353970464119	-0.073573990588116	-0.09238605748930465	0.9351455556582287	0.04261999885453908	1.0
1935000	-23.761561835816003	-17.463799716117627	-6.297762119698376	-9.512874860834142	-7.950924855283484	1.4535741545409024	0.9735884567757467	0.03486555812136577	1.5848053821296113	1.0700369283211548	5.976933456214373	1.0
1936000	-20.839967370587868	-18.851157785917028	-1.988809584670838	-9.57408563175415	-9.277072154162878	0.7786515837518562	1.0591303562892218	-0.036410233218227006	-0.19657009259261438	1.3502255750145953	0.15597502176802877	1.0
1937000	-20.941605982934654	-18.000129534462793	-2.9414764484718603	-8.839348974928784	-9.16078055953401	1.1275859092810667	1.049008307455166	-0.44750445430117647	-0.08948501244247786	1.1437153720008746	0.18807114415816276	1.0
1938000	-24.378187791846422	-17.11345996384462	-7.264727828001802	-9.145202527756595	-7.968257436088023	0.9545879225265611	0.8086293837197917	-0.005404397507082437	1.585313811355428	0.23276483200482317	0.4250249838653258	1.0
1939000	-24.436713036070415	-18.03212732811319	-6.404585707957225	-10.181766353859647	-7.850360974253544	0.7358096457264054	0.9572916309989659	0.9757454837736408	2.139691324228081	1.5377152655108646	0.968141003430201	1.0
1940000	-22.190932309633745	-20.10032114601448	-2.090611163619263	-9.864925522450143	-10.235395623564335	0.708487555602526	1.681906200042039	-0.122681113983514	-0.22848814195637493	1.324535772369253	0.045438157585394275	1.0
1941000	-19.70212034882818	-19.58881171219894	-0.1133086366292424	-9.69041802226056	-9.898393689938377	0.7466682030320428	0.7372781228421373	-0.09117423041418407	-0.10582777418780617	1.4329523608667791	0.03225936821362276	1.0
1942000	-20.68366214362062	-18.023498753432516	-2.660163390188104	-9.231262849835154	-8.792235903597362	1.3598062189490274	0.9819587574723164	-0.08183763881523648	0.30480495671801344	0.9572087941009344	0.16340723168419158	1.0
1943000	-20.65974820605381	-18.29254586970749	-2.3672023363463204	-9.067067120641278	-9.225478749066209	1.3398892642464793	1.3537130877942276	-0.27668861732940003	0.0768020797332589	0.7848976909831104	0.07017257446369526	1.0
1944000	-22.698278627308053	-19.278909134900616	-3.4193694924074385	-9.8371950150091	-9.441714119891515	0.7728548154069781	1.3087088783716925	0.5822920179609697	-0.24966313989442718	0.6887446941799433	0.17729759245790974	1.0
1945000	-22.523909886499894	-19.12472977745506	-3.3991801090448344	-9.313984435026942	-9.810745342428117	0.960584239662947	1.454229617315546	0.32921889435206886	-0.3898741961891312	1.278915066232869	0.11958165746371076	1.0
1946000	-21.814846993863014	-18.549226452633825	-3.2656205412291914	-9.316812598736801	-9.232413853897025	1.53982388663683	1.034821551120519	-0.46600424159595644	-0.14521954407433213	0.9490359576941868	0.10583276062211967	1.0
1947000	-22.18179896868348	-18.356122945557374	-3.825676023126106	-8.881267071334662	-9.474855874222712	1.1345034795705482	1.544333910030878	-0.3405891918268184	0.5256406724785014	0.6211826416026192	0.19091413600468604	1.0
1948000	-21.17853459671177	-18.46491616069102	-2.7136184360207523	-9.234200024362481	-9.230716136328535	0.861979489227672	1.1362106037363269	-0.30008797914730645	-0.16696239142027325	1.5568366540520415	0.19016226741536926	1.0
1949000	-19.443794950731757	-18.165008719069142	-1.2787862316626128	-8.986533160643843	-9.178475558425301	1.1847514896801028	0.9842599073668485	-0.15513069345406827	-0.058884351016767394	1.3162730997231262	0.04062571704865852	1.0
1950000	-19.431596442815668	-18.444735612792144	-0.9868608300235242	-9.016602734842087	-9.428132877950056	1.159513624783983	0.8100997694730497	-0.08265689703916751	0.03649638301985279	0.6904953673732708	0.04798918681558933	1.0
1951000	-23.335454909976114	-18.652076293136474	-4.683378616839638	-10.349578285419124	-8.30249800771735	0.6261576009210542	1.0543558584572013	-0.8449147599604802	0.9213198483595598	1.4446224199222795	0.3585598376827051	1.0
1952000	-22.10052070693922	-18.7448510135493	-3.3556696933899186	-9.405348070936194	-9.339502942613109	1.281476782145018	0.9388980678463869	0.27803217730334695	-0.141091861014628	0.2279500135154875	0.07427430507649684	1.0
1953000	-21.470284088427157	-19.21663548581511	-2.2536486026120452	-10.075219031519087	-9.141416454296024	1.5591704915030655	0.9083755518216527	0.3042703304340526	0.06970535981845727	0.9187410746818012	0.046702327543654165	1.0
1954000	-24.210491971080987	-19.556371845649522	-4.654120125431466	-9.59115728266556	-9.965214562983963	1.7152233342127703	0.8214972600250011	-0.7461585705038231	-0.3913853039541494	0.5565805547720833	0.18477429700051567	1.0
1955000	-22.355870925068416	-18.015229571473643	-4.340641353594773	-9.565587047731782	-8.449642523741861	1.2742672679758698	0.8163587166532458	0.4565477996962307	0.9231699524240864	0.7681328529495454	0.48811497406921783	1.0
1956000	-21.650243848847854	-19.749588409844005	-1.9006554390038484	-9.168608113836303	-10.580980296007702	0.9192602724579357	0.5247514235022026	-0.08737977863216492	0.43309822921734686	1.620493524722186	0.0824556713972932	1.0
1957000	-20.319935946856006	-19.147752212906795	-1.1721837339492123	-9.111481317834738	-10.036270895072057	1.0595781530973596	1.674245899455759	0.0926038709020762	0.0811883746035299	0.9079352181381662	0.026628158997371046	1.0
1958000	-22.76068190338349	-18.354989967797035	-4.405691935586453	-9.399497784618205	-8.95549218317883	1.1245013646366198	1.2294754689636977	0.4731344629426765	0.1901421567716681	0.7295579186550579	1.1079116980238783	1.0
1959000	-20.724218271480293	-18.752532423832562	-1.9716858476477301	-9.446412250179556	-9.306120173653007	1.287239720719283	0.847276742667605	0.31250927673122353	0.04681290850075178	0.9478561420828661	0.04812021334110213	1.0
1960000	-21.783577387042527	-17.10876761908343	-4.674809767959096	-8.987441392761744	-8.121326226321688	0.9448637720977006	0.9974119169097843	-0.5471947045190477	1.2002385075464077	1.0961152278195427	0.6855419128617649	1.0
1961000	-21.450106113670525	-17.80783531596132	-3.6422707977092057	-9.185932347160264	-8.621902968801058	0.9042081503175408	1.02858524270495	-0.12080193468369582	0.46626327564449466	1.2636325757014286	0.7177977484168474	1.0
1962000	-26.225593141698603	-19.277799008001256	-6.947794133697348	-9.687026548393376	-9.59077245960788	1.7589079459614823	0.8768054741732592	-0.796704464772194	-0.2368211524595944	1.1604315093190847	10.123047542580702	1.0
1963000	-22.836808444098395	-18.954516673654183	-3.882291770444213	-9.987296342438178	-8.967220331216007	1.7021537757617875	1.285849701290418	-0.16885679128122366	0.2782481916112689	0.3491440049318516	0.2733027720308647	1.0
1964000	-19.77995616810428	-18.20807693251404	-1.5718792355902416	-9.080966924212003	-9.127110008302036	1.2934644577139396	1.0438722515342567	-0.1583881846890437	-0.0566129988685069	1.0993209181369097	0.05478759812410926	1.0
1965000	-19.87895853165555	-18.146441954597627	-1.732516577057923	-9.069974233266265	-9.076467721331362	0.9844712587805817	1.0280907986591776	-0.09081218780705447	-0.001896847747236488	1.1439669183003067	0.11361145993143192	1.0
1966000	-21.5247065645269	-17.605359973134508	-3.919346591392389	-8.907473347735854	-8.697886625398654	1.3357812658235846	1.0779658835833223	-0.5719617397885859	0.377695121736085	1.1828732003980111	0.20348660117666328	1.0
1967000	-24.62827883797489	-18.981702161238346	-5.646576676736542	-10.379408477083985	-8.60229368415436	0.6463126720564405	0.8000642632612085	0.528281319542819	0.8001034926394232	0.8361616989189019	0.10147654802351261	1.0
1968000	-21.156767575276703	-19.63056061819908	-1.526206957077623	-10.602027439541061	-9.02853317865802	0.5935674175894424	0.8644283782017512	-0.11767805567712619	0.24659532768590905	1.4032758718067422	0.14374614514257425	1.0
1969000	-21.629681508679724	-18.874713982284433	-2.7549675263952906	-9.496888419344803	-9.377825562939632	0.773931420648684	0.8385693698372605	-0.5761104290387036	0.008237880436675588	1.753088376100174	0.14573194996713096	1.0
1970000	-24.762270146926838	-18.435570855891157	-6.326699291035679	-9.570949416396614	-8.864621439494545	1.5206195901078994	0.7635549546872629	-2.520883495489804	0.6481672605697919	0.916568025441102	3.5348994071176065	1.0
1971000	-23.32344020308825	-19.364660092962552	-3.958780110125699	-9.856416171531297	-9.508243921431253	0.7015804301372951	1.1025185264332904	-0.4807335176024502	-0.4050247712092607	0.3637710411880839	0.14102886860510827	1.0
1972000	-21.071938450918328	-17.785653669147408	-3.2862847817709198	-9.145300193703655	-8.640353475443755	1.3092196886484966	0.9172122240591166	-0.09387959791807618	0.531297696603311	1.3058867954955655	0.13677449707985248	1.0
1973000	-21.43539110424735	-18.192719157682856	-3.2426719465644975	-8.887509363456267	-9.305209794226588	1.0752916837277617	1.2233434941026422	-0.36042447804773625	-0.19954029801637932	1.3984773224019968	0.21620471403008937	1.0
1974000	-21.8196347911264	-17.934842685230905	-3.8847921058954973	-9.380680804941383	-8.55416188028952	0.8781046721537231	0.9325099799357969	0.21939673621491024	0.6061847044942741	1.1167490198751535	0.07235452845667083	1.0
1975000	-21.468983673050356	-17.658704156069064	-3.8102795169812937	-9.082329668379789	-8.576374487689277	1.1864082194946515	0.9756773500649459	0.00022694791568775297	0.5420850699636637	0.5183063508238683	0.45630536562374663	1.0
1976000	-24.718480114048972	-21.273269999587296	-3.4452101144616765	-12.435149585586622	-8.838120414000674	2.26128283623369	0.9174027700820733	0.01606526367797098	0.33165403725164005	0.36360388162627716	0.14012104781265916	1.0
1977000	-24.53203070429853	-17.122727938573007	-7.409302765725523	-8.922402724080259	-8.20032521449275	0.9581030857338253	1.0111373233571657	-1.1774610656469253	1.0616378431036344	0.4205022554362679	19.00328315559882	1.0
1978000	-21.622508320341847	-17.37531377042974	-4.247194549912105	-8.863349124995503	-8.51196464543424	1.0292035652276998	0.8635312575953287	-0.5518554633162731	0.7548102563095317	1.265141162298175	1.0861500530335788	1.0
1979000	-23.046776198604505	-19.00430202852599	-4.0424741700785125	-10.221701496690564	-8.782600531835426	0.6427303237884519	1.2432054567660362	-0.7259175253836627	0.4607407488313726	0.5706896678721085	0.34843945261118586	1.0
1980000	-20.307861722837142	-17.687810724786313	-2.620050998050829	-8.94011003107209	-8.747700693714224	1.1301574094485232	1.0661630748231865	-0.2120290562577038	0.3187356639715694	1.3654501049626622	0.06045957370220103	1.0
1981000	-19.33429937146322	-18.636857548880187	-0.6974418225830326	-9.36973864917955	-9.267118899700638	0.8532125826852329	1.3661572423753205	0.05810862571805395	0.05114505893911908	1.3513073909245654	0.025914277764819613	1.0
1982000	-23.03591195464616	-18.734774201981637	-4.301137752664525	-9.679771492384894	-9.055002709596744	0.7953082543667055	1.3487879916987595	0.40433712658092325	0.3170608719328632	0.972173475488296	0.03627610166164421	1.0
1983000	-21.42825519659241	-19.297929062991233	-2.1303261336011747	-9.479149544424978	-9.818779518566256	1.5413028791393601	0.7553277084563373	-0.24296846952198353	-0.10562511304456397	1.1124870318409137	0.08541916371568303	1.0
1984000	-21.876376648026955	-17.99395219502862	-3.882424452998337	-9.542908738457065	-8.451043456571556	0.8377223886973515	1.0965418330191294	0.36439875800210797	0.7231834764761733	1.49708378513125	0.490023312012043	1.0
1985000	-22.38918462249208	-18.014093537039972	-4.375091085452111	-9.587197769207224	-8.426895767832749	1.143378424766864	0.9910741596351631	0.6588807610831061	0.7164189517833411	0.6224336764762436	0.41970624105644466	1.0
1986000	-22.1382876428643	-19.758731205062205	-2.3795564378020932	-10.375890095401767	-9.382841109660436	0.6221837163346194	1.1533537543332182	-0.24487985832305534	-0.301562236792714	1.9478474426876964	0.07234222564002628	1.0
1987000	-21.361133910894527	-18.204812754105856	-3.156321156788672	-9.069711840260714	-9.135100913845141	1.3306106072076647	1.275085356727359	-0.2516646662580424	0.03842774082679368	0.8519861656004193	0.2601464000632236	1.0
1988000	-25.344774207939416	-18.04937487993041	-7.295399328009004	-10.15443935188069	-7.894935528049723	1.6440907571457346	0.6761633912269213	-2.797790547047173	2.1365125883440044	0.7307110000637702	15.345843120339577	1.0
1989000	-24.41885002945898	-19.42905553094029	-4.989794498518691	-10.336236417021512	-9.092819113918779	0.6267641403554933	0.9260710631058141	-0.3454946377279685	0.08523188791874284	1.7448267398806925	4.675127873087466	1.0
1990000	-20.930320917615827	-18.665765407914378	-2.2645555097014487	-8.922928853504617	-9.742836554409761	1.0056649921132554	0.7107122985650463	-0.42827149745977644	0.1011215300368174	1.3850089159533228	0.1281073903553414	1.0
1991000	-20.856082363222587	-18.215906604716604	-2.6401757585059826	-9.036154183524008	-9.179752421192596	1.3229900466683002	0.8446966283615018	-0.28999712766667096	0.1571529350281926	0.4593828725909084	0.032332772456853294	1.0
1992000	-24.734810907553292	-19.194955049644527	-5.539855857908765	-10.996811633710013	-8.198143415934513	2.0714164368819947	0.9673339005777414	-0.46265688950696204	1.0503786758855151	0.48425398509151474	0.37277773799927355	1.0
1993000	-21.779634790046515	-17.160795225160555	-4.61883956488596	-8.80692918562553	-8.353866039535024	1.2978966089075352	0.9001953442323963	-0.7411261589898215	0.8816731063334905	0.8648387811515359	0.670581046683434	1.0
1994000	-22.22538774289844	-18.897048687721046	-3.328339055177395	-9.188126790748155	-9.708921896972889	0.9275084873435484	1.3639777789242327	-0.002260684156066728	-0.4376997831402852	0.41306843477822885	0.060772732051913816	1.0
1995000	-21.89536315920089	-18.697806324442567	-3.197556834758325	-9.545208771165424	-9.152597553277143	0.8267614803755396	0.6805734390510961	0.30945833772736175	0.6921397734832563	1.9520938516329176	0.30571770707276824	1.0
1996000	-22.104679749905323	-18.97368502650477	-3.1309947234005504	-9.012627741876972	-9.961057284627799	1.2570539730421433	1.6607783136598162	-0.20364458303834043	0.15687605410849337	1.4979161582075027	0.05910817572884126	1.0
1997000	-22.42587184442688	-18.045255732566737	-4.380616111860143	-8.85617413309575	-9.189081599470988	0.9910513960969004	1.0432680247868746	-0.9824786231421934	-0.11193242533273962	0.6767738680963278	0.3219875115545499	1.0
1998000	-21.45076304052988	-20.25410897689452	-1.1966540636353566	-10.677179078937327	-9.576929897957195	0.5827293978007558	0.7680144768433227	-0.3185659014630728	0.036885842427082594	1.0936970310947478	0.06587214044460067	1.0
1999000	-21.45304604907309	-18.686676120660863	-2.766369928412227	-9.148373095870674	-9.538303024790189	0.8920235189346198	0.8800366671631212	-0.3352428635072194	-0.20287614605260995	0.4741243041311212	0.14416622415553035	1.0
