it	posterior	likelihood	prior	lik_L_5-0	lik_M_5-0	l0_t5-0	m0_t5-0	Gl_t5-0	Gm_t5-0	hp_rate	hp_sig2	beta
0	-44.311377296762124	-41.57908377077139	-2.732293525990734	-21.40155229721666	-20.177531473554733	0.43680651020614775	0.45760994937524085	0.0	0.0	1.0	1	1.0
1000	-40.163346418615504	-35.86040665659959	-4.302939762015917	-16.85660632968058	-19.003800326919006	0.909290291619096	1.5557724039874758	0.0	0.0	1.0	1	1.0
2000	-37.96865193334982	-33.240323924965864	-4.728328008383951	-16.599331990049446	-16.640991934916414	1.0003921804420641	1.0614544527460954	-0.10818686429342007	0.17770186977258323	0.7964549681339682	2.188519018895543	1.0
3000	-38.00595212391219	-31.940382653243667	-6.06556947066852	-16.210556498473395	-15.729826154770274	0.9306672358436879	0.6660682973249873	-0.48197699779191794	1.8780703502131417	1.096878116167414	0.5892286753350797	1.0
4000	-37.23757095174733	-31.594215695402763	-5.643355256344564	-15.67796435372735	-15.916251341675412	1.1262609004436974	0.929958577933002	-0.9466274389989383	0.8523496829118338	1.4920572773316834	3.748515640079586	1.0
5000	-36.43074867691802	-34.95867449116945	-1.472074185748572	-17.856135898041547	-17.102538593127896	0.6761522702692694	1.2205173606591022	-0.11540063509836343	0.18480005179219677	1.0154880307589569	0.07640068501348526	1.0
6000	-37.55505178491659	-33.814186706350455	-3.7408650785661397	-17.465517900039846	-16.348668806310613	0.6582988378076339	0.7380333640072542	-0.7229988709562761	0.6554509610805157	0.740956657839467	0.5532680860841512	1.0
7000	-35.914971023263135	-33.49032263501327	-2.4246483882498664	-16.852468056452267	-16.637854578561	0.9590569991479131	0.8082552185966517	0.0449608486035207	0.22509548972151822	1.0733764665964756	0.2831922676414053	1.0
8000	-37.70410711145925	-34.17107725314506	-3.533029858314194	-16.363752870929158	-17.807324382215903	1.01008824273214	1.3894145468362027	-0.2768178800781046	0.39208396720201033	1.560456701970455	0.12289500650320605	1.0
9000	-38.279173175270074	-35.420414759209535	-2.8587584160605424	-18.24196753606383	-17.17844722314571	0.6186743305382262	1.224451647344666	-0.2874288659138623	0.11188968483134706	0.4496273316771203	0.19098153652546676	1.0
10000	-40.97253196044343	-34.639726884407935	-6.332805076035498	-18.342266967292073	-16.29745991711586	0.7682915650090879	1.1024858104753954	0.6616801729902969	0.9341255035023943	0.5138665542109755	0.16319709465481055	1.0
11000	-37.03614494010246	-32.957688788656895	-4.078456151445565	-15.917674055099717	-17.04001473355718	1.1601402237423957	0.7514535137580793	-0.730733112091144	0.08340566776298153	0.4382653323846866	0.1946513821926886	1.0
12000	-36.749939860862185	-32.24516700308466	-4.504772857777526	-16.233803007420555	-16.011363995664105	0.9934389668590597	1.0221059713069849	-0.38749552865940706	1.045595289271012	1.0192299943978538	1.0750769729881906	1.0
13000	-39.63806249096769	-36.10553627882025	-3.532526212147437	-19.50510916491811	-16.60042711390214	0.5699482091441533	1.1306149626464486	0.3539703647499654	0.43672448904975436	0.47932408229560053	0.0835632200564719	1.0
14000	-36.6827920537166	-34.46328078793252	-2.219511265784076	-16.65635485383098	-17.806925934101535	1.0425707357031144	1.2869427773644317	-0.07009611633887536	-0.2591387784592394	1.4586538878119388	0.02583562950625575	1.0
15000	-35.993651350782955	-34.56736611229674	-1.4262852384862164	-17.603504689849526	-16.963861422447216	0.6833409637804922	0.8880521938795755	-0.30016069715662874	-0.1258581843949572	1.3114376877879157	0.06024088432528849	1.0
16000	-36.71760377091708	-32.70716145081935	-4.010442320097733	-15.881171479885488	-16.82598997093386	0.9513633341175655	0.6530213796749088	-0.7794930310350824	0.6351406976501934	1.1582069247244238	1.2093921882587793	1.0
17000	-36.0145917327503	-34.22481153406768	-1.7897801986826112	-17.627296036712877	-16.59751549735481	0.7156967805398561	1.058915843508351	-0.0460256581445575	0.216338188763182	1.1481707296351207	0.13698615615491966	1.0
18000	-36.88396903212746	-32.52864252210978	-4.355326510017683	-16.725976385920664	-15.80266613618911	0.991069672468213	0.7611107592036638	-0.02461819368494171	1.1848841542080988	0.9786387118179126	0.45210412581713966	1.0
19000	-38.74710368538068	-33.33051020283493	-5.416593482545753	-15.877175114303	-17.453335088531926	0.9243286788392078	1.299933661793042	-0.850416488693454	1.306187631662285	0.860568719081393	0.7140814683093362	1.0
20000	-39.76555500276492	-31.290134009439065	-8.475420993325853	-15.317948012100944	-15.972185997338123	1.147710568303172	0.9954228677544212	-1.8799366436581713	1.6149741632056784	0.7502413947562928	0.6232304067623708	1.0
21000	-39.56129394170835	-31.986376688576435	-7.574917253131917	-15.431378896602979	-16.554997791973456	1.004077319167205	0.7446595587892506	-2.489818912452431	0.45859381010998135	0.29273066547069493	1.2652865712823425	1.0
22000	-35.983088381040304	-33.65585389681341	-2.327234484226889	-16.44406827284769	-17.211785623965724	1.05170883485693	0.9978407759708499	-0.21765825699736224	-0.3255047035802624	1.055996609749236	0.07166025670168735	1.0
23000	-38.42182053754055	-32.710091099162156	-5.711729438378389	-16.785875884363033	-15.92421521479912	1.5229636447719874	0.6929080777089304	-1.0741594685808575	1.3125391223129355	0.6134771560892314	0.8407724455442743	1.0
24000	-38.309520404192874	-32.03670040353947	-6.272820000653406	-15.79341658832143	-16.24328381521804	0.8304150223083336	1.087436959631033	-1.6339093424609719	0.9307839159884108	0.3696781400052479	3.342803025075002	1.0
25000	-37.57752029499354	-31.76835577950065	-5.809164515492891	-15.590307885064636	-16.178047894436013	0.9322438454185529	0.792227438049255	-1.2568119933469033	0.652868031401477	1.9591344295964876	0.32881199885839385	1.0
26000	-40.1213035278778	-34.909049943746005	-5.212253584131796	-18.94910980114228	-15.959940142603724	1.7327975387981631	0.9929843112484971	-0.3492967676480828	0.9669262150164737	0.8222918720382268	0.2469022224223712	1.0
27000	-37.41623510382947	-32.98869362424921	-4.427541479580261	-16.93636898291007	-16.052324641339137	1.3706720283306137	0.7819545944379672	-0.3873898893264494	0.807948317507623	0.6996597213062037	0.20590310068457865	1.0
28000	-40.425779318470745	-36.62990055658218	-3.795878761888568	-20.08005643837584	-16.549844118206337	1.7073978808839936	0.9717585004790219	0.22058703768346843	0.16058177112885186	2.153078722714795	0.04427128559068572	1.0
29000	-36.922924387473735	-33.5438702941272	-3.3790540933465354	-16.525497620616292	-17.018372673510907	0.948348586824079	1.2481401263193885	-0.19414339567339667	0.5316797117825092	1.2253574356609471	0.2511828223841267	1.0
30000	-37.879970797548836	-31.347480143706214	-6.532490653842625	-15.539474308980585	-15.80800583472563	1.0889660485015917	0.9104211315401098	-1.100537257611149	1.022892838449507	1.2560831210221266	0.2915274189792842	1.0
31000	-33.84340589650677	-33.520110638190964	-0.3232952583158115	-16.734104171741315	-16.78600646644965	1.0300028318392067	0.8491206437844556	-0.017037156941712928	0.04418062457244823	0.9555155683257555	0.03219500240793427	1.0
32000	-34.12694711009311	-33.86249385095128	-0.2644532591418325	-16.837064142375592	-17.025429708575693	1.1735137425497966	0.749101553941356	-0.0653677859391618	0.10026421720070995	0.7222338073525737	0.018198553203093326	1.0
33000	-35.81412140624895	-33.36624061977331	-2.4478807864756464	-17.025121940404485	-16.341118679368826	1.289099924964216	0.9569052764701756	-0.14704217617949594	0.34708474636021547	1.0303047690700011	0.07009772238355573	1.0
34000	-38.04877940727433	-32.64235757415717	-5.4064218331171645	-16.917345867188565	-15.7250117069686	1.1678839905606628	0.9080479704340304	-0.010753472566774728	1.2421241382067734	0.6543283299823112	0.30110525910110825	1.0
35000	-45.22078710371019	-38.01485218110922	-7.205934922600969	-15.8172750958547	-22.197577085254522	0.8283195777963406	1.2296362903274722	-2.4381614076817977	-2.307275972059374	0.8748020489922507	2.2723213249440826	1.0
36000	-39.872488668064406	-33.709847424768775	-6.1626412432956315	-16.241349642009787	-17.468497782758988	1.064379832070388	0.5539112914680633	-0.3725709698527143	0.8039615895062622	0.8272804789841626	0.07566894454332267	1.0
37000	-36.44059441412698	-33.071551459347845	-3.369042954779132	-16.602401397330198	-16.469150062017647	1.2973788064980352	0.8982758439760697	-0.43501997480948007	0.23661441735606922	0.4314203880855965	0.11660942886684386	1.0
38000	-41.57240306709458	-33.9442995889139	-7.628103478180679	-15.860232380140381	-18.08406720877352	1.0592255153891383	0.9016757057986707	-3.0375097540241436	3.3902573457744705	0.5178518644932396	6.578722974360981	1.0
39000	-36.60114747053627	-33.48563995728469	-3.115507513251581	-17.340894161747702	-16.144745795536988	0.9539813205937931	0.9153589417016536	0.33983433530280316	0.5402761646709391	1.0394029385956869	0.18853709939357052	1.0
40000	-34.24252915025493	-33.3929718847636	-0.8495572654913353	-16.85454164520065	-16.53843023956295	0.9317789078509003	0.8801107359473475	0.024840750933938737	0.19396687828422982	1.0026780161097575	0.03549347511547798	1.0
41000	-38.96527223124963	-31.599215292856847	-7.36605693839278	-15.62792695710331	-15.971288335753536	1.0561118868682393	0.7622603471789546	-2.795513735950013	0.9570099859664425	0.5870807245928413	1.4404936327871485	1.0
42000	-35.883448517946164	-34.33172145106754	-1.5517270668786292	-17.202608000207675	-17.129113450859865	0.872238828934663	0.8712243918794889	0.17905381758073502	-0.21659890192966597	0.8631732597443316	0.0715705950579899	1.0
43000	-39.71562797572142	-33.77153487485092	-5.944093100870494	-15.79335410187291	-17.978180772978014	1.0123457115269412	0.4948204783829856	-0.7940830695547763	0.9652586185449787	1.1960081402668528	13.515190715313345	1.0
44000	-37.79261795101672	-34.542261388148056	-3.250356562868668	-16.30864095513396	-18.233620433014096	0.8310409391443931	0.5718454719164187	-0.7009846730039928	0.1709406893042722	0.803134173195785	0.14818275590776278	1.0
45000	-36.239974222674746	-33.54107665339645	-2.6988975692782975	-17.328047740554712	-16.21302891284174	0.7570625384952724	0.9143547017726025	-0.07509556835415476	0.46754753631208046	1.0832168589617945	0.05152323771849659	1.0
46000	-35.32263023421312	-33.067151247784096	-2.255478986429029	-16.587300954744926	-16.479850293039174	0.8614524998795371	0.9806223576894665	-0.30681665579553113	0.22826566082220645	0.730395255160293	0.10542300811402112	1.0
47000	-36.636508768163395	-32.711851413047626	-3.9246573551157686	-15.855547042340055	-16.85630437070757	0.9488553698564716	0.7187851849293602	-0.8146453352626442	0.31961748734834805	0.9771631030481682	1.045974249652683	1.0
48000	-39.8735645692865	-33.05339454795117	-6.820170021335327	-16.734011877533266	-16.31938267041791	0.9633571799910993	0.8566500121331366	-3.7144111163782982	0.4052255600900543	1.1132118118295125	3.80566213698129	1.0
49000	-36.46047216406027	-31.934775177046333	-4.525696987013939	-15.662911206207882	-16.27186397083845	0.9181956304115004	0.7336847884000122	-1.1857695733235265	0.741474237900505	0.8985933944627995	1.1459507230415829	1.0
50000	-38.18766265227771	-34.42895319449978	-3.758709457777924	-15.945001265630246	-18.48395192886954	1.001215863969233	1.4724800528438662	-0.6432722808442282	0.006094906416131696	0.7077771100643458	0.29313179435447756	1.0
51000	-38.14650627492867	-34.560728329545825	-3.585777945382843	-17.156213289241823	-17.404515040304005	1.3070929759030951	0.576017445271915	-0.10819339993656821	0.6828638394595566	1.4374494443753334	0.4826854013707387	1.0
52000	-36.757586220763145	-34.020030426284805	-2.737555794478341	-17.08342289122799	-16.936607535056815	0.7625291341611782	0.988764123621293	-0.26140780293051774	-0.13879839488177925	0.9817945345701039	0.37821873146681567	1.0
53000	-40.14026498239127	-37.61201563488815	-2.52824934750312	-18.6806140011765	-18.93140163371165	1.5054217122386195	1.5425243838813725	0.17967136343065934	-0.0204213031678801	0.6716273054019841	0.09837014238927498	1.0
54000	-38.01844264032599	-33.47604259324336	-4.542400047082631	-17.538175579982497	-15.93786701326087	1.2785853849266267	0.8566614841342645	0.1474264855258305	0.8074630505573506	0.9053328389082589	1.391570193040623	1.0
55000	-37.62532751275825	-35.181329817246024	-2.443997695512225	-18.350089329790997	-16.831240487455023	0.6985336367247583	1.1360779581350224	0.4158366877977866	0.16687673740640974	1.1062664383869818	0.15288684187928228	1.0
56000	-37.98750531447741	-33.210902348376194	-4.776602966101218	-15.730165172590194	-17.480737175786004	1.0421458060391722	1.2078589074054669	-0.8498141930080556	-0.22944313712810194	0.35151757308289505	0.3508529457482264	1.0
57000	-34.142411146603024	-33.73924091899485	-0.4031702276081748	-16.924937489774265	-16.814303429220587	0.849028506729987	0.9284699374603038	-0.06559040115593685	-0.048180889026572596	1.7636864339887257	0.028720180549390018	1.0
58000	-39.01850093803299	-36.724367199338744	-2.29413373869425	-18.183658351291946	-18.5407088480468	0.6786393945133186	0.5777701910555212	0.18125019721594826	-0.04533222943946624	0.20678745660876768	0.027741789269506285	1.0
59000	-38.08230159266906	-34.023416472466096	-4.0588851202029685	-16.65813524698485	-17.365281225481247	0.8155739202023119	0.8563436027151788	-0.40487095106552695	-0.34382703298246003	2.7401674976276427	0.05530990179301208	1.0
60000	-37.7394074836274	-34.10416567650098	-3.6352418071264205	-16.00466886145875	-18.099496815042237	1.0031225935524648	1.3720245513831952	-0.5839478315885633	-0.17895561748409122	0.7039920201622787	0.30440189083841024	1.0
61000	-35.979836134137656	-33.17528329490948	-2.8045528392281796	-16.695424254782804	-16.479859040126676	0.7976986976778176	0.7756737171500833	-0.45146575384026266	0.42691265840760406	0.9992358016105025	0.14838697565292527	1.0
62000	-39.91271243069883	-36.55441233162014	-3.358300099078692	-18.929560800869538	-17.624851530750604	0.536587562523623	0.8737213253429228	-0.7969323134261936	-0.5165669285447221	1.502567435540793	0.38766111295747147	1.0
63000	-36.4193974954334	-33.64727251385908	-2.7721249815743194	-16.482155011382982	-17.1651175024761	1.1624276005186691	0.9823050227906837	-0.2782977465178481	-0.29764528292030534	0.520152204992137	0.08217641925576176	1.0
64000	-37.060575325497496	-34.9311715186321	-2.129403806865395	-17.76452737360101	-17.16664414503109	1.2266395868533881	0.7090661848189562	0.3419689853989359	0.14084045558631025	0.902823465704541	0.05584105423656423	1.0
65000	-38.16552190026116	-32.12936909702556	-6.036152803235599	-15.714690436740952	-16.41467866028461	1.322994136589845	1.0514266237922791	-1.9854449106964251	0.40294400819305143	0.9799691530803587	1.3232601348002888	1.0
66000	-36.6478675636602	-32.57115871523514	-4.0767088484250555	-16.7035655913464	-15.867593123888744	0.8337430795417556	0.887235547794053	-0.2926588640235489	0.8950270072688931	1.515288302568843	1.0340850707995883	1.0
67000	-38.73285594964314	-36.8274427318799	-1.9054132177632408	-17.327642895086548	-19.499799836793347	0.8361911892070887	1.6163928983209825	0.19246679498150282	-0.14595298805462892	1.1987172662438	0.0367290886106416	1.0
68000	-39.1115570286647	-35.09671039190056	-4.01484663676414	-16.74905230111141	-18.347658090789153	1.2683929352295698	1.4792001801426917	-0.2749645473750715	0.48195587449090177	1.2358671029258301	0.2335970396762682	1.0
69000	-38.293957009633296	-33.78756395739566	-4.506393052237636	-16.810548755058704	-16.97701520233696	1.4898562935541035	1.164565837074414	-0.8813295202034197	0.1032945474024905	0.7651754156329261	0.3063564515048233	1.0
70000	-36.6263266976471	-33.29126944899123	-3.3350572486558683	-16.672217752637053	-16.619051696354177	0.7609273513010215	0.8600832030218244	-0.7049322606810016	0.15287234097550778	1.7158453114906342	0.4669459769909198	1.0
71000	-35.92112825035278	-32.721704824665196	-3.199423425687583	-16.19999248098257	-16.52171234368263	0.9992714857385236	0.9515746035874424	-0.4122971960896031	0.17909225285478841	1.9336672227859455	0.05697660346085761	1.0
72000	-35.33450289720748	-33.507836530447165	-1.8266663667603156	-16.78883774790934	-16.718998782537824	0.9900656916212376	0.8982074179659069	0.01649700556753316	0.03904377992967478	0.7440743295989873	0.13342880429846393	1.0
73000	-39.02577487252634	-35.67387373731823	-3.3519011352081076	-18.691385675457337	-16.9824880618609	0.5920704260794173	1.0648208119013918	-0.1395716793117764	-0.11448947750903737	0.8652958328134032	0.7948967976398864	1.0
74000	-36.34901385069221	-34.26851620898495	-2.0804976417072627	-16.531246463777148	-17.737269745207804	0.9911683249437359	1.296614111267127	-0.15928880978674148	-0.1627585374411047	0.4236991200290138	0.0534165268764368	1.0
75000	-36.54240493454113	-32.38785377748369	-4.1545511570574405	-15.741684862899577	-16.646168914584116	0.9628468737674782	0.9880708861591143	-0.9257623001577623	0.08646246900504975	0.7578259630403774	0.2736846398518321	1.0
76000	-38.41426177436058	-33.42941414438444	-4.9848476299761435	-17.017755743354222	-16.411658401030216	0.6756021849601618	1.0780449006888202	-1.1741432545096047	0.4900402435318023	0.5381238826395862	0.472029688793712	1.0
77000	-39.96338817008695	-38.77480480141532	-1.188583368671627	-17.405773410807843	-21.36903139060748	1.3814587372883314	0.4170656720917129	-0.13376454816046998	-0.19601354871666501	0.8498729882106759	0.04155533027154283	1.0
78000	-37.22812655120955	-35.45910747300116	-1.7690190782083868	-18.774286003531515	-16.684821469469647	0.6022575227202733	0.8912137061733487	0.05557461474802816	0.07020608189239365	0.6212120963469996	0.1383795791423886	1.0
79000	-38.835782870407684	-33.81376604192042	-5.022016828487271	-16.346398537102402	-17.467367504818018	0.7993733720272045	1.3226207563216181	-0.8414195741828912	1.0935064269746348	0.7308193817613121	0.6942282980346107	1.0
80000	-35.35976348248766	-34.10624092407426	-1.253522558413402	-17.36342856461025	-16.74281235946401	0.7764482605849509	1.1285831791364414	0.03773752513885781	0.24150341921682367	1.0307861992590517	0.03738572185942991	1.0
81000	-35.56875754163974	-33.6578465219272	-1.9109110197125434	-16.672628726660356	-16.985217795266838	0.8724915670067075	0.8722997078183855	-0.20616720135931216	-0.12371007081804342	2.2166366490838008	0.07528341872162006	1.0
82000	-34.439752601047545	-33.91532804700383	-0.5244245540437154	-16.98809647157637	-16.927231575427463	0.864633951589646	0.8687646546358425	0.01728061096418887	-0.08038793218762189	1.7473696678341968	0.03616794867815476	1.0
83000	-36.21843745846273	-33.75948196487391	-2.458955493588814	-16.711599996495192	-17.047881968378725	1.1345685916487718	1.2329083940432055	-0.09597822606346881	0.33320027745867836	0.6626143021372544	0.08110961554692638	1.0
84000	-37.344607472748244	-32.62334783097889	-4.721259641769355	-16.225209722883804	-16.39813810809508	0.9170279016834441	1.1155768629951262	-0.4952552247981581	0.7329476085439097	0.350662020809273	0.4623019565421548	1.0
85000	-37.28966937588143	-34.616964019936766	-2.6727053559446667	-17.214577762574457	-17.40238625736231	0.7752067343535768	0.9259243241544559	-0.08610718974827258	-0.43261736923623917	0.97488411390469	0.30232893064643196	1.0
86000	-38.17479226365959	-34.23717169077105	-3.937620572888541	-16.200985028252113	-18.036186662518936	0.865929057407274	1.2877854645160265	-0.6691052965301542	-0.43464893824089446	1.1782274620190998	0.24712037730100087	1.0
87000	-38.81840516203406	-34.84048693474338	-3.9779182272906803	-16.04427659924842	-18.79621033549496	0.9380956947262116	1.54327511646737	-0.6295905837466342	0.3198774576738957	0.6279840230382945	0.3357667331330758	1.0
88000	-35.13658987380165	-33.188231469204595	-1.948358404597049	-16.43094236864585	-16.757289100558747	0.9964379688598564	0.8962106552659894	-0.2307423105888312	0.012287870373605403	0.622119353413495	0.10266920246851252	1.0
89000	-37.22952886693774	-32.17524453238643	-5.054284334551308	-16.29137186335915	-15.883872669027278	1.3612162720931376	0.826053884131166	-0.8716599203188382	0.9146694446930951	1.3807945747798458	1.1785214501098482	1.0
90000	-40.868415744870134	-37.457363995324805	-3.4110517495453285	-20.789795712345757	-16.667568282979047	0.4960008044156397	0.6302198973861802	0.5269757029648403	0.8959113856319854	0.9956065355727876	0.7775042742900579	1.0
91000	-38.50542466363952	-34.463638217578755	-4.041786446060768	-18.277935284918044	-16.18570293266071	1.5959275322645914	0.947580757763404	-0.25383203665014786	0.5059498408163638	0.3633666709312612	0.2503200442223872	1.0
92000	-37.843851991415264	-32.177984231773685	-5.665867759641578	-15.4670623247672	-16.710921907006487	1.0592746695067592	0.5757211024994425	-1.2110578144619792	1.252277722723453	0.4410685086766425	2.1388963522189663	1.0
93000	-35.761211008045386	-34.24489485891243	-1.5163161491329522	-16.894617266446062	-17.350277592466366	0.8629149881519912	0.7879192011964653	-0.05521157488684525	-0.21036698030633127	0.6384756561688868	0.07521869049983299	1.0
94000	-34.794616596064174	-33.60737336187309	-1.1872432341910888	-17.121536821742865	-16.48583654013022	0.8470615232567479	0.9920746667987148	0.07442425904246269	0.23157820216912234	1.259358182256141	0.03535346969617007	1.0
95000	-36.775512182074465	-34.247285157889664	-2.528227024184803	-17.384278360963997	-16.86300679692567	0.8420424294777662	0.7381704912586258	0.24266889020779495	0.2473662284648655	2.7641495957117663	0.11418518628517633	1.0
96000	-37.58466552505096	-32.11059377246416	-5.474071752586797	-15.761062813651655	-16.349530958812508	0.8701558306112391	0.7570109282310207	-1.2812864764708085	0.5916695886370209	0.788979598190498	0.3351358393103108	1.0
97000	-35.581877010564625	-33.59606406904888	-1.9858129415157486	-16.764580494125564	-16.831483574923315	0.9707587244007692	1.018046685911353	-0.006837154845056297	-0.043834473764460105	1.2534089026279567	0.14961436255039628	1.0
98000	-38.53833339105015	-35.357761557426706	-3.1805718336234454	-17.0082505072387	-18.349511050188006	1.091770671063918	0.5120623159184542	0.11920167506929483	0.5538189679869767	1.0128366201705792	0.5895516928645225	1.0
99000	-36.20163497898282	-33.36285382831048	-2.838781150672337	-16.546668677575582	-16.816185150734892	1.134881472142676	0.8938747050863337	-0.20281967448375682	-0.02843158446861164	2.5119453437671715	0.08114062645231646	1.0
100000	-36.430236614922414	-32.743990726085336	-3.686245888837078	-16.120404994429947	-16.62358573165539	1.0703434038069477	1.067102590997162	-0.4722596802984788	0.20626917369065412	1.9729199985312897	0.1527785674512923	1.0
101000	-38.43755790353566	-34.322740768862445	-4.114817134673214	-17.011219474542525	-17.311521294319917	0.7244263481603461	1.282723527835122	-0.5928077911113937	0.2636517339469737	0.38526841122254085	0.3882787069121733	1.0
102000	-36.21959253849939	-33.30914055953929	-2.910451978960105	-16.332571954184314	-16.976568605354977	0.9092105637802164	0.7979971071289054	-0.41307112821455044	0.005766899791995628	0.5351753748940945	0.23266529889278537	1.0
103000	-38.86306445001688	-32.69479815872378	-6.168266291293099	-16.694826972214443	-15.999971186509336	1.5032884478883806	1.0018613491849069	-1.0716216637270355	1.6215822444638666	0.8899533209395343	1.0247827722857397	1.0
104000	-36.564762957519115	-34.67319249108718	-1.8915704664319344	-16.99679736867657	-17.67639512241061	0.8081520951864497	1.2448841300220317	-0.13413093158388195	-0.28408033970627056	0.954223502010285	0.0569580760393935	1.0
105000	-36.85155065394922	-32.3085957147118	-4.542954939237417	-16.584347259424465	-15.724248455287333	1.1570568274438633	0.829245798512277	-0.20289346073509243	1.1612036980743594	1.002956607745889	1.0755453958620724	1.0
106000	-36.30891222426613	-32.589734722708336	-3.719177501557796	-16.016899893797394	-16.572834828910942	0.9236556281981909	0.8851265209431173	-0.6903967624550911	0.1619429107925111	2.0181933063356112	0.30198299053629285	1.0
107000	-35.36789484397429	-32.98698657049376	-2.380908273480528	-16.39450177092179	-16.592484799571974	1.0781246409174898	0.9771503005259177	-0.2633937840790721	0.12626196986849764	0.4191526817514938	0.06862283282401996	1.0
108000	-37.69812637772017	-31.62506603167962	-6.073060346040553	-15.846749859205445	-15.778316172474174	1.358204737986211	0.6774349054811023	-1.561473274419596	1.6551445792784478	1.5389052483061192	2.206783407040863	1.0
109000	-38.24492333498363	-31.98529911976366	-6.259624215219974	-16.138301806820763	-15.846997312942896	1.29948325302009	0.6684172295096378	-0.8225883470456944	1.5891810903990784	1.9020553603256949	5.260331938827184	1.0
110000	-35.23654096518666	-33.230461114735164	-2.0060798504514996	-16.400703288141365	-16.8297578265938	1.0663909810885084	0.9063372006895173	-0.25358223229214605	-0.04757346803660673	0.6851827525784757	0.10456886552183678	1.0
111000	-37.97580306344312	-35.36203074540125	-2.613772318041869	-18.19147929102452	-17.170551454376728	1.489911239733072	0.9497100050787877	-0.0008700303201700788	-0.2986927847694463	1.0651008839293539	0.13013178263242683	1.0
112000	-37.72288097303543	-34.50779777779337	-3.215083195242056	-16.92411288609549	-17.583684891697878	0.8935009335247232	0.542302258227799	0.02423437745826651	0.8146408475908666	1.1004244352345631	0.5255213547280889	1.0
113000	-39.56717027123594	-33.71652425150138	-5.8506460197345564	-16.42013519494435	-17.296389056557032	1.3005709318108303	1.223732983320229	-0.5785524222672767	1.689727260666489	1.026805971532921	1.7973683974521755	1.0
114000	-37.51071143301342	-34.13727698331073	-3.37343444970269	-16.86822200917856	-17.269054974132168	0.7511348684648163	1.2268533824545167	-0.5482372334309957	0.02285596943114776	0.679642626060602	0.37389571488009593	1.0
115000	-38.69235789743457	-33.699902769088894	-4.992455128345676	-16.901389470020646	-16.79851329906825	0.8041897136560084	0.8714707252271583	-0.2300658715521393	0.006313481877734561	0.31893219217952806	1.3706421601220378	1.0
116000	-37.474915615416066	-33.771335958330184	-3.703579657085882	-16.389569801054716	-17.38176615727547	1.0689318114531903	0.8270938225312057	-0.2626758249995833	-0.30831312537507194	0.2896294929976219	0.2128643019157573	1.0
117000	-35.78317140006257	-34.357498803613524	-1.4256725964490462	-16.71899424784195	-17.638504555771576	1.0911391495421756	1.3290611329561608	-0.05331287957201498	0.106343618120137	0.5881375959692074	0.04754809393634032	1.0
118000	-36.2814370958424	-33.51570848664248	-2.765728609199916	-16.552255369742955	-16.96345311689953	0.8405734635127269	1.1392086513070763	-0.4062150852555585	0.0419405222851173	0.6963369710338464	0.2061769375729199	1.0
119000	-35.31051830560815	-33.62280272848804	-1.687715577120108	-16.83412246717393	-16.78868026131411	1.2712066984006647	0.8517477895805988	-0.2267422097942207	0.0385013293190572	1.4847321933548017	0.045181675241678154	1.0
120000	-39.89219750742566	-34.306866355724246	-5.585331151701413	-18.398601638053037	-15.908264717671209	1.492415910338945	0.99458797673828	0.08843050290299714	1.2302251702850748	0.33859461540149344	0.6498598069598226	1.0
121000	-39.420175790576394	-34.46053075069813	-4.959645039878259	-16.143056604267436	-18.317474146430698	1.3168734042170929	1.3382983354444862	-0.8713542084132833	-0.48742444084293146	1.066537027220348	0.31963715554017497	1.0
122000	-38.75872325281316	-34.295830965693995	-4.462892287119169	-17.004794144907766	-17.291036820786232	1.462330345505459	1.220231159732405	-0.6124318429510172	-0.023994382948706094	1.5605815609950193	0.17957103366899016	1.0
123000	-39.28230265656729	-34.08274698759598	-5.199555668971307	-17.691667066731235	-16.391079920864744	0.6028175693362732	0.6733285581454538	-1.4079405989758929	0.8973114838071107	0.6237147863209465	0.70919755193244	1.0
124000	-35.9792330568074	-33.45358450190102	-2.5256485549063803	-16.967632488374548	-16.48595201352647	0.9680853042722022	1.04148478493852	0.12326324569797459	0.2991803303037597	0.4663345266433287	0.03056295250466623	1.0
125000	-36.42521286433891	-34.6068439899238	-1.818368874415109	-18.006315710937823	-16.600528278985983	0.6961911611030389	0.7838132163104092	0.14878570908052213	0.3097585380596065	0.7064119416833718	0.08782655656801178	1.0
126000	-35.96881119666648	-34.73744947625672	-1.2313617204097551	-17.34543150704787	-17.39201796920885	0.7656626854062941	0.6639206200978478	-0.021269372993731772	0.181159817503669	1.2469792127691441	0.12480237095950196	1.0
127000	-37.95787847907553	-34.91712157174318	-3.040756907332349	-17.827923534413667	-17.089198037329513	1.5228051412321195	1.195362114272234	-0.2768331244359784	0.09270479655593883	0.5245491961833211	0.1718016629416055	1.0
128000	-38.94242275536454	-34.380864052248114	-4.561558703116427	-16.663040941405843	-17.71782311084227	0.7371537959912597	1.0032219763662769	-0.9299344867390565	-0.6315500200279076	1.6843952605830328	0.3199931170824433	1.0
129000	-38.16558243506156	-35.10141011027379	-3.0641723247877666	-17.74378187358738	-17.357628236686406	1.414279061218869	1.0325568829191132	-0.03376781396521855	-0.4058994077787223	0.5871991317131636	0.1729110298674897	1.0
130000	-36.69604003249995	-33.19578889476915	-3.5002511377307988	-16.01337294010189	-17.182415954667267	1.0691534191998417	0.736554570335603	-0.564367227487722	0.03538460172702118	0.6256149299442407	0.47679466233566276	1.0
131000	-36.79446100413099	-34.459348911967126	-2.335112092163859	-16.956602836864416	-17.50274607510271	1.12878071416435	0.7446764566674261	0.05672395590579038	-0.18904069883629293	0.5631089700556822	0.16083267532903203	1.0
132000	-39.329978433962594	-33.438536329521604	-5.891442104440994	-17.33036997308618	-16.108166356435422	0.7235578795827734	1.050843785922164	-0.2638494477695935	1.3481748632061343	2.723030696681815	0.4832892012625887	1.0
133000	-38.78958877390198	-35.98459590375971	-2.8049928701422706	-17.04137351437135	-18.943222389388357	0.7515358263964429	1.5602851852479633	-0.36457290133673553	0.1947880497802883	1.1315246211216776	0.12275830393179521	1.0
134000	-36.1836979464707	-33.97138115953964	-2.2123167869310647	-16.599766518322767	-17.371614641216873	0.9699457333029995	0.701795638667799	-0.12130835326487088	0.03552351631662243	1.2082771754510275	0.2735416728341733	1.0
135000	-37.770573155898155	-33.98697815314402	-3.7835950027541347	-17.726184021848447	-16.260794131295572	1.5187289505622905	0.9802567601954368	-0.3223306194043436	0.4513251986758126	0.6516530931722305	0.39517696315518896	1.0
136000	-39.102613652397245	-33.316872976125055	-5.785740676272193	-16.20254611947483	-17.114326856650223	0.9623717877100545	0.9410374301269822	-0.4418300719834607	-0.2595436345812645	2.440353327069887	2.831454236319926	1.0
137000	-41.787030972003066	-32.73932449642507	-9.047706475578	-16.96160512806581	-15.777719368359257	0.8009185774724675	0.7542959086213281	-0.19122576668042446	1.247659881062905	0.1176107222490215	0.1781642206300415	1.0
138000	-36.9510548703946	-32.99567753336191	-3.9553773370326857	-16.007080800011913	-16.98859673335	0.9266301398124637	0.8502873152343076	-0.6938536324766279	-0.09739723868941863	0.9838819602027913	1.1260871535621093	1.0
139000	-35.5390319638362	-34.78185421393073	-0.7571777499054724	-17.52285014206246	-17.259004071868265	0.7103850441159602	0.7194292754091534	-0.17233163095703877	0.04312859677267633	0.819885209103938	0.05221688965714826	1.0
140000	-36.47411235593504	-34.243645018197014	-2.2304673377380295	-16.466589884359063	-17.77705513383795	1.1147512197737788	1.364500399866813	-0.2379828431669831	0.16516271868848847	0.5497502086162018	0.038359243534777286	1.0
141000	-36.174433938894815	-32.83578322472734	-3.3386507141674793	-16.316105936206164	-16.51967728852117	0.9300376128435055	1.0867357932892527	-0.3884284048306603	0.37400939102882674	1.431371260153143	0.07638449751608274	1.0
142000	-41.8843461055656	-34.16722839752111	-7.717117708044489	-17.600267422359	-16.566960975162107	1.70014048608811	0.5454760912763428	-1.2636023302021258	3.59712050289146	1.52697428339595	3.610646152472161	1.0
143000	-40.33643611550006	-33.469802785998105	-6.8666333295019495	-17.442911860861752	-16.026890925136353	0.626987406894915	0.9533312786066199	-3.000932386939326	2.0055157196575615	2.5462875044988618	6.401003817002666	1.0
144000	-39.37376596505104	-34.29061910934533	-5.083146855705716	-18.185260354567774	-16.105358754777555	0.6753578634896086	1.0406193473726884	0.16124242703449854	1.486025581992177	0.6317273993610305	0.696033220643229	1.0
145000	-40.54192011065299	-32.727895336106016	-7.814024774546974	-16.63254079559967	-16.095354540506346	1.5299639990985237	0.7242073202540307	-1.3552606329678376	2.950729268400493	1.3726570838539414	1.8010330237828451	1.0
146000	-35.64142323134778	-34.255453203610564	-1.3859700277372164	-17.063387105271165	-17.1920660983394	1.1328907379364475	0.7784278845285029	0.11279715567023207	-0.08923771506703879	0.7035066213379488	0.07095903959240749	1.0
147000	-35.83278520113804	-33.82596823629578	-2.006816964842256	-16.636534928376758	-17.189433307919018	0.9841730973712766	0.8325086968686138	-0.08782001941905954	-0.1995626047630773	1.4927083620282826	0.14946772340178585	1.0
148000	-36.2801263498036	-34.11884944971797	-2.161276900085634	-17.138384540783587	-16.980464908934383	1.0889922427667016	1.0084304631755543	0.19409379161466833	-0.16243535240835943	0.8933494867981918	0.1331229253673127	1.0
149000	-36.473904956940025	-33.828140451196504	-2.645764505743523	-17.41287368892693	-16.415266762269578	0.7252344051096327	0.9776191294346779	-0.17626702404019795	0.28731534493157934	0.49378483039451665	0.16834777354965355	1.0
150000	-35.749015462819756	-32.923294724553315	-2.825720738266442	-16.450936731619567	-16.472357992933745	0.9716591454744861	0.790390929448999	-0.2299501511072325	0.39550546073332515	1.732236814562024	0.25089217960449617	1.0
151000	-39.75652932047138	-35.69186112352865	-4.064668196942726	-17.64730871843401	-18.044552405094645	0.875096889962802	0.46657782961528793	0.45588164255691255	1.2216951142820947	1.415624013946473	0.4893969446012946	1.0
152000	-36.057753967503196	-34.51307282345735	-1.544681144045844	-16.38501766760224	-18.128055155855108	1.0504582131007552	0.6301163060009043	-0.26008003582172234	-0.1034603286284218	0.9535755146931219	0.02083141413518697	1.0
153000	-38.741951721923826	-35.52028864000247	-3.221663081921357	-16.318408842055	-19.20187979794747	0.9468217758188496	0.6149952252463939	-0.36148215429244773	-0.6003870285028414	1.1334807549857724	0.5653804582976748	1.0
154000	-38.28272253908681	-35.577969984483374	-2.7047525546034406	-18.176669241627565	-17.401300742855806	0.6072765384058634	0.7168264915153605	-0.5102420175081992	-0.03773900574477945	0.9868820449796228	0.4767226497410216	1.0
155000	-35.86423946570363	-33.567894531361176	-2.296344934342457	-17.06077706112657	-16.507117470234608	1.067642102550202	0.9956508775697749	0.16535989867224526	0.21478126434635778	0.4283154834119437	0.07196823557900772	1.0
156000	-34.44757456763388	-33.70805104768611	-0.7395235199477685	-16.859560467763323	-16.848490579922792	1.134093443163261	1.040860900607805	-0.005399847202591815	-0.036080452824945264	0.7306316686626102	0.03565739064729918	1.0
157000	-40.216059671917456	-34.108019553666495	-6.108040118250961	-17.49369510565666	-16.61432444800983	1.2912714547892292	1.1395511240123564	0.10199218113255759	1.5280723584900109	0.49924052738203817	3.9312661215304336	1.0
158000	-38.347251121461255	-33.697208518060634	-4.650042603400621	-15.742963923167807	-17.954244594892824	0.9870709948386056	0.7763454145408024	-0.8810956550283697	-0.5287341733258283	1.2732337443910544	0.1976272226438724	1.0
159000	-39.18136458935194	-31.864346306993014	-7.3170182823589265	-15.274189466585044	-16.59015684040797	1.080394621690138	0.5194496143525128	-1.7951775814394286	3.5800494869565718	1.1235668503507643	2.769157033996061	1.0
160000	-35.27454300736064	-33.151715575246776	-2.1228274321138665	-16.538146156882803	-16.613569418363973	0.8795074157145816	1.051823018543622	-0.3011197868165879	0.18716761885661237	1.0417871300238448	0.10759864373259169	1.0
161000	-37.13560317683063	-32.729663731231696	-4.405939445598935	-16.029413000420032	-16.700250730811664	1.1544583596441556	0.9652243141217969	-0.6193792860498695	0.03409219385104406	0.4037148667284583	0.07893782178109714	1.0
162000	-37.520438622184116	-31.93369225938642	-5.586746362797696	-16.30810013277347	-15.625592126612952	1.042623496771945	0.8595952919385939	-0.31643990405358935	1.4663156882417276	0.8080300931144229	0.42659168159514366	1.0
163000	-37.805394852496356	-34.056672785079236	-3.748722067417121	-16.89001699528528	-17.166655789793957	0.9133667576571577	0.966683674582596	0.028507521938481606	-0.2989393219222892	1.607378741052493	0.8041507124442066	1.0
164000	-36.973040402078546	-34.0682718627946	-2.9047685392839453	-16.470431924088594	-17.59783993870601	0.8527786850132164	0.6887876024993073	-0.44048809219009544	-0.054052443189148314	1.1938833521490027	0.549768252043078	1.0
165000	-35.23504768296426	-33.32051504714478	-1.9145326358194783	-16.67507242025242	-16.64544262689236	0.9678172432447693	0.7581950276831726	-0.06955231788054905	0.3454233431083117	1.1750610387089069	0.11353530548207247	1.0
166000	-35.63400067875343	-34.28848033677881	-1.3455203419746207	-17.165851767059422	-17.12262856971939	1.271726571692268	1.2165872924763648	-0.034011667706123544	0.1420285423556088	0.7149160234125553	0.04053634896995951	1.0
167000	-37.56807351045345	-35.446033305354554	-2.1220402050988993	-17.846880539726	-17.599152765628553	0.6850720133335676	1.3462106233544675	-0.05680913739105868	0.31355129948404975	1.5258629367659833	0.04414286705664727	1.0
168000	-42.6480166620138	-37.0560252966409	-5.591991365372905	-16.290728354690568	-20.765296941950325	1.0512496490882461	1.4532439251118594	-0.3309789606874803	-1.4942585651342633	1.144011130199594	1.1643646247300297	1.0
169000	-37.01673126826931	-33.07381666269351	-3.9429146055757984	-17.10931398816748	-15.964502674526033	0.9389324141211347	0.8785753868575369	0.19545524419428928	0.7596928739783311	0.6803207466260516	0.15866107525138587	1.0
170000	-38.34807258250968	-31.338115443281396	-7.009957139228286	-15.45689242171174	-15.881223021569657	1.0332824621728651	0.7030254315915807	-2.5569744068040894	1.3189353386358666	2.048410553071853	1.6073552202860564	1.0
171000	-39.14873918331287	-33.229002118191744	-5.919737065121122	-15.433799820470869	-17.795202297720873	1.199819307470812	1.1647634475532287	-1.5647544005898317	-0.540152827470054	1.0291484831658635	0.633746141902272	1.0
172000	-38.79324036130756	-33.22681734552553	-5.56642301578203	-17.349862362220946	-15.876954983304582	0.8563192235048934	0.7163471014146376	0.24762687782332712	1.258158665732955	1.6155727443905217	0.22629211677212765	1.0
173000	-39.84763681428452	-35.475718821493516	-4.371917992791006	-18.910340085385023	-16.565378736108492	0.7610170651830677	0.8219490984698985	0.9552736334796232	0.2538754167051322	1.8382592874622985	0.19880160223709295	1.0
174000	-37.858823265263744	-32.768280067886934	-5.090543197376811	-16.901163215582972	-15.86711685230396	1.2241222933975142	0.9214242576735167	-0.10194889133919594	0.9253990194855652	2.1385229583541774	0.5350891942826981	1.0
175000	-37.358022700337614	-33.838707230130055	-3.519315470207558	-17.63338289543895	-16.205324334691102	1.4468898408390192	0.8131180659324964	-0.17252742776910757	0.5805059445327173	0.6958525961578966	0.12608977393596887	1.0
176000	-41.25979330220025	-36.41087700138081	-4.848916300819443	-19.737984110150904	-16.672892891229903	0.5302225069348366	0.575761801270216	0.06572304603658202	1.288693792798835	0.7386661825612316	3.968982346850314	1.0
177000	-40.88587622992293	-35.312237596784314	-5.573638633138614	-18.88875913935415	-16.42347845743016	1.581762011359596	0.9560106873119498	0.07620920129026476	0.26785387676183525	1.6324794482019993	1.7345433324455088	1.0
178000	-37.067238147371256	-33.137625912855455	-3.9296122345158	-15.726365352688385	-17.41126056016707	1.064089596628484	0.645900744078791	-0.8520433375579928	0.2555080213453029	1.2272608961485028	1.0117209403578418	1.0
179000	-36.052431902911124	-33.66414428112622	-2.3882876217849036	-16.88853075125997	-16.77561352986625	1.137247845771508	0.7319409678599742	0.00835846304860649	0.33179135519384495	1.2732952876351702	0.19660842371691728	1.0
180000	-36.92638514245702	-32.42082143511544	-4.50556370734158	-16.30965037748447	-16.111171057630976	1.2500276929761658	1.025577598916904	-0.5500989328425583	0.7826200306607497	1.229850392434866	0.6708077776574287	1.0
181000	-39.633228207687885	-34.51617656845879	-5.117051639229097	-15.982123087310658	-18.534053481148135	1.17527992818786	0.8685002623230208	-0.692107482781808	-0.9802281752594979	0.43740879422806306	1.039905020216724	1.0
182000	-41.43091722362821	-35.99608314232442	-5.434834081303784	-19.335028670844483	-16.661054471479936	1.7375174141486451	0.6218903425024312	-0.1736354418588994	0.9546967407960869	0.445429324401966	0.17696732180666921	1.0
183000	-37.820214366985034	-34.69071680906182	-3.129497557923214	-18.06048905383107	-16.63022775523075	0.7702488742260043	0.9265055366541112	0.49780393012175717	0.09196434718841828	1.0018956157362315	0.04910920842243183	1.0
184000	-36.774151066562794	-32.97152568772893	-3.8026253788338695	-15.78395760641304	-17.187568081315884	1.0285420762043247	0.8323027991813855	-0.794214873098013	-0.19804180485161815	1.6084235965123463	0.4024889376234962	1.0
185000	-37.98886041665176	-35.70757127597042	-2.281289140681341	-16.48687826912921	-19.220693006841216	0.987497048779692	1.5916197110774164	-0.19324072373163165	0.03659954180291941	0.3862709632642169	0.06321532119921677	1.0
186000	-37.9986705654968	-33.17556568288168	-4.823104882615117	-15.789423520831564	-17.386142162050117	1.0842989148025273	1.2977667132612076	-0.7878272914902358	0.2571799324452344	1.7535017709809515	0.3345925263761114	1.0
187000	-36.62969496699549	-32.82384677482792	-3.805848192167564	-15.837701451585103	-16.986145323242816	0.9515786746527124	0.7774130322376082	-0.8300109477694373	0.04815756344540506	1.763758843001574	0.22137414042252618	1.0
188000	-36.92565640321391	-32.11658338339559	-4.8090730198183165	-16.085140633473543	-16.03144274992205	1.1204898536958565	0.7821894333694674	-0.5336295733419019	0.8301699568858079	0.7769299006553663	2.139375866869036	1.0
189000	-35.421294090604526	-32.78649982258864	-2.634794268015889	-16.334773268655475	-16.45172655393316	1.0048763619933165	1.0149056698302796	-0.30081798726990594	0.2909276857061823	0.976127674193498	0.18187704905192967	1.0
190000	-36.11478316114367	-32.54672349900815	-3.5680596621355187	-16.11290947286032	-16.433814026147832	0.9591254565906003	1.0516902014503626	-0.5273314647223916	0.38043738762868184	0.6630250062361879	0.36823965521639845	1.0
191000	-37.729948938303906	-34.9532898760759	-2.7766590622280076	-17.952171054050734	-17.001118822025163	1.5351250889817933	1.0702343697259005	-0.24488296352562033	-0.12211169130649902	0.40983035659562667	0.10244059138974002	1.0
192000	-36.95722594395804	-31.398750781279134	-5.558475162678908	-15.639505880836614	-15.75924490044252	0.8848790244383948	0.635743374799819	-1.4443559526462917	2.232023021279827	1.2312299818705723	3.322424691690579	1.0
193000	-35.81252835321017	-33.73404144709805	-2.078486906112115	-16.653112001258023	-17.080929445840024	0.9018704290990631	1.1495147619758315	-0.16103785295148143	-0.04018975125934379	1.6127421631526357	0.1063046086656415	1.0
194000	-45.25968333872041	-41.04943272876348	-4.210250609956933	-19.268908775403037	-21.780523953360444	0.5102244339288229	0.34066921304429115	-0.9533213881892411	0.5981166074854551	0.4950109978507855	0.5981544349089738	1.0
195000	-36.07722104881878	-32.51521420249806	-3.562006846320723	-16.04520027042011	-16.470013932077944	0.950865879397927	0.9848399565275571	-0.6053220872580982	0.24051663621550748	1.6131774704568722	0.1376877283115339	1.0
196000	-35.62397927366279	-33.05990151277466	-2.564077760888133	-16.42088702494205	-16.63901448783261	1.006754953520187	0.7730993143289653	-0.23468050136264584	0.3080803696394093	1.7935805850586277	0.038040919042363446	1.0
197000	-35.919340936234725	-32.44382764866094	-3.475513287573782	-16.06608297082203	-16.377744677838912	0.9921175458743102	0.7568085775927923	-0.5348787931676918	0.5675786907186968	0.9813916513522106	0.21184120845244744	1.0
198000	-36.40219609257301	-33.664581305968646	-2.737614786604363	-16.923027053584985	-16.74155425238366	0.7644122376135895	0.9541494308554009	-0.4046756420980645	0.0010136556585264578	0.4726052524974925	0.054976306646891855	1.0
199000	-37.15169600321383	-34.45628607254761	-2.695409930666213	-16.51742164852235	-17.93886442402526	0.9057849439660067	0.7200450574199331	-0.2617112610542035	-0.3638527668645024	1.8047323575235699	0.2880935135427113	1.0
200000	-37.16407074014079	-33.687704957384284	-3.4763657827565027	-16.51435820268005	-17.17334675470423	1.2429810288200078	1.0933398620792363	-0.38344658227559414	-0.2219205553877155	1.2234614196867375	0.041478706193674	1.0
201000	-37.6061420053963	-32.70083700924485	-4.905304996151453	-15.869661860693121	-16.83117514855173	1.2534341101676307	0.7515973596909362	-0.9773360557338452	0.2277152319644068	0.3936397736713243	0.815598834005594	1.0
202000	-40.12471481841252	-32.81585058967702	-7.308864228735503	-15.742126879091833	-17.07372371058519	1.3365342969113623	0.6727293438612592	-1.8203479603524957	0.3549787942450833	0.1657334005111934	1.6449762390005687	1.0
203000	-39.81357701769135	-33.208252974490264	-6.605324043201085	-16.72954291535196	-16.478710059138304	1.5038749810839316	1.1292402878465424	-1.0339832772098767	1.3865629922230402	0.6444415166376869	0.5287369730876996	1.0
204000	-41.40428674777645	-33.59174658124318	-7.8125401665332745	-15.639278610813548	-17.95246797042963	0.896311262443728	1.0657716202238479	-1.3559326667629537	2.7614854177463535	0.46759951196030924	1.516469326367114	1.0
205000	-36.765304373576726	-32.39465069630165	-4.37065367727507	-16.13856120813046	-16.256089488171195	0.8346133052451824	0.6427875379241874	-0.8953932786196259	1.2118775735921479	1.3851207122840832	1.3232779888249238	1.0
206000	-37.879592970976496	-35.01523595459322	-2.864357016383276	-17.1519008502465	-17.863335104346724	1.4056552238934819	0.5923425948226784	-0.34229248554251235	0.2665479878412096	0.6329325485060338	0.194721184978251	1.0
207000	-37.20689682551212	-31.83546686705678	-5.371429958455341	-15.642221070326038	-16.193245796730743	0.9990797097457451	0.9359297212646617	-0.9946156207037913	0.4915114974409302	0.9689779284477058	0.18855293359571873	1.0
208000	-37.12012679272651	-31.56443147002492	-5.555695322701586	-15.527696785090038	-16.03673468493488	0.9809031950106423	0.8992293101242123	-1.2062554514203958	0.6651440297258842	1.5875269515936279	0.3507047253089094	1.0
209000	-37.74776692318639	-35.16221842817667	-2.585548495009717	-17.512006030353444	-17.650212397823232	0.88635868018565	1.334085223148898	0.3902754964370746	0.12394451254877308	0.8484128674971928	0.07128199875667363	1.0
210000	-37.7936181047974	-31.709207976501393	-6.08441012829601	-15.52673732375732	-16.182470652744072	1.22321433239515	0.93783373270622	-1.4202979796963913	0.5041688589663569	1.9959391359208005	0.6508987980170363	1.0
211000	-35.383095365941514	-33.80691128702064	-1.5761840789208783	-17.39100998744649	-16.415901299574152	0.7838363573362845	0.8864424884599766	0.08649320779617395	0.29039564652804056	1.1668904732822094	0.08923671216809861	1.0
212000	-36.39076099140424	-33.2653254167863	-3.125435574617943	-16.503843058155173	-16.76148235863112	0.9594257737055115	1.1533912866813054	-0.19983032498061382	0.3134740900156534	0.4056760763256186	0.03485057655001944	1.0
213000	-36.263213511342784	-32.8387469177182	-3.4244665936245857	-16.00605674602749	-16.832690171690707	0.9319888543593948	0.9347681044853395	-0.6825489349250656	-0.06372105733331873	1.1558542884525695	0.13871046775187248	1.0
214000	-39.90857556784235	-34.16513352487314	-5.743442042969203	-15.639239982718243	-18.525893542154897	0.978073724722101	1.39164876867387	-1.0345287971061845	-0.46125998490298387	0.28894135343140886	0.3708883781058194	1.0
215000	-36.8481778816776	-33.05994915701745	-3.788228724660147	-16.015330804373026	-17.044618352644424	0.9764891671974028	0.6180365916651297	-0.5984250454759155	0.6677965873070506	0.8188024288128237	0.24110855819397808	1.0
216000	-38.16123610507723	-31.198917613307593	-6.962318491769635	-15.289672543227672	-15.90924507007992	1.1185021878551624	0.8468044684940242	-1.870883041608372	0.8541180349943646	0.8388610153170153	0.5750496449562514	1.0
217000	-35.75635089592419	-33.581964769931545	-2.1743861259926485	-16.942184243303444	-16.639780526628098	1.053122474936319	0.9621815663115029	0.10426906255469576	0.08204160978312874	0.9812936218125228	0.1775627783264267	1.0
218000	-38.772494489986514	-35.046130535673434	-3.726363954313078	-19.182155146054196	-15.863975389619238	0.5515866014855437	0.8604037360281553	-0.1837090258864526	0.9055182525501831	0.7433315127502623	0.28318596086891173	1.0
219000	-37.36587587633466	-33.82074857221333	-3.545127304121333	-16.190655295898488	-17.630093276314845	0.983575613545755	0.6701743054323797	-0.43102979444384154	0.0035197976215600724	0.46585269355752024	0.03290607587170212	1.0
220000	-36.78757995269811	-33.80278368276893	-2.984796269929175	-16.54916001542681	-17.25362366734212	0.829823020045388	1.044091271753978	-0.45066278784960656	-0.3303749135605058	1.3022952729659347	0.10463546094757477	1.0
221000	-37.33972745820836	-33.60762240596378	-3.732105052244575	-16.35995863026356	-17.247663775700218	0.8555484365895681	0.991154460980385	-0.5394163125847451	-0.3502089317885413	0.5748172288489689	0.1039863536443568	1.0
222000	-35.41122562627054	-33.073807385115686	-2.3374182411548587	-16.705503138011494	-16.368304247104195	0.9007099185653676	1.024602004427013	-0.12301412484427107	0.39788542057899734	1.1933339387265935	0.08392532645322485	1.0
223000	-37.20304902439681	-31.91430467199935	-5.288744352397463	-15.874685763544274	-16.039618908455076	1.2248668061360029	0.8857560924111084	-0.8964714683481743	0.6647199471050435	0.4331157345588786	0.30244390855573355	1.0
224000	-36.128526786213655	-33.5886658178116	-2.539860968402055	-16.878008496740495	-16.710657321071107	0.9009577373596633	1.0029444609428162	0.0032125822080110167	0.042293675837465544	0.3386247211817287	0.1205231214416482	1.0
225000	-39.090939195947186	-32.45701711426422	-6.633922081682968	-15.979505415839084	-16.477511698425136	1.1296764897637777	1.0095246378568807	-3.0559284839699026	0.25789871390071584	0.9083567146055204	3.0295967199502067	1.0
226000	-37.86346386903515	-31.828313811432842	-6.03515005760231	-15.715548870941177	-16.112764940491665	1.1686163986771765	0.6168241765045948	-0.9624952555172961	1.5833731763087182	0.4346004551704998	3.5783903105832024	1.0
227000	-38.37487674863403	-32.75147747457292	-5.623399274061107	-16.132250884490603	-16.619226590082317	0.8148849239927665	1.1126756540802403	-1.0377009494408813	1.7314922464025095	0.7635013850622915	2.965988230121733	1.0
228000	-40.25282422912812	-36.61433415582529	-3.638490073302834	-20.08205681373633	-16.532277342088957	1.767651584064769	1.0949269391490193	0.05630701061167781	0.38520952987372553	0.6561810766311829	0.3126097427664223	1.0
229000	-36.9185053862736	-31.76160060577536	-5.156904780498238	-15.54487402967349	-16.21672657610187	1.012869217334089	0.7256588324050108	-1.1183795481521246	0.824975841636089	0.4686833480628111	0.783440894048342	1.0
230000	-37.41335607479393	-34.99478343345237	-2.418572641341563	-17.1500339516074	-17.844749481844964	1.0246078576517277	0.6711365842169765	0.23427525270893068	-0.1287211477799346	0.5318548182369713	0.16527789295946232	1.0
231000	-36.69635107593815	-32.0279204758033	-4.668430600134853	-16.256598548931777	-15.771321926871524	1.1659898551173438	0.8574130638231324	-0.44705348018653135	1.0559289527957798	0.6054412564886343	0.8142469659695502	1.0
232000	-36.016421933320984	-34.08966849057723	-1.926753442743752	-16.583662765770327	-17.506005724806904	0.9856270521271848	0.6492240548539229	-0.12423982285116496	0.17764611756974133	1.510120755970726	0.18602438652746264	1.0
233000	-37.019811370013315	-33.102322174279664	-3.9174891957336486	-16.72497198014801	-16.37735019413165	0.8862843119443197	0.9879082902746318	-0.13469614760726958	0.3342030538199294	0.17833714436072143	0.05095243648699117	1.0
234000	-38.22028820056035	-33.34734013328659	-4.872948067273757	-16.61359369774579	-16.733746435540798	0.8078089715468294	1.1301144096588895	-0.48433025941009933	0.25735611801292124	0.18518806240757563	0.30363990682057485	1.0
235000	-38.28885323528095	-33.23605279809752	-5.0528004371834365	-17.140106956411827	-16.09594584168569	0.6971081800176787	0.567404783632566	-0.6938773681336066	2.1902594658144126	2.0361675450191226	1.7694112217156979	1.0
236000	-37.34257124751233	-33.64155092075042	-3.7010203267619106	-16.53560420083355	-17.105946719916865	1.1004454432823516	1.266501971694707	-0.17930824684283303	0.5325568587021705	1.464195483040506	0.17648021349207563	1.0
237000	-37.605873283993965	-32.68548670665581	-4.920386577338157	-15.574364453364094	-17.111122253291715	1.2056059414282705	1.0550884788265207	-1.2531395224283064	-0.22184566466642025	0.7162743551599273	0.9123162895246613	1.0
238000	-38.21962343303226	-33.81191087206585	-4.407712560966409	-17.424179868136765	-16.387731003929083	1.1990413371911142	1.1261951064366547	0.21979170144104407	0.9550063029216344	0.8317436156405469	0.4595041079117362	1.0
239000	-41.97226736672987	-36.820436480027894	-5.151830886701972	-16.166874879402105	-20.65356160062579	0.9984019717310612	1.7842370037959565	-0.4409181020148947	0.4556850832970527	1.2899763443701155	1.041477521221658	1.0
240000	-36.82230712126002	-34.270794111741296	-2.551513009518724	-17.24588296515958	-17.02491114658172	0.9509668554881395	1.0397548923779518	0.2840352333915579	-0.17315847531678666	0.45895229765430734	0.03419629866630222	1.0
241000	-36.11583891952981	-32.945266610619	-3.170572308910809	-16.255042894832716	-16.690223715786285	0.9443917091575428	1.1362801283912265	-0.41939024407133174	0.33508303684754664	0.7858501594917882	0.2649601380194784	1.0
242000	-40.596016780379145	-36.169761280005105	-4.426255500374044	-17.506021154288277	-18.66374012571683	1.1702129715728837	1.3855886826220283	0.299461147848323	-0.5808361775185661	1.468905676296886	0.12981590476737503	1.0
243000	-36.60184692065415	-32.021712792586115	-4.580134128068032	-16.113122016654113	-15.908590775932005	1.2588179340823675	0.8797235068900203	-0.7378368001340244	0.8343569589803121	0.6877273065644662	0.6378483631608718	1.0
244000	-37.731917292082926	-34.41725488915096	-3.314662402931962	-16.08450903954823	-18.33274584960273	0.995239896254932	0.5136035209725188	-0.5156227915659265	0.5510936527924266	1.5681676295978386	0.1485155098390538	1.0
245000	-35.73589690913586	-33.438999585160374	-2.2968973239754873	-16.600756427565813	-16.83824315759456	0.8855392391665816	0.8681772186459913	-0.23475227173140745	-0.018036039097272027	0.5538756961291591	0.15341338526696746	1.0
246000	-41.59347524227894	-37.400504531302744	-4.192970710976196	-17.930284476226376	-19.470220055076368	1.2872035730199043	1.5734934317250713	0.31636549446218387	-0.4124563951895302	1.1354588770903813	0.06406690005300461	1.0
247000	-36.46277318754801	-34.79392829254563	-1.668844895002379	-17.037144706417273	-17.756783586128357	0.7698837647605329	0.7112112407566581	-0.2653581785931892	-0.23113000467870284	1.183611756601605	0.03507359544576677	1.0
248000	-37.13383508405869	-32.27247694167153	-4.861358142387161	-15.505077262698729	-16.767399678972797	1.0581972913263915	0.7725877810036803	-1.1478798029867396	0.21382499189802892	1.390687047601993	2.3253762903624806	1.0
249000	-37.15981615073456	-34.30589880255788	-2.8539173481766813	-17.327164266411575	-16.9787345361463	1.4418907113434203	1.1414670437172678	-0.33413532382815003	0.03335549150810091	1.0394150895402896	0.13338699937685933	1.0
250000	-36.29914427472955	-33.08287297175238	-3.2162713029771703	-16.696317761187547	-16.386555210564836	1.0263414254638366	0.994955752674756	-0.04109901651510002	0.3324353894215741	0.2949906456476827	0.11848235890624524	1.0
251000	-37.80342279143951	-32.535154058076	-5.268268733363508	-16.544848555586412	-15.99030550248959	0.7148301543318907	1.0215437083744785	-1.49300164548858	1.2469775395841847	1.1954936804802796	1.317819284506171	1.0
252000	-35.82231796606472	-34.556251694304905	-1.2660662717598203	-17.05158004944322	-17.50467164486168	0.8611254589085989	1.3096295486003038	0.055386543401195004	0.16248631823734144	0.7847225818486865	0.04591153527638088	1.0
253000	-38.57141766285203	-34.11054298214911	-4.460874680702915	-16.789206580575833	-17.321336401573284	0.9658452290340398	1.3135265190492191	0.0070067742136959155	0.7005147380947876	1.1167146311901748	0.0910682301103408	1.0
254000	-36.414113192157615	-33.67384626634498	-2.7402669258126355	-16.639481897545892	-17.034364368799093	1.0776242825734783	0.7806930662487532	-0.09552680970980865	0.007646778684354372	1.4725953293258442	0.3417958903956933	1.0
255000	-37.3354743717256	-34.14636353565915	-3.1891108360664555	-16.443671023575508	-17.70269251208364	1.1315924747092374	1.3059928608623133	-0.26975406039639244	-0.09034749414792378	0.9022332767430499	0.3053413798486775	1.0
256000	-37.5469905692854	-32.634458248881565	-4.912532320403832	-16.60726286416822	-16.027195384713345	0.7442848914059006	0.8458025184228609	-0.9394510946248402	0.7115033137306965	0.794660619349386	0.2557816079175826	1.0
257000	-35.06031305672027	-33.61315347315674	-1.4471595835635223	-16.793810572089026	-16.81934290106772	0.8663205963543874	0.7340272401415786	-0.1244523522134594	0.2926267386721833	1.3676648720714353	0.0397553347300066	1.0
258000	-38.574843582795104	-33.09261600225871	-5.482227580536398	-17.195511904403446	-15.89710409785526	0.6782769324514643	0.899876356079681	-0.8390708615681015	2.119751617678497	1.546294012482242	1.6498773198476235	1.0
259000	-40.867929298525574	-34.80721254272366	-6.060716755801912	-18.700831829836964	-16.106380712886697	0.635098464640366	1.04889640069327	0.28623922680934255	0.9739312180668627	0.2672883112218217	0.18134238745719025	1.0
260000	-35.76453473794591	-34.00007220660697	-1.7644625313389348	-16.456036864859154	-17.544035341747822	1.016796866949255	0.7347000827073376	-0.20674401273141751	-0.1834632780495552	1.8714191843171932	0.0724163108353223	1.0
261000	-36.76577282149589	-33.24168897872843	-3.5240838427674506	-16.462416208874263	-16.779272769854167	0.788197014755946	0.6960374485236913	-0.7682460390045646	0.4664945970592149	0.940444616195939	0.28128240972964313	1.0
262000	-36.16724996396573	-35.69774422609922	-0.4695057378665124	-17.095375736710533	-18.602368489388688	0.8162007305273606	0.5745452535511528	-0.028363502523023262	-0.059942493740688316	1.0393360562913245	0.06254850028551576	1.0
263000	-36.65070044124428	-32.982436072284095	-3.668264368960186	-16.886641225668267	-16.095794846615828	1.3184063111794566	0.8349915233032318	-0.2929295577668392	0.6516041211090251	0.7608894881734305	0.2207067311124309	1.0
264000	-38.325008954427275	-35.03975103408649	-3.2852579203407815	-16.757429976446787	-18.282321057639706	0.7356041315938944	0.5405530632101687	-0.8111592242493555	0.3633683883286157	0.8974542719553085	0.33463034630708655	1.0
265000	-37.09745031871513	-33.959804033571416	-3.137646285143718	-17.001146995628062	-16.95865703794335	0.7397265934750336	0.9756138311695713	-0.4845759539379577	-0.15746151997321442	0.4912645469496243	0.19768405246052828	1.0
266000	-39.356394009060025	-32.51923462491486	-6.83715938414517	-16.755415875214478	-15.763818749700377	1.1664785809430598	0.7615130025210152	-0.10579980109597861	2.4886506264206267	0.7469645622664147	16.183082843319614	1.0
267000	-35.05543900776023	-33.76548601505115	-1.2899529927090763	-17.095695238459637	-16.669790776591512	1.192632536915791	0.9578568515651186	0.056717070346429574	0.05724995536129424	1.0352888409317804	0.0635426883540681	1.0
268000	-37.54287914324223	-35.08323300137429	-2.459646141867939	-17.744264979947566	-17.338968021426723	1.2540816438837046	1.1928185187709845	0.28854144999623055	-0.15233311572971373	0.5439898382957692	0.04773901083448316	1.0
269000	-38.96748960260688	-38.38740357425231	-0.5800860283545701	-17.13425872248539	-21.25314485176692	0.9010493507522391	0.41082025251422033	0.17568119738969507	-0.06848422193074587	0.8628262130845107	0.0465912507264927	1.0
270000	-37.562617253432904	-34.58594030494832	-2.976676948484582	-17.96670506380341	-16.619235241144917	0.6537513189595642	1.1362928692961285	-0.20172904522769042	0.43610694058830096	2.0633720271554923	0.1628480663635872	1.0
271000	-35.13618306748012	-34.540507269104424	-0.5956757983756964	-17.801708071825725	-16.7387991972787	0.6747950854180811	0.8497611862174501	-0.17725334259268044	0.07734334076042972	1.4269697479705734	0.04338635547883857	1.0
272000	-38.78946557777477	-34.09600691458216	-4.693458663192606	-16.12993553391599	-17.96607138066617	1.1241989367143772	1.394419182217726	-0.4996983363100046	0.11902574596003856	0.7287971761617756	1.3343229539825368	1.0
273000	-38.58946694931564	-32.139719635133076	-6.449747314182565	-15.619187012809475	-16.5205326223236	1.1140138869304521	0.6505381636656777	-1.0082417303762927	0.9037053072418645	1.3154744486785022	0.2078508455400976	1.0
274000	-37.80783773960154	-34.13039718260349	-3.6774405569980493	-16.5504961827535	-17.579900999849993	1.0423702769191037	1.3535802428634078	-0.14110088851515337	0.47494826119879985	1.0792350114824338	0.051910364171386586	1.0
275000	-37.54408454132988	-33.33165234305052	-4.212432198279356	-16.26699470245207	-17.064657640598455	0.920146482036216	0.6310455848788777	-0.450097050095546	0.5756877733013716	0.5941698439670162	0.09743693103028393	1.0
276000	-40.5343592757741	-38.3411482921344	-2.1932109836397045	-21.537603701151774	-16.803544590982625	2.0376916162952794	1.0291262294826105	-0.1990600181372847	-0.011730861224926017	0.6508046149388536	0.05843100085003957	1.0
277000	-40.402156143338296	-33.200049595470155	-7.2021065478681425	-17.287074065945156	-15.912975529524997	0.7600762308424053	0.843869873500844	-0.09489589179720326	0.8524343942468193	2.3311804289826568	0.05998961220916414	1.0
278000	-37.56747840777546	-33.85733529161182	-3.710143116163645	-16.433069777042178	-17.424265514569637	0.9034097171718751	1.188185233778081	-0.33700610140404286	-0.23391042562605024	2.080556587859279	0.26358774955476194	1.0
279000	-37.61563133425421	-32.330636930159955	-5.284994404094254	-16.71910282424314	-15.611534105916814	0.9004680698595068	0.8092657445662973	-0.11317000742105321	1.458506001968499	1.5146880695597786	0.41793791298829724	1.0
280000	-36.44659062334493	-32.877525859666605	-3.5690647636783304	-15.862379289104254	-17.01514657056235	0.9991724079515927	0.9661920118973196	-0.7301269253470055	-0.19746920798992665	0.8894446341652933	0.27796950762180994	1.0
281000	-36.96865986489637	-34.36973306964184	-2.5989267952545294	-16.390510363971735	-17.979222705670107	1.0491744945291959	1.3847585564721576	-0.255780010065334	0.02739785090053215	1.3691685920313619	0.10433772316274262	1.0
282000	-37.08953312214679	-34.07708750522746	-3.0124456169193325	-17.556837101290366	-16.520250403937094	0.8694272240113035	1.060933662880186	0.3959979526606998	0.3027880557986853	1.171010866140558	0.06160494538700647	1.0
283000	-35.0050836342529	-33.98395921722112	-1.0211244170317761	-17.374223839934324	-16.609735377286796	0.7806634254822484	0.8276271116808072	0.0621802190322297	0.20922355106539908	1.3958469958507422	0.06217557516547497	1.0
284000	-41.40698223260534	-32.5872089014004	-8.819773331204935	-16.900857020885066	-15.686351880515337	1.4522732727648309	0.7343522329461982	-0.6570419742134587	1.5006051011088752	3.203017319038301	8.584753408978099	1.0
285000	-37.14772842052817	-31.3466268855533	-5.801101534974865	-15.513197329238412	-15.833429556314886	0.9033509202449557	0.7033523945479366	-1.6777873284356353	1.3898286887965134	0.5440246856843699	2.685615865188552	1.0
286000	-39.33983714192492	-35.24463820728891	-4.095198934636013	-17.218695048869627	-18.02594315841928	1.4656835387410223	1.350837498171443	-0.4730852187512721	-0.20575114244187487	0.34100652977449336	0.24955658889611476	1.0
287000	-36.25164124132612	-32.55566860234617	-3.6959726389799545	-16.112461752547375	-16.44320684979879	0.968227154095797	0.9489209012156747	-0.516062582632625	0.24789275650137588	0.9941112741975898	0.7592469887564411	1.0
288000	-37.48553977485724	-35.06614722948302	-2.419392545374218	-18.639636839902803	-16.426510389580223	0.5712753423892397	0.8801477331775469	-0.4979130194298853	0.2865753171034149	1.5249128831465084	0.14040798130437196	1.0
289000	-37.97109729175146	-35.91859029351848	-2.0525069982329835	-16.8973825558717	-19.021207737646773	1.1021926170163054	1.5559910572763678	0.04673837792589905	-0.025983575694040972	0.7175250506543955	0.09330303338512733	1.0
290000	-37.623356719275094	-32.77272209169797	-4.850634627577119	-16.27863446425632	-16.494087627441647	1.096089213149187	1.1285659216431239	-0.3596668005275629	0.6123452081089057	0.24419171176973942	0.20114414879868026	1.0
291000	-36.510059541952	-34.03545804998649	-2.4746014919655166	-16.44072120387043	-17.594736846116056	1.00051164526422	1.3264586381261099	-0.2219025491207906	0.14957395407065224	0.347771592294228	0.04904373705204104	1.0
292000	-36.150309281857474	-32.777012180455735	-3.373297101401743	-15.977588933875172	-16.799423246580563	1.066832483442519	1.0283023743844661	-0.5961771521448012	-0.009175472916897298	0.8572767673474716	0.3309508904598063	1.0
293000	-41.22962029915507	-34.637736824409146	-6.591883474745927	-17.028184645710006	-17.60955217869914	1.1695795221314962	1.2189398698843477	0.050347330502843235	1.947039399610074	1.5160390410421503	4.810701414284184	1.0
294000	-38.64339815072816	-34.494627918647126	-4.148770232081034	-16.76103435869337	-17.733593559953757	1.0936580003636127	1.3066851602163425	-0.028908131475551435	-0.11799821075615224	0.13961290196792686	0.13299030767867911	1.0
295000	-39.74817015082472	-32.94480160740655	-6.803368543418166	-16.774990785960263	-16.16981082144629	0.8178881855218315	0.9561864935293091	-3.6315894350114357	0.5310868073112719	0.9150748999730561	3.548493064205182	1.0
296000	-35.678237671320694	-33.92341697017109	-1.7548207011496013	-17.09022748134389	-16.833189488827195	0.952198923829205	0.7872539192365626	0.19167576513587115	0.1294270294400795	0.5069598393745949	0.06481928273428753	1.0
297000	-36.033718329005566	-33.81404519081846	-2.2196731381871064	-17.33568993131364	-16.478355259504823	1.100006654107859	0.9446534022555599	0.2901912553265362	0.21598860737307476	0.7508406422894874	0.06681427541338765	1.0
298000	-37.455683626758464	-34.74607795118007	-2.7096056755783926	-16.500108562055658	-18.245969389124415	0.9577124378730988	0.5346978228211368	-0.2042058005030093	0.4314269884146155	1.1249142185274499	0.434319781658363	1.0
299000	-40.872887624408236	-35.37319792632183	-5.49968969808641	-19.03609087891288	-16.33710704740895	1.753988825317308	1.0111183399041621	-0.3778602502725825	0.40919641495083303	0.17272021848794702	0.5407606601277958	1.0
300000	-38.495963806591796	-33.005662489388044	-5.4903013172037545	-15.702810709675383	-17.302851779712658	1.026481780738092	1.2653786565699254	-0.8894301658290851	0.16401205270607216	1.0591464742698076	0.11747818619024196	1.0
301000	-35.764716444668736	-33.591336594330194	-2.1733798503385433	-16.599405939807774	-16.99193065452242	1.094481203630704	1.1788182028674807	-0.13251303691686328	0.13716716116860964	1.055941174526422	0.12179305113846323	1.0
302000	-38.93626945108453	-33.52126984802433	-5.4149996030601955	-15.83372781915513	-17.687542028869203	1.1579368490631563	1.1754913431312444	-0.8122320216198025	-0.45164520129386987	0.5562135583824283	0.14084664291888382	1.0
303000	-37.61693581607741	-33.771146118992405	-3.845789697085005	-17.415060618961757	-16.356085500030645	1.4777189497979013	1.0632222468221812	-0.3843367114050971	0.5166245855120648	1.0160830748656027	0.16288427360211535	1.0
304000	-35.152015887834295	-34.08294193028111	-1.0690739575531836	-17.023380013068124	-17.059561917212985	0.9910398008971578	1.132804901593081	0.1633120006962434	-0.06082864853870068	1.0286781379582255	0.036337363578696456	1.0
305000	-36.16513365548673	-32.37904522014257	-3.7860884353441513	-16.170156158866465	-16.20888906127611	0.9047894417534391	0.7555646885858651	-0.5777629182020259	0.7259387847809217	0.7838687895059103	0.46381989936023166	1.0
306000	-35.50610732974573	-33.762291171434256	-1.743816158311473	-16.878573922656624	-16.883717248777636	1.2707095269920943	0.9893723008185954	-0.19841211488218108	-0.0998586242920477	0.9077775307410988	0.06653788048011426	1.0
307000	-36.26293913753826	-34.58663126750112	-1.6763078700371437	-16.838688833395384	-17.747942434105738	1.2815950174600923	0.6905385765946263	-0.24452648726151827	-0.15039181250316946	1.1574021106613384	0.05488290928511041	1.0
308000	-36.60883826090472	-33.719741205678346	-2.889097055226374	-16.429138594740063	-17.290602610938283	0.9652754442286751	1.012390012267069	-0.25188303035349	-0.37215158959206823	0.8373333327255715	0.2595379200042892	1.0
309000	-36.610760948233555	-34.91464691479001	-1.696114033443541	-17.740871436614178	-17.173775478175838	0.736233003956015	1.1411645117624876	0.15388238494835887	-0.13887365279242211	0.7584817705787895	0.09612616570185699	1.0
310000	-38.125366328813804	-31.6525910277927	-6.472775301021107	-16.047867327318095	-15.604723700474604	1.2800384103648357	0.8110904852927296	-0.8571910159731907	1.9928526580840493	0.46402927595128024	5.464941757724051	1.0
311000	-39.19547303584273	-36.3684266856628	-2.8270463501799323	-18.190589849952552	-18.177836835710245	0.8238571978258323	0.6305208331939188	0.688927518339274	-0.13392060807541328	1.471388760724432	0.20028177469078517	1.0
312000	-37.63991585383237	-32.92437880500447	-4.715537048827899	-16.284785489826902	-16.63959331517757	0.7773732876896887	0.9247011838892045	-1.120141409503477	0.08517801415649898	1.2288523686184087	0.24055693176289342	1.0
313000	-35.87953107035936	-32.639937647165794	-3.2395934231935692	-16.385876728391874	-16.254060918773924	0.8613981343164844	0.8746685613815707	-0.4928352260010853	0.44657795963724956	1.5607218385161767	0.14838524966558195	1.0
314000	-40.84965384424923	-34.587042206275115	-6.262611637974114	-19.020136957934465	-15.56690524834065	0.9710040125914656	0.7814025966527901	1.1217642549755635	1.932861538311443	0.9051536351609104	0.9155629922647008	1.0
315000	-36.00014705473895	-32.20341918156675	-3.796727873172203	-16.194412024884596	-16.009007156682156	1.0241428817519367	0.8509829348208459	-0.40751814304418416	0.726314784615537	0.7809909303439664	0.25058614578842187	1.0
316000	-38.61095404594148	-33.58517364454637	-5.0257804013951075	-15.975148001986316	-17.610025642560053	1.212318217947181	1.2822989969031549	-0.7651108625028039	-0.09921083553905333	0.555474952941098	0.10246567537705432	1.0
317000	-35.355697573112906	-33.52472219986099	-1.83097537325192	-16.785170353414355	-16.739551846446638	0.9535132585891163	0.7672709838868659	-0.0035998712245312314	0.24868245107668058	1.4217834347559122	0.1391999519717359	1.0
318000	-36.4360765479351	-34.08810942763738	-2.3479671202977257	-17.728485329501396	-16.359624098135985	0.7150412879428542	0.9516603095249567	0.03478818831641903	0.32672221009107094	0.6250402639671414	0.16576638662374474	1.0
319000	-37.18402883297092	-31.999302655556605	-5.184726177414314	-15.679628596746069	-16.319674058810538	1.0366067098078513	1.0284942098131773	-0.9122848826108805	0.4650520750768775	2.0709666410494703	1.003901397532975	1.0
320000	-37.18755690260427	-31.791619602694478	-5.395937299909789	-15.633636483992792	-16.157983118701686	1.1331809148127627	1.0693362252277736	-1.010925159573321	1.172937106558524	0.8131094292233605	0.702580486748845	1.0
321000	-37.86485582979105	-33.675221912051384	-4.189633917739665	-17.00269387614355	-16.67252803590783	1.4273094080608735	1.1392703499284516	-0.5015863912767232	0.3720845674308523	0.5680258076952306	0.5550855634110545	1.0
322000	-37.331938250178354	-34.31752296271182	-3.0144152874665355	-17.612607167063413	-16.70491579564841	1.287576384786569	0.8635107267826785	0.16755385560582237	0.08385039145236498	0.6545063692104486	0.32185789884755117	1.0
323000	-35.829414839847786	-34.00347093209115	-1.8259439077566362	-16.7986974376212	-17.204773494469947	1.1428345788827299	0.770472428183959	-0.05127304262617813	-0.07710924259956167	1.297808191845984	0.13458750423973823	1.0
324000	-36.53714300683962	-33.96763218152399	-2.5695108253156302	-16.200272343325828	-17.76735983819816	1.0389719172901533	0.6779287842076724	-0.40119083879726414	-0.11158488869441985	0.655203549863312	0.17799095016619532	1.0
325000	-35.992798554197826	-34.20950191074783	-1.7832966434499944	-17.14708501582388	-17.062416894923956	1.0464364612649169	0.7649158528873871	0.2248372127967101	0.03009072518596778	0.5790322996016903	0.08093626690310216	1.0
326000	-35.78345355578747	-35.31626374719541	-0.46718980859206005	-17.850780848712187	-17.465482898483224	0.6760739508284906	0.7238088111700762	-0.12095272336141982	-0.10104956771499013	0.6645936090930941	0.028694739499118514	1.0
327000	-35.30883298762473	-33.659572350927434	-1.6492606366973006	-16.742477026556212	-16.917095324371225	1.232704896268682	0.7931546075723115	-0.21319875194397161	0.05709868916766325	1.2345220263876469	0.07469936571471676	1.0
328000	-35.98700178189275	-34.314527882996906	-1.672473898895842	-17.191134664993882	-17.123393218003024	1.1896252302245625	0.9066411061493298	0.1126551014776081	-0.24685003253718635	0.7804689209804955	0.040629117102878885	1.0
329000	-37.16229412044457	-33.43044843597222	-3.7318456844723507	-16.98421218525926	-16.446236250712957	1.4267484481408257	0.902397411968842	-0.5127450409706147	0.2536559326742669	1.5147380289808505	0.18394056906290132	1.0
330000	-36.735385241158276	-34.2325063378515	-2.5028789033067795	-17.15474826419183	-17.077758073659666	0.9609136472001565	1.2048585312400522	0.23442650978879856	0.14345510881646034	0.6550517431445949	0.15932262497821145	1.0
331000	-38.31374687972968	-35.32803207305983	-2.9857148066698453	-18.105077440859304	-17.222954632200526	0.6465180790318875	0.6042048205463901	-0.1345829275555909	0.6225718202680505	0.8466948748753267	0.5370259451204347	1.0
332000	-36.78274470004831	-32.06622006571922	-4.716524634329092	-16.108264338933466	-15.957955726785759	1.1434536272447722	0.8052716595855154	-0.5379691028734579	0.859359584232921	1.853562881079914	0.9728691802694084	1.0
333000	-37.06163751017829	-33.500124037986936	-3.561513472191348	-16.731767066165816	-16.768356971821124	0.9075596059163044	1.0379541969460298	-0.09230783384415314	0.02687874827329151	1.675625747220846	0.5995041982293307	1.0
334000	-38.93372262035682	-32.377749883636326	-6.555972736720492	-16.603409394021384	-15.77434048961494	0.8030048623952827	0.6295797565737379	-0.5187473507139072	2.3198636172367686	0.8822373400308927	0.8349302496829674	1.0
335000	-36.18801586819212	-32.57584105516068	-3.612174813031439	-16.398241786766935	-16.17759926839374	1.24909640405668	0.8926681984187147	-0.4797789252531542	0.5100797106088426	0.8447388223313137	0.32114912786288263	1.0
336000	-37.4290945992697	-31.85500774027681	-5.57408685899289	-15.669488023582733	-16.185519716694078	0.9824765192045986	1.02593269850205	-0.9836583948057419	1.7684689260039326	0.9100454603616547	1.8896154635279692	1.0
337000	-38.39179361969508	-33.68880588192471	-4.7029877377703695	-17.753880522528647	-15.934925359396061	1.3116045205750202	0.734550517925067	0.1902908164714081	1.1008922103095569	0.5510077451369324	0.7553594869997627	1.0
338000	-38.1408842464114	-37.023708091446196	-1.1171761549652042	-18.448849034621514	-18.574859056824682	0.6091151417300746	0.5727452701511445	-0.1830501914535393	-0.03312491164926569	1.382055809802045	0.163164587485857	1.0
339000	-37.97264356180328	-33.925304858957404	-4.047338702845878	-16.343421739881688	-17.581883119075712	1.1496638442011913	1.34913150463644	-0.36123411459709454	0.3913552363910443	1.4884935136570345	0.07631263931525638	1.0
340000	-35.35308730568577	-34.062366984708234	-1.2907203209775338	-17.041834963458395	-17.020532021249835	0.8194849968466466	1.1167864970490469	-0.05952392368258114	-0.06122199897400792	0.5784712646399681	0.059407599629068976	1.0
341000	-35.41690301043861	-33.81087760928637	-1.6060254011522392	-16.563680982548583	-17.24719662673779	1.056774716719502	1.2489690144849497	-0.13612619157135541	0.146454872102144	0.6537866902706153	0.050557024406250727	1.0
342000	-36.80743094198571	-32.74299004142168	-4.0644409005640325	-16.73830995629811	-16.004680085123564	0.9604295217256951	0.9055881765814001	-0.03068056231374361	0.7055127156315661	0.7466987778156352	0.9995725939272269	1.0
343000	-36.58258584198938	-33.68270415923634	-2.8998816827530436	-16.732179995617358	-16.950524163618976	1.0557348311480126	0.657462699083091	-0.025396184943964034	0.5174776199247738	0.6444889070584011	0.0907543890102197	1.0
344000	-37.784002746944594	-33.068628179753546	-4.7153745671910485	-16.95111811565386	-16.117510064099683	1.3519095173282925	0.7672530397967898	-0.3306315200419546	0.7807021561929306	0.3341920779442094	0.3481406117259406	1.0
345000	-35.226112902814926	-32.957502366027335	-2.268610536787593	-16.650109073995978	-16.307393292031357	0.9552636941543625	0.8800068681644011	-0.09609000866256878	0.39216530465583826	1.1223740190675995	0.052878452765925885	1.0
346000	-35.61609834584638	-33.304792946173265	-2.311305399673115	-16.282770566879037	-17.022022379294228	1.107191647366877	0.8108673011541022	-0.3645902231458187	-0.05169183085149093	0.7907577446507186	0.039379093305708344	1.0
347000	-35.39308051837873	-34.34559220241559	-1.047488315963146	-17.3351183113577	-17.010473891057888	0.7862899343160921	1.0394134992586015	0.05329183950328486	-0.16278965240061105	0.9391558922531275	0.055235381985897995	1.0
348000	-39.086781097184016	-35.09323857677903	-3.993542520404987	-16.09635066754582	-18.996887909233205	0.9449162811573169	0.47321623418681497	-0.565024974526024	0.5132395520869774	0.5951180124224479	0.9753223708470973	1.0
349000	-36.043316021201235	-33.343932405590266	-2.699383615610973	-16.161148216009902	-17.182784189580367	1.0311216165643298	1.1701242570801156	-0.43391432747750946	-0.07773732009549356	0.9134813345310536	0.10185853922477389	1.0
350000	-39.773134385144004	-31.71493379238037	-8.058200592763635	-15.588304172983205	-16.126629619397164	0.9850830187924425	0.7833377435048486	-1.0965653898003223	0.7263928181534064	1.2285757025232311	0.1336642718281395	1.0
351000	-36.37735937826406	-32.540993280606415	-3.8363660976576455	-16.59422849414888	-15.946764786457537	1.0869463958047574	0.9383562461356868	-0.13082803522183506	0.8148256563581908	1.1785292503300224	0.4128323868749688	1.0
352000	-35.03024508361331	-33.297073453512105	-1.733171630101204	-16.52426971975789	-16.772803733754216	0.9005629970259613	0.7641112337614302	-0.26613010043207364	0.23319668684656442	0.9954499029181925	0.06224494129450156	1.0
353000	-37.35574196763956	-33.01857488613518	-4.337167081504385	-15.664429604215885	-17.354145281919294	1.1878970026573357	0.7156402145915599	-1.0669145242931553	-0.00408787091163446	1.1680528550863194	0.34446986240509586	1.0
354000	-34.66864118166849	-33.69159302341004	-0.9770481582584445	-17.08632071482656	-16.605272308583483	0.8520596649701909	1.0193754190097053	0.060641246184632	0.14847024858261335	1.0094468683574123	0.05049882501734555	1.0
355000	-40.04758816491956	-34.08487934888701	-5.962708816032555	-18.32048298600875	-15.764396362878257	0.5871947596622556	0.6896572637820312	-0.6417275896741079	1.5962187558380223	0.7841754259510064	0.42313606341971577	1.0
356000	-41.47890619762858	-35.021477390684524	-6.4574288069440575	-16.267575530364454	-18.753901860320067	0.739350162704515	1.4384538507987992	-1.9146395241610688	1.5192947123229592	0.5280428514070951	1.9772280329688499	1.0
357000	-35.20345785506726	-33.651038903334616	-1.5524189517326452	-16.796643145900653	-16.854395757433963	1.1253749956055075	1.1193042172072456	-0.034307782392686254	0.09597386978253199	0.6849125220792593	0.07039910534342259	1.0
358000	-36.57292434051966	-32.052452374429116	-4.520471966090549	-15.656768061403701	-16.395684313025416	0.9267928685824817	0.8794662644615173	-1.159216941347712	0.3137282500529456	1.4530326459342318	1.2656818747210714	1.0
359000	-37.06832341595969	-34.232756261176704	-2.835567154782988	-17.032893281392788	-17.199862979783916	0.7780519236360351	0.6827212645083253	-0.22883387419627316	0.22419045817849503	0.372584474152404	0.1578220205388142	1.0
360000	-42.65340982178133	-38.720840215729886	-3.932569606051443	-17.45382183506119	-21.267018380668695	0.6757323483633599	0.5432010866248653	-0.5343464776168599	-1.170380634271407	0.9339672404369037	0.7270406372208236	1.0
361000	-35.80074983892049	-32.742784946559965	-3.0579648923605256	-16.084941423088598	-16.65784352347137	1.0474676241843488	1.0647606921093555	-0.4978459876075165	0.16740744650048975	1.2549645648523413	0.12566177966820016	1.0
362000	-35.94783069255658	-33.860584918787445	-2.08724577376913	-17.382860106336413	-16.477724812451033	1.1652328957688505	0.9608741132638239	0.2445057264155685	0.22006003433679694	0.8965858909247488	0.07326530936947402	1.0
363000	-36.50988716782743	-33.40569110017101	-3.1041960676564178	-16.864885256098894	-16.540805844072118	0.7615593150453362	1.0423946425276973	-0.4818349950734465	0.2434003024374528	0.5724571143481211	0.10976813166415693	1.0
364000	-35.3652839909098	-34.011408788759255	-1.3538752021505438	-16.473488003052843	-17.537920785706408	1.0430781492890515	0.6725312157049089	-0.19487755920121436	0.05007804461882267	2.41562069723845	0.02676534620803652	1.0
365000	-38.171275548318754	-34.30452944398458	-3.866746104334176	-18.06640570559192	-16.238123738392662	1.033925006947078	0.836645758025598	0.6894775972436276	0.5077154972996651	0.8643845916243441	0.23142460404121498	1.0
366000	-37.228593627073835	-32.770531879884736	-4.458061747189099	-16.39278846765408	-16.377743412230657	0.8820036322307393	1.1201384012468811	-0.42366593744177383	0.8619743211409777	0.5293983866422532	0.33068987665494676	1.0
367000	-38.92282761904201	-35.601832883577	-3.3209947354650033	-17.59390207537264	-18.007930808204364	0.9587371569425537	1.3973834469091504	0.4792351875009885	0.08030780438144772	1.2786857490867758	0.19071144416844202	1.0
368000	-37.17920868016852	-35.44744397005611	-1.7317647101124114	-17.939275403296744	-17.508168566759366	1.354397026425821	0.7074353291232114	0.19199695559758956	-0.07018624166062207	0.7258064535388833	0.08229503962517841	1.0
369000	-35.931895508700386	-33.28183074847983	-2.65006476022056	-16.528443940411705	-16.75338680806812	1.2679241643612786	0.8125683744283064	-0.4231502001271412	0.13068154099378798	1.1875577844399907	0.0870534560892102	1.0
370000	-37.353292571150845	-31.864888216208996	-5.4884043549418475	-15.510174885667046	-16.354713330541948	1.10799317786674	0.9338241336597701	-1.1594884605012519	0.3276680085413697	2.0650426783335067	1.4854638229163435	1.0
371000	-35.95653454425637	-33.74185822078577	-2.2146763234705973	-16.760838295749835	-16.981019925035934	0.8849332926172551	0.8494792248047232	-0.10991380768835732	-0.0911628520893698	0.45198328189486003	0.1253445397962099	1.0
372000	-37.705423378726934	-34.478891185354804	-3.226532193372126	-17.26922522840095	-17.209665956953856	1.4271732681608795	1.0492957221527333	-0.3285106807129097	-0.2964570383386573	1.2327179926990606	0.06757168106376406	1.0
373000	-37.08688923850223	-34.02097198140687	-3.065917257095356	-17.038205804562118	-16.982766176844756	0.8650685175579709	0.9952668350331468	0.05393199693319112	-0.16982514045020844	0.2333441333244557	0.10328815323675229	1.0
374000	-36.136532015347576	-32.951213484714586	-3.1853185306329896	-16.800615750614053	-16.150597734100536	1.1244868250490458	0.9449040576312752	-0.031031451852713055	0.5445526584312497	1.167851735259272	0.26966204577927755	1.0
375000	-38.23193522427476	-32.185990340625295	-6.045944883649461	-16.19490718146374	-15.991083159161555	0.9853877335314041	0.6423150345279419	-0.4259247592873528	1.551018551953906	1.0721441615417395	0.3557898752517684	1.0
376000	-39.6470015576179	-34.425330136901565	-5.221671420716332	-18.792866537536867	-15.632463599364698	0.5978050290168558	0.85116319763991	0.025381586938189482	1.8558914225005896	1.1967511245363787	0.7500048672292107	1.0
377000	-35.35174939549091	-33.54797195464769	-1.80377744084322	-16.433073321536984	-17.11489863311071	1.0920245571083504	1.2003513253503422	-0.24403143561924007	0.0838841893289391	0.70348390519756	0.024501657132185554	1.0
378000	-36.52312450506043	-32.62735040590028	-3.895774099160149	-15.859256976374512	-16.768093429525766	1.1113033489393556	1.0983069599141824	-0.732924951831176	0.12990774006520633	0.7148624517092201	0.4380629407793758	1.0
379000	-37.329747822717465	-33.156834169259824	-4.172913653457643	-16.379714762324813	-16.777119406935014	0.9846005055175179	1.1192507205192934	-0.2758831542659689	0.17464214475745699	0.5883429987507035	0.9822505789710995	1.0
380000	-38.27852778121729	-31.732538757017338	-6.545989024199951	-15.748872552644297	-15.983666204373042	0.9425134375001182	0.7423774892902254	-0.9658545616730843	1.0109105798013862	0.2023872534148804	1.9613489921255327	1.0
381000	-37.14510103686352	-33.58693058915719	-3.5581704477063294	-16.93432334254061	-16.652607246616586	0.7879927387463771	0.6241360233595864	-0.2707641332491484	0.9475311203346739	1.107668334271597	0.7519136834404028	1.0
382000	-39.45241773580811	-34.48477276503224	-4.967644970775871	-17.40003615980875	-17.08473660522349	0.64314485723878	1.2708051936160685	-1.057185119920658	0.8217063151942945	1.0065157620348464	0.4400013732876275	1.0
383000	-37.655701537031035	-32.81745735098002	-4.8382441860510115	-15.731619939193395	-17.085837411786624	1.1741389954933712	0.8340590159007659	-0.9530695014077477	-0.13603379717833772	1.2020095443006162	0.16995857479183898	1.0
384000	-37.6021994731677	-31.721667013304405	-5.880532459863295	-15.760264245471491	-15.961402767832915	0.8288248177801053	0.7051096319017612	-1.8607867683267028	1.1988903318322652	0.5047918320318228	2.2191653507413833	1.0
385000	-38.05732039370523	-34.060906359915705	-3.99641403378953	-17.765766742874813	-16.295139617040896	0.8046034262091983	0.6954239707468115	0.4040575016777723	0.8789605249883446	1.6735643447402375	1.4155138408033763	1.0
386000	-37.93877199832421	-31.372932230714035	-6.565839767610176	-15.375168513886306	-15.997763716827729	0.9577781270144574	1.0132667664431865	-1.7332302078679485	1.4900887536693252	0.3850394764684475	4.235133721446399	1.0
387000	-35.82450523361635	-34.2211841956251	-1.603321037991248	-17.202993174582698	-17.018191021042398	1.3577571985371495	0.7969732290775774	-0.19221165015148545	-0.019802996813590268	1.61620452705593	0.03964595105293998	1.0
388000	-36.61504389914893	-33.668589496288995	-2.946454402859933	-17.18871137954712	-16.479878116741876	1.1012520723196895	0.7734566755281113	0.21150387403070797	0.4329075002113694	0.6756545978358501	0.24058600965832727	1.0
389000	-34.70485123753903	-34.836547761676286	0.1316965241372532	-17.67331770317376	-17.163230058502528	0.7354490413643971	0.7806858375270669	0.09832285501641808	-0.07639150426793151	1.3250895622170877	0.023685342910301367	1.0
390000	-35.37628403422522	-33.43279643818933	-1.9434875960358915	-16.471054291172003	-16.961742147017326	1.0070606205155594	1.188618048150868	-0.19766126166060927	0.21206097872147373	0.9447865380411984	0.06581915922971072	1.0
391000	-39.22350964390965	-34.18370801619696	-5.039801627712691	-15.874545894210714	-18.309162121986247	1.1363304124232214	1.218282788736656	-0.742405317754793	-0.7608807259295395	1.4182902778280992	0.35190414134444764	1.0
392000	-37.329706071721084	-31.408541028508605	-5.9211650432124765	-15.825743758994559	-15.582797269514046	0.8164572788654294	0.8074421892648245	-1.8023443930765888	1.583408772439367	0.650373932796184	4.782843205518296	1.0
393000	-35.69294304821266	-33.131001413109715	-2.5619416351029485	-16.4350235224325	-16.69597789067722	1.1912102059264824	0.8659334404285152	-0.3511604720590417	0.08753748170458608	0.9168460975807005	0.18435847719710705	1.0
394000	-37.08008720680799	-34.76792267062176	-2.3121645361862293	-18.191997426241898	-16.57592524437986	1.358786655460671	0.8850853529292135	0.29578863449242426	0.159533784228835	1.2317706936894528	0.05943405421578686	1.0
395000	-40.015469633124006	-33.878818653877104	-6.1366509792469035	-16.333130612946526	-17.545688040930578	0.7359327109627635	0.5167023119066264	-1.6724815457260571	1.0720431028131425	0.33793110935652404	2.500690340597009	1.0
396000	-41.566843696723225	-38.3975821897353	-3.169261506987922	-19.021746364158393	-19.375835825576914	1.6708719739283127	1.6082012838419733	-0.11414227155552603	-0.041762601147614986	1.0158856337443583	0.13210339908232896	1.0
397000	-36.6056417845001	-31.928581056149774	-4.677060728350325	-15.841888430258166	-16.086692625891608	0.9187570203859888	1.0100860345726068	-0.912672241151413	0.7630425768772627	0.8687960390693451	0.38559760036412977	1.0
398000	-37.99974365773873	-31.56714797116946	-6.432595686569273	-15.447024518725348	-16.120123452444112	1.1570816944384343	1.0505751243127248	-2.360165223081136	0.939080703851553	1.3265902727660082	2.3250885535162196	1.0
399000	-39.67838399314515	-33.7183196731778	-5.960064319967347	-17.72216154089651	-15.996158132281295	1.6888735463586715	0.9776816847049977	-1.0252939808187	0.8191328147552066	0.9595248959152716	0.33412954563052183	1.0
400000	-35.813339108803746	-33.0710304608847	-2.742308647919046	-16.638977759723	-16.432052701161695	0.8815645116900409	0.7959924243359051	-0.2124745855292895	0.41557331977241735	0.9662294272096463	0.04868911059743267	1.0
401000	-39.29512181188443	-34.052711713415206	-5.242410098469224	-16.80184178915124	-17.25086992426397	1.1162090002482676	1.284171365637579	-0.02248284898003168	0.38618558303737605	0.13032795758456195	0.2885016884253115	1.0
402000	-35.46920268234307	-34.585799433541126	-0.883403248801937	-17.998651627151617	-16.587147806389506	0.7046883344052295	0.8921903376288837	0.1910899477905605	0.14474162012212138	1.0688189289578625	0.03563139507193657	1.0
403000	-36.47392808924263	-34.59198573980266	-1.8819423494399665	-17.950557442908767	-16.641428296893892	0.7256540558701179	0.8249319464742886	0.2604179567995332	0.18990911288578052	0.576127159364682	0.0578009083458394	1.0
404000	-37.334950164138725	-33.44156059023638	-3.893389573902349	-16.38763836216032	-17.053922228076058	0.8020329499708599	1.1924241082516749	-0.7704047318746386	0.1200777411522409	0.6379719640293467	0.21125976879345335	1.0
405000	-37.224245143117805	-33.15279594039608	-4.071449202721721	-15.73449867197039	-17.418297268425693	0.9251127241790573	0.7330537647261381	-1.0415149846432572	-0.10227212293503263	0.8574435931269819	0.3568024248992751	1.0
406000	-38.08527907655285	-35.50974777199066	-2.575531304562194	-16.762775700718073	-18.746972071272584	1.1794976664990402	1.5307796784181118	-0.11842028806848959	0.19463303159729295	1.175663105011954	0.08930956498981438	1.0
407000	-39.17130596147767	-31.697918585619945	-7.473387375857724	-16.102031663073134	-15.595886922546812	0.9461646263388758	0.817761293171307	-3.2647542361009703	1.5172808436966179	2.397279596011662	3.307277673137818	1.0
408000	-35.86722945515555	-33.557301070978404	-2.309928384177149	-16.977132168782017	-16.580168902196387	1.0797514845700678	0.8532339076837594	0.10991783058432536	0.19197555480755932	2.453285818049945	0.05305317617150702	1.0
409000	-35.800220025853946	-33.519640382398975	-2.2805796434549688	-16.552896674125208	-16.96674370827377	0.9011610452281138	0.9950979186434326	-0.2415899809623969	-0.15840921933702876	0.9287182897981916	0.18393831616873987	1.0
410000	-34.97490087775473	-33.14909381837635	-1.8258070593783797	-16.39354360437213	-16.75555021400422	1.0401431462459099	0.839049383161912	-0.2521260591546945	0.08145115266327013	0.5714837134631324	0.06334497224956404	1.0
411000	-37.231066436952666	-33.573946263278174	-3.6571201736744943	-17.382184862964884	-16.191761400313286	1.3345842854650087	0.8672378019481377	-0.041734230223973906	0.5139029125843533	0.6202906909785205	0.05570894887098516	1.0
412000	-36.271038422032426	-33.63729781376435	-2.6337406082680745	-17.270849261152406	-16.366448552611942	1.3112547546815105	0.9452915070686277	-0.05324373345055085	0.3182505653894581	1.0161187235981182	0.17015968995762895	1.0
413000	-36.98791956919658	-32.7171928388564	-4.270726730340182	-16.40436471585927	-16.31282812299713	1.3587389142800144	1.0275960739878744	-0.7562576712911026	0.4716324750599352	0.8548024950810792	0.36988022306093676	1.0
414000	-35.75692019055782	-34.83480745940034	-0.9221127311574857	-16.938647034064044	-17.896160425336298	0.8528105179435147	0.6669438345801836	-0.04576615883830898	-0.14081739761985695	1.5391000433052693	0.0796558197114946	1.0
415000	-36.40421111656972	-34.450148418382184	-1.9540626981875333	-17.453211113392538	-16.99693730498965	1.3529779372536896	0.9469407936479795	-0.04366635373669869	-0.18265928674039533	0.53262499790836	0.07367866700677311	1.0
416000	-35.617849140514025	-33.903413820874405	-1.7144353196396178	-16.7033291831424	-17.200084637732	1.0078794885290094	0.6864214408926524	-0.03647470079191337	0.20834640631710138	1.1543505307091932	0.14237368539717085	1.0
417000	-41.3042607528714	-35.10691865148114	-6.197342101390264	-16.287389798846412	-18.819528852634726	1.4159240691562944	0.9909697645056055	-1.1102033424386866	-1.1853815462335284	0.31824607559046764	1.6784500620294829	1.0
418000	-36.13522179421684	-34.09668564591952	-2.0385361482973177	-17.29178809163169	-16.804897554287827	0.8056374201526658	0.7867127935438267	0.0861013201419116	0.1508397424304546	0.30392014475524604	0.05208679677430469	1.0
419000	-35.49603827180184	-34.031640491969426	-1.4643977798324113	-16.95831851270827	-17.07332197926116	0.9442143632575726	1.1148079145535685	0.10401077592681557	-0.1091693450219825	0.41398696921966605	0.03699264850907829	1.0
420000	-40.61098420775676	-38.10606843099585	-2.5049157767609094	-17.29080441127637	-20.815264019719475	1.3467486796106227	0.438423741415032	-0.11763657125868755	-0.1412973363396016	0.4690347750543194	0.16776857028328188	1.0
421000	-37.359790524186934	-34.444907000552945	-2.914883523633991	-17.227541428904797	-17.21736557164815	1.1067116371512895	0.6260903638557643	0.22749965365397018	0.4939152066708339	0.6754024045206628	0.19362145365377767	1.0
422000	-38.366132033804426	-33.65466278335341	-4.711469250451017	-17.487114922698325	-16.167547860655084	1.0815461265098747	0.9761865603749242	0.3825117334598816	0.5576065159329344	1.8081567511442114	0.07976481374256754	1.0
423000	-36.90786500592872	-33.649571994039704	-3.2582930118890188	-16.70013102748365	-16.94944096655605	0.7489968006405653	0.8273035844234484	-0.7661073858381756	-0.03418997390705958	1.263677365869903	0.5019291315497771	1.0
424000	-37.41562290097274	-33.1338940383806	-4.281728862592141	-15.790570498095537	-17.343323540285063	1.018856054557851	1.3012298635608441	-0.792454630097485	0.3671503243884102	0.9917570086769726	0.2564711197805432	1.0
425000	-36.22297302320726	-33.881562797171405	-2.3414102260358582	-17.297957545324405	-16.583605251847	0.8603094684367926	0.9309307237341012	0.2210864191978685	0.12815339193197375	0.3146409749004242	0.045455269214383656	1.0
426000	-36.731573065251794	-34.151796769165095	-2.579776296086698	-17.308420526928387	-16.843376242236708	1.2476002799745738	0.9522847649704156	0.08496580975936852	-0.07503004727004858	1.1456954867557438	0.21516875237930216	1.0
427000	-37.869117194293565	-31.628450240622218	-6.240666953671344	-15.539620217145053	-16.088830023477165	0.997255175911038	0.9842661821689592	-1.1509717893696805	0.6813029087065638	0.47137538271128016	0.27463805191510704	1.0
428000	-37.282172608947725	-34.00888885977686	-3.273283749170862	-17.906225542585453	-16.10266331719141	0.6442376366817504	0.9719492130462217	-0.359872354854156	0.6367757953150353	1.8350007192444031	0.24963389739531014	1.0
429000	-37.465047926565575	-31.33256753591205	-6.132480390653526	-15.337607621384588	-15.994959914527463	1.1074955480835813	0.7287843415108269	-2.2302694997910244	1.0506487792456332	1.2075764686012231	1.4675429403217375	1.0
430000	-36.19973358888803	-33.13340561913067	-3.066327969757359	-16.755473019662762	-16.377932599467904	1.0047825344323815	0.756676522369738	-0.0025788588385766975	0.5678254111953738	0.6887052161118746	0.2575649395738276	1.0
431000	-37.29151226800304	-33.564136825430765	-3.7273754425722734	-16.17621815523625	-17.387918670194512	1.1108189669684942	0.7964044159436824	-0.450352592086364	-0.2521151219963957	0.6877182414954546	0.6961334119087587	1.0
432000	-37.38019255500925	-31.88564565027709	-5.494546904732159	-15.980197455040127	-15.905448195236964	1.0315567149664948	0.7473666053106721	-0.5936392762122327	1.0894846186133704	0.6404295875790624	0.2583054708118917	1.0
433000	-34.738244724839554	-33.51434753679305	-1.2238971880464973	-16.615765904752934	-16.898581632040116	1.0971332847662798	0.7825212912644324	-0.12371537360456505	0.09521364955814704	0.5864229855396728	0.04793620540681886	1.0
434000	-37.25941847792755	-34.147110394249545	-3.112308083678004	-16.395458245333035	-17.75165214891651	0.9554922350887313	1.294918912435135	-0.2878820630193384	-0.18245747796291617	1.756084578834691	0.13998167341960052	1.0
435000	-36.402864193871295	-33.305278358729794	-3.097585835141502	-16.85387826369649	-16.451400095033307	0.9368457609668065	1.06851502347229	0.029200968303741304	0.4042805753734167	2.0910595880414373	0.1109474748720047	1.0
436000	-35.68044053396779	-34.2473061127576	-1.4331344212101915	-17.323754671971667	-16.92355144078593	1.1820088825694102	1.1378707572712607	0.19254463872216743	0.07704129056299752	1.0728446643453482	0.03362160796984694	1.0
437000	-36.13480386331479	-34.19210355441636	-1.9427003088984243	-17.432739807443447	-16.759363746972916	1.401468728210606	0.841135836668002	-0.16711624447446055	0.07539143139339044	1.0548740939203893	0.09768105834294455	1.0
438000	-36.8306207905339	-33.613988841819406	-3.2166319487144897	-16.74555035173089	-16.86843849008852	1.1708547615442242	0.7520960602322673	-0.11752204621130713	0.1996619169800077	0.47877360959212417	0.3344733343927182	1.0
439000	-35.43495037768929	-33.624500899634654	-1.8104494780546356	-17.07698712936987	-16.547513770264786	0.7660464311870231	0.8633334541994424	-0.24876775707778875	0.20471083239807114	1.2364552345958821	0.13510534826669668	1.0
440000	-39.57247475460159	-33.5247562317368	-6.047718522864791	-17.11754171889791	-16.40721451283889	0.660456036703774	1.08353778371752	-1.2647370887796108	0.5185855330050495	0.8220380534493903	0.24697587674899604	1.0
441000	-37.2218089040917	-33.921029449138985	-3.300779454952717	-16.40695349548227	-17.514075953656715	1.1801152999358797	1.2104682141172765	-0.3548828932147933	-0.24928994799463014	1.3324327663083597	0.19654617157396936	1.0
442000	-37.821233941805694	-31.295588702693145	-6.525645239112549	-15.564923277901322	-15.730665424791825	1.2294847815784902	0.6454982996742796	-2.311111362756444	2.2104425769933687	0.9937179715153303	2.963310868889069	1.0
443000	-39.02045082607656	-32.70903537117944	-6.3114154548971255	-16.04043768784834	-16.6685976833311	0.920944725508324	0.9862797354740489	-0.6716840200882713	0.0668412484129032	0.7443093877819563	0.0401118387254819	1.0
444000	-38.79677331784967	-34.063224616760195	-4.733548701089479	-16.53179653612132	-17.53142808063888	0.7719581680039451	0.5862658775131745	-0.7981017965550489	0.5228544058391831	0.3935783055888778	0.23316039762911075	1.0
445000	-37.77847213416225	-34.47078760871709	-3.3076845254451634	-16.947507868453194	-17.523279740263895	1.1065286384105573	0.8629476578106937	0.07235960569691656	-0.4455135590020428	0.4235536901243715	0.05735261122711128	1.0
446000	-38.41504708591273	-35.51606516653206	-2.898981919380674	-17.908311706115008	-17.607753460417047	1.157872601701332	0.6591739422413965	0.5028689338360323	0.06641709502546012	0.7460859599897399	0.07557209028072466	1.0
447000	-40.20040903136213	-34.19647579266551	-6.003933238696618	-18.305181144343038	-15.891294648322475	0.7859982212227844	0.872350143884114	0.6822287550360338	2.2434358591687693	1.5241004703756629	1.1925934897299144	1.0
448000	-36.69441333962616	-32.71390375067411	-3.9805095889520485	-15.660499779497869	-17.053403971176245	1.0344498099473758	0.7155880308722801	-0.937269652973425	0.19289481264734987	1.71126025143247	0.4987199445485709	1.0
449000	-41.27617438976355	-32.92059108456931	-8.355583305194237	-16.885950977790554	-16.034640106778753	0.9859049495557708	0.9408930757133341	0.07773067614232998	2.0828673111380747	0.10716829296724571	3.2252461099453824	1.0
450000	-35.45034624106795	-34.06342064242073	-1.3869255986472175	-17.4557308162503	-16.607689826170432	0.7302572235180749	1.0581348038923821	-0.10803472529557351	0.20453994424589503	0.7215585264216338	0.057136467207741334	1.0
451000	-35.1479379060309	-34.0300628252715	-1.1178750807593958	-16.97736234596879	-17.05270047930271	0.9395356745699347	1.1115486781070332	0.11278761272118337	-0.09830536645858132	0.9856861959837608	0.05008511100827876	1.0
452000	-34.40383105924933	-33.84847229497909	-0.5553587642702356	-17.120146203449178	-16.728326091529915	1.169716723188097	0.9472803027588673	0.10099403308868354	0.011474609528254298	0.7738426694070165	0.026571270639238292	1.0
453000	-36.90963094172219	-33.38032873577347	-3.529302205948726	-16.29154685313547	-17.088781882638	1.0964084309046467	0.8078924390167836	-0.3501127426936159	-0.08944072607937775	0.45938564925912606	0.4067152072117626	1.0
454000	-43.24656517612125	-37.716336901743354	-5.530228274377899	-16.03121198781178	-21.685124913931574	1.3911196872304272	0.2883744823871872	-1.374728520920871	1.6341501069988067	0.7432675269077664	2.8954529467963255	1.0
455000	-39.83499527002819	-34.24158379924959	-5.593411470778601	-16.406195451557977	-17.835388347691612	1.3634657906889411	1.3278020456794641	-0.7699879792878348	-0.12514905214352567	0.7410489832378683	0.08347695443355332	1.0
456000	-39.123042257425816	-33.725572362789634	-5.397469894636182	-16.309952778648977	-17.415619584140657	0.9156649859672759	1.323285568336011	-0.42011544018388275	0.47096877525220493	0.7799985668329567	0.04510893485302398	1.0
457000	-35.087832245255214	-33.45346816789886	-1.6343640773563537	-16.725259712418268	-16.728208455480598	0.8439815741434896	0.784044120080773	-0.2403435931419293	0.21294154777937888	1.5846056541660054	0.08412456046964377	1.0
458000	-35.381910359069394	-33.59232110904136	-1.7895892500280386	-16.676917130551274	-16.915403978490083	0.924584825031672	0.7733271381041694	-0.10875146001111946	0.10700889363432625	1.012569541501718	0.16300728155982772	1.0
459000	-37.699698680465396	-34.83529953553633	-2.8643991449290684	-17.755718785370107	-17.079580750166222	1.3024394433248134	1.2275397767683291	0.20845776709646083	0.2520995856489631	1.0899081711576484	0.14575671809156093	1.0
460000	-39.55187782437303	-32.036993898196684	-7.514883926176344	-15.599759330142152	-16.437234568054535	0.8895721387804756	0.9012470233700556	-1.5135852828613088	0.26203195920735023	1.631971934450943	0.22595277429539876	1.0
461000	-36.95843899922686	-32.327685440776364	-4.6307535584504915	-16.160738266581724	-16.16694717419464	0.8206970711565916	0.9952938738631778	-0.9525631138731678	0.5925448713474569	1.0454893198954391	0.27801810998972215	1.0
462000	-35.0961943231905	-33.50327892756235	-1.5929153956281514	-16.497557540923705	-17.005721386638648	0.9103369775497339	0.8695133288917827	-0.26960507170826653	-0.13412209536361486	1.4464692087229591	0.03888702719343528	1.0
463000	-37.047171862479786	-33.621168285899614	-3.4260035765801695	-17.51125913322043	-16.109909152679183	1.2280857373916156	0.9227404175447467	0.21932450468170717	0.5810164707378663	0.6811828194398667	0.20198813513147282	1.0
464000	-37.23233926625109	-33.01522958736372	-4.21710967888737	-16.73454709499952	-16.2806824923642	0.8126674648293393	1.048940227075169	-0.34514293242533367	0.5787625107151187	0.5438100288558416	0.08805995338256623	1.0
465000	-38.120508349348164	-32.97732250974033	-5.143185839607831	-15.680439850991176	-17.296882658749155	1.2651640358899172	1.2574350408441333	-1.2941154185330066	0.12851227957609695	0.724538601696144	0.8121443806748087	1.0
466000	-37.139171719440014	-33.50427573197567	-3.634895987464349	-16.304760970144205	-17.199514761831466	1.2839977150340895	0.6761962568379162	-0.6311186632869774	0.2528614806481003	0.5639562026805575	0.20024326985605756	1.0
467000	-36.513664837759215	-33.505435003383525	-3.0082298343756895	-17.141294207061414	-16.364140796322108	0.7640611460254819	1.0457432308211345	-0.20112502426266599	0.45154970300884467	0.9153395788382297	0.37049655673212284	1.0
468000	-40.19319158916495	-36.69425801731012	-3.498933571854827	-18.542875551190335	-18.151382466119788	1.4432426629898327	0.6961849879845554	0.2658666049807728	-0.3990058695543798	0.3689447358178254	0.15515355994440627	1.0
469000	-37.51516932099954	-31.274287908730052	-6.240881412269486	-15.69094249255709	-15.58334541617296	1.0966200852082773	0.7865266448032835	-0.9050501423287639	2.013509667134005	1.3761336911328992	0.9907680357817011	1.0
470000	-36.61395690481211	-32.7166118150614	-3.8973450897507114	-15.806185867998686	-16.910425947062716	0.9679640064695927	0.8148238608347247	-0.8354487006674625	0.015618251000631689	1.5367216956329188	0.18944981030195754	1.0
471000	-40.3389088232528	-36.81932299532573	-3.519585827927073	-19.07781119846208	-17.741511796863648	1.384277699226051	0.6763771592024327	0.5970792928041608	-0.08987969160377768	1.6248278273391163	0.20467232303722407	1.0
472000	-38.224130759054134	-35.03482986077469	-3.1893008982794435	-16.874434986185452	-18.160394874589244	1.1604731800426065	0.7260594056064045	-0.02660876412794022	-0.5033169896671434	0.4797874852393023	0.1715048290391552	1.0
473000	-36.337521954866745	-33.19188210159224	-3.145639853274506	-16.74102613858471	-16.45085596300753	0.8309180924731079	0.8188112470788375	-0.26961294648419	0.3517917236361218	0.46547102211413394	0.25158634041518235	1.0
474000	-36.18388768302357	-32.35736648741957	-3.8265211956040024	-16.1502562350393	-16.20711025238027	1.2284023904054144	0.8739943964308963	-0.6373612920949195	0.49261939880897887	0.9943436899941083	0.2782733703527026	1.0
475000	-37.66666885908275	-33.14457630182261	-4.522092557260139	-15.95826273164473	-17.186313570177884	0.9711035232885485	0.8743710728749978	-0.6624526960704791	-0.2565472553131468	0.30708317998528517	0.15686064244384235	1.0
476000	-39.22894153051146	-33.65526749197339	-5.573674038538073	-16.89248260263367	-16.762784889339716	1.306242822497465	0.5594422835715414	-0.2624827364624163	1.3454363140334378	2.173986725024048	0.4752954278684012	1.0
477000	-38.07336597046745	-32.281066630271425	-5.792299340196022	-15.297095988913503	-16.983970641357924	1.1264623012255464	1.0633917739150178	-1.8299343444451273	-0.11742325661757158	1.389943016899022	2.3445868672084633	1.0
478000	-44.089005526542756	-36.115113285706315	-7.97389224083644	-17.22918153648098	-18.885931749225335	1.5423374384901758	1.0114411839716813	-0.7382843545589	3.282349317368428	0.8056855168704538	1.8755833731848408	1.0
479000	-35.8495453982211	-33.92031883821812	-1.9292265600029799	-16.478661742721957	-17.44165709549617	1.0559638829436149	0.7802153757161109	-0.1944046879295124	-0.24740568200883106	1.3784612453212883	0.10193223836486366	1.0
480000	-37.460332802067995	-31.27508819166531	-6.185244610402682	-15.494763195706893	-15.780324995958418	1.0028188428841813	0.906874148486448	-1.2178688394180104	1.077385710952167	0.5979534253222653	7.371653623853352	1.0
481000	-37.01939658527301	-32.84001185665383	-4.179384728619178	-16.360684324029407	-16.47932753262442	0.9133799436982227	0.674126037957448	-0.37967671611373394	0.8129172918172265	1.2195656822322518	1.7792999245420587	1.0
482000	-36.81093516014822	-34.936170550977224	-1.8747646091709973	-18.032059525035397	-16.904111025941827	1.342348235415464	0.8631351954396903	0.2582265843243624	-0.057641503459126164	1.2417664477455537	0.05428373469169366	1.0
483000	-35.6992446043371	-33.189316644483355	-2.509927959853748	-16.617973872854634	-16.57134277162872	1.1794326861696856	1.0834271860693112	-0.20993215592605866	0.30179391895955077	0.8803902911378498	0.04299232089864793	1.0
484000	-37.14816010601334	-33.388641932303116	-3.759518173710229	-16.071694110465724	-17.31694782183739	0.9352114330212181	0.6764047246457001	-0.6074379990657108	0.17401633352202706	2.1520913603627845	0.07912936296261877	1.0
485000	-36.68970423025483	-32.56784794731334	-4.121856282941492	-15.70141962639111	-16.866428320922232	1.044401798257311	0.7184235726813177	-0.8829710422488082	0.31362644279667906	1.9550176233735657	0.4654576033587797	1.0
486000	-39.12855008124824	-34.63311447760863	-4.495435603639611	-18.029491500372263	-16.60362297723637	0.6070129641677482	1.1733669047256097	-0.705988178268468	1.0703323466910104	0.8356306969300826	0.7339032932092863	1.0
487000	-34.705060333351966	-33.28307363862995	-1.4219866947220157	-16.734605411659974	-16.548468226969977	1.0565466455856147	1.0372960089981031	-0.024185285572600433	0.22706021372013974	0.797272987709413	0.04320621397193855	1.0
488000	-36.274259378059774	-34.67779612640288	-1.596463251656895	-16.842561135544944	-17.835234990857938	1.0409385931166595	0.5867334197113359	0.04871305780954871	0.3197204793977937	1.6521429413072388	0.06577845653336704	1.0
489000	-39.70429216371785	-31.600977255128647	-8.103314908589201	-15.900951228642437	-15.700026026486212	1.3265647015765825	0.8902945021208957	-1.2110240256648586	1.2579896222601594	1.41445598833389	0.3040749465314252	1.0
490000	-35.470124940493555	-32.87141312750377	-2.5987118129897833	-16.56575827238505	-16.305654855118718	1.077801767989836	0.9101108324889928	-0.1442820706544521	0.37691388090814726	0.9083560874112564	0.04227620924512094	1.0
491000	-35.937403395841706	-32.33056258854289	-3.6068408072988194	-16.254539724563482	-16.076022863979404	1.0972546887436172	0.863159732457891	-0.37885389085520255	0.6383133755389161	0.7364798150956933	0.2964539558199515	1.0
492000	-38.241986034213014	-33.397739205996125	-4.844246828216889	-16.8551399724694	-16.542599233526726	0.7955273565303018	1.1570754439726707	-0.3085216822053629	1.1681621877555308	1.7020120419796334	1.0592852304070484	1.0
493000	-39.61402775412698	-35.4907333935672	-4.123294360559781	-17.73179191295362	-17.758941480613572	1.073502794391818	1.3440969250768982	0.5079503389290531	0.04516114577896513	1.8643911683444396	0.09277793619835874	1.0
494000	-39.10441849693399	-33.9720245515817	-5.132393945352293	-17.66259112932684	-16.30943342225486	1.4520752095131109	1.0950939576127423	-0.1703158106108085	0.7845501651660417	0.4723810268999419	0.1181796169256505	1.0
495000	-37.946649157906876	-34.86984371111472	-3.076805446792159	-17.627200480744623	-17.242643230370096	0.8524085017682277	1.218857169114087	0.4131808070038436	0.01956472252711447	0.836423171466546	0.03368036452851684	1.0
496000	-38.48621008312962	-36.043333975391576	-2.4428761077380456	-17.998080299440176	-18.0452536759514	0.725287364438348	0.6865823198237545	0.2930153576719352	-0.3050398210532147	0.5641707903952592	0.13640472077414528	1.0
497000	-35.68542104101782	-33.77750581918146	-1.9079152218363649	-16.98300365568196	-16.794502163499494	1.312864085554862	0.9765459867290327	-0.22127140348925994	-0.036656875880851356	0.533090112240111	0.05852257654181681	1.0
498000	-37.4321283790402	-35.71494330017128	-1.7171850788689231	-18.807751330200816	-16.907191969970462	0.5672167122324903	0.8949248303862793	-0.3604891132104878	-0.09327784131866164	1.026237911047003	0.11225592129755976	1.0
499000	-39.81584953009313	-33.66530401147306	-6.150545518620074	-17.85491681869293	-15.810387192780128	1.5261007945416973	0.8768325992154823	-0.27157218612179385	0.9865961199004974	0.20424142824790414	1.2564401321458656	1.0
500000	-35.840543520645866	-33.745566504721936	-2.0949770159239294	-17.25489580005131	-16.490670704670624	0.7918071404777508	0.7936799184865513	0.011961139662214126	0.3727420592694918	1.0312318646894438	0.03337622296744769	1.0
501000	-40.087789176702714	-34.47948873126813	-5.608300445434583	-15.515968414565558	-18.96352031670257	1.1985050181837262	1.4760132578291199	-1.3406733941664186	-0.4641113692437463	1.0423057231318817	1.4499724927576825	1.0
502000	-39.45424403357693	-32.94360423816657	-6.510639795410355	-16.021861047188278	-16.921743190978294	1.2938464956387488	1.1158464747035428	-0.9264241151528859	0.02396531259298684	2.6964702597518677	0.47187916776271	1.0
503000	-38.11075062823104	-34.581208989685635	-3.529541638545406	-16.942869226486078	-17.63833976319956	1.2507202885921742	0.5419323073472881	-0.12277375017244518	0.7784169871860048	1.3039293623754284	0.2270700564524734	1.0
504000	-37.420798350333975	-35.23964951700583	-2.1811488333281455	-17.357150552947378	-17.88249896405845	1.0595884569386407	0.6973355833758925	0.331255308070284	-0.2537372018106163	1.211106928350264	0.11701307790125996	1.0
505000	-38.512709147295865	-34.934838573298414	-3.5778705739974477	-17.60605960192514	-17.328778971373275	0.8534285359089294	1.3040234702457427	0.4021184158742104	0.4331033767821668	0.5296997149496205	0.12240732269287387	1.0
506000	-37.48898560884324	-31.772521299994764	-5.716464308848474	-15.823485753542663	-15.9490355464521	1.209205869886874	0.7612187060962413	-0.9175950052959256	0.9870615417833766	0.9288288094723948	5.706445996686296	1.0
507000	-34.69754168628582	-33.70883300207153	-0.9887086842142914	-16.75158181620627	-16.957251185865257	0.9424238606896864	0.8962588174218842	-0.03576861978102133	-0.12870147202325105	0.9882474612911627	0.05824740347652028	1.0
508000	-35.17906580029434	-33.10699371618658	-2.072072084107758	-16.59242553791965	-16.514568178266934	0.8630188480881297	0.8568641133514006	-0.2979254341200497	0.2391394026316272	0.8253581590205104	0.10133530282016708	1.0
509000	-37.03426835793686	-31.920184468056974	-5.114083889879886	-16.31990428523245	-15.600280182824521	1.0449292456774208	0.7324821992321996	-0.3077030816975771	1.7718749087142482	1.0830470057039858	2.088539895027445	1.0
510000	-37.33084296002962	-31.88027077736784	-5.450572182661778	-15.604591308258327	-16.275679469109516	1.2307711778262664	0.9490257220596068	-1.2882140770077517	0.40950597630173186	0.5051906788488276	1.9849077419423173	1.0
511000	-34.35626422742175	-34.99560109983944	0.6393368724176962	-17.717173549672022	-17.278427550167418	0.7075791017015998	0.73734072473866	-0.019031480931951783	-0.02867449292768176	0.8142409919575908	0.016564789757191785	1.0
512000	-35.303211658649985	-33.626084880989964	-1.6771267776600198	-16.969066872637747	-16.657018008352214	0.9122012587554155	1.006032165800925	0.0807198531486355	0.0897448260633528	0.6526828782047693	0.09615035941805322	1.0
513000	-36.38073337136528	-34.21449812558014	-2.166235245785141	-17.763373655438556	-16.451124470141586	1.3728604544509027	0.8718483178283134	0.06999510836987419	0.27376691251265806	0.48555454295197864	0.04750787416383337	1.0
514000	-36.888521148825454	-33.51050059856881	-3.378020550256641	-16.39496008736966	-17.11554051119915	0.858245482400736	0.9535473525765973	-0.49472236520318025	-0.2637007222983869	0.6682926659527052	0.07377716720388038	1.0
515000	-39.82433792778196	-32.40340037645986	-7.420937551322103	-16.3818826992669	-16.02151767719296	0.9007412172888962	1.0309569505300087	-0.38740854927708035	1.1905437694234524	0.5620271322889179	0.14939314236268753	1.0
516000	-36.35394093127789	-33.226663741468506	-3.127277189809381	-16.675259032877914	-16.551404708590592	1.2688756566240909	0.7976800778531078	-0.3241246860460324	0.31493779924271603	0.4326265564122701	0.09730444374181568	1.0
517000	-36.40861872907158	-33.59646444557848	-2.8121542834930917	-16.429075679491508	-17.167388766086976	0.9566698119182389	1.2628542806792686	-0.26001849400738175	0.35395046809601444	0.6456307931164658	0.10677892723831196	1.0
518000	-38.219536920948954	-32.74774573094096	-5.471791190007992	-16.973002298539903	-15.77474343240106	0.8292618410589558	0.9274591758882594	-0.08323980046465268	1.1615660803557115	0.297327406218924	0.4720959224130123	1.0
519000	-40.7200612730489	-38.275086683493655	-2.444974589555241	-21.26444640810542	-17.010640275388234	0.4489148718176936	1.2381080847404111	0.13685776549562184	0.44183568333093604	1.7564304199673604	0.09632799575694952	1.0
520000	-36.878918628040985	-34.3498720738054	-2.5290465542355847	-17.914982207218564	-16.434889866586833	0.7658634755161889	0.8377633680282414	0.39151499379342736	0.33193230991731476	1.5807314952124512	0.2130260726751799	1.0
521000	-38.19413517344898	-34.63748344876403	-3.556651724684948	-17.878969440374764	-16.75851400838927	0.7219394390891131	1.1820240457081939	0.1897231467168629	0.4778045789869495	0.5314374714301215	0.05748335665306838	1.0
522000	-38.81747079907474	-33.828273453237614	-4.989197345837129	-17.26035486525084	-16.56791858798677	1.5409411330612537	1.1537723337949384	-0.7078767403128313	0.655639772769	0.5504466819969945	0.25047648109867937	1.0
523000	-39.964678764226115	-36.43159129677089	-3.5330874674552275	-17.291058558606863	-19.140532738164023	0.6865401141748909	0.43436948505696354	-0.6161361726965651	0.8457759053356085	1.715298321043198	0.2404435378002686	1.0
524000	-35.535041032962	-32.79098932619715	-2.7440517067648513	-16.454124392475194	-16.33686493372196	1.1583002727927059	0.957341155800291	-0.2925377922170523	0.351528461639968	0.7677314014398889	0.12187939497770048	1.0
525000	-35.283051885484745	-33.10680981037011	-2.176242075114637	-16.345095435283106	-16.761714375087006	0.9572383286868944	0.7690747429284228	-0.3267417962530614	0.22747115260053985	0.7682784696003864	0.09746618734396933	1.0
526000	-38.269803970751546	-35.89961451390194	-2.370189456849608	-18.142492323778754	-17.757122190123187	0.7033743493402244	1.2671842963889604	0.2919303450769114	-0.28225465678095973	1.1366412563021895	0.0620935989186012	1.0
527000	-35.56063684809405	-34.97315320371253	-0.5874836443815199	-18.268210945323073	-16.70494225838946	0.6418613433266123	0.8672578730765907	-0.024557025687074525	0.07930600754626753	0.836562382227643	0.053151308867660126	1.0
528000	-36.776208559855675	-34.654047831944794	-2.122160727910878	-17.663127963536017	-16.99091986840878	0.6661042442884734	0.8213540565502129	-0.3965026890488162	-0.051263837047424654	1.2882794635392913	0.22888369123329924	1.0
529000	-36.2248535779326	-32.17721093701223	-4.047642640920373	-15.727582311438274	-16.44962862557395	1.0440110136792078	0.8913105703103452	-0.852289323339289	0.25786062055961356	0.7147188222419523	0.27244204015408413	1.0
530000	-35.2443615449593	-33.44780863075931	-1.7965529141999863	-16.64148945223757	-16.80631917852174	0.8353917953922447	0.8244246170027021	-0.34241534463882695	0.07007116995845081	1.4742972289039549	0.041654963310186706	1.0
531000	-38.22757947954574	-35.31069421341668	-2.9168852661290554	-16.79896448145275	-18.511729731963936	0.7889777229182526	0.6965832711184634	-0.39300715302614103	-0.590615996138204	1.142017489833809	0.2005484395392264	1.0
532000	-37.506643916946416	-34.3004561702015	-3.2061877467449174	-16.708852156092522	-17.59160401410898	0.8542777477061279	1.345759462766996	-0.22375891505869655	0.32461202360456887	0.43033774469791003	0.18578857930514678	1.0
533000	-38.120545220354465	-33.26456319113052	-4.855982029223944	-16.86624043056834	-16.398322760562177	0.7039787146961262	0.9836283762745052	-1.0057494841346937	0.3088852620937079	0.39139001508329024	0.38640485105648326	1.0
534000	-36.607122646466436	-32.64415171623345	-3.962970930232987	-16.145280980850035	-16.49887073538342	0.9697628834173031	1.1126488571805737	-0.4843402113542112	0.507516802767802	0.6841278808854356	0.11878051361813247	1.0
535000	-36.26150798010485	-32.73181647671018	-3.529691503394675	-16.47224960836137	-16.259566868348813	0.808038226831596	0.9833722438706449	-0.6343339495528507	0.45660112060521657	1.4869830024592217	0.34623803159090455	1.0
536000	-38.869552376320115	-32.68465789812545	-6.184894478194667	-17.006122648372564	-15.678535249752883	1.0552223875816222	0.7731187062708461	0.14071551038323415	2.3145911652314015	0.7060481591176377	1.2654997112422646	1.0
537000	-36.085454525792144	-32.94310289961537	-3.1423516261767785	-16.221789997746065	-16.721312901869307	1.0186157298734602	0.9565787737075883	-0.3863832085946816	0.016658095075775946	0.43177464614788913	0.03538686823269411	1.0
538000	-42.86052133437906	-37.228647862875185	-5.631873471503874	-18.366553665480204	-18.86209419739498	1.3033557354328553	0.6909341822279179	0.47428912981767074	-0.7468716076281751	1.6901557398275688	0.10502663119264695	1.0
539000	-36.90266772138683	-32.71310539964055	-4.18956232174628	-16.436181657321722	-16.276923742318825	0.8236787210487081	0.9961904807974927	-0.5939522854799588	0.45464106286114825	1.0048299923745396	0.09794866929901283	1.0
540000	-39.5469991915314	-34.342583821730784	-5.204415369800614	-16.301809373533388	-18.0407744481974	1.2295040660938445	0.9746009997007017	-0.5152310742048036	-0.805716752164833	1.906074812098993	0.24633421021530982	1.0
541000	-40.93802621090788	-36.42880381743191	-4.509222393475966	-16.096623365806316	-20.332180451625597	1.0513680130528138	0.44166205031933975	-0.48808152465554366	0.07686515986974002	0.1762666497172581	0.16415614400486706	1.0
542000	-39.386029392211434	-34.01696977790361	-5.369059614307821	-17.618151316512712	-16.398818461390903	1.308708516427171	1.080616694514911	0.13061613092980748	0.5193517381025794	0.8823635483120404	3.0836877776009812	1.0
543000	-38.84814582490957	-35.650426331251936	-3.1977194936576376	-16.89083062584889	-18.75959570540305	1.0038135737444287	0.4775946258783677	0.08337068993142904	0.6157955754548357	0.5528360114644753	0.19637828873561414	1.0
544000	-39.835242952680645	-36.223174050850076	-3.6120689018305665	-19.739705060594797	-16.483468990255282	1.597107729065702	1.0242359614481633	0.37282831353030466	0.2721248098684034	1.411583713465879	0.09902454019694741	1.0
545000	-36.48859595964691	-34.379956044963286	-2.1086399146836237	-16.75125467807741	-17.628701366885878	1.0590574260538004	0.7788697034960931	-0.014730454052646905	-0.3537095393284526	1.1668125010760364	0.12824139678800944	1.0
546000	-39.20130390880524	-36.04501984557356	-3.1562840632316735	-18.638014335236626	-17.407005510336933	0.6345921063550639	1.2238024332615096	0.2319836374546324	-0.12074159769602666	0.517817003506151	0.34688864108249934	1.0
547000	-37.70659472928767	-36.26546727947831	-1.4411274498093656	-17.79808173548873	-18.46738554398958	0.7091013029718841	1.4527210523197414	0.05741064862925771	-0.11880259447263058	0.45478782153611935	0.04237499135262905	1.0
548000	-38.49844085660113	-33.231795554318865	-5.2666453022822655	-16.149865353332956	-17.08193020098591	1.1815537332100405	1.2424644720318385	-0.5546481941833825	0.34460936601370534	0.21241237222696938	0.10125393061689907	1.0
549000	-37.740427942946525	-32.892695318768595	-4.847732624177926	-15.708547279071501	-17.184148039697092	0.9586245551179488	1.2316666670079417	-0.9796564968647118	0.1381364745608622	1.589452964028673	0.93314035361253	1.0
550000	-40.9719572475308	-35.843884787054634	-5.128072460476167	-17.084937368243217	-18.75894741881142	1.2511177756071143	1.5284587910983323	-0.041876488160731924	0.1292299518163707	0.5243778297137969	1.709436466332272	1.0
551000	-36.46177585175271	-33.43689100645218	-3.0248848453005337	-16.50115611173783	-16.935734894714347	0.9281929850111431	0.7090462257982272	-0.23790072640678792	0.29928779511306014	0.4108142120112165	0.19348628597018885	1.0
552000	-37.42705979197002	-33.830884135676484	-3.596175656293531	-16.28495196216772	-17.54593217350876	1.2592452909928928	0.7086182867487544	-0.5897894451166701	-0.09738998439009472	0.597199788568603	0.09239272455905034	1.0
553000	-40.32028036864076	-36.95491934640748	-3.365361022233277	-19.07817855176085	-17.87674079464663	1.591642260199761	1.2761324169567	0.13050133760431848	-0.3493794552559034	0.8845769773927167	0.20218921985407146	1.0
554000	-39.600119376554744	-35.3675163355524	-4.23260304100234	-17.912279702815	-17.455236632737403	1.163636016268878	0.7323877767305791	0.49740979285832465	-0.1227250013429122	0.28214216897861655	0.35221075971233573	1.0
555000	-39.17878643150851	-37.142647299460215	-2.036139132048298	-18.232336577572234	-18.91031072188798	0.6630673284591986	1.5471982887786084	0.11464535551745236	0.06782309081417673	1.6353127457468837	0.07841995981027647	1.0
556000	-37.763654553448795	-33.82634689709313	-3.9373076563556615	-17.770730392191037	-16.055616504902098	1.0100921361621988	0.8919447024367951	0.5629553036567396	0.6439302588354697	1.5047826278767102	0.5287979652822181	1.0
557000	-37.8310889299311	-35.793840222520856	-2.0372487074102454	-17.150423323120812	-18.64341689940004	0.9943969817711503	0.5506803111804326	0.23831175509969854	0.07476522958607618	0.8625220623965663	0.20585074152336227	1.0
558000	-38.420739259404705	-33.207664785351355	-5.213074474053352	-17.407293763896423	-15.80037102145493	1.014803922616472	0.7021805007631172	0.37737707340171267	1.4510975791535903	1.608904370948713	0.4964736565477686	1.0
559000	-35.9302148417568	-33.895974744869505	-2.034240096887295	-16.99833232150236	-16.89764242336714	0.8712709479973552	0.9314405601233148	0.03785223709770558	-0.10897995694457133	0.9414857716142185	0.1908386108243959	1.0
560000	-38.055068761861136	-31.68517657429776	-6.369892187563374	-16.04840465219391	-15.63677192210385	0.8242186841718224	0.8651948536904787	-1.1016291954004076	1.4285176683405816	0.3976356780349544	5.619606264640814	1.0
561000	-37.37852485648267	-34.060371798854334	-3.318153057628339	-16.353164214305007	-17.70720758454933	0.933151414849274	1.366658260215615	-0.3516464371894585	0.31781249413210166	0.43446036285069917	0.11403604384761643	1.0
562000	-41.309714620932446	-34.719211575754336	-6.59050304517811	-15.731965509285871	-18.987246066468465	0.8400590157706102	1.5497296379173326	-1.7173207013773797	-0.03569564091070687	1.914795056333665	0.9986164292924329	1.0
563000	-35.65741509821367	-33.69632430143977	-1.9610907967738966	-17.13139650760967	-16.564927793830105	1.174366550526256	0.8347838724631182	0.1010964063546605	0.23169455130770478	1.3912642998996887	0.09585041621502426	1.0
564000	-37.91438438258933	-34.816716009481354	-3.0976683731079753	-16.347808134390554	-18.4689078750908	0.9255970776908955	1.4720676357840112	-0.36848040544377486	0.024711618629905785	0.48488060230656693	0.1758015031032161	1.0
565000	-36.78120327885628	-34.811371355203114	-1.969831923653165	-16.807606869936027	-18.003764485267087	0.972625211956858	1.3540701696027513	0.022616177577229668	-0.17016416138386758	1.873904732088992	0.03256955200696652	1.0
566000	-35.7533743370795	-32.82010594565807	-2.9332683914214255	-16.500317234359645	-16.31978871129843	0.9955925021166037	1.0038160659139848	-0.17992187151647324	0.4169887823576387	0.5419464106476877	0.07462447987228883	1.0
567000	-37.57073722004186	-31.628843786226945	-5.941893433814917	-15.562132599285944	-16.066711186941003	1.2727683162520744	0.6702940087029833	-1.9394013652294808	1.257434424833103	0.7229534036957057	1.8875531859521688	1.0
568000	-36.14425358234528	-34.49383998192965	-1.6504136004156251	-16.87724625856117	-17.61659372336848	1.2946386702251718	0.6431822983183252	-0.24731234775757754	0.1374917485590782	1.1318808890263685	0.06231987609928398	1.0
569000	-35.5645416705282	-33.54815622951951	-2.016385441008685	-16.701520382273614	-16.8466358472459	1.2189361890224466	0.9109901925188462	-0.21595308013393583	-0.06263287601446316	1.049034274336336	0.11249705830714311	1.0
570000	-36.37197472363419	-33.09492374720014	-3.2770509764340443	-16.82537099277249	-16.269552754427647	0.8503065004085625	0.805108411911345	-0.1398751998800259	0.5370338581366498	0.6030433524208655	0.07750582172969403	1.0
571000	-40.99431442467255	-32.422095264276884	-8.572219160395665	-15.32879567559652	-17.093299588680363	1.1511995188537787	0.43035962689768326	-1.7436908624935363	2.9076517809336284	0.339319953292878	1.6163030748467389	1.0
572000	-37.03000722050377	-32.78986389277473	-4.240143327729037	-17.023883112348607	-15.765980780426128	0.8142936161595175	0.8959614119979697	-0.0906685579621146	1.089719019272304	1.0712440375350092	0.3280707613457235	1.0
573000	-37.884447204036846	-35.4191424793821	-2.4653047246547395	-16.708388743789612	-18.710753735592494	1.0653087675879462	1.4791391052148635	-0.044719855335695335	-0.2213995776992555	1.511194437111542	0.05961795172471365	1.0
574000	-37.201881263636615	-33.93890569397733	-3.2629755696592833	-17.75438577006273	-16.184519923914603	0.8198036879186299	0.8825199538261584	0.43093399309159086	0.5087335368315163	0.6846613140909449	0.24812040388883438	1.0
575000	-40.20516468889729	-33.509307301146976	-6.695857387750318	-15.943773142458124	-17.565534158688852	1.2737201333270862	0.7879011234072121	-0.951343909685796	-0.33821722416715094	0.6143196077518126	0.10455820257815909	1.0
576000	-37.175964462975216	-33.225569924653456	-3.9503945383217625	-16.512251986923307	-16.713317937730153	0.8170863995180873	1.158055763242376	-0.5444166440465013	0.40468671131813183	1.8310721076247995	0.13426428828794407	1.0
577000	-37.07503007009462	-33.91855027680241	-3.1564797932922124	-16.715278842414875	-17.203271434387528	1.1208754735113866	0.6746241551850404	-0.08010392925121351	0.2573252937144441	0.19468849387133735	0.03126169062759926	1.0
578000	-37.31912228364002	-33.64285501636331	-3.676267267276709	-17.47644600556328	-16.166409010800034	0.7253619753553194	0.7786397009583835	-0.11871250220134699	0.6990908390549762	0.7106771874541575	0.1093059314367114	1.0
579000	-39.596884431081456	-36.836661989862804	-2.7602224412186516	-17.626980824717307	-19.209681165145494	0.8026669715539774	1.5570404373325428	0.31001436806199223	-0.2578100159054175	0.6452271176679313	0.06347954648163323	1.0
580000	-38.014946569834244	-34.53159387360333	-3.483352696230919	-17.00610737280421	-17.525486500799122	0.9162429299762862	1.1423489948150154	0.1098902560087121	-0.398608722042739	1.8851101987802832	0.03646644495325624	1.0
581000	-34.50035371018196	-33.82599335827003	-0.6743603519119263	-16.72041716450655	-17.105576193763483	1.1258592800779057	0.7266793050581578	-0.08167237678833295	0.11856059627778659	1.0729901657467629	0.03732823027004215	1.0
582000	-38.94309747471532	-35.59651593545742	-3.3465815392579077	-17.92130885051688	-17.675207084940542	0.6030758229195057	0.5606734382702255	-0.940285220080169	0.6055088027997878	1.3284233867602155	0.6351955832773546	1.0
583000	-38.23945559523364	-33.086868726201	-5.152586869032646	-16.357840138265537	-16.72902858793546	1.030477349946008	1.1798335040846646	-0.2782677853412582	0.5187117613116898	0.8481955780545357	0.0400199921389618	1.0
584000	-40.01477460248305	-35.463702128852646	-4.551072473630403	-19.18515752853191	-16.278544600320732	1.2671753454726924	0.7421659959763556	0.8456843463252226	0.7048307954118549	1.4874550063289238	0.7429672167503014	1.0
585000	-37.12748353036736	-33.188450616793205	-3.9390329135741533	-17.179589254408487	-16.008861362384714	0.7920452479829131	0.7511399220982925	-0.046120634441047983	0.9501398620528732	0.6564240074059247	0.6072873082437275	1.0
586000	-35.826449039942695	-33.71996640976954	-2.106482630173154	-16.533445463682614	-17.186520946086922	0.9144340370485045	0.8482637087155098	-0.23351343051529944	-0.22259214213038236	0.9199430085795495	0.15704577606406903	1.0
587000	-36.76848575872426	-35.61034261005438	-1.158143148669878	-17.52758066743207	-18.082761942622312	0.7305291579090367	1.3688984301642633	-0.04502295661647554	-0.17753779119903745	0.9868456207777238	0.04148998216361816	1.0
588000	-36.91723367981581	-33.33407422690302	-3.583159452912785	-15.917143031382112	-17.41693119552091	0.9551213919560408	0.837744954176986	-0.7318180108692697	-0.34705941381450245	0.9001110543932003	0.2539161122022791	1.0
589000	-38.39354177954502	-34.37509768801009	-4.018444091534931	-18.079113658049906	-16.295984029960184	1.1456302847122166	0.8774479573993029	0.5926657506484507	0.4048390252705204	1.856879616276975	0.31367295601756906	1.0
590000	-41.03941138095162	-36.683442603768086	-4.355968777183537	-18.641401745017095	-18.042040858750994	1.208025022664416	1.2731687166946124	0.7379042431374346	-0.47843630320707664	0.6976344766466945	0.3231827568910084	1.0
591000	-43.40657975283428	-38.39376821665318	-5.012811536181104	-20.517239190285693	-17.876529026367486	1.93832477575357	0.5147811077654192	-0.30059185685571116	0.8459136814652863	1.2834898224922402	0.17975628659931558	1.0
592000	-36.910093815611354	-36.10405231353413	-0.8060415020772222	-16.542409466529655	-19.561642847004478	0.9036686085409924	0.48328337723104675	-0.24533549892227302	0.09389288779681598	1.2966675691448233	0.02512537717085037	1.0
593000	-35.90760239948832	-33.680376911577355	-2.227225487910962	-16.23573060304767	-17.444646308529684	1.1090675048555556	0.6757477912671764	-0.402070526373995	0.09471468888853998	1.4342928336302492	0.07329420504134013	1.0
594000	-37.412957421566055	-31.562225463376024	-5.850731958190032	-15.676448331833246	-15.88577713154278	1.2429262437003044	0.9413198801511637	-1.209253278059307	0.930198243009661	1.662544141574506	0.6206252933686802	1.0
595000	-37.729221843422955	-34.31796886948797	-3.411252973934987	-17.367878035752135	-16.950090833735832	1.1973897780004843	0.8362081337916155	0.1937586335524215	-0.04982043348078208	0.22728526193067533	0.1353668464115756	1.0
596000	-38.005121854317665	-32.60394737671363	-5.401174477604038	-15.976281310722172	-16.627666065991455	0.8056146930375222	1.125545546109758	-1.4382703386700335	0.3746959098986128	0.905213714469677	3.7485362179835233	1.0
597000	-34.30264402411029	-33.81086066450163	-0.49178335960866093	-16.901610566781045	-16.909250097720587	0.8301997480484363	0.7697545898886553	-0.13722495613281305	0.12075693674830879	1.3851164732599088	0.03262182802344106	1.0
598000	-35.86728886653864	-33.82720068971882	-2.040088176819814	-17.00348448136997	-16.823716208348856	1.0937797447478135	1.0976115162062432	0.1149397894332953	0.0748634702859851	0.8846262363302981	0.1280960511083767	1.0
599000	-41.980304064174135	-32.120279186942696	-9.860024877231435	-15.741250256939079	-16.379028930003614	0.951708951033838	0.960870553045176	-0.9519931427691215	0.31195857680383976	0.794829718516026	0.05625214820146374	1.0
600000	-35.72789655067257	-33.83968874553863	-1.888207805133938	-16.65654989140226	-17.18313885413637	0.8614110442869904	0.663168562622455	-0.2477445733927699	0.3238295414039889	1.6949949679991763	0.09533907573900606	1.0
601000	-37.4513923231784	-34.93670899805413	-2.514683325124271	-17.747469203853598	-17.189239794200535	1.2733661534643708	0.9132956383693273	0.25713920066476614	-0.29365236555476115	0.7204712535951968	0.09387868296049467	1.0
602000	-35.11080125354915	-33.99872887895219	-1.1120723745969574	-17.194591096524825	-16.80413778242737	0.8669361367994857	1.0885724283834959	0.16470600135576105	0.07446566458123094	0.7428807378053348	0.042562615492359124	1.0
603000	-36.27972871747734	-35.249478539690955	-1.0302501777863857	-17.293321583453466	-17.956156956237486	0.7939539003064761	1.3530304942200484	0.048887057603940895	-0.12782319792314017	0.4391063568877865	0.021795376289608166	1.0
604000	-37.16840896028778	-32.723231115955045	-4.4451778443327346	-16.247201778567778	-16.476029337387267	0.7978379887886197	1.1025004392023243	-0.9940767705348988	0.49515382972767474	1.5513762929541355	0.7618369764837962	1.0
605000	-35.38702987337274	-33.08212329273657	-2.304906580636171	-16.576509906307937	-16.505613386428635	1.0753220350293984	0.8866813740498232	-0.13574623532653726	0.2147766805450645	2.1597001224264645	0.06582804323478438	1.0
606000	-38.812673790197735	-34.90554500322526	-3.907128786972481	-17.622247642334212	-17.28329736089104	1.2967497374875925	0.6886517492600034	0.1552794271200082	0.14413158280578794	0.21848953219551384	0.2213616916496844	1.0
607000	-38.37198777149058	-32.94345931364936	-5.428528457841219	-16.664854207538102	-16.27860510611126	0.9270062943241575	1.026202110403815	-0.11455100106036684	0.5128396681761971	1.307596206448115	4.681088413379658	1.0
608000	-35.78992399735535	-33.82917026202345	-1.9607537353318962	-16.904718794831517	-16.92445146719194	1.185353802063797	1.0940342513182497	-0.04135718811494811	-0.02253340202603324	0.41478742280270764	0.07446265177602965	1.0
609000	-38.794700862610895	-32.221698152695375	-6.573002709915518	-16.544125654191127	-15.677572498504249	1.4791834991140296	0.8696951130912628	-1.1229105124412662	1.2766315345932835	0.2632896097639901	0.9948234328082164	1.0
610000	-37.94371977132325	-32.95921975207662	-4.984500019246631	-16.90910694223311	-16.05011280984351	1.3124167264617308	0.9085377383939257	-0.26556730866511036	0.6491786973107985	0.6023735539289125	0.07171144814153532	1.0
611000	-38.71445298172894	-32.88948488640162	-5.8249680953273195	-17.013017917476297	-15.876466968925325	1.300142268482461	0.9537202402872368	-0.17652274039040283	0.9893047249006313	1.0220354749047629	5.093817665021692	1.0
612000	-35.0674243743792	-34.139568827372656	-0.9278555470065467	-16.760676258335245	-17.37889256903741	0.8293992243577943	0.7164472882049604	-0.25780425902538673	-0.022444408333042287	1.2391957578772752	0.033403071229640556	1.0
613000	-36.3266509705885	-33.759358098922334	-2.567292871666172	-16.134804752144635	-17.624553346777702	0.9524633259277293	0.6212378011628509	-0.5163623488142435	0.24791164228107224	1.1243442865605084	0.15397990688401111	1.0
614000	-37.6163192223703	-32.27256621399174	-5.343753008378561	-15.862370813240073	-16.410195400751665	1.157523856746953	1.1293155655390128	-0.7820211938230462	0.8795564728757481	1.0384871214855471	0.2788682445716006	1.0
615000	-37.27710996383711	-33.43871556006479	-3.8383944037723188	-16.84016355052521	-16.598552009539585	0.7479158530279699	0.6159205254280983	-0.6035485865095482	1.0509049449696122	1.106161028469355	0.7885106221360821	1.0
616000	-46.222884868560605	-41.800788649008695	-4.422096219551911	-24.777251742944635	-17.023536906064056	2.162878309125785	0.941183015789955	0.48744736024363816	-0.199197086417722	1.1336893193939852	0.0703749643681106	1.0
617000	-35.12699372414216	-33.38569968549746	-1.7412940386447062	-16.47387419319241	-16.911825492305045	0.9692198336532154	0.8296173158995278	-0.21438229660714345	-0.012670450474670303	1.428883712987018	0.11632545853204285	1.0
618000	-38.11546484499724	-35.10316736145255	-3.01229748354469	-17.303038117670248	-17.800129243782298	1.340183884472319	0.5655496081537904	-0.0964843177434277	0.4859957297733966	0.8044681759471306	0.30049523050335586	1.0
619000	-36.55702151363394	-31.612547749763017	-4.9444737638709215	-15.603296792116973	-16.009250957646042	1.0439453074502445	0.8311304801396336	-1.0079030067487513	0.7523440754795054	1.8116105014891035	1.3893330100973276	1.0
620000	-37.959845982195255	-33.42658019352217	-4.533265788673082	-16.8082738551138	-16.61830633840837	0.7843904685929013	0.8518639777746619	-0.40749870513922537	0.16437918793103945	0.2614058713410078	0.5544259581950179	1.0
621000	-39.472396115488415	-33.899843561581775	-5.572552553906638	-16.44209611510658	-17.457747446475196	0.7984054001613348	1.000957984387897	-0.7261332349282174	-0.4797270868240912	0.18698769940787438	0.31866588033961596	1.0
622000	-37.868192293945725	-34.78094252642279	-3.0872497675229305	-16.64160943955085	-18.139333086871936	1.2652819025836775	0.5358524420007958	-0.3394106158966632	0.4898416150147026	1.6551482068266041	0.16192628250569432	1.0
623000	-39.65734369661537	-31.94948631399403	-7.707857382621339	-16.167338963364763	-15.782147350629266	1.3565688321491545	0.946762415576835	-2.6044558313028103	1.3024772293998863	1.3669054413203725	1.41275379687867	1.0
624000	-35.70455143412075	-32.52719846964438	-3.1773529644763694	-16.331581118591586	-16.195617351052796	0.9393240748800106	0.9662112223207172	-0.36071441160661183	0.5106618136306381	1.2060143990997525	0.27143828039785717	1.0
625000	-38.33827451461291	-34.94882384587656	-3.3894506687363526	-17.13473096804784	-17.814092877828717	0.7342819299151618	1.0961464254828102	-0.3834608645488673	-0.6372693217930576	1.2249788138798592	0.2684432218662607	1.0
626000	-35.71268099229608	-33.70617786663449	-2.0065031256615877	-17.03964374999089	-16.666534116643597	0.9586064687855448	1.0453719570812618	0.16380871275165537	0.1264223847279703	0.7402966155512146	0.12377652031928761	1.0
627000	-36.937395098554994	-33.20492794407852	-3.732467154476476	-16.721846048366785	-16.483081895711734	1.28933797749313	0.9810943275619622	-0.33566111941514826	0.22559607631100687	0.34709067750441464	0.2687029194544203	1.0
628000	-37.319801301327516	-32.22134041881003	-5.098460882517486	-15.976964423742128	-16.244375995067898	1.2305023420927057	0.9676092902138647	-0.8023179795204333	0.4561919191439364	0.410653721514889	1.276754184574019	1.0
629000	-37.984456401529414	-34.47277172763966	-3.511684673889752	-18.263925188612575	-16.208846539027085	1.3528276486752766	0.8845853252510568	0.3385031467527395	0.4829555488025765	0.8327821662825529	0.0989373137940584	1.0
630000	-37.08046064695088	-33.03623567325877	-4.044224973692112	-16.456627396133214	-16.579608277125562	0.8659373512284038	0.8517848200329312	-0.4108339221506953	0.19440678415237986	0.3109936180781158	0.3969066645614314	1.0
631000	-37.81026219796129	-33.47972222638182	-4.330539971579473	-16.957665803306778	-16.52205642307504	0.8655041967545545	1.1568608713449202	-0.0029510444825648907	0.9027700032962693	1.6028600286644321	0.27284558081689214	1.0
632000	-38.15459479536354	-33.55934773068904	-4.5952470646745045	-16.074322042325928	-17.48502568836311	1.3232217710364738	1.2371756290953728	-0.9670953876810712	-0.1473068823678605	0.7647676210417632	0.4816703487949508	1.0
633000	-36.832439654306945	-34.73571086964093	-2.0967287846660128	-16.76167156590594	-17.974039303734994	0.9572345489473513	0.7098638535967434	-0.016914356892450882	-0.34954534394863185	1.0181167847215484	0.1724567646865194	1.0
634000	-35.98194687370317	-32.91342945822501	-3.068517415478165	-16.271952982248372	-16.64147647597664	0.9875011293495086	0.8396813854374444	-0.35989531790354745	0.16484579165105334	2.159197633554225	0.036863272249530815	1.0
635000	-35.67441177564593	-34.141349308870105	-1.5330624667758272	-16.89898975493464	-17.242359553935465	0.8331351410511624	0.6757733390481433	-0.13027777486752662	0.2260114341560271	2.624589006107088	0.046726951444818164	1.0
636000	-37.72440565639866	-35.147029002481304	-2.577376653917352	-17.560470097005727	-17.586558905475577	0.7453633882950926	1.1984619396404548	0.05738720116151902	-0.33391795295739096	0.46495668443297766	0.10759675619379551	1.0
637000	-37.73325749994876	-34.97319817001427	-2.7600593299344958	-18.031137373016893	-16.942060796997378	0.6310940472271871	1.2096216423928328	-0.37096419576978024	0.34936722215624083	1.2797962155225426	0.08541231993408592	1.0
638000	-37.006245361007004	-34.228583227982	-2.7776621330250038	-17.929290852075624	-16.299292375906376	0.6999283786833539	1.0448886407416953	0.1095937718472631	0.5372347816899512	0.8116399521500205	0.14307091826533216	1.0
639000	-33.72820690255318	-34.40229943700517	0.6740925344519835	-17.479942250605294	-16.92235718639987	0.7623445421305347	0.8273165490415647	0.07023219704621456	-0.015826586128400044	1.068055361536458	0.014093922837688046	1.0
640000	-37.3943138807787	-34.80249075824771	-2.591823122530987	-17.364965399737034	-17.437525358510673	0.8107312122727379	1.2956644428554567	0.15378008563653034	0.1649688661041253	1.8468803100914977	0.11985014059544201	1.0
641000	-39.10422919088977	-33.542897577400424	-5.561331613489347	-15.800126582500294	-17.742770994900134	0.8923265434401061	0.9500115304183513	-1.078560943291081	-0.6393571093057916	0.3297076977663816	0.4851263732367639	1.0
642000	-38.69695754784888	-32.91336332841354	-5.783594219435344	-17.288150717047856	-15.625212611365686	0.624346824294272	0.8404428343640137	-2.0698109138796084	1.410975068458518	0.9949890000008232	1.5266476076963267	1.0
643000	-36.218561888546986	-34.82786553899294	-1.390696349554047	-18.205589805246305	-16.62227573374663	1.460032930236935	0.9274255303452025	0.07938857644612166	0.09798492711995105	0.5451018372636739	0.04297234567722111	1.0
644000	-39.13438501700341	-32.1333580277891	-7.00102698921431	-16.49493789811925	-15.638420129669846	1.522774793609964	0.8178375833896456	-1.7376888384114175	2.0633344514399696	1.6466638828787747	4.345958041687332	1.0
645000	-36.96964223204648	-33.06974885924755	-3.8998933727989344	-17.14950140542205	-15.920247453825496	1.1117593586473355	0.898098577577711	0.18093914063747096	0.8187866515035782	0.7503444933011637	0.28361408739325344	1.0
646000	-36.28226390629882	-32.27273902603118	-4.009524880267642	-16.40599852073209	-15.86674050529909	0.9033968673463593	0.8715779233108993	-0.36043744121560817	0.8967142187423555	1.0964278882639933	0.8926946864095711	1.0
647000	-40.950932809727206	-35.08526520154854	-5.865667608178672	-16.34790940283454	-18.737355798713995	0.9564839934146189	1.320291679175108	-0.3252688261704545	-0.8027645694157075	0.16922827550656871	0.26375160170993844	1.0
648000	-36.222018880591115	-33.79704638549089	-2.424972495100229	-16.695273961931562	-17.101772423559325	1.3030765603539165	0.7611520419214527	-0.383618329633973	0.014517039081480665	0.9215540285189915	0.12843886938410515	1.0
649000	-36.85009911072001	-37.53029901247822	0.6801999017582063	-20.479648399633497	-17.05065061284472	0.48030064866414135	0.7941866626592224	-0.04072013805955722	-0.035043643804549024	1.2835745497833408	0.02438315208385762	1.0
650000	-36.26833293579272	-34.037500687666196	-2.2308322481265277	-16.512244436901852	-17.525256250764343	0.9866470031583807	0.7777197742692887	-0.17506706185779047	-0.2909121194169252	2.051086267209939	0.08442265722349436	1.0
651000	-36.36050033541291	-32.933304850954954	-3.4271954844579535	-16.957226543471617	-15.976078307483334	0.8963757986277184	0.8781003643830182	0.05161885945738223	0.7451647796574496	1.1879739960668734	0.4551504718383174	1.0
652000	-37.0745233254769	-32.263248521566844	-4.811274803910063	-15.639299827622269	-16.623948693944577	0.9571691673830168	0.7437585508528768	-1.0842823464057625	0.4070821857222338	0.5704861119512656	1.5761458843755916	1.0
653000	-36.430058527524615	-33.35652866403366	-3.073529863490953	-16.17558449374645	-17.180944170287212	1.1385549873786454	0.698602760925017	-0.47729263176510606	0.17150967797415112	1.7703372596057851	0.07489054755199351	1.0
654000	-40.875626261806346	-35.75581064336599	-5.119815618440352	-17.1175002671795	-18.638310376186485	0.8347274882848841	1.2460613965180898	0.041427614425833315	-0.8954406380746055	2.3245177089975724	0.5489537037060837	1.0
655000	-36.05811451237115	-32.71053808689496	-3.3475764254761886	-16.292462597520323	-16.418075489374637	0.9744135522468622	0.7161617252512457	-0.353117244639239	0.6765580297349107	1.4179772494499054	0.219055473560285	1.0
656000	-41.67000474722489	-31.99035749165467	-9.679647255570217	-15.832414277761485	-16.157943213893184	1.2078880331990158	1.0506591701046706	-2.7589941865336662	0.8240760865569293	0.39714219810412954	0.7743507170947305	1.0
657000	-36.26458893570929	-33.333638212889184	-2.930950722820107	-16.29187447932865	-17.04176373356053	1.0714563736293243	1.1789425804707117	-0.3362307740153847	0.08396819791538115	0.6511649477083914	0.02404342018198004	1.0
658000	-34.811125094052926	-33.99702186735391	-0.8141032266990149	-16.7148159484225	-17.282205918931403	0.9679576739131205	1.237285226595065	-0.04205242287929822	0.05124202292169577	0.5291252500674491	0.0290318471095504	1.0
659000	-39.41279116243628	-33.775728383615345	-5.637062778820935	-15.582073605359032	-18.193654778256313	0.9842713348245703	1.3675360673693424	-1.1079218248251193	-0.28570478347822237	0.9245644109826158	3.622792521913024	1.0
660000	-35.71831163120981	-32.76921985503016	-2.9490917761796496	-16.333575259073637	-16.435644595956525	1.0192281234886817	0.7621101246793558	-0.2978420505355655	0.5019711352856678	0.8660554083219744	0.23852182100300878	1.0
661000	-38.81270291510257	-35.34105870137837	-3.471644213724197	-18.323156351167395	-17.017902350210978	1.6679440710217683	1.082089835009568	-0.46967214478490465	-0.11893229942529171	0.6849148994399963	0.07266459764951917	1.0
662000	-37.36089359479758	-35.260510171930605	-2.1003834228669787	-17.068070412124445	-18.19243975980616	1.3248143551660783	0.6157884378922488	-0.19649396035480138	-0.06619234221751122	0.7989912228621859	0.15299893647784357	1.0
663000	-38.0944985197981	-33.88353372879057	-4.210964791007534	-17.39679403605313	-16.48673969273744	1.336885885476976	1.1226474234517907	-0.03884784672489683	0.5863067268510959	0.6045894351255648	0.690497391221511	1.0
664000	-38.849559912839354	-33.611585719911346	-5.237974192928011	-17.17400461424998	-16.437581105661362	1.5836644873029637	1.0173505234294915	-0.9823394915911577	0.3091510425287314	0.4128538743258686	0.30265742290302344	1.0
665000	-36.38631219791532	-33.04336519727014	-3.3429470006451814	-16.46986173535786	-16.57350346191228	1.2751921993088138	0.7780677632487796	-0.4812919577273808	0.3455475578815426	0.6130065396049325	0.15550472779412824	1.0
666000	-35.89586596167953	-33.055676237139366	-2.8401897245401644	-16.156577938856824	-16.899098298282546	1.013754520343061	0.9115237749795374	-0.4421734819844593	-0.09992167264412313	0.5414080609755446	0.09061825114032081	1.0
667000	-38.88153683670964	-33.035862765266856	-5.845674071442786	-17.219180447961335	-15.816682317305517	0.6306840240006952	0.6592738291170076	-2.298729084288324	1.7206592480482343	0.7184481497979902	3.8063702516110696	1.0
668000	-38.238424309147405	-32.743189468552785	-5.495234840594616	-17.096427549664163	-15.646761918888618	0.7017824202822159	0.8623328760218021	-0.700951528120046	1.369484988324256	1.2706641807421293	0.3795842474277007	1.0
669000	-40.29460492701869	-36.71339045519502	-3.581214471823668	-19.181972969334957	-17.53141748586006	1.8058695372661762	0.6713303208287869	-0.4916599796135443	0.059348507133289874	0.3935027502888233	0.11548740861323359	1.0
670000	-37.18611398695238	-33.47717947768476	-3.7089345092676234	-17.125328760362493	-16.351850717322268	0.8985852459600355	0.7146289370699213	0.16686895278114378	0.7418057533675037	1.4417082435232649	0.1210030035770763	1.0
671000	-39.42775467913285	-33.090274527168205	-6.337480151964648	-15.58647690397404	-17.503797623194167	0.9800392317049447	1.3281786095096764	-1.1099812471590405	1.09381791299591	0.4933775584934275	0.4377284210051917	1.0
672000	-35.55693459323116	-33.29302150799079	-2.263913085240377	-16.668598502091214	-16.624423005899576	0.8667114734629374	1.0189394528844942	-0.22375290987013235	0.13067299141556693	0.34712357163062174	0.0467816383201428	1.0
673000	-40.59542403918684	-36.206104496767644	-4.389319542419193	-18.4926121039656	-17.713492392802042	0.9301813307111559	1.001255377242739	0.9106861786742768	-0.6293458372710439	0.8891203147873853	0.4131203774736294	1.0
674000	-36.623191177196176	-33.44087179842525	-3.1823193787709263	-16.670184718527896	-16.770687079897353	0.8136635250770372	1.1569512468896412	-0.40158356045033555	0.316983800364701	1.0467993156714794	0.3778335296226064	1.0
675000	-37.31104081141705	-33.455147973346854	-3.855892838070197	-16.405308241804203	-17.049839731542647	0.8405853742856698	0.85295274712348	-0.5512924079480156	-0.1416777687753478	0.6870965828633167	0.05339722560670041	1.0
676000	-35.950675958235216	-33.79210448128122	-2.158571476953993	-16.849820675228788	-16.942283806052433	1.0525164371844125	1.1050031529921458	0.04906304237945029	-0.0172142263478973	2.4671348912051023	0.03954708289628582	1.0
677000	-36.54517420453317	-34.96897924471868	-1.5761949598144862	-18.109737311040895	-16.859241933677787	0.6927720897982471	0.8196904729260763	0.20945396045193232	0.041628937719706785	1.69821287763617	0.14547447427568036	1.0
678000	-36.82183234070155	-34.168795034191035	-2.6530373065105106	-17.364416910279576	-16.80437812391146	1.1448443040221392	1.1566056316893698	0.2596238521737186	0.27164287947894	0.7653524389366045	0.1345586167272951	1.0
679000	-36.81403245050936	-32.45112473349024	-4.362907717019116	-16.56174864322397	-15.889376090266266	1.025271821552691	0.90465899905298	-0.1314348071131975	0.8687633714601721	0.5590163312628612	0.8366273559011054	1.0
680000	-36.808445449929486	-32.9875668127803	-3.820878637149184	-15.833689479970138	-17.153877332810165	1.0493547358785391	1.1643301411439815	-0.7349975385878509	-0.06736100407978135	0.6768342931108254	0.30028377453606536	1.0
681000	-39.179615080638065	-34.60966247239755	-4.5699526082405155	-16.38487460653314	-18.224787865864414	0.8248819410950278	0.4413310514499885	-0.6446282024361497	1.3954291458012904	1.0374356383714047	0.5800989665183015	1.0
682000	-35.92303372315903	-33.1590625948339	-2.7639711283251316	-16.51707598495658	-16.64198660987732	1.13285536126077	0.7171914452467578	-0.2206075647359943	0.48717264600601207	1.2638546162816897	0.1500217546928375	1.0
683000	-34.99086420678413	-33.86622724658346	-1.1246369602006676	-17.172609338514366	-16.6936179080691	0.8914516159803632	1.0436649935910973	0.18813971855610087	0.09929365787569494	0.7565991802262364	0.03196793126871165	1.0
684000	-35.93279116194918	-33.525193470367654	-2.40759769158153	-16.7974208911908	-16.727772579176854	0.8088300898265468	0.7468289699586214	-0.3034933235415978	0.3181048969333214	0.7321932148847609	0.05906045811475211	1.0
685000	-36.376883559627146	-32.464312841722816	-3.9125707179043303	-16.385629627603464	-16.07868321411935	1.09034378420269	0.8282181848355183	-0.2767897303503051	0.680456555312853	0.5455797336074133	0.1697253492327574	1.0
686000	-38.82266029254491	-32.47236404256376	-6.35029624998115	-15.700972540235687	-16.771391502328076	1.0297993610682634	1.1347652183428623	-0.8896688485027331	1.7514422340060007	0.5850051361954132	6.548316308236758	1.0
687000	-35.04980445707758	-33.15108684339061	-1.8987176136869697	-16.612634830602346	-16.538452012788262	0.9373693214856056	0.9176567263235669	-0.14074575543779239	0.16907788701791282	1.6084316059666337	0.11212532099243135	1.0
688000	-38.74490894037531	-33.31427848303796	-5.430630457337351	-16.068486444004193	-17.245792039033766	0.9230535942696286	1.2746006315677545	-0.6370038643269047	0.3105033507117736	0.6373414338585763	3.376475139884221	1.0
689000	-40.66983626008329	-34.682199780668896	-5.98763647941439	-16.968147516191163	-17.714052264477733	1.0490396072628057	1.2625127232535798	0.1213201886929709	1.7905864026007878	0.6163324314396567	0.8272297635918838	1.0
690000	-36.740783157045875	-32.46617178509063	-4.274611371955245	-16.461720832624366	-16.004450952466264	1.13101993582579	0.9794968825163417	-0.2566212633926205	0.8093474596037644	0.8627409989219382	0.938540677782281	1.0
691000	-37.827653451013546	-31.75613211110545	-6.071521339908093	-15.423764639628534	-16.332367471476918	0.9983128302308671	1.1087313265598167	-1.3703133737266784	0.8732797737111322	0.9880816925679603	0.4517564735256941	1.0
692000	-36.66295714518234	-34.00270705654824	-2.6602500886340987	-16.51886780660721	-17.483839249941028	1.19424380719884	1.2281475168223774	-0.2973799160329816	-0.17463665587212585	0.5330656413961344	0.03959150093395628	1.0
693000	-34.58366446031558	-33.5759917722004	-1.007672688115178	-16.749641465791903	-16.8263503064085	1.2105511111297427	0.8125253191873173	-0.17214133636129458	0.07861959527011778	1.0148040148316393	0.03406345900724306	1.0
694000	-38.30865093477925	-33.42718348614841	-4.881467448630847	-17.285628809535226	-16.141554676613183	1.3178383578040085	1.0649979686848081	-0.05867563963580913	1.1725906439800504	0.6462378078756564	0.7429647561212906	1.0
695000	-35.80873439342977	-33.218188126718886	-2.5905462667108914	-16.40158891545387	-16.81659921126501	0.9190288697689775	1.0390520689132368	-0.33397016500266025	-0.01206724151011609	1.9885005347917786	0.09496910056537933	1.0
696000	-39.014492454288764	-34.85997090275108	-4.154521551537683	-15.963401150541022	-18.896569752210056	1.1341803632850727	1.5545580875028482	-0.6548439491336213	0.22021503996809078	0.7187475566684148	0.14308425153488832	1.0
697000	-39.70543898208773	-34.927328898177166	-4.7781100839105655	-16.563763942696355	-18.363564955480808	0.8310014457943211	1.475013987708079	-0.4317325507394429	0.7733962982887221	0.4266653327414422	0.224677038747299	1.0
698000	-39.99944528896212	-37.68986955575187	-2.3095757332102504	-20.273554309561856	-17.41631524619001	0.4949642808611611	0.6215853187637734	0.023480154907961848	0.3825201717935718	0.9088116632020773	0.024781137871954753	1.0
699000	-34.870464724718296	-33.3283074450313	-1.5421572796869953	-16.794382675683718	-16.53392476934758	0.9458426370340043	0.8434941363793393	-0.003305769233354905	0.24238615148937837	1.3979186535161146	0.08400861575439239	1.0
700000	-37.59334969079507	-35.9824692849208	-1.6108804058742696	-17.326303179367486	-18.656166105553318	1.3376690765282782	0.5766739129260571	-0.07834927763592764	-0.1031974655546492	0.6418472696087069	0.08727387289232541	1.0
701000	-34.7749608295891	-33.3751494909274	-1.3998113386616984	-16.757235116888786	-16.617914374038616	0.8403432395190418	0.9056437963867785	-0.22462046724825394	0.1112163928621564	1.7101972390632194	0.05221116355119087	1.0
702000	-36.02394450655968	-35.09171607009429	-0.9322284364653899	-17.51779805252648	-17.573918017567813	0.7206351454546737	0.7460945031507926	-0.11095579443398551	-0.2354288758190789	1.189474103512737	0.05228599143811577	1.0
703000	-35.847087667189285	-33.25532195033118	-2.5917657168581036	-17.021099065500554	-16.23422288483063	1.024220043835611	0.9108460219565467	0.16020029419490456	0.4464827433997434	0.9945884283809755	0.12199985645404873	1.0
704000	-37.35822450546718	-32.47586357572949	-4.882360929737683	-16.54088642482895	-15.934977150900542	0.9154944679766879	0.840938680072457	-0.22584640386113305	0.8276806544815574	0.6614584979840151	0.11403708056116471	1.0
705000	-37.238067296367696	-35.242387664471664	-1.995679631896034	-17.41041857214116	-17.8319690923305	0.8573802187312078	1.3319150314474923	0.28813466806029403	-0.1026463646978664	0.8912547182246617	0.03586260858653059	1.0
706000	-40.528953802480764	-35.07118323120636	-5.457770571274404	-17.58621269943778	-17.48497053176858	1.3704136479295008	0.7747477380988348	-0.013020779124440648	-0.2598775580225454	0.06665826052137172	0.10375398397990193	1.0
707000	-40.88294179246103	-35.31722721057747	-5.5657145818835625	-18.768029694913547	-16.54919751566392	0.7062809661592278	1.1264907759038596	0.7196892045328467	1.539373262645281	0.4923924706482773	1.9514318357603566	1.0
708000	-34.752243710236094	-33.36162961368122	-1.3906140965548741	-16.41483575594642	-16.946793857734793	1.0347005527168098	0.7874555638554901	-0.23607556277659442	0.05012132652208809	1.1099275205754047	0.06786319196955837	1.0
709000	-37.95705117505431	-32.78908365294877	-5.167967522105541	-15.576095390009035	-17.212988262939735	1.0401206737053181	1.1538743152423283	-1.0475018456612113	-0.14332255463204752	0.7760904770845437	0.20756056210181764	1.0
710000	-41.52491590646507	-32.57868619796369	-8.94622970850138	-15.405633766612159	-17.173052431351536	1.1717573839310473	0.41674074471923866	-1.5111751085687133	3.4727742799565604	0.284701504237914	2.111953471764635	1.0
711000	-36.90417748842287	-31.513781270608327	-5.390396217814542	-15.549596843187743	-15.964184427420584	1.2182685412750358	0.9787192163178686	-1.3465849278630355	0.8866191083588104	0.6948989692354286	1.0062263090703865	1.0
712000	-36.16501249205018	-34.226731325978555	-1.9382811660716286	-16.581737379812814	-17.64499394616574	1.0986266862566174	0.6065483307619605	-0.14716825359157815	0.31924272137964405	1.0877462058261071	0.1247444340897683	1.0
713000	-35.66034108435968	-33.274508462802125	-2.3858326215575527	-16.71073158842392	-16.563776874378206	0.8980802083805978	0.7660393104865235	-0.12359454560815528	0.3861092365067469	1.2120479865650564	0.24010728293232167	1.0
714000	-35.714150821780784	-33.744145714882464	-1.9700051068983195	-16.699387392360894	-17.04475832252157	0.8863523563114347	0.6800377872862903	-0.15437465835290903	0.3423136336474415	1.3365367600280205	0.16306093761082918	1.0
715000	-35.97524430706858	-33.791472915799105	-2.1837713912694747	-17.022564784842416	-16.768908130956685	1.242231604877043	0.8805218011359978	-0.061747220096534716	0.017916296676073314	0.7487138916997158	0.15958334893304957	1.0
716000	-35.140620935798154	-33.149328127106216	-1.9912928086919381	-16.74280159685147	-16.40652653025474	0.8547425251026797	0.8740887044334015	-0.19444987284256948	0.30937259323793664	0.8664707654698519	0.1011233344529382	1.0
717000	-36.855605417393534	-32.43916526524545	-4.416440152148082	-15.833182601827879	-16.605982663417574	0.9730547136856329	0.9453015442306397	-0.7952829085043952	0.10818802513612419	1.4066048838033496	1.3927675682317713	1.0
718000	-37.42423883802694	-32.377560041476805	-5.046678796550136	-15.625046651467402	-16.7525133900094	0.9053640503958179	1.1648248218487016	-1.328049536353358	0.3812411106425144	1.4139327847598813	1.1800343143748206	1.0
719000	-35.85330317680598	-33.82578247461459	-2.027520702191386	-17.24988530178615	-16.57589717282844	1.246214624121428	0.842243561933545	0.05650099974075895	0.21123885041503596	1.1054083610908982	0.12037684733082032	1.0
720000	-36.735174759362714	-33.07118952918169	-3.6639852301810296	-16.552730961951248	-16.51845856723044	0.8889218840051056	0.6701018435892039	-0.26688428891455285	0.7990303713401347	1.1807809404444087	0.16964662500137034	1.0
721000	-37.03967323032723	-33.900378492540725	-3.139294737786508	-16.759590768740015	-17.140787723800713	1.130637978144008	1.08207779682737	-0.06218405979253683	-0.21293098176826963	1.1311701833242775	0.35933356203483385	1.0
722000	-37.19525082631269	-33.00527486675101	-4.18997595956168	-16.865667304840823	-16.139607561910186	1.3554948922374364	0.7918938809403859	-0.39505467816080486	0.6917188174256372	0.5739715855249785	0.5888412791728275	1.0
723000	-39.30889057191963	-36.00047965917271	-3.3084109127469192	-17.34051006851271	-18.65996959066	0.9543871526625527	0.6810984618756999	0.3397560285042878	-0.6107669935512808	0.7429422658679433	0.36489943983430445	1.0
724000	-35.73442189218587	-32.637467566114324	-3.0969543260715486	-16.139361314366553	-16.498106251747767	1.0949599111907573	0.8371993129746926	-0.4687295651707094	0.28090547955592765	1.2867622469706448	0.0866652919193098	1.0
725000	-35.234100898905595	-34.62344881987227	-0.6106520790333199	-16.49693434200614	-18.126514477866134	1.0567158256690639	0.6094019441571832	-0.18188536588417162	0.006863766268177085	1.2516471784675216	0.03602734671022688	1.0
726000	-36.51043422924268	-33.89659046838782	-2.613843760854854	-17.565574689571385	-16.331015778816436	0.789867705092835	0.8458789758928381	0.23204448938293842	0.409110680267332	2.0379923382975065	0.16385237013696888	1.0
727000	-37.916925493577665	-33.08999566980478	-4.826929823772888	-16.59176556208339	-16.49823010772139	1.116254848318937	0.8417595874604019	-0.1549767331857715	0.27365339513555476	1.8418222886590625	1.779732093883246	1.0
728000	-35.438363466854135	-33.373235242780716	-2.065128224073419	-16.923767076534304	-16.44946816624641	0.9338108279516025	1.039364960222658	0.0730945850535423	0.33492872751409086	1.0327355176273878	0.0922989133814141	1.0
729000	-36.94280142709266	-31.785053939525817	-5.157747487566846	-15.964268713415288	-15.82078522611053	0.824223408652612	0.9372286248980054	-1.255521945701677	1.0669383226106626	1.6231298173815625	0.8569996049824058	1.0
730000	-36.5478775135757	-32.17270199442922	-4.375175519146481	-16.107803679396973	-16.064898315032245	1.074190656037552	0.8787804908389982	-0.48423324615626484	0.6389170547315064	1.9544184539128069	0.6460943126430793	1.0
731000	-36.67157859487372	-33.7582682264844	-2.9133103683893244	-16.805696869984715	-16.952571356499682	1.2142486576389475	0.8643721284966657	-0.1434154963622724	-0.09221965401213239	1.7677208672833726	0.21729434635563946	1.0
732000	-36.80456177491716	-32.2228263534109	-4.581735421506261	-15.966008391241301	-16.256817962169603	1.0417198408402497	0.7976593762186898	-0.6051042870448615	0.5653352317392812	2.5444742960398186	0.3229169231245773	1.0
733000	-36.75250324322722	-32.87974739065857	-3.8727558525686474	-16.053153168788747	-16.826594221869826	1.2463941252266182	0.9672008793625613	-0.7645955597661823	-0.06254191855934788	0.9721657398099575	0.41048323498167943	1.0
734000	-34.58412873660613	-33.124436338551554	-1.4596923980545802	-16.51382317381289	-16.610613164738663	1.0110490158697143	0.9263920692848413	-0.16604785130490768	0.10758118549027465	0.512748916713401	0.04172663910459625	1.0
735000	-40.337818723645725	-34.3803121430723	-5.957506580573423	-15.977049354823755	-18.403262788248547	1.267355003220042	0.7179359197305519	-0.895731334050797	-0.6053135386087094	1.7314011770420181	0.16243034078860485	1.0
736000	-39.010511404372494	-35.63836477311381	-3.3721466312586883	-18.163438344473494	-17.474926428640316	1.4826172649919938	1.175709831829208	0.0042512894210804605	-0.30089928098803476	1.2082286466148684	0.22251099880890918	1.0
737000	-39.67189261122981	-35.27088583054321	-4.401006780686602	-17.185556226887957	-18.085329603655254	0.962692748547564	0.9294448537295446	0.2532464020027807	-0.811701186026541	0.51881480275158	0.8592916562118057	1.0
738000	-37.24862591261743	-31.280679091080373	-5.967946821537057	-15.694504132342566	-15.586174958737807	1.1040786475745346	0.761287035757965	-0.9059836094508258	2.095681385853046	1.4323251413121858	1.4360106525179592	1.0
739000	-39.78042133150807	-35.96335767921373	-3.8170636522943413	-16.241459898067376	-19.721897781146353	0.8656896227764644	0.5748407514006617	-0.6258038098871106	-0.6445367755060346	0.6926796536045419	0.7445230244359297	1.0
740000	-38.31254952822257	-33.996109054060355	-4.316440474162216	-16.34671547403113	-17.649393580029226	1.3384882598216254	0.6919890756565105	-0.744327547471291	-0.09762103500054564	0.773979770969711	1.165009923953323	1.0
741000	-37.69860117488975	-33.697469569139386	-4.001131605750368	-15.94476333443925	-17.752706234700135	0.9873784518684903	0.9773124433105689	-0.6563720088260243	-0.6513631454681014	0.8887024092223692	0.5542053973747179	1.0
742000	-35.80913147197391	-33.57863534371872	-2.230496128255188	-16.93298786536812	-16.645647478350604	0.7633977531644227	0.9823290583994799	-0.4006982238620118	0.08390840145872025	1.4616441481818228	0.057665261069479924	1.0
743000	-38.393123122649015	-33.73640431702131	-4.656718805627706	-17.298977595302844	-16.437426721718467	1.3700154523110697	1.1273439487210348	-0.16614876194782224	0.7419158948948501	1.3487484438679354	0.14698921713392138	1.0
744000	-38.34627417941048	-34.68662097535247	-3.659653204058009	-17.8219566363725	-16.86466433897997	1.1812572622956392	0.8854167245545534	0.43380023780261123	-0.055108294693560246	1.2044368577183364	0.6411436398038526	1.0
745000	-38.16929544521189	-31.652878273854043	-6.516417171357846	-15.961952420861262	-15.690925852992779	0.8044982530729528	0.8326015579117252	-1.4939143898638276	1.226488833997522	0.6199746780045928	0.5719343016041207	1.0
746000	-38.584753769138466	-33.68004936867899	-4.904704400459471	-16.39715101647318	-17.282898352205812	1.4399664159336363	0.9576298695857391	-1.0942812745408712	-0.3718948313045777	0.6535857262531731	0.4905932700057392	1.0
747000	-36.371826237333835	-33.757488852438804	-2.6143373848950278	-16.9307953173444	-16.826693535094403	0.8377379533928709	0.7457606821975242	-0.09150752289772612	0.24899275302595214	0.8706733839848327	0.3782298032094787	1.0
748000	-36.0894803038486	-33.15124524038282	-2.938235063465779	-16.856374660764384	-16.29487057961844	0.8863420990020174	1.0456650689504645	-0.03618414046674456	0.5461575668603312	1.271172250371042	0.12189362428591438	1.0
749000	-35.9605878966311	-33.801222147056635	-2.1593657495744587	-17.047784526517827	-16.753437620538804	0.8483142821529236	0.7470425520756074	0.024294024767957056	0.29837849761503255	0.8538426208702548	0.20748956117439865	1.0
750000	-38.13444312589628	-33.784453114013445	-4.3499900118828405	-16.48189869312413	-17.30255442088931	0.795201827139592	1.0590225950132757	-0.6982672267544796	-0.3512467572958763	1.51776733145991	0.11238374497312258	1.0
751000	-39.148444325527706	-33.742416454066856	-5.4060278714608465	-15.960783212624227	-17.78163324144263	0.9328567963545639	0.587411649913501	-0.7300319646304565	0.3496247427927305	0.8698891872775232	6.812934854078742	1.0
752000	-36.27331117608483	-33.60416761208828	-2.66914356399655	-16.377181531995333	-17.22698608009295	1.0389777063318069	0.8018067693807556	-0.2640925221342556	-0.164894100263065	0.3288400236254551	0.06213108329071803	1.0
753000	-36.34882912254494	-32.763428443286344	-3.5854006792586013	-16.199027953299087	-16.564400489987257	1.122464707346924	0.7787036529808435	-0.44234600719189404	0.351032780723734	0.5342526619500345	0.07915268778378659	1.0
754000	-36.56270329382238	-34.026695963548924	-2.5360073302734594	-16.94250818983449	-17.084187773714433	0.8565838866441129	0.9947799428090437	-0.03388401052635792	-0.24088253931283776	1.1903815050827868	0.28319347032420705	1.0
755000	-34.865212264716945	-33.6909833512232	-1.1742289134937391	-16.946915464183824	-16.744067887039378	0.8784691915327285	0.796536381501034	0.01479966472023328	0.1716842693515075	0.4998392023139271	0.03747940278767393	1.0
756000	-36.1896679714078	-33.68447872782845	-2.5051892435793492	-17.307039916443856	-16.37743881138459	0.7196733315938433	0.8530889173978923	-0.3132185585430689	0.35853522733490484	0.6827530416886533	0.10032150443995907	1.0
757000	-37.40649607873163	-35.51163530209125	-1.8948607766403787	-16.81998678057401	-18.691648521517244	0.8789827245887767	0.49895368574372617	-0.07703271214170564	0.4564792263245097	1.1982964435417063	0.11234239447184254	1.0
758000	-38.104297348691354	-35.11458869503619	-2.989708653655167	-17.60013258560819	-17.514456109428004	1.167454917039448	1.189786139190087	0.34853881308150086	-0.2997504745582439	0.7039189849590991	0.08122969716672772	1.0
759000	-38.28675289702643	-32.71123579614058	-5.575517100885855	-16.0669345649078	-16.644301231232777	0.7693689662121639	0.7106641159942336	-1.9696138450129437	0.5108277897653719	0.6195381697294885	1.2821482703718583	1.0
760000	-37.75778820253192	-31.241673565966025	-6.516114636565897	-15.642712201765669	-15.598961364200354	1.1941088429606976	0.8451373285805416	-2.571450873163574	1.691974827524752	0.7996223819731669	3.561714311906898	1.0
761000	-36.26662018189243	-34.49556903042296	-1.7710511514694678	-16.60776910007291	-17.887799930350052	0.9850931349223874	1.3655757455873163	-0.10748962299148981	0.017947097034323095	1.0105989503331034	0.08264746636524252	1.0
762000	-36.284155937688894	-32.65758586018298	-3.6265700775059186	-16.050925332517963	-16.606660527665017	0.9519417012069784	0.9591204920554913	-0.5978465336653549	0.1086488699263678	0.45005637653927477	0.228653567960111	1.0
763000	-39.180371429874725	-33.71413712205058	-5.466234307824148	-16.808134333044535	-16.906002789006045	0.9144386840448748	1.1333052507373722	-0.02726669057139247	1.8843473062254237	1.0041571988210043	1.9885952625920789	1.0
764000	-37.122268144968345	-33.49077811510182	-3.631490029866525	-16.310346440363936	-17.18043167473788	1.1427423530177208	1.1820126286234396	-0.37775315892737527	-0.04241092887010067	2.027363262736029	0.1236403630480775	1.0
765000	-36.99416995337011	-32.841448243200105	-4.152721710170008	-16.92772895597723	-15.913719287222872	1.169584557301208	0.7846539414218319	-0.006903399353741679	0.9622595467669296	1.216247757704989	0.3056071720219621	1.0
766000	-36.76932588771299	-34.28628133208156	-2.4830445556314324	-17.29925933995174	-16.987021992129822	1.4301286379405758	1.153869299120283	-0.31841867408399077	0.05986204704577433	0.5917807431575686	0.044611890979634784	1.0
767000	-36.776676843671765	-33.31616061694538	-3.4605162267263836	-16.904250499592788	-16.411910117352598	0.8539918054278831	1.0011250961620666	-0.06894951411018241	0.3136428969380002	0.9451428914359647	0.7304139498049316	1.0
768000	-38.21770156261811	-34.32235312136038	-3.895348441257732	-17.793745257575694	-16.528607863784686	0.8314350539290877	0.7907310698638325	0.47701851465329304	0.349241049982979	1.9891569173950758	1.0386168587260218	1.0
769000	-36.463876098002764	-33.7323328868783	-2.7315432111244693	-16.641598769320098	-17.090734117558195	1.131591420033663	0.8871138326238319	-0.13727594373337462	-0.20897030426923985	1.549762086345488	0.2234608390542721	1.0
770000	-38.85444609189752	-32.95306184714476	-5.901384244752765	-16.00438171034578	-16.94868013679898	0.8584473157278122	0.5641175541433326	-0.94737950802814	1.133524269716168	0.2980215125736278	1.9098196820001807	1.0
771000	-38.74302836675522	-32.11284419956944	-6.6301841671857815	-15.721576033567292	-16.391268166002142	1.1921149926798091	1.0155322909287354	-1.0014927778280018	0.3558704486000732	1.8213723608766257	0.144686277378439	1.0
772000	-37.69549710945408	-35.488984300200144	-2.206512809253936	-17.602256651774876	-17.88672764842527	0.743107577228761	0.5522314719834153	0.07951939635562404	0.5268858146741299	0.97372337960601	0.1590902714366487	1.0
773000	-37.701718743836544	-31.897556143395335	-5.8041626004412095	-16.082039351252725	-15.815516792142612	0.8545276139057899	0.7941039138236746	-0.8622237008554927	1.0718872332913532	0.5847920012305641	0.30293187607174077	1.0
774000	-36.905283407920976	-33.64306125772919	-3.262222150191789	-16.99046388141192	-16.65259737631727	0.7457078398649392	1.1303360760637082	-0.4540786254416545	0.3607538623242523	0.8776463875328978	0.08469698927001977	1.0
775000	-34.782282974611434	-33.89744476398711	-0.8848382106243258	-16.672260372197943	-17.225184391789167	0.9264644688444732	0.7284838526066114	-0.10978314081256643	0.03403528893925517	0.8053001128446408	0.058961010418321504	1.0
776000	-36.5671068930723	-32.75351536036206	-3.81359153271024	-16.496487969191783	-16.25702739117028	0.8770340438068429	1.058625593001034	-0.34352335042325133	0.6585789432151793	1.3700170565569803	0.14799157762092027	1.0
777000	-36.92347555417193	-33.51627006815317	-3.4072054860187624	-16.571303995613224	-16.944966072539945	0.8285760759167642	0.913335366364693	-0.43419044791161493	-0.13279138618998954	2.817155841086812	0.09270972519836605	1.0
778000	-40.45820983826116	-34.927885938078916	-5.530323900182244	-16.39166257857643	-18.53622335950249	0.7727628751178286	0.5952922486490745	-0.9898808708683812	-0.14706566364150614	1.0113801830999285	0.11042013781838998	1.0
779000	-36.22499665625977	-34.220947395648494	-2.004049260611274	-16.973721209022806	-17.247226186625685	1.1150048348247779	1.2411255089622582	0.07989959329469931	0.10784268425815362	1.608877144382744	0.05928450136960003	1.0
780000	-36.47574271956104	-33.972643319773766	-2.5030993997872764	-16.94743270625142	-17.025210613522347	0.7362039768197162	0.7286570191666015	-0.5704465018439788	0.1660246191571811	1.29124597663763	0.2164125749316009	1.0
781000	-37.57569780239366	-32.45707817439998	-5.118619627993684	-16.15675963599458	-16.300318538405403	1.2705355157732434	0.8684500380928347	-0.7265821678474911	0.40927381181543687	2.00871964999952	1.0486967415167658	1.0
782000	-35.342366816045335	-34.300729995449515	-1.0416368205958226	-17.569578546221987	-16.731151449227525	0.6932502925570351	0.9533896420432331	-0.2528521405354622	0.009005996141755734	1.3818449258934262	0.03870943660573476	1.0
783000	-37.66994535291832	-31.848795430397892	-5.821149922520423	-16.125277385907797	-15.723518044490095	0.8495941063310877	0.9203192086270905	-0.8311282354597784	1.5578623918898775	0.42242351599174904	2.3103530744776357	1.0
784000	-37.99437729735925	-32.899809860538426	-5.094567436820823	-16.993468103572166	-15.906341756966258	0.8421081364742671	0.7951083225750867	-0.03141902793545365	0.9456495953431269	0.305711809295415	0.2559963328175819	1.0
785000	-40.37084307364462	-34.394967104435736	-5.975875969208889	-17.4600424034367	-16.934924700999034	0.6434143285486775	0.4642767752236417	-0.9511041130434941	3.7797975214826636	1.6025889019299537	17.804381499194005	1.0
786000	-39.543526517529585	-34.17251323399339	-5.3710132835361915	-17.738302077321556	-16.434211156671836	0.732417585274629	0.505336348996663	0.13386933228873965	2.5522373211940934	1.3846468098408689	1.667017904074978	1.0
787000	-35.37785155236694	-33.19768413877445	-2.1801674135924936	-16.608668760029897	-16.589015378744556	1.070421243557039	1.0873318423097065	-0.11187482579166295	0.2922625693623149	0.6626883543549088	0.031922998777780105	1.0
788000	-39.32085412379956	-33.031036337382716	-6.289817786416847	-15.582600108911862	-17.448436228470854	0.977697245614391	1.2931466763018287	-1.1213775905191286	1.3577542316404025	0.3533120747742894	0.9686568651797758	1.0
789000	-38.87063771946996	-32.33727664785727	-6.533361071612688	-15.818474138886248	-16.518802508971024	1.3594005252241774	0.9086571380628153	-1.8131638119443503	0.18927626146620347	1.4838273575200445	0.6526629507225614	1.0
790000	-36.560303513320534	-33.261282429428604	-3.299021083891928	-16.226257736547502	-17.035024692881105	0.8785341555528964	1.193890801052538	-0.5970726355704575	0.1472044788870609	0.7620310313116823	0.20688156184066053	1.0
791000	-39.854386132383055	-34.16446477542081	-5.689921356962248	-18.367762436558774	-15.796702338862037	0.8277501084818379	0.7303133796300211	0.7882653802628107	1.3143637071605285	1.0589195216171676	0.3483881690755534	1.0
792000	-37.721884908964164	-32.327297171242435	-5.3945877377217295	-15.582652388877552	-16.744644782364887	0.9800361698940306	0.9240832973786075	-1.116036755198017	0.004928627202660296	0.30749464118984493	0.42237843685842963	1.0
793000	-38.76313883431137	-35.15701354992255	-3.6061252843888147	-17.595420153822626	-17.561593396099923	1.3121345423577675	1.072282235213753	0.11283386856548272	-0.5065876959436046	1.3844921618723103	0.2310057471728163	1.0
794000	-36.848951074113224	-33.88701186600356	-2.9619392081096607	-17.246027012258928	-16.64098485374463	0.8198606680080472	0.692736692272219	0.09467234215043069	0.5886121328334759	2.0300509505365296	0.10065241260355397	1.0
795000	-38.64890446857089	-33.12295237201923	-5.525952096551666	-16.512960807980367	-16.60999156403886	1.0052687484646374	1.1516553228051456	-0.16784635302372142	1.4114371427867343	0.7293072980697914	3.2228045382013164	1.0
796000	-37.57455434040533	-34.655422223818405	-2.9191321165869195	-17.432112771415696	-17.22330945240271	0.7687908429778474	1.01051999636195	0.06005935537714674	-0.3290189667567833	2.6255567783551204	0.11872804243996023	1.0
797000	-37.916179361619534	-34.46655484994568	-3.449624511673856	-16.710634018443017	-17.755920831502664	0.8088060878042456	1.0625824229560221	-0.3842392140892319	-0.6299371367577341	0.9749262371022612	0.20943168259137002	1.0
798000	-35.81996988892636	-33.03405267042858	-2.785917218497782	-16.262945483161065	-16.77110718726751	1.0323744904642786	0.7190640360759586	-0.3512679502004366	0.38122754888563914	0.6951511048446674	0.11663945291984744	1.0
799000	-36.673927735881044	-32.61029917866928	-4.063628557211766	-15.982738342530451	-16.627560836138827	1.160004204727602	0.7411920039243032	-0.6690031884256402	0.4127283291401676	1.504258099791729	0.8254515891994565	1.0
800000	-37.98155715137144	-35.60086451296471	-2.3806926384067264	-19.021573547734384	-16.579290965230328	1.6081413683940575	1.0265819961232374	0.06317585036506379	0.18141949093093684	0.668730413282856	0.11208756452807035	1.0
801000	-37.17693506795643	-33.31941663485082	-3.857518433105609	-16.8857942518406	-16.433622383010217	0.8979878051696871	0.6987331953385727	0.004231065627116559	0.7364368035885457	1.1650313894811233	1.29008037226122	1.0
802000	-37.97522155213055	-34.307909102094186	-3.6673124500363654	-16.449110071569866	-17.858799030524317	0.8949620231049396	1.2723413984030816	-0.3413575389791361	-0.34679231639276437	1.9993677267935015	0.09973272718577217	1.0
803000	-37.18949388240198	-35.70368230998572	-1.4858115724162622	-17.981050399810663	-17.72263191017506	0.6559188852610107	0.6025276796549063	-0.16785582256784387	0.29336309284986645	1.0176607698106126	0.13072437501107223	1.0
804000	-37.06585905015127	-34.72328493906091	-2.34257411109036	-17.02231527058913	-17.70096966847178	1.256281035320424	1.2774976678769427	-0.0865462149328155	-0.2010801102122723	1.1735914630580173	0.08913395153132501	1.0
805000	-36.96420467075353	-34.71782908792011	-2.2463755828334193	-17.271358100252197	-17.446470987667915	0.7933346994626912	0.9134151379717503	0.03005169770443697	-0.4508082986868563	1.152605866533419	0.09053694312920178	1.0
806000	-39.442368453871026	-33.752348977523965	-5.690019476347059	-16.99769523397681	-16.75465374354716	1.2046986834291618	1.2024881065378374	-0.01564052184683906	0.7129315038742808	1.9425175855288475	1.3762501708749302	1.0
807000	-36.632046201067475	-33.33431347021151	-3.2977327308559596	-16.26907705623401	-17.065236413977505	0.8757696464422347	0.846207403250362	-0.5619504036458856	-0.14190584553926727	1.045669961146307	0.5830154544809945	1.0
808000	-37.220386291170904	-32.55388064649269	-4.6665056446782085	-16.13597555904869	-16.417905087444005	0.8531452312745046	0.6702755405850038	-0.8002251073602631	0.8884032738918773	1.466579264633571	0.26642990532343674	1.0
809000	-35.55054652645712	-33.23435728708349	-2.3161892393736303	-16.611570674167584	-16.622786612915906	1.2411422163900065	0.9611103410891678	-0.31328763312860314	0.09572975564991373	0.903551713290977	0.11109689456644706	1.0
810000	-34.90037816467903	-33.235985261241495	-1.6643929034375387	-16.632208065756526	-16.603777195484973	1.1026575268738295	0.9907243896806767	-0.11722511365740447	0.12417635430286472	1.2840500452850268	0.07825558536773763	1.0
811000	-37.59461246536068	-35.91617495525692	-1.6784375101037656	-17.173124955701407	-18.743049999555513	1.2365440649030994	0.5395463105197353	0.031506249490733135	0.09732447930611443	0.5266603560477586	0.08741473705775282	1.0
812000	-34.740803892095805	-33.64005990601983	-1.1007439860759742	-16.617363506512305	-17.022696399507524	1.0831982208574427	0.7802207595120804	-0.11326355418425799	0.01658471850497556	0.8075321099106338	0.06238214415932216	1.0
813000	-36.299034969724396	-32.74686952703809	-3.552165442686299	-16.443493504359584	-16.30337602267851	1.1921768364453307	0.891201357020043	-0.3466228971483535	0.38778902746350735	1.9112107434211778	0.17345765838298177	1.0
814000	-37.78378631029097	-34.6640509014849	-3.1197354088060703	-16.971499248871783	-17.692551652613112	0.8486274550441251	0.9184015902835866	-0.03134061925006815	-0.5951198547072665	0.6501975801388258	0.1823217580089958	1.0
815000	-35.83296153431466	-33.5165859468256	-2.3163755874890617	-16.71221175394955	-16.804374192876054	0.9150959669228298	0.9386078771092501	-0.09560950448373975	-0.044123446182926074	0.256979100799664	0.06037286983716171	1.0
816000	-38.50240601678922	-30.98121852386295	-7.521187492926273	-15.374723785442942	-15.606494738420006	0.9909988142895083	0.8448735031422456	-1.522779985424409	1.775581394100268	0.9868988660829384	0.6367446172636114	1.0
817000	-35.93605145168877	-33.98779304209273	-1.9482584095960331	-17.17699748430006	-16.81079555779267	0.9347493013334466	1.0364075929349426	0.23400718173557844	-0.01018750371009125	1.0721195041947176	0.12441320190269814	1.0
818000	-39.47915964829433	-33.49115329108087	-5.988006357213456	-17.606384460573096	-15.884768830507772	0.8821393567406735	0.9039131692921857	0.4403654722461622	0.8755767385163954	0.35783476807496917	0.14050886507406596	1.0
819000	-40.08478654482421	-32.58084748643374	-7.503939058390475	-16.623620250843672	-15.957227235590072	1.387327381780773	0.5860562705634931	-2.896614408074974	2.73650941464209	0.4116856859552981	8.943431052715653	1.0
820000	-35.26150484751936	-34.78917358890865	-0.4723312586107078	-16.85649884993581	-17.932674738972842	0.8806823478934336	0.6496265282327349	-0.046577304900895164	-0.08469833243444391	0.5599381378341397	0.02889943677632126	1.0
821000	-35.563980903638885	-33.51353582459736	-2.0504450790415243	-16.486258049947523	-17.02727777464984	0.8931125130553476	0.8904850332570797	-0.3135637793420992	-0.17057583481024563	1.2779343434008155	0.12334380846109351	1.0
822000	-39.39108610339802	-32.757217123353996	-6.633868980044019	-17.076538996483944	-15.680678126870049	1.6124990385652143	0.8963503496303739	-2.19240074997885	1.6449598833651784	0.9071530345337923	3.5413339749226513	1.0
823000	-38.48213982295238	-33.00313231864865	-5.479007504303723	-15.993992906318887	-17.009139412329766	0.9936261622486265	1.236381145893405	-0.6016098705336438	0.42937354630927743	0.4288599442815207	0.07675630978550588	1.0
824000	-39.027844287269055	-34.01956032707841	-5.008283960190646	-18.30588087541612	-15.713679451662287	0.9152379946656611	0.9156969350168976	0.8233236243282811	1.3677747585012792	0.7762977368573378	1.2495821148942075	1.0
825000	-37.071288672891285	-33.63995694508539	-3.4313317278058957	-17.69492481502232	-15.94503213006307	0.7285809841712114	0.8049197962264774	0.08104019200441726	0.8756798056762836	0.9823403553332103	0.4088847513347236	1.0
826000	-38.58409291946405	-33.66762040513328	-4.91647251433077	-16.483227668518467	-17.184392736614814	1.3620123997302258	1.1449903503729633	-0.6979551822377384	-0.13939949004297275	1.8808244289205232	0.254750724021382	1.0
827000	-35.83505921684349	-33.99583090458343	-1.8392283122600623	-17.38148242952012	-16.614348475063306	0.8003628691650306	1.0409820724343284	0.1348100957819754	0.16869369294125378	0.4990657398123165	0.07196004249464795	1.0
828000	-37.779093007826816	-32.51270757653283	-5.266385431293987	-16.33805994774126	-16.174647628791575	1.001832702867241	0.5749448511995534	-0.29943945141935974	1.9166316297530037	1.095909177467345	0.9976249209879491	1.0
829000	-36.95832618107262	-33.468649072423695	-3.4896771086489284	-17.44137240714647	-16.027276665277224	0.6932836156576233	0.9689476044185089	-0.382289887644156	0.7427922614950633	0.9039478177491372	0.34383412408120084	1.0
830000	-38.48468211722861	-35.03472217199496	-3.449959945233649	-18.66724835452261	-16.367473817472344	0.6552414673730439	1.0189322608226814	0.4008762175496384	0.38820930452388225	0.725776127023855	0.6059331525447643	1.0
831000	-35.01043284170314	-34.835377538071725	-0.17505530363141775	-16.659244920646525	-18.176132617425196	0.9655142579331276	0.6008373126924605	-0.08207383891110179	0.026258670375166396	0.8972680468174351	0.03351202987293777	1.0
832000	-37.31893969924892	-34.52418707311093	-2.7947526261379947	-17.06514741833602	-17.45903965477491	0.8529135109590514	1.244707400660634	0.04741488844263461	-0.09805915108018809	2.3193980684531885	0.10188091596017519	1.0
833000	-39.288343992608006	-32.44693176411395	-6.841412228494056	-16.5962302482274	-15.85070151588655	0.8592165195545063	0.8567696805633418	-3.571183934319776	0.9272548411033937	0.9831347717479628	3.222182350944444	1.0
834000	-41.84779672674196	-35.748518081536446	-6.099278645205512	-16.192708589093044	-19.5558094924434	1.3012030698379036	1.645548566398649	-0.7752798632485782	0.1399721022506204	1.6110350756555258	1.2440750392962223	1.0
835000	-40.41371901131471	-35.572153277459606	-4.841565733855103	-17.802946603809378	-17.769206673650224	1.1959806644487867	0.7079102812057777	0.40487823376524373	-0.2267957864219391	3.54094680559905	0.0889507236184771	1.0
836000	-36.45569163355307	-33.82981759832428	-2.6258740352287937	-16.75312867360348	-17.0766889247208	0.8901426437882446	1.2383863642645587	-0.10582576503923946	0.3241998402497688	1.0545738424685165	0.19116450637506263	1.0
837000	-34.78856440715526	-33.76775656991697	-1.0208078372382936	-16.70245727886261	-17.06529929105436	0.9268672607867591	0.845214825786101	-0.0872363163963426	-0.14044901299409704	0.9529576484192687	0.05872385238317529	1.0
838000	-41.801491287708274	-32.59876518872211	-9.202726098986158	-15.683819710524954	-16.914945478197158	1.3158022590816985	0.44737596532973034	-1.9293394551172787	2.838045402140408	0.39299357257045797	1.2955664274471388	1.0
839000	-40.30174197117475	-34.94734691599311	-5.354395055181641	-16.161196237605232	-18.78615067838788	0.874783313237357	1.202344599269719	-0.6800984393684563	-1.0374633187511684	1.6520651331673777	0.36872941153430017	1.0
840000	-40.006311547436596	-31.552202878970594	-8.454108668466006	-15.439502417770832	-16.11270046119976	1.1360925006808618	0.9813477347658397	-1.3248986516193928	0.6399728067269413	0.33030849423396147	0.2047219053144119	1.0
841000	-42.99185692154398	-35.86442188340512	-7.127435038138854	-19.421238947056935	-16.443182936348187	0.7938001739413354	1.1383076605123592	1.249871437557129	0.9030084654292231	0.19164356876536115	0.527079606718199	1.0
842000	-36.04083429139907	-32.94011041460354	-3.100723876795535	-16.28849185981063	-16.651618554792904	0.9399204718949964	1.1079074733506178	-0.3967992118341998	0.280627661037003	1.6365494050500073	0.1543754517600857	1.0
843000	-35.51141694183125	-33.28928216290925	-2.2221347789219985	-16.816330829169594	-16.47295133373966	0.9583631102354873	1.0281352486316786	0.02063228533274175	0.2891585178026609	1.962520055587991	0.0459073026024078	1.0
844000	-38.51176507100209	-36.49559961597643	-2.016165455025658	-17.47736255647441	-19.018237059502024	0.7306453597544454	1.5543991056039166	-0.08709475944660272	-0.03732906626632004	1.1904980186846523	0.10696199187007892	1.0
845000	-36.14246005404894	-33.748809883175404	-2.393650170873534	-16.666306436786506	-17.0825034463889	0.829845221314104	1.1954551546660879	-0.3400701413110186	0.10031318838223735	1.4309788037796969	0.03857190003081561	1.0
846000	-37.34264920929739	-32.470559608790936	-4.872089600506454	-16.414395879890115	-16.056163728900817	1.0097809340001538	0.6301216819013516	-0.23871616850761251	1.5524028657737243	1.2462326925561393	2.6041536618410674	1.0
847000	-37.83616011407125	-33.963398366297284	-3.872761747773966	-17.05104213100576	-16.912356235291526	0.7015528899414353	1.058747932227812	-0.762881646699107	-0.06653541066293811	1.113195010947155	0.9951785751454366	1.0
848000	-37.36279966227705	-33.91048083297049	-3.452318829306554	-17.675347908481577	-16.235132924488916	1.1448020216320403	0.9767489913724722	0.41183365952715156	0.4765409184438312	1.2266186534200416	0.15221173570996877	1.0
849000	-36.69764674177768	-33.71530796242229	-2.982338779355392	-17.186161361780435	-16.529146600641855	0.7325522929123589	1.076565095381924	-0.343670582715352	0.3321379808555496	0.9568100908515982	0.3757778558997639	1.0
850000	-42.47753569032136	-38.13820941094919	-4.339326279372173	-20.420640394959708	-17.717569015989483	1.6293802759264693	1.3407225530152975	0.5310972057535935	0.07699122329911329	0.29069903054609847	0.09405337482976533	1.0
851000	-37.43742721460188	-31.683615177421885	-5.753812037179996	-15.824245475609922	-15.859369701811962	0.8221333718210311	0.9735046306447427	-1.6657110147098724	1.18108832847304	0.7665522671418825	1.0794599224692574	1.0
852000	-36.09748205124731	-34.62007558550591	-1.4774064657414052	-17.11647385096413	-17.50360173454178	1.1251811690935916	1.2895914895475762	0.14999202768559042	0.046571344369485394	0.9946842566393176	0.048424001506970016	1.0
853000	-37.979021144885	-31.928080166513283	-6.050940978371721	-16.214025276542113	-15.714054889971168	0.7728298280417593	0.6754184577948588	-1.3111967497283128	1.8328546204109128	2.321066132628061	1.002384824702512	1.0
854000	-39.01559065002616	-33.45940336183822	-5.556187288187942	-15.351928778648118	-18.107474583190104	1.0517250884466895	1.3959789498409079	-1.4580879203573622	-0.05828011640516845	0.47274895882663004	1.0781274075343354	1.0
855000	-36.84636136344291	-32.716423643343596	-4.129937720099311	-16.24909584923453	-16.467327794109067	1.1132927723672288	1.1108566040274532	-0.3952078131775751	0.5514380115582189	1.2960154125716192	0.6548831688442842	1.0
856000	-39.0867701487102	-35.234320212943636	-3.852449935766567	-18.00286281249477	-17.231457400448868	1.471149088817113	0.6129515871023143	-0.044385432098988625	0.5616834544522571	0.3460793515743782	0.18569453662458907	1.0
857000	-36.17744067306294	-33.83645689106095	-2.340983782001993	-16.231096387501786	-17.60536050355916	1.0948694802814622	0.6346218372338371	-0.3954035929670251	0.18816691429409005	1.1692060540271296	0.17062690850563925	1.0
858000	-37.24462804116551	-31.745252800958607	-5.4993752402069065	-16.039839633229192	-15.705413167729414	0.8077562926652343	0.8089891135206699	-1.2662301669577771	1.2254933711280265	0.6387458165173292	0.7877716557652512	1.0
859000	-44.016690475794775	-38.33465172526878	-5.682038750525994	-16.311949775096473	-22.022701950172305	1.1934165197143862	1.8298348768625028	-0.44474740094814014	1.2675847903924873	0.711566763970563	1.5200936750859255	1.0
860000	-38.66153376714403	-34.511327027710294	-4.150206739433736	-17.95332728182982	-16.557999745880473	0.6935745861900194	1.108947585144819	0.09041604674861659	0.40280712815471764	0.18462126486516667	0.12435999515183577	1.0
861000	-35.997471787433895	-33.19937218955427	-2.7980995978796255	-16.569923810395057	-16.62944837915921	1.1109176723914502	1.1064825890319285	-0.16474429649370123	0.3023991896426391	1.0117105768388117	0.21543854122210743	1.0
862000	-38.29136797393618	-32.2957992379507	-5.995568735985481	-15.598137628288871	-16.69766160966183	1.0972699285725234	1.1875581976019924	-1.022596411144533	0.6792081049918353	0.4808578865878101	0.2541965976633056	1.0
863000	-35.2310447010249	-33.98806606046858	-1.2429786405563132	-17.25508365686243	-16.732982403606158	0.8240484783737254	0.9698313357074407	0.112524125732404	0.009269322500886454	0.906595137771969	0.08253210821183185	1.0
864000	-38.61387838795834	-32.27989994264103	-6.333978445317304	-15.79490287587213	-16.484997066768898	1.1685818063831532	0.633848263368886	-0.8705749003828802	1.0377995803222808	0.2076563266615285	0.6542095980315283	1.0
865000	-36.18022321749309	-33.19450034508682	-2.9857228724062628	-16.818301306156847	-16.376199038929975	0.9485600635275804	0.968131432638365	0.01506978636367691	0.31886392308955963	2.6428807959545177	0.04726226077756546	1.0
866000	-40.33177910232184	-32.97583278010377	-7.3559463222180685	-16.25628942266636	-16.719543357437416	1.4599472704986736	0.5103018362604165	-2.066993332208986	3.7037235695468347	0.8976054076701739	23.262366184915834	1.0
867000	-35.07701908338145	-34.15704814409989	-0.9199709392815651	-17.261155175144097	-16.895892968955796	0.7569909590634781	0.7412190196086642	-0.13208722596308164	0.21413030221709378	1.229665982891684	0.052152707100971286	1.0
868000	-35.160861152427344	-35.44500505514182	0.28414390271447276	-17.01915814239625	-18.425846912745573	0.8582575086791435	0.5827146968947483	0.02612424467064267	-0.010539629217584577	1.5334864942796753	0.030511585040757457	1.0
869000	-36.67698384355462	-32.068353976480466	-4.608629867074159	-16.341917445931458	-15.726436530549009	0.9351754890140053	0.9040938122172522	-0.3580906838754013	1.2189706494464785	0.7999101601296965	0.5710783240581724	1.0
870000	-34.3694740509162	-33.81956138866697	-0.5499126622492307	-16.956068251924883	-16.863493136742083	0.9777113203438675	0.7830453057021195	0.11943927425834322	0.11836293309585806	1.5866504656786478	0.022949609323583878	1.0
871000	-36.35021553383572	-35.20558011522064	-1.1446354186150807	-17.741582511066753	-17.46399760415389	1.4241576314958055	1.250282986838678	-0.05858666147299141	-0.08253534945715191	1.3516761742647883	0.018694507312566198	1.0
872000	-37.788180733595745	-33.26850396289224	-4.519676770703507	-17.154935859093527	-16.113568103798716	0.78393914724402	0.9788323493214577	-0.0981901648953889	0.6338930518233512	0.7399843103225859	0.05634256019725375	1.0
873000	-37.69932418680399	-34.302139376570906	-3.3971848102330853	-16.479651837620015	-17.822487538950888	0.979788871391533	0.5180499282919871	-0.2028127228191152	0.8543317521168518	0.9963672885342842	0.32982680965555483	1.0
874000	-37.51360964601498	-33.04680297798531	-4.466806668029667	-16.026666470849946	-17.020136507135362	1.3324451131983606	0.8165552941219308	-1.059627977866401	-0.06161836210673477	0.8554124881391408	0.7927020770321227	1.0
875000	-35.20503084150782	-33.367244681068016	-1.8377861604398054	-16.64918931326708	-16.71805536780094	0.9086848132053427	1.0891161855253841	-0.15257495168014085	0.1585704278141242	0.37359446855477313	0.026881975311062768	1.0
876000	-38.16942846230943	-34.58379843630012	-3.585630026009311	-16.13104717449082	-18.4527512618093	0.8364501599668486	0.623395793570322	-0.8948468384065561	-0.2515998197417977	1.3319999821708115	0.23892603774183807	1.0
877000	-36.244454418850665	-33.80453300312771	-2.4399214157229565	-16.3336416910106	-17.470891312117107	0.930851260841674	0.7687987598491413	-0.3719346880902217	-0.23651881860736587	0.8003611294270151	0.1687614294171244	1.0
878000	-35.72676997770437	-33.69708338469117	-2.029686593013201	-16.837664095494635	-16.859419289196538	1.2020343792512267	0.7748598669043398	-0.10518866036877855	0.1420248599076297	0.590225461944267	0.11466912500149706	1.0
879000	-39.159873107892956	-31.418266248459243	-7.741606859433715	-15.391355462762203	-16.02691078569704	0.9586034132585208	1.0308320519551557	-1.6428075290985118	1.1095086313738765	1.2754313510090174	0.4152605415893361	1.0
880000	-39.70523607812762	-36.04835753513341	-3.656878542994206	-18.16028007763971	-17.8880774574937	0.7407107177284682	0.955454374835479	0.4659147076547199	-0.7202904379920354	0.879839339576514	0.25844988469435803	1.0
881000	-36.14617273647586	-34.03961340674378	-2.1065593297320806	-17.690973814685204	-16.348639592058575	0.7134084763873694	0.9008748946471095	-0.005818403676326751	0.3406623924384353	1.0931284397773793	0.024112030831851716	1.0
882000	-35.49874627271538	-33.673642111723666	-1.8251041609917102	-16.892287224607607	-16.781354887116056	0.7992810879213526	0.7440439719022731	-0.25842387725358684	0.28736892608017545	1.479924547855878	0.0511343606442713	1.0
883000	-39.36141019940288	-34.818143559665714	-4.54326663973717	-16.84647327285812	-17.971670286807598	0.709234364228016	1.040761469153432	-0.9695672777226045	-0.7617697763445769	1.4679169173667348	1.47560127448131	1.0
884000	-43.78508169480449	-37.572794372858816	-6.212287321945672	-20.717495468348933	-16.855298904509883	0.4264313355181512	1.2270274668570023	-1.5571417303132724	0.8567170464731935	0.4459871929574375	0.6397180286455367	1.0
885000	-38.30801959381934	-33.20361631355872	-5.104403280260621	-17.372164757898926	-15.831451555659795	1.2763640985196167	0.7694237040511342	0.0675549074081617	1.1157355571469956	1.0061937900755922	0.23356247067456362	1.0
886000	-38.483124022028626	-34.174146051141385	-4.3089779708872396	-16.042907724899294	-18.13123832624209	0.9214266968902555	0.7752945349585274	-0.6678589807123088	-0.6202657370802755	0.5120493801950355	0.2545281100855691	1.0
887000	-36.92219952893961	-32.2070709125404	-4.715128616399205	-16.292501580375752	-15.91456933216465	0.9422114246793831	0.9955758350669646	-0.3899564186984469	1.1894929366535343	1.0810783531793284	0.4526297715096315	1.0
888000	-39.926012519027964	-34.630403625072496	-5.295608893955466	-16.668527957419123	-17.961875667653374	1.5025944079523232	1.4048466063919052	-1.1000737756739234	0.22769517464154698	0.44442992525538216	0.5771770345873496	1.0
889000	-36.79195269701408	-33.36460880621276	-3.4273438908013265	-16.705294995531702	-16.659313810681052	1.311011830536382	0.9969013322389929	-0.3949317210959611	0.08090900063305595	1.1820275215500922	0.3562224950617979	1.0
890000	-36.201496923864944	-34.173670833808586	-2.027826090056357	-17.301269721841468	-16.872401111967115	1.3470755709071867	0.8966960262295084	-0.11257845033333436	-0.07054269188589726	0.8032613148870792	0.11950677388964058	1.0
891000	-39.554877727612094	-35.4400701333566	-4.114807594255497	-18.147194832185267	-17.29287530117133	1.0074351127762375	0.6939237980916436	0.7397116955992018	0.11655512603629092	0.3924936714068823	0.24370699270365204	1.0
892000	-36.821764705990546	-34.40119100222296	-2.4205737037675874	-17.18741217906768	-17.213778823155273	1.3414751098088138	1.2131181626889227	-0.16405966936692457	0.02781366756899567	1.7764459287023853	0.04417643152661498	1.0
893000	-35.31004446884953	-34.52494722879562	-0.785097240053916	-16.94484670406492	-17.5801005247307	0.8017308184916322	0.6534218775684496	-0.20233927978646138	0.11052811528859785	0.9068344665076226	0.03834853818302579	1.0
894000	-36.69850848288421	-34.736038721801854	-1.962469761082352	-17.044983067563898	-17.691055654237957	1.3447791465624608	0.6645865247894006	-0.2553972077052926	-0.00902310490107816	0.8020617187044323	0.10724061465089331	1.0
895000	-35.780130486916164	-32.44887233735652	-3.331258149559648	-16.191979698952697	-16.25689263840382	0.923335115425334	0.8017081627902675	-0.5135827530697421	0.5561128679154237	0.9467599521814074	0.2758660656940851	1.0
896000	-35.83040563960756	-34.15206358457429	-1.6783420550332662	-17.036666741121522	-17.11539684345277	1.2456214835275528	0.8947784663462032	-0.05955472182329055	-0.23204536845887233	0.7810539006438111	0.061107330426313625	1.0
897000	-38.817766777593384	-32.87004839126265	-5.947718386330733	-15.691187938901658	-17.178860452360993	0.8955662562799213	0.5099983420325489	-1.251641449286871	1.4486629714865524	0.3823022397582389	2.500621603377641	1.0
898000	-41.751222638132205	-33.767484119787625	-7.983738518344579	-15.469078543040087	-18.298405576747538	0.9268073209351276	1.4703634460369972	-2.3092928503806047	0.405648543447023	1.6193703509338235	0.7950104145990273	1.0
899000	-36.233449740219264	-32.29080822398291	-3.9426415162363577	-15.965133675210973	-16.325674548771936	0.9683305119948918	0.8641923994673283	-0.6592831214921893	0.39076947070911094	0.6224730847471283	0.6439929702396774	1.0
900000	-37.59061363903234	-35.51288897106105	-2.077724667971289	-17.639552050499027	-17.873336920562025	1.3830748325321276	0.629039293277341	-0.01420621050260329	0.05170959824639111	0.7300431989756775	0.15447956268531016	1.0
901000	-37.63772652599266	-33.623331143774706	-4.014395382217956	-17.133744704578994	-16.48958643919571	0.7697704014577743	1.0541916309278085	-0.17955179112258207	0.32170411774737806	1.5672245244538499	1.1719437215196704	1.0
902000	-36.53695290502355	-33.39177166961325	-3.1451812354102975	-16.574634378593135	-16.81713729102011	0.9057239916887362	0.8127265191705577	-0.21570715928294115	0.08472675287474574	1.4375930784003363	0.6184043597929877	1.0
903000	-37.14325833491092	-34.76733254886115	-2.3759257860497676	-18.212339030256185	-16.55499351860496	1.3885626163300766	1.0253228515437915	0.24330965559948514	0.20287489762392447	0.6243665743402154	0.07725161006470456	1.0
904000	-36.57050219995361	-32.305994571360245	-4.264507628593362	-16.548344479720644	-15.757650091639599	1.0698294234555512	0.8591555142058384	-0.1519036443724922	1.0808002944779411	1.0224730695218138	0.4982259774194376	1.0
905000	-34.73564489534561	-33.88089410785908	-0.8547507874865303	-16.77013508507425	-17.110759022784826	0.9500616073224819	1.1069967614798744	-0.01645207099874746	-0.15309889421905526	1.0864784597837467	0.03299040457766003	1.0
906000	-35.78560299226697	-32.73257982239271	-3.053023169874262	-16.130972612275826	-16.60160721011688	1.1300896599482126	0.93379168384836	-0.5046287022734247	0.11298539547890518	0.7316312420891554	0.2123786456439617	1.0
907000	-37.80640905851968	-32.64599684540045	-5.160412213119227	-16.170466434663506	-16.47553041073694	1.3436059790647201	1.012522673789255	-0.9341954410852331	0.2636447452881087	0.37148486074978965	0.25940400850680495	1.0
908000	-35.40515256365389	-34.25569991191624	-1.149452651737651	-17.590099815905813	-16.665600096010426	1.33581097238522	0.9875398532430024	0.06288030538503397	0.06997697381697301	0.865463555007584	0.04573250429700511	1.0
909000	-34.69359903623913	-33.42902524642261	-1.2645737898165188	-16.547768387111955	-16.881256859310653	1.0959399740497353	1.099039782762551	-0.16783450719679	0.024993780351219685	1.0495550416155308	0.045056037005180134	1.0
910000	-38.61545808763271	-34.31047867345112	-4.304979414181588	-17.10249459331557	-17.207984080135553	0.7393973177799489	0.603034697239489	-0.38140365953852984	0.641014575237275	0.33342611347617407	0.1826602188280011	1.0
911000	-36.1960560155821	-35.62293100791099	-0.5731250076711083	-18.53139949008597	-17.09153151782502	0.6128121493044111	0.7517920887705314	-0.060648071872959064	0.04809896595853265	1.1248015136948597	0.07390426861574867	1.0
912000	-38.04142215426269	-33.70303501134043	-4.33838714292226	-17.058826753024455	-16.644208258315977	1.007254644405466	1.1830281735922217	0.18471653884701655	0.8462605157165194	0.5622729605324595	0.24843264130562628	1.0
913000	-40.64576008412887	-35.64088997575911	-5.004870108369761	-17.930172557064118	-17.710717418694987	0.7455898821748632	1.2838245433666964	0.3301190628840587	-0.18702888993569033	0.5060285589777932	2.1032944925597974	1.0
914000	-38.36117246051893	-33.106193606374134	-5.2549788541447935	-15.949174050885018	-17.157019555489118	0.9411046339173578	1.257078900193185	-0.7244396158969492	0.3263162200893402	0.22197116263172745	0.22096074582657896	1.0
915000	-35.932927124707454	-32.627594198083656	-3.3053329266237954	-16.09636971754464	-16.53122448053902	1.160174756741145	0.9112807407868776	-0.5688260097579922	0.17775190727100645	0.92758209884936	0.11211708650761873	1.0
916000	-38.86738117342481	-35.078548055919306	-3.7888331175055043	-16.61716427354706	-18.461383782372245	1.2079958823884542	1.496090275590005	-0.2528576497812361	0.5390889236893919	0.9405976505092901	0.2119694737863292	1.0
917000	-38.63036834983464	-35.95653367158697	-2.6738346782476747	-17.76711101300544	-18.189422658581528	0.680293081512502	0.5809040000023329	-0.16565826819525956	0.1388427822549349	0.24491176408915571	0.07414884257617729	1.0
918000	-36.957518961931676	-33.14559828650479	-3.8119206754268857	-16.29542415076238	-16.850174135742417	1.2850932685576457	0.7825211802740284	-0.6416156065649009	0.1290155697895681	1.7579156502917737	0.24498644660382088	1.0
919000	-35.41331562797071	-33.50976197787939	-1.90355365009132	-17.004334563194007	-16.505427414685386	1.1105835716881776	0.8402063793425202	0.10137842877674497	0.2702410869903882	1.0597271984093308	0.10007548581989201	1.0
920000	-37.40275109665931	-33.91577053570549	-3.4869805609538176	-17.75141631380529	-16.164354221900197	1.3695121273091984	0.8518708871232834	0.07142417362218079	0.5580470337036194	1.3737182614531254	0.10971363742328717	1.0
921000	-37.74568465209949	-33.70063066976108	-4.045053982338407	-16.84061576201996	-16.860014907741125	0.7599865084186345	1.2269938436971153	-0.5179085006754366	0.77235000170507	0.9113369483076665	0.3209733134809735	1.0
922000	-37.42626679948813	-33.336649555059864	-4.089617244428272	-16.988282224855148	-16.348367330204717	1.4344615016921447	0.8229279455612246	-0.5336274595400929	0.43111914058427403	1.462344217341228	0.43708931164483955	1.0
923000	-36.20003433624224	-32.95325099272131	-3.2467833435209297	-16.538873444460297	-16.414377548261015	1.2513494123843623	1.030956005983831	-0.38233843929758204	0.35759052612016784	1.1972691948976164	0.17204402010288405	1.0
924000	-35.11234640337326	-34.10797018242287	-1.0043762209503888	-17.03644125826994	-17.07152892415293	1.0204028246146202	1.134047395116477	0.16994556435094135	-0.06840768994180113	0.6873315322832826	0.02099575586468879	1.0
925000	-40.97354734525014	-35.63873933451505	-5.334808010735092	-17.65519713475621	-17.983542199758844	1.6708850307876333	1.2991274428595663	-0.9853901729867747	-0.36136104760842946	0.5226197143833465	1.2124980995787078	1.0
926000	-38.3655191678007	-32.00448558453098	-6.3610335832697125	-15.382640888551741	-16.62184469597924	1.1295758564870615	1.1676368138730622	-1.4414364035725185	0.6575483072466883	0.5076400800886464	0.44737056438149053	1.0
927000	-36.69731767681259	-34.09701981113469	-2.6002978656778977	-16.981559665602504	-17.11546014553219	1.0649665193695554	1.2440702229975111	0.12146962738597877	0.3011482867596383	0.8120585314882043	0.153866634489425	1.0
928000	-35.96037169557601	-33.25532795291601	-2.705043742659998	-16.834447713092022	-16.42088023982399	1.1270113554314127	0.8785895243148004	-0.013137078240870625	0.2927944863644355	0.5089141590974047	0.17339855297343781	1.0
929000	-35.3382800381158	-33.88254067176954	-1.4557393663462554	-17.019232614771255	-16.863308056998285	1.1439451495767305	1.1252699502405872	0.07611960722378242	0.10264066020592516	0.9456839658261279	0.06265563769388159	1.0
930000	-39.01342088943074	-35.043563744194564	-3.969857145236173	-17.56456932713218	-17.478994417062385	1.340879697385732	0.6273045665578514	0.03956466023262971	0.30885176361231226	1.025543607202923	1.1286417984275343	1.0
931000	-36.90844401881521	-33.529445616142354	-3.378998402672859	-17.043342572179085	-16.48610304396327	1.0774456571626831	1.0894791042034493	0.1493433852628515	0.42748534413950523	1.6698239840809426	0.21847061774192383	1.0
932000	-36.257610084563666	-34.182590235837374	-2.075019848726289	-16.69280723309123	-17.489783002746144	0.9876749244783513	1.2861304716159205	-0.047931733861142634	0.04497186164162667	0.790824006856121	0.1291052919187881	1.0
933000	-36.57692749976089	-32.79062360122232	-3.786303898538573	-16.256621731476482	-16.534001869745836	1.0820922745809758	1.0074893001879253	-0.36816891287219566	0.20124080185734455	1.9152661585182047	0.3711602110281725	1.0
934000	-37.43610418305643	-35.242095984142345	-2.194008198914083	-16.61392209972099	-18.628173884421354	1.0057407571065986	0.520842412706004	-0.09700094069155615	0.3083239915930813	0.7763870965348582	0.203528131082716	1.0
935000	-35.036429001224086	-33.61585875482033	-1.420570246403758	-16.800587257999453	-16.815271496820877	0.8631337622248881	1.0736468521896103	-0.12672296884330142	0.036998224556778245	0.8669567911029311	0.08318426527587582	1.0
936000	-35.76867049414484	-32.70600928770418	-3.0626612064406635	-16.151070136997998	-16.55493915070618	1.0018719463879544	1.0675379249723613	-0.4524840959966685	0.27980089894160753	0.6826831173236596	0.1548440035420587	1.0
937000	-37.82188230570924	-34.544913636935135	-3.2769686687741038	-17.789629582218183	-16.755284054716952	1.1582987923805292	1.0014399927724562	0.4487030898226334	0.004981772836103432	0.6289319531325437	0.30986613831089993	1.0
938000	-36.894817975277014	-34.47459973852335	-2.4202182367536604	-17.82449400171997	-16.650105736803386	1.2461861646853838	1.0177213828177925	0.33844519418603264	0.10657319073655239	0.6377555279148482	0.05745005991430987	1.0
939000	-35.861895441437106	-32.33095586167572	-3.530939579761389	-16.090847546221593	-16.240108315454123	1.0421633726475767	0.7845356216235873	-0.49270136111623153	0.6127926857680616	0.8717300945243059	0.30477874638035224	1.0
940000	-36.799782869308395	-33.68538164809144	-3.11440122121695	-16.455695986787838	-17.229685661303606	1.2809149814841307	0.7929937310992944	-0.504610771680621	-0.1473782309191375	0.6944596756531635	0.21588494462989796	1.0
941000	-37.33806638860098	-31.41782745758157	-5.920238931019407	-15.275018879251046	-16.142808578330524	1.0836201971735993	0.5521512034751697	-1.7943572014473077	2.348722923740036	1.1046323964066178	4.298186784974075	1.0
942000	-37.33497567499539	-31.95810767360922	-5.37686800138617	-15.27742154615529	-16.68068612745393	1.0307207359907415	0.5859338500223681	-1.8676566026547163	1.1970705992842927	0.9627294800536429	2.7571011875750004	1.0
943000	-35.74651682567393	-33.74778642923877	-1.9987303964351602	-16.86201347827333	-16.885772950965446	0.7989037415529502	0.8587024146145568	-0.2872243331497607	-0.039264012581671004	0.9830121163652825	0.17499890211079716	1.0
944000	-37.34384209062661	-31.713744461588455	-5.630097629038157	-16.073909104982402	-15.639835356606051	1.0567328746266604	0.6971161930794723	-0.5083130500974675	1.8965933344210792	0.7133131725309225	1.0750610128261582	1.0
945000	-39.60645803852042	-35.42566864230824	-4.180789396212183	-16.632308478222765	-18.793360164085477	0.9800031224154295	0.8093464493277074	-0.09265418895576605	-1.0164993958881547	0.810616500396415	0.8980062844239678	1.0
946000	-34.33343845688454	-33.36015914531526	-0.9732793115692786	-16.65586213616585	-16.704297009149407	0.8847523326433615	0.8942546072097848	-0.1919812103240483	0.05308769964440646	1.1724414777683656	0.04727099322026401	1.0
947000	-36.81801508009504	-33.50556879595658	-3.3124462841384616	-16.854389222666445	-16.65117957329013	1.2323704957952284	1.0246918252190675	-0.14359600968280764	0.11319115034350079	0.8280344566123224	0.4451663520966267	1.0
948000	-33.484927461382526	-33.374466967607916	-0.1104604937746132	-16.591724564367333	-16.78274240324058	0.960894071186963	0.8922596474824877	-0.13356538447520008	-0.0030082859079647354	1.0147174876149223	0.015955451398215168	1.0
949000	-35.477717802709215	-33.353627915512334	-2.124089887196879	-16.621330422336413	-16.732297493175924	1.0773152961871586	0.7422826820698752	-0.10720170425066744	0.32932402762731494	0.7726723980380011	0.11638751009091751	1.0
950000	-35.871607353340266	-34.28914490525253	-1.58246244808774	-17.211027821228853	-17.078117084023674	0.9017112721959222	0.7225579784805383	0.2251969818409491	0.15121378201866204	0.7608558146345978	0.0841636010991755	1.0
951000	-36.97893679841525	-34.27126507292091	-2.707671725494338	-16.577659410052902	-17.69360566286801	1.1191252927980848	0.8172034293402297	-0.16685066908675839	-0.47104540132521255	0.9168466703823737	0.11848415225313604	1.0
952000	-37.31950692466571	-32.4816716915697	-4.837835233096006	-16.487875533575046	-15.993796157994655	0.7539245662900784	1.0171411776902355	-1.0247053666272476	1.063150152118321	0.91871144895322	1.8447492412866728	1.0
953000	-36.51513415019987	-32.63713045879676	-3.878003691403109	-16.210953334928146	-16.426177123868612	1.099874732067567	0.8374307540987364	-0.41453666076505086	0.33975227552993437	0.9016834881519447	0.04509291378045427	1.0
954000	-35.43402485863409	-33.211428270813954	-2.2225965878201346	-16.517681339655763	-16.69374693115819	1.0891881285579217	0.9002404421574558	-0.18356859130156616	0.05648948421193568	1.1731611542974645	0.17652710825571538	1.0
955000	-38.20450911374025	-31.37506012148729	-6.829448992252962	-15.41702824311323	-15.958031878374062	1.199143469769468	0.5877749028359006	-1.6294319872254899	2.7630076557565353	1.8146528259882169	2.582881192225802	1.0
956000	-36.530833605075976	-32.42523499389378	-4.1055986111821925	-16.173159566148147	-16.252075427745634	1.0242019340063342	0.7374936475987354	-0.4251094175975283	0.7462473012865842	1.4530903412372804	0.16215119414315324	1.0
957000	-40.449284159527245	-34.21892785704179	-6.230356302485453	-17.232139448298867	-16.986788408742928	1.6558362634384365	1.2408405750516955	-1.4968104245678155	1.1454963734134327	0.7621091325644079	2.6233518970790346	1.0
958000	-36.59346642728525	-32.93193890933106	-3.6615275179541875	-16.219589306861085	-16.712349602469974	1.0576427881817336	0.6472821014448457	-0.38785365667805827	0.7574130977564041	1.4914281162856016	0.24051663002153112	1.0
959000	-35.901473187754256	-33.89704794065469	-2.0044252470995705	-17.171131572181466	-16.725916368473218	1.150489295874064	1.0096981645967418	0.15209118405752176	0.03475306451491916	0.3469459396703047	0.0535352532280527	1.0
960000	-35.94359772537742	-33.38140739573967	-2.56219032963775	-16.759035209240643	-16.62237218649903	1.2111112561038702	1.0750195370422009	-0.1671810243129584	0.22467910578312442	1.018135120881552	0.16431077078386266	1.0
961000	-36.839610415470084	-31.36964490735175	-5.469965508118337	-15.536779206611014	-15.832865700740735	0.9174456868356482	0.7475180221208475	-1.4614391826092765	1.1885380553884644	0.6824018245890482	1.060652584858066	1.0
962000	-35.408170257806304	-33.52414129865427	-1.8840289591520318	-16.4918177489312	-17.032323549723074	1.1206721566805273	0.720889503418799	-0.22592559443695207	0.1881877902617386	0.5622607504815201	0.04204337643359636	1.0
963000	-36.013957181284475	-32.64227004061604	-3.371687140668438	-16.301356171167093	-16.340913869448944	0.8979682449495148	0.9821037778316113	-0.46740654758560074	0.3660545754977257	0.8193648255337587	0.4513125839678568	1.0
964000	-38.94600068773287	-37.161110550066375	-1.7848901376664943	-18.0950740485749	-19.066036501491475	1.4401448982901457	1.57109195146625	0.07546188129650921	0.07089177509363623	0.6425076094912971	0.05090590058871323	1.0
965000	-37.07344583628123	-33.69106221600853	-3.3823836202726985	-16.411777008101343	-17.279285207907186	1.12206752713578	1.2759561270539916	-0.282939987223047	0.26546417516544696	0.38137561353057164	0.17959416422141697	1.0
966000	-39.28250475556112	-33.78901126240943	-5.493493493151686	-17.050548717203142	-16.738462545206286	1.6140200365476025	1.0240698163165334	-1.3761762958755508	0.03709411686135644	0.9262894513006613	1.5865509192705165	1.0
967000	-36.164904055194604	-33.216519435758116	-2.948384619436488	-16.494356216358035	-16.722163219400084	0.8191371529500276	1.0507396145137338	-0.5534657539291874	0.0837831004993137	1.2061768220447362	0.24297958087720928	1.0
968000	-37.543956197866976	-34.49716184590595	-3.046794351961026	-17.346308445566248	-17.150853400339706	1.0432141465697686	1.2533656496666483	0.3344303882431674	0.3091790109365542	0.6005992065031622	0.1573815633541156	1.0
969000	-36.351426953675976	-33.874301667538816	-2.4771252861371575	-17.577797987399922	-16.296503680138898	0.7323695768018756	0.9617835242242092	0.006559100045008939	0.3952714507035918	0.5990920638332657	0.0473855672492966	1.0
970000	-41.3361963748217	-36.205776305201425	-5.130420069620271	-15.916274456798005	-20.289501848403418	0.8784553575539839	1.7424404689500343	-0.9711666589830703	0.09793715857490604	1.4276757221159264	0.5239659222082915	1.0
971000	-34.993354322803626	-34.27443415807702	-0.7189201647266026	-17.544721744649575	-16.729712413427446	0.7586540967126938	1.062170720069775	0.10424756958744716	0.09479001886773959	0.9319935168587941	0.040744360773932335	1.0
972000	-36.638072557955894	-32.246693190606145	-4.391379367349751	-15.535438074297522	-16.71125511630862	0.9583139079174977	0.7694318098643582	-1.259072266128261	0.2636427151605165	1.1822471914659702	1.0921089375835054	1.0
973000	-35.80932423463715	-33.63272351689726	-2.1766007177398916	-17.067166030756898	-16.56555748614036	0.9360887275424431	0.9918635409785386	0.16721903600420518	0.1584698602552856	0.9881522769244355	0.17522765361603243	1.0
974000	-40.89546465203601	-36.67497921017272	-4.220485441863286	-16.888588933178394	-19.78639027699433	0.8541164409374312	0.4278151278977786	-0.08062067822325898	0.5310085116185137	0.25038214736429115	0.07855898530572747	1.0
975000	-35.420564265681364	-33.321875516966244	-2.0986887487151185	-16.361181876274042	-16.9606936406922	0.9884918539828588	0.928372516211218	-0.2879823483920318	-0.15158096581378272	0.5868669197063707	0.04669393416023904	1.0
976000	-35.587512216563795	-32.94223009657506	-2.6452821199887366	-16.724847285641903	-16.217382810933156	0.946662932653164	0.9625190047506995	-0.05061106704087899	0.4818189378732227	0.8457028343892028	0.11959544453817592	1.0
977000	-37.90916486988979	-33.98379068631253	-3.925374183577262	-17.938606956099825	-16.045183730212706	0.636545936240556	0.866335881686999	-0.4105924761488726	0.669973864224582	0.5302586563243571	0.1748574170598772	1.0
978000	-34.35973805222179	-33.397233156294945	-0.9625048959268465	-16.5466375890473	-16.850595567247645	1.0664386513026636	1.002478791391252	-0.15150700384811167	-0.06902443559642289	1.438536815311147	0.025569189891468773	1.0
979000	-37.01652002688532	-33.45133709473235	-3.5651829321529673	-17.03121760783558	-16.420119486896773	0.7467519278337865	0.6997763107591053	-0.40505078657514737	0.7437674429244981	1.3929142225080802	0.16450736415234596	1.0
980000	-40.13278874987677	-34.23307084017269	-5.8997179097040835	-16.856766695844247	-17.37630414432844	0.7319060492333704	0.9614876528280578	-0.7152532075213269	-0.4303012673561053	0.3653522921171299	3.8112726597732465	1.0
981000	-38.385837684333126	-31.726414007933027	-6.6594236764001025	-16.08056099096741	-15.645853016965617	0.7733872131117588	0.6874302597661633	-1.6944505245998407	2.2682291176950735	0.4163195127341665	6.018291137314378	1.0
982000	-37.80762895068098	-35.93299747068636	-1.8746314799946162	-19.201417536735995	-16.73157993395036	0.5719207127488697	0.7091544430870629	0.11063728604672451	0.44907288243550125	2.0424131679091353	0.07288849842357971	1.0
983000	-34.691753454888705	-33.60224840084214	-1.089505054046559	-16.85665423333814	-16.745594167504002	0.8932681980462487	0.9423396612353818	-0.024044980753710976	-0.0010455272247455738	0.9866956512922324	0.07500450832673095	1.0
984000	-37.23410486433795	-32.602818840534376	-4.631286023803573	-15.84226494745666	-16.760553893077713	0.9273233297484286	1.079467172124507	-0.8856806654899486	0.09722481391425541	2.0775501135904735	0.4606434065075098	1.0
985000	-35.982556054051386	-33.5905709123968	-2.3919851416545868	-16.989250830701813	-16.601320081694983	1.0201529686081363	1.0851658729922335	0.1421589078808937	0.27240768925669	1.582937197816938	0.09444135127323723	1.0
986000	-36.696283230420356	-33.625041850517405	-3.0712413799029505	-16.294020587445548	-17.33102126307186	1.02160820108625	1.2922145468801505	-0.32808543432789933	0.30614318595570233	0.593988441808674	0.16870534430222617	1.0
987000	-37.272719974492674	-33.549482307898636	-3.7232376665940343	-17.106998385354707	-16.44248392254393	0.9705460087522829	1.1219993444021223	0.20922411371206306	0.6769946889420184	1.0689387248686382	0.4727912451274606	1.0
988000	-37.16114655314742	-32.77628339617564	-4.384863156971777	-16.991512449931207	-15.784770946244432	1.1733959758954278	0.9005137428899179	0.024727400133216282	1.055490199270526	1.0289846537639569	0.4073563075375335	1.0
989000	-36.69302517536125	-34.61875399672405	-2.0742711786371975	-16.615423516680245	-18.003330480043807	1.2181997675316347	0.6153186421998424	-0.27059976859530305	0.04697235808489142	1.1292638868926137	0.1612301834674369	1.0
990000	-37.285905698624745	-34.13003999098659	-3.155865707638154	-16.882967321252345	-17.24707266973424	0.7791773368574445	0.6967338440230507	-0.3620126660781746	0.1352384754469944	0.5909936189686145	0.464429071458243	1.0
991000	-34.91195176727339	-33.55001798906872	-1.3619337782046732	-17.00713307695812	-16.5428849121106	1.079267479130235	0.9569386339908093	0.12750199151610137	0.16186210849651056	0.7539460485869535	0.049580732941754684	1.0
992000	-37.63516021087587	-31.576724045455933	-6.058436165419938	-15.742581596634539	-15.834142448821392	0.8486792959855808	0.8225844129630262	-1.5341857200369113	0.9891907691781807	0.7338377427408652	0.5657996572416375	1.0
993000	-37.679534966574934	-35.19478746787435	-2.4847474987005818	-17.360650337588243	-17.834137130286102	1.380100731248846	0.6625489051912433	-0.15545117615713164	-0.08544915687545485	1.2270351070696643	0.2181782177814503	1.0
994000	-36.81892304495555	-33.718795172917766	-3.1001278720377785	-16.637194668730395	-17.08160050418737	1.034184391651107	0.8319526003974974	-0.08109399784134036	-0.12974221627799548	1.5370106711428713	0.46224314351267526	1.0
995000	-36.21366635579937	-32.66492927726721	-3.5487370785321577	-16.582766005185793	-16.08216327208142	0.8157058454806092	0.834194431372273	-0.47835816610950904	0.6672476679807609	0.8059556191442394	0.25957029792172304	1.0
996000	-38.72242713823696	-33.71204217094062	-5.010384967296342	-16.878889138739567	-16.833153032201057	0.674694511665718	1.184966704147498	-1.5220434180556546	0.37023934274704595	0.9810759201017377	0.8008813862979272	1.0
997000	-37.213889505068124	-32.4267455810639	-4.787143924004224	-15.548869081170286	-16.87787649989361	1.2000434626527934	0.8133949206975656	-1.281348006467462	0.04086467993703036	0.8179874877128374	1.321065593552034	1.0
998000	-36.690916424052965	-32.876618617126	-3.814297806926963	-16.40486081933406	-16.471757797791938	1.0137338589614904	1.0950762077589176	-0.2449350016094906	0.4694091218397833	0.7178666831338573	0.05022349335679402	1.0
999000	-36.19632590632658	-33.82473711884026	-2.37158878748632	-16.82454701063447	-17.000190108205796	0.8517776766386321	0.6596976355215661	-0.13659095484240702	0.469790745110946	1.410781853985516	0.24866289162389374	1.0
1000000	-36.43167449837627	-33.545450865573436	-2.886223632802828	-17.377146598948748	-16.168304266624688	0.7556546286223804	0.8256961330455242	-0.04122893004049577	0.5929685021465726	1.175933035366853	0.0942089762550034	1.0
1001000	-37.94020067927531	-35.157493007913104	-2.782707671362205	-17.381144401272355	-17.776348606640752	0.8169363878786192	0.704255004020013	0.18203229908082583	-0.21795135617228145	0.2567610458501759	0.05548537024323417	1.0
1002000	-37.156615427804674	-34.67141438405892	-2.4852010437457506	-16.431849128640906	-18.239565255418018	0.9270903402616977	0.6354154973335704	-0.2954106011414521	-0.1927991383025626	2.2873320545407054	0.2077661089405061	1.0
1003000	-36.061728563509206	-34.95936424057477	-1.1023643229344322	-17.455343715142646	-17.50402052543212	1.2746949615737013	0.705179463623848	0.11307572027626225	-0.059427553041584966	1.0335195643441255	0.05738385213164779	1.0
1004000	-40.00028505180653	-35.36284665578043	-4.6374383960260985	-19.088974518243827	-16.273872137536603	1.860580625645534	0.8742361738107057	-0.7965988329083151	0.4282508910994405	0.6465553439213118	0.30012409009228025	1.0
1005000	-36.4190506818735	-32.14008800123952	-4.2789626806339776	-15.737778798113576	-16.402309203125945	1.1614902131648999	0.7729231807517428	-0.9238528104739439	0.4991875505182031	0.7706637001596232	0.4450036800491145	1.0
1006000	-41.85129698894279	-37.181231553031424	-4.670065435911365	-19.466674070682487	-17.714557482348937	0.8784663738393012	0.5854985794058869	1.315238709740489	0.40553548827930075	1.2659577023866735	3.161008938299802	1.0
1007000	-36.3114472996562	-33.71007616067767	-2.6013711389785317	-16.708652973984517	-17.001423186693152	0.8166289571236479	0.7771664007528992	-0.3527489986681131	0.03849727169830855	1.0610175598445952	0.37673828571402845	1.0
1008000	-37.58915537947309	-31.165043950944447	-6.424111428528644	-15.346001728258408	-15.81904222268604	1.0171009371355013	0.7567037995751663	-1.529067771371805	1.1754716339611473	0.3850544665035582	0.873121689460648	1.0
1009000	-38.39325847806121	-35.38532412357104	-3.0079343544901733	-17.19107347942931	-18.194250644141732	0.7581704176714985	0.6025412499386619	-0.1872158822638229	0.0059148569246598726	0.508930791507784	0.3996226144583154	1.0
1010000	-39.541691116910556	-34.32720659529714	-5.214484521613415	-17.477092409267286	-16.85011418602986	1.636058434222268	0.8538365194361646	-0.9641848964334067	-0.007870486599614784	1.560346038341664	0.2825484295973136	1.0
1011000	-36.74281267195789	-34.2080453267876	-2.5347673451702972	-17.417859454823677	-16.79018587196392	1.0939586009145659	1.1029995436629076	0.3375031989458698	0.11913063232710386	0.7170893791505553	0.035934227319626616	1.0
1012000	-35.62183290740811	-34.00444757760928	-1.6173853297988372	-16.86036350813845	-17.144084069470825	0.9979215486435963	1.0599858874952477	0.06380442031885836	-0.24068483404183025	1.4521759786426218	0.036080733177002076	1.0
1013000	-35.27640450475038	-33.22848072236661	-2.0479237823837675	-16.3583823361613	-16.87009838620531	0.9470332591541529	0.8039620658153382	-0.32785122714635084	0.06566127432118718	0.8613817754159313	0.13310322606090555	1.0
1014000	-36.08899666094362	-34.558626328300775	-1.5303703326428484	-16.86096028327913	-17.69766604502165	1.1636225573063783	0.7343538843665347	-0.038469951686783424	-0.27247162459160934	0.8339849228421163	0.04665709308057629	1.0
1015000	-37.06336495444702	-33.6016689449783	-3.46169600946872	-16.784738613778515	-16.81693033119979	1.3772479900738337	1.1474360486509476	-0.5088222902516526	0.2209854066509142	0.8015837300362184	0.19810838226092609	1.0
1016000	-36.6315738116079	-32.58844795100664	-4.043125860601255	-16.221110647773877	-16.367337303232762	1.0908975778118295	0.7464430795440187	-0.4007096214032324	0.6100336659188448	0.6183964877549673	0.7975949595269938	1.0
1017000	-37.00640332431648	-33.40183515223228	-3.6045681720842007	-16.580603169121627	-16.821231983110653	1.3614477307544546	1.0016010353855331	-0.6167527722669774	-0.046916458836001984	0.6254537122641505	0.20973522112681425	1.0
1018000	-35.42319034042706	-34.34795596497226	-1.0752343754548073	-16.95124420669313	-17.39671175827913	0.9771805344485837	0.696126949520045	0.11627591000856233	0.04145864344799041	0.7406069793579309	0.06601328326931712	1.0
1019000	-39.79933146379208	-37.02389151174136	-2.7754399520507165	-20.485863441916614	-16.538028069824747	1.8170382035582955	1.0415709802121673	0.07217424252973015	0.24479056013898715	0.47914027689051003	0.11118924472525121	1.0
1020000	-39.04554883698604	-32.1558636299377	-6.889685207048348	-15.745376830271535	-16.410486799666167	1.2975670585557901	1.1201238644622302	-1.3346041241677506	0.743786766316216	0.7009094456957675	0.3042413328210064	1.0
1021000	-42.713606684289516	-36.45421364948971	-6.259393034799806	-16.657433358784864	-19.796780290704845	1.0722879165253218	1.1008188566271555	-0.0809499330683344	-1.572369521585687	2.1325368979259434	1.9417764394532193	1.0
1022000	-35.6730285627502	-33.67365307181693	-1.9993754909332706	-16.990764349120962	-16.682888722695964	0.9534831069052624	1.0795995243800707	0.13065677556137992	0.17273368605662026	1.5132705012460277	0.09760136906770431	1.0
1023000	-39.12300659949308	-34.17290104040119	-4.950105559091886	-18.130684114942316	-16.042216925458877	1.194942254450076	0.9324569126731616	0.5504140988267219	0.6696333717337241	2.0062643251547985	0.7852224546891787	1.0
1024000	-37.14798254110424	-34.05966206063502	-3.088320480469218	-16.629458572198192	-17.43020348843683	0.8345426975076067	0.8840901410145374	-0.35646478566617285	-0.4156992866657915	0.8927915414554581	0.41984787545482427	1.0
1025000	-35.26754664672972	-33.44982409660656	-1.8177225501231593	-16.58091976784974	-16.868904328756823	1.2052892331908933	0.8343797518279907	-0.27257067759426457	0.008791122544229625	0.6271003237703402	0.053583880843062745	1.0
1026000	-35.46843193710794	-32.63324126865098	-2.8351906684569594	-16.236993121251825	-16.39624814739915	1.0988819775254524	0.8569324777515201	-0.3935130336960099	0.33737748801179185	0.8699082187954739	0.16912866785787156	1.0
1027000	-36.52087720054647	-32.54880855529029	-3.9720686452561793	-15.760224363805623	-16.788584191484674	1.0006244186822568	1.1069983016559815	-0.8431256414541664	0.1303621042700585	1.1297553779256284	0.32177904532510393	1.0
1028000	-37.62188893616812	-34.469248154771364	-3.1526407813967534	-18.1827949649251	-16.286453189846263	0.6472357159507035	0.7392559911008262	-0.05518981342313811	0.7077165563075685	0.6936799105163619	0.25171479266232766	1.0
1029000	-38.648839284021584	-35.787955811231384	-2.860883472790201	-18.999767478541663	-16.788188332689717	1.6122785669190944	0.832905661364277	0.04264405828689673	0.06809759683902683	0.7275696719604969	0.24529697503392406	1.0
1030000	-37.9012225111006	-33.070965181057794	-4.8302573300428016	-15.730614119464905	-17.340351061592887	0.9707711155697608	0.4760164857841888	-0.9240924195805219	1.7031420689184857	1.2481973999154952	1.8569968320067116	1.0
1031000	-39.55900094319006	-33.34785574947027	-6.211145193719788	-17.330477554857044	-16.017378194613222	1.4550118213281988	1.0191147850317215	-0.3695139103193297	0.9869582539291433	0.7082223743055313	6.316236844484688	1.0
1032000	-37.307336122485225	-34.86258365366279	-2.444752468822434	-16.555238517933468	-18.30734513572932	0.8549261447147022	1.4290735882134604	-0.35481233448194616	-0.08499630082356258	0.9833545307733678	0.08850242640437805	1.0
1033000	-38.2078158315654	-32.77081145188612	-5.4370043796792835	-16.743676276935606	-16.027135174950512	1.296089867015982	0.9674695635311021	-0.3357907717626468	0.7398369811759781	1.2218943318282454	3.0869429701851026	1.0
1034000	-37.0222974542773	-32.71688310865769	-4.305414345619612	-16.40796310258332	-16.30892000607437	1.026538395901199	0.9964032357036743	-0.24106668604906856	0.4181366605664768	0.3992577111799767	0.03748289140577221	1.0
1035000	-37.19994484833207	-32.18642182235907	-5.013523025973002	-15.598429670625553	-16.58799215173352	0.948318748456018	1.0604926553247132	-1.1785448802837006	0.22924325502228743	0.44988746418971326	0.6787486095165621	1.0
1036000	-37.20611929189615	-32.14070035551436	-5.065418936381791	-15.644124063825869	-16.496576291688495	1.1540103106376052	1.149696009381197	-1.0278383064429821	0.8603195654640712	1.0815149363328054	0.8919690478213395	1.0
1037000	-38.53580228526747	-36.78560060133702	-1.750201683930449	-19.00477786278757	-17.780822738549453	1.6099300893986956	0.6554562069343979	0.051154724614928704	-0.021843438138218763	0.7436853365838447	0.09241895656412788	1.0
1038000	-37.20768633543942	-34.83069515783691	-2.376991177602515	-17.44543057533058	-17.385264582506327	1.2686660184821017	0.8501118341224189	0.11882894519736237	-0.3470287171544897	0.7882959054189644	0.10680342092756792	1.0
1039000	-37.44137107295159	-33.29781157113988	-4.14355950181171	-16.06641159834301	-17.231399972796872	0.9275038668809567	1.2702591820515863	-0.6290483273849466	0.30113264481596985	0.42932183209872393	0.378567387728973	1.0
1040000	-37.35538784615748	-33.48356288075637	-3.871824965401111	-16.83371478293181	-16.649848097824552	0.956462422893668	0.6679687653881891	0.030966597481182842	0.698575218676569	1.2772569572763124	0.08334753699300798	1.0
1041000	-35.312482269577366	-33.94162006306113	-1.370862206516236	-17.00714363718532	-16.93447642587581	1.0933909339912222	0.7358748492291716	0.1173275224050848	0.20444957169231553	1.5028706546525903	0.054318760292795476	1.0
1042000	-35.041763971070495	-33.60750185721455	-1.4342621138559455	-16.54424825524521	-17.06325360196934	1.08806460758644	1.137494210434863	-0.1648618055958435	-0.053429526426600926	0.8877607662417266	0.05575219507482137	1.0
1043000	-36.22355794737436	-33.87867524349566	-2.3448827038787066	-16.647024275393	-17.231650968102656	1.0206928759946539	0.6440288108770356	-0.0733997906234122	0.38585469083668034	0.5725294989092671	0.07429941594211505	1.0
1044000	-36.80872831550362	-32.63554532785772	-4.1731829876459035	-16.362064480972002	-16.273480846885718	1.2964863788466576	0.8507913889543726	-0.6149176306171199	0.4544998641847279	0.5127790587130855	0.18326055846280656	1.0
1045000	-36.90688269926369	-32.47333576749986	-4.433546931763825	-16.394074396823402	-16.079261370676463	0.8310522557649429	0.8529162377201458	-0.6048905833287188	0.6453695477488273	0.8342434019409265	0.1399830702370556	1.0
1046000	-37.74372273095047	-31.22977564922543	-6.513947081725044	-15.605282034060128	-15.624493615165303	1.1448984222353589	0.7473915620719698	-1.0657451319461262	2.2531263452225314	0.9395768407926086	1.1980032319234402	1.0
1047000	-41.70114453861111	-36.45442622600631	-5.246718312604797	-18.351807738556197	-18.102618487450115	0.7677565957113652	0.4319056860017532	0.665845500443274	1.6217723096455694	0.5134598775114213	1.2143635852885026	1.0
1048000	-37.877247599620716	-31.904864504468566	-5.97238309515215	-15.59481475430233	-16.310049750166236	1.1067223956174665	0.5337961231959912	-1.0342274203165478	2.2575389169049362	0.9350200040964142	1.4924115094809405	1.0
1049000	-34.92648410482335	-33.21313454726602	-1.7133495575573294	-16.83471492540559	-16.378419621860434	0.8853967759667231	0.9250005903195608	-0.05376785106980331	0.3059451567624347	0.7862504510009252	0.04498096567964314	1.0
1050000	-42.93800420753236	-37.670886324076704	-5.2671178834556525	-20.431276406100622	-17.239609917976086	1.3404410976786492	0.6787053567695214	1.121322649069048	0.21498449534747666	0.7198378276545903	0.23594380713998742	1.0
1051000	-36.66913841288931	-33.775139129080564	-2.8939992838087436	-16.641944909155356	-17.13319421992521	0.7827995909864255	0.7496167405592409	-0.5906116594881154	0.027156966852093956	2.055056746632702	0.27721786465185877	1.0
1052000	-36.29889931927046	-35.01332311783693	-1.2855762014335261	-16.968762166943336	-18.044560950893597	0.9046894690756694	0.6129760221340022	0.07110185311846973	0.035348932700270175	1.4565527813852828	0.13070197822149576	1.0
1053000	-36.399909336146095	-33.35615368194112	-3.0437556542049746	-17.151037900293854	-16.20511578164727	0.8745959206585111	0.9666346260103849	0.1487833584204401	0.4999831445309798	1.6744559231963518	0.24772195994686283	1.0
1054000	-36.02072840519603	-33.76130097009056	-2.259427435105475	-16.625991412849498	-17.13530955724106	1.0682056958169088	0.8695477662938146	-0.09938765093201324	-0.21856821450030195	1.1437566347506867	0.18619903137422908	1.0
1055000	-37.14474133247091	-35.11394720221977	-2.030794130251139	-16.898920737711684	-18.215026464508085	1.2843374104340426	0.6230877723690342	-0.21285499422460236	-0.11741456953315244	1.48446195373348	0.12411650972574301	1.0
1056000	-36.13332784428154	-35.40294254554488	-0.7303852987366586	-17.37948964813334	-18.02345289741154	1.2642001558895768	0.6039124253031047	0.09312367635501362	0.09901699320488205	0.5988491301388982	0.027746301689445235	1.0
1057000	-38.9644379228811	-32.03103007961957	-6.933407843261531	-16.389411825427768	-15.641618254191803	1.4960443195681359	0.8017104960559224	-1.5916942321952336	2.139508079773877	1.1498117925244447	1.5492570872242806	1.0
1058000	-36.40422023206783	-31.42381390758088	-4.98040632448695	-15.770365982129977	-15.653447925450903	1.094293107216673	0.8172306913540448	-0.8134958822085568	1.3281636607438492	0.8811367008122896	1.0421285272727858	1.0
1059000	-37.846029731325004	-32.4108036482741	-5.435226083050909	-16.16850489216668	-16.242298756107413	1.0214700029507149	1.0215636853397356	-0.42965120357652414	0.5503868662439756	0.8126284196409161	0.05515227474301038	1.0
1060000	-44.01468827217558	-39.12832327262279	-4.8863649995527965	-19.6872098898111	-19.441113382811686	1.392015561039613	1.6305476124387848	0.7941139543234432	0.16439453087412795	0.4255677771200984	0.1944308510979419	1.0
1061000	-35.83898472132728	-33.17824837905877	-2.6607363422685095	-16.6396001722455	-16.538648206813274	0.7984742414416528	0.8938044234190226	-0.5044729014484061	0.18227669057405027	0.8558606168489625	0.15367608897717586	1.0
1062000	-38.21434050306255	-34.465693060163105	-3.748647442899445	-16.86773408116004	-17.597958979003064	0.8751540321448497	0.5763287499462719	-0.04913593097247715	0.5453374689497925	0.3419815619544963	0.2836056459729418	1.0
1063000	-39.02804507175334	-33.371904186778465	-5.6561408849748736	-15.978005113478066	-17.393899073300396	1.0955490579171276	1.2739311666591129	-0.6083692689888054	1.4462971337004693	1.084746060276048	0.6919827522997062	1.0
1064000	-38.15376848231958	-34.88367290349995	-3.270095578819628	-17.000989991217402	-17.882682912282547	1.2930073069210835	1.2801956225212459	-0.1690521374231301	-0.3417692268050838	1.035105615826464	0.22708783454809428	1.0
1065000	-36.35869886925745	-32.89703563702302	-3.461663232234428	-16.37572126384853	-16.52131437317449	0.9308822321030905	0.6823870014636684	-0.3361323064317326	0.735538729545361	1.8211660853196459	0.3049249456300686	1.0
1066000	-38.31356271636743	-31.402755085066403	-6.910807631301029	-15.56177740766022	-15.840977677406181	0.9146501680662491	0.6964358942338336	-1.415451940001283	2.7334627545272423	0.3952605131550316	5.952177796746447	1.0
1067000	-39.780095698825455	-35.36217684894774	-4.417918849877717	-19.06284666697353	-16.299330181974206	1.5228359480159444	0.8431601940071771	0.29408907421255015	0.4414355210452616	1.311038606865814	0.045112322188848406	1.0
1068000	-35.39318403151764	-33.753806633037584	-1.6393773984800561	-16.665456031329672	-17.08835060170791	0.9283952886289175	0.6947238264643161	-0.11237838441407644	0.24958614576077054	1.6168666903750126	0.11080762503369802	1.0
1069000	-37.11599967567955	-32.56817916536623	-4.547820510313313	-16.342603244951302	-16.225575920414933	0.8271157330532435	1.087008868955389	-0.6814617189409942	1.0616617722415307	1.2026596877320055	0.7182539441559082	1.0
1070000	-36.56494473744613	-31.589272985723156	-4.975671751722977	-15.588061579297763	-16.00121140642539	1.0124751819022288	0.8968223062017561	-1.0536943667028043	0.7092399307999437	0.7068481039254118	0.4023790791923621	1.0
1071000	-38.090626352108934	-33.19737994959631	-4.893246402512622	-17.180804664102073	-16.016575285494234	0.7126485417852774	0.9935761828180043	-0.49920907009421067	0.8354231673943946	0.45314185464982826	0.209224957464069	1.0
1072000	-40.04875500386608	-34.34257987269583	-5.706175131170246	-18.090574295139056	-16.252005577556773	0.7066962521192751	0.9401936873121365	0.2708325334542008	2.306506600778052	1.833477164046303	4.008972314307967	1.0
1073000	-38.4155064488878	-34.14856778438781	-4.266938664499987	-16.834694935222327	-17.313872849165485	1.0537218938759976	1.0288948760961407	0.039323629902817014	-0.379711772383218	0.17733114096880556	0.1533973247101426	1.0
1074000	-36.74694359545202	-33.42332469907096	-3.323618896381058	-17.283842265568676	-16.13948243350228	1.0274029205951687	0.8479421066609671	0.30744404027855726	0.5881575251803085	0.7379640870348926	0.2488849995093287	1.0
1075000	-38.20782802943159	-32.46898342085373	-5.738844608577856	-16.412891477284802	-16.05609194356893	0.8790932564726691	1.0307309803224332	-0.4131049051918605	1.458205872169756	1.0447310440372588	0.39202949944416565	1.0
1076000	-35.22638490743604	-33.50278560121981	-1.723599306216228	-16.484162712484753	-17.018622888735056	0.9372991896556184	0.9987795743424501	-0.23893714491386267	-0.19399516443936599	1.0519072319567337	0.04625828979010374	1.0
1077000	-37.177426981994316	-33.7277451334145	-3.4496818485798144	-17.257272172895135	-16.470472960519363	1.2361334013651384	0.9609495144507012	0.07719411648064183	0.22661618014435736	0.6998041438120715	0.49798874470442706	1.0
1078000	-36.49038478401679	-33.645043585203695	-2.845341198813096	-16.916482278633072	-16.728561306570626	0.7814415675489912	0.7531152659953939	-0.31862577948660026	0.29799662102231117	0.5725138843700098	0.045006057198350546	1.0
1079000	-39.297219627633105	-31.829369778667022	-7.4678498489660825	-15.647449418505934	-16.181920360161087	0.8880239363500595	1.0729733992820976	-1.398052813904599	1.2656885264206936	0.5788332279868625	0.41551686539794797	1.0
1080000	-35.67368649892346	-34.56879479628604	-1.1048917026374165	-17.35686554520587	-17.21192925108017	0.7978954903764435	0.7462267558104557	0.10920229171299312	-0.013674055449707123	1.743293956602708	0.09267675503026661	1.0
1081000	-35.98259908569082	-32.83326927831906	-3.149329807371765	-16.210007848048917	-16.62326143027014	0.904750284946452	1.0860869825523614	-0.5382129179115285	0.25050608667332963	1.2036757824449826	0.21894073693860744	1.0
1082000	-40.62196814361778	-33.40510028454165	-7.2168678590761255	-16.04693312668644	-17.358167157855213	0.90851949591062	0.8710553661261853	-3.173445152605	3.21294459541026	1.6179385591966131	6.2701990214595975	1.0
1083000	-36.39853305560917	-34.41584601700084	-1.9826870386083346	-18.03615056153375	-16.37969545546709	0.6389828890081428	0.9510337546893358	-0.27798583270422506	0.3072744337313869	0.9800381355855579	0.09054710378484712	1.0
1084000	-38.23514209631082	-35.7036410909148	-2.5315010053960187	-17.610100297791494	-18.09354079312331	0.8687815258175139	0.5999206729159363	0.42652422573975496	0.08030707131108875	0.540956199712616	0.07368059243621887	1.0
1085000	-36.29890311200067	-34.26709077922425	-2.031812332776426	-17.14821456387406	-17.11887621535019	1.279021062336252	0.8779637763484213	-0.057400057376362806	-0.21768050369304723	1.291864492920697	0.09587317185044696	1.0
1086000	-39.42061743103183	-34.82191327578863	-4.598704155243196	-18.6806141604747	-16.141299115313934	0.5532296320855089	0.7771851771965115	-0.7929358836264621	0.7280646513036322	0.8604385909423711	0.197118727002177	1.0
1087000	-36.732716435626166	-33.643881426412605	-3.0888350092135637	-16.563349643778302	-17.080531782634303	0.8288787731067829	1.1669304039806287	-0.4406770327417138	0.007271845587978554	0.42047533661391834	0.1129101740944479	1.0
1088000	-36.77281195714439	-34.13176863501333	-2.64104332213106	-17.49753878872217	-16.634229846291163	0.754642161171453	1.1436818159111228	0.05053856396994322	0.45125386817316754	0.8849622224659801	0.06231660160656454	1.0
1089000	-37.95209777512945	-31.8030907499318	-6.1490070251976485	-15.660715578527395	-16.142375171404407	0.9429155423137029	0.988820951727601	-1.0937692702956314	0.61318083494896	1.6738190911654032	0.21593365643726262	1.0
1090000	-39.3150441444873	-32.576783669077386	-6.7382604754099145	-15.47312114006455	-17.10366252901284	1.1470205303659862	1.2104860566289382	-1.2809140771464391	1.5935461233453294	1.2725675797916558	0.8035265306735949	1.0
1091000	-36.4748234088176	-31.627596391150337	-4.8472270176672625	-15.866301680487638	-15.7612947106627	1.0502592025447848	0.930968665933746	-0.7015072233192836	1.2371770457863582	0.9028081503438385	1.1184022159384563	1.0
1092000	-35.4810886060338	-34.30147346173963	-1.1796151442941694	-17.200536874550398	-17.100936587189235	1.3208150076723038	0.8109914712250045	-0.11180026046291658	-0.1035777782402025	0.9893754402132733	0.04836935440933453	1.0
1093000	-36.763182993256436	-33.085159129861644	-3.6780238633947926	-16.969816788400856	-16.11534234146079	1.2107057080788524	0.9307376326486628	-0.04068950472818589	0.5777019672394014	0.9363083830977084	0.5471610804325985	1.0
1094000	-36.34042575289848	-33.313371850625856	-3.027053902272625	-16.19499791565632	-17.118373934969533	1.1433993526312933	0.7294001900653063	-0.46720436371087337	0.10084573987479362	1.6403695405617011	0.05892831715423374	1.0
1095000	-38.79882929038841	-34.26111730086276	-4.537711989525653	-16.599324247025315	-17.661793053837442	0.9494601617588188	0.8342548098737865	-0.13794240046657258	-0.48268198175546523	3.2265448566012194	0.059959153597444595	1.0
1096000	-35.19827089793623	-34.327625425625186	-0.8706454723110488	-16.706427416179846	-17.621198009445337	1.1471113424600932	0.7138355053329296	-0.11287942658527919	-0.160837330967042	1.0486684879015462	0.033201419100099334	1.0
1097000	-36.8309385996077	-31.91869590638386	-4.912242693223836	-15.840089117658763	-16.078606788725097	1.251136060317451	1.0116984509679732	-1.0063766422217562	0.7852887989968971	0.7487416076360455	0.7300105077015008	1.0
1098000	-37.119661661734064	-31.731670269902068	-5.3879913918319975	-15.909422969908404	-15.822247299993665	0.8060496112441303	0.8858985651665806	-1.643527582355164	0.969078940363633	1.8120978701702681	1.2673603220077334	1.0
1099000	-38.05845283637517	-34.120567871577734	-3.937884964797435	-16.071178082589693	-18.049389788988037	0.9830481962319642	1.4239214873285122	-0.5382558549665362	0.2777715227290079	0.540933733514158	0.09582422889385465	1.0
1100000	-36.77503335571294	-34.382913809893424	-2.392119545819516	-17.153819467269656	-17.229094342623767	1.3229198524729056	1.0546917611296156	-0.14267234940318588	-0.3052201752872899	0.8306407742743808	0.08640985206533405	1.0
1101000	-37.23408591478427	-32.09698261379427	-5.137103300990006	-16.12478905905377	-15.972193554740498	0.8285063763799376	0.9321364807435797	-0.9525641023021006	0.7669838770768385	0.9395388412981023	0.2612352477482282	1.0
1102000	-36.64339096974598	-32.52689997070742	-4.116490999038563	-16.426023921067678	-16.100876049639737	0.9878268364115254	0.8683957490052407	-0.23851160101184318	0.6066739981621206	2.3328400201323034	0.12123668165634954	1.0
1103000	-35.527524252267426	-33.6479729664934	-1.8795512857740264	-16.946757532457024	-16.701215434036374	0.914019106282361	1.1003078613067732	0.06790214875639966	0.20337578938671413	0.6064747344435911	0.08670345575957339	1.0
1104000	-39.088464628127305	-34.77049225934701	-4.317972368780299	-18.206398046751495	-16.564094212595517	1.4167816457776021	1.138626147315491	0.17956078229171019	0.5426461463337927	1.6173522104128413	0.10375694063067913	1.0
1105000	-36.543619266208005	-34.00629644599658	-2.537322820211423	-17.626743653154247	-16.37955279284234	0.7588756243260676	0.7884076653340557	0.1664193429273481	0.478171514317714	0.7347918853748048	0.1325711599619444	1.0
1106000	-39.34831690568977	-33.74438166647725	-5.603935239212515	-17.813654990672173	-15.930726675805083	0.752538077569623	0.9693654501827499	0.2758543083025531	1.7474562044840551	0.860809122162615	0.6466133659081169	1.0
1107000	-37.05512918497369	-33.50078170430773	-3.5543474806659603	-16.439748822172707	-17.061032882135017	1.2370489742244826	1.0284922249138828	-0.4255876573447213	-0.20817872366410156	1.8000336552377603	0.1068628896302701	1.0
1108000	-37.43822700664864	-33.181025597038825	-4.257201409609815	-16.872878519208676	-16.308147077830153	0.9528507949384739	0.6550427713735965	0.054438860911236564	1.0801336828933967	0.6411669891614342	0.45250100956128453	1.0
1109000	-35.68518906154797	-33.8325019571024	-1.852687104445574	-16.985554102554033	-16.846947854548368	1.3133538392762518	0.8552540150623057	-0.22078883258221516	-0.007610937926126965	1.6955700289428495	0.0402689735986243	1.0
1110000	-40.393687147193596	-34.38502805627799	-6.008659090915609	-15.881968568164982	-18.50305948811301	1.316113543992241	1.266560205725407	-1.1904829354383857	-0.7828799040758849	1.022689520867519	0.4127512312007675	1.0
1111000	-36.94872649401533	-35.11065166480963	-1.8380748292057054	-17.75607185370044	-17.35457981110919	1.4680173854460272	0.677036807117409	-0.16237659743121433	0.14680440565186015	1.6375048959277443	0.0490946692874697	1.0
1112000	-36.5109444496438	-33.216982809855736	-3.2939616397880624	-16.512254051615642	-16.704728758240094	1.2107567926204892	0.949374765812888	-0.3279498412564326	0.029537870280004624	0.5822000533857141	0.3547913001563971	1.0
1113000	-40.15437964157539	-33.62233895187428	-6.532040689701104	-15.830306256093934	-17.792032695780353	0.8527931253978177	0.6066036766191584	-1.275036891880837	0.22526228137314092	2.061972073849759	0.17115751910366425	1.0
1114000	-36.14394978896174	-34.292274752578976	-1.8516750363827672	-17.112464497647785	-17.179810254931187	0.7364222887446675	0.7052794826475611	-0.39139994219761454	0.1463883636031041	1.287917684403923	0.14204241646497043	1.0
1115000	-35.40889147146566	-33.293006336153056	-2.115885135312605	-16.806366613330116	-16.48663972282294	1.0032281454045333	0.8390605571553528	0.030097756510269746	0.28724380448543474	1.1083488903191536	0.162996383966113	1.0
1116000	-38.82536818633566	-32.56376174246263	-6.261606443873026	-15.612178371509852	-16.951583370952783	1.2888470104145053	1.2137552442792878	-1.663668915148999	0.36081933213090145	0.40512094521159026	0.7859718531484534	1.0
1117000	-36.167548590887264	-32.92631191297431	-3.2412366779129527	-16.049730653751222	-16.87658125922309	0.969420860887274	1.0941244876939125	-0.573714397550797	0.019519361218359496	1.0135104154548333	0.10098770866917928	1.0
1118000	-37.5894723065395	-35.32400879120388	-2.2654635153356186	-17.29248754167655	-18.03152124952733	0.9905271057942391	0.6495839430060744	0.3186760284059048	-0.1417414227720996	1.2363003742127032	0.23931027870690003	1.0
1119000	-37.98553597713776	-33.17118283432358	-4.814353142814175	-16.378920497712294	-16.792262336611287	0.8010642518968415	1.068463645238323	-0.7876903333144375	0.04877823577920626	2.726828891129442	0.43710323377884014	1.0
1120000	-40.18589056019068	-34.82282090723588	-5.363069652954801	-16.997110860699696	-17.82571004653618	1.5377629513543594	0.5323949638850898	-0.9236108027105197	0.7264591985291248	2.0943169000957056	0.9237729024064044	1.0
1121000	-35.732478984332346	-33.670311179402276	-2.062167804930068	-17.116632409866252	-16.553678769536027	1.2565845937006943	0.9730855626563183	-0.03382245292351454	0.15783018870920107	1.3270132039303384	0.10042202146710312	1.0
1122000	-36.651874008322245	-35.51100941225535	-1.1408645960668995	-17.324492774667426	-18.186516637587925	1.2708318312536018	0.6092827936106401	0.05277735833194511	-0.027420028752420694	1.2934229824906784	0.07143476789413146	1.0
1123000	-35.19769760411009	-33.155648303631835	-2.042049300478258	-16.555911653746325	-16.59973664988551	1.071010189561548	0.9186460451762786	-0.14736093230611844	0.11901171605858338	0.32787683096935893	0.046809457460945635	1.0
1124000	-35.91950470502621	-34.66316584830571	-1.2563388567205052	-16.87808864493141	-17.785077203374296	1.0091890846884726	1.3452595937368532	0.07556964591118942	0.01990107847619353	0.5691030467976643	0.04425221482126639	1.0
1125000	-38.95550310964841	-35.38116017739664	-3.5743429322517755	-18.486987776699422	-16.89417240069721	0.8824217075013745	0.765698144383532	0.8957165637812641	0.1422962699360179	1.3506584090267235	0.4058481407642748	1.0
1126000	-38.86831395044303	-34.986479678942814	-3.881834271500219	-16.09187746982319	-18.894602209119626	0.9464026246458616	0.5996249742538003	-0.5668473881659216	-0.3643996971002762	0.6041140674149226	0.0907683102471695	1.0
1127000	-43.84310892594548	-40.91599878059528	-2.927110145350198	-19.094217155249673	-21.821781625345608	1.6168329948887015	1.9272229145441866	0.07080224272359104	-0.07956868635776604	0.525228811826194	0.12164123960443496	1.0
1128000	-36.91499842245458	-34.76281643778856	-2.1521819846660244	-18.01432113659703	-16.74849530119153	0.6431229270445736	0.9271549529045873	-0.25756301278177335	0.0008507298480786435	2.46518071109933	0.13582413645844738	1.0
1129000	-38.625656764981485	-35.91788062866526	-2.707776136316224	-17.589933342169957	-18.327947286495302	0.676651289120235	1.4301299748395644	-0.3737197259972131	-0.10222896983256227	0.6996027193507666	0.03895292599548043	1.0
1130000	-38.185009396043924	-33.940796014348805	-4.244213381695119	-16.426245682459573	-17.514550331889236	0.9134058467128168	0.7557273838023733	-0.3232774053798695	-0.22765038101981022	0.2043655862800597	0.23679212916421472	1.0
1131000	-37.71305505844428	-35.90803007895529	-1.8050249794889908	-18.439490476601197	-17.46853960235409	0.6715367962494568	0.7136969151137598	0.33342564430227944	-0.0682997368296826	0.7593928513984063	0.12054435989246665	1.0
1132000	-38.63948268197178	-33.49717006712606	-5.142312614845716	-17.903621148833004	-15.593548918293056	0.6246914131204062	0.7965684155871661	-0.6043189406898688	2.01685646744607	1.0151041812085633	3.5536837302099036	1.0
1133000	-37.13538034441879	-32.82580140396577	-4.30957894045302	-15.857713974049652	-16.968087429916114	1.2469305701675695	0.6503256244597843	-0.9729437547933192	0.5413110313559748	1.3219660757437526	0.6087895454562977	1.0
1134000	-37.08110672792006	-35.12084814496657	-1.9602585829534878	-16.836479232700878	-18.284368912265695	1.0502222897064206	0.5541667620594953	0.041808917165838476	0.2616252145065753	0.43530280291705087	0.022708801309596984	1.0
1135000	-35.943873286829216	-33.60975321586929	-2.334120070959929	-16.453177667126702	-17.156575548742584	1.0623467368071706	1.1687078141911547	-0.21453557905806292	-0.058142401230386415	1.844601703571567	0.06072100157505345	1.0
1136000	-34.843683732290884	-33.239279397005774	-1.6044043352851103	-16.565425998278645	-16.673853398727132	1.053116800977923	1.0165000206569	-0.1337199277609607	0.08466811833289867	0.8237751653216457	0.08417252120023247	1.0
1137000	-35.947665606184394	-32.71594507807451	-3.2317205281098804	-16.283003403381585	-16.43294167469293	1.2238201691763753	0.8557749831525274	-0.5192576453552326	0.3076910891444433	0.8945232648298157	0.21579692258211922	1.0
1138000	-35.8837445949839	-32.94601603864719	-2.9377285563367126	-16.136795867465626	-16.80922017118156	1.0592804439012091	1.0593563786286788	-0.45547217751650937	0.019963545420484424	0.9558180633300797	0.05529363683441871	1.0
1139000	-40.27301496222672	-32.481454757989425	-7.791560204237294	-15.648202174366183	-16.833252583623246	0.8990327679297111	1.2166670320495856	-2.6090240797525466	1.0946318452079664	0.6152904107271039	1.1228364754080573	1.0
1140000	-36.19011252132577	-35.472747953671565	-0.7173645676542055	-17.205087643660722	-18.267660310010843	0.7589114865608125	0.6262020890287622	-0.17104442451975754	-0.16305637742374224	1.1619491660009533	0.0508531417585443	1.0
1141000	-35.47359870412925	-34.54425561639347	-0.9293430877357809	-17.114143568060477	-17.430112048332994	0.821056890137949	0.7558880666791729	0.0008612235980083038	-0.17749413340343123	0.7351095146091404	0.049814069723000086	1.0
1142000	-36.09113942008504	-32.8948679779723	-3.196271442112743	-16.024711192073806	-16.870156785898494	1.0062920312257126	1.0521209591942347	-0.5630382040147544	-0.040629082610405653	0.7521027579882268	0.11017237452662565	1.0
1143000	-37.34030750153306	-36.26843412811757	-1.0718733734154888	-16.696644676854135	-19.571789451263435	1.0106332614078055	0.5060216537935291	-0.040664113119263545	-0.10339261481007067	0.7314229543408584	0.07558474902479495	1.0
1144000	-39.138630836483166	-36.24655618073636	-2.892074655746806	-19.915804284410967	-16.330751896325395	0.5285976119477956	1.0609278492160288	0.21244625586205568	0.5460043976689144	1.69260481831428	0.33335216899314146	1.0
1145000	-38.953606485990164	-36.952843275288686	-2.000763210701477	-20.16496433334659	-16.787878941942097	1.7448426458838058	0.7780049562510556	0.15211558312496032	0.1847919453956346	0.5813046409867176	0.05396740204349372	1.0
1146000	-37.639249477017714	-32.65364658840275	-4.985602888614962	-16.9630594588988	-15.690587129503953	0.9571044571166867	0.9047868258472777	0.11517412674780014	1.5766683123931688	0.8501879090529523	1.0429269674279749	1.0
1147000	-37.811911359553434	-33.41328040734713	-4.398630952206302	-16.10996533569987	-17.303315071647265	0.8831868520058	1.3101173655400107	-0.7074212084006043	0.681848556687576	0.8629137788666105	0.31733999237368415	1.0
1148000	-36.68335135306102	-33.720155667410594	-2.9631956856504287	-16.04542087761348	-17.674734789797114	1.0528004056864937	0.7495696401182059	-0.532717402456597	-0.30405454277090405	1.1277961047830556	0.20558298394355215	1.0
1149000	-36.09745869903246	-33.317726108838585	-2.779732590193875	-17.074197671199077	-16.243528437639505	0.9934358385421822	0.932124913580974	0.1937981010231121	0.4370421950218519	0.6520843976895333	0.11630349605561609	1.0
1150000	-38.18451614967608	-34.45602931262259	-3.7284868370534903	-17.014310056172597	-17.441719256449996	0.7173901345615867	0.832935238937056	-0.6512759270866677	-0.3538868709114701	2.5585503683923334	0.1829662813715039	1.0
1151000	-36.247515527285245	-35.51777910779481	-0.7297364194904374	-18.595241590625314	-16.9225375171695	0.6347053317788618	0.7889635251916287	0.1979087202548997	0.06312468227339849	1.5975179994838533	0.0607733613288031	1.0
1152000	-36.470631355949905	-34.69727327850789	-1.7733580774420084	-17.470710794524653	-17.226562483983237	0.8053161434381484	1.1728924040132251	0.2121349274749112	-0.10876997054494034	0.7852708510259494	0.08879558631892082	1.0
1153000	-34.866505367457144	-33.57850522748529	-1.2880001399718561	-17.058702234425716	-16.51980299305957	1.1994779311954464	0.9229671732177609	0.02640685912439629	0.1827701519002578	0.7116342675689656	0.043668280575249074	1.0
1154000	-40.76862215265985	-34.69642305942294	-6.07219909323691	-15.82779498627075	-18.86862807315219	0.8754116315577772	1.4074708872055015	-1.1237012020053032	-0.6486933168703207	0.3175089804428754	2.358720071703404	1.0
1155000	-37.78494639804913	-32.33499246779835	-5.449953930250775	-15.570831900557353	-16.764160567241	0.9986659971991919	0.7186564348092229	-1.098852701924498	0.38793791565604885	0.8462095750335141	0.1967744497862698	1.0
1156000	-42.64423225992621	-38.72527387959409	-3.9189583803321177	-16.956591328479185	-21.768682551114907	1.003493107579227	1.9177644114019812	0.1237612927443307	0.3556475757993211	1.5630651193346843	0.10062876870887641	1.0
1157000	-36.4247759315208	-34.4809163491468	-1.9438595823739928	-17.320032661840443	-17.16088368730636	0.9455995657033381	0.731037342284335	0.32458956266272143	0.06736452701907697	0.904223478777416	0.13137851289423108	1.0
1158000	-37.30285539572663	-34.55342246827436	-2.749432927452271	-17.35750043783376	-17.195922030440606	0.7852042199969396	1.1440966531004195	0.06627810749032434	-0.15074160480217635	0.2643611959649502	0.08978276551424133	1.0
1159000	-37.38251774688217	-34.22105597136971	-3.1614617755124677	-17.602356786953507	-16.6186991844162	0.6771837061466814	1.1381362000181907	-0.35570242788168643	0.44638503788953887	0.6645682961442871	0.10454878914395514	1.0
1160000	-36.64922337566274	-31.407107780469694	-5.242115595193052	-15.519828166403844	-15.887279614065848	0.9033587856251791	0.919992450152823	-1.6479316453533284	0.8875015160568842	1.1767596386407402	1.4206386135325992	1.0
1161000	-39.12433336191353	-34.28401798477438	-4.840315377139147	-15.718612519135508	-18.565405465638868	1.1131711546506848	0.6100555135124897	-0.8852835224385296	-0.24427995184694073	0.9825608722374792	3.1239129123363	1.0
1162000	-34.8836032914563	-33.05037361999432	-1.8332296714619865	-16.61309377951443	-16.43727984047989	1.1058184877068877	0.8756470169686347	-0.13215878982787022	0.28161371290140536	0.9757369312209888	0.036770097603531136	1.0
1163000	-39.10465392537393	-35.56746933339071	-3.5371845919832214	-16.09879683548247	-19.46867249790824	1.0290247486256472	0.49571569625981243	-0.48731524611929156	0.036874819518865176	3.188423057218752	0.2816200825369523	1.0
1164000	-39.51822807903757	-33.11059271638129	-6.407635362656281	-16.986833309250176	-16.123759407131118	0.867014821583689	0.6393120038279114	0.021255634978109894	1.3908432624396558	1.4953999382009264	0.20569331368194055	1.0
1165000	-36.60328084950625	-32.724105214819495	-3.8791756346867525	-15.952587914647822	-16.771517300171674	1.090908954243337	1.152534697300229	-0.6290090547650167	0.29662827557846017	1.335502875744782	0.18264010086859397	1.0
1166000	-37.6332858528071	-31.209041679228847	-6.424244173578251	-15.475917189656858	-15.733124489571987	1.2093119003084292	0.7040568558087826	-2.204907060353134	1.567278919514358	1.4099654328417426	1.8836444115898017	1.0
1167000	-36.79499354668194	-35.37652007980026	-1.4184734668816803	-18.275683794405616	-17.10083628539464	0.6475854043625962	0.7140285364709149	0.03132213349640259	0.16646026064489383	0.6199963120912495	0.09313480952607676	1.0
1168000	-36.91735791041717	-34.04747689788117	-2.8698810125359966	-17.17674437663245	-16.870732521248723	0.7073243500586467	1.1415939566518731	-0.5500608339773534	0.14179706649044677	0.962132634667663	0.1642146050867454	1.0
1169000	-38.335465237220916	-34.73817649568133	-3.5972887415395887	-16.73330287321828	-18.00487362246305	0.7755179073868682	1.360658809890021	-0.5350610373998262	-0.13994676223591138	1.1999463724677095	0.06800917042433033	1.0
1170000	-38.963638352482725	-33.047109848553305	-5.91652850392942	-17.45350854440828	-15.593601304145027	0.7252326879307794	0.7880386825582474	-0.13977654662887518	1.5572977891366007	0.46399069892031536	0.4714773027288887	1.0
1171000	-37.944534642264884	-34.82643545835076	-3.118099183914124	-16.89564163222768	-17.930793826123075	0.8377140695086173	0.5274348819065535	-0.11930973600448158	0.696494863677431	1.0200366781509156	0.6228458347997989	1.0
1172000	-37.2460081708258	-36.432399096706604	-0.8136090741191977	-17.258043212535	-19.174355884171604	0.7411899216159789	0.5006960555819717	-0.22079829468368128	0.15820162057069034	1.4770729726649623	0.07794090241059429	1.0
1173000	-36.727662567782815	-33.85922780405972	-2.8684347637230916	-16.43197697342277	-17.42725083063695	1.0338064741870705	0.8479299784396731	-0.2235473686311242	-0.36879033881379797	0.8393544477728824	0.2977768297588928	1.0
1174000	-37.56765799202687	-35.029420853275155	-2.5382371387517084	-17.12632800996584	-17.903092843309313	0.7648011802494056	0.715775642287669	-0.21068913804903316	-0.32987506602293104	0.5667118925890668	0.18462637682204044	1.0
1175000	-37.529592215048645	-31.575703335688917	-5.953888879359729	-15.493152912701479	-16.08255042298744	1.1148346541629464	0.785907109844497	-1.1944070583360942	0.765331627554732	0.9910795262116624	0.2920576620852858	1.0
1176000	-43.00878955230293	-37.77139491439714	-5.2373946379057905	-20.480984940512567	-17.290409973884575	0.43669893590694486	1.306121998161713	-1.5432181764484172	0.6079918586055071	1.0711072329018543	0.6591213951568189	1.0
1177000	-37.57359887547996	-33.914377259353515	-3.6592216161264464	-17.10465399182021	-16.809723267533304	1.0375353002161667	1.025477711722129	0.20456970068988878	-0.02018739986639015	0.8373341820933535	0.7487356853599734	1.0
1178000	-37.351096016310926	-34.48592723789699	-2.8651687784139392	-17.757703166016718	-16.72822407188027	0.9947458804865218	0.8341935453723422	0.5611046100564805	0.10925459792657305	1.0557006038388015	0.13696194721687246	1.0
1179000	-40.892159181665065	-32.688543006018676	-8.203616175646385	-16.765921823818964	-15.922621182199709	0.8190897354684947	0.6271212094694033	-0.2908743534285705	1.803122135518447	0.09578784978972774	1.34792620471938	1.0
1180000	-38.2094677215557	-33.44715717862725	-4.762310542928445	-16.641423265374026	-16.805733913253224	0.8230118569694536	1.0982798835925416	-0.389684812053786	0.09331933813093085	0.6215911673369826	2.097956243272134	1.0
1181000	-36.81514502008317	-34.42274089666	-2.39240412342317	-17.69242240546656	-16.73031849119344	0.8445064338833551	1.002881667249199	0.43936945262323224	0.026124598536888533	0.8664428980985405	0.10255643443078816	1.0
1182000	-35.779433416461124	-33.41982936167836	-2.3596040547827615	-16.360573598548797	-17.059255763129563	0.9107593002426925	1.1376907761975408	-0.3849878422582167	-0.04946912929942837	0.7918182252795578	0.0920136989772843	1.0
1183000	-37.96591887903413	-35.27762201606293	-2.688296862971197	-17.33146954903341	-17.946152467029517	0.9640750825691943	1.340430498309072	0.337463965380993	-0.17631314643691454	0.7554280472356976	0.1391170479592391	1.0
1184000	-37.17637239465283	-31.62151567387307	-5.55485672077976	-15.714466901810036	-15.907048772063035	1.1948190688743827	0.8596784655587234	-1.0164969158290194	0.8456131972859102	1.0727902994461052	0.3091918192389184	1.0
1185000	-36.08110300569347	-33.92875469250914	-2.1523483131843357	-17.16448243208319	-16.764272260425948	0.7288698135824875	0.9394678362855117	-0.3910279821946179	-0.01456178132153238	0.8142456787833229	0.128848407822766	1.0
1186000	-39.99775280069234	-35.375116238844264	-4.622636561848079	-17.719569313018766	-17.655546925825497	1.3665352347374577	1.0980025401767264	0.06227823153180845	-0.5405159209698912	0.3309866092886484	0.617537921843283	1.0
1187000	-35.36737669016129	-33.379873249809634	-1.987503440351649	-16.37736990224416	-17.002503347565472	1.0264649886539312	0.7195987208249242	-0.26378646036283193	0.21329290343770477	0.6442658230679378	0.059760903795221865	1.0
1188000	-38.76596517424777	-33.797491379785185	-4.968473794462585	-15.68845427468209	-18.1090371051031	1.1732611806992748	0.8226154247179641	-1.0047794434103845	-0.70391678446784	0.5275625273154135	0.5138703651447762	1.0
1189000	-35.395481308875134	-32.82183624279352	-2.573645066081608	-16.35277955674623	-16.469056686047292	1.1460424155191162	0.9128337180365362	-0.35018543281426906	0.2291458600000586	0.7096307204346084	0.10994589022360751	1.0
1190000	-38.67987641905483	-34.185245488738566	-4.494630930316264	-18.23621320463114	-15.949032284107425	1.6327285634460735	0.8647946408425702	-0.39613651056682325	0.7868634346547424	0.5596973105703196	0.5317905774631005	1.0
1191000	-35.52463574767721	-33.3616461092807	-2.162989638396511	-16.589617174574897	-16.772028934705805	0.9255019152217546	0.8430583696277062	-0.17293098210922841	0.06327667252381694	1.6606824063801775	0.18465531600514012	1.0
1192000	-38.85305483965824	-32.610607269687044	-6.242447569971199	-16.532520658790254	-16.07808661089679	1.266010877449047	0.6529984405468713	-0.4162700692287047	1.3532371575830109	0.9517743447994823	0.2626303993852714	1.0
1193000	-37.42480407749261	-34.44596870756942	-2.9788353699231913	-15.906769566326187	-18.53919914124323	0.9857558005783215	0.5735263240081891	-0.6973206170031193	-0.017886991789237656	1.023456474303385	0.26927930749115203	1.0
1194000	-36.92486398312001	-34.311315927857905	-2.613548055262105	-17.414448298217604	-16.896867629640305	1.337475076452717	0.7285696411626349	-0.030757698118884846	0.25561692665771174	0.43318166860142016	0.1287436400684715	1.0
1195000	-37.80438445975578	-33.99718117059949	-3.807203289156291	-16.68473560236419	-17.312445568235297	0.7705892802116698	1.3027857109925227	-0.6207676177511903	0.4597613503562301	0.6888923694908569	0.27019127176822916	1.0
1196000	-37.61654564995538	-33.66997500568308	-3.9465706442723	-17.485922996175173	-16.184052009507905	1.3550499480323426	1.0456410442530726	-0.031033086833122336	0.734269650938692	1.0147597592696997	0.23367527952420805	1.0
1197000	-39.8835785546165	-34.779822249803985	-5.103756304812512	-18.224476203745755	-16.555346046058226	0.7198737758312687	1.1630664899506955	0.4268485486766595	1.0825536498705617	0.6756205452079017	0.2680175844165145	1.0
1198000	-39.21284238705448	-31.944026860867737	-7.268815526186739	-16.367057587882652	-15.576969272985085	1.267973188501947	0.7470744250839702	-3.0611408919883574	1.8064684494134957	1.4229547455886251	2.83767454173426	1.0
1199000	-40.411925602299306	-34.62856629503062	-5.783359307268685	-18.613326814023004	-16.015239481007622	1.4519967297229566	0.9888822854886227	0.2756272138028027	0.8202434245138145	0.4628428681978605	0.10653120012243739	1.0
1200000	-36.93933398697375	-35.76659409511474	-1.1727398918590106	-17.46012964316515	-18.306464451949594	0.7100772428311619	0.5939907310508574	-0.23301052977636438	-0.009630300602872954	0.7286569821939965	0.07257294004689838	1.0
1201000	-35.35431780816286	-33.83443084266867	-1.5198869654941949	-16.80906298995049	-17.025367852718173	1.0421193082777913	0.8496211267205149	0.0276380171838026	-0.12082239823238493	0.349870032503657	0.03742217178856219	1.0
1202000	-35.588977353247756	-33.53789421364205	-2.051083139605712	-16.631825617758555	-16.906068595883493	1.196640213689877	1.1287328273306934	-0.22571947766507738	0.06974158315102863	1.0157987941303726	0.08745242066908339	1.0
1203000	-38.9904333017906	-33.02947322509381	-5.960960076696793	-15.73696431092933	-17.29250891416448	1.3317786729189267	0.6040516632104659	-1.67478474767844	0.5735255343764186	1.4319380751914983	6.132817634730404	1.0
1204000	-36.86940738791874	-34.03104842124411	-2.8383589666746296	-16.7413284680707	-17.289719953173403	0.8879079068849676	1.2585352379038874	-0.11899772206569874	0.14324585441107068	0.2446369619556166	0.07681916032822968	1.0
1205000	-37.71385407621296	-34.73963385274123	-2.974220223471735	-16.65889573184799	-18.080738120893237	0.811738810291273	1.4183729113832477	-0.420988954201002	0.148909279539035	0.5660515444430025	0.13488925152603845	1.0
1206000	-36.35800273490249	-34.753183295205936	-1.6048194396965523	-17.935073066995194	-16.81811022821074	0.7132059448780733	0.7617707169441675	0.18794023656644288	0.2071148205770229	2.261713792259059	0.09587597687652394	1.0
1207000	-35.61733435626304	-34.44072863690335	-1.1766057193596842	-17.305069212256797	-17.135659424646555	0.7583036629886153	0.8720175289237765	-0.08832391677402372	-0.22171337615096431	0.9870449317093869	0.06484721641021172	1.0
1208000	-38.171467155147056	-34.057474845868704	-4.113992309278348	-17.09616327217929	-16.961311573689414	1.2755775932824556	1.2416685361783117	-0.08005631807382434	0.6145942412234335	0.7755381195823848	0.08361600428268688	1.0
1209000	-39.858189938786914	-36.050457614029895	-3.807732324757019	-17.04972880797538	-19.00072880605451	1.305688210771262	0.6267510964042002	-0.1664279734931837	-0.555815950585462	1.747057305345003	0.07183784656459849	1.0
1210000	-38.23851977067591	-32.05910732415283	-6.179412446523072	-15.530017643504102	-16.52908968064873	1.080406741634129	0.5746819165739524	-1.1110195212582004	1.4462967967252693	0.3364666558468565	1.1022670374904346	1.0
1211000	-35.86305413061471	-32.356867521273585	-3.5061866093411185	-16.17744330773605	-16.17942421353754	0.9067560380380779	0.9416517439123016	-0.565422620941198	0.5094642907083612	0.9946529083711031	0.20970860454703347	1.0
1212000	-36.63236947141472	-32.90918272256652	-3.7231867488481964	-16.13222882441291	-16.77695389815361	1.1224326665255948	0.6948980920937227	-0.4961487767438214	0.4730903236580048	0.694741626289315	0.613349496029463	1.0
1213000	-33.81947774845709	-33.55430108173239	-0.26517666672469886	-16.70357421583836	-16.850726865894032	0.9357377728865203	1.0198376133569935	-0.07628773671561562	-0.05753430734300455	0.9891771994136594	0.024316280055023374	1.0
1214000	-36.92242116169372	-33.66830789832301	-3.254113263370713	-17.337414239625485	-16.330893658697526	0.7690942021186158	1.0634753518141093	-0.012814661453374565	0.5554828668683693	0.5634346852130536	0.10088816808624695	1.0
1215000	-36.4114785895296	-33.50610914837519	-2.905369441154413	-16.175951859346533	-17.330157289028655	0.9069449525874737	0.6944053959927715	-0.5664375443808048	0.0905841608093581	0.7107457331370768	0.1214467273607208	1.0
1216000	-41.57470924476782	-31.696913315745125	-9.877795929022689	-15.82720317850227	-15.869710137242855	1.2343330226779679	0.9700797635076498	-0.9747494918956714	1.5799316145543751	0.6772622936887116	0.2394250909270133	1.0
1217000	-36.12300214553919	-33.891311724092645	-2.2316904214465456	-17.024590167849126	-16.86672155624352	0.9067354852100168	1.177113850103921	0.11107320832308609	0.2813762313472271	0.5191457385857083	0.07129712537235794	1.0
1218000	-37.273116432494604	-32.778141003960485	-4.494975428534119	-15.955159972595336	-16.822981031365153	1.1164582885891163	0.5998430560843976	-0.6450169424201043	0.9650119366028236	1.3008364413551394	1.7668995927763216	1.0
1219000	-36.57753017864498	-32.74390056163779	-3.833629617007187	-16.530872273673243	-16.213028287964544	0.8715153223903648	0.7048694473004501	-0.3280404743393517	0.916344272636827	1.457032119404582	0.2676045964885454	1.0
1220000	-37.3871274631597	-33.07666393822309	-4.31046352493661	-16.194270010382596	-16.882393927840496	0.854159659904338	1.0557210698473782	-0.725338651527845	-0.04611319901856975	2.2635776620318975	0.16950579033734467	1.0
1221000	-38.68202693271401	-36.22271554644032	-2.4593113862736873	-18.59456391932963	-17.62815162711069	1.6208727507182616	1.3419956762755043	-0.16829444728941698	0.21816675245992198	0.7765763841575	0.059272521872760206	1.0
1222000	-38.077823061904645	-32.52954243651314	-5.548280625391508	-16.81652389833786	-15.713018538175278	1.312932007814903	0.9171712255056804	-0.3254534559298571	1.520357729743467	1.476452938195283	1.0720174091944878	1.0
1223000	-37.92289112271692	-32.25544488199651	-5.667446240720409	-15.988500334302476	-16.266944547694035	1.3371147388232543	0.8244019589958756	-1.1305683197966743	0.5013970122165369	0.5111794835764014	0.2930093243163516	1.0
1224000	-39.29336269716432	-33.64658205927216	-5.646780637892154	-16.451515686733902	-17.195066372538264	1.3852606816856363	0.9388852845108681	-0.8027316878401237	-0.310926031692383	1.085507717185898	0.09828199256400055	1.0
1225000	-37.19353660351819	-33.97510195419057	-3.2184346493276195	-16.852566221190422	-17.12253573300015	1.0195265489278498	0.5945739034699562	0.05918317092942815	0.7611108835141218	1.4775155409201914	0.2546721924597101	1.0
1226000	-36.75408039898654	-32.865279317512204	-3.8888010814743366	-16.906301794678292	-15.958977522833914	0.9134496380827878	0.9818714110879276	0.03977607707407044	0.9112398920784288	1.1455401230903637	0.3304358353399742	1.0
1227000	-39.163082677117394	-36.042273393841754	-3.1208092832756433	-16.95759307694033	-19.084680316901427	1.113194438358763	1.5422827916907964	0.0722923480667591	-0.22095884136825983	0.4753713850262201	0.20176212528056012	1.0
1228000	-37.886857491868014	-32.80695756225922	-5.079899929608793	-15.999140048005563	-16.807817514253657	1.0831270285545516	1.202868973321319	-0.582472500457825	1.2367555769064307	0.9851656957348025	1.1947815402812973	1.0
1229000	-37.28579919480555	-34.74641739073722	-2.539381804068329	-17.024847553209266	-17.72156983752795	0.9063343814476543	1.3671926728552821	0.11075062476033831	0.2925584938863027	0.42042898764186	0.06318910314170903	1.0
1230000	-37.9338143585758	-35.119038161398805	-2.8147761971769993	-17.79317213257402	-17.325866028824787	1.441829580648225	1.051920944085353	-0.0757159868327339	-0.37253217302992153	0.5675068140899812	0.052598047970932475	1.0
1231000	-36.33171567290601	-32.895144821045484	-3.4365708518605227	-16.272008207023323	-16.62313661402216	0.9483826225574118	1.0908160489039278	-0.3990050841300504	0.26316674395613293	1.3035019953755194	0.45932959265316475	1.0
1232000	-40.60556700072564	-35.7739348291473	-4.831632171578338	-18.038467322379226	-17.735467506768074	0.5895172268873633	1.239925327452018	-1.0301393008673392	-0.3433796494608181	0.5967188584542722	1.6793748331948881	1.0
1233000	-38.45008337402446	-33.635812041775594	-4.814271332248863	-16.59534581834053	-17.04046622343506	0.8686693599437187	1.2385376170706175	-0.2800155495952858	0.387588291546639	0.7534417984885079	0.025437224708512386	1.0
1234000	-38.6093020370413	-35.060757998131265	-3.548544038910037	-18.18490730064892	-16.875850697482342	1.2030997366978977	1.1578709762239354	0.5616862024448863	0.19076807162707785	0.6053473504523564	0.14855623100308646	1.0
1235000	-37.950466476017134	-33.239226930390764	-4.71123954562637	-16.23845774626181	-17.000769184128956	0.767023236323086	1.156227291576022	-1.3366019249868284	0.05322227441059457	1.187137344246801	0.6731521026292837	1.0
1236000	-36.438167492212294	-33.873870984852566	-2.5642965073597255	-16.279041538834363	-17.594829446018203	1.1133566941628235	0.7623848254468252	-0.372413252434779	-0.2928069018737049	0.8622888880824402	0.1117603848559399	1.0
1237000	-37.67138645941405	-32.70664825232237	-4.964738207091681	-15.937402475609767	-16.769245776712598	0.8635009278474444	0.948923238899299	-1.0174115232488163	-0.019755208260007373	0.8711424739238388	0.17013291767825803	1.0
1238000	-38.21830410350035	-31.974709765793342	-6.243594337707007	-15.546685404246254	-16.428024361547088	1.2646930675819288	1.1357654428091228	-1.9808342644593013	0.9475326306978343	0.7035766330438152	1.4975012341512945	1.0
1239000	-38.25159995407569	-31.424815915196454	-6.826784038879234	-15.80226530776136	-15.622550607435093	0.8182931879040776	0.8170771355072604	-1.9593686423435033	1.4155471314151082	1.5776386472723691	0.8342244272585049	1.0
1240000	-36.00385695061223	-32.98876686537332	-3.015090085238909	-16.34941635673929	-16.639350508634028	0.9170277777293919	0.7695603310750293	-0.38250755497758077	0.31748445317459917	0.4939579536823794	0.155536622478243	1.0
1241000	-35.23937785388839	-33.76033389633722	-1.4790439575511705	-16.73308155024165	-17.027252346095572	0.8245395014673618	0.7470078929967694	-0.2995801542906493	0.10539552242374192	1.2087695914333132	0.03276258080237911	1.0
1242000	-38.63871187211032	-33.00457333140762	-5.634138540702697	-15.509417808210964	-17.495155523196654	1.0744358337409687	0.8583274448928334	-1.1411576012820763	-0.4231730163245119	1.8202559740395412	0.26365329198975734	1.0
1243000	-35.544308771875755	-33.74606317927777	-1.7982455925979877	-16.599666964803482	-17.146396214474287	0.867511385314755	0.7975052112999074	-0.2794113533128809	-0.10460683692304719	1.7080587883978071	0.10812177776835484	1.0
1244000	-36.83767158704399	-34.6519110989457	-2.1857604880982864	-17.97361552412793	-16.678295574817774	1.4885869056382328	0.9749355075387304	-0.10411195715048852	0.05412970932681904	0.5471625800899647	0.10301130881357783	1.0
1245000	-36.08411271493861	-33.16063281121728	-2.923479903721331	-16.127045623144706	-17.033587188072573	0.9126013930579334	0.7467812563950853	-0.6017319781430226	0.10181701519054637	1.4871022111435055	0.29588073471692833	1.0
1246000	-35.39624321897434	-33.32467510067462	-2.071568118299723	-16.467084052990884	-16.857591047683734	0.9037259543429844	1.1308828359602527	-0.30744965859524953	0.12379102843510252	0.8637411435025517	0.0855467353646302	1.0
1247000	-35.788672093727364	-32.83565601682571	-2.953016076901652	-16.223063314814365	-16.612592702011344	1.0307046595702545	0.9897954183279365	-0.38318539921995026	0.11598056455842329	0.5347729298923032	0.1971817619982119	1.0
1248000	-34.9816405950253	-34.03674385387578	-0.9448967411495173	-17.05376275218832	-16.982981101687457	0.9139281187974942	1.1335004853750463	0.13848079985062645	0.009132605110554165	1.9260196145733055	0.016312956888642184	1.0
1249000	-36.80702374833818	-35.27148113230369	-1.53554261603449	-18.208525772634275	-17.062955359669417	0.7014500029061888	0.765438697501889	0.3300863213714144	0.028308351365963824	2.005540607112805	0.07668311648251859	1.0
1250000	-38.38410678532526	-34.13089570103452	-4.253211084290737	-17.537565697962265	-16.593330003072253	1.5452681726703394	1.0263186224497982	-0.5246682217815677	0.16789442679345992	1.6837435204531181	0.17921293777569366	1.0
1251000	-38.07601157584007	-33.326423789469956	-4.749587786370116	-15.738391853366032	-17.588031936103928	1.0699409046114672	1.25436874049339	-0.8392144961625276	-0.18144167434378827	1.0564413382534614	0.14940560177522136	1.0
1252000	-37.597381161136795	-33.724893360263124	-3.872487800873672	-17.08717039994032	-16.637722960322805	1.2560213263354332	0.7502899496610326	-0.049277077902646016	0.37549949732789656	2.8839436486969587	0.0674605044936974	1.0
1253000	-37.850083942478136	-33.30074777100555	-4.549336171472589	-15.953589929899229	-17.34715784110632	1.159593004274552	1.1594835661914573	-0.6955908966255672	-0.23813587596580366	1.4218203407401553	0.12136545838087624	1.0
1254000	-42.00040352378381	-31.903493403540274	-10.096910120243535	-15.28447911044904	-16.619014293091233	1.0304710839671776	1.1761179526661103	-2.0452686131312086	0.8043709127018185	0.1929669432874875	0.45265009167245296	1.0
1255000	-36.468550535277465	-32.76190735919065	-3.706643176086816	-16.225127061208383	-16.53678029798227	1.1513214192675394	0.9598986573543634	-0.4527720127169499	0.16779912026432153	0.6341362582816277	0.5533970302586741	1.0
1256000	-38.002209617750395	-33.29315793303496	-4.709051684715433	-15.887598780460225	-17.405559152574735	1.2947555504943717	0.8268233580683736	-1.0923675303424238	-0.32205502682135234	1.2898530178814642	0.4488654961330039	1.0
1257000	-36.88889935899938	-32.43585258070154	-4.453046778297836	-16.56875451343408	-15.867098067267463	1.1134387033940742	0.9576670628405461	-0.16767638098280835	1.0304171781586022	1.3169020640110451	0.40904301891387895	1.0
1258000	-37.58210906883481	-33.36004902931691	-4.2220600395178955	-15.587490758574209	-17.772558270742707	1.0473504424065616	0.6694151302104888	-1.0283582285148811	-0.07891432203368731	1.53800245746938	1.1553529870332369	1.0
1259000	-35.112239532959954	-33.126707914792526	-1.9855316181674287	-16.769318422259673	-16.357389492532853	1.0497383051797107	0.9320423207158997	0.00030694143516258807	0.3250810941191393	1.3300526050722887	0.06591048905311678	1.0
1260000	-34.683908214106246	-33.996999029010766	-0.6869091850954796	-17.229501377063464	-16.767497651947302	0.8590198587841508	0.9134657751573294	0.17358885021906928	-0.006857735024522138	0.9638396071016191	0.034278322484177906	1.0
1261000	-36.98235759128423	-32.76568296320086	-4.21667462808337	-16.110353748663837	-16.655329214537026	0.8778366850750675	1.0791528984091991	-0.7263644845279873	0.199763411320867	1.0944245663032697	0.10696863559657134	1.0
1262000	-39.637535367784075	-32.71076622924835	-6.926769138535725	-16.80094065006942	-15.909825579178925	1.5787101594345085	0.6955639108759941	-1.5479487105016987	1.3180938303105265	0.7679403332804197	0.631172403195203	1.0
1263000	-35.86705924197388	-34.12141239110403	-1.7456468508698435	-17.05748330974956	-17.063929081354466	1.0803420493592575	1.1971384985564415	0.15538381654688033	0.1274439689076151	0.7405720037885427	0.06914275301784417	1.0
1264000	-34.5331740121948	-34.61659779524742	0.08342378305262499	-17.128035691620113	-17.48856210362731	0.8237370959060075	0.69640013444464	0.01914104699356345	-0.01692848774570077	0.7139573946182657	0.024882292073815024	1.0
1265000	-35.927120198988405	-35.59280894115	-0.33431125783840754	-18.1214051672452	-17.471403773904797	0.6465303055824124	1.2903898418979973	-0.11889243182998671	0.08935303171951853	1.2357110950291883	0.014321713003292741	1.0
1266000	-36.81535370517731	-34.873464488704045	-1.9418892164732613	-16.801464566495916	-18.071999922208132	1.1689031554664844	1.375113296825571	-0.08079061049893875	-0.13603317317302466	0.8216393060469096	0.0790673102871033	1.0
1267000	-36.76504199737768	-32.240657925366634	-4.524384072011044	-15.869423187905142	-16.371234737461496	0.9175799528720285	0.9349323366116434	-0.8806798019004545	0.31222714244480293	0.48933780921632797	0.25317311361870054	1.0
1268000	-37.188491557918	-34.352608254257056	-2.835883303660942	-18.189785944482807	-16.16282230977425	0.6237814212772415	0.9036615816730617	-0.28368229949088186	0.5217541670276958	1.0045329124726123	0.36315557667965825	1.0
1269000	-36.13145739303637	-32.61501132504717	-3.516446067989204	-16.458457056616442	-16.156554268430728	1.0792927206045395	0.809926792092612	-0.21856503828566565	0.6344621644583744	0.7574781967528769	0.44114137522099833	1.0
1270000	-36.24514283626004	-32.946584141749206	-3.2985586945108327	-16.489555800503005	-16.4570283412462	1.0684855143644043	0.8256753007837279	-0.19156441517304978	0.3339940171256104	1.2217932924415966	0.5564605432093384	1.0
1271000	-34.19163280583025	-33.582685994083675	-0.6089468117465775	-16.853023603477325	-16.72966239060635	0.8492688682691066	0.9944803295127425	-0.12076408154518248	0.021429293061393087	1.7857762172430702	0.02594952541625104	1.0
1272000	-35.761811295804385	-33.26673673347865	-2.495074562325731	-16.992886108410563	-16.27385062506809	1.183681088660186	0.8934256891305584	0.011747264589494016	0.41430177637650023	0.8002286628794866	0.07865798136060768	1.0
1273000	-39.86218177533073	-34.15434421761432	-5.7078375577164095	-15.88860580344602	-18.2657384141683	0.8672802290477515	1.3862818389734106	-1.0714903508868332	-0.26909346796737466	0.2611582890690737	0.963448184370881	1.0
1274000	-38.55302042251124	-33.854285694452045	-4.698734728059196	-16.46216234682593	-17.392123347626114	0.8046448832106115	0.5499759378095681	-0.6648786911209763	0.892769446579268	1.0175027236247363	0.19728935850438922	1.0
1275000	-37.50099622427314	-34.162266453376944	-3.338729770896194	-16.96917950302405	-17.193086950352892	1.01995810927395	1.2853411385267908	0.13022500324882705	0.5553579407267036	0.912958263001488	0.12858082318566028	1.0
1276000	-35.70831293269462	-34.08392361367746	-1.6243893190171521	-16.963582086840205	-17.120341526837258	0.9586419782262598	0.8982000382342671	0.11632753710302418	-0.23818818300693534	1.058886336071507	0.08305618466706471	1.0
1277000	-38.80465339304359	-33.661356716129646	-5.14329667691394	-17.758737848945835	-15.902618867183815	0.7017500706410141	0.7448516508700347	-0.02030777714244214	1.1024949373770296	0.3114552558575124	0.7457862061832718	1.0
1278000	-36.18491109525619	-34.025434883612434	-2.1594762116437587	-17.03019941015539	-16.995235473457043	1.1792941340455088	1.0718794370233031	0.03874062570965775	-0.11532756243162352	1.4279913104785658	0.10531594477632679	1.0
1279000	-39.7138067387877	-33.150728305502895	-6.563078433284808	-16.293048947106147	-16.857679358396744	1.4777088476337972	0.5405480761614971	-1.884974416731434	1.4336401190666055	0.7949088747255415	1.087958315726105	1.0
1280000	-36.6338510624178	-34.256670444381726	-2.377180618036073	-17.524215970923933	-16.732454473457796	0.9043467604660655	0.9862651276760528	0.4148173904121024	0.015068760366775048	1.3616651759282694	0.11314986453451308	1.0
1281000	-37.33032063022061	-32.421855541058335	-4.908465089162277	-16.179738226909475	-16.242117314148864	0.902055549388079	1.0825848883942306	-0.5752564566496936	1.3504571010828776	0.9983784259684876	1.2581399031451823	1.0
1282000	-36.06586297567278	-33.31008250027431	-2.7557804753984696	-16.261577481544304	-17.04850501873001	1.0286489180479959	0.895059178990959	-0.35263687838258057	-0.18870307759778693	0.4897389803961233	0.12063878040824458	1.0
1283000	-39.55099004005402	-34.612568490237805	-4.93842154981621	-16.878704574537814	-17.733863915699988	1.5045784515246834	1.381334107900697	-0.8821673671753429	0.4984109138558336	0.7905255528772474	0.4316803365064144	1.0
1284000	-37.676193652150026	-32.65375718454605	-5.022436467603974	-16.5396007029162	-16.114156481629852	1.0792634797481553	0.7526807932208489	-0.16270295321918427	0.8301729810471956	0.2650636540967727	0.2509452107970428	1.0
1285000	-37.42075854659562	-32.70555146659699	-4.715207079998636	-15.950289136795067	-16.755262329801923	1.2279490687261765	1.196978978508391	-0.8234723251974796	0.6252701747934243	1.1111848169832335	0.4404740022208119	1.0
1286000	-38.11471084871572	-33.47986803445499	-4.6348428142607325	-15.965778045917176	-17.514089988537812	0.7953454420635864	0.5711121101845946	-1.6456056728252149	0.6404311095773773	1.5562542931621866	1.0074575775763617	1.0
1287000	-38.166893429011616	-35.643824405559556	-2.5230690234520594	-16.61374757921726	-19.03007682634229	0.9187228281893491	0.48847192728393113	-0.16414812778695287	0.3486893644281804	1.9334509307352508	0.40676956829251304	1.0
1288000	-39.4587201189286	-33.97244292437286	-5.486277194555745	-17.896079964950818	-16.07636295942204	0.7943925477536402	1.0459875384034714	0.46033861656788394	1.260685023108905	0.36501612286408075	1.3245000087404637	1.0
1289000	-37.97074811726388	-33.05483618789518	-4.915911929368707	-16.651291390531817	-16.403544797363363	0.7479907380111619	1.014597403401725	-0.8403148579333355	0.3410705282183731	1.1969815683561265	0.1189621872810139	1.0
1290000	-38.325199407664705	-31.27901526150245	-7.046184146162252	-15.462302448463733	-15.816712813038716	0.9924830012129946	0.9036009661036879	-2.535808520061599	1.9761334757352995	0.6047066797289506	15.072038550195229	1.0
1291000	-39.48279505408255	-33.026160311326805	-6.456634742755746	-15.731596266493039	-17.29456404483377	0.904821561512399	1.2472336572033083	-1.129836083523116	0.08141893950018923	0.8686512214326592	0.14610697863009453	1.0
1292000	-36.58986378392549	-32.59611344482631	-3.993750339099177	-15.731271838157939	-16.86484160666837	1.1019854017566018	0.6737111481875059	-0.8618742681232314	0.5018207287794837	0.8294712584779911	0.5638488436627148	1.0
1293000	-40.79775945360882	-35.289447708178365	-5.5083117454304515	-17.29332237730935	-17.996125330869013	0.786990413366696	0.548566817639051	0.023925386035458573	0.48321912028020364	1.6886959036140319	11.622325118337946	1.0
1294000	-37.46110401590047	-34.62808409369361	-2.833019922206857	-17.931305562429326	-16.696778531264282	1.2566313493603005	1.0834802386653253	0.3693860563646049	0.16728071620288476	0.6795720495703891	0.14376255710270908	1.0
1295000	-35.315309799171814	-33.9525137011244	-1.3627960980474145	-16.928887062879795	-17.023626638244608	0.9041630234579245	0.8012866529569688	0.043188099005877834	-0.03283718179763628	0.9714816139240915	0.11046203498550439	1.0
1296000	-35.98375698994342	-33.531385273107986	-2.4523717168354366	-16.363731297120438	-17.16765397598755	1.0404324289554514	0.9574563874773221	-0.2742252936120948	-0.29848272642581664	0.7361380368375195	0.06483244139815818	1.0
1297000	-35.1898378727165	-33.70689802152209	-1.4829398511944103	-16.366430430061932	-17.34046759146016	1.0357836081919398	0.6939260995608082	-0.2718829222849829	0.08587148457780228	0.993232720942554	0.068670205049082	1.0
1298000	-36.399100894377646	-33.27533879871162	-3.123762095666021	-16.896135005704792	-16.37920379300683	0.9441334234605117	1.0270642873898472	0.06346951614170365	0.3900910808577593	0.4869656297644825	0.23594656580898637	1.0
1299000	-37.10624634626465	-34.405222474909394	-2.701023871355253	-16.976108680277825	-17.42911379463157	0.833527747993218	1.2643575685899735	-0.06825344624515413	0.009602428314556516	1.1443124268084468	0.27904167954742903	1.0
1300000	-36.66259700248914	-33.55309261873308	-3.109504383756061	-16.793161555321973	-16.75993106341111	0.8662827902765357	0.6828595006744146	-0.1250460175149956	0.5392375884730987	0.5090101343364928	0.17503528631512758	1.0
1301000	-37.594793806133275	-34.6239066643856	-2.970887141747675	-16.6940561184979	-17.929850545887703	1.277205651496257	1.3341318163140463	-0.3286068662309649	-0.1882247690033334	0.705409450678226	0.15347465200401678	1.0
1302000	-38.68568185730565	-32.742373884011144	-5.943307973294511	-17.037398796158573	-15.70497508785257	1.5688345162010904	0.9124887004267821	-1.046919445801458	1.3988403765008288	1.0525105612877863	0.8929423487860539	1.0
1303000	-40.28384512397904	-35.21577768435108	-5.068067439627958	-18.902249867255783	-16.3135278170953	0.5382370611207398	1.1067538168025306	-0.7995327129391805	0.9343126855585759	2.7498142798469725	0.6611300596016075	1.0
1304000	-42.4245075803275	-35.198759174429924	-7.2257484058975745	-18.575912691512883	-16.622846482917037	0.816621719536198	1.064800980302668	0.8795006943706505	2.015246422303815	0.22701765316342884	1.5571197074757368	1.0
1305000	-37.75392054237231	-34.69364730207553	-3.060273240296778	-17.33032212374264	-17.363325178332897	1.306625256055316	1.119709868698096	-0.011983049709340832	-0.3211818763616871	0.7253241262736018	0.24997953218654026	1.0
1306000	-36.807964885529614	-32.67345034209109	-4.13451454343853	-16.708859324660896	-15.964591017430187	1.0405381272670664	0.7709257694574105	-0.03540247873760505	0.9383432867723899	0.803736793814082	0.2417741465442388	1.0
1307000	-36.62392128453392	-31.10437193062155	-5.51954935391237	-15.341266709267506	-15.763105221354044	1.0358073228570317	0.8868727294679827	-1.5057642423309177	1.0833675611083848	0.6577783392146238	1.3281575825012566	1.0
1308000	-38.08395441820332	-34.10788407348124	-3.976070344722081	-17.97187326499625	-16.136010808484986	1.3779908309486262	0.8941791949654253	0.15773655939655673	0.5532225437471183	1.8162871057025856	0.18087148013035367	1.0
1309000	-37.859064763605055	-34.699018168683054	-3.160046594921998	-17.730258226437005	-16.968759942246045	0.8846751747935683	0.9983417191673117	0.5128279171633394	-0.15861842282720984	1.807263943743584	0.19394400269402517	1.0
1310000	-35.36796391366488	-33.645951502620385	-1.722012411044494	-16.668928466216034	-16.97702303640435	1.1511676871285035	0.7221685915086032	-0.14120550862962233	0.22176102870063047	0.5524368477782661	0.027575553601967007	1.0
1311000	-35.88546711553433	-33.69263407454828	-2.192833040986054	-16.543998301123285	-17.148635773424996	0.9586203454521282	0.9914176786285935	-0.1704626642848411	-0.28527112401388666	1.2268399968588057	0.02875229420400043	1.0
1312000	-36.600269195453855	-33.24618761217418	-3.3540815832796724	-16.32246895128156	-16.92371866089262	1.1016208774372074	1.1903811234299264	-0.33065495072525064	0.2690740211385701	1.0175866683598689	0.35425440227731386	1.0
1313000	-36.17416429330038	-34.229751505609315	-1.9444127876910628	-17.345563573185846	-16.884187932423472	1.1218418687649634	0.9455769149938033	0.27474427779190114	-0.10352994781334474	1.2043562327659163	0.02681727846584786	1.0
1314000	-36.929446510502814	-31.64685527462676	-5.282591235876052	-15.754303706428537	-15.892551568198222	1.0604187701187227	0.8382584906074692	-0.8201997680642282	0.8860874418751865	0.6352755232807092	0.2798692744234175	1.0
1315000	-33.96203161334222	-33.63633432725947	-0.32569728608275317	-16.72763893957337	-16.908695387686098	0.9233049087819035	0.8222556371435208	-0.07341886281629978	0.0026665317230734065	1.5106954507849337	0.03319525615252028	1.0
1316000	-38.19007169997656	-33.03083284890505	-5.159238851071512	-16.031165506259196	-16.999667342645854	0.7830232999237451	1.0030711637947778	-1.6614233613336988	-0.17880126538593677	0.7761512631364663	2.2311290790860627	1.0
1317000	-40.75689236325593	-32.76892294503233	-7.9879694182236	-16.227103650428496	-16.54181929460383	0.8487653722299145	1.1520630219479522	-3.2228772892035322	0.7108779190141679	2.5372589906024805	2.923583847745691	1.0
1318000	-38.64133047033675	-34.53465586819944	-4.1066746021373115	-18.396168295136594	-16.138487573062843	1.162159179989239	0.957236318973553	0.7044173618165458	0.5699471967061693	1.078871819332792	0.5163450599189865	1.0
1319000	-37.26602579595236	-32.575264290109175	-4.690761505843188	-15.492595004205851	-17.082669285903325	0.966724043814572	0.9530702071395383	-1.3158161346223136	-0.24183567503027015	0.9064469035325529	0.7147955840995294	1.0
1320000	-37.52004560426474	-33.46421201010328	-4.055833594161455	-17.253957022917124	-16.21025498718616	1.0586672015670209	0.7254217118326616	0.27710115026719695	0.8322775722513371	1.841955342232518	0.2496520288872264	1.0
1321000	-36.94074814486943	-34.73674015776892	-2.204007987100507	-17.957825975613858	-16.778914182155063	0.7721942532965845	0.8595498334549224	0.4388104409125342	0.03490226186190731	1.4888283672052947	0.06862534867352471	1.0
1322000	-37.089445349114015	-33.71942653337023	-3.370018815743781	-16.555692551167553	-17.16373398220268	1.1947880867703768	1.0495953905751145	-0.27325824520017206	-0.26432918911307923	0.3701958094079788	0.18822373946349177	1.0
1323000	-35.38373923462753	-33.511131036007995	-1.872608198619528	-16.88610717728173	-16.625023858726266	0.9683172911022379	1.0399272392359358	0.07168951523093514	0.1570153264746127	0.9744096205039392	0.12306882704156727	1.0
1324000	-40.2027129398509	-36.147475711716886	-4.0552372281340086	-18.44054206019173	-17.706933651525155	0.7922975576854029	1.0042473245359793	0.7697690087015993	-0.6252416187208008	1.5863409799492136	0.4847964829520843	1.0
1325000	-37.03430195633961	-33.3409836772778	-3.6933182790618115	-15.954615935336156	-17.38636774194164	1.1514439468143123	0.599161883730596	-0.6836388365251533	0.5385465910500664	1.5179023469108839	0.3472473741357537	1.0
1326000	-36.64942085499672	-34.80908419509509	-1.840336659901632	-17.054020844370346	-17.755063350724743	1.240786196310224	0.6083537413902035	-0.04143827508336784	0.23829032505423126	1.706329251691747	0.08984750362596344	1.0
1327000	-38.57608343759803	-32.100344188581545	-6.475739249016488	-15.926882695575276	-16.173461493006272	0.7995401822387477	1.0287883471261399	-2.3434024056594844	1.7296840381656642	1.2140036002746484	2.0141884618186223	1.0
1328000	-36.7232583025775	-34.86439282804237	-1.8588654745351285	-17.440206163726945	-17.424186664315425	1.262164603418212	1.2044851027718475	0.12760545923742528	-0.19224996942780115	0.67099547878129	0.05332593917291404	1.0
1329000	-37.14169636898546	-33.614243247330734	-3.5274531216547262	-17.02520315424819	-16.58904009308255	1.0015936545840805	1.150837038249541	0.1650205854079405	0.5801368972086064	0.8562707398088989	0.39833367332883457	1.0
1330000	-39.70672481383018	-36.20542036893103	-3.501304444899151	-17.44140287195109	-18.76401749697994	0.9163599398708347	1.4751802592969894	0.37692303458753496	-0.29613423714972875	0.9394930937743454	0.050396171888802764	1.0
1331000	-41.3796158838857	-34.25273315452159	-7.1268827293641035	-17.560010255672726	-16.69272289884887	1.5758564439992147	1.1931067343937818	-2.861780676878931	1.0048509517153228	0.6361549904080478	3.052217136188537	1.0
1332000	-35.7839203626081	-33.713688425561315	-2.0702319370467874	-16.62850608533057	-17.08518234023074	1.150183407028573	1.224814967574251	-0.16595441970856148	0.22935158227416003	1.1452795043749626	0.04161468527314768	1.0
1333000	-37.59356578856354	-35.451994337938146	-2.1415714506253947	-17.324481626494745	-18.127512711443405	0.8857532118628894	0.6558159410958709	0.2766105093469856	-0.22436502268890998	0.5705251759853782	0.04575166911242514	1.0
1334000	-36.76868860466444	-35.45698159352871	-1.3117070111357325	-18.15452602352086	-17.30245557000785	0.6564030758384157	0.8357120127108287	-0.0032883006651268643	-0.2749042874407217	0.706858175660048	0.03947352792050483	1.0
1335000	-39.65736302173133	-35.37332383150252	-4.284039190228808	-17.246083231496154	-18.12724060000636	1.522566089646696	1.4385443703531349	-0.6477784145366688	0.30220934000698263	0.7753481415069764	0.28568579575839725	1.0
1336000	-37.09987900565553	-32.534592345584755	-4.565286660070778	-15.791179226141962	-16.743413119442796	0.9918514068918701	0.839646207330766	-0.8171811347731213	0.0892992907707246	1.647410828907191	1.6563154875801893	1.0
1337000	-37.10858868791151	-33.909506389947495	-3.1990822979640146	-17.211348434409263	-16.698157955538232	1.1360733590587535	1.1168659286306946	0.1897804508925307	0.2548381481809332	0.25745191814603785	0.07135074916128661	1.0
1338000	-37.00636145863472	-34.41927948443508	-2.5870819741996436	-16.669697780040984	-17.749581704394096	1.1514730423149369	0.6815056021430351	-0.14107313611931843	-0.11567264581741815	2.7448346921039515	0.08571590582067799	1.0
1339000	-39.457376339664634	-34.45882508785714	-4.998551251807495	-18.158392766869632	-16.30043232098751	1.2803748837528737	0.8403185191288597	0.42792100551219786	0.44465451860336097	0.9246002363606854	0.04625501374574832	1.0
1340000	-37.22251629644163	-33.21762867537728	-4.004887621064355	-16.64089174179886	-16.576736933578417	1.0566778662514564	0.8157929881680912	-0.08465577914764363	0.25678076376022024	0.18429716779176178	0.16923376744104815	1.0
1341000	-37.44557824841068	-34.475595037186075	-2.969983211224612	-16.63110444138095	-17.844490595805127	1.0837498818091993	1.2898761152841556	-0.10463186575991797	-0.2804423890274236	0.996693217457663	0.24004816326566328	1.0
1342000	-37.84129303871951	-35.95454057368633	-1.8867524650331808	-18.066304243096745	-17.88823633058959	1.483622552999095	0.6102664862207168	-0.04509288669914252	0.14458367149615653	0.9479294546119051	0.11760097350751333	1.0
1343000	-38.40269820310708	-33.68115933716838	-4.721538865938694	-16.059148459529872	-17.62201087763851	0.9046592485462094	1.3643085520556288	-0.6951434735024519	0.7433941895510308	0.494588207589618	0.4472404075170615	1.0
1344000	-35.999062035188494	-33.123865018250015	-2.8751970169384786	-16.547065071442233	-16.57679994680778	0.825839522488482	0.729223075212695	-0.469317310358354	0.49421785933840157	1.2990397769432072	0.22579358838061508	1.0
1345000	-38.006982842679456	-34.36105229838529	-3.645930544294168	-17.684323214874414	-16.676729083510878	1.475696135187872	1.1108257063149953	-0.22192272468988244	0.26055275373911924	0.2662806930317323	0.02917933139218956	1.0
1346000	-34.81373234135748	-33.41676702142799	-1.396965319929493	-16.783263094269227	-16.633503927158756	1.0875002852829465	0.8863263782280085	-0.010835897742009493	0.11351344392207466	2.035740968485838	0.04091342151889868	1.0
1347000	-42.45988529332281	-34.40678303462347	-8.05310225869934	-17.37980366890402	-17.026979365719455	0.6410368303818715	1.2594762762723883	-1.1348463984350752	0.738380758458457	1.2970111130861313	0.14834115139109594	1.0
1348000	-38.44788155220214	-35.569667937174856	-2.8782136150272817	-16.932955024022316	-18.636712913152543	0.8433684002072662	1.44102653329002	-0.07425427067485368	-0.3493147116482116	0.42083139208111087	0.10350554090911551	1.0
1349000	-37.426264478324526	-32.4035932757689	-5.022671202555627	-15.506900344676229	-16.89669293109267	1.0969536732648644	1.2229221035759825	-1.1554580468795461	0.5485719637823796	0.7267965475432555	0.5874621001675301	1.0
1350000	-38.89759551317652	-35.74151930739889	-3.1560762057776284	-17.690683055381548	-18.05083625201734	1.5277389954916194	1.3820385846572407	-0.3707756383599727	-0.07584836698184935	1.04581562129746	0.0751931656319601	1.0
1351000	-36.16166459672561	-33.04268358332592	-3.1189810133996883	-16.77442928321856	-16.26825430010736	0.8191270667060501	0.9318381810181379	-0.28315912382154024	0.4117615915262208	1.5692181768600262	0.42288620036081015	1.0
1352000	-36.15793946143269	-31.889646930804556	-4.268292530628134	-15.761005853284928	-16.128641077519628	0.9688460217304032	0.8923811134394427	-0.8890555637278524	0.5618539609752792	0.7548429795940185	0.7864319094161751	1.0
1353000	-40.901774738556504	-35.97738899386732	-4.924385744689184	-19.342159395544755	-16.635229598322567	1.610368116864205	1.1763807976407157	0.18946252900712357	0.7327243810869003	1.3333998932094768	0.5766458753570055	1.0
1354000	-35.93424243782666	-34.764109448744854	-1.1701329890818042	-17.409374088558714	-17.35473536018614	0.8095744332690337	0.739928508695543	0.18162075204101216	-0.08456196574497386	1.2390767567303593	0.09304772461182827	1.0
1355000	-37.558512670083005	-33.69769873259152	-3.860813937491488	-16.4005145455255	-17.297184187066023	1.0178090718289619	0.6146899818544771	-0.2474465838262832	0.5046005960395537	0.4100533026283711	0.07150623727975183	1.0
1356000	-36.93125643565972	-33.11569522291056	-3.8155612127491567	-16.2088358095172	-16.906859413393363	1.2374224570671513	0.6615544677142856	-0.6060098297593093	0.5293908195769121	0.8951352170307388	0.18658259983640862	1.0
1357000	-40.05110947789517	-35.28159330081962	-4.769516177075545	-17.062446069395715	-18.219147231423907	1.0519144031329086	1.4597402652463543	0.17462948338256706	0.5822368999286432	0.4468456054388116	0.06202966348002343	1.0
1358000	-37.466889075177676	-34.33645430719808	-3.130434767979594	-16.17656636970691	-18.159887937491174	1.0105897386119191	0.7374556703869659	-0.4265202160816078	-0.5369749346589524	1.2494287830486346	0.22276574208592437	1.0
1359000	-36.79665853367188	-33.00082063866239	-3.7958378950094933	-16.980266644678647	-16.02055399398374	0.9977415184545361	0.8508423496217723	0.13789303644632833	0.7131280048780673	1.964792089379794	0.2308855609183354	1.0
1360000	-39.707962114671076	-34.21952727641095	-5.488434838260125	-16.317459069434037	-17.902068206976914	1.1737257277120754	1.01894269569495	-0.4113940743288959	-0.7308572249256934	0.23381884591928553	0.18145759844030998	1.0
1361000	-39.308222644416176	-36.58730819756735	-2.7209144468488216	-19.713513197456862	-16.873795000110494	1.794710147568442	0.7147730208550507	-0.18208334447414679	0.3218811624749919	0.5723239457917049	0.08089423676164048	1.0
1362000	-36.180488826297065	-33.94907409342162	-2.2314147328754395	-17.101114656360306	-16.847959437061316	1.0838454976279888	1.0832397640479818	0.17733859267342245	0.02473102920288217	0.9286354252054485	0.1539548378319273	1.0
1363000	-38.455770340111286	-35.099648968532875	-3.35612137157841	-17.19811331348646	-17.901535655046416	1.3826952852845826	0.6503049465148151	-0.25500025147865824	-0.06961100765742978	1.0412225666512378	0.5597990885437965	1.0
1364000	-38.58274310364364	-33.40246760555124	-5.180275498092403	-15.923280740978875	-17.47918686457236	0.9948692978315478	1.3402003299114507	-0.6706739237162471	0.7779244719237075	0.75089736266057	2.1649021230766774	1.0
1365000	-39.07466459002451	-35.2297399908219	-3.8449245992026126	-17.197501549681967	-18.03223844113993	0.9242921153483741	0.5054910703462865	0.23868110815784463	0.8235214665439354	0.6648025519349652	0.19730417507405615	1.0
1366000	-42.59383890388859	-37.93066232496919	-4.663176578919398	-21.85330322409183	-16.077359100877356	2.1017228099836034	0.9456341629698698	-0.28982573520021454	0.6354133749203832	1.0901514060670212	0.38175886391540936	1.0
1367000	-39.31626314869038	-32.349870560755754	-6.96639258793463	-16.05429195758423	-16.295578603171524	1.1127757876720086	1.0972368045422605	-0.5532741265916983	1.3079848385465125	0.21234463648714252	3.595390528859492	1.0
1368000	-38.550871657396556	-32.42104314924754	-6.129828508149017	-15.733991650269054	-16.687051498978487	1.1065900900098342	0.47786147590094874	-0.8622265520068724	2.5638472875596303	0.6124634196007052	2.7576962004801544	1.0
1369000	-40.99057759915705	-32.92607378722382	-8.064503811933232	-17.10012777531766	-15.825946011906161	0.7204131794933226	0.7806696773428256	-3.5508554803015353	2.515044761461195	3.7203439068356987	7.733613400198207	1.0
1370000	-36.953205046175896	-32.731565353132964	-4.221639693042928	-16.461085257364115	-16.270480095768846	0.9133496305305411	0.6669846800878236	-0.2942341232225845	1.0494094282115747	1.0557503421978598	0.286277073638142	1.0
1371000	-35.30836460058549	-32.92115039103131	-2.3872142095541795	-16.460090384191403	-16.461060006839908	1.0915092776611985	0.8654174216935558	-0.224746599189946	0.27248284894113617	1.2631042862998816	0.15670589941694768	1.0
1372000	-36.773928724461484	-31.7858371431688	-4.988091581292689	-15.889693735695865	-15.896143407472934	1.0462880437385729	0.7548173289697138	-0.6783506921979235	1.0750919814634672	0.6929620093268465	0.3767186657185727	1.0
1373000	-36.57567592995283	-33.08331081205975	-3.4923651178930784	-16.174668369892295	-16.90864244216745	0.9618007500496186	1.0786645189310924	-0.467276820193003	-0.03519230054750333	1.9305543061819435	0.24022944778410046	1.0
1374000	-37.46317124780602	-32.059599868260285	-5.403571379545728	-16.403106477941904	-15.656493390318381	0.7396394995289124	0.7914903316511073	-1.3780134292538373	1.3645038019447773	1.8812967963322484	0.9302303064171028	1.0
1375000	-37.57488712078061	-32.47063712473049	-5.104249996050122	-15.624045452460013	-16.846591672270478	1.189116973054647	0.9689259513693067	-1.1270156977358101	-0.07718804262388429	1.2873568161325524	0.28276137757871006	1.0
1376000	-36.91654278353104	-32.8674241347579	-4.049118648773145	-16.723724983907065	-16.14369915085083	0.8628799954026342	1.0207578901644743	-0.1884888509953849	0.7003486579144442	0.429758195069969	0.19575426032001883	1.0
1377000	-35.053485084489026	-33.600662212088984	-1.4528228724000407	-17.077986865130924	-16.52267534695806	0.8515594837790169	0.8393736293028043	0.05357629292991814	0.25770481295043146	1.173808401065112	0.08617659319279004	1.0
1378000	-37.06714250725743	-32.913382063314366	-4.153760443943061	-16.53068025032533	-16.382701812989037	0.9922904801683631	0.8049121679958229	-0.15924571523334724	0.43733447763502875	0.25694618244345957	0.2903297650033082	1.0
1379000	-39.59559143163628	-34.638748932670374	-4.9568424989659015	-16.768775941892578	-17.869972990777796	0.8366511741672056	1.404789178243	-0.2265910028791363	0.6880524833263273	2.2105061186528427	0.1770277752504261	1.0
1380000	-39.03715519063005	-33.188696810039204	-5.848458380590848	-15.46435319789878	-17.724343612140423	0.9098008836816208	0.4298787707028951	-1.9771104514626567	1.996885859779947	0.7151560520914798	4.518983478558766	1.0
1381000	-35.52586689069714	-33.59987498349446	-1.9259919072026774	-16.785110019985478	-16.814764963508978	1.0054029617994829	0.802401097452271	0.016654643100585703	0.10788147908635469	1.5413838746308155	0.15385126544763003	1.0
1382000	-38.401007971134845	-33.06380017807808	-5.33720779305676	-16.955944600074712	-16.10785557800337	0.7322529877206938	0.9780073480521109	-0.5921797456979729	0.6403812199820955	0.34959587946784826	0.1361784364712	1.0
1383000	-34.69057499532442	-33.89001355636214	-0.8005614389622759	-16.936727378184173	-16.95328617817797	0.871414184154305	1.147270304085939	-0.006057723302741319	0.0741072947211247	0.820991138776111	0.04268608511001112	1.0
1384000	-34.886341520052504	-34.08212495478608	-0.8042165652664224	-16.857837238644006	-17.22428771614208	0.9279441631624823	0.7694386034637649	0.023187009147835363	-0.08678956586251974	0.8429628857288073	0.05625360220548651	1.0
1385000	-40.329348659907374	-35.47296053358994	-4.856388126317432	-18.92523335784529	-16.547727175744647	0.9815783412063606	1.022291019700781	1.0793448103789278	0.2058021684975267	1.1842814210856287	0.25826453919302605	1.0
1386000	-37.04820259197852	-33.6978090225395	-3.3503935694390172	-16.14892086632059	-17.54888815621891	0.8874228952257573	0.6972136816552825	-0.6501806152335059	-0.05703326572441708	2.0890637351619556	0.11690556482563955	1.0
1387000	-37.234637609969575	-33.96254020305331	-3.2720974069162674	-17.12094104142789	-16.84159916162542	0.8810232670087954	1.0545016842752086	0.13911786782093188	-0.014091258615908292	0.3391816957809644	0.24041800016506826	1.0
1388000	-37.59982916357236	-33.83838032545148	-3.761448838120877	-16.85467544446616	-16.983704880985325	1.3454365513506672	1.2186378554430088	-0.3771652513855106	0.341088131346045	1.4326363660007797	0.10934872227294858	1.0
1389000	-35.22046162398821	-33.43404307552513	-1.786418548463073	-16.793740865959148	-16.640302209565984	1.0573617761115794	0.8839235395409225	0.01254193854089769	0.11046683912167404	2.12798256033729	0.06260938530340789	1.0
1390000	-36.63433016236726	-32.5034226512226	-4.130907511144665	-15.89406217653013	-16.60936047469247	0.9800858788715049	0.7583908538929954	-0.7177381226291276	0.3726894316562366	0.9352160739134613	0.12527275036008914	1.0
1391000	-36.207701507094626	-33.887305043762666	-2.3203964633319583	-16.407843057864792	-17.47946198589787	0.9277622293132253	1.23788124529834	-0.31418160931045913	-0.14004905599724615	1.0006073847170702	0.03613377745770425	1.0
1392000	-37.6851578106665	-31.114693768665454	-6.570464042001049	-15.305358454964196	-15.809335313701256	1.0792426473759569	0.8021485357573358	-1.6047088201854143	2.422404031128388	0.6166561578154994	7.972738481451073	1.0
1393000	-37.55562180439885	-35.62645246289912	-1.929169341499732	-18.702624224076246	-16.92382823882287	0.6060830244760274	0.7144871847625031	0.029582094017679972	0.28711969449689856	0.7518739557077551	0.18268157669230112	1.0
1394000	-38.902071367598154	-32.328880250632714	-6.573191116965438	-16.533730244661974	-15.795150005970742	0.8585871292574673	0.8799809338953483	-0.3628231100023777	1.014715108834453	1.1719291512123213	0.1114655096837838	1.0
1395000	-36.34655967490391	-32.68155486970453	-3.6650048051993793	-16.199002597173084	-16.48255227253144	1.013160105961937	0.7897252170715451	-0.4067908432320843	0.388788873836439	1.1605907433958087	0.8592691939036275	1.0
1396000	-37.874191025981865	-34.66687076902606	-3.2073202569558004	-17.018094627813962	-17.6487761412121	1.3739307780960643	0.5864963073168686	-0.3431608904249035	0.44231929690123356	1.0331187793094363	0.08206499421105592	1.0
1397000	-37.41894043691172	-31.896284390516126	-5.522656046395591	-16.035411688913	-15.860872701603125	1.2043645545329809	0.6839234449176869	-0.6927542735469097	1.4601451397359515	0.4795845141654153	1.774724570044676	1.0
1398000	-37.58066098358745	-31.369909248385227	-6.210751735202221	-15.598206219823307	-15.771703028561921	1.0509767947593627	0.8375689416840364	-2.761560023190508	1.067506508743701	1.019639747461005	3.8598375256425608	1.0
1399000	-35.45761994669605	-33.9676438100875	-1.4899761366085493	-16.915862526898394	-17.051781283189108	1.2800335757148051	1.1817998331360315	-0.1939784402414385	0.08337194350724975	0.6810883936721732	0.02593143589935003	1.0
1400000	-37.89979532455327	-34.78103519327348	-3.118760131279787	-18.128545290975943	-16.65248990229754	0.6621948309090033	0.9843674549390407	0.019774643255445257	0.07921563027271272	0.17066287151181736	0.07575487194294737	1.0
1401000	-38.550200915552004	-32.746615450995485	-5.803585464556521	-16.995243855686756	-15.751371595308731	1.528080372360405	0.6774394098921155	-0.8793607510780278	1.7151697782499638	1.2888698724421608	2.1681109865853587	1.0
1402000	-36.484922931481314	-32.317553980151686	-4.167368951329626	-16.09534693161873	-16.22220704853295	1.0350663936473528	1.01368763718059	-0.48932893412092465	0.5582925352998102	1.8758128485638037	0.3610482500255926	1.0
1403000	-34.87365902002354	-34.51802705241002	-0.35563196761352023	-17.583065588913154	-16.93496146349686	0.7143159042794419	1.1426809134304667	-0.09276365292318531	0.07918913865955422	1.2571975838447973	0.026164000760028602	1.0
1404000	-35.50204572364859	-33.75807107763269	-1.7439746460159	-16.748591578792503	-17.009479498840193	1.0646060914709197	1.1331084253287347	-0.01895241114614199	-0.015927603538669927	0.5129718805993246	0.07728140321233852	1.0
1405000	-42.15465012850831	-36.834534723050105	-5.320115405458205	-15.930246253747784	-20.904288469302323	1.2889076544719817	1.8121915764331145	-1.0164410689950834	-0.11394928476530242	0.9530283733196574	0.36058620959742577	1.0
1406000	-39.41374781348538	-35.109968632876026	-4.303779180609356	-18.163516574435786	-16.94645205844024	1.5083518464360286	1.2155055814403173	-0.06203601761426672	0.3812714379554232	1.6222589004410821	0.029327461159990933	1.0
1407000	-36.74572150778352	-31.988823526556068	-4.756897981227452	-16.076907686224864	-15.911915840331204	1.0976002464541663	0.9598732724873351	-0.522612196068847	0.9304873154237587	1.6285593758932673	0.9394185928658345	1.0
1408000	-37.219791614593134	-34.66614643731916	-2.5536451772739746	-17.819531730047135	-16.84661470727203	0.6976770733766202	0.8553385589741962	0.005264318346098307	-0.007493407818596358	0.9094531518664746	0.41207405782997797	1.0
1409000	-38.823466717090255	-34.79019797495225	-4.0332687421380085	-17.64199255118164	-17.148205423770612	0.6794592859201088	0.5042104450656681	-0.2946082033067893	1.5423639355548375	1.6494309150336495	0.9583718195037848	1.0
1410000	-35.65145261816892	-34.35052545240867	-1.300927165760252	-17.0608498073424	-17.289675645066268	1.046356377882973	1.2324047880978322	0.1761812641791899	0.023210383049721214	0.8516472554101365	0.04168644696670003	1.0
1411000	-35.79994585752526	-33.978318052703216	-1.8216278048220444	-17.105530250864835	-16.872787801838385	1.0951582804422082	1.157426890243531	0.17116412944602175	0.19265777987496238	0.7820246286668235	0.058705758867820326	1.0
1412000	-37.89828012051924	-34.75586132107749	-3.142418799441752	-17.048099270847704	-17.707762050229782	0.8402872216468166	1.0082813965510578	0.00472089666421982	-0.6250542075124461	1.4502042039003014	0.19302474900043434	1.0
1413000	-38.36881324074799	-35.763475113590225	-2.605338127157765	-19.29248666334638	-16.470988450243844	1.6813713311003422	0.8888467748780298	-0.023549074848944352	0.24171929138166923	1.1644715288766776	0.11276036234077294	1.0
1414000	-36.780516998868414	-34.574040881558645	-2.2064761173097707	-17.785815091299956	-16.788225790258693	0.6865225476944238	0.8065128221415392	-0.1009029471115988	0.11802924170085763	0.8741163217203661	0.28720809890014476	1.0
1415000	-36.74200002386479	-34.49628250269379	-2.2457175211709988	-16.836758604571724	-17.659523898122064	1.146910910653815	1.3460784265067567	-0.03294948918351823	0.2007799065382609	0.6026211503494046	0.09851678971904514	1.0
1416000	-38.469993862402035	-34.39949501261978	-4.070498849782252	-16.665249162140004	-17.73424585047978	1.3712039537173442	1.3134853090759182	-0.579653601816335	-0.08859498625441037	1.1818873366664757	0.10335444837082157	1.0
1417000	-36.45727842985952	-31.668720037543487	-4.788558392316034	-15.72917470266121	-15.939545334882277	0.9653845773817308	0.846182120336808	-0.9367842556628865	0.815728622955143	0.5513055016993399	0.9511198704615065	1.0
1418000	-34.932608091408	-33.12269299645708	-1.8099150949509177	-16.583001804990502	-16.53969119146658	1.12166192672647	1.0315688238376932	-0.16567589347329284	0.22677735658275142	0.7245554828588963	0.03818335696560323	1.0
1419000	-36.653526033691165	-34.40412630724708	-2.249399726444079	-17.330936800490093	-17.07318950675699	0.7617076089355985	0.980105564735961	-0.05082563383591558	-0.23638134625001408	1.1518216328569615	0.23816956610227646	1.0
1420000	-38.187247735806	-35.13454735483846	-3.052700380967538	-16.870486134766075	-18.26406122007239	0.8924153357353463	1.4647934543514982	-0.01552144794059529	0.3982682056071333	0.7868107808294084	0.2317395560091109	1.0
1421000	-36.28226078604711	-32.739572708566726	-3.542688077480385	-15.972916283864507	-16.766656424702216	1.1695009968690424	0.7828607975707019	-0.6918292440016123	0.1878222567175204	1.3465276702875466	0.2032038559889697	1.0
1422000	-37.25410532035817	-36.466871547104205	-0.7872337732539638	-17.956442553259727	-18.51042899384448	0.7094090043860553	0.5428376914562508	0.18423571566248864	0.2084314294013622	1.8738048428274658	0.06450449449789575	1.0
1423000	-36.297810828754194	-33.543955194358006	-2.753855634396185	-16.907448573697277	-16.63650662066073	1.371190069331315	0.8851899733200153	-0.4078208928841965	0.1122221050112947	1.0014176317448802	0.062423639154584695	1.0
1424000	-38.457873935039814	-31.744196403769838	-6.713677531269975	-15.827123195003663	-15.917073208766174	1.0175768894701311	0.9900308098243631	-3.027392740109047	1.0902028648539508	1.515415596956576	6.388011050037662	1.0
1425000	-37.071211299274374	-31.635872445374147	-5.435338853900227	-16.067454078296958	-15.56841836707719	0.9763443200085049	0.7909521884359829	-0.5486768874843887	1.9056967530805764	1.252204873184875	1.175895271386015	1.0
1426000	-36.18074237544394	-33.22490537048304	-2.955837004960895	-16.601450466383646	-16.623454904099397	1.0505824172355587	0.7298900714231412	-0.10869362673272011	0.45481779148697066	0.4790101655902597	0.09788622483637795	1.0
1427000	-38.704100449281	-32.23897790535727	-6.465122543923735	-16.26855319898852	-15.970424706368748	1.4735068810808518	0.837937277680011	-1.81383184928299	0.787949489239538	1.0167090163053503	0.7543399223902028	1.0
1428000	-41.53359426800004	-35.83859445107757	-5.694999816922468	-15.726630887628255	-20.111963563449315	1.0842569100750172	0.9272975568793027	-0.8570364782153124	-1.702483653921233	0.6902645980998813	1.1346205310509354	1.0
1429000	-39.03989540906518	-35.59778487988288	-3.442110529182301	-16.731079745088973	-18.86670513479391	0.9799692230719053	1.427533840294122	-0.0250545281052319	-0.5807531630805929	0.749450307860707	0.17767226996731475	1.0
1430000	-39.44135652606476	-31.67410340599028	-7.767253120074478	-15.802014830064957	-15.872088575925325	1.0586220629035368	0.9424326693062772	-2.9825702394159403	0.9616140052769422	1.782713494868884	1.6160874235003817	1.0
1431000	-36.698610560419205	-32.94600125362482	-3.75260930679438	-16.19745884116505	-16.74854241245977	1.1034139130747975	0.6912169939828279	-0.4277207589923745	0.5106943802044795	1.1390312707360133	0.08576181616759135	1.0
1432000	-38.52938429223764	-34.87591531781594	-3.6534689744216973	-18.570082731205986	-16.30583258660995	0.6446447160626553	0.9508173867753701	0.2541697168742704	0.3795089678667035	1.5763587860580703	0.027391075395443314	1.0
1433000	-35.69888326674525	-35.03404036615456	-0.6648429005906913	-16.780014802776506	-18.254025563378054	0.8735105510278114	0.6197590526772273	-0.11888194245862022	-0.12231851497625805	1.1654072111946308	0.05717826090926113	1.0
1434000	-35.28427339685329	-34.14241065602279	-1.1418627408304953	-17.299395377167166	-16.843015278855628	0.8066469121437281	0.7610312647460331	0.09477182215767702	0.19144558978282566	2.069364972418221	0.05499497657150171	1.0
1435000	-39.714536959657835	-34.14666393162468	-5.5678730280331585	-15.90474197445802	-18.24192195716666	1.2299671669339205	1.388278001906442	-0.8759144877107309	-0.23823936940182844	0.5230370620865532	0.13401948361216437	1.0
1436000	-38.701684987034206	-31.53632085785288	-7.165364129181325	-15.736992355146851	-15.799328502706027	0.943540220915262	0.7690611544989956	-0.9793806945220027	2.516268435458259	2.0235715472289306	1.1705996593495533	1.0
1437000	-35.99203263476904	-33.90409949391712	-2.0879331408519137	-16.810336966754207	-17.093762527162916	1.0189765680089362	1.0773540245265814	0.0327791793120239	-0.1839032152161318	1.2267450425174118	0.12897211757233956	1.0
1438000	-36.00776749775022	-33.69582639828784	-2.3119410994623824	-17.167937018806388	-16.527889379481454	0.8741778348760639	1.0757951664784025	0.15933601689687932	0.33150331064523353	0.8414151681645415	0.03911791982402328	1.0
1439000	-36.29295745096014	-33.61011571032064	-2.6828417406394944	-16.932334898008712	-16.67778081231193	1.2886190471585726	0.902157057634437	-0.20119124394108157	0.06724716765806182	0.5081259551231129	0.17342366919010957	1.0
1440000	-38.9963603349114	-32.45321898051564	-6.543141354395755	-15.771231035062879	-16.68198794545276	1.3307641990115884	1.0711801093318634	-1.513069900583881	0.15622231460613245	0.23958131203886593	0.7275136931716596	1.0
1441000	-36.54442222448721	-31.606007031395794	-4.938415193091412	-15.460971198205264	-16.14503583319053	1.0033216713438762	0.9793235480100306	-1.2803353582811934	0.591792972389035	0.7074591318436294	0.8605684651004993	1.0
1442000	-37.49905729369029	-32.85749869071343	-4.6415586029768665	-16.86505255768993	-15.992446133023497	1.1015860854974417	1.0002827705523956	0.028089593708412963	0.9228763645371933	0.44256157366247706	0.6835571889084212	1.0
1443000	-37.41266456880747	-32.362560133327946	-5.050104435479529	-15.99062878512903	-16.371931348198917	1.0717806763474085	1.1035634535007826	-0.5856796275592053	0.6957082948908874	0.8076559878253396	2.343391733678758	1.0
1444000	-35.27646814969849	-34.20061590351577	-1.0758522461827185	-17.56705605623889	-16.633559847276878	0.7871280148746862	0.9359278610797653	0.22450645155640653	0.0869846970441659	0.8718213953365913	0.031099536952052514	1.0
1445000	-39.5749851633461	-33.181027120798475	-6.39395804254762	-17.456162612565397	-15.724864508233075	1.3844033360581047	0.7548548148837301	-0.11329517070428874	2.4463150747384637	1.5662453698130765	2.726329782951624	1.0
1446000	-36.281141662737845	-34.197330695010095	-2.083810967727753	-17.036868189386738	-17.160462505623357	1.3110323615619366	1.1396314617463477	-0.18520709728809578	-0.13118750661755552	0.5017722345731529	0.0622381057717815	1.0
1447000	-36.45091030833825	-33.0722177080897	-3.3786926002485522	-16.531521165696095	-16.540696542393608	0.8511406273972472	0.7507580365272195	-0.3887030621348738	0.4504276250042624	2.4137472435711564	0.3363502205227734	1.0
1448000	-35.27819543691619	-34.03471082437569	-1.2434846125405004	-17.024225544785214	-17.01048527959048	0.9514813998198726	0.8623937420850928	0.15050400367980388	-0.12847670469576597	1.8268661098511987	0.04208079772178957	1.0
1449000	-36.66129883301828	-33.711254341965684	-2.950044491052597	-16.855454054172515	-16.855800287793166	0.997122896312952	1.1913490438438334	0.060600805461076046	0.3726642301568345	0.41377629895494594	0.04867033223878003	1.0
1450000	-35.52854919348885	-34.43317218084213	-1.0953770126467226	-17.288858507221576	-17.14431367362055	0.7339800597757645	0.7010676499576963	-0.2358474031667912	0.18630752396397254	1.556882579761631	0.050524420931621836	1.0
1451000	-37.17031680744797	-31.082880061906266	-6.0874367455417	-15.505410982191107	-15.57746907971516	1.2396750387702085	0.7381916433872451	-1.5920608678429782	1.884144685826007	1.3837063155367157	4.243158156617487	1.0
1452000	-33.97825611544266	-33.326624793367145	-0.6516313220755154	-16.777191013344968	-16.549433780022177	1.041044795797427	0.923559459859342	0.008007242813883264	0.15801819328792324	0.721230697611672	0.021538494476179688	1.0
1453000	-35.90372590415675	-32.70026907578936	-3.2034568283673903	-16.170962698911868	-16.52930637687749	1.073930161148606	0.7529949861157227	-0.43203501763376795	0.45257803597274493	1.5967570066925134	0.16510922566142797	1.0
1454000	-40.13244452241546	-36.889186407040484	-3.243258115374977	-18.058447727376123	-18.830738679664357	1.4244160011164295	1.4708261542121868	0.09498831968127386	-0.37795222399200235	0.9091909790861343	0.045244896281699865	1.0
1455000	-36.499454886263344	-34.95770993984233	-1.5417449464210142	-18.298874282735287	-16.658835657107048	0.6617855271988586	0.941147751601554	0.16018254967263854	0.06615867179884682	0.47068218118247523	0.060430550126067746	1.0
1456000	-35.29019665524665	-33.07479624080227	-2.2154004144443817	-16.34303597159531	-16.73176026920696	1.0999197124725208	0.9876910660407906	-0.3142442482009458	0.01626781196588284	1.3801201639216623	0.08971546796488618	1.0
1457000	-36.41931201055958	-34.52069435486264	-1.898617655696941	-17.5070263705314	-17.01366798433124	0.6877903503486438	0.7071812774335019	-0.36093279155978364	0.2517417759051732	1.0128351535336584	0.08538769116031018	1.0
1458000	-37.17269434285486	-32.48850583531264	-4.684188507542227	-16.367503763689925	-16.121002071622712	0.8729283504733266	1.052487853860212	-0.47356948981728586	0.9589479304782277	0.5134006179514757	0.39038607185124585	1.0
1459000	-36.62674302508006	-33.499407662388016	-3.1273353626920426	-16.90891604913268	-16.590491613255335	1.217997419125881	1.1174896108866774	-0.08750983025280484	0.3924624701182104	1.5713474743177367	0.10823450540063366	1.0
1460000	-37.08302316193414	-33.395203023835606	-3.6878201380985374	-17.033309663075876	-16.36189336075973	0.7495456990144007	1.1000060667751728	-0.385007154699404	0.6920217392698685	1.2328695914762837	0.5704883357536971	1.0
1461000	-36.937887800506445	-34.71279154016605	-2.22509626034039	-17.098020722422586	-17.614770817743462	0.8279388697087542	1.3203653919952907	0.008671771633151887	0.08274316217473848	0.44402605506576937	0.10835218638513368	1.0
1462000	-35.95921220071568	-33.735458248935956	-2.2237539517797305	-16.950670074225552	-16.784788174710403	0.9395896967614578	0.7259548037285581	0.0955763427751628	0.34598443429822523	0.7827641721972571	0.16599883326709228	1.0
1463000	-37.506177113402686	-34.85062957941673	-2.6555475339859504	-16.838878764772947	-18.01175081464379	0.860628725302947	0.6857229059805292	-0.10299037930680571	-0.28303319942399613	3.1346903509249535	0.11955330950933571	1.0
1464000	-40.20596950644903	-35.333271242400116	-4.872698264048914	-18.32972437158699	-17.00354687081313	1.742010032964607	1.1451773735072313	-0.774447579351258	0.01970824707513342	0.4066383923580832	0.15677687947291413	1.0
1465000	-37.18853757768357	-31.937266069991264	-5.251271507692308	-15.826600990651269	-16.110665079339995	1.1644287832883948	0.7978801817346277	-0.8295717960577282	0.7069720183494257	0.4151559797809259	0.28200113446997227	1.0
1466000	-38.96121829291228	-32.32773339454941	-6.633484898362866	-15.549048162747336	-16.77868523180208	1.0007847021378864	1.1802052888214125	-2.6917978836062324	1.4237229848142934	0.8405392161795506	7.138186531938553	1.0
1467000	-38.85872374258608	-33.224994383537734	-5.633729359048344	-17.60700731783362	-15.617987065704114	1.5033729267452085	0.7187248991189362	-0.3456147718643522	1.794706268482374	1.1591839736011254	1.5571415744233115	1.0
1468000	-35.89262672465139	-32.700044293087345	-3.1925824315640514	-16.33604599656635	-16.363998296520993	1.0947664337623244	1.0530402300219368	-0.31582507604543575	0.4723660980476932	0.7916835915938684	0.13988862071146205	1.0
1469000	-35.80806995215745	-32.93070463200311	-2.8773653201543423	-16.40214767076314	-16.528556961239975	1.237472891732068	0.9086714107419257	-0.45402782267480124	0.1812277207172733	1.0792480062847962	0.1166219319804355	1.0
1470000	-40.66040444193088	-31.646551780077402	-9.013852661853479	-15.863884298525656	-15.782667481551744	1.1088982356710475	0.8428641879120862	-0.7263593969617974	1.0443228651911598	1.4874647141279642	0.11142634850245811	1.0
1471000	-38.202496771181494	-36.639661615348594	-1.562835155832897	-18.391195408688045	-18.24846620666055	0.6438696244598675	1.4274330246546565	0.1008987104835511	-0.023790635623564496	0.900162170453908	0.08984045236471615	1.0
1472000	-36.48121897891339	-33.99642942325778	-2.484789555655613	-17.496996626338532	-16.499432796919244	1.2560559868760568	0.7899146824519281	0.16652955379189688	0.37462926996879437	1.1704475819172402	0.06345282411989907	1.0
1473000	-35.46530517616852	-34.718974752494745	-0.7463304236737751	-17.769053521233925	-16.949921231260817	1.447776509725445	1.0991273614045733	-0.10304891316945594	-0.03505131891216848	0.55883125381903	0.018259318896800276	1.0
1474000	-37.77510198862886	-34.51850923740953	-3.2565927512193293	-16.934536382779942	-17.583972854629593	0.9231310929420085	1.2793802237663554	0.06987066388341745	-0.08561696147018533	2.3495754551017862	0.12276032000333074	1.0
1475000	-37.20312295264069	-31.73947266104902	-5.463650291591671	-15.424042557413133	-16.315430103635887	1.0540425678689773	0.774292721754408	-1.2922862770680572	0.5712352107228211	0.7717153664698203	0.3715180971613437	1.0
1476000	-37.89914218888647	-33.41522262541285	-4.483919563473616	-16.402393477508276	-17.012829147904572	0.8440120385268653	1.2574044387597927	-0.540361534009001	0.7985139597717433	1.4063947890716417	0.2863472374610252	1.0
1477000	-35.616982837063	-34.601690302099506	-1.0152925349634905	-17.26506312238172	-17.336627179717787	0.7821971158088831	0.7473171336377515	-0.016426572741487844	-0.09560609814372771	0.9943662835058169	0.09008404453545611	1.0
1478000	-37.10050255380119	-33.9026014721498	-3.1979010816513913	-16.424670508434648	-17.477930963715146	1.252729129458414	0.6996294449677237	-0.4673731676741836	-0.02269769550437728	0.4422863163642658	0.16658298346562003	1.0
1479000	-35.017309444651595	-34.0079879861147	-1.009321458536895	-16.8884984858826	-17.1194895002321	1.0777564939857427	0.729369094666499	0.05922384400357181	0.10020981710059668	0.6228108396293438	0.047684323995564194	1.0
1480000	-37.41615185803738	-32.96142095231423	-4.454730905723154	-16.834088703100043	-16.127332249214184	1.0363428947545867	0.8871524799472658	0.044758009275932764	0.565614811583503	1.4962155492009375	1.5546187280265433	1.0
1481000	-36.61403725951083	-31.530190296039585	-5.083846963471245	-15.83011173627407	-15.700078559765517	0.8772375205191691	0.8196258651938173	-1.1093824509251695	1.2201094394140943	0.6853555423304598	1.6732778872827858	1.0
1482000	-36.39848933671383	-32.562243585322996	-3.836245751390832	-16.298703064152427	-16.26354052117057	0.9992729697870993	1.0278525388699344	-0.33156053039307054	0.5376434382404637	1.9423606168815888	0.19207890487612145	1.0
1483000	-36.535262442546504	-34.40495881371851	-2.1303036288279964	-16.479535152708973	-17.925423661009535	0.9962514694612944	1.3553469227933097	-0.19483234344360598	-0.0840504529119605	1.3051665738800722	0.08002095204726954	1.0
1484000	-38.074510590365875	-31.655514448807732	-6.418996141558141	-15.754913947919658	-15.900600500888075	0.9328560119704861	0.765944883313753	-0.9859745289558274	1.0326869339025218	0.9910797177663518	0.2356853259714735	1.0
1485000	-36.63137084319659	-33.703644678414705	-2.9277261647818875	-16.778158440988946	-16.925486237425755	1.3385676653902738	0.8974748657031997	-0.41137129018699975	-0.10800672892054744	0.5436511723232941	0.12991886953268125	1.0
1486000	-39.02033467283165	-35.86526888235423	-3.155065790477421	-17.426027766507033	-18.439241115847192	1.1161960243512143	0.5259435721398059	0.32127273539970724	0.38140369372532434	1.4384734557193148	0.04449423212055017	1.0
1487000	-35.157529182021065	-33.11285562987385	-2.044673552147218	-16.334931014610785	-16.777924615263068	1.1059711088495774	1.017616552665396	-0.32471980560657054	-0.0013665117068419608	1.0483948128837448	0.06401569381774697	1.0
1488000	-39.29287124275652	-33.25268677248707	-6.040184470269449	-15.4214051156283	-17.831281656858764	0.931111056248061	1.262147671351005	-1.7951657518830755	-0.3551541648031725	0.4782688412399402	0.994422270204468	1.0
1489000	-36.15347649474881	-34.20928419102551	-1.9441923037232987	-17.05115282788647	-17.15813136313904	1.3107319022976966	1.1794238980185214	-0.1761639690942409	-0.02930422394821238	0.5968694845744923	0.071770646292511	1.0
1490000	-35.72586986051368	-33.76436862964967	-1.9615012308640192	-16.4348805574926	-17.329488072157062	0.9036891617862394	0.7253376619054518	-0.3348778851173566	-0.021905693976653845	0.6116105358776582	0.06956061663841938	1.0
1491000	-39.86694215996854	-34.586760263474055	-5.280181896494482	-18.438998051001555	-16.1477622124725	1.2042209540167699	1.0660498245629284	0.6640852498541799	1.0734336257044241	0.8690999394002169	0.36077525912962555	1.0
1492000	-38.62054338196522	-35.80472737133009	-2.815816010635131	-18.40953443267457	-17.395192938655516	0.6724278148352374	0.826726872293223	0.31646580209582653	-0.31570420832500523	2.7380774053798786	0.05703421727656288	1.0
1493000	-39.53049239673887	-34.907905161197604	-4.622587235541268	-16.79313083006372	-18.114774331133887	0.832574936959813	1.0070613484634863	-0.21926269133345172	-0.8454129595365221	0.46358999795942313	1.021042729805907	1.0
1494000	-38.63855834890285	-34.63879919640246	-3.9997591525003897	-16.731105659822717	-17.907693536579742	0.8966776049220596	1.0419049306881738	-0.11065469692110863	-0.7264651869729317	1.5831476997078493	0.6802890394321797	1.0
1495000	-36.7979643037679	-34.28907518872592	-2.5088891150419803	-17.947843175373833	-16.34123201335208	0.695791607756357	1.025248595458031	0.09963756966685522	0.43123911567376977	0.64250207944007	0.1069997171456025	1.0
1496000	-39.055098965033096	-33.662173745558896	-5.392925219474204	-15.935432266756282	-17.726741478802616	1.051237425744057	0.779080005283277	-0.6335915577961352	-0.40990711994273776	0.7737660679402166	4.789317789898567	1.0
1497000	-33.79207874550586	-34.03059637556114	0.2385176300552745	-16.69892402701351	-17.331672348547627	1.0111523704646062	0.7147732902780857	-0.039121231431318904	0.01316273477791255	1.374994418180258	0.02122073492795565	1.0
1498000	-36.44181947804164	-33.91828751562297	-2.5235319624186645	-16.862575776434888	-17.055711739188084	1.1488208642619144	0.7648207206882043	-0.019776908705355846	0.03479867896504585	0.4031845131120541	0.14837440208985803	1.0
1499000	-35.24087548897913	-32.87293801922936	-2.3679374697497666	-16.264993470374016	-16.607944548855343	1.0703251818802	0.8185545607242783	-0.35633950867558534	0.22731203109123832	0.9719402484908084	0.12591797300951235	1.0
1500000	-39.63425686723696	-32.40200727425669	-7.232249592980268	-15.725909886262285	-16.676097387994403	1.1967555469102384	1.0200152220752698	-1.006324786819663	2.2758415321415755	1.3557904263733864	1.0498734441572897	1.0
1501000	-36.82180303211239	-35.400717668206525	-1.421085363905865	-17.531765985307956	-17.868951682898565	1.39463412445011	0.6493782522441709	-0.09695471726457408	-0.046069664494861495	0.9291139227449806	0.07920642331566354	1.0
1502000	-43.24394106012413	-38.966150733245435	-4.277790326878695	-17.50056088632563	-21.465589846919805	0.8501261850402749	1.878282304156427	0.332174789758023	0.45320021584439485	1.378687741283738	0.09323650051608841	1.0
1503000	-35.55599144090726	-33.78150022265619	-1.7744912182510717	-16.832717575744642	-16.948782646911553	0.8054737112992751	0.790735043180673	-0.2855940044093003	0.04104195618353729	0.9082337783445662	0.13277145044508273	1.0
1504000	-39.16428970626474	-35.4612250611544	-3.7030646451103344	-17.83917780949392	-17.622047251660483	0.9831469724898048	0.8201711189138822	0.6033202161206845	-0.4361054628614019	0.7762727759743524	0.1484911428237019	1.0
1505000	-39.01814036598555	-31.9421436378238	-7.0759967281617495	-15.645172282434913	-16.296971355388887	1.1607708252020275	1.0270293707767901	-2.661909673653663	0.49067728996745874	0.8854417902074336	1.316456921908444	1.0
1506000	-35.4846724781043	-33.23059132670471	-2.254081151399591	-16.539740390123033	-16.690850936581683	1.1117020121428765	0.7847527877966101	-0.18553268379686855	0.2388372572471513	1.2023848324378497	0.17174751879840716	1.0
1507000	-38.18040017423622	-33.242808523611906	-4.937591650624314	-17.590357817257242	-15.652450706354664	1.3046837860225369	0.8569754645162609	0.12469803768711202	1.3359761798027368	0.7460109020865736	0.8068853959255287	1.0
1508000	-41.20654507134428	-36.91786413951097	-4.288680931833309	-18.805858139818906	-18.112005999692066	0.7171784474914259	0.9678672954905891	0.7808309729423608	-0.841097811607858	1.750314044912717	0.5047836737579144	1.0
1509000	-36.20154921542612	-35.30563774854825	-0.8959114668778698	-17.586756316317178	-17.718881432231072	0.7707275169362623	0.6353694212805212	0.1826102784383311	0.11328969679282146	0.6395592486468463	0.030216178303614203	1.0
1510000	-39.05605000181461	-35.190549485962556	-3.865500515852055	-18.903066363819555	-16.287483122143	0.5497805332394955	0.7081864885317418	-0.5483650966572672	0.8288157576982736	1.1351859151299037	0.2008862961998122	1.0
1511000	-37.04635222789139	-33.44144117997893	-3.6049110479124566	-15.900956495037901	-17.540484684941028	1.022155040549212	0.6733082338896567	-0.6739298413299111	0.04512483973079415	0.7618662024650587	0.10388172889131224	1.0
1512000	-36.44555446252741	-32.395665233425966	-4.049889229101445	-15.9757303190771	-16.419934914348865	1.2187608725618941	0.91778420545932	-0.7778622404110493	0.27008191867310805	1.3431872633920272	0.4028300841480336	1.0
1513000	-37.987568634058626	-35.033965866980324	-2.9536027670783023	-18.033794601459103	-17.000171265521217	0.6269271060500673	1.0467334784086277	-0.41788743761284564	-0.14826990058174014	0.43399746262050504	0.07513674881356416	1.0
1514000	-36.42047581176374	-34.132315969495565	-2.28815984226817	-17.00668854715179	-17.125627422343776	1.0479014313217863	1.037919083380436	0.1443145243675048	-0.24707691182406966	0.9881646156894267	0.14785264177431326	1.0
1515000	-35.94091685200094	-34.26155628310224	-1.679360568898698	-17.452905141842734	-16.808651141259507	0.8239848415424647	0.7772120874848646	0.24823271462699797	0.17192545903195472	1.1943252306301426	0.124808517027318	1.0
1516000	-40.165116354192605	-35.299042655586604	-4.866073698606002	-17.720207042331467	-17.578835613255137	1.6702938481863776	1.2392683189257312	-0.9192381094882469	-0.22131041485482136	0.661197778805112	0.3057219293226588	1.0
1517000	-35.72392700134785	-34.649285339084884	-1.0746416622629726	-17.898997171809242	-16.750288167275638	0.6810625086345945	1.0594940612269261	-0.03976222434891672	0.07184627596470343	1.8673948993229852	0.05954180712768297	1.0
1518000	-36.92004436564776	-34.32514009653812	-2.5949042691096427	-16.798144846031132	-17.526995250506992	0.8153771986789035	0.6046836160357029	-0.2765445045459648	0.4080594278271388	0.7431970833858056	0.25407284798424706	1.0
1519000	-36.85933825080459	-32.74406420061099	-4.115274050193601	-15.791743944475432	-16.952320256135557	1.094330126472568	0.7907868122625722	-0.7905219743925309	0.03851696952164313	1.287766393227631	0.1312539464478566	1.0
1520000	-36.037366975984064	-32.49377999716569	-3.543586978818377	-16.360766237577234	-16.133013759588458	1.1054337052636227	0.8764803237424409	-0.3053931135343867	0.5661161356867189	0.6300751068182665	0.343008551450779	1.0
1521000	-36.3482959556897	-34.428783537748934	-1.919512417940763	-17.47998628648792	-16.948797251261013	0.7843964067083857	1.037616984851911	0.15382404199829547	-0.11805095708712393	1.133681765915519	0.15677970635529095	1.0
1522000	-38.8481238963021	-36.183758275834165	-2.6643656204679305	-19.771779625072487	-16.41197865076168	0.5251037543281776	1.0976711116353262	0.020546443006085685	0.5775335956577614	1.3990646638177204	0.13921529323154194	1.0
1523000	-37.74090686434306	-34.631346166057725	-3.1095606982853363	-16.19620290152477	-18.435143264532957	1.0722232626916968	0.6545441800089076	-0.4110522516032081	-0.3873111176117888	0.8254265894781697	0.08042233748193026	1.0
1524000	-37.053237065563124	-33.528021474773375	-3.52521559078975	-17.66176608165714	-15.866255393116235	0.7103373913642076	0.8905339373214187	-0.04926557067339127	0.8980581827532277	1.1617215001793904	0.5279984103009892	1.0
1525000	-37.07336796901148	-32.93197802553057	-4.141389943480911	-16.23535752355595	-16.696620501974618	1.0042191586364513	1.1784859981785263	-0.38043943891309234	0.5777138054528606	1.2066463870824131	0.10333466368987543	1.0
1526000	-36.18710463316543	-33.315326364773355	-2.8717782683920796	-16.178895866578276	-17.136430498195075	1.0588907812687784	1.1861554439148279	-0.4208068914295672	0.012192319087545478	0.7319357981677087	0.1761176039732034	1.0
1527000	-37.379089633077214	-31.777196422936658	-5.601893210140558	-15.2977974087759	-16.47939901416076	1.020754482165187	0.6340877472104737	-2.105216889214044	1.0415710983396322	0.9355539798474516	1.949091294260657	1.0
1528000	-35.92610561715233	-33.70480073091679	-2.221304886235546	-16.69828113221226	-17.00651959870453	1.244905523901089	0.9902534788291371	-0.2630884973005586	-0.1882469781795384	0.8320742360294503	0.08619879568690884	1.0
1529000	-38.335347889095345	-34.98157325621441	-3.3537746328809313	-16.806694213949733	-18.174879042264678	1.2390945140612608	1.409159937532815	-0.1842643233580409	-0.05558211004935441	1.7088684948862258	0.12402184033513926	1.0
1530000	-37.08272575187699	-31.067942706626102	-6.014783045250889	-15.404913703119519	-15.663029003506583	0.9366022811071036	0.8536918823519901	-2.0706592437423352	1.2976999721994977	1.8294377831153852	2.5121763965351596	1.0
1531000	-36.06166591681085	-33.28735358964241	-2.774312327168448	-16.92063067240578	-16.36672291723663	1.2533789176562253	0.8106954005674367	-0.14070648217187642	0.438907705201694	1.2185200097266258	0.07678350729473703	1.0
1532000	-37.46884517960406	-35.3725012666461	-2.096343912957965	-17.898108916986725	-17.474392349659368	0.6311689478131907	0.7139703353410151	-0.523796579926267	-0.072847374624537	1.6738357903731782	0.12742683300961863	1.0
1533000	-35.51796008504866	-33.0337926827625	-2.484167402286155	-16.613139315869304	-16.420653366893198	1.198169385947649	0.8408511584110454	-0.24023587090314624	0.33905607563965023	0.7679109544138305	0.09180492546736932	1.0
1534000	-37.93081027036156	-33.37560966467611	-4.555200605685449	-16.823934296530457	-16.551675368145656	1.0849920768560652	0.6483933549462197	0.015710360269408197	0.8882605896698093	1.1920649126982295	2.294185536317	1.0
1535000	-38.95316258160549	-36.164026612538024	-2.789135969067467	-18.565799823007552	-17.59822678953047	1.4737091433946485	1.3248393336624011	0.20614370161398288	0.13347764954309968	0.3129707085375521	0.06761954029006371	1.0
1536000	-37.918172561902004	-34.00252682341486	-3.915645738487143	-17.846989752625575	-16.155537070789286	1.4598301991252292	1.0184269870841094	-0.09369149888766648	0.67200609543746	0.6285758016179291	0.3327464049337885	1.0
1537000	-40.540684332918154	-32.27754106763726	-8.263143265280897	-16.066005409374135	-16.211535658263124	0.8000409670340917	0.9064873528503717	-1.2958366254633813	0.47041158693673146	0.19182994874728823	0.22063394836252143	1.0
1538000	-35.743936147423625	-34.43737732107576	-1.306558826347864	-16.722396061836672	-17.71498125923909	0.8907198216801412	0.7224199497219739	-0.12809566294920838	-0.2446631805156777	1.8126952511767591	0.03662885835447276	1.0
1539000	-37.423241810784916	-32.433020045127	-4.990221765657911	-16.237042707100876	-16.195977338026125	0.7694331340092212	0.6823421642217274	-1.3063693245040877	1.0434753093538527	0.966967774272501	3.67179349403073	1.0
1540000	-36.570323118142966	-34.055770426993476	-2.5145526911494867	-16.68253642807338	-17.373233998920096	0.9515459079297844	0.8658427558433969	-0.07615612684494832	-0.36101613113403014	0.9651230910146731	0.23838843991557176	1.0
1541000	-38.134133583323944	-34.22776777810491	-3.9063658052190307	-17.044895457180754	-17.182872320924158	1.4763608672626185	0.6209098705846666	-0.6309509097913881	0.5486644572567836	0.928865229357993	0.43857249212877186	1.0
1542000	-35.35419303212851	-33.738273921023364	-1.615919111105141	-16.689982489576416	-17.04829143144695	0.8559196851557959	0.8277736003001119	-0.23489526298619873	-0.10080209589481715	0.8671127904174089	0.10131415274802766	1.0
1543000	-37.91628498219246	-31.890496731323942	-6.025788250868515	-15.887774877543125	-16.002721853780816	0.8705871288506764	0.9743657301899097	-1.054095903938895	0.7974380767460149	1.699702402259607	0.24948108068605523	1.0
1544000	-38.77357134630031	-34.540362132833735	-4.233209213466573	-16.94725742731699	-17.593104705516744	0.8539694361533765	1.29331039365413	-0.03650437795925754	-0.034545600207933624	0.5120622191335272	0.9568132985224523	1.0
1545000	-35.15270819514771	-33.78159887488495	-1.371109320262764	-16.752489573773897	-17.029109301111053	0.8380704257519846	0.8700700094478458	-0.2358404710703133	-0.15026958904202087	0.8578476234528883	0.036285968988110574	1.0
1546000	-37.72081992668577	-33.71061448222771	-4.010205444458061	-15.89255059598706	-17.81806388624065	1.0373620298412747	1.3251697092051888	-0.676960947582287	-0.11986216925253274	1.1341427800372854	0.13561898692395652	1.0
1547000	-38.45249872552853	-33.6346064165206	-4.817892309007928	-16.513935385779245	-17.12067103074135	1.1310383561308366	0.8806247103115294	-0.2208847215565225	-0.22169408042531502	0.2230615175313774	0.5743069486824744	1.0
1548000	-37.87863344604924	-35.375763685571314	-2.50286976047793	-18.19151063866352	-17.18425304690779	0.7520362702714651	0.7037757724375245	0.524353253283863	0.14918978045351475	0.8460923001998633	0.1652959460308849	1.0
1549000	-35.491378925475885	-34.47988436274635	-1.0114945627295395	-17.87113689597041	-16.608747466775938	0.7248783203011104	0.8884189474508737	0.19818323481633843	0.13087709733118677	0.8498008210599717	0.03874179482370814	1.0
1550000	-40.152932891361274	-32.88765872402095	-7.265274167340322	-15.79264207443205	-17.0950166495889	0.921359086715034	0.4926961884472974	-0.9707285413849579	4.0248170366441425	0.7715197633942682	3.246360764468406	1.0
1551000	-38.21719385707267	-31.572598502275923	-6.644595354796747	-15.522718958362622	-16.049879543913303	1.2019200526240608	0.7259032562555096	-2.349611150485246	0.9989473067930504	1.157365246085452	1.221887186619972	1.0
1552000	-37.13210519502425	-32.60592875436314	-4.526176440661111	-16.839429501778085	-15.766499252585055	1.2343889505092607	0.8824035334838217	-0.15608936764917258	1.071774511482202	0.7478463796102659	0.8406930572396702	1.0
1553000	-37.7192094958418	-36.34724693954915	-1.3719625562926525	-17.10897920665792	-19.23826773289123	1.193032155861347	0.5123501375135945	0.06344147639229625	0.02685442683576106	1.5085702570857475	0.106614420655673	1.0
1554000	-38.14880304606313	-32.710000404473114	-5.4388026415900175	-16.436232232402958	-16.273768172070156	1.3183519410145352	1.0292580158783828	-0.6113902919797539	0.527337851938923	0.7097377043484254	0.0888042160921709	1.0
1555000	-38.78298103224091	-33.21581728049449	-5.567163751746422	-17.273273098594874	-15.942544181899617	1.0595416247739173	0.9446683859234652	0.28695162199706253	0.8327988076380355	0.6499592654396201	0.10041702787418078	1.0
1556000	-40.59382711371002	-36.143498315356396	-4.450328798353626	-17.965152652727326	-18.178345662629074	1.3900732302778787	1.4528724814836067	0.12855024463774362	0.6368165874028016	0.4805374927889434	0.5453270291674246	1.0
1557000	-41.65852422999664	-41.31252932585578	-0.34599490414085843	-20.42534639748406	-20.887182928371722	0.4732325193080844	0.4261328119453314	-0.26124711182040306	-0.05007373955448319	1.5311164692794936	0.0896929048925422	1.0
1558000	-44.793858827004115	-39.37225661596771	-5.421602211036409	-17.04175280144907	-22.330503814518636	1.5469742727091158	1.9626696511616433	-0.9250259909880603	-0.45441331243160316	0.45985626532118523	0.7387852297819248	1.0
1559000	-37.79018971918595	-35.71236911487222	-2.077820604313736	-17.8052138207664	-17.907155294105817	0.709399006147992	0.6125802053581619	0.06494288587979899	0.11999289174214109	0.7875757581090396	0.2688983811677943	1.0
1560000	-34.514333739018184	-33.293477479432134	-1.22085625958605	-16.639113366734513	-16.65436411269762	0.9148020722992751	0.9512383292562823	-0.1506793666913447	0.06916165813558289	1.0824710510035032	0.06865604582488767	1.0
1561000	-39.2373056106557	-36.1425985801599	-3.0947070304958046	-17.32747215682088	-18.815126423339024	1.0360933411709534	1.5101666126420223	0.32762962765191833	-0.13490712401742772	0.5455436754867595	0.18609031026102224	1.0
1562000	-40.30206302080564	-37.03259434742136	-3.2694686733842815	-19.677507240739722	-17.355087106681637	0.49992193346988173	1.286958529142102	-0.5933722916323855	0.22625439822372417	0.6830053003247303	0.28145208235343144	1.0
1563000	-38.311824986202836	-31.016425327823637	-7.295399658379198	-15.286619679125478	-15.729805648698159	1.1122727348207893	0.9242435682705402	-1.9364795545728977	1.3648938141667704	0.9652522113107332	0.7592145512256517	1.0
1564000	-38.11721192661382	-33.50227348772732	-4.614938438886497	-15.81950510452092	-17.6827683832064	1.0568030772770771	1.0120900228710406	-0.7495956576515744	-0.6100277590073353	0.45069922716190786	0.5478806399425454	1.0
1565000	-37.94414613075057	-35.761655474370954	-2.1824906563796143	-18.846061048476926	-16.915594425894025	1.485983898307431	0.8075820710691219	0.29350845735504477	0.02665667597479238	0.5591308786590247	0.03358060048233021	1.0
1566000	-35.43370299465083	-34.26631756314974	-1.167385431501088	-17.37748472775148	-16.88883283539826	0.7231032525407585	1.0566773350774488	-0.222407193768116	-0.05013996582846375	1.2127001201954628	0.053412170649568685	1.0
1567000	-35.42319608989322	-34.146987125592915	-1.2762089643003023	-16.635773825566176	-17.51121330002674	1.0520796316404535	1.2557411474422577	-0.08638951677939122	-0.10718218140573788	0.9499850042305106	0.04695987088504671	1.0
1568000	-37.34424232780844	-32.395195099029756	-4.9490472287786815	-16.064691887969058	-16.330503211060698	1.013457561832526	1.11261190058051	-0.5225850329683461	0.9826669429625783	0.8419507965166176	0.2715889668473608	1.0
1569000	-38.98668003664459	-33.46500050344936	-5.521679533195232	-16.092897112462236	-17.372103390987125	0.7647726864527541	0.993530981141519	-2.0419030425215863	-0.4284476241019848	1.5671681595672928	1.6159652749422806	1.0
1570000	-37.08282713160169	-35.43831983042294	-1.6445073011787483	-17.462986411268027	-17.97533341915491	0.7754401047567235	0.6227753062124609	0.10934019249274299	0.023517342301597632	0.5555657465273475	0.11055083624937677	1.0
1571000	-37.11988526322154	-35.35047120552859	-1.7694140576929505	-17.722010493011485	-17.628460712517104	0.799459967116419	0.7146192605869061	0.36343999701763724	-0.16784486289068423	1.3107332548049515	0.09410629743696601	1.0
1572000	-35.33967380514453	-33.65993649784497	-1.6797373072995643	-16.907162810766206	-16.75277368707876	0.8909486171798825	0.8249503828305115	0.008201141762963937	0.10749546389697118	0.9039068116775764	0.14196939008601414	1.0
1573000	-35.80464305786037	-33.207093066736554	-2.597549991123811	-16.6633624627655	-16.543730603971053	0.9191391966801093	1.0171920597409139	-0.1261090219128198	0.2031482797725922	0.8009010047702377	0.2605712151434406	1.0
1574000	-38.539971310407964	-35.4581198526632	-3.081851457744758	-18.250289179108226	-17.207830673554973	1.343594334048351	0.685986450769089	0.35078784352392034	0.20500242332808005	0.40580375933922025	0.13765098865136913	1.0
1575000	-38.89712725741641	-34.49024019809974	-4.4068870593166665	-18.06620323801436	-16.424036960085378	1.0858530868201361	0.6331560120206079	0.6500496902617692	1.1011381124931874	0.9280176377515506	0.6568492738030451	1.0
1576000	-37.733675215187574	-31.853768161563586	-5.879907053623987	-15.892725460146233	-15.961042701417355	1.3011699871643645	0.8170591556854889	-1.110427615796801	0.8324420774455384	0.37879576819607874	0.46812291651444027	1.0
1577000	-34.8165793578659	-33.660966208011445	-1.1556131498544508	-16.750167258787428	-16.910798949224013	0.8511184539148167	0.9085988983125952	-0.19847295767733558	-0.10615266331165119	1.00060506173093	0.054800351060189434	1.0
1578000	-37.66554340585645	-32.10369130182812	-5.561852104028328	-16.311832375492095	-15.79185892633603	0.8887592120831392	0.6240723931123762	-0.4813065079515477	2.335272786074841	0.7778565395288232	2.8088443131396494	1.0
1579000	-35.20012047350164	-34.04667993595411	-1.153440537547528	-16.754417365704146	-17.292262570249964	1.0799898040143863	0.6791145878634798	-0.023788687301948497	0.1784223397774728	0.5512098315306647	0.03790041117042777	1.0
1580000	-37.04451013492831	-32.84968893321221	-4.1948212017161	-16.390232309496795	-16.45945662371541	0.888186173704506	1.1276476490096545	-0.409785968514486	0.6845033917000269	0.7156108427674113	0.895716884456166	1.0
1581000	-37.82437027744874	-34.837934698365956	-2.986435579082788	-17.85562257846744	-16.982312119898513	0.7055269845997265	0.8076553614398552	0.08325565555286285	-0.018704282349714385	1.0768193680161862	0.7132333158675772	1.0
1582000	-39.5741948136575	-35.45452204935006	-4.119672764307438	-19.140328497072204	-16.314193552277853	0.5540691944351904	1.109267254045727	-0.1908651723441601	1.0303508927218252	0.7869304366634646	0.8743130577285302	1.0
1583000	-39.318670807909804	-35.70027310445807	-3.618397703451736	-17.59939072799939	-18.10088237645868	1.0776294687087702	1.4313404238149505	0.4410695118383472	0.2590753653954624	1.3730506622901981	0.14240860494259516	1.0
1584000	-35.009684565468106	-33.64910911872117	-1.360575446746933	-17.04437174427102	-16.604737374450146	0.9794393385841228	0.9155925650380408	0.17397030564044058	0.11634636850215002	1.274193863400397	0.06393733042810792	1.0
1585000	-38.279650271792605	-33.92051512206718	-4.359135149725426	-15.880031135931873	-18.040483986135307	1.0498298594020876	1.062817389432814	-0.6877318972502795	-0.7883343093930082	0.8370799944837836	0.5515408143818384	1.0
1586000	-39.701741499237855	-34.88202476611502	-4.8197167331228306	-17.399162305956605	-17.482862460158422	1.234653903796461	1.3331284558135095	0.1529811707423867	0.9757144825234977	0.9723965222915342	0.8850701193880288	1.0
1587000	-39.716184804317095	-34.005302672089755	-5.710882132227336	-17.482505722950837	-16.522796949138915	1.4303679114325194	1.1577524240302006	-0.21255993589043062	0.9775966056504843	0.770835813108456	0.1554799915585248	1.0
1588000	-35.89504374361791	-33.96681264942439	-1.928231094193519	-16.73406136039198	-17.23275128903241	1.1821597389777956	0.8395561109593127	-0.13983312614562526	-0.23816941234774036	1.1790188634344432	0.09317935266709053	1.0
1589000	-37.86467889397467	-34.05521102750458	-3.8094678664700847	-16.313692481252613	-17.74151854625197	0.989982379540133	1.1251069317615183	-0.32458780953004057	-0.562645931314429	1.626924157125814	0.3046456855201278	1.0
1590000	-39.383831035039314	-38.008788069335964	-1.3750429657033476	-17.80251228677403	-20.20627578256194	0.7576451571592169	0.4598653043871841	0.28728639144727974	-0.03673531738119354	0.7480092415550602	0.023155404906209178	1.0
1591000	-37.887823105050806	-34.62225952279571	-3.2655635822550986	-18.31566074128834	-16.30659878150737	1.371491051318345	0.8622809353287062	0.32310380958535756	0.4101485175484094	0.627253789324674	0.2131487482547748	1.0
1592000	-36.256635126755384	-34.75323311041865	-1.503402016336734	-17.84204704083318	-16.91118606958547	1.3919977923497422	0.9179658208188274	0.06597213289449555	-0.1121652539564646	1.3159358160693295	0.05007563696085434	1.0
1593000	-34.95593067221707	-33.25713216428584	-1.6987985079312322	-16.708044783063247	-16.549087381222595	1.1343069141223872	0.9925371626550112	-0.09793024839370079	0.17370761727523995	0.682375553231042	0.07202093387257794	1.0
1594000	-35.34491218106315	-33.27782689426151	-2.067085286801639	-16.499343238666118	-16.778483655595394	1.0167328643110747	0.8594231840480717	-0.17557506549782181	0.03537671144437672	0.9075580444573207	0.17190568443470686	1.0
1595000	-37.53748917099444	-31.21884501527456	-6.318644155719879	-15.310536287218547	-15.908308728056012	1.0026557009828359	0.7520644041056924	-1.7415619447289596	2.6948898720704015	1.160087523169995	8.423235403869807	1.0
1596000	-37.16834654150894	-32.6619146635172	-4.506431877991734	-16.88923854088216	-15.77267612263504	0.7644373004189527	0.8731843028321565	-0.4387133834986887	1.0540317060966538	1.43369699642242	2.066443658022307	1.0
1597000	-40.8725858331609	-34.292177522125115	-6.580408311035779	-17.332952669757816	-16.959224852367303	1.6536973656410088	0.8752686513045035	-1.2613651414944815	-0.10959098071421688	0.8767901376672247	0.2095508082679532	1.0
1598000	-35.073564307384125	-34.37367368292541	-0.6998906244587205	-17.138185891320333	-17.235487791605074	0.8206601781054726	0.7267077197543875	0.017771626926947004	0.03333552224189423	1.6240716695291666	0.06776703386745046	1.0
1599000	-37.0733894061793	-34.80106483596154	-2.2723245702177644	-17.349390171562156	-17.45167466439938	1.1863678945436509	0.6557331886774597	0.19975295854448674	0.1810281098437195	0.8432713660071367	0.1922682885171785	1.0
1600000	-41.69837920440322	-38.80731821067451	-2.891060993728709	-21.822335447361958	-16.984982763312555	0.42077464694089645	0.5834043351746132	0.062315327281158614	0.9497433503218776	2.446954204482135	0.8778456127913009	1.0
1601000	-36.00871431447287	-33.081624624555616	-2.9270896899172536	-16.83026548894648	-16.251359135609135	0.8916394805605331	0.8261793877970165	-0.04591059290495264	0.5126521977342434	0.569290019662305	0.11892949028674799	1.0
1602000	-36.355884019531224	-34.58781957926588	-1.7680644402653438	-17.42921301138543	-17.158606567880454	1.269902831530743	0.7824857331205868	0.10842242872370583	-0.07781048367561016	1.1101729407438818	0.10845799831715298	1.0
1603000	-39.26564781080843	-33.27502089209486	-5.990626918713576	-16.499260043743526	-16.77576084835133	0.8262723998873488	1.1038856770657275	-0.5156292650830453	0.13555388430315424	0.35354683166201295	0.028775271476434792	1.0
1604000	-36.33887497057376	-34.16642725000513	-2.172447720568637	-16.961213933243826	-17.2052133167613	1.2530855319783467	0.910398374163038	-0.1162322771842798	-0.3017288017264673	1.2709586881296573	0.044021088885691256	1.0
1605000	-39.001668757575274	-32.16196571101588	-6.839703046559395	-15.492039464166744	-16.669926246849133	1.2468511250305319	0.8524813827014475	-1.8477717210220748	0.12439360689145751	0.7510954277001027	0.47742109278364403	1.0
1606000	-38.49219691170354	-35.17210902402426	-3.3200878876792785	-18.398348369645824	-16.773760654378435	0.6253137681460549	0.696943693438368	-0.05913413085919439	0.46684880141089513	0.49393145790511706	0.43282376073519	1.0
1607000	-37.2139639787789	-35.645435328849764	-1.5685286499291342	-17.450699843926984	-18.19473548492278	0.7213810613802143	0.6419413443062042	-0.1661916466614058	-0.19878765549095784	0.5194808968244096	0.055376730997703044	1.0
1608000	-37.24055479934296	-35.38936570959951	-1.8511890897434504	-18.37285150933308	-17.01651420026643	1.4567714734514385	0.9331739626710533	0.1622462912589821	-0.19160991881614792	0.6787778171584401	0.047445272097332535	1.0
1609000	-38.6501277984081	-33.234632137762006	-5.415495660646094	-15.901183020989144	-17.33344911677286	0.8685744145872225	1.1430540805113207	-1.0444454718510119	-0.26013248052020965	0.6256976839975567	0.19064019199196186	1.0
1610000	-39.087704194359816	-34.54665083286656	-4.541053361493258	-17.924434666015372	-16.622216166851192	1.4192622196562086	0.6620329212073345	0.043528402875263605	0.7521809661220011	1.6207418742067374	0.11575937166235674	1.0
1611000	-39.373318058376206	-35.07769406529663	-4.295623993079576	-17.04710630819592	-18.03058775710071	0.6799716371693798	0.821661694800389	-1.047957237518627	-0.6614403150121513	0.7854232340045532	1.1068953555959546	1.0
1612000	-40.99843623409006	-35.192151733057344	-5.806284501032713	-15.349331660635201	-19.842820072422143	0.9939582492472236	0.3758981418899242	-1.597953218246433	1.1870256214487294	0.7943478144189227	0.7214108355192715	1.0
1613000	-38.13392426828322	-33.60689038336295	-4.527033884920265	-16.143003038245457	-17.46388734511749	1.2027855614940113	1.2255742396192784	-0.5952564267209973	-0.16528439166568304	0.778127279807893	1.139226940411879	1.0
1614000	-36.99357869621691	-35.09170074743399	-1.9018779487829178	-18.35731899650053	-16.734381750933455	1.5032561246546885	0.9902722887750685	0.04269489515453989	0.015412568955819828	1.5875376040692228	0.05025216823708952	1.0
1615000	-37.64737472593705	-34.188002720303984	-3.4593720056330617	-16.27370545587479	-17.914297264429198	1.016195569344967	1.3435721838538908	-0.3452577902969391	-0.13090568068316294	0.26139078455384485	0.07688260373823759	1.0
1616000	-37.75630353170572	-35.257778989863766	-2.498524541841953	-17.31118287928158	-17.946596110582185	1.3522487077396963	1.399585561848641	-0.11862431663589743	0.2000557052608587	1.386248201396706	0.04490658893674274	1.0
1617000	-36.24482158569124	-33.32269797941882	-2.9221236062724225	-16.75715184783974	-16.565546131579076	1.0056701034469329	1.0971858590013253	-0.0013986432385900485	0.350343282552702	1.2084428828411071	0.27131720498525874	1.0
1618000	-35.166605884696736	-33.72408904517042	-1.4425168395263137	-16.957307434124317	-16.766781611046106	1.2674746749420605	0.7835860314379698	-0.14497910497641037	0.1859269858705832	0.83535625781825	0.046738314972707896	1.0
1619000	-38.45602082453503	-36.7868826824932	-1.669138142041832	-16.483415274000144	-20.30346740849306	0.8490236616295482	0.45247705398189525	-0.4411983408164303	-0.016574489983686092	1.598019640818221	0.11804120114089364	1.0
1620000	-35.877519016288126	-33.76358779273055	-2.1139312235575756	-16.38519199742007	-17.37839579531048	1.162664329094239	0.7361631617513358	-0.3468640531020568	-0.08751737767643032	0.7532226360366273	0.08189996798420068	1.0
1621000	-35.394651192584874	-32.77908956776787	-2.615561624817002	-16.33489253601664	-16.444197031751226	1.1088528531798592	0.9921388570383719	-0.32702039309994657	0.2715669936983874	0.8539172681854086	0.13541735945716876	1.0
1622000	-36.66077401763372	-32.27499312584644	-4.385780891787276	-15.659936277200062	-16.61505684864638	1.122713047137246	0.8172200448568453	-0.9649637566306871	0.22443312341180963	0.5911058954714797	0.3523671408458421	1.0
1623000	-36.41071178454875	-33.11655865808895	-3.2941531264598005	-16.194512237881092	-16.92204642020786	0.9031873143270152	1.0214815506639023	-0.5574888398247563	-0.11109803829514453	0.5651204869974545	0.1196441380138604	1.0
1624000	-40.26543105496932	-35.8823672027295	-4.3830638522398235	-19.2325962428595	-16.649770959869993	0.5877641932217625	0.9866263270514968	0.3078767150470284	0.08265286955764642	1.0207659384132053	2.611042381446236	1.0
1625000	-38.45990550149566	-36.3638561958459	-2.096049305649764	-17.543738815773	-18.820117380072894	0.8743139196937685	0.5769497392207161	0.39462061618884925	-0.19482686460214438	1.8196098639746565	0.17667218297005746	1.0
1626000	-39.10496057848852	-35.30413872882278	-3.8008218496657475	-16.436177675452424	-18.867961053370355	0.8331364605524034	1.5527407687827082	-0.5507582129960642	0.28324773769561173	1.2941805485632767	0.26039098120762244	1.0
1627000	-38.563903632279654	-33.924864023850404	-4.639039608429249	-16.133008535994584	-17.791855487855823	0.9166757856407817	0.9811612654011934	-0.5858595629939013	-0.6733839208648746	0.4019394775326421	0.24655832162736205	1.0
1628000	-38.51152596528125	-36.23678620061325	-2.2747397646679968	-17.80325594966381	-18.43353025094944	1.500978928232581	1.449885846140098	-0.22733589840593338	-0.09781749101191858	0.9208884981050687	0.04129704983194099	1.0
1629000	-41.01092989581432	-32.442133631781104	-8.568796264033217	-15.661994668293557	-16.780138963487545	0.9338218932067436	0.9652914821819075	-1.123166136307758	-0.027805951661836248	0.8941617294895119	0.08704929064999545	1.0
1630000	-37.14608624765767	-32.87413076667348	-4.27195548098419	-16.78367295061184	-16.09045781606164	0.9489765435925924	0.9138487877706296	-0.008063975282788988	0.6017774876817568	1.7233382166608961	0.0570045154616832	1.0
1631000	-38.13818971129373	-34.363980946840215	-3.7742087644535136	-17.129369653498976	-17.234611293341242	1.2992890630074372	1.2954251500268081	-0.10751573339301312	0.6012151842125615	0.8928700480714808	0.27984931457672657	1.0
1632000	-36.86885467013442	-33.86920511539411	-2.9996495547403055	-17.401297295038496	-16.467907820355617	1.2177446216037897	0.7742158937935769	0.18060786872967277	0.44067405355595657	0.7767965936261045	0.2693393578585664	1.0
1633000	-40.05501322224808	-34.95805659768324	-5.096956624564841	-19.033417653748238	-15.924638943934998	0.5233944264695652	0.6570541137167438	-0.9766014461451104	1.5418597606840938	0.9545153978157681	0.691735271988254	1.0
1634000	-39.77330704763032	-32.504742302766566	-7.268564744863751	-15.83624757416312	-16.668494728603445	1.223042267933668	1.1269819601185875	-0.935343570587778	0.32633919106010123	0.9307570090172028	0.08888765274198925	1.0
1635000	-38.35312342874752	-35.17562607553489	-3.177497353212632	-17.990786738551947	-17.184839336982947	1.3964822319354946	0.9264141625114879	0.12641534130869253	-0.2987326330151335	2.0185795270442437	0.05137015431704421	1.0
1636000	-35.76157302265386	-34.798265677100915	-0.9633073455529506	-17.253941298199553	-17.544324378901358	1.194173755837701	0.6859840268217194	0.1395095842555208	-0.010186303995821266	1.4055589373233075	0.047781070675453584	1.0
1637000	-38.808550254699036	-34.66823356970583	-4.140316684993204	-16.44735819001644	-18.22087537968939	1.1924108747321613	1.455676835429241	-0.34424752882801546	0.3377511142152546	1.683336684705274	0.08933718280514581	1.0
1638000	-36.967378677417656	-32.73915857660364	-4.2282201008140134	-15.863854171098701	-16.875304405504938	1.098395127672285	1.0869592486049293	-0.7188195780294193	0.007337572243811152	0.5163190297149359	0.13097964428586356	1.0
1639000	-36.703500064447404	-35.40203440660488	-1.3014656578425186	-16.764653642165687	-18.637380764439193	0.8711117717349622	0.5359604471288529	-0.13614335828202517	0.18496786563203602	1.1629858085051157	0.12462240413903074	1.0
1640000	-39.03146378788262	-35.08025490492716	-3.951208882955463	-17.6828545851628	-17.397400319764362	0.8310767605688952	0.893846897384774	0.4097070228540144	-0.4057983465817703	1.93535010492281	0.9180193756861981	1.0
1641000	-40.566120063598525	-34.07015076605285	-6.4959692975456775	-18.0174526688019	-16.05269809725095	1.697430631638399	1.013731691866836	-0.8024404755208905	1.6316116827487401	0.40493039979120876	0.8784355902541299	1.0
1642000	-37.31052559695864	-32.926329933098714	-4.3841956638599235	-16.00668352865684	-16.91964640444187	0.8702036762715669	0.9691211630120795	-0.8857572790737958	-0.13033446146017358	0.4529542262780861	0.30245049419175574	1.0
1643000	-35.501954533976495	-32.77185811220396	-2.7300964217725356	-16.332934566033657	-16.438923546170304	1.0269209419555818	0.9851651786975786	-0.29733718641318135	0.2704081813105418	0.49836760103544925	0.0952186640327246	1.0
1644000	-38.207803465352214	-34.861769783759506	-3.3460336815927048	-18.281980863676566	-16.57978892008294	1.5082138466663502	0.7338360153671311	-0.004948164109636992	0.47545495426664586	0.4180064911440436	0.12691959016817989	1.0
1645000	-36.60057671968108	-32.57671394178821	-4.023862777892864	-15.866247422705605	-16.71046651908261	0.9300038466660975	0.7927113800473409	-0.8479509457510876	0.2051333925625496	1.543691690385374	0.1807103057664423	1.0
1646000	-37.93791246492993	-34.915636473593295	-3.0222759913366315	-18.223361657756058	-16.692274815837237	1.3372650606509353	1.0381230393615282	0.35157015165892297	0.09302707816776995	1.1285947513969703	0.20732664063122871	1.0
1647000	-39.04525795702254	-36.33054687421449	-2.7147110828080496	-18.693922045143243	-17.636624829071245	0.5979009270559583	1.3628101185728292	-0.06781651900924113	0.45677381816007057	1.294252526114102	0.07122489752849652	1.0
1648000	-38.934871712188034	-36.5535086095663	-2.381363102621733	-17.08181910899962	-19.47168950056668	1.071417059185611	1.6364742937266554	0.17492912100680713	0.21567373126567596	1.0163462389444036	0.026537218703653415	1.0
1649000	-38.087338180555	-31.279532974105223	-6.80780520644978	-15.695908592955679	-15.583624381149543	1.2548632541967302	0.7455202018273005	-1.2228163439184212	2.09819069159751	0.44765208569033726	1.3703278879724767	1.0
1650000	-35.80999589800011	-32.89222743441999	-2.9177684635801198	-16.43030259078893	-16.46192484363106	1.172935375474574	0.8779481974715136	-0.3282610753079185	0.25868833859242363	0.45968173733965617	0.07174472644536091	1.0
1651000	-37.33996542674567	-33.5482879134565	-3.791677513289176	-16.1967460312215	-17.351541882234997	1.0398997457784116	1.2437987464542968	-0.4040542094182662	0.004453610889492476	1.9065150706540008	0.23184645496318584	1.0
1652000	-36.522024777624054	-31.59796134733603	-4.924063430288021	-15.786793680601065	-15.811167666734965	1.0317829638003309	0.8716193485096556	-0.7895941240572383	0.9847138685572018	0.5135800008885851	0.734410470230488	1.0
1653000	-36.05692398757293	-32.599785621944676	-3.4571383656282517	-16.35809735645432	-16.24168826549036	1.1270871425684994	0.7978978928917957	-0.32624747059370485	0.5788270470719084	0.6498094263454707	0.2670062678857416	1.0
1654000	-36.83021714723827	-32.4652462503682	-4.36497089687007	-16.76946685012562	-15.695779400242582	0.7866754957939557	0.8548064115184733	-0.43402292308991386	1.2112182139736833	1.669171886945235	0.8643134695042451	1.0
1655000	-37.49372157771102	-35.09244319699576	-2.4012783807152593	-17.81440260434465	-17.278040592651106	0.7020945069112264	1.0369189810845891	0.028814829639222297	-0.3515672468743622	0.8053470353847793	0.026251429732084455	1.0
1656000	-38.7036055953567	-35.45247980500053	-3.251125790356169	-18.539410739469297	-16.913069065531232	0.5992989557164293	1.03412236048452	-0.2070102439248431	-0.09384039477026956	1.7404346401775617	0.6988604449856812	1.0
1657000	-38.19605549068592	-31.821235915687616	-6.374819574998308	-15.334326056262535	-16.48690985942508	1.1299560767722554	0.7567948908847331	-1.594331868118812	0.4753736111177919	1.0492498759164146	0.38303989229305735	1.0
1658000	-36.145276420167015	-32.753857584576245	-3.391418835590773	-16.30706282478038	-16.446794759795864	0.8505510366229792	0.7641862996493901	-0.6141843265106999	0.4865008547548984	0.8171116541788827	0.3579357823015091	1.0
1659000	-36.4892594704851	-32.818974494795725	-3.670284975689376	-16.485995283012244	-16.332979211783485	0.975822608039849	1.046232987563958	-0.20058301250470306	0.49416700910243117	1.3005188196501227	0.053563990734551425	1.0
1660000	-39.30800197002209	-33.07772512841849	-6.230276841603601	-16.02429868987563	-17.05342643854286	0.9422793646023063	1.1957273309490475	-0.6419588847918701	0.1336483694303885	0.41568757582737464	0.04416461950722817	1.0
1661000	-42.41647060088197	-35.874401540013125	-6.5420690608688465	-16.836337335140207	-19.038064204872917	0.7595865152688616	0.9281071368602242	-0.5251902733892492	-1.2618796828391334	2.290602616914637	0.23745185159691656	1.0
1662000	-40.093771273049214	-33.55552266972713	-6.538248603322078	-17.705517947212606	-15.850004722514528	1.6526154090709717	0.9561800683455295	-0.8409392934654532	1.6653569987632542	1.3608503618796453	0.9666597523436967	1.0
1663000	-36.285128327273505	-33.524312166521035	-2.760816160752469	-17.137523979559507	-16.386788186961528	1.2634840230301456	1.0467568323889327	-0.03459143511173022	0.42549187290054413	0.7739320235541289	0.07580973088688546	1.0
1664000	-37.275495453438275	-31.30982819570537	-5.965667257732906	-15.581216353102075	-15.728611842603298	0.9948069089285019	0.9170590062182545	-1.089385437842925	1.2841987476820949	0.3477633777867902	1.4905463918593025	1.0
1665000	-35.51131460490387	-33.95141863291868	-1.5598959719851935	-16.788884435889457	-17.162534197029224	0.961854333987919	0.7145276243458947	0.004468832322459426	0.1234670672888481	0.27759772400793614	0.027864420744142186	1.0
1666000	-37.228803569101615	-30.887833454950727	-6.34097011415089	-15.313649013050137	-15.57418444190059	1.1439855323700545	0.8030600095654122	-1.8650187923848458	1.6397528358584672	0.6036249716948185	6.154468844192958	1.0
1667000	-36.99461082877622	-34.400088727624116	-2.5945221011521014	-17.711246104667556	-16.68884262295656	0.7660989197419809	0.9799547844903682	0.2543235718127965	0.047431990794363554	0.4866821923823342	0.17899940355363728	1.0
1668000	-36.32966753081001	-32.36464934115128	-3.9650181896587386	-16.443544232876285	-15.92110510827499	1.0449479361471794	0.8330020984535891	-0.21654092784188517	0.8558047200031478	0.7560255459229062	0.2618841675066253	1.0
1669000	-35.34039405903454	-33.50963435461804	-1.8307597044164945	-17.01182700957873	-16.497807345039313	0.9278843473585425	0.8502924854652839	0.12523178821634282	0.26151646756220803	0.7886567703506568	0.0996342728289349	1.0
1670000	-37.58862441754937	-35.26478884863906	-2.3238355689103125	-18.222334196298597	-17.042454652340464	0.6196793376219285	1.0574714144482793	-0.29661135294077423	-0.16891234173338682	0.4924109631394945	0.09099002905731897	1.0
1671000	-38.956845285009685	-32.54628103937827	-6.410564245631415	-16.450783709748702	-16.09549732962957	0.7900034737901914	0.8562088231468685	-0.77052328633736	0.6242374559004364	0.25758030315494396	0.14648154120362253	1.0
1672000	-36.67629049262939	-32.6241526277349	-4.0521378648944895	-16.032095067925145	-16.59205755980976	1.2218992685856844	0.9016162120246072	-0.7303082217137266	0.13410581008051403	0.48030504462651896	0.3319122648687609	1.0
1673000	-37.502860725016575	-33.9147793832436	-3.5880813417729773	-16.770054310100964	-17.144725073142638	1.0848435801234506	1.1969159391721655	-0.01719021086409156	0.04008640509810257	0.6046016635738679	0.5286008305743882	1.0
1674000	-37.53945246557014	-34.80934991205661	-2.7301025535135346	-17.17862424918517	-17.63072566287144	1.2163858179864706	1.295559018930678	0.06667688057469626	-0.06355988976609231	1.377790087067011	0.14116856108724304	1.0
1675000	-41.25543139343488	-34.79653683327267	-6.458894560162216	-18.060088327345262	-16.736448505927406	0.5686817502163326	0.846984994108212	-2.8322329739555445	2.9949031026699	2.0657287708976737	9.67243015743136	1.0
1676000	-39.305098771829215	-35.44229351614982	-3.8628052556793957	-18.863653240159227	-16.57864027599059	1.3952972848768974	0.7101255222087612	0.49522173018659255	0.5655761737386259	1.4157115650424577	0.3071400309791958	1.0
1677000	-36.029763364229886	-34.707535919816074	-1.3222274444138105	-17.19300743675668	-17.514528483059394	1.0683260547452045	0.6660586305200475	0.2383412055321741	0.09325777525200321	0.725232265371409	0.030422208461066885	1.0
1678000	-36.57151283103541	-33.5760151847359	-2.9954976462995138	-16.397203971153385	-17.178811213582517	1.221000903021984	1.1748706754121907	-0.4273289124238208	-0.06131164034049298	1.1895867861843508	0.11916628921640346	1.0
1679000	-37.42972475456017	-32.290228950023746	-5.139495804536427	-15.434394080295661	-16.855834869728085	1.1967884434532976	0.8839398593330645	-1.5440901504951987	-0.04748582707002491	1.0946329060498519	1.5276565764717591	1.0
1680000	-37.173184114338454	-36.558120367493835	-0.6150637468446167	-17.68731752759767	-18.870802839896164	0.6809730204732255	0.5573936422571915	-0.2367139496726457	-0.0984983430616315	1.4529407553167883	0.020198361206127582	1.0
1681000	-37.91496661596229	-35.52487663498064	-2.3900899809816463	-17.062937441133258	-18.461939193847385	0.756135531970137	0.6078193471530658	-0.31618064775085514	-0.17546092205000516	0.43098844030297523	0.07474712050867692	1.0
1682000	-37.79690931774541	-32.770482724192895	-5.026426593552516	-15.735483267644208	-17.034999456548686	1.07601459493971	1.0466463176384422	-0.8440020709941445	-0.1743414568519217	0.6985609659224963	2.283324832091682	1.0
1683000	-38.946507026756436	-33.427720631388766	-5.51878639536767	-16.006620621993143	-17.421100009395623	1.169520463790923	1.1499395010901383	-0.6607872205258802	-0.31209698617489523	0.8373357778056665	0.06481204775821571	1.0
1684000	-35.30561979445337	-33.53479230868699	-1.7708274857663817	-16.70001924270019	-16.834773065986802	0.8810903656874955	1.1379816899192692	-0.16481082963618726	0.1690230628748206	0.6029196078095483	0.06595001726634414	1.0
1685000	-36.77356425896661	-35.6901504612582	-1.083413797708412	-16.765186321427997	-18.924964139830198	1.1010087046812673	0.5070104333798148	-0.0319401417881463	0.2477064681309956	1.7290277947536163	0.03990674441423394	1.0
1686000	-37.054610950624415	-32.21317414797698	-4.8414368026474355	-16.0402623707684	-16.17291177720858	1.2511713912001325	0.947392035846011	-0.7885021540531623	0.5204044732746068	1.7191944961690535	0.7502921365899814	1.0
1687000	-38.784734374727606	-33.45260361768823	-5.332130757039373	-17.731240329598318	-15.721363288089913	1.2173779048806024	0.682335903233534	0.3407154598817348	1.7500698522273626	0.7832940068336717	1.1627765049312448	1.0
1688000	-36.78694959959111	-34.606069056235725	-2.180880543355384	-16.583932209689134	-18.022136846546587	0.9477073607336265	1.3577922523041124	-0.15099404791763826	-0.1707568218506084	1.675335742487154	0.048823210234280795	1.0
1689000	-35.462372569780534	-33.90926558464147	-1.55310698513907	-17.187722431039543	-16.721543153601925	1.325092960827706	0.8840836384297076	-0.12808500152848282	0.049130127821053554	1.6388228855484068	0.04357859587410392	1.0
1690000	-35.703180670048106	-34.90986814752566	-0.7933125225224519	-16.605230364962733	-18.304637782562924	0.960480858959922	0.587395661055938	-0.12411717349693813	0.03078371688796555	0.9870667596697428	0.06568118979311753	1.0
1691000	-36.916682365639886	-31.791597495847068	-5.1250848697928175	-15.894464382879388	-15.89713311296768	0.8790985348092443	0.6744583912731199	-0.999615255014932	1.4636514649436239	1.2855013628875853	0.7599556346985105	1.0
1692000	-36.76393164988588	-32.69443300357945	-4.069498646306438	-15.989653453999765	-16.704779549579687	0.9899705899459684	1.1820238737726991	-0.6091584063457811	0.5925254370468587	0.827356949594207	0.2513993238595077	1.0
1693000	-39.89661464107526	-34.980948525930394	-4.915666115144863	-18.610795306382354	-16.37015321954804	0.6924770526493736	0.6241909047133669	0.5632906921933216	1.2168749997123383	0.5992319553139286	0.42315864817907645	1.0
1694000	-40.090789973798195	-36.06372655317384	-4.027063420624362	-18.205350959332407	-17.85837559384143	0.688753942925773	0.6147162609897099	0.2592313473809227	0.13783363821657688	0.6576095102412497	1.5947191106727854	1.0
1695000	-37.45489082017826	-32.381816972587444	-5.073073847590815	-15.95381571572784	-16.428001256859602	0.992778971495364	1.074111807857627	-0.6418467929639838	0.45286696175369257	2.5543755153196086	0.34853571604614486	1.0
1696000	-36.5974942155239	-32.27763068823114	-4.319863527292762	-16.176174106122442	-16.101456582108696	0.8558464509556812	0.7784994786669859	-0.7391411507385246	0.7651701575216594	1.2868483034886447	1.7505995105105292	1.0
1697000	-36.630637894722305	-33.238013575405795	-3.392624319316508	-16.06287585247388	-17.175137722931915	0.9305085102813704	1.04831702377873	-0.626150685319231	-0.2733861234683337	1.1990354573494755	0.23659299432268935	1.0
1698000	-36.59200566867384	-35.503816243599985	-1.0881894250738564	-18.356241489264786	-17.147574754335203	0.6367539414244832	1.1173434614561595	0.009624972778088325	-0.16418299365008537	1.1157836840697908	0.06813533767685705	1.0
1699000	-37.828466692843875	-34.797110311203284	-3.031356381640594	-17.589956816261225	-17.207153494942055	1.0994698993440344	0.9210568170936242	0.4180922643995953	-0.3098911080798828	1.0212830808773103	0.25908219789148673	1.0
1700000	-36.521632160858815	-33.286444730552745	-3.235187430306068	-15.898571186269113	-17.387873544283636	1.0672099055030153	0.6682323192633121	-0.6710163211463926	0.16418138864947895	1.2908573033470474	0.3874888592559646	1.0
1701000	-37.301151292044	-32.45344582771855	-4.84770546432545	-16.0754912748951	-16.377954552823446	1.224159786048154	0.9775823551899648	-0.6948981976030293	0.324031511068422	2.141840353015074	0.22310795447280987	1.0
1702000	-36.21404098059945	-33.73948088438704	-2.4745600962124055	-17.335080655201235	-16.404400229185807	1.1836642281325782	0.8456415996905313	0.19611951159464946	0.345676433011979	0.7384339468661381	0.055489353841325986	1.0
1703000	-37.473528567467895	-33.34843692263317	-4.125091644834729	-16.01573919199881	-17.33269773063436	1.0928558044316758	1.210100030021677	-0.5728117793784567	-0.09686642871768303	0.3352719295193867	0.10945500028727088	1.0
1704000	-37.300872093696555	-33.252666825560695	-4.048205268135863	-16.887659996766114	-16.365006828794584	0.9373051015139883	0.8386962170141066	0.052248010355181784	0.3899565642798348	0.6431329284307068	1.1234718931797354	1.0
1705000	-37.123096556361304	-33.083011184958885	-4.040085371402423	-17.018202152507445	-16.06480903245144	0.7543244186851237	1.0206499196166006	-0.37040311754992516	0.8603662814001342	1.2952175356375402	0.23448989671861145	1.0
1706000	-37.68879625222444	-34.654070609347535	-3.0347256428769063	-18.059839055721458	-16.594231553626077	0.7423772750197652	1.012045994612085	0.40584678883901826	0.15055231849972867	1.778195127082646	0.3550312398856738	1.0
1707000	-36.18553971123132	-35.029020860191835	-1.1565188510394868	-17.582312756734527	-17.446708103457308	1.3984437068412994	1.283120044173474	-0.07930369921288177	0.08021300154540714	0.9178961279633385	0.029260758484671093	1.0
1708000	-38.05724135946385	-33.31843006803506	-4.738811291428791	-16.533445055557138	-16.784985012477925	1.3443749974851804	1.1440565762516302	-0.6050575325809364	0.24636797861855314	1.133556421968544	1.15786156947692	1.0
1709000	-37.44187162768919	-35.219220079276624	-2.222651548412565	-17.819800375133426	-17.399419704143195	1.3663392480608616	1.2016701930263927	0.11119002470474418	-0.17927499902850286	0.5430790578180678	0.08186720531731037	1.0
1710000	-37.135452769177085	-31.983813549492172	-5.151639219684913	-15.776465957142243	-16.20734759234993	1.1074523036746693	1.0824628257011053	-0.8159241772322489	1.1361050021708425	1.0666011283741332	1.703565041544667	1.0
1711000	-36.064661652022984	-33.613945373276465	-2.450716278746519	-16.695804884869965	-16.918140488406504	0.8052164289763326	0.9400676250555051	-0.41480642288205716	-0.12625953598908984	0.7098276457591812	0.1326088369240631	1.0
1712000	-37.31508282135184	-31.384470387020905	-5.930612434330936	-15.48702426588012	-15.897446121140787	0.9778765253783308	0.9315396202875514	-1.2913521192269326	0.8874564299570752	1.656559348120309	0.44749161590332603	1.0
1713000	-40.467143103385865	-34.321086799117985	-6.146056304267879	-17.752227452588425	-16.56885934652956	1.079004516899012	0.488674028673541	0.5132362524320558	2.59592312879718	0.5699563438450336	2.697104060480044	1.0
1714000	-36.299456490561	-34.49024582231404	-1.8092106682469615	-16.6869672271388	-17.803278595175236	1.025887517157515	0.722888450249635	-0.047186058650604434	-0.29685085442498327	1.4485054657485477	0.10552700952540844	1.0
1715000	-35.320034055608346	-33.267536927447985	-2.0524971281603617	-16.6449435748312	-16.622593352616786	0.8326133094539953	0.8267529831285082	-0.34934541770165106	0.20094229322109303	1.3011907296434055	0.12915158268704763	1.0
1716000	-38.285465633601575	-33.021953842965274	-5.263511790636299	-16.75340417081299	-16.268549672152282	1.1657475800377046	1.0857634582151294	-0.10611031606909141	1.3883437798231144	1.2859479407779562	1.419923665584312	1.0
1717000	-38.06535047056037	-32.712763402439954	-5.352587068120411	-16.056652108404265	-16.65611129403569	0.8258830478823003	1.0623837511337588	-1.075212152524789	0.16463280956901438	1.9834401764275997	2.455032467366042	1.0
1718000	-37.13270635632217	-31.752441235566593	-5.380265120755577	-15.849463151610893	-15.902978083955702	0.9537870566138791	0.9448006229042644	-0.8113877723048162	0.9048936223208904	1.6636372935425718	0.27385821525173326	1.0
1719000	-38.90912989291691	-33.944062353812626	-4.965067539104279	-15.548959886808646	-18.39510246700398	0.9989162726924379	1.3973844888936744	-1.1328597369466897	-0.3341962880490832	0.6092351994629946	0.9252026655156346	1.0
1720000	-38.178116654854804	-33.73201394981356	-4.446102705041239	-17.563177414035557	-16.16883653577801	0.6568073942682555	0.8973121331820264	-0.6149525798283069	0.5172714047101321	2.9622095894241776	0.7946766947088341	1.0
1721000	-37.226555128160896	-34.06376266817537	-3.162792459985523	-16.391239849204666	-17.6725228189707	1.0684800693824315	1.3401709049987918	-0.26127671922673157	0.13505405028563855	1.022523629272121	0.28839761272444636	1.0
1722000	-39.29288568570455	-35.78779818231342	-3.5050875033911257	-19.225364400727752	-16.562433781585675	1.7120070744137204	0.9095521402056032	-0.1448682812042718	0.1531645544382222	1.282292492309305	0.2789377154533817	1.0
1723000	-36.3473144065909	-33.30447919203442	-3.0428352145564794	-16.295248881717466	-17.00923031031696	1.041595680792571	0.6702056910593319	-0.32621545608762254	0.41243985436673053	1.1534550799336565	0.45472691974879126	1.0
1724000	-35.933902933792005	-32.58225298137718	-3.3516499524148275	-16.018346092484865	-16.563906888892316	1.053637335157506	1.0757504820341113	-0.5569140537861368	0.2899198530971008	0.86705910296246	0.22078164872623293	1.0
1725000	-38.8412016022718	-33.21777449056235	-5.623427111709456	-16.997538115562044	-16.2202363750003	1.5319060482407334	0.9687580180522269	-0.895054727646309	0.48470867083464786	0.8199690324133247	0.16497509262478782	1.0
1726000	-36.25294757113349	-33.504104233815966	-2.7488433373175227	-16.345947826857344	-17.158156406958625	1.1725952477262809	0.8190991678132965	-0.388668236355899	-0.15594741442135102	1.0470259567785059	0.2322074663700373	1.0
1727000	-34.870814807090845	-33.014113729207494	-1.856701077883348	-16.515878900952316	-16.498234828255182	1.0577882213881145	0.9328090136629954	-0.16912753035600037	0.19898544038286864	1.0056749862514924	0.0984634401296151	1.0
1728000	-37.656126736020504	-31.419902642070248	-6.236224093950254	-15.800909743134476	-15.618992898935772	1.3146354289679636	0.738272266271566	-1.3226336389000637	1.6609339534553316	1.415158401692524	1.0572555102550991	1.0
1729000	-36.55557605520716	-32.095018731804316	-4.460557323402847	-16.22655489992589	-15.868463831878422	0.9639939837260677	0.853209543895838	-0.41900737597303794	0.9040045139856198	1.3683033406456204	0.21638591556538062	1.0
1730000	-38.65453276677421	-36.112816151397496	-2.541716615376713	-18.889831146730895	-17.222985004666597	0.5699485037414853	1.2436415322909982	-0.2264109359339721	0.14936803065972737	0.7545109318135289	0.2533140209014551	1.0
1731000	-38.46660302294866	-36.07988095473992	-2.386722068208739	-18.603757446509476	-17.476123508230444	1.480174038615555	0.6353625868002482	0.2071285346757235	0.26739142623432033	1.1208156238263793	0.029812686506572383	1.0
1732000	-35.864720488073544	-32.45011694313434	-3.4146035449392036	-16.36236711028911	-16.08774983284523	0.9156097969103076	0.9071153194813909	-0.3739008468114045	0.6044703758860561	1.387705214981297	0.1741391009291379	1.0
1733000	-37.40383442560393	-34.526561743373335	-2.8772726822305956	-16.287594975213874	-18.238966768159464	0.9751829236965891	1.428811353919392	-0.3564626853428951	-0.0013560086125048443	0.4044130354216102	0.054385977030736124	1.0
1734000	-36.59969343909842	-34.61406037613703	-1.9856330629613836	-17.477627218320656	-17.136433157816374	0.7661826147683327	0.9723146440766771	0.08428674682146683	-0.27927446723496646	1.0914852550513965	0.1582491992084015	1.0
1735000	-36.07195742811835	-33.81638183522607	-2.2555755928922823	-17.322570448939842	-16.49381138628623	1.184685484056101	0.9164193263828154	0.18831207645973747	0.20675335301655778	0.8936271666916011	0.14038069989519253	1.0
1736000	-36.99099039263301	-33.69340872356766	-3.2975816690653503	-16.06333408345116	-17.630074640116497	1.0075492605389513	0.8204600351553801	-0.5268252252219504	-0.44118128444454185	1.429968273277744	0.21494597078591154	1.0
1737000	-37.03023348079569	-31.496760586906746	-5.533472893888941	-15.678579708963822	-15.818180877942925	1.2863694990507826	0.9065160135158964	-1.4131433103714992	0.995731217754658	0.6990629684154522	2.049021748281312	1.0
1738000	-35.010129538939914	-34.33517577613016	-0.6749537628097602	-17.446123731809763	-16.889052044320394	0.7831393734315312	0.9106339821656705	0.12482372898834163	-0.09233681101781124	0.8054476321676632	0.037616356742829295	1.0
1739000	-35.649160547204715	-33.36287326417225	-2.286287283032462	-16.60032158640173	-16.762551677770524	0.9609522337598754	1.0707403903917774	-0.1272957181609879	0.07936396868510937	0.28487103451807266	0.058833831201720636	1.0
1740000	-38.30190668131766	-33.670419425011794	-4.631487256305865	-16.172182096023185	-17.49823732898861	1.3981546051823757	0.6493889742928554	-1.174755619711354	0.18180806141533912	0.7149835619633883	0.6343947360976585	1.0
1741000	-36.029188272702804	-35.48625702738563	-0.5429312453171726	-16.846431618648726	-18.63982540873691	0.8480439091738471	0.5626538319811092	-0.1292760203281299	-0.004568240152145631	2.280960167767811	0.04792751213083898	1.0
1742000	-36.429696356780944	-33.78608436326647	-2.643611993514475	-17.235340229133776	-16.550744134132692	0.7978216960208512	1.0709652419314284	0.01823735476344865	0.2926973588881704	2.3118018301690824	0.106028474402175	1.0
1743000	-36.48103797844415	-32.94663573911335	-3.5344022393308014	-16.271647737169133	-16.674988001944218	1.2573967979148637	1.0776884479106126	-0.5965883509340829	0.17655010983177324	0.9307284449510063	0.2403751469606393	1.0
1744000	-37.11283642712695	-32.55216041338298	-4.560676013743972	-15.595080745399269	-16.95707966798371	1.0181204845164429	1.1226589531700684	-1.037387435776183	0.007175552461361506	0.5813686889103072	0.4594703319010065	1.0
1745000	-35.18416461157584	-33.68695774433516	-1.4972068672406769	-16.843418700641987	-16.84353904369317	0.8053678833370264	0.7747066345354413	-0.27643443227710074	0.1536268386350411	1.3133536084122506	0.08624924848935293	1.0
1746000	-35.96946998860801	-33.571959126693955	-2.3975108619140553	-16.444581519836685	-17.127377606857266	1.2253073665195622	0.7165166848006814	-0.4005324057474742	0.13963626600776372	1.1626656218258227	0.10527967184764471	1.0
1747000	-35.05408776187423	-33.548827632629866	-1.50526012924436	-16.47321724135643	-17.075610391273432	1.0293087739400382	0.8623475859728087	-0.19368528455528985	-0.17116263090885592	0.8919141193947777	0.06109039141528999	1.0
1748000	-34.787959359243835	-33.48892011329879	-1.2990392459450482	-16.747733880151582	-16.741186233147204	0.9282591187010596	1.0870906733571335	-0.0530832495962641	0.1312319310179876	0.9900037381584799	0.06695103267168544	1.0
1749000	-37.64432617093571	-34.4712087523676	-3.1731174185681135	-17.827227019995266	-16.643981732372332	0.8877901221528158	0.9139670893001138	0.5685925739853526	0.08627626712988495	1.4340383094269458	0.3832587039697851	1.0
1750000	-37.33431474838529	-32.89135984971148	-4.442954898673813	-15.778972923042888	-17.11238692666859	1.0582079128765072	0.7177283724012706	-0.7929388335198959	0.14530236601070073	0.4054958076797286	0.6637019081546943	1.0
1751000	-38.29699670770539	-31.26634746827797	-7.030649239427419	-15.64613785342414	-15.620209614853831	0.8542299541900557	0.7649195405579303	-1.9865214663952255	1.5364313652294315	0.47582306898077037	1.1150796580783844	1.0
1752000	-37.08221421900938	-35.66606763040137	-1.4161465886080091	-18.165478995276068	-17.500588635125304	0.6305291319450023	0.7450282704805181	-0.2342554986644509	-0.18878705865596565	0.7165039790829775	0.03707008962851249	1.0
1753000	-37.35121597665053	-34.2784099009	-3.072806075750528	-18.01343705693881	-16.26497284396119	0.6608071315255515	0.8656783912110908	-0.09472272473217018	0.4448915208744099	1.0574050433484012	0.032864088353623935	1.0
1754000	-36.817824599681494	-33.90788115432867	-2.909943445352825	-17.19359470736901	-16.71428644695966	0.9497935584784176	0.9982890754562078	0.2527196816031869	0.03618965101122727	1.2033856469044901	0.37171780872289484	1.0
1755000	-36.163001413089674	-33.005373534165635	-3.15762787892404	-16.47883239838873	-16.526541135776906	0.8326846079651696	0.7305793416619802	-0.5088244933214632	0.53005996495881	0.8988235063753446	0.23371237854006047	1.0
1756000	-35.08049358479474	-33.49640009848028	-1.5840934863144565	-16.67920605277318	-16.817194045707105	1.0890614041054358	1.0142568115675765	-0.07707740525865334	-0.03545799648812542	1.88559133468502	0.048535847820729436	1.0
1757000	-35.80345759280252	-32.92690581156276	-2.876551781239762	-16.705742200103852	-16.22116361145891	0.9326358220466713	0.9526803498857818	-0.07812633363915208	0.46976565630189016	1.6502942317368832	0.07391334566123987	1.0
1758000	-34.131673816407194	-33.662270352074955	-0.46940346433223956	-16.926701170579445	-16.735569181495514	0.94893600181722	0.8885400166390134	0.086897423106944	0.03468347321498372	0.7145099874595771	0.03024568402382602	1.0
1759000	-36.52740428737722	-33.21675125366494	-3.3106530337122857	-16.108144315528975	-17.10860693813596	1.1181994506507196	0.7424033086674492	-0.5122379084748087	0.06528105281733493	0.6222238247506039	0.3700400212176009	1.0
1760000	-39.54583684561878	-33.93974712042679	-5.60608972519199	-18.29684881843827	-15.642898301988515	1.3641977853210918	0.7561160719178991	0.32985051718585356	1.507380453900954	0.9659586921576373	0.5139236567221602	1.0
1761000	-37.81231192620708	-34.21561845159865	-3.59669347460843	-17.768351422662985	-16.447267028935666	0.9549191821834205	1.027602831886643	0.5689183665257159	0.3154161619245113	1.31772954060594	0.4726223427625133	1.0
1762000	-37.307240924349486	-32.85782092362112	-4.449420000728363	-16.28515388101977	-16.57266704260135	1.2181578046272858	0.9971872176658455	-0.5071656302424145	0.15625367426605777	0.25450110913178026	0.3258517650826232	1.0
1763000	-38.58567034074479	-32.52566498020531	-6.060005360539479	-15.761138828350386	-16.764526151854927	0.8923206919391468	0.5336054120239826	-2.781033595337367	1.6020793002301215	1.6574913720678914	2.799234796764681	1.0
1764000	-35.90490834653452	-35.29712877436511	-0.6077795721694094	-18.430881938658583	-16.86624683570653	0.6091003639274883	0.80856176781246	-0.20165547476642842	0.05870788947250495	1.2400282734620602	0.04971804550530822	1.0
1765000	-38.813494765330006	-33.3212942579008	-5.4922005074292	-17.26815437565363	-16.053139882247173	0.703818423820228	1.0401109106929016	-0.4779659231569249	1.1564505067934894	1.7145357129286762	0.25032716014790657	1.0
1766000	-35.797064870281034	-33.657514677571285	-2.13955019270975	-17.340601789668064	-16.31691288790322	0.8147772849678379	0.9075085663901685	0.14793010794275713	0.3671437314380801	0.9092734942671736	0.12438137568091961	1.0
1767000	-38.1115072376155	-31.792774964707444	-6.318732272908058	-15.441510116937192	-16.351264847770253	1.1164961761997438	1.033080560558475	-1.2888588644308399	0.43625991421738075	0.8269377370869416	0.24939390036415757	1.0
1768000	-39.863702960497065	-35.273721313643605	-4.589981646853462	-16.320847577201597	-18.952873736442008	0.843725951693566	1.5642447919031468	-0.6279460859430491	0.2559107803704021	1.8455801910448602	0.2508255184135047	1.0
1769000	-36.74283583118629	-32.88801254109816	-3.85482329008813	-16.464244503632806	-16.42376803746536	1.3370599568208625	0.9717062024235886	-0.6399226150540174	0.27512048295173624	0.6062562689787588	0.3168693971766152	1.0
1770000	-37.98969562980996	-31.383390161196246	-6.606305468613714	-15.366947616055098	-16.01644254514115	1.1465273651238583	0.8388572156543564	-1.5347300184179933	2.5161383415608585	1.2233409453257211	2.2462187032481262	1.0
1771000	-41.573490654129166	-38.62290680753675	-2.950583846592413	-21.19617053927493	-17.42673626826182	0.47835972656331915	0.7334445882493928	0.61230350473556	-0.10868447446831973	0.8983701681783045	0.08500361314344428	1.0
1772000	-36.418573851888524	-33.851615067914054	-2.566958783974467	-16.63604801106879	-17.215567056845266	0.9467236380973713	1.2594320053772676	-0.1137773225124965	0.24985790114848028	0.4226794952187462	0.10000267106395704	1.0
1773000	-37.93786439039907	-31.53520320331567	-6.402661187083396	-15.60091391407402	-15.93428928924165	0.8668403093598315	0.9985317075728969	-2.065293732773933	1.110279636777784	0.6367265182544777	1.1990704549316755	1.0
1774000	-38.074209312435705	-32.332192035951216	-5.74201727648449	-15.408735848455196	-16.923456187496022	1.0792505537682038	1.2355602312517657	-1.322121692418609	1.0436416065652139	0.5024982391819163	1.1990801671681381	1.0
1775000	-40.80127593363995	-32.672775849296265	-8.128500084343687	-16.464174099736137	-16.208601749560128	0.8308693834573001	0.7272616565297028	-0.5315652765598631	0.8266849122717784	0.9598083922747549	0.06483965644350292	1.0
1776000	-36.707071792187634	-34.18136903894653	-2.5257027532411045	-16.892496488772505	-17.288872550174027	1.0948692589062323	0.9673520041294326	0.04965747324242897	-0.3771263199341138	1.447985459721964	0.051060501218802255	1.0
1777000	-37.512577608586355	-34.442069478122804	-3.0705081304635513	-17.56992977187704	-16.87213970624577	1.3330273066689058	0.9254143281280417	0.05848582129311253	-0.08845576094656485	1.2335704918181396	0.31623495596010065	1.0
1778000	-37.84289146318976	-34.906394413735356	-2.9364970494543994	-17.838618699225968	-17.06777571450939	0.7024546395919377	1.1837125385479081	0.05107780175568477	0.07331188513928649	0.3715603734897197	0.20147177905243252	1.0
1779000	-37.809111344239746	-32.24813021539115	-5.560981128848596	-15.791089013192375	-16.457041202198774	1.1185675420226728	1.1397735529996085	-0.8097989596930165	0.8521994527728969	1.6648993833359333	0.3307814679903246	1.0
1780000	-38.648466431569325	-33.674376648912016	-4.974089782657311	-17.53844993925265	-16.13592670965937	1.1688783798385534	1.0396582090356774	0.3169878770372182	0.805052948930111	1.984347189929707	0.6178425442099031	1.0
1781000	-38.30702046024202	-34.11745253375942	-4.189567926482604	-17.284838957553905	-16.83261357620551	1.2590991354889767	0.9726918084395735	0.05280649127338928	-0.06625066011066383	2.446291181930223	0.26384978898088235	1.0
1782000	-38.016615161627286	-33.0685067858321	-4.94810837579519	-16.6244913781163	-16.4440154077158	1.0306328739913682	1.1372041858260804	-0.08911332548364034	0.8669887010329377	0.7011467690068401	0.130079560003874	1.0
1783000	-36.10738128097289	-33.90306238813585	-2.204318892837038	-16.718012752048118	-17.185049636087733	0.8774160522092693	1.1034128511582966	-0.1586139794317365	-0.2159461203017385	0.43013743590500897	0.06619392007700924	1.0
1784000	-36.43096707250549	-34.14336019799826	-2.2876068745072278	-17.042648746456983	-17.100711451541276	0.7713586638658706	1.1964121408144324	-0.2528305632713787	0.0842670275051387	2.214449428839871	0.04369568568369129	1.0
1785000	-38.33695961840891	-34.02137128746841	-4.315588330940497	-17.145629060381726	-16.875742227086683	0.8339704708824304	1.0530221998093972	0.05992744726463095	-0.044067737702400245	0.7137121604895172	1.5755976397672453	1.0
1786000	-38.57549863729113	-34.99354071074363	-3.5819579265475046	-18.3078981063647	-16.685642604378934	1.5230177892430412	0.6826091143227795	-0.031330250399297356	0.5986801178871521	1.0571476072148167	0.3931815950533546	1.0
1787000	-40.21234029079953	-32.46702521722982	-7.745315073569711	-15.742762619830282	-16.724262597399534	1.036647973137374	1.1581686521670675	-0.8371501436520006	0.38865610359214725	0.5346668399302207	0.06923605730709648	1.0
1788000	-36.790888828566644	-33.33698625735593	-3.453902571210713	-16.025942423248978	-17.31104383410695	1.0524282039570372	0.7570267854395635	-0.5500005179233405	-0.10762853560084618	1.5937052037750636	0.532249526004673	1.0
1789000	-37.88941440123618	-34.28509716189016	-3.604317239346023	-17.68285374411407	-16.602243417776087	0.8260767731048323	0.8589325487841317	0.39986364232609595	0.1672903321045376	0.27572600191769303	0.06317061030737625	1.0
1790000	-37.918952339961855	-34.979326223620966	-2.9396261163408877	-16.02381237727723	-18.955513846343734	1.082888292595474	0.5112385325239321	-0.5603536837547409	0.19492893686755292	0.7036390664834357	0.14924639081841795	1.0
1791000	-35.485350122364636	-33.063505264889336	-2.421844857475303	-16.341833971354067	-16.72167129353527	0.9688504286640827	0.9923239774098174	-0.31780700090978764	0.0266890215946598	0.479607714148553	0.09343249723720855	1.0
1792000	-39.1484353540538	-34.30516400260061	-4.843271351453186	-16.80088507962592	-17.50427892297469	1.4342910338495451	0.9244218545821103	-0.6737359000038106	-0.4918578050817941	1.0043633572225854	0.12930730232522197	1.0
1793000	-39.21764825573234	-34.33711457977091	-4.880533675961432	-17.58226884780769	-16.75484573196322	0.6070055165930498	0.7909509475919902	-1.5752151591100911	0.17676212309395034	0.6256700427658702	1.1803736729863292	1.0
1794000	-36.37270643792572	-34.47161702503171	-1.9010894128940088	-16.96645363408426	-17.50516339094745	0.9543605430460855	1.270373543446133	0.11578583352536098	-0.04402840757548049	0.7094848101357293	0.10265570956257729	1.0
1795000	-35.44562978573567	-33.38048523107156	-2.0651445546641103	-16.985117822054253	-16.395367409017304	0.9546890622215919	0.8814502595345973	0.12778037152039484	0.3122768938159143	1.516915953182489	0.034921435102824604	1.0
1796000	-36.24111315580099	-32.6306229969889	-3.6104901588120937	-15.888968313584341	-16.74165468340456	0.9863680448059589	0.8711099186582865	-0.7154005111574947	0.04782598912655878	0.6559700187683424	0.3823864615571121	1.0
1797000	-39.616996513114124	-35.56010560524399	-4.0568909078701365	-16.484901682703953	-19.075203922540037	0.7635818394960603	0.4242259971049603	-0.9340168507948187	1.0125704456718014	1.84535973334972	0.4753310772069281	1.0
1798000	-34.49799194080235	-33.01521579710161	-1.4827761437007416	-16.490070511294405	-16.525145285807206	1.0286604011628209	0.9010758070079589	-0.18166989358211966	0.18832618549495628	0.820391440689319	0.046121953921709695	1.0
1799000	-38.02865932190154	-32.833053906727166	-5.195605415174377	-16.02854643613206	-16.804507470595105	1.1475456438466358	1.2164699079841184	-0.6114244325426967	0.8166790858461438	0.5618027326569418	0.21605887867649506	1.0
1800000	-38.99925173215552	-32.09675329251629	-6.902498439639231	-15.476616361130727	-16.620136931385563	1.1421702760147192	0.6921102565804874	-1.264719594332195	0.6082188642033213	0.21012282474196414	0.3963365053020752	1.0
1801000	-39.214193505607966	-35.482901581024336	-3.731291924583629	-17.540531095832065	-17.942370485192267	1.1277287178973021	0.7216020228300014	0.36622012762212386	-0.37082157531505944	0.6336403368577304	0.047580313827338724	1.0
1802000	-36.54835014828949	-35.277369618193006	-1.270980530096481	-17.993827306265267	-17.283542311927736	1.4013869672788426	1.2539868154051348	0.11697679759294137	0.12720767161681856	0.8013027229971282	0.022018266947062045	1.0
1803000	-36.2316498676795	-32.21829419948406	-4.013355668195439	-15.959292451475262	-16.2590017480088	1.083443043173259	0.9025658902648138	-0.6189757092949223	0.42433047498222215	1.1342967797138255	0.1248532400753684	1.0
1804000	-38.47628232551444	-35.31435321335928	-3.1619291121551583	-18.335784846275168	-16.97856836708412	0.6026014846584256	1.0906511679701514	-0.3869186434582477	-0.07392254092301553	1.108612058891778	0.6242700679610509	1.0
1805000	-36.43773645349962	-34.322553682666936	-2.1151827708326816	-17.250985906678178	-17.07156777598876	1.360564379102401	0.7353666421418396	-0.171255477200389	0.1123410172781739	0.6351087631876847	0.11765087796330947	1.0
1806000	-36.651218659173075	-34.06282170004354	-2.5883969591295335	-17.379390264543982	-16.683431435499557	1.370433077117223	0.9833855324592624	-0.12248275519052351	0.0532814840631253	0.19944155244046102	0.04276743252004479	1.0
1807000	-37.80625637771727	-33.33626793713816	-4.46998844057911	-16.761849155400114	-16.57441878173805	0.7309563397802891	0.9924571560905746	-0.8507259997755788	0.151049342346754	1.5329040684736535	0.12907174167639923	1.0
1808000	-35.519694751074	-33.92047688892356	-1.5992178621504405	-16.5216869202017	-17.398789968721864	0.8842053673032803	0.7540196156744295	-0.3038042997509842	-0.1532269809353397	1.3447602861598642	0.05798508430031118	1.0
1809000	-35.471486814980786	-33.76584997927139	-1.7056368357094005	-16.884065066835646	-16.88178491243574	1.1510140169723966	1.1111041499005645	-0.009636703129168367	0.05019301940062834	0.33464176729665	0.04469694664961771	1.0
1810000	-37.715461756334435	-31.392701750723553	-6.322760005610881	-15.358876174838064	-16.033825575885487	1.1664734099944913	0.8563421302201942	-1.6688291681637475	0.6920708936556024	1.2598437104625204	9.220536182298122	1.0
1811000	-36.362879285594644	-31.39005520007543	-4.972824085519216	-15.59036337166933	-15.799691828406102	1.1007698059385815	0.8580742834923324	-1.0355883873959415	1.0066268854741216	0.6997674395244229	0.9198350219277635	1.0
1812000	-37.0518179155314	-32.2275194729355	-4.824298442595905	-15.859390934891794	-16.368128538043702	1.1753571657180657	0.8562710692375931	-0.8128175680365047	0.3625368662403678	0.3869739151352763	0.2159125067612021	1.0
1813000	-39.25253406786407	-36.114781668926334	-3.137752398937738	-17.2208019081297	-18.893979760796633	1.0823492346007215	0.621096504068023	0.24381687486993736	-0.47430860198421354	2.29260956649032	0.15640532299523147	1.0
1814000	-36.4493949865298	-33.467309311743094	-2.9820856747867106	-16.40843839850797	-17.058870913235125	0.9565054276318833	0.9879767353036152	-0.2764765319734872	-0.22523353851430838	0.6824166644913539	0.31751687685594415	1.0
1815000	-38.0023054291296	-34.78333364443688	-3.2189717846927186	-16.330766632997094	-18.45256701143979	1.0920507921422478	1.4104647924551554	-0.3179558090939528	-0.32715233295456647	0.5134185567977595	0.13170714000236955	1.0
1816000	-40.167489037102904	-34.156548723560356	-6.010940313542545	-15.272834627197518	-18.883714096362837	1.0400657549648469	1.4946946875652594	-1.930434498097431	-0.3047055166717612	0.9830987292643203	1.9369603423051915	1.0
1817000	-38.21316891324605	-32.05008674890952	-6.163082164336528	-16.035754173762946	-16.01433257514657	0.8292721836719907	0.9803927655798117	-1.08404309208139	0.794038958739883	0.7103944430688345	0.2381818736288185	1.0
1818000	-36.70057023187196	-32.89210505105923	-3.808465180812722	-16.045487109402384	-16.84661794165685	0.9078683916131793	0.9712748529222003	-0.7009565921762986	-0.07689602240943597	1.0486656634821243	0.10649036612574626	1.0
1819000	-35.383185791949835	-34.21520748247414	-1.1679783094756924	-17.12713877686645	-17.088068705607693	1.231084052910472	1.1796824364864449	0.01538749035673706	0.03912522404072727	0.6895707059483124	0.04526646945140459	1.0
1820000	-36.65420864830325	-34.016901675666475	-2.637306972636781	-17.1597336699085	-16.857168005757973	0.810973961705821	0.7837518391715226	0.0043148271735975186	0.12105663236251807	0.38728477462031374	0.17240157468252548	1.0
1821000	-38.27422601493641	-34.03700079913224	-4.237225215804171	-17.602368911305913	-16.434631887826324	0.8366670944417282	0.7484394449857033	0.37089000470927663	0.5453833900488868	0.606005260489688	1.3115297680792017	1.0
1822000	-39.28001446701016	-33.615747357929635	-5.664267109080523	-15.487001417628546	-18.128745940301087	1.0545551551170003	0.8782681858215664	-1.1782637252689385	-0.7914113173649863	0.8457582647187951	0.3448038945145746	1.0
1823000	-35.38745454134813	-33.95575143379085	-1.4317031075572746	-16.958736062367688	-16.99701537142316	0.9952678232611022	1.1366403368224067	0.12457982746821472	0.003939607080880925	1.4606354597635154	0.054796486920807165	1.0
1824000	-35.52956909458986	-32.786460918764874	-2.743108175824989	-16.430443680063966	-16.35601723870091	1.132536151361317	0.9249042776398306	-0.27997951591193415	0.3266483425976232	1.4972102468941706	0.10856177011105737	1.0
1825000	-36.416067640674086	-34.11529158899205	-2.300776051682033	-17.45231072912448	-16.662980859867574	0.7958441449016066	0.7334157706817723	0.17130711150800704	0.4116806539232762	2.109930840350097	0.07636836746330034	1.0
1826000	-40.64726414377722	-35.35660216061072	-5.290661983166504	-19.061797037612386	-16.294805122998334	1.7537774896123306	1.0642107519505541	-0.36341956485375626	0.6174993786686145	0.40286993176717667	1.3650230441085516	1.0
1827000	-37.13627261221872	-34.54047666774399	-2.5957959444747276	-18.2914484898861	-16.24902817785789	0.6407787222515041	0.792605664396164	-0.013060167778283267	0.5844304909725934	1.4073681996330967	0.3402244022438955	1.0
1828000	-36.763963940319734	-33.311111423880234	-3.4528525164395	-16.11239927878716	-17.198712145093072	1.066093103151789	1.2620113895048706	-0.4776088742887083	0.2936875121565765	1.172126249308184	0.11505928173810448	1.0
1829000	-35.91337437690527	-32.758449644124084	-3.154924732781179	-16.55403868317283	-16.20441096095125	0.9441356845122159	0.8187227731925841	-0.17704297860597928	0.5705091106250291	1.0056655108799164	0.09178509670795089	1.0
1830000	-35.89920185050531	-33.33665201752829	-2.562549832977023	-16.45541700216096	-16.881235015367327	1.0548087543243698	1.1362548337330323	-0.2104414590329346	0.11495154612604803	2.185426433632822	0.021350106633736064	1.0
1831000	-37.24652436334786	-35.43970507034381	-1.8068192930040476	-17.782699480606297	-17.657005589737516	0.6727177980148674	0.7535012176482279	-0.21292047771258707	-0.30482216046770527	0.9745557127769002	0.1399507787677032	1.0
1832000	-39.72718083264563	-36.10497171386341	-3.6222091187822247	-18.20502953056942	-17.899942183293987	0.7971616576440961	0.7241406271206903	0.6491893203146972	-0.3553295468391433	0.5781679069520177	0.17918724342244546	1.0
1833000	-36.312513575610346	-34.09131941072124	-2.221194164889103	-17.410832218388972	-16.68048719233227	1.090995848359551	0.9030396722557823	0.33640922162239556	0.06459485507815499	1.427042964906844	0.03991199432346111	1.0
1834000	-38.00243442343664	-36.18882995971657	-1.8136044637200697	-19.41711039624537	-16.7717195634712	0.5472433897380808	0.7082331826184075	-0.0035503794626344787	0.4222998670403369	1.0683245367124032	0.1750187699435031	1.0
1835000	-36.42664171509402	-34.05821848634277	-2.368423228751255	-17.102388887541426	-16.955829598801344	0.9876363938220633	0.7816641435657903	0.20991053576454954	0.05803809649160724	1.3518086765065747	0.25929641144219645	1.0
1836000	-38.06618283088859	-33.370415344239	-4.695767486649594	-17.410748371473073	-15.959666972765925	1.3760981186142214	0.8854196597683928	-0.11849458095400645	0.7639802997848599	1.106255673014248	0.10700361925505027	1.0
1837000	-37.14579759414224	-32.49485621397703	-4.650941380165211	-16.582831130637736	-15.91202508333929	1.3649243611513024	0.9240942397494459	-0.6252141450840819	0.851276054656064	1.0477944672385795	0.37390687833729547	1.0
1838000	-37.34974301180905	-33.805736428323584	-3.5440065834854693	-17.427038729145934	-16.378697699177653	1.1289517110121794	0.9925176165350592	0.30876212171497375	0.337788412998706	1.5494915543979204	0.3731126577323866	1.0
1839000	-38.28940858923047	-35.686897667975416	-2.602510921255055	-17.032104856648576	-18.65479281132684	1.0245086999270183	1.4706618191877692	0.1665829491394582	-0.21326573750841332	1.01277355211454	0.13393319640292903	1.0
1840000	-36.23433699233118	-33.17334514800656	-3.060991844324616	-17.081895381925165	-16.0914497660814	0.8186822909933681	0.9599958524853399	-0.030966349996076836	0.6337542959067974	1.4242170446710107	0.20396399605725363	1.0
1841000	-38.21530675031839	-35.045708385690034	-3.1695983646283583	-16.285724152487088	-18.75998423320295	1.195481339576497	0.6181780167705067	-0.46804433536167267	-0.3901899650513758	1.6778153937448734	0.1645608687183285	1.0
1842000	-37.413195847812034	-33.24074502328202	-4.172450824530015	-16.468643851467487	-16.772101171814533	0.8423577712667755	1.2099679974728277	-0.48014123934949005	0.82876433947298	1.0872927141531123	0.3398158662412578	1.0
1843000	-35.02707249385887	-33.08918396224992	-1.9378885316089514	-16.391434185754356	-16.697749776495566	0.9935054871965479	0.8119068680187067	-0.2619498960665681	0.17274099932184303	0.6353227111196968	0.07040929533972536	1.0
1844000	-37.32458598266737	-34.40870992159059	-2.9158760610767773	-16.825849054278798	-17.582860867311794	0.8773300340893859	1.3512129015769583	-0.07596485381978384	0.42078782895167377	0.6382179736764427	0.16696647365042808	1.0
1845000	-35.662738084635485	-32.977676778786076	-2.6850613058494113	-16.10136015389973	-16.876316624886346	1.0473424661799675	0.8577032580429316	-0.4837302529896899	-0.03138883790993621	1.0318730349263907	0.07978398254669054	1.0
1846000	-34.735356857683925	-34.053707453221804	-0.6816494044621206	-17.06931694751747	-16.98439050570433	0.8182350145130433	1.1846474316351847	-0.04208424823649831	0.16826952164959974	1.123471763998149	0.018817305485019024	1.0
1847000	-35.29552431519833	-32.78112876831881	-2.5143955468795216	-16.342444104053047	-16.43868466426576	0.9491932251556875	0.8802787762921715	-0.3383331994640466	0.27610203814635775	1.3526806103344746	0.05718009245103813	1.0
1848000	-38.81789635345927	-35.27515285272825	-3.542743500731021	-17.745149571128326	-17.53000328159992	0.992687577803759	0.9459199309589901	0.5553653533656623	-0.5172866957585041	0.9268585115104823	0.2760658195913772	1.0
1849000	-37.65369526098233	-31.190689812423898	-6.463005448558437	-15.422522143056206	-15.768167669367692	0.9376593028909181	0.940940853267692	-2.207624043776538	1.4982352092277087	0.6225752793273498	1.9161341055199412	1.0
1850000	-37.9756869361466	-31.526760413860416	-6.44892652228619	-15.367745652577888	-16.159014761282528	1.1043694771857369	0.9087165469394146	-1.4351813442348016	2.363490682153331	0.5862336968926533	4.7467801677647365	1.0
1851000	-37.66594543822949	-35.534923124160855	-2.131022314068638	-18.069288189750594	-17.465634934410264	1.4203367955230273	1.3055868972611098	0.10934990335186745	0.19129492570062545	0.82736086797907	0.06695111477891787	1.0
1852000	-38.71201160348148	-32.10476590258817	-6.607245700893309	-16.03574682043185	-16.069019082156323	0.8529084270456877	0.8609012791334398	-3.0169363500799102	2.480101480137509	1.3293320146450187	9.796144185160193	1.0
1853000	-37.94054828867713	-33.77168563791388	-4.168862650763247	-17.357009658711352	-16.41467597920253	1.4585917481380648	0.6958484002183839	-0.36357765187080604	0.7662050053841918	0.9355601295640487	0.2016640043115236	1.0
1854000	-39.047593816848085	-36.5598457279989	-2.4877480888491847	-18.503316166202374	-18.056529561796523	1.5462476912458964	0.5789101027410485	-0.0015038169546547839	0.23203660391375672	0.3678966104263872	0.08706668873179103	1.0
1855000	-38.20100220318215	-34.20492289467714	-3.9960793085050117	-18.337040516456813	-15.867882378220328	0.7233864581702899	0.8837938387251729	0.5156687135968099	0.8940083929596883	1.557592064988882	1.0183150547500628	1.0
1856000	-36.03747099881685	-34.434408113459924	-1.6030628853569238	-17.861588263785556	-16.572819849674367	1.460339445498431	0.9268842681823963	-0.08755274990398006	0.13791938700609635	1.0757347821757346	0.055071555855907436	1.0
1857000	-38.81266366358982	-35.57447975952593	-3.2381839040638907	-17.272859390891814	-18.30162036863412	0.7059786765960172	0.5802256653254764	-0.454346730050609	0.07678815154719648	0.41927163286488345	0.0502229318547102	1.0
1858000	-37.546203910899045	-34.46682533901533	-3.079378571883718	-17.42830025242252	-17.03852508659281	0.755249860056147	1.0013728783439462	-0.0016031540327957616	-0.20700692358324724	1.2858753880548623	0.576018301598159	1.0
1859000	-36.02079413411662	-33.92262596256101	-2.0981681715556153	-16.727521272659057	-17.19510468990195	1.175046289621033	0.7386936155989293	-0.13423726256283966	0.020373182013374902	0.7547625459042981	0.16484536407459152	1.0
1860000	-38.49510862649796	-33.22357501504848	-5.271533611449478	-15.658917877827264	-17.564657137221218	1.0391425460959798	1.074383584045365	-0.9370297895169258	-0.5067087717098382	0.47046270466643775	1.8750748961481358	1.0
1861000	-36.22284038459587	-32.64836973367218	-3.574470650923686	-16.038283093306607	-16.61008664036558	1.0170700567559465	0.7767377443963804	-0.5448951825518531	0.3205868400081242	2.144223181762033	0.25335471412668353	1.0
1862000	-36.93777087364063	-31.01764737351545	-5.9201235001251815	-15.347614003057483	-15.67003337045797	1.1705299662156845	0.7821218446576468	-1.845126121495824	1.3572599074822964	1.0617777381167486	1.5541998727272945	1.0
1863000	-37.82231471200688	-33.68886844643758	-4.133446265569297	-17.592611491041538	-16.096256955396047	1.3706771954026478	0.822247056072388	-0.010334183463543645	0.6721730420119969	0.37645540720443904	0.24599972419712252	1.0
1864000	-36.23469285373154	-33.65213323043332	-2.582559623298218	-17.125129448578864	-16.52700378185446	1.0568420550535664	0.750856193359195	0.20754322562827793	0.4611625482433019	1.085077287225211	0.11814551244567195	1.0
1865000	-40.00113855150786	-32.12357010466912	-7.877568446838737	-16.535996935073342	-15.587573169595778	1.245180654845456	0.7961039515637615	-0.3724736438698958	1.5679803090400117	0.6400260527041101	0.24808431976122672	1.0
1866000	-34.56771024977702	-34.117278297802734	-0.450431951974291	-16.79930685082872	-17.317971446974013	1.0992693296792913	0.7179917339276419	-0.009661467524157391	0.010505896859373767	1.0044462166739967	0.04050101012967843	1.0
1867000	-36.110808010148354	-33.97142774298712	-2.139380267161237	-16.760349184436603	-17.21107855855051	0.8221918530556752	0.7080944017078129	-0.28408303574004906	0.11516677429373672	0.46021156637163707	0.030804732105172695	1.0
1868000	-37.093676613841765	-34.208203163116224	-2.8854734507255424	-17.17718165384596	-17.03102150927026	1.2006585246925723	0.7644518444879355	0.08947193044477891	0.05226519839992505	1.1919541884435683	0.3838425160116608	1.0
1869000	-39.68750004606359	-36.710351162346484	-2.97714888371711	-19.346353513195353	-17.36399764915113	0.5751505075868006	1.2742697867979946	0.2752471490135855	0.13478376194796549	1.723240792660952	0.3327167089614302	1.0
1870000	-35.777105110033744	-32.901027807316495	-2.876077302717249	-16.721451957422378	-16.179575849894118	0.8883399963339794	0.9541311156496717	-0.13337378581237214	0.5178585158534248	1.1398862843924704	0.08724266261041229	1.0
1871000	-38.54208334953171	-32.028678743884925	-6.513404605646787	-16.350257538120196	-15.678421205764726	0.8278073108105832	0.8052438919265924	-3.2841017186119985	2.2055461773909557	1.1128097100312013	6.622651366006699	1.0
1872000	-36.97958765436335	-31.83866851501522	-5.140919139348126	-15.948201955503833	-15.890466559511387	1.1938906978512875	0.9302614571449939	-0.7559039244121737	0.8977515623306811	1.8268181077931251	0.715875384924708	1.0
1873000	-38.352379006941575	-32.982812510762656	-5.369566496178921	-16.523581463360102	-16.459231047402554	1.0861886334106023	1.1160171696775876	-0.1776550013132674	0.5970710031588322	0.38048665726759134	1.936702282700589	1.0
1874000	-35.41866187459473	-34.690994152195515	-0.727667722399221	-17.075699351745993	-17.615294800449522	1.0845971867967115	0.6552456519428155	0.16262062252407788	0.07999091778027687	0.978228746075002	0.03678738272486713	1.0
1875000	-37.59328936796708	-36.09348413867281	-1.4998052292942727	-16.419896085370993	-19.673588053301813	0.9021530589891964	0.49334904574735794	-0.3509947715454115	-0.05391092998780449	1.4765931497455498	0.038487887356441826	1.0
1876000	-35.25862720110111	-33.55979624060991	-1.6988309604911989	-16.659633639481985	-16.900162601127928	1.0517457179464926	0.7795616199938612	-0.07062427857995707	0.10151092820671227	0.32147361870570723	0.04151908559076709	1.0
1877000	-36.02762593288306	-34.80578351901697	-1.221842413866089	-16.948405026241563	-17.857378492775407	1.1260130553715537	0.6580908055804051	0.054790732631824435	-0.07927676015898394	2.7210274823732585	0.026077789685291775	1.0
1878000	-35.47340180311037	-33.48542004844436	-1.9879817546660103	-16.544195412329913	-16.94122463611445	0.9515628148818343	0.9981023267341445	-0.17679421364984527	-0.13876438547164494	1.5895854258117867	0.10378193965355487	1.0
1879000	-36.8494164881692	-34.030543863969655	-2.8188726241995417	-17.74160779576492	-16.28893606820473	1.4603281946560551	0.9188200573285878	-0.14975694371327658	0.3911300937123592	0.7277778670320711	0.12148904151406906	1.0
1880000	-35.196382918363014	-33.89293837946164	-1.3034445389013762	-16.880448497041908	-17.012489882419732	1.084689967331518	1.0121991870133231	0.049879839174077054	-0.18351967073264847	0.6267666075041989	0.0388148755852644	1.0
1881000	-36.202335922966284	-32.69224483049686	-3.510091092469424	-16.158518348597244	-16.533726481899613	1.0041715091659444	1.0229608378760555	-0.4448337241914444	0.2202198828316755	0.37703108149237036	0.09093317876523394	1.0
1882000	-38.68405890730019	-31.77856188001873	-6.905497027281461	-16.01789621869763	-15.760665661321102	1.2036035098104216	0.9182237966974189	-0.7075003057785878	1.749974698981509	1.72574257844565	0.5884347553051241	1.0
1883000	-36.98133950221327	-32.61401564745907	-4.367323854754195	-16.11775192044404	-16.49626372701503	1.2012441814208386	0.9901328547475226	-0.6140743250969456	0.22015942700327606	1.1267429177841533	0.07294251920588136	1.0
1884000	-39.953982183725266	-33.26782852577908	-6.686153657946186	-17.284918180813246	-15.982910344965832	1.222159155880868	0.9930662052071607	0.11405767738786673	0.9076737824767186	0.6700657328656241	0.08278223430163938	1.0
1885000	-36.83591204237189	-32.16578063562074	-4.670131406751147	-15.760599451745419	-16.405181183875325	1.1735807170931085	0.7913350397649849	-0.9179147623085215	0.4491709376817907	1.0002597581694608	0.218726098730535	1.0
1886000	-38.40389962029019	-36.43670884352429	-1.9671907767658983	-19.779163780670196	-16.657545062854098	0.5441819474189874	1.0477941975793026	0.29464317100421666	0.1384453512690993	0.5750803023559535	0.07265296014881382	1.0
1887000	-34.87095841676605	-33.592745256140006	-1.278213160626047	-16.797063314567133	-16.795681941572873	1.1321735263044956	1.0593089682030201	-0.04088199058929515	0.031576111909619176	0.5970488962754594	0.05369440040046287	1.0
1888000	-45.53794588709905	-42.017466538402616	-3.520479348696436	-24.681644615027178	-17.33582192337544	0.31622210634249087	1.3160544237737002	-0.2753553554201	0.6944420353748959	0.6606460236300161	0.20570434644219346	1.0
1889000	-37.4802311201548	-33.213453207672195	-4.266777912482599	-16.165411144365798	-17.048042063306397	1.2504998311326634	1.1413398402158152	-0.6713158477554813	-0.030867878687672823	0.9786649727290133	0.09352083623886635	1.0
1890000	-37.49804802525516	-35.251101153423534	-2.2469468718316237	-18.101333277197256	-17.14976787622628	0.7373720503210024	0.7245081892732649	0.41463811048966237	0.09667518110993567	0.6511214892733576	0.09057575618953474	1.0
1891000	-37.29909893134459	-33.33309358870696	-3.966005342637632	-15.832424977262171	-17.50066861144479	1.0856505215953054	1.213753578131443	-0.7434487143451556	-0.22983839326552746	1.0087455106011594	0.2485587484129677	1.0
1892000	-36.95037361489096	-32.163764088900614	-4.786609525990346	-16.12677264624649	-16.036991442654124	1.1626159423248803	0.9538299560334464	-0.5465369494412751	0.7006172258898736	0.8429489720286929	0.1424210844567285	1.0
1893000	-37.76535712180013	-33.270786197563396	-4.4945709242367355	-16.05576259424713	-17.215023603316265	1.3126805405471775	0.7762174661907945	-0.9510049852248854	-0.09829219960943536	0.49860628998585	0.512292996297549	1.0
1894000	-37.73337728834242	-33.66593152478904	-4.067445763553378	-17.536247528008133	-16.129683996780905	1.251060810937377	0.887202183279935	0.19431176505858616	0.5630685976472171	1.8156073625238869	0.4093308422286569	1.0
1895000	-39.156109767950824	-31.915518017828592	-7.240591750122234	-15.705882140113111	-16.20963587771548	1.3251392412765015	0.9929548798833151	-1.81969445178648	2.0027674089230034	0.9367470457391819	1.2845590516252803	1.0
1896000	-36.08942909680213	-33.5392377478702	-2.5501913489319223	-16.743066921227374	-16.79617082664283	0.7840684767922884	0.8781571061045667	-0.47494808024650426	0.0006897279758829034	1.0019007624383596	0.06109914626478591	1.0
1897000	-37.12574006396503	-34.57506580856179	-2.550674255403245	-17.3734874258029	-17.20157838275889	0.6871919360213706	0.7464638749144903	-0.512101884326905	-0.007741975898795994	0.7989771484872716	0.23954156111792438	1.0
1898000	-35.35583775586185	-34.663049589835865	-0.6927881660259843	-16.81620496354509	-17.84684462629078	0.9267330920013476	1.3639103327597017	-0.006734520942565048	0.059734154310936816	0.8519881115867148	0.0309483637529994	1.0
1899000	-38.06945963423123	-34.19799001290747	-3.8714696213237585	-16.355772662383213	-17.84221735052425	0.9274873464402812	1.0455323802822236	-0.3584732853086714	-0.6885694580965851	1.6004496124647414	0.25321456518149715	1.0
1900000	-35.36097155556556	-32.984979588943034	-2.3759919666225313	-16.463658105669666	-16.521321483273365	1.1064597615239813	0.9790005495806995	-0.2331219857130944	0.18944548266440264	0.7055045147025255	0.14269330259509663	1.0
1901000	-39.09945185920148	-34.85748644997321	-4.241965409228269	-18.339908827097894	-16.517577622875315	1.6896902923705723	0.8846716806912692	-0.541402717978861	0.20670428023010684	0.30009507419129416	0.14782561142928508	1.0
1902000	-34.705230604619466	-33.52773579021641	-1.177494814403055	-16.621373443277378	-16.906362346939034	0.912131543658987	0.7803664555114145	-0.16837556666550546	0.09519548950977758	0.7237870962514233	0.05739246896146881	1.0
1903000	-38.93040881415317	-36.141151924606675	-2.789256889546496	-19.434203982696765	-16.706947941909913	0.6044904236356746	0.8583083966323615	0.6055555096841644	0.08896645854434976	0.7910015386936209	0.19272789000728924	1.0
1904000	-37.18630276792095	-31.13696403027955	-6.0493387376414	-15.29998501904997	-15.836979011229579	1.1253096332618775	0.6777605632055436	-1.9761364592930852	1.5406375360516709	0.8950232408378257	1.702894909157256	1.0
1905000	-37.14090173163181	-32.87595386072065	-4.264947870911158	-16.054770554762626	-16.821183305958023	0.8644827101355441	1.0612617410148546	-0.8495094115882014	0.012467715022472445	0.8939989012227887	0.15302490179675923	1.0
1906000	-36.84507188902893	-33.20721894885857	-3.6378529401703648	-17.12425989252664	-16.082959056331923	0.7293024726980929	0.7480317366375826	-0.4295495794360752	0.878891130485351	1.1245662681113937	0.3093718033788822	1.0
1907000	-35.172490759504115	-33.225485699420744	-1.947005060083372	-16.51297733875845	-16.71250836066229	0.9037488351938032	0.8605547312456343	-0.26921384625739575	0.08195240959338501	0.835424085500725	0.13210132975397096	1.0
1908000	-35.695336146718795	-34.27254936525627	-1.4227867814625257	-17.034150445955003	-17.238398919301268	1.0013497367909294	0.724443620951986	0.17034157795535765	0.039114020438615574	0.6541751501932908	0.07441819094062264	1.0
1909000	-36.88172685052707	-33.41514993497277	-3.4665769155543034	-15.838061653467621	-17.577088281505148	1.1086853150513016	0.6205802784020921	-0.7522251318861946	0.28212631995951176	1.1971795499230615	0.23941212975182358	1.0
1910000	-38.268788730294105	-34.53391832684043	-3.734870403453677	-16.9780920639863	-17.55582626285413	1.0633291360342751	1.2794406996619092	0.12034270177835193	-0.05725770026608734	0.26686679047739753	0.2450063740115478	1.0
1911000	-38.919014438550164	-35.48185276781061	-3.437161670739557	-18.625183384914294	-16.856669382896314	0.6990299098869948	1.1876809083180968	0.6016720442472676	0.3498909928416905	0.767799615892956	0.3260993377222979	1.0
1912000	-37.261437421915396	-33.127393415303544	-4.134044006611852	-16.45817411148208	-16.66921930382146	0.7673059622588772	0.9231219260275547	-0.9394458603226714	0.0626591049314329	0.9670189587744924	1.2824949129632526	1.0
1913000	-36.80362194932533	-35.049729910928605	-1.753892038396725	-17.135808087050258	-17.913921823878347	0.9110341885230518	0.5789644369133591	0.18798146529189508	0.3204184148385577	1.5677081309450274	0.041580892209753105	1.0
1914000	-35.654082809190584	-32.852523630487795	-2.8015591787027896	-16.32617412678831	-16.52634950369949	0.9801430039882998	1.049415217651624	-0.3211619067158146	0.2715181968245221	1.5765791006253964	0.05833156423142479	1.0
1915000	-38.45116003829068	-33.219895722187516	-5.231264316103161	-16.085544539920534	-17.134351182266986	1.3144914346781504	1.205705993239281	-0.9242573190572823	0.08347519529666578	0.2844304730812129	0.39187150346111366	1.0
1916000	-38.869395457207006	-34.13374169886598	-4.735653758341019	-16.455239096270894	-17.67850260259509	0.8626286703116014	0.9407852809541593	-0.42237023018299696	-0.5998506352954784	1.4863747148533084	0.07465247369097527	1.0
1917000	-36.821753044591105	-32.805778066005644	-4.015974978585465	-16.366898385226406	-16.438879680779234	1.0980131910668602	0.7265378251277255	-0.295462863610963	0.6183499085126896	1.2539907603559906	0.08288865465102786	1.0
1918000	-37.81420739550087	-33.79671332527633	-4.017494070224542	-16.38416386124028	-17.41254946403605	0.8437491948526489	1.175602052026164	-0.560281913843582	-0.2538533552943148	1.1003310191757725	0.06597733160838279	1.0
1919000	-35.91528393661994	-33.787351193818736	-2.1279327428012045	-16.90987144288278	-16.877479750935954	0.8755584645080626	1.1305129794419726	-0.01739678757665865	0.10262454148152252	0.4266752335024107	0.09780934858405207	1.0
1920000	-39.487210819453516	-34.41333384410534	-5.073876975348178	-16.50955201564178	-17.903781828463558	1.2170974847500808	1.295362529357519	-0.3403878550427165	-0.31052780590509416	0.2989977027313885	0.029552945497252268	1.0
1921000	-34.38509010039029	-33.43086283028652	-0.9542272701037735	-16.821789238964584	-16.609073591321938	1.0637561965942137	0.8645010408400698	0.02685401445955099	0.15510068866147655	0.5540922181529948	0.02800841010748947	1.0
1922000	-36.88216091892719	-33.87095592342919	-3.011204995497996	-17.216379755600123	-16.654576167829074	0.8228997938772082	0.7211730308959922	0.0816781733477645	0.46225689806519665	0.4238036313402256	0.09760337632703805	1.0
1923000	-38.14776777459069	-35.550228901332176	-2.5975388732585127	-17.031316604261864	-18.51891229707031	1.0052636695215353	0.49839580257555827	0.16859459104715846	0.5686705860576757	1.1892056958391892	0.25062836635979113	1.0
1924000	-36.18867998511919	-33.6683748420923	-2.5203051430268912	-17.010212224594056	-16.658162617498242	0.8050930789040827	1.1310152224542072	-0.13433262127188728	0.35606617205030977	0.5286748208387434	0.0833519572544937	1.0
1925000	-37.665427430842264	-34.03042309149562	-3.6350043393466427	-16.420971432582597	-17.609451658913024	1.0258374703143645	0.9136222583153486	-0.2315337942106758	-0.5451413272995671	2.0348558563706565	0.15064317107778594	1.0
1926000	-38.67283539970034	-33.182992954946286	-5.4898424447540535	-16.75063050128725	-16.43236245365903	0.7368908528052471	1.1099274157758634	-0.8081479042604467	0.6108688841106816	0.662942124095695	0.1451327995042877	1.0
1927000	-36.54177124040851	-32.93724850595747	-3.6045227344510415	-16.232683507790586	-16.704564998166884	0.8928152966151911	0.7524488193590733	-0.5472949149238013	0.3179557631395144	0.6028001879077924	0.5466921383345175	1.0
1928000	-40.67245144614802	-34.415551120635584	-6.256900325512433	-17.009129604988914	-17.40642151564667	1.139286907538698	0.4710660231630109	0.07557382626876011	1.7044514231491643	0.5493452591869322	0.4711954679745188	1.0
1929000	-38.197453558765055	-33.4893629627594	-4.708090596005657	-17.590578850828535	-15.898784111930869	1.1528503076295804	0.8684195445606248	0.36201979224837155	0.8517530683521121	0.6168962876833606	0.18095866028743612	1.0
1930000	-36.344844680630324	-34.19911272180515	-2.1457319588251713	-16.832748331489903	-17.366364390315248	1.2634647907385121	1.1830029488458724	-0.21267722036710382	-0.20017266343455226	0.7049120223636632	0.057090001005255187	1.0
1931000	-38.00474318105834	-31.887587433505843	-6.117155747552497	-15.841028290803521	-16.04655914270232	0.949430400603304	1.0354801319179339	-0.8307028434495234	1.3341639704457007	1.877232816459932	0.48819870378358715	1.0
1932000	-38.42930149424215	-32.61241538233426	-5.816886111907886	-16.918603902968943	-15.693811479365316	1.453351750013378	0.8844353779021604	-0.6470122482816345	1.8212306408212728	0.8945450483817559	1.4250115696098318	1.0
1933000	-36.94178234720534	-31.360787975621562	-5.5809943715837775	-15.757071746881884	-15.603716228739678	0.8626974398187915	0.7090159029727677	-1.3493871791840972	2.0329391804052968	0.996590956812727	2.050119816598817	1.0
1934000	-37.28151443917801	-32.72998707569286	-4.551527363485146	-15.933177379296247	-16.796809696396615	1.1659873571355903	1.0539846566557474	-0.7242617617537244	0.023033529609287784	0.5312599137648611	0.10344626057283404	1.0
1935000	-36.338887972764724	-32.72748841551771	-3.6113995572470086	-16.595356242009522	-16.13213217350819	1.088569196512204	0.9942120108729019	-0.13113869387356802	0.6397276953013455	0.751698685214806	0.12315155552528188	1.0
1936000	-38.298600467723375	-32.68800938806528	-5.610591079658089	-16.628109490993268	-16.059899897072018	1.2410103275097173	0.8831322529841669	-0.30199991767299167	0.6423019300337915	0.7613907912105139	0.056083730680763964	1.0
1937000	-37.67578811313312	-34.66418984469517	-3.0115982684379508	-17.41831322051494	-17.245876624180234	1.3265629422409542	1.2869161573234862	-0.005928095667563638	0.4267983779455412	0.6388336140192953	0.0994768539144196	1.0
1938000	-36.88564110721699	-33.42150371080382	-3.4641373964131734	-16.218879079857317	-17.202624630946502	0.9630529887688203	1.0167841118430876	-0.4267381451792832	-0.31263993622844655	2.015424284299386	0.1538468190996707	1.0
1939000	-35.32492875331144	-33.96591512958726	-1.359013623724178	-17.18511656850024	-16.78079856108702	1.2252196310539687	0.8468876807665622	0.0563399253120164	0.05118991442019044	0.6524986474160375	0.06527206703399017	1.0
1940000	-38.63503129467508	-34.17171521407614	-4.463316080598942	-15.9328115945073	-18.238903619568838	0.895545234096937	0.5811825724820459	-0.8758940239832198	0.10768379854505172	1.3755901618735704	0.11458592008826907	1.0
1941000	-36.809841873426535	-34.09144579574582	-2.7183960776807155	-17.376879275393723	-16.714566520352097	1.2359054146238497	0.7343831976609111	0.1396306955799902	0.3689997703325709	0.5317846268307787	0.049226045320974174	1.0
1942000	-39.11338263171254	-35.26258678189342	-3.8507958498191233	-18.406284360116416	-16.856302421777	0.5827223105729088	1.0169760614938905	-0.6038809885941884	-0.06406312121181462	2.223743867453057	0.06681009399891871	1.0
1943000	-37.413327700888644	-34.40003175062445	-3.013295950264192	-16.576617492903274	-17.823414257721176	1.0901589883836686	1.3928077824711214	-0.1445908190143344	0.40400303789476893	1.1003147879757813	0.07591403631433113	1.0
1944000	-38.36160431977087	-37.05322362274065	-1.3083806970302194	-19.60644168435232	-17.446781938388334	1.7134677685233897	0.7365901216587665	0.017970406248197124	-0.13078905453156175	1.0533300300953625	0.039730333329947076	1.0
1945000	-35.583727776545096	-33.48398703362291	-2.0997407429221844	-16.56870838174588	-16.91527865187703	1.2148133904432343	0.9173006755903386	-0.29614799868767844	-0.11464038638351837	0.6998085228326132	0.06868488412352142	1.0
1946000	-41.13904958049215	-36.96107389731198	-4.177975683180174	-19.344977503315434	-17.616096393996543	1.5118650257280568	0.8515923722082489	0.42674310452966624	-0.4832353156103206	0.356358141485491	0.2308554450628434	1.0
1947000	-36.96424087456935	-33.2346663911012	-3.7295744834681464	-16.069153238754122	-17.165513152347078	0.9759203095403817	1.2462206768642459	-0.5475479323600586	0.2399492075414274	0.588179055263416	0.09541902315267566	1.0
1948000	-35.5201357631255	-33.13974576379234	-2.3803899993331634	-16.859075391750025	-16.280670372042316	1.0826924154896578	0.8849476302244853	0.038450125899590015	0.41323640513715165	1.181270032793871	0.09360447909459732	1.0
1949000	-36.098180622288716	-34.417133830862994	-1.6810467914257194	-17.107569950262906	-17.30956388060009	0.8679780886811231	1.2088729968752272	0.10779070902017168	-0.07960984063467252	0.6487633204706114	0.08404369438549864	1.0
1950000	-37.25071651386588	-34.862498441329464	-2.3882180725364157	-17.089969528187158	-17.77252891314231	0.909369590243584	0.6595918450807946	0.15687074004862175	-0.03570457081299011	0.27221320093492635	0.06959636321512319	1.0
1951000	-36.76748382175219	-34.05182178420461	-2.715662037547577	-17.031655459878028	-17.020166324326585	1.3799027592465718	0.9878181852614226	-0.3499197547757328	-0.19844694471825486	0.8190551090312147	0.05930510830680161	1.0
1952000	-35.84328220771305	-34.83207395679644	-1.0112082509166092	-17.11682639743198	-17.715247559364464	0.833168168617841	1.3488508892831437	0.03685092782209398	0.13638386311634565	0.6426424516612296	0.032791522074133425	1.0
1953000	-35.291403303390794	-33.33945042493343	-1.9519528784573603	-16.83868426746302	-16.500766157470416	0.8465316184125995	0.8497827416855251	-0.13959291753433112	0.2598321892365062	0.6770261330982968	0.10952018466274939	1.0
1954000	-37.6793431527644	-33.16887107658657	-4.510472076177832	-15.63886691023468	-17.530004166351887	1.0054437431035863	0.7039261949720117	-0.9908138211354613	-0.07067593815631484	1.880271943566344	0.2212566722801221	1.0
1955000	-40.60609020875248	-33.86869013654186	-6.737400072210622	-18.020802925075646	-15.84788721146621	1.7482426845128503	0.8213522274055425	-1.0937982779540087	0.9715065861215476	0.2996150070578253	0.40982336888122206	1.0
1956000	-37.623069664348726	-34.794226877910276	-2.8288427864384484	-17.082508596874792	-17.71171828103548	1.1068484368063307	1.2996297188049815	0.148575751024289	-0.12651642971763966	1.7219183135233693	0.10584154149777845	1.0
1957000	-36.99701379073563	-32.416559417878545	-4.580454372857083	-15.723245470335478	-16.69331394754307	1.1971029175345247	1.0226396601548922	-1.0104813962237624	0.07404412544737227	1.2810847517874957	0.36874018020546945	1.0
1958000	-36.40978994844676	-32.144970564043646	-4.2648193844031095	-16.235981669582248	-15.908988894461395	0.9737911552347096	0.9757267667251577	-0.40086943067468883	1.0082470944270887	1.0492350022883257	0.6671426245213125	1.0
1959000	-37.79054560907121	-32.64811708794926	-5.142428521121951	-16.89691594931907	-15.751201138630194	1.3210169287514717	0.9047446442500683	-0.2923285861284861	1.1457365821037997	0.8702716365254272	0.30859924748407336	1.0
1960000	-36.31490102127133	-34.701461742599484	-1.613439278671851	-17.469070163803217	-17.232391578796268	1.2913028160103608	1.1462640467668588	0.08951568437399049	-0.17560214500759697	0.6734746672414207	0.04601219615990604	1.0
1961000	-38.41111831262928	-34.819249345057	-3.591868967572273	-18.847372418515523	-15.971876926541476	0.5549506181868717	0.9432431828969166	-0.5229114574891273	0.7823679042874447	1.5552246093637236	0.758272067690256	1.0
1962000	-39.81734947143791	-34.601519804156986	-5.2158296672809215	-18.36085607425195	-16.240663729905037	1.7396454345828898	0.7648021476824945	-0.7397469179870999	0.667047898842241	0.5909698184541915	0.20346837201520213	1.0
1963000	-37.92925618858247	-35.37422802864377	-2.5550281599387015	-16.423206023458743	-18.95102200518503	0.9509872446617661	0.4742222252135196	-0.270687294266881	0.5311234931913992	1.343944176591156	0.11281737347015452	1.0
1964000	-37.41485064893557	-35.0491259591811	-2.3657246897544724	-18.75981444877445	-16.289311510406645	0.618336838598298	0.9217735608094435	0.1969318523207499	0.3904807522036766	0.6492755958393411	0.11163263098739128	1.0
1965000	-37.106559994760296	-32.915086389869316	-4.191473604890978	-16.135220706581062	-16.77986568328825	1.0068795959200696	1.0849481302063417	-0.4635147966323119	0.08986646492095687	0.5044288534631145	0.03351760318421681	1.0
1966000	-36.65208163319769	-34.479641652100746	-2.172439981096943	-17.45126836645033	-17.028373285650417	0.8436714821465426	0.7533955078812242	0.28925060872887315	0.0854836044506267	0.5658449515489246	0.021197109544608597	1.0
1967000	-38.783050950274934	-35.35026465856997	-3.4327862917049665	-17.56121288171398	-17.789051776855988	0.8928053245618338	1.2580749620840854	0.42549135734865207	-0.33443345958645104	1.3898668779761882	0.08429076155910019	1.0
1968000	-39.93337925674989	-35.652369010511336	-4.281010246238548	-18.615222927422227	-17.037146083089112	1.2728795759188782	1.2316604656294505	0.6260265545438991	0.34213802986387276	0.8279693230421497	0.12092493265531282	1.0
1969000	-36.493835624997885	-32.41029771315016	-4.083537911847724	-15.817597976648482	-16.59269973650168	0.891588552561718	0.7808967123611623	-1.0548089425035188	0.32323066702736897	0.911763503349673	0.7948034339901295	1.0
1970000	-36.76178200841132	-34.30677025517989	-2.4550117532314317	-16.75434209216489	-17.552428163015	0.8597812544923507	1.3398527815133043	-0.17172071152280266	0.34214165404805297	0.9871736088178585	0.05718480624270752	1.0
1971000	-37.04509775388094	-33.420302889817634	-3.624794864063306	-15.784843090825024	-17.635459798992613	0.9608477022302432	0.733280745469999	-0.875041942369786	-0.2330198611866065	1.1070983568984072	0.36678842216204505	1.0
1972000	-35.46303689093309	-33.785164161183616	-1.6778727297494769	-16.6083420729185	-17.176822088265116	1.0547781969321313	1.198974356283823	-0.10546924769022642	0.01483816506967972	0.42251685155780083	0.05271226763333535	1.0
1973000	-37.60165999480256	-33.54163383655658	-4.060026158245981	-16.950561031245467	-16.59107280531111	0.8748500338198903	1.1369916999364125	0.010634004679818176	0.4849849640237822	0.5733985955677159	0.8307565115842731	1.0
1974000	-35.29311100956935	-33.46289323403025	-1.8302177755391016	-16.68027029667416	-16.782622937356084	1.0280367649825914	1.0124668862541963	-0.051797782831655884	-0.009277560791466521	1.7113073031474197	0.08707605935824946	1.0
1975000	-39.15143855716738	-33.90694694063026	-5.244491616537115	-15.866344988596605	-18.04060195203366	0.9851304015414708	1.4065849644111907	-0.7412212330804641	0.10671151024356043	1.0455603405510343	0.07949951363971573	1.0
1976000	-36.4469597866773	-33.30152801323234	-3.1454317734449537	-16.872141423853098	-16.429386589379245	0.9113800639240139	0.7229892439097498	0.013617078285874901	0.6399657693009448	1.6285057002978351	0.4208311649377254	1.0
1977000	-37.299804214076815	-33.33117564681655	-3.9686285672602706	-16.121295150205754	-17.209880496610793	1.253932272858768	1.2007620806837251	-0.718670280324257	-0.01168330391198169	0.6637260303363911	0.3411345267864598	1.0
1978000	-37.42509926460808	-33.71415378431532	-3.7109454802927555	-17.437335681949293	-16.27681810236603	1.4275088362459045	0.7737503199875518	-0.2305985572362365	0.6076840492529214	1.3395283519565417	0.15074717111266356	1.0
1979000	-34.762091534667945	-33.55567743102612	-1.2064141036418268	-16.928637636746107	-16.627039794280012	0.9555321605975915	0.8223848664659654	0.09232872077435858	0.20549821199223706	0.6912873674306519	0.03839129829662056	1.0
1980000	-40.16892727277258	-37.428228329289524	-2.7406989434830535	-20.250902395694023	-17.1773259335955	0.47626529874342177	0.7037552837723475	-0.4089944519431098	0.15386171679918628	0.41457984921061336	0.10094069799447	1.0
1981000	-38.45103188063048	-33.35751486853994	-5.09351701209054	-16.493735449800337	-16.863779418739604	1.234946901952555	0.8711291387440252	-0.3829751329524942	-0.03938983647414296	0.9413762361533159	3.090158516790013	1.0
1982000	-35.11372966827108	-33.73511407656595	-1.3786155917051302	-16.713074991481818	-17.022039085084128	1.0682900958196375	0.8349667859178012	-0.04320667835547637	-0.09581911462210624	0.6165970754152239	0.06852945222227752	1.0
1983000	-37.147833184138086	-32.839866341398995	-4.307966842739092	-16.974630714396618	-15.865235627002379	0.765850791664165	0.9754393510859797	-0.34572025735612133	1.1735847854548223	1.3600055635055	0.8422129481877605	1.0
1984000	-36.83312229523849	-33.483317365902394	-3.349804929336096	-16.222583017586157	-17.260734348316234	1.0652191506851936	0.9677566207101805	-0.3875906576659577	-0.3594425432641526	1.7600782228547862	0.1093563221141828	1.0
1985000	-36.353121435647374	-34.861720633599546	-1.4914008020478295	-17.16471835991186	-17.69700227368769	0.7688461425440931	1.303910724341271	-0.157107405418524	-0.09382248154070158	0.600186175927613	0.05377908653195185	1.0
1986000	-37.776848492118724	-32.44778917052378	-5.329059321594949	-15.45804190098063	-16.989747269543145	1.118375050304753	1.2256154374418702	-1.260218253879863	0.3791798590708344	1.2114965344017212	1.68315605851424	1.0
1987000	-35.90547801351669	-33.73303472006114	-2.1724432934555526	-17.23854553197382	-16.494489188087318	0.835958156424755	1.0247881823991234	0.13082533938668703	0.2617546639300362	0.6224943436475451	0.11845393882517896	1.0
1988000	-36.66665608840528	-33.76757554570118	-2.8990805427041053	-16.670068356986093	-17.097507188715085	1.1740797394543443	1.2099303752075439	-0.16912854418101977	0.1422244718667618	0.43321801022468476	0.16679200359659294	1.0
1989000	-37.097605476358716	-34.31508196751005	-2.782523508848668	-17.471554446290618	-16.84352752121943	0.7100035038641029	0.7051997504430432	-0.22271134931191416	0.38094625801032234	1.0438936266469487	0.5328756460980972	1.0
1990000	-41.751592071783705	-36.191739085119	-5.559852986664698	-16.774069935624137	-19.417669149494866	0.7234366981907369	1.215137156713792	-0.9127392989547596	-1.315227206325909	1.2553847279208283	0.5454543245682003	1.0
1991000	-37.505419378423795	-33.09445560485945	-4.410963773564347	-16.083880472848442	-17.010575132011002	0.8375779228467292	0.5944773020253915	-0.9540635438856343	0.8488664905663155	1.8085299676704216	0.3833654996238171	1.0
1992000	-36.51244740085075	-33.12920928317722	-3.3832381176735384	-16.656634613022582	-16.47257467015464	1.2996912741710722	0.8440413467162926	-0.40240672206898476	0.2911006040087867	1.7430435945222333	0.1454241108051342	1.0
1993000	-39.2116650284299	-35.22155407806565	-3.990110950364245	-18.73385842749493	-16.487695650570725	0.5635880932423833	1.1254581413311826	-0.5118704349781035	0.6033950073452224	0.9666290874869947	1.213813272727328	1.0
1994000	-39.02906534152184	-33.657980739108545	-5.371084602413295	-16.13092499821967	-17.527055740888876	0.8534472012013058	0.6068975563142697	-0.8050697829685132	0.39457455695986215	0.9684620463529168	0.0900761549302485	1.0
1995000	-36.72947520255503	-33.26190787514961	-3.467567327405416	-16.839070000050178	-16.422837875099432	1.0612008004141957	0.8083794635795323	0.03865816678159706	0.39597130459240315	0.46473554404158823	0.3740669957430245	1.0
1996000	-38.61651622221664	-33.82424346593009	-4.79227275628655	-16.23804463390745	-17.58619883202264	1.2387531504784952	1.2975242069911856	-0.5845410797464874	-0.007187255914812479	1.0955897112190562	0.051354481719951266	1.0
1997000	-36.59045784303248	-34.30432643193322	-2.2861314110992597	-17.99922915492366	-16.30509727700956	0.6808209542594327	0.8595194092282646	0.04495616695517529	0.4146890645013911	0.9676166788689072	0.22389005785672117	1.0
1998000	-36.30519355496418	-33.411771231171	-2.8934223237931778	-16.41983137466562	-16.99193985650538	0.8750810615743083	0.7514172343707237	-0.41794061809223626	0.11600057441422773	0.5308780597292294	0.2246962559163808	1.0
1999000	-37.44763028966247	-33.8307799719726	-3.6168503176898668	-16.09506737067833	-17.735712601294274	0.9098105293346581	1.320487108267809	-0.642073641895741	-0.05713242611151881	0.9276504049640664	0.3637155131367262	1.0
