it	posterior	likelihood	prior	lik_L_3-0	lik_M_3-0	l0_t3-0	m0_t3-0	Gl_t3-0	Gm_t3-0	hp_rate	hp_sig2	beta
0	-26.66727134948514	-23.149321045681198	-3.517950303803943	-12.644016265474933	-10.505304780206266	0.2147293204074712	1.465343916987126	0.0	0.0	1.0	1	1.0
1000	-21.670363963355392	-17.736798162280756	-3.9335658010746357	-8.755712233888248	-8.981085928392506	1.0124005647895522	1.083288169875738	0.0	0.0	1.0	1	1.0
2000	-18.407934087030768	-15.70289277705075	-2.7050413099800172	-8.618466961833272	-7.084425815217476	0.6033045815478155	0.44209923632946524	0.2654352990290785	-0.7554692733806497	1.4406426610793275	0.17452079990111913	1.0
3000	-12.221415465892552	-4.009943893558999	-8.211471572333553	-9.260552438680453	5.2506085451214535	1.1147516066435088	0.5435697728660036	-1.016295050421348	-7.413940962564922	1.1036390943534002	12.760171236531793	1.0
4000	-11.411725196901212	-3.315181847309397	-8.096543349591816	-7.750806723612527	4.43562487630313	0.488871003790369	0.7339555734168541	3.0326672128327457	-6.28079084161709	2.273290798632651	7.994110185281794	1.0
5000	-11.64450260461686	-2.1881356755195425	-9.45636692909732	-7.928011377951857	5.739875702432315	0.6208561031334799	0.9873949353476741	2.6764756699541596	-8.700407681017754	0.5254787461749393	14.86181402502947	1.0
6000	-10.924963325061098	-1.7663572135774093	-9.158606111483689	-7.811521630122385	6.045164416544976	0.36745576192605395	0.869484551642001	3.520511481287621	-7.867606400051882	0.4487260137459472	131.77609826702366	1.0
7000	-12.209795581139916	-2.2482974696946734	-9.961498111445243	-7.810169922486896	5.5618724527922225	0.35379607250828093	1.1628931047749809	3.7810601258780596	-7.860566015730824	0.5998713350814542	9.70766293577384	1.0
8000	-14.089291523568017	-4.587797617205872	-9.501493906362144	-10.861890016733835	6.274092399527962	0.6272948800743583	0.504875863446216	-2.2893409033839887	-8.996929836293234	1.3904103664745768	9.605439514134817	1.0
9000	-11.476194782070248	-3.315230450246605	-8.160964331823642	-9.403524558282191	6.088294108035586	0.758995115778881	0.856657143267545	3.6610088091914577	-7.959512150224058	1.5039231263469304	27.52367145794181	1.0
10000	-10.139528638263137	-3.1457070084386194	-6.993821629824517	-8.94776915185733	5.80206214341871	0.22394864520646807	0.3762983100410607	3.453976680752553	-9.006122194686895	1.2609022374995151	37.841531857760124	1.0
11000	-10.894922899120807	-3.7170332585210675	-7.177889640599739	-8.28001233204933	4.562979073528262	0.23655239176084483	0.45018543069731326	4.418794404572204	-7.242914133564062	0.9558541752645521	41.59395991810139	1.0
12000	-10.589469555400715	-2.5516952298116458	-8.03777432558907	-7.827567863322685	5.275872633511039	0.5775099857496012	1.2260018527638872	2.27947415255697	-7.208105481069284	1.3858815894338645	27.66136474413756	1.0
13000	-10.537848345793398	-2.600909732544574	-7.936938613248824	-7.756729605179881	5.155819872635307	0.44854267537918163	0.8024369978213681	2.990716176775692	-9.79834819526302	1.1972838869610285	50.154989059961665	1.0
14000	-11.88658710248282	-3.76172457428693	-8.124862528195889	-7.927426711791174	4.165702137504244	0.5237795874823847	1.4797278937646279	1.9023517839908346	-6.3539248993186455	0.8897101476773958	42.82379342161179	1.0
15000	-10.819911486778864	-2.5368379775898884	-8.283073509188975	-8.338017201844826	5.801179224254938	0.3408750662527133	0.9690275345059505	2.512580011714099	-7.514611296876437	0.5776889386196138	19.164705356767954	1.0
16000	-13.206766492791298	-4.125177477135793	-9.081589015655505	-8.38164689531986	4.256469418184068	0.7885607637841667	1.618721338250106	2.3415401167212178	-7.054916841617539	1.1380951019705763	12.231599394082036	1.0
17000	-11.38670434365421	-3.44994790470356	-7.936756438950651	-8.669259101420739	5.219311196717179	0.2990328903766019	1.2018306983036058	2.5469064864136373	-7.034232866318602	2.213863797587745	21.793096746969034	1.0
18000	-11.495908550876361	-3.908711764632665	-7.587196786243696	-9.246156581803493	5.337444817170828	0.2570599086761734	0.6637235851980776	2.4433607049646184	-7.147241459585919	0.9774894110420219	12.540383168432298	1.0
19000	-11.617689262527296	-2.7123282119487584	-8.905361050578538	-7.8019496582036485	5.08962144625489	0.5454478637587381	1.1023918687608631	2.3894640696106393	-8.920853807934382	0.5675151069710077	94.40672640894397	1.0
20000	-12.768823884243837	-4.218955571017854	-8.549868313225982	-7.826522624819385	3.6075670538015316	0.4479583638615521	1.7242710972782211	3.8351907732500394	-6.384355816667212	1.4177629149187954	24.54528167695216	1.0
21000	-9.968667505090389	-2.012958205405045	-7.955709299685344	-8.31521592153514	6.302257716130095	0.5780710726627906	0.7277887051684789	3.788899231053275	-8.583724073030236	0.9628522005735147	44.84476994970187	1.0
22000	-12.00922667256112	-3.9609781762607126	-8.048248496300406	-8.211773814036722	4.250795637776009	0.7161187108602592	0.9423157076596143	0.7830373169567306	-5.967164538125522	1.113359514411643	6.806020353867393	1.0
23000	-10.520394855705625	-2.5136570136114678	-8.006737842094157	-8.33972508865653	5.826068075045063	0.5606138609057817	0.9409624973569601	3.9377592513915136	-7.517471733525625	0.9328352251351114	49.43700277737153	1.0
24000	-15.65434652843344	-9.393410608542254	-6.2609359198911845	-8.500360640694737	-0.8930499678475181	0.9137583246621985	0.7203004926118969	0.4038380228616792	-3.2153327699953516	1.4310867377491194	9.445749940146726	1.0
25000	-14.569289746316766	-5.343742585276173	-9.225547161040593	-11.62001714032293	6.276274555046758	0.7672986582164644	0.5755316386320571	-3.396396507885158	-8.639681599371775	1.6138983810200265	11.548395975034662	1.0
26000	-11.721234976785476	-3.890687602430969	-7.8305473743545075	-8.867802518601923	4.9771149161709545	0.2845773246411682	1.0677303672966043	2.4838699906293216	-6.573583275482408	0.970271531605841	11.202267512920685	1.0
27000	-10.933321866139753	-2.8897884299028993	-8.043533436236853	-8.148668029979275	5.258879600076376	0.5990513441495396	1.1486944347622177	1.0994153941523943	-6.977791556890961	0.6813089374604803	19.674218309871467	1.0
28000	-11.732850961647678	-3.8694265161390664	-7.8634244455086115	-8.6290601546105	4.759633638471433	0.9407347322528414	0.3125714740496905	0.048375063271676455	-8.406296901615168	0.871803167658239	23.596479557811183	1.0
29000	-10.580579253329738	-2.0320761705142933	-8.548503082815445	-8.33297113905341	6.300894968539116	0.5766618131409567	0.4973818014761445	3.820519888840984	-9.490279952178835	0.923260366780257	20.68484309663097	1.0
30000	-10.440315577520696	-2.5281315770047534	-7.912184000515942	-8.071220014897232	5.543088437892479	0.29572625927772506	1.1683094671753034	3.707584851601194	-7.92677415913854	1.1277410134681265	46.707531790061495	1.0
31000	-10.962321836013835	-3.6213864761485466	-7.3409353598652896	-8.497637275788938	4.876250799640391	0.6491489359240289	0.8722839692517488	0.30564075325934437	-6.479588745477697	1.3884868447464567	20.322085940118395	1.0
32000	-11.512303311940187	-2.675236047301201	-8.837067264638986	-8.512784000678543	5.837547953377342	0.9261638485487586	0.6564768148345463	0.45040475831149873	-7.687184599798009	0.37791414700729997	21.072594902856846	1.0
33000	-11.127473447115785	-2.5870650902219854	-8.5404083568938	-8.08821240330945	5.501147313087465	0.7132298649316412	1.1851118562150529	2.2728415428182727	-7.660740145387114	1.494242543301715	17.8819804256359	1.0
34000	-15.825842941580621	-3.772126363707457	-12.053716577873164	-9.402407255150425	5.630280891442968	1.129836365664054	0.5636321078451646	-1.2688737115542197	-7.715467104547472	0.6884850735027097	4.495230346773029	1.0
35000	-12.87257814194	-4.942569443932891	-7.930008698007109	-8.608975929045542	3.6664064851126508	0.9651165306028551	0.21532386800848127	0.3034804795620216	-8.65803199104215	0.7536329252547865	32.31495847876445	1.0
36000	-9.905355973371766	-2.3662138179762806	-7.539142155395485	-8.281571190893356	5.915357372917075	0.6207980452042726	0.5057630532870532	0.7672759656665964	-8.293198656409434	1.090828601015972	56.230012496917205	1.0
37000	-9.648020615187884	-1.904005116751863	-7.7440154984360206	-7.9575933913767045	6.0535882746248415	0.4714001119608174	0.8302550944426267	2.092050185807969	-7.840799822455478	1.1621061055396666	66.70996730285543	1.0
38000	-12.390465203468727	-3.7827958484810065	-8.60766935498772	-8.784683423805365	5.001887575324359	0.9734608050174662	1.3775729698202444	1.5831769977032724	-7.450507571459344	0.96332224692764	42.2586615204968	1.0
39000	-11.670764377935814	-4.340781852938271	-7.329982524997543	-7.798776731187637	3.457994878249366	0.5549134232229826	1.0103808793806097	2.6476924975620544	-5.416208134511708	0.9785328358147904	21.991547885421106	1.0
40000	-11.870449211762569	-2.980688018598485	-8.889761193164084	-8.052758109863094	5.072070091264608	0.7011346583409617	0.3628981707905032	1.3165015166156069	-8.2526876345403	1.0960635253634206	9.02552017325837	1.0
41000	-11.714252549921117	-2.6698553233270967	-9.04439722659402	-8.410472305961935	5.7406169826348385	0.7705505616867122	0.6988976884831947	0.2972966908991138	-7.490241874861824	2.419647930004191	8.602005214823496	1.0
42000	-10.55807577551896	-2.592293837666494	-7.965781937852466	-7.920969160790868	5.328675323124374	0.31250962291194306	1.0348503485359781	3.9252329356461653	-6.918029572793902	1.1177297025619561	14.639770800373308	1.0
43000	-12.808080382124954	-3.675381389718156	-9.132698992406798	-8.320289509850847	4.6449081201326905	0.8249293337403036	1.4545368671282901	0.6560978926994628	-7.949290974465019	0.6714811833228485	106.62552712456059	1.0
44000	-14.861631508475662	-5.96150730891422	-8.900124199561443	-10.091800394318035	4.130293085403816	0.15700434540833655	1.6341424902077009	3.726850515152831	-7.702582484300389	1.081734118179731	13.764257523331073	1.0
45000	-12.573606643023913	-4.081422286310211	-8.492184356713702	-9.467852202074818	5.386429915764607	1.0544663874399134	0.3481956449104354	2.0203161408739403	-8.712073432544573	1.9691794287802096	16.268118717749303	1.0
46000	-10.18751787707391	-2.7343071290615297	-7.45321074801238	-8.234925108497436	5.500617979435906	0.3703869993251072	0.7589849651023431	5.097117838583984	-7.145185699802608	2.0542873020762302	26.241503055277292	1.0
47000	-14.323729246841614	-5.805421045978617	-8.518308200862997	-8.850177695625558	3.0447566496469403	0.38763807972409986	1.9779899035355346	1.289374232157597	-6.752447048683161	0.5669179958281976	17.935102920237846	1.0
48000	-12.375790115809629	-4.411700740844486	-7.964089374965143	-9.38157465512372	4.969873914279233	0.1925742046877495	1.1430295450190997	7.423863227846223	-6.6301135124743285	1.2851273439837203	43.50446965361021	1.0
49000	-11.462850321200564	-3.3786868942625485	-8.084163426938016	-8.542844128253115	5.164157233990567	0.6180559710087585	1.1584165303555471	0.3277752487670367	-6.870808610264035	0.6574474356187434	35.883291924856024	1.0
50000	-10.302829917919878	-2.3182282689192846	-7.984601649000593	-8.39281248153367	6.074584212614386	0.33234362407927664	0.8570809587251419	2.5258193445936317	-8.74282566534267	0.7917031786309697	49.32006398690517	1.0
51000	-11.40928879019826	-2.6037831246722893	-8.805505665525972	-8.878014244056493	6.274231119384203	1.082136675582186	0.6569518664445844	0.4006513553734412	-8.416686607072428	0.48724291841997025	22.862451734338293	1.0
52000	-13.783491135739197	-4.995795652767306	-8.787695482971891	-9.282407591257229	4.286611938489923	1.0640619506371385	1.582442055236417	-1.1734740625165545	-6.860222330237018	1.063720240347904	36.2117844874431	1.0
53000	-14.99460936660525	-7.400243859908017	-7.5943655066972315	-9.695157629540525	2.2949137696325073	1.3417466828127111	0.7721417704154196	-1.0239584829997685	-4.852498954084817	0.8520509411377607	21.253102538525244	1.0
54000	-14.970176693682598	-4.532903424911643	-10.437273268770955	-10.090587810295098	5.557684385383455	1.418375135313365	0.4920418110615313	-1.6944457872097427	-10.526244337777909	1.050724252035661	14.03566635167856	1.0
55000	-12.464567739374637	-3.331346406397606	-9.133221332977032	-8.615746619686451	5.284400213288845	0.936141387768042	0.9398868508125089	1.5215686838378437	-6.830412169131105	0.8317880010559946	7.224766493366951	1.0
56000	-14.500268300556103	-5.503616632105173	-8.99665166845093	-9.07175483237168	3.5681382002665067	0.7294960105555278	1.748779609814983	3.5762939576270103	-7.859140421560905	0.9585046715433718	57.25044329963155	1.0
57000	-9.744835428947043	-2.4080087178673173	-7.336826711079726	-8.102425376537042	5.6944166586697245	0.32863444816487464	0.8581090241121307	3.117034388728827	-7.289361443146399	1.2508142529343536	26.625274969762103	1.0
58000	-11.275321587006967	-3.5791764560608152	-7.696145130946152	-9.605677996542752	6.026501540481937	0.213997086674329	0.395377090057566	2.8323799676506263	-9.243810631576505	0.8484735512224795	88.78377522414412	1.0
59000	-10.727446114012466	-3.2229663776771966	-7.504479736335269	-8.153543383912199	4.930577006235002	0.3950782531199263	0.5070588848103048	2.2657686473918	-7.2773906862795155	1.0386816762408204	12.935833989586236	1.0
60000	-13.084951142392176	-2.6569825245570104	-10.427968617835166	-8.58370528920225	5.926722764645239	0.9571565648805122	0.3337676124502979	0.36598404015285224	-9.823994545697223	0.23480673507026337	162.71798745903592	1.0
61000	-12.035868118731294	-3.381767384204249	-8.654100734527045	-8.698418494435577	5.316651110231328	0.9399950370598842	0.9724438689432497	1.6946399721522725	-9.174828236414738	1.4518358188469742	37.422221336588805	1.0
62000	-8.95290940627531	-1.425490566201172	-7.527418840074139	-7.761978833447205	6.3364882672460325	0.49061870644757805	0.572939686469931	3.1838080995464306	-8.872776471979682	1.2882964331484916	34.847574427825194	1.0
63000	-13.811070864484892	-2.983643078953147	-10.827427785531745	-8.16183146028604	5.178188381332893	0.6978259474687122	1.181627297090897	0.9198355513647358	-6.930330800678611	1.7513363124386843	4.621298978395993	1.0
64000	-9.655978613414764	-2.468563059947069	-7.187415553467695	-8.040960846611235	5.572397786664165	0.3873432280088565	0.25367516344137436	4.706563857395379	-10.545758540736944	1.982005193455421	147.8615321237631	1.0
65000	-14.477728413158212	-5.597479343376417	-8.880249069781796	-8.721229871025422	3.1237505276490047	0.2783148345777187	1.8690849723801453	2.781949982200924	-6.282690756864201	0.910361152159395	8.585143293664798	1.0
66000	-12.731957206802843	-4.845725489457781	-7.886231717345062	-8.56401855155344	3.7182930620956594	0.45230252272480553	0.7183614800072438	1.1418651300194438	-5.804999320142298	0.44269803232296046	13.440850573897217	1.0
67000	-12.51435397655992	-4.699453648822019	-7.814900327737902	-9.7229094275774	5.023455778755381	0.11402796389290447	1.0348522751773692	8.206060572603002	-6.600231476036823	1.5920172633194873	39.71181362304213	1.0
68000	-10.441814746173243	-2.212827710815068	-8.228987035358175	-8.192640108593647	5.979812397778579	0.8000731627044293	0.5016235876675119	1.3435695920018125	-8.405061109598467	0.6123440017709476	29.40504529984324	1.0
69000	-14.748995564463991	-6.137355234020697	-8.611640330443294	-8.151385780368544	2.014030546347847	0.7661528976318801	2.0607782972259168	1.8572327717509378	-5.727865865702871	0.7719217583803075	10.559615847150639	1.0
70000	-11.360595514408548	-2.403430626895287	-8.957164887513262	-7.801676506401837	5.39824587950655	0.42717015427887495	0.6217675290167356	2.897317560491511	-7.304901651096988	1.7791924214051869	6.902486149963684	1.0
71000	-10.261716041687507	-3.960354968813607	-6.301361072873901	-8.481094758029707	4.5207397892161	0.23918987206518316	0.3824629230862829	3.889932584337369	-7.616533280765943	2.1036195569393534	49.93054802561505	1.0
72000	-10.333096652502443	-1.9089882196779477	-8.424108432824495	-8.19295756564877	6.283969345970823	0.290847825717247	0.5953125640428869	5.515538181385001	-8.592154431749426	1.6671006540803712	15.32234793780035	1.0
73000	-12.913911913148732	-4.262213528363834	-8.651698384784899	-9.573758298681508	5.311544770317674	0.9475421651781119	0.7211903519888276	-1.6653667776451444	-7.015718578819002	1.689092856181491	126.15152686041765	1.0
74000	-12.349666992242915	-3.5090053078006758	-8.840661684442239	-8.233286277443694	4.724280969643019	0.602639868309107	1.226173224128738	0.9141652554581994	-6.479967786392915	1.6004084551363398	6.960947170868906	1.0
75000	-17.468388850127017	-9.029470484405037	-8.43891836572198	-13.021760999930553	3.992290515525516	0.13959711544372846	1.320241150243199	1.5502247717401711	-8.94531397372365	0.8571599529773787	20.28524580794455	1.0
76000	-11.660535790088327	-3.2578807808176844	-8.402655009270642	-8.151703261612399	4.893822480794714	0.3726767719015371	0.6835358681142991	2.490467327428629	-6.722507878314377	0.38957680042396875	31.85897312061009	1.0
77000	-12.200700147175736	-4.149379629787493	-8.051320517388243	-8.967738476791446	4.818358847003953	0.8684092005178954	1.1413127361772033	2.6290822098966133	-6.477956034232824	1.0322691748600958	21.897808574432194	1.0
78000	-16.867773376614863	-5.9324456457770225	-10.935327730837841	-10.760495972947247	4.828050327170224	1.2386242197378194	1.1917992266845987	2.144864756844209	-6.540914537518601	0.2769843625973572	5.773840312709414	1.0
79000	-10.223970761275162	-3.406605732712105	-6.817365028563057	-7.8391471393602625	4.432541406648157	0.549888773533144	0.2860580912976048	2.146549745124982	-8.386706171631296	1.8950482890138927	27.731855478817504	1.0
80000	-11.134885811696227	-3.9108175689088016	-7.224068242787426	-7.962762345427314	4.051944776518512	0.2860162641855311	0.9242381310309333	4.375949914453728	-5.832234373429434	1.1649918317360093	25.200159428797036	1.0
81000	-13.127316577705859	-4.449352756007532	-8.677963821698325	-9.395482458236568	4.946129702229036	0.8662982615858488	0.6272458400878888	3.0502665375902733	-6.891659017632379	0.8780396610614394	9.36928773411211	1.0
82000	-14.321471538774771	-6.002182693651157	-8.319288845123614	-8.139641488831847	2.13745879518069	0.7455361898174978	0.4574053418724892	2.090763584455085	-11.929466001757906	2.5257957764981316	70.14216058884384	1.0
83000	-12.73519873553094	-4.348381279347741	-8.386817456183199	-8.46725142511553	4.118870145767788	0.4868754704353619	0.12695765038698856	1.0536208701271097	-11.34452902890798	1.051366430660701	22.43326868940845	1.0
84000	-12.407195300425531	-3.786918786416134	-8.620276514009397	-9.032149505844265	5.245230719428131	1.0737412536252025	0.8182314948053454	-0.598989127844193	-6.838758873501606	0.7010710598049629	9.411164636985424	1.0
85000	-11.937731287218025	-4.012003629676378	-7.925727657541647	-8.776305426683532	4.764301797007154	0.4685857672993793	0.36684162509399876	0.7408365929952717	-7.937199493130853	1.6703211594661307	9.032926552465257	1.0
86000	-9.657885868007725	-1.7890067041380648	-7.868879163869659	-7.753863498492656	5.964856794354591	0.4492689280799299	0.5213109534532316	3.010802268123598	-8.289351661814807	1.8352674712821928	13.640057426936268	1.0
87000	-16.99891492857525	-4.173606010734858	-12.825308917840392	-7.845820313214299	3.672214302479441	0.5934954384773778	1.6903075320452943	2.196658857240102	-6.354009426401839	2.146274453797504	3.563110290042892	1.0
88000	-12.176254925596895	-3.5707534316830802	-8.605501493913815	-8.735548827083914	5.164795395400834	0.7361763505830216	1.1499311052326682	3.2205022880822582	-6.8582501388368735	0.5563899584716486	16.44083589913933	1.0
89000	-10.437885604306373	-1.6298166380913877	-8.808068966214986	-7.852949295914919	6.223132657823531	0.5663428798608434	0.8063305090227766	2.0632728933868076	-8.4693184553577	0.41500201791435426	34.7218141883137	1.0
90000	-11.575334556439476	-4.644923573774721	-6.930410982664753	-7.93625128035635	3.2913277065816287	0.4578746079448362	0.5501963754602364	2.233244799621664	-5.920870160085303	0.9351325354357904	16.586344214337345	1.0
91000	-12.674590108136144	-4.0060683182950205	-8.668521789841124	-8.685818957864793	4.6797506395697726	0.7074370574116332	1.1482345934510048	-0.13557358701020839	-6.355886367735973	0.34567977488223334	14.616317798716942	1.0
92000	-11.568925907613894	-1.8337901235873524	-9.735135784026541	-8.126775103111136	6.2929849795237836	0.40915604881379114	0.7315220378613699	2.19003701320137	-8.754399969804986	0.45186183385524586	12.445405575992314	1.0
93000	-11.340373855899628	-3.6708531497838575	-7.669520706115771	-8.191490253719628	4.520637103935771	0.7288971145922394	0.7000142792517341	0.8495312356766024	-6.400587844131467	1.9109858538629845	9.916144983116071	1.0
94000	-13.89090325020797	-1.7112618557383898	-12.17964139446958	-7.811178170697958	6.099916314959568	0.40857149756947697	0.5270506918992435	4.032018251562306	-8.472786714042718	1.1700187645959637	5.6187121635306605	1.0
95000	-13.677402452846938	-6.220499413799138	-7.456903039047798	-7.861311022871435	1.6408116090722968	0.4327554137186091	0.9644728205647644	2.6294156419995494	-4.3654198122448165	1.480468584981389	4.635084909889814	1.0
96000	-12.67491375397289	-3.872532604458664	-8.802381149514225	-8.992807405231105	5.120274800772441	1.1176499627772658	0.9693764113326517	0.507151805723136	-9.318479180837038	1.0937164151581138	68.22046044217619	1.0
97000	-12.285100541141494	-3.211510689564262	-9.073589851577232	-9.345288958678825	6.133778269114563	1.1156364567775718	0.6303822381659256	1.4566727747012458	-8.170273371858528	0.9892289740663708	11.220888791453296	1.0
98000	-11.258854742481638	-3.5581610567808752	-7.700693685700762	-9.419654939225806	5.861493882444931	0.7838031967087083	0.6398578867285402	-1.2883752943921918	-7.754822064597602	1.163516612058509	21.304149285401255	1.0
99000	-14.577077819501431	-5.392654380860227	-9.184423438641204	-8.503593621672309	3.1109392408120815	0.32367524563545225	1.531299712739799	2.460333480070064	-5.550662265297523	0.5469102072074434	5.3437621054502324	1.0
100000	-13.562622689505668	-3.44443637653694	-10.118186312968728	-8.879665995403105	5.435229618866165	0.9389686689353682	1.138717597155212	-0.5831782716229257	-7.228099283003117	0.5465628016933108	6.458326864253842	1.0
101000	-12.064996442190374	-2.85937207358302	-9.205624368607353	-9.005967217096954	6.146595143513934	0.7878237605355612	0.8601448404730033	-0.7527725482194111	-8.236139908763672	0.8225556199553407	10.440071029760075	1.0
102000	-13.029724043934463	-2.916807920704194	-10.112916123230269	-8.796541031659766	5.879733110955572	1.0514432006600825	1.017504290955093	0.5118389238392116	-8.02636447458577	1.7062057741486965	8.92195731074538	1.0
103000	-9.05959650710013	-1.8216893034699098	-7.23790720363022	-7.90917751027022	6.087488206800311	0.47052181313054847	0.507191596872022	3.8968409372881454	-8.548221501905028	1.6758255067070411	39.27708133718144	1.0
104000	-12.297337515754364	-3.5609440709502014	-8.736393444804163	-9.793723426029707	6.232779355079506	1.2479877197227018	0.7081704441140331	-1.7089482981511255	-9.10098158925385	1.4794088012700009	33.93807511117501	1.0
105000	-10.32360351433985	-2.78474797991686	-7.538855534422989	-8.601287122532533	5.816539142615673	0.6798895792797717	0.5856059921372992	3.4399725860495707	-7.852037942836235	1.6909456216264414	32.53835798167968	1.0
106000	-10.4063644729314	-3.1664985144356823	-7.239865958495718	-7.7566120714105065	4.590113556974824	0.45352308069653596	0.48950719422457967	3.4710858205103206	-7.075502639352413	3.9028279615679295	27.211481133017845	1.0
107000	-10.641191639991952	-2.4550139568947804	-8.186177683097172	-8.187618492449001	5.732604535554221	0.6557787123499758	0.8282616986942372	3.039800218017143	-7.345192915070654	1.9028573173465422	15.045777589671635	1.0
108000	-10.556074179138445	-3.201922592468164	-7.354151586670282	-9.177007832686284	5.97508524021812	0.3157161662186167	0.5737393420625732	1.67253405949554	-8.09523120484796	1.0740382750382684	20.00478011232518	1.0
109000	-12.365852321320126	-5.841022186421961	-6.524830134898166	-8.683602077304883	2.8425798908829214	0.2081357939915785	0.23736600928137944	4.248830285259234	-7.712053366301671	1.3236293963874908	37.52603475864921	1.0
110000	-12.513372526262025	-4.473258966005846	-8.040113560256177	-7.896168427161892	3.4229094611560456	0.6312972053780709	1.5083417799709107	2.3157629696995023	-5.747612158486313	1.27956543965487	17.87453951674275	1.0
111000	-12.796909214007517	-4.2089224576988835	-8.587986756308634	-9.667516925428421	5.4585944677295375	0.6675744279375612	0.2552717301590643	-1.268513565212857	-10.064208487735002	0.5126319712688375	51.9649295178589	1.0
112000	-12.660647319919931	-4.006422109532112	-8.65422521038782	-9.770513709009215	5.764091599477103	1.3178350700095764	0.44561964799369835	0.6053716571567914	-8.424985601373635	0.788159692246244	16.717474903613375	1.0
113000	-12.69303739705379	-5.429033309151083	-7.264004087902707	-8.223965169227522	2.7949318600764395	0.6956205439113852	0.5060473816441717	2.7932571560595503	-5.7560455932880235	1.902748207042307	59.164105632940185	1.0
114000	-10.042838588231977	-2.1682488885155076	-7.874589699716468	-8.500118484061169	6.331869595545661	0.42024026009063153	0.5396532047868813	1.4787331659529568	-9.035260710873395	1.5891911541972952	15.564803709432171	1.0
115000	-11.425863309802313	-2.817026919222137	-8.608836390580176	-8.95875216896528	6.141725249743143	1.0967834178138987	0.41412344155569064	0.7098272184217662	-9.36726386074963	2.526556444284109	54.34278091713867	1.0
116000	-14.049635614961232	-6.4921355824468465	-7.557500032514385	-10.212289928986603	3.720154346539757	1.0143934934437595	0.5248324700015096	2.8645586673880405	-6.2955733241270995	1.0354521665569405	19.638635502710294	1.0
117000	-9.803226939005814	-1.7041135808050347	-8.09911335820078	-7.7452414047895575	6.041127823984523	0.4461210928257552	0.9070730603352106	3.1315794738785665	-7.958786020239449	1.6388980311325712	16.345575507971947	1.0
118000	-9.855643749720954	-1.737303193707457	-8.118340556013496	-7.817541950577002	6.080238756869545	0.5296177661095303	0.8766851333742115	2.290201845973351	-8.609267093454132	2.0903343752794155	70.01353061337396	1.0
119000	-10.351082638211862	-3.6207391470029027	-6.730343491208959	-8.369384515825075	4.748645368822173	0.22515416772144925	0.36356127669677335	4.481749138245934	-7.948599082994934	1.759218765100996	94.05503951910485	1.0
120000	-15.029227033044336	-3.252524694235987	-11.776702338808349	-8.147886586081771	4.895361891845784	0.6280084279568845	1.4046020962157346	1.0294743687261096	-7.253911834468939	0.40137771860515054	4.661267949352223	1.0
121000	-12.811845070902262	-3.0762132611439537	-9.735631809758308	-8.299833202363196	5.223619941219242	0.418541441278716	1.231399744031339	1.8028340819162458	-8.27585725174367	0.6332589332312188	9.812635702021852	1.0
122000	-12.69680420604801	-4.408166349264207	-8.288637856783803	-8.795989321134305	4.387822971870098	0.8660347585454868	0.2401682608846528	-0.47240680561041504	-8.92440827035595	0.6656902208099482	22.156114740287176	1.0
123000	-13.562099866079011	-4.564951174082902	-8.99714869199611	-9.22799932103838	4.663048146955479	0.3989458283660369	1.2785838600108452	0.7336495492298826	-6.493231964457776	0.4903674257829626	7.304127905355924	1.0
124000	-10.481851891797655	-2.3224758808252624	-8.159376010972393	-7.997967727987921	5.675491847162658	0.5937359265270568	1.0275625368312122	1.4860166819080531	-7.393637510044273	2.118965813559747	21.69278354981318	1.0
125000	-12.59897378343991	-4.700652660564578	-7.898321122875331	-10.721837649012281	6.021184988447703	0.41753149252049415	0.36071845541483416	6.347387189930023	-9.693869398104125	1.4157492188186844	29.640510311221085	1.0
126000	-14.27067153892867	-1.7863536396688255	-12.484317899259846	-7.834731169688175	6.04837753001935	0.5247484598075544	0.3618531169073337	3.2600429485030284	-9.836460065040692	2.371269439055168	6.378200709794603	1.0
127000	-13.31941416808107	-4.532160948550901	-8.787253219530168	-8.373001926946358	3.840840978395457	0.8816035379402819	1.4928180503149848	1.0851729333093607	-6.065820868238854	0.35105807510241543	13.091494403997958	1.0
128000	-12.27720764275149	-4.2190193803618925	-8.058188262389598	-8.913023695580746	4.694004315218853	1.0813661238905907	0.4632808963718213	-0.10542288161613456	-7.281937462319986	2.214919873228925	44.285611935153725	1.0
129000	-10.703668639952282	-3.0811723676934335	-7.622496272258848	-8.081566237527449	5.000393869834015	0.7436566448856093	0.36451987718290674	1.7045084252277902	-8.170801963107863	1.3317444442610753	17.007499655614144	1.0
130000	-11.650051396274465	-2.943612429485958	-8.706438966788507	-8.49148548843058	5.547873058944623	0.7348025190241071	0.4876568916127229	0.1507550236509751	-7.943551602952944	0.6889923158652781	10.917602264852206	1.0
131000	-12.438564468662056	-2.1354518865489265	-10.30311258211313	-7.774082398286561	5.6386305117376345	0.5256983134033483	0.268704653507651	2.6625385740407745	-10.766821627207516	0.362832392545709	19.278962530646876	1.0
132000	-10.576713767825176	-1.6452627043396886	-8.931451063485488	-7.868493555247549	6.223230850907861	0.3593340663627672	0.5052851356840231	3.3637948490576304	-9.754499708556047	2.293826999125281	12.552474268638386	1.0
133000	-11.956599638734936	-3.54066326546525	-8.415936373269686	-8.092495390371507	4.551832124906257	0.7469796284181571	0.4308613681051226	1.4203361122193519	-7.338677784513265	1.6910435581201246	7.796348587557315	1.0
134000	-14.35666578821347	-8.280807790538255	-6.075857997675214	-10.905601232788946	2.6247934422506907	0.21932061051043014	0.5931247820985973	1.4078229872756485	-5.373774944680519	1.539360628082288	25.905385842170404	1.0
135000	-10.316266640005434	-3.4605263863163174	-6.855740253689117	-8.444758126856854	4.984231740540537	0.2214538355139977	0.7056134275704987	4.393688408290414	-6.755685921467967	1.881875281477731	23.562391991082947	1.0
136000	-9.974256950718793	-2.0750652675465435	-7.899191683172249	-8.290499033864055	6.215433766317512	0.25137964784535355	0.8085719839634791	5.849845576093297	-8.551192972526596	1.1958714102268913	102.07149676612501	1.0
137000	-10.841079876455561	-2.725150174896717	-8.115929701558844	-8.423115690131366	5.69796551523465	0.8390137903409991	0.8556702068100516	0.3455626717785413	-7.294187814403618	0.6575392874532147	20.223329402239294	1.0
138000	-11.274695454702401	-3.011512383360545	-8.263183071341857	-8.281214846044035	5.26970246268349	0.22856170048716315	0.8110293631717597	4.647433900114751	-6.867510499964847	0.5089525532896223	30.396107806215987	1.0
139000	-13.59482773838098	-4.669984591850104	-8.924843146530876	-10.975604116034825	6.305619524184721	1.7612569417119113	0.7162643320569141	-1.0971802526076602	-8.543075345728003	0.9859423318447099	34.588318922124266	1.0
140000	-12.284410184636076	-3.5704580619697603	-8.713952122666317	-7.745418735375556	4.174960673405796	0.47013364672199004	1.4673779557946638	3.0203263908170097	-8.395066769469343	0.5949703449177233	41.60052042174985	1.0
141000	-13.129167352429032	-1.7267035167949967	-11.402463835634036	-7.85196591263044	6.125262395835444	0.41308958795968365	0.4682018570506113	4.140457406088239	-8.848755312721693	1.729804048700146	6.580490463507968	1.0
142000	-11.012832052552191	-3.2701279502890435	-7.742704102263148	-8.297811431028265	5.0276834807392214	0.8310850278736144	0.4262188000843636	1.644024337527044	-7.770031266133284	2.16690935369555	73.57624792954766	1.0
143000	-10.133432728484387	-1.6132753552224033	-8.520157373261982	-7.886294297048124	6.273018941825721	0.6198923827869677	0.6650316243513831	2.442126994917972	-9.18035504579793	0.7499760765236355	21.975494837613002	1.0
144000	-11.482960120880879	-1.782755432089398	-9.70020468879148	-7.744486187862209	5.961730755772811	0.45958765086328474	0.9631965100513068	3.0666485487987325	-8.34621397335076	2.51999232379354	10.465483329969532	1.0
145000	-15.217985935115324	-5.468612006951142	-9.749373928164182	-8.309665021739226	2.841053014788084	0.8065784365743516	1.0304668978678917	0.6236665667611879	-5.0345590560486695	1.9985322247309614	2.8002800073396092	1.0
146000	-13.646806065113347	-3.8135866716231224	-9.833219393490225	-10.079343801961503	6.265757130338381	1.0462535095516872	0.5188631787165624	-2.3099482929308115	-8.878863551811957	1.464041456493177	10.141732934845196	1.0
147000	-12.162492623050444	-3.27045867237321	-8.892033950677233	-8.242633771357312	4.972175098984102	0.8031100445489857	0.8355175571899343	1.7834189782454297	-6.584205041978427	0.33757122855496496	13.445579121882256	1.0
148000	-11.601147654646372	-3.5097355867931492	-8.091412067853224	-7.99378415878285	4.4840485719897005	0.6166247350557004	0.729331154052824	1.4629839713555999	-6.323824791237452	0.6244357094748068	9.480229036570163	1.0
149000	-14.582596592410278	-3.1055694771138747	-11.477027115296403	-8.367984776122853	5.262415299008978	0.412765794345844	0.7057900150187717	1.7411789899978551	-6.996488280473052	1.7120191223818524	3.4355809842855405	1.0
150000	-13.762035517054628	-6.14700601555036	-7.615029501504267	-9.25514202258266	3.1081360070323	0.5435561103754453	1.3039397317818027	-0.28603739582174026	-5.306173518226282	0.7026763653001806	8.887481650285398	1.0
151000	-11.406079956941314	-4.204399173376467	-7.201680783564846	-8.564074640381476	4.359675467005008	0.3264443564619791	0.2480503992271219	2.3349488012944173	-8.787390397323374	1.115650967822952	87.1193334937602	1.0
152000	-13.056764477495793	-3.6547050514959185	-9.402059425999875	-9.529589495199115	5.874884443703197	0.4292510294200606	0.869303811488793	0.1472830820340287	-9.016401214067578	2.777644635660621	11.398629352084003	1.0
153000	-13.899158678173901	-6.367539710627508	-7.531618967546393	-8.7841104362293	2.4165707256017925	1.0165116898021576	0.23076810193483263	1.13140157184482	-7.496325939773626	1.1569494802896267	56.43181865819611	1.0
154000	-15.257682461615374	-5.5690383091819955	-9.68864415243338	-8.386100591257398	2.817062282075402	0.34737251965838806	0.5344699475490057	5.427431007366399	-5.668530678671022	1.2203839601434991	5.661604391829873	1.0
155000	-10.973495903855039	-2.9890536787020636	-7.984442225152975	-8.556975202951271	5.567921524249208	0.17688166668144034	0.8574639231498291	5.863800369298644	-7.140956757044621	0.9197903652014301	22.081718032294884	1.0
156000	-10.07291772544107	-3.012876019449849	-7.060041705991219	-7.973798600940235	4.960922581490386	0.3074930166411514	0.19325324669987687	4.963965264485294	-10.550871277769954	1.4574775564847477	86.37925273948115	1.0
157000	-14.249018178328072	-8.095306736334493	-6.15371144199358	-8.87633322930112	0.7810264929666269	0.19598361882149035	0.6138303940320381	4.233304813490987	-4.258484094518951	3.1146989779498737	10.53733673037449	1.0
158000	-10.801258276865529	-2.0902257398285586	-8.711032537036969	-8.112085608937107	6.021859869108549	0.6936583529079551	0.47214779913470273	1.0696482958486455	-8.63296724247104	0.9744287682781609	11.742581193196507	1.0
159000	-10.011541285581567	-2.226237637540395	-7.785303648041172	-7.99235018847105	5.7661125509306554	0.35502415927542963	0.8584086081408021	3.03745013303471	-7.381264231423797	3.0631666170259595	28.101331265591774	1.0
160000	-12.04219868129767	-4.626049951289437	-7.416148730008234	-10.900144249354387	6.27409429806495	0.34128147447322593	0.4929862748767811	6.9576852246985625	-9.08697761615881	1.6056631172343823	60.04838006963578	1.0
161000	-12.556081479941298	-4.443144894802895	-8.112936585138403	-8.097585630495823	3.654440735692928	0.46426927602837403	1.241658986385395	1.8277562773965987	-5.6240434640021775	0.5538192264528224	8.920736440192378	1.0
162000	-14.869643597093654	-4.052130295402042	-10.817513301691612	-8.165423917591653	4.113293622189611	0.5532243637406536	0.43551805599925947	1.2243417293303414	-11.438128504397381	1.6366176612967875	11.147299660986054	1.0
163000	-12.856041453066114	-4.937236544903896	-7.918804908162218	-8.406682674765413	3.4694461298615176	0.8273899506642767	1.2395280123135328	2.0522411476742084	-5.4961747131659715	0.9376258131604337	10.133968814588151	1.0
164000	-11.596848729188785	-2.7374302749565977	-8.859418454232188	-7.9908658843170635	5.253435609360466	0.35665934773717906	1.1891324552006228	3.0213309178145824	-8.439134151061683	0.5139365980892886	22.592916594447896	1.0
165000	-12.829637357123538	-4.9969433223864	-7.832694034737138	-9.055341921330168	4.058398598943768	0.7500190065909359	0.8120738914458704	3.440285125527587	-5.91354800127174	1.1955294228655877	60.00746227435373	1.0
166000	-9.668018364775143	-2.5683166529448744	-7.099701711830269	-7.833446749634103	5.265130096689228	0.33342479317632284	0.6329694621499198	4.202314533969814	-7.152572774600212	1.3791171257286832	26.837223520412266	1.0
167000	-9.771668123935434	-1.8298334275316144	-7.941834696403819	-7.93887811618176	6.109044688650146	0.6199439915290336	0.786006006675991	2.730777913897768	-7.939101338859428	2.082594870278111	24.174714269239637	1.0
168000	-13.116747779033904	-4.871670405699186	-8.245077373334718	-7.948072991487207	3.0764025857880206	0.44436423792013857	0.7264928408589801	4.162498708573163	-5.3806969647363445	0.539665485589251	10.618639278547269	1.0
169000	-11.913635892470166	-2.597864209947053	-9.315771682523113	-8.170163456328442	5.572299246381389	0.4985741073884777	1.1229219953516507	1.4790986775061286	-7.463430720478481	1.279066251384667	7.443113978862917	1.0
170000	-10.967885414887562	-2.9131918698181476	-8.054693545069414	-8.937186964766239	6.023995094948091	0.5069246074032072	0.9178663475548667	0.2956723994374026	-8.497665560449143	1.2833742376978088	18.206672511757336	1.0
171000	-12.042888724459365	-3.715052665308326	-8.32783605915104	-9.384312008019869	5.669259342711543	0.5466330480214017	0.6302499529939622	4.884283134725437	-7.556966200305797	0.5999141049558411	58.68317560077982	1.0
172000	-9.912125774815205	-1.8269997017446178	-8.085126073070587	-8.091241115958383	6.264241414213765	0.5942204776410875	0.7629575811231005	1.2427786441170197	-8.428997109527034	1.1515929350347534	99.76339822437042	1.0
173000	-10.673508174767568	-3.346467367416695	-7.327040807350873	-8.465224953829086	5.118757586412391	0.28020845577426423	0.915033821930835	3.147164941807337	-6.67365170029606	1.1090044536973327	19.29842620609808	1.0
174000	-12.457827486378083	-2.623414228534635	-9.834413257843448	-8.273154124283515	5.64973989574888	0.6846671780241341	0.9852908913257938	0.6533025495729268	-7.286530499618269	0.7751700077137811	6.104528416867407	1.0
175000	-11.154830438819292	-2.8539592257730035	-8.300871213046289	-8.83211643234396	5.978157206570957	0.6746308273743903	0.5280448617045487	-0.2718832388837432	-8.278287324513194	1.6934184776139	202.43346064403508	1.0
176000	-9.686475719056595	-2.603164888313068	-7.083310830743528	-8.403958408861865	5.800793520548797	0.4429739868925708	0.6107886518257792	1.4460034392376862	-7.757554403694039	2.5167081777386655	29.795001210329954	1.0
177000	-12.291366597238387	-4.351894863530683	-7.939471733707704	-8.957083183896097	4.605188320365414	0.9828787372199436	0.7647262404700073	1.8300868039108025	-6.364310048172817	0.6448339776576354	25.238348041972035	1.0
178000	-10.433412639232799	-2.345550227743418	-8.08786241148938	-8.371857088544743	6.026306860801325	0.8526733637713891	0.3673765137839256	0.5830847922382265	-9.59813141613827	1.1766659833927622	23.133665487743947	1.0
179000	-12.003159588574444	-2.5334264283268304	-9.469733160247614	-8.096639471777957	5.563213043451126	0.4794806176980385	0.6983540907303011	4.174819910610571	-7.299104505691351	1.2834050473340393	7.728575525926263	1.0
180000	-12.03308511560237	-4.05111904870042	-7.9819660669019505	-8.989368648480752	4.938249599780333	0.453382410781633	0.9494807840381551	0.5787781242404068	-6.507406077736467	0.6035524978580661	11.64411536040822	1.0
181000	-10.407091509576937	-1.859227940172416	-8.547863569404521	-8.205248011871616	6.3460200716992	0.23481298320102284	0.5684046744707264	5.614893621415623	-9.22458936816655	0.595269625617548	36.52898479149273	1.0
182000	-12.86681551381783	-2.8374748131605934	-10.029340700657237	-8.048821920809102	5.211347107648509	0.7192333996300437	0.3345977373404475	1.9755649741020316	-8.64410429545586	1.2163979753179965	7.421516031884094	1.0
183000	-10.099734942745911	-2.2360388653137973	-7.863696077432115	-8.204256930069052	5.968218064755255	0.7985373806127894	0.4357668907081871	1.105019302870649	-10.309904590631252	1.5669415238223436	48.491167948941126	1.0
184000	-11.1317677354415	-3.4396236973367245	-7.692144038104775	-8.101601769162881	4.661978071826157	0.634982962039619	0.5605221142831861	3.0376964907546307	-6.858389609406254	1.258690635072866	12.17896626398011	1.0
185000	-10.708080367954425	-2.6926045111102113	-8.015475856844214	-8.030890419877572	5.338285908767361	0.46086647154270677	1.228747979691449	1.9893527515561786	-7.370635190868246	0.9209260435167712	19.827651210133137	1.0
186000	-12.131776928082086	-4.131301328263578	-8.000475599818508	-8.308292842165812	4.176991513902235	0.8388939384692129	0.1553756792950871	1.5764180625882656	-10.397924599027132	1.156355010173305	132.37882866095828	1.0
187000	-11.279396124415005	-2.7112437636217592	-8.568152360793245	-8.29135685767764	5.58011309405588	0.6837570842723236	0.6748635123433495	0.6151492908358778	-7.36111008112128	1.257832377839727	8.031934941862408	1.0
188000	-12.082607415664523	-3.3407677808008334	-8.74183963486369	-9.175271698919838	5.834503918119005	0.748954894457723	0.848839178355413	-0.9130302650461758	-7.4755349558657365	1.3554097163505632	9.007028778177743	1.0
189000	-9.69625446116532	-1.6183497107933205	-8.077904750372	-7.918117195405379	6.299767484612058	0.3057138129355903	0.7180304863270001	4.100413230277661	-8.503829199409044	1.9122064731910138	15.813895448553165	1.0
190000	-9.013921107643824	-1.4535951933352829	-7.560325914308542	-7.74254054298805	6.288945349652767	0.4343514424765658	0.6347417468290792	3.2915248582125396	-8.501498951745944	1.918907828623434	22.135634203800258	1.0
191000	-8.695821159438296	-1.7874953563601093	-6.908325803078187	-7.967763160874538	6.180267804514429	0.29481826896450314	0.5267273341660407	4.0936867572542806	-8.625081878864258	2.0614498540346844	50.09336230370664	1.0
192000	-12.578151404869713	-4.038960907522068	-8.539190497347645	-9.801263875415433	5.7623029678933655	0.1324361875294576	0.8222878478263455	8.226566319447272	-7.384877938214671	0.6513184241459956	101.46899738603153	1.0
193000	-12.04592882047087	-3.965853557336061	-8.080075263134809	-9.290709849636176	5.324856292300115	0.34246422477404254	1.0320876794633393	1.224553742466737	-6.911418657971882	0.5156042354663025	22.43041827365031	1.0
194000	-11.583801580142469	-3.3757748012716995	-8.208026778870769	-9.331787943593056	5.956013142321357	1.0378822778279861	0.8301222072892114	1.967746865063672	-7.660378009372225	0.848268067774374	26.64007587806071	1.0
195000	-10.532487040921907	-3.95847333961039	-6.574013701311517	-8.404967991584158	4.446494651973768	0.24107894825503137	0.22121841192234806	6.084562127668374	-9.275219134051072	2.0201034461223473	41.4739810222753	1.0
196000	-10.980959819514485	-3.885898483415379	-7.095061336099106	-8.526125757271839	4.64022727385646	0.22838544986327974	0.2098886974776518	4.046795797451001	-9.688379120180038	1.6594714083556314	22.82339624885223	1.0
197000	-10.16604086970423	-2.150620161565829	-8.0154207081384	-7.850496250603717	5.699876089037888	0.3688935577541106	0.9219471158618955	4.370729073636336	-7.30652787706522	0.9884275956463827	18.472314791647612	1.0
198000	-13.438879329491627	-5.906035419919806	-7.532843909571821	-9.898307775637758	3.992272355717952	1.0403512266716948	0.3203020525702899	-2.0923641912786675	-7.682972573409922	1.389576443093257	28.514739293503983	1.0
199000	-9.977911643653474	-2.5646533735397146	-7.413258270113761	-8.786720142349983	6.222066768810269	0.32750515157192417	0.801602916212129	2.0119681932244324	-8.34391140340059	1.252921009475794	33.3136449720891	1.0
200000	-12.710670390425697	-4.3634564046275255	-8.347213985798172	-9.21868640145324	4.855229996825715	0.8350667440848815	0.28262953417947506	-1.1094643692336144	-8.826702532362303	0.5420113565919904	40.85530625029232	1.0
201000	-15.402228033831719	-6.900193280925547	-8.502034752906171	-11.05165191496958	4.151458634044034	1.7660975273871253	1.175700942758843	-0.7938643510142547	-5.94066179665403	0.7231820845405149	17.51448398658255	1.0
202000	-12.387330185559247	-3.99375456922701	-8.393575616332237	-7.896038467393902	3.902283898166892	0.5943560931594533	0.4525251329875133	1.84910543159303	-6.7323690451491816	1.297878419114799	6.2796175099553455	1.0
203000	-10.516852467403673	-2.9290689365960567	-7.5877835308076165	-8.779600650222786	5.850531713626729	0.2818736049542255	0.908300959216041	2.644456473288519	-7.524143499015636	0.8986985419503417	35.92195197612536	1.0
204000	-11.212861712837753	-3.164895637294949	-8.047966075542805	-8.09184484245918	4.926949205164231	0.3886591220171382	0.5574633140426909	2.447873521197245	-10.67081629760032	1.6322423539862354	24.484183429068583	1.0
205000	-10.32843737439781	-2.182227788491394	-8.146209585906416	-8.528942651579742	6.346714863088348	0.20139911430500756	0.618970629849893	4.777242467053345	-9.085285109076239	0.7018686474888948	76.14898395752951	1.0
206000	-15.643148313276274	-8.050572348870745	-7.592575964405531	-9.898311460928747	1.8477391120580027	0.18825215277671212	1.6132695571802522	3.087490922355819	-4.854457502163031	0.8023363213507517	11.851951014426191	1.0
207000	-11.562004529964756	-3.892606265577294	-7.669398264387462	-8.387140350948073	4.494534085370779	0.8656258386493452	0.9374366030841736	0.5962898453751242	-6.14959821045366	0.8400049292250487	15.78298989581557	1.0
208000	-12.49866743919064	-3.584091060603103	-8.914576378587538	-8.542965038645148	4.958873978042045	0.26966641940637104	1.0315800087369298	6.112161729607986	-6.538301334723077	0.41739188224676377	26.63103552151127	1.0
209000	-9.897957481767264	-2.6271291926991163	-7.270828289068147	-7.7572254483066905	5.130096255607574	0.3967406809730199	0.5812246446364531	3.580719456014109	-7.177846810051246	1.0624957234350978	24.24767895868199	1.0
210000	-13.576274326109047	-6.183526377184846	-7.3927479489242005	-7.779995091419689	1.5964687142348435	0.5313320934204521	0.7287842921412897	2.8344797551982754	-4.510355367077718	0.5574417486297462	11.164037697103943	1.0
211000	-12.137197007920724	-3.482386958481502	-8.654810049439222	-9.413522243351297	5.931135284869795	0.22720762141053544	0.6052131374294936	2.7869382151608146	-7.935674245065901	0.3817442726392225	31.42984100749537	1.0
212000	-11.282087994981689	-2.679840946719164	-8.602247048262525	-8.512673270056812	5.832832323337648	0.8540528215409342	0.8064050195983983	2.05361554790482	-7.4838112726740365	0.9099107227579781	11.472596023390837	1.0
213000	-13.978646990712743	-2.1845510451761703	-11.794095945536574	-7.867617839255477	5.6830667940793065	0.3881152742386097	0.37508079329891314	3.0198742404336825	-8.842068986412412	0.6312718142398329	6.5376858439586805	1.0
214000	-12.975338361646058	-2.8543419905088108	-10.120996371137247	-8.382867864696792	5.528525874187981	0.5697779065802271	1.1057741511513421	3.9263068980777938	-8.451257696752851	1.0071788449419874	10.105154099296367	1.0
215000	-12.983384609163984	-3.934726896819935	-9.048657712344049	-9.625599410601017	5.690872513781082	1.3392249914761174	0.7164328348420527	-0.6631456644712368	-7.405471646763418	0.33559307335846605	33.609016499204195	1.0
216000	-10.756091362948528	-3.490665510666176	-7.265425852282351	-7.910514787184115	4.419849276517939	0.6147514027468509	0.49865682376428894	2.6668182002004164	-6.903807876933508	2.2591162678269	59.04950824969119	1.0
217000	-10.401155337477542	-1.9555851439934937	-8.445570193484048	-8.265743676511358	6.310158532517864	0.4033300267463788	0.6405254985394659	1.9901044512156572	-8.56109337695986	0.8257661831131352	14.288095795310747	1.0
218000	-9.793029417703497	-1.8004465765779578	-7.99258284112554	-8.06580382268626	6.265357246108302	0.6861606986432313	0.5339527844007215	1.2236689939285075	-9.599690785636732	2.477902970649771	30.89659967660217	1.0
219000	-12.232101919641162	-4.036272684637359	-8.195829235003803	-8.770944200689526	4.734671516052167	0.6372688705799086	1.4527654149728635	-0.07292635810720871	-7.1288560599967585	0.806679275545729	22.620114658956528	1.0
220000	-9.521668442561554	-2.3966814241644583	-7.124987018397095	-8.152578217951767	5.755896793787309	0.3278083422705173	0.670900019912399	3.0203626979117493	-7.560258544813268	2.633753478047725	52.71695623490019	1.0
221000	-10.279468987099609	-2.1315935007263302	-8.147875486373279	-7.882952503193188	5.751359002466858	0.3442847433470863	1.001622166917607	3.5239719085850623	-7.481877348552516	0.8520198467153777	84.71320580296417	1.0
222000	-12.118696365797845	-4.709190049820418	-7.409506315977428	-8.695476964897846	3.9862869150774287	0.16234829976642426	1.0310324843179328	6.156169158571462	-5.76918665837409	1.7014277354507814	27.917744388924575	1.0
223000	-10.829570738315033	-2.2864629688486193	-8.543107769466413	-8.463112234634924	6.176649265786304	0.8993748441693636	0.5254432321076531	1.425901066947284	-9.80060708521737	0.7228613841200283	30.47344739028911	1.0
224000	-12.314060393072769	-4.747786437932585	-7.5662739551401845	-7.9621825907655195	3.2143961528329346	0.4087568023001114	1.3504934892329805	2.5499030757632233	-5.41478581277253	0.9225895008072958	25.7655193588617	1.0
225000	-11.108368365646355	-2.2916279036287026	-8.816740462017652	-8.345418192138084	6.053790288509381	0.415181380721368	0.3619791194209885	1.756692763882345	-9.98852576406745	1.1404238856969064	13.779722899908489	1.0
226000	-11.214001111240965	-2.6058601468836518	-8.608140964357313	-8.217080005113123	5.611219858229472	0.43214919944361707	0.8672845261982781	1.834879321896023	-7.1878219216234065	0.46046796369147047	13.76781179118773	1.0
227000	-9.99578950728098	-2.3118328591934763	-7.683956648087504	-8.041347392416906	5.72951453322343	0.3268739048199493	0.7894055475523724	5.058727183782303	-7.364697160592868	2.3245745092829746	21.163910213755056	1.0
228000	-16.137138263340585	-6.521781333569057	-9.615356929771528	-11.339661583416595	4.817880249847538	0.8993742502398361	0.5371553403634076	-3.419841840675521	-7.064970012159881	2.4475648553785447	7.6748064559133935	1.0
229000	-10.452518956424868	-1.9169141454530747	-8.535604810971794	-7.876497614312929	5.959583468859854	0.3148535735550379	0.5448697638651155	4.1868812655613485	-10.02629931762054	0.5777601890317714	47.42409852573641	1.0
230000	-14.592959350699456	-4.860461810680822	-9.732497540018633	-10.897386824450669	6.036925013769847	0.15315419949230583	0.8076192109690422	8.696027466942887	-7.799236128271368	0.5359683654831698	22.649578200948213	1.0
231000	-14.937455304508626	-4.793566173699739	-10.143889130808887	-9.631746926226793	4.8381807525270535	0.6809298442248752	0.9460419070809922	4.248824880806132	-6.422244482375835	1.3517172288301473	789.9957067860347	1.0
232000	-9.103242907959055	-1.5114287946471023	-7.591814113311953	-7.855299643278659	6.343870848631557	0.5497628769222406	0.5423630658206403	2.0704916496579395	-9.164833553067217	1.2237720044406972	57.95448069903039	1.0
233000	-12.523692059082617	-5.607072189819234	-6.916619869263382	-9.904220880118613	4.297148690299379	0.15126088724881842	0.43295309718098973	4.127822681152483	-7.1272142345079	1.0826811941530963	23.25200901906433	1.0
234000	-11.636034285318637	-3.953909024473293	-7.682125260845344	-8.188048451430344	4.234139426957051	0.5422681222368442	0.7543651414411258	1.2269853490321125	-6.105151409297454	0.9029216528318502	8.196503104207858	1.0
235000	-9.574505059769475	-2.945878016053878	-6.628627043715598	-7.775977909971679	4.830099893917801	0.37685685501565275	0.30587971061594355	3.9051944417045785	-8.541710960654715	2.2395620723022898	29.817724781095023	1.0
236000	-11.858071060319661	-2.8192318417159097	-9.038839218603751	-8.981763809552543	6.1625319678366335	0.42615561848198913	0.8254641601522021	5.3975304433202815	-8.68238038332908	1.200621418613462	15.824647328338513	1.0
237000	-10.478328115400732	-2.724812201719752	-7.753515913680981	-8.575458683669627	5.850646481949875	0.8865010198057727	0.3623301345535672	1.9033560870490944	-9.229603165236995	1.2851994751798659	54.35621525939321	1.0
238000	-12.329534939493666	-4.79903251636166	-7.530502423132006	-10.268103849720227	5.469071333358567	0.09200140935198128	0.239138571078437	8.849926140575066	-10.581267433167689	1.4395773394118139	44.07170008350423	1.0
239000	-13.913191993455293	-3.1623540899086704	-10.750837903546621	-9.39694791091964	6.234593821010969	0.49959691572206016	0.5085746051333588	-0.1984523174632572	-9.72266706258519	0.9974375861553093	8.14592023389703	1.0
240000	-12.120714403642337	-3.6250830551952955	-8.495631348447041	-8.698335307219761	5.073252252024465	0.9713732612860528	1.173236293624243	-0.04055963841457322	-6.783465302086042	1.545478084115804	35.126401686944	1.0
241000	-9.536350552591351	-3.212441091648782	-6.32390946094257	-8.302683793017945	5.090242701369163	0.3335116502477065	0.25729905399312775	2.6628207623147278	-9.432097701400838	3.242734629329561	67.35407398289429	1.0
242000	-12.336840745106834	-3.3769065008145285	-8.959934244292306	-7.845704490997462	4.468797990182933	0.4420781159732662	1.2615033710373404	2.6101016197138325	-6.281203423433267	1.1551568217144617	6.469967031091128	1.0
243000	-9.996978765771713	-2.428586427387864	-7.568392338383849	-8.40848216091615	5.979895733528287	0.42894380288764866	0.503789929955431	4.8992755369878145	-8.39433020952512	1.059127135846216	50.67175641001387	1.0
244000	-12.203942374054376	-3.8318945789269403	-8.372047795127436	-9.95908624432074	6.1271916653938	1.2026220416514621	0.7890233297821367	-2.060516412252305	-7.979888432366624	1.0619218148988072	28.841661161144387	1.0
245000	-11.296899798114962	-2.9393476376393757	-8.357552160475587	-8.663669447175025	5.724321809535649	0.9813658583669812	0.6529055710931474	1.1295866675471429	-9.894872503815506	1.0668911980805276	46.77117238267489	1.0
246000	-11.53928772443523	-2.1856379275142075	-9.353649796921022	-7.946801953974973	5.761164026460765	0.6645347460195364	0.7317284223756265	2.1513921366895064	-7.4636977918474505	0.43435860984027497	10.405562150330834	1.0
247000	-11.923251870989967	-4.541525982390992	-7.381725888598975	-9.267420221133229	4.725894238742237	0.5072397764455195	1.01997474860858	-0.09898584747555028	-6.33048883378517	0.9632177853824446	19.979523580584445	1.0
248000	-11.28109915958047	-3.401400634407584	-7.879698525172887	-7.831399766735474	4.42999913232789	0.42006574235539773	0.8499480031650664	4.034608129855577	-6.145949022898022	0.6407212787714307	36.505852326926906	1.0
249000	-9.837807766736745	-1.7276816647960533	-8.110126101940692	-7.810073977032372	6.082392312236319	0.521678136778255	0.6697241015205921	3.1819608756566735	-7.9988266483516846	1.049857999537323	123.93974047678928	1.0
250000	-14.170437701503845	-3.915234156681091	-10.255203544822754	-8.667990190407362	4.752756033726271	0.6884721774279193	1.3880693102164716	-0.0659819882490813	-8.1479298154045	0.9443947468643211	7.724815424604875	1.0
251000	-10.447637482909588	-2.4642806788342995	-7.983356804075289	-8.01231867321742	5.548037994383121	0.43150273222817803	1.1413094043019048	2.242358102286139	-8.199302022209222	1.4735331866854562	43.478663432905975	1.0
252000	-13.456897502766594	-4.140990423541173	-9.31590707922542	-9.570855791997666	5.429865368456492	0.9017719664890276	0.30246541168465274	-1.6331571074039133	-11.185242796036523	1.2708288869293844	18.090492426465573	1.0
253000	-10.038046337451958	-2.0672047426764157	-7.970841594775542	-8.11722312724006	6.050018384563644	0.33072829791161185	0.922391156167434	5.176383462637119	-8.311057651035451	1.000311490216332	41.6797935702478	1.0
254000	-10.04781281767923	-1.8020268447281262	-8.245785972951104	-8.043812247585695	6.241785402857569	0.7243181994040443	0.4539573026734601	1.7471847473170588	-9.32689104923573	2.499357677663346	19.268141582067578	1.0
255000	-9.51646436492961	-2.458942399277495	-7.057521965652114	-8.292703286243306	5.833760886965811	0.4128178921339014	0.3387062377778709	1.862526912039582	-9.479280791579056	1.5994009094352604	78.38082258671358	1.0
256000	-11.744230284109753	-3.3196130903857153	-8.424617193724037	-8.405387263082341	5.085774172696626	0.7387755277522198	1.1967150162405913	0.31788907168559843	-8.591867534217066	0.8349602932684684	36.47700041087474	1.0
257000	-10.659284652665557	-2.301174468653201	-8.358110184012356	-7.786707098123291	5.4855326294700895	0.3977856090389717	0.9607567545272213	3.974812684414796	-9.079163209497098	1.2125290196197966	23.25853017518536	1.0
258000	-11.215596167443511	-2.4441675783157226	-8.771428589127789	-7.817960808284177	5.373793229968454	0.37080451715148527	0.2412711322495898	3.434052341839905	-10.185287404824397	0.6045951559903403	24.48889425617429	1.0
259000	-11.461648306416073	-2.7450732540008875	-8.716575052415186	-8.645365100096486	5.900291846095598	0.9459336868507034	0.9430124466591074	0.017199569338763432	-8.650917976633256	0.5793183372384972	55.837122369553825	1.0
260000	-10.788781592793768	-3.9892313515266453	-6.799550241267122	-8.198915006580025	4.20968365505338	0.5289712147382287	0.3944138163378162	1.267749033291356	-7.289360098163005	1.66676413208761	16.96929811881438	1.0
261000	-12.246949510744567	-4.833827427744454	-7.413122083000112	-7.929320753951885	3.0954933262074302	0.3291045883949422	0.938313460427866	3.585695150820424	-5.204987479293202	1.2306934580433515	8.898465978935615	1.0
262000	-12.767229418642282	-2.2959312852999254	-10.471298133342357	-8.007711669455663	5.7117803841557375	0.6694948237741304	1.071258762047313	2.458532447685867	-7.613106710569232	0.82410483660647	6.472344693644049	1.0
263000	-9.706123797303029	-1.7122672534499017	-7.993856543853128	-7.795275365758535	6.083008112308633	0.5051348193611317	0.43067604597195625	3.264122683548208	-9.041320489807697	0.9686415648016375	122.60604990079568	1.0
264000	-9.765521914816466	-2.1774307220461093	-7.5880911927703565	-8.520207661572996	6.342776939526887	0.3274081502053456	0.5840162687878702	5.702314320479024	-8.862128049353407	1.6067158008937978	30.652903907332128	1.0
265000	-12.055786449965424	-5.09426279102151	-6.961523658943915	-10.077479829845009	4.983217038823499	0.1544781464914276	0.5108398686634525	8.241910262819326	-7.306307919859439	1.8986218155312604	46.67872252340039	1.0
266000	-12.24518452294713	-3.1458588098324665	-9.099325713114663	-9.456566993609488	6.310708183777022	1.1772097489707407	0.6593001949537013	-1.25075304187747	-9.08902622790061	1.9395042340838298	21.527251333402212	1.0
267000	-11.675886291356726	-2.735667753933087	-8.940218537423638	-8.323580821301281	5.587913067368194	0.5440952272916572	0.27831671399868196	4.030595787542806	-9.893648001527644	0.42588618806779216	54.93812000643145	1.0
268000	-10.766511752367538	-1.8172012565999784	-8.949310495767559	-7.913555057296256	6.096353800696278	0.29906050410805307	0.48992203674738494	4.597110051401999	-8.657597914735314	1.0403259192367396	12.497903546723759	1.0
269000	-11.163369194605467	-1.6535622668925178	-9.50980692771295	-7.889849840230363	6.236287573337846	0.6260852340070081	0.7579200517307702	2.0045401434082706	-8.84919301491303	0.2834245342895073	55.49736915033932	1.0
270000	-12.533976563119127	-3.9326293780153616	-8.601347185103766	-8.893449898980593	4.960820520965232	0.7144019612618822	1.2138771748075383	-0.45810969292534875	-6.716039432456041	0.42044483141946415	14.962015624427579	1.0
271000	-10.336157170589871	-2.558662604816094	-7.777494565773776	-8.47761392975912	5.918951324943025	0.19653358921431932	0.3703256386349228	6.236379811428106	-9.275729885495723	0.9129529651632259	102.6769579586987	1.0
272000	-10.889470969512512	-2.48259305312488	-8.406877916387632	-8.677672289828632	6.1950792367037515	0.8448800940132392	0.5956790938572842	2.4157965417574565	-8.381472931118193	0.8245869970583386	18.138274874845948	1.0
273000	-12.286642771769937	-3.0610315323583093	-9.225611239411627	-8.454586680653959	5.39355514829565	0.8018990608287476	1.1464278460680302	2.3743619627828583	-7.175972584063132	0.8983179282434813	8.791560888529247	1.0
274000	-11.921437112331798	-3.9006026052568723	-8.020834507074927	-8.063634917724144	4.163032312467272	0.3882599758020887	1.067520305282372	2.510434227112267	-5.901054491333435	2.768787232180228	12.161851963612621	1.0
275000	-13.961516224046676	-3.553548088292942	-10.407968135753734	-8.619270045382528	5.065721957089586	0.9504186044226823	0.19371667490585526	1.3693661996112534	-10.811346863233084	2.6398649390206277	11.826801923483469	1.0
276000	-15.933383586470022	-2.275796702172072	-13.657586884297949	-8.60459508881581	6.328798386643737	0.2889629475906101	0.6484202627647743	6.049006046754071	-8.629820298849387	1.326890238385258	5.9321650711781535	1.0
277000	-14.73456805857088	-4.204591835813396	-10.529976222757483	-10.382204193920927	6.177612358107531	1.3203630562816444	0.825213958074245	1.4177201485206594	-8.195878848168823	1.037781204881341	7.6866911760984	1.0
278000	-9.642011227363355	-2.3614161421849786	-7.280595085178375	-8.508674000801173	6.147257858616195	0.5107851479623369	0.6456361609768123	0.8521617326595798	-8.158493141171748	1.5049395427490475	30.786654987751252	1.0
279000	-11.662829268441234	-4.338964184458967	-7.323865083982267	-9.679563428057357	5.34059924359839	0.6320623592988125	0.45148979428559155	-1.1536783880098147	-7.919794719068607	2.738863633937456	47.264455096056366	1.0
280000	-10.6863091001124	-2.890211874394492	-7.796097225717909	-8.433999786847021	5.5437879124525296	0.19112358845642627	0.5442212046967402	5.81872388915494	-7.695441663404351	0.7810182381625067	64.82154527564478	1.0
281000	-13.323854467930419	-5.499843948404456	-7.824010519525963	-8.042222143178185	2.542378194773729	0.6922915627823648	0.7718161071508076	2.334006802784489	-4.997357186617119	1.5884806489522976	5.167275023898896	1.0
282000	-13.208674906610714	-4.020175393751093	-9.188499512859622	-9.262694915049622	5.2425195212985285	1.219888031362007	0.30915579270601656	-0.18515142835367193	-8.942410878425699	0.4633505716670587	18.134313324362203	1.0
283000	-12.402002568495545	-3.317553856455321	-9.084448712040224	-8.481818000462086	5.164264144006765	0.2391854995592414	1.2991131150686372	6.209146478447214	-7.305149083695761	0.5223649490044839	22.76150760448188	1.0
284000	-11.675291341423609	-3.5217866749701727	-8.153504666453436	-8.433650640708507	4.911863965738334	0.9045979685456914	0.2926057672007678	1.1267427929318712	-8.768098894218838	1.6731604370299802	164.82307459589126	1.0
285000	-11.924555576692818	-2.5144369852543287	-9.410118591438488	-8.128349664119453	5.613912678865124	0.2551366667525109	0.4754959743805014	4.421614773445818	-10.537840645084863	2.9889464978721083	13.031235905361623	1.0
286000	-10.64557728319308	-2.6644283147830112	-7.98114896841007	-7.941973427825234	5.277545113042223	0.3258791969587491	0.74592364397496	3.5930755342244227	-9.900237326235986	0.944127687196827	53.496259753671055	1.0
287000	-11.411959261045173	-3.554675048930119	-7.857284212115053	-9.243831084442798	5.689156035512679	0.8921687159013136	0.6250177878304125	2.7672121174187985	-7.592143019314513	1.6782391556397618	26.55619070801061	1.0
288000	-9.98295871885226	-2.1029059738251057	-7.880052745027155	-7.829845946195727	5.726939972370621	0.35028355638055597	0.9632008431492229	3.6932507215613017	-8.822403897753983	1.4538657407952498	33.12881862284056	1.0
289000	-14.453439969015259	-5.057756372364652	-9.395683596650606	-10.76115846072696	5.703402088362308	1.3911068492220713	1.0220970428639617	-2.8473449763327556	-7.433755887984347	0.530761060223138	12.929057224647055	1.0
290000	-11.741126859359374	-4.686308961124922	-7.054817898234452	-10.99841623826029	6.312107277135368	0.36022676461146697	0.5099545052763071	-0.6498251797905623	-9.444158144781913	1.7126549859291627	43.65659861349438	1.0
291000	-17.60327851736819	-9.356749592414676	-8.246528924953513	-7.974789185031976	-1.3819604073827003	0.6644340022128304	1.2212653017371815	1.5863222608494443	-2.961914710514882	0.2018047553592276	3.7485455772767984	1.0
292000	-11.363768442085044	-2.211392190280513	-9.152376251804531	-7.944055910774365	5.732663720493852	0.4153232859794739	1.0595359130964659	4.348062866668435	-8.317282776892233	0.4451276427859422	23.285172634383265	1.0
293000	-11.603020266763645	-3.160232258183033	-8.442788008580612	-8.35518028955028	5.194948031367247	0.29859759255220314	1.2573249837805878	5.708457717173202	-7.165567579786616	0.7343732002853022	69.43932950949066	1.0
294000	-12.03222243876861	-3.494115948767069	-8.53810649000154	-9.284504300619641	5.790388351852572	1.2201184210340539	0.9261885184977292	-0.4247263238516602	-7.442027163042367	1.005937967419388	15.12793192277147	1.0
295000	-9.817298098025708	-1.7910190510027348	-8.026279047022973	-8.08582512691731	6.294806075914575	0.6234837642789387	0.5535551321231238	1.1894934549057559	-8.788602606249473	0.836911440234254	22.939442309392266	1.0
296000	-11.27030410270021	-3.867246909011813	-7.403057193688397	-8.703422996178283	4.83617608716647	0.49786369785796647	0.3874089794792968	4.710918755455998	-7.850399388447984	1.4559434257453512	100.56915854605366	1.0
297000	-11.09288076781	-3.083417258934041	-8.009463508875958	-8.164008811385996	5.0805915524519545	0.6637871147685475	0.2881256269959147	0.9329554392704391	-9.002085644077352	0.6849455798628034	57.243021412022046	1.0
298000	-10.050145703802832	-2.1403632760712537	-7.909782427731578	-8.080947534308116	5.940584258236862	0.32055696024695113	0.9578356717687608	3.2807268152705498	-7.817330300526121	1.7132301612286647	16.829497946285066	1.0
299000	-9.058332439390465	-1.68687400328968	-7.371458436100784	-7.888536854100087	6.201662850810407	0.5694730187912179	0.422350099578618	1.8983316645890282	-9.709591293960163	1.9967881670244367	36.70976976877118	1.0
300000	-15.810647597534688	-5.215899506481593	-10.594748091053095	-9.845370875879555	4.629471369397962	1.3705615660512993	0.6118088327997563	-1.316687678614353	-10.62749819446974	0.36249426969159226	18.574208849261566	1.0
301000	-12.158034084413988	-3.6405191677999547	-8.517514916614033	-8.071978738516503	4.431459570716548	0.6588835012354733	1.2675277222729082	1.1892170885441031	-6.254744587884179	1.2761370595775228	7.53706249382507	1.0
302000	-15.925428411091	-6.711848401386321	-9.213580009704678	-9.693030526079479	2.9811821246931576	0.9791342782977395	1.434530593034691	2.6664062350963214	-5.34491608699124	0.8621059334323713	5.380836081387424	1.0
303000	-10.999248746225508	-3.0954187401746687	-7.903830006050838	-7.85107478929105	4.755656049116381	0.5712700584477517	0.49874299969217817	2.0737331929001273	-7.167805869271348	0.6813574781989888	14.90324280002491	1.0
304000	-11.388380692103677	-3.139980687640784	-8.248400004462894	-8.561031983026563	5.421051295385779	0.20081132682780967	0.7137482500350972	4.715447075504698	-7.131199845116453	2.110360734847507	9.935949196614821	1.0
305000	-11.104974242652343	-2.6294635745969384	-8.475510668055405	-8.795680921256835	6.166217346659897	0.9257376183779658	0.40586515845686005	1.9997360494053782	-9.65464668500367	0.6531310808369704	38.09772657780794	1.0
306000	-14.043011277033369	-3.8651822614761624	-10.177829015557206	-10.134377267989098	6.269195006512936	0.8175714782634957	0.620554404606981	3.808983172209744	-8.478826865803043	0.9503367266218905	9.309563487976254	1.0
307000	-10.272167784032305	-1.7842790601326843	-8.487888723899621	-8.142745655566134	6.35846659543345	0.6803726647034459	0.6077610367424104	0.9758832467345546	-8.969419993852151	0.9802901823728077	163.87083480537947	1.0
308000	-17.494295039392135	-5.710854205381066	-11.78344083401107	-9.588165477629172	3.8773112722481056	1.035553171835546	0.16344841087464382	-1.6850958902477156	-12.808447033323763	0.5985611095509918	15.23344784469061	1.0
309000	-14.53237944331668	-3.8440447087348684	-10.688334734581812	-9.785488765348513	5.941444056613644	0.9855240586051344	0.896692108550988	-1.9462259622808236	-7.677030772606313	0.6178951476538757	6.453140509495116	1.0
310000	-16.343947711454753	-3.136973734344709	-13.206973977110042	-8.985411209293117	5.848437474948408	1.0191456082387254	0.8307354575500339	1.5958399342826075	-9.192305276946252	0.11606365725581153	9.461600482434314	1.0
311000	-11.446882812085803	-4.012251908199577	-7.434630903886227	-8.392601262753008	4.380349354553431	0.6416354484421322	0.7008362847774826	3.4505434338715575	-6.295251487137271	1.2493241077956097	16.50863887584781	1.0
312000	-9.515959099974218	-1.711035560765434	-7.804923539208783	-7.913696850275996	6.202661289510562	0.3988225553501312	0.5330387349717612	2.769663753134842	-8.642293789617959	0.894807953062928	23.45111513479314	1.0
313000	-10.584062654415069	-1.7923892986095016	-8.791673355805568	-7.774243855968084	5.981854557358583	0.514608931974958	0.9569304867620102	3.0206731347017084	-8.310584436686092	0.6422444880345035	17.129426645730856	1.0
314000	-15.032393622749018	-5.482720047226827	-9.54967357552219	-9.190808186919115	3.708088139692288	0.7810223579180958	0.9559399225619297	-0.9946169252910658	-5.588339140692918	0.16292203340547937	13.247617180660022	1.0
315000	-10.959682309886098	-1.9579772711275005	-9.001705038758598	-7.9729465127272805	6.01496924159978	0.44402370231224597	0.6103840323916673	2.238809403740478	-8.036258980834699	0.37849069980427535	18.037034897706597	1.0
316000	-14.376247100879246	-1.8463014265794762	-12.52994567429977	-8.099876024893748	6.253574598314271	0.4688029029613925	0.7758246293742489	1.7936405738546095	-8.425178016129982	1.4227143692417392	4.577271731611062	1.0
317000	-11.531593122618643	-2.931147645126515	-8.600445477492128	-9.225148172926685	6.29400052780017	1.2073610023639654	0.5154843531243372	-0.025417629008207154	-9.538498845506684	1.3758867697607227	94.56024257542495	1.0
318000	-10.874070248534522	-2.8680042197637414	-8.006066028770782	-9.046420033553616	6.178415813789875	0.9680692728689182	0.5945719142580368	-0.8697189143036583	-8.352269449281378	1.5045186125262269	24.70907706336912	1.0
319000	-11.288184074996302	-3.3624012009921778	-7.925782874004125	-8.200654788168343	4.838253587176165	0.7707646975513343	0.8371823099437011	0.9170427527241174	-6.471992242388516	1.7966616767639902	10.657664636178328	1.0
320000	-10.408158575751461	-2.6969371521516283	-7.7112214235998335	-8.545545154804543	5.848608002652915	0.408701484207791	0.9744647405211797	1.5097239879795878	-7.623395804952577	1.517961488767115	61.310425496726126	1.0
321000	-11.963527177068718	-3.3454164250169978	-8.61811075205172	-8.06599290673612	4.720576481719123	0.34922348825806854	1.0310256070987576	2.93237792986176	-6.328541866537326	1.913724714365776	6.954925579663178	1.0
322000	-10.799272727149361	-2.7190361450548233	-8.080236582094539	-8.038029021317815	5.318992876262992	0.5565641629035128	0.8325020435230074	3.523468806433643	-6.89740872162507	1.5672600575268385	12.166793366602315	1.0
323000	-11.14699169343133	-2.9153004733683705	-8.23169122006296	-7.784802187610168	4.869501714241798	0.5165282081076664	0.9260948223367517	3.0872098480348087	-6.452448161307774	0.7144318373297962	11.283188619538244	1.0
324000	-10.38211164811836	-2.166537927961749	-8.21557372015661	-7.966808786500104	5.8002708585383544	0.5529480997836582	1.031462581073969	1.6833712574872959	-7.694232934749017	1.0964390457084456	14.357721062065067	1.0
325000	-12.17588551156674	-3.202043120402796	-8.973842391163945	-7.981846610898232	4.7798034904954365	0.6888394459908448	1.2550053340047338	1.9441935183504562	-6.579646294409029	0.9993984761600022	7.36594914178024	1.0
326000	-12.60323418830059	-3.399404078649158	-9.203830109651431	-9.708319303286748	6.30891522463759	0.5439215230722787	0.610266317213751	5.086435485309318	-9.279342001275742	0.7392892664933867	306.744753330724	1.0
327000	-10.440291105331871	-2.3514249477098357	-8.088866157622036	-8.661898466438194	6.310473518728358	0.5680310376650094	0.6257678937915303	0.346304008315778	-8.592143248219912	0.9971293758546506	16.35870126169278	1.0
328000	-10.935756049435247	-2.9953700320444607	-7.940386017390786	-9.2023749335442	6.20700490149974	0.17573332259177443	0.8193979724114417	4.296173275708613	-8.421680859600857	1.208296308905236	143.65598962491097	1.0
329000	-12.338369073932647	-2.8299918207274963	-9.50837725320515	-8.503560795768134	5.673568975040638	0.7610036757784597	1.0716895175529566	0.10421394398266948	-8.37701932579472	2.5455191893328357	17.387620403844522	1.0
330000	-9.85117271916484	-1.663066857813492	-8.188105861351348	-8.020531530691622	6.35746467287813	0.5201740527817899	0.5867761018181085	1.678556346808202	-9.05794753800838	0.6394379130806291	41.66130806611331	1.0
331000	-8.821296276468473	-1.6468224955428008	-7.174473780925672	-7.828114870186187	6.1812923746433865	0.4190760581497517	0.42950155834932363	4.0300497185107735	-9.334870685898071	1.69162245559631	45.94425364251781	1.0
332000	-11.853372049978917	-3.4463405495059067	-8.40703150047301	-9.256576685826301	5.810236136320395	0.5616460362867307	0.5722119544487517	4.712290470338291	-10.080876053275976	0.9904800251668785	31.13395840193312	1.0
333000	-9.719093653551184	-2.159739091945271	-7.559354561605912	-8.138882192875737	5.979143100930466	0.29304219759430417	0.3583829323599331	3.578600605704111	-10.33819618033695	2.1921644350112186	21.358844043087426	1.0
334000	-11.190836137777623	-4.172325448408454	-7.01851068936917	-8.459152929768543	4.286827481360088	0.42827291612496265	0.5767486291217266	1.474705653569289	-6.522782060523415	3.348891287535389	14.096563950961032	1.0
335000	-9.550045441804164	-1.6963484165919969	-7.853697025212167	-7.9898519192467505	6.293503502654754	0.6645760295730254	0.6073485054799623	1.5052454803280715	-8.583698077937877	2.370767373909173	25.552267915751948	1.0
336000	-13.349103894711806	-4.491588106321273	-8.857515788390533	-9.142038624723394	4.650450518402121	0.6707907955725323	1.2408684817367446	-0.6694861970380251	-6.426276331677846	0.35673535712571786	45.475531182695676	1.0
337000	-15.232352864254617	-7.625600276752797	-7.60675258750182	-8.824221886017604	1.1986216092648068	0.4884951382352693	1.7322983892448507	0.5498243246396232	-4.6391948085111805	0.6753172342815524	17.417763571472676	1.0
338000	-13.048463767314772	-4.031411146841815	-9.017052620472956	-9.839542770534633	5.808131623692819	1.0328677139863642	0.648040070721638	-2.0194048131145266	-7.670843676296157	0.3459544751318045	39.88420938546193	1.0
339000	-13.205118369493704	-5.175431281765596	-8.029687087728107	-8.171925600898724	2.996494319133128	0.749955696194358	1.0415793789050685	0.9596331273483002	-5.127948759195691	0.5659647375880208	6.098775912719823	1.0
340000	-10.980486372661062	-2.1588361770026996	-8.821650195658362	-8.48388832696013	6.325052149957431	0.9281622655141931	0.5166429115842658	0.7700156862578307	-9.196108630983378	0.5105139551093578	77.809368157105	1.0
341000	-13.249218797322932	-4.363740702535593	-8.885478094787338	-8.185322740557393	3.8215820380217993	0.7910886911712914	0.5115490385149142	1.1700102753260007	-6.415926930435612	1.4253355682818918	4.9439039561119555	1.0
342000	-10.155495437874134	-2.382979123695441	-7.772516314178693	-8.260294557095891	5.87731543340045	0.8300027809141425	0.5037147979950661	1.3675798820487568	-8.252072339140936	1.550589329373638	20.0279744066489	1.0
343000	-11.926028948187044	-2.831547065876963	-9.094481882310081	-8.173928854698087	5.342381788821124	0.2340730642642106	1.1382665817343454	5.434796075859843	-8.553468048326328	0.975562758469734	297.6087837996481	1.0
344000	-13.009818654915794	-3.623287037809698	-9.386531617106096	-8.333690596690044	4.710403558880346	0.48770253047405615	0.40838979406651965	1.2572750523020773	-7.602912945897924	1.3060361788658912	5.751099611516734	1.0
345000	-11.85265231369268	-4.3989908089251175	-7.453661504767563	-8.97141465363683	4.572423844711712	0.7150843661226918	0.3651938296894921	-0.5677183557437153	-7.784502125394062	0.8858783793692052	30.317851799605663	1.0
346000	-12.690289793870017	-4.3360346529602865	-8.35425514090973	-10.077050112454668	5.741015459494381	0.7909200407081429	0.6308292419368543	3.9143656026958444	-7.634861483583947	0.9429560572266996	16.184343328737253	1.0
347000	-12.285000767086892	-3.474341096654623	-8.810659670432269	-8.615297078174764	5.1409559815201415	0.9817678046049808	0.3490888045053978	0.7102983423515711	-8.437471599817341	0.44115974224214644	21.07744867661624	1.0
348000	-13.061170810839922	-4.01091025866063	-9.050260552179292	-8.683752371507797	4.672842112847167	0.6414556214969943	1.2639079755941551	0.038855932338140775	-6.48080493231992	1.1391498749252593	5.974931477244686	1.0
349000	-12.36914813818522	-2.6748178755356946	-9.694330262649526	-7.908150582426213	5.233332706890518	0.6423134593392409	0.7211948450358305	2.0057388636337734	-6.944437158102562	0.7181504552873802	5.878862531515787	1.0
350000	-12.387565268148384	-3.292064406215937	-9.095500861932447	-8.192847361579512	4.9007829553635744	0.5947184787644407	0.43832294582517173	1.019574049853289	-11.091957871143839	1.022222633129396	18.702804413114663	1.0
351000	-11.06577829568025	-4.223739881745363	-6.842038413934886	-7.786754558643337	3.5630146768979736	0.36433908112178354	0.5317844252642234	3.9295959329161523	-6.163563185658626	1.3864281501773983	16.698170492829664	1.0
352000	-9.607042735523507	-1.9026334215422294	-7.704409313981278	-7.947918345086874	6.045284923544645	0.5555031657740552	0.6985265293906443	3.33955964245873	-7.891369728775365	1.0735475271871424	26.52335941576592	1.0
353000	-10.959466014044509	-3.7894688148052893	-7.169997199239218	-8.505194210024573	4.715725395219284	0.6393514766365074	0.37382565939500595	0.3208581037133636	-7.842515292378441	1.839158396847367	16.184739566819054	1.0
354000	-11.674009877947283	-3.818582837089833	-7.85542704085745	-9.601678884576144	5.7830960474863105	0.5413586213431674	0.2983681456319305	5.04331625690699	-10.048727530684738	1.611789153887254	27.369717345976976	1.0
355000	-14.10689294858287	-5.033972520078006	-9.072920428504863	-10.26087206963724	5.226899549559235	1.0414349332782642	1.2422216060436975	-2.5149032019895095	-8.211580941288565	1.5133249146691876	36.24919965313634	1.0
356000	-13.254894328869891	-4.83765066059703	-8.41724366827286	-7.800223395890101	2.9625727352930706	0.5442416306410566	1.6597075938639059	2.8684552769662375	-5.638910528447664	1.521250052773575	14.094619149245615	1.0
357000	-12.69733167860006	-5.558298281979939	-7.139033396620121	-9.748989535903515	4.1906912539235766	0.4241726135785757	0.8854675081922385	-0.0424808356081874	-5.948696569205605	0.8603665548483722	17.2381597336136	1.0
358000	-13.016376069497662	-4.189797245977262	-8.8265788235204	-8.77851072031779	4.588713474340528	0.9676191469637858	1.3496091134784733	-0.29600663323759235	-6.540251468079401	0.7855870823346172	83.96825373104798	1.0
359000	-10.25967832282414	-3.0609417841087048	-7.198736538715436	-8.296249833667105	5.2353080495584	0.5121470435594885	0.22959233811299756	1.1802785069598007	-10.159195305744023	1.3602065730116941	60.53949033859306	1.0
360000	-12.042079291337998	-4.187104220744625	-7.854975070593374	-9.097355737569114	4.910251516824489	0.9270681981363571	0.3741267197275953	2.4017537116245844	-8.012949857705031	2.5400316043468805	28.649549039327812	1.0
361000	-11.196585267236902	-2.2127278245472377	-8.983857442689663	-8.371405530040358	6.15867770549312	0.8180875119435507	0.8370485956590552	0.4516143669144741	-8.612066263544373	0.7573582591976478	13.660807834134037	1.0
362000	-11.925502821026612	-3.937774804502604	-7.987728016524007	-9.41727959984711	5.479504795344505	0.27806828658351945	1.026298400286225	1.912130835079658	-7.0949043517309995	0.5882876080334225	34.1706108325084	1.0
363000	-9.897862167111043	-3.4745343181556976	-6.423327848955345	-8.94701124434699	5.472476926191293	0.16680159874284567	0.257280697943499	5.023792273197627	-10.052909051174943	2.1051522490302803	83.61552802065084	1.0
364000	-13.2789549031369	-4.853970881994399	-8.4249840211425	-10.394728231351149	5.54075734935675	0.2541854022249846	0.5297415276503614	1.2706491434717182	-7.74898218187303	1.1660840758897835	7.870707524322757	1.0
365000	-10.470416630195658	-4.284123366776063	-6.186293263419594	-8.160602700129264	3.8764793333532013	0.39193134678971786	0.19981688670893907	2.282017802521425	-9.097605943685597	3.374575799723416	43.2056108429581	1.0
366000	-13.793160541754691	-5.398061786761617	-8.395098754993073	-10.191072470574307	4.79301068381269	1.115877901467478	1.0340797437900104	2.336156518196652	-6.391158873160154	1.3412248066130268	14.751990382054133	1.0
367000	-10.801560692774904	-2.7667296373140626	-8.034831055460842	-8.144354251878157	5.377624614564095	0.43930946361093365	0.690549945204854	4.518322806567123	-10.011733564247047	1.1515189310845764	41.61458615545448	1.0
368000	-11.28422809988731	-2.6348715826474454	-8.649356517239864	-8.282808967184103	5.647937384536657	0.3402507274293763	0.8052247702492904	2.6147939186053413	-7.257939339673104	0.6014815157921709	10.982854162214478	1.0
369000	-15.16379853676942	-6.396217094889035	-8.767581441880385	-12.136204654932996	5.739987560043961	2.005588365694176	0.5952610582084297	-0.6205922779725789	-7.7327695079016046	0.7769332197991666	29.96216923627602	1.0
370000	-9.417955826800217	-2.057434783754225	-7.360521043045991	-7.785236014843234	5.727801231089009	0.5318474690822569	0.3779396269871969	2.897745771111325	-8.879524053649998	1.3370275287961553	28.15118138433319	1.0
371000	-11.719637056477813	-2.9826466261484708	-8.736990430329342	-8.489820841229092	5.507174215080621	0.18907879730003915	0.3332767878453313	6.1773415954959185	-9.009080719764041	0.45560750598599564	58.51508328062058	1.0
372000	-9.688581890143425	-2.4024642997225865	-7.286117590420839	-8.314631311083799	5.912167011361213	0.24098941234599236	0.5629061093963315	5.922960248030039	-8.04892418093905	1.3476234529755384	36.88337566559493	1.0
373000	-9.368867059818744	-1.851674113663936	-7.517192946154808	-8.186847241553867	6.335173127889931	0.45156410214644777	0.5551845951403105	1.7449972717199829	-8.956121608492285	1.20686634602477	69.51044231158636	1.0
374000	-11.182925640602427	-2.1304335297576094	-9.052492110844817	-8.439224332969797	6.3087908032121875	0.895598693783601	0.496097973604325	0.5717628257763644	-9.392043269466832	0.6228731349469004	17.39671413871916	1.0
375000	-13.288125904224216	-2.670278531751916	-10.617847372472301	-8.407982205901323	5.737703674149407	0.6471595496247804	0.861421015617843	3.432151463099587	-7.343788514209825	1.864107991787974	6.073770277935636	1.0
376000	-13.292940329600858	-5.250144064407317	-8.042796265193541	-8.086391417849747	2.8362473534424293	0.4260864419721094	1.6812498880135918	2.1281897591146306	-5.581503585073643	0.6351151401810111	12.340752660728839	1.0
377000	-15.359859875296628	-5.116609805470701	-10.243250069825926	-9.281487803894693	4.164877998423992	1.2063807290875233	0.5613915162736455	0.45653438836112614	-6.482461324786076	0.813359979946507	4.106632106061749	1.0
378000	-12.096513691799332	-4.32158535473257	-7.774928337066762	-7.8825786280495045	3.5609932733169343	0.589543452908499	0.675167783675456	2.821561326032521	-5.778260275764584	1.3293339222066014	7.2795462991552995	1.0
379000	-9.912053335686842	-1.563126003566162	-8.348927332120681	-7.898633919031288	6.335507915465126	0.5091107065584913	0.6730691064822096	3.5848088191421876	-8.681072345999933	2.1482597660656353	195.39170656071	1.0
380000	-13.194508942227191	-5.3131782994050685	-7.881330642822123	-9.535014287261413	4.221835987856345	0.7336119016624796	0.20166445301157646	-1.31412426964645	-9.390837114085501	1.1976031596291354	144.41712635930853	1.0
381000	-9.712454089602947	-1.756005878121984	-7.956448211480963	-7.773728226998799	6.017722348876815	0.5177880006571169	0.9222153281951544	2.6224245693971167	-7.936265151848124	1.4575575653179218	19.22372288698645	1.0
382000	-13.613797288558647	-4.0566062961633875	-9.55719099239526	-8.794523767276573	4.737917471113185	1.0513320502605956	1.35195733490551	0.4327285600723368	-6.727007334938848	1.1695574569169744	6.907493567378413	1.0
383000	-9.941240336895339	-1.9208961650867025	-8.020344171808636	-8.160409323685135	6.239513158598433	0.29020732541422134	0.7799548229387832	3.576178564079634	-8.339393045006453	1.8092389377376203	15.17839666871112	1.0
384000	-9.936484056317887	-2.218881490230519	-7.717602566087369	-8.427120881861574	6.208239391631055	0.3086767068148743	0.8051844614997503	2.7807455175439406	-8.638802796276574	1.0207670694193374	29.244718623025133	1.0
385000	-11.577950134187876	-3.7740219145697216	-7.803928219618156	-8.203396532427227	4.429374617857506	0.7785342589411883	1.112480296315419	1.940240081979928	-6.121048336275143	1.0763223653217318	15.191204899961297	1.0
386000	-15.695858448093789	-7.06900065354948	-8.626857794544309	-10.90643582183672	3.8374351682872394	0.4528584498544812	1.7561056917348963	-1.3674382781157073	-7.077313200718887	1.4988678762778338	20.51874727932409	1.0
387000	-12.188143142301325	-3.329901666801213	-8.858241475500112	-9.347323982992911	6.017422316191698	0.8481892116579183	0.6263981400277587	3.113516806697202	-7.99638847239593	1.7089109916800027	11.890680480356881	1.0
388000	-12.228043162563983	-6.197428661080317	-6.030614501483666	-8.40403739001212	2.206608728931802	0.3970810788563387	0.43882658295841465	1.8222936584732594	-5.67499404691647	2.3689600446145382	12.79287919728438	1.0
389000	-10.111968396719112	-1.9106726542893941	-8.201295742429718	-7.895427195463552	5.984754541174158	0.3472650127245299	0.5638454584774969	4.606463812376798	-8.143967504093514	3.206788106254317	13.95670530415336	1.0
390000	-13.39939879379198	-3.144710112735753	-10.254688681056226	-9.203631978551439	6.058921865815686	0.4951144590006082	0.9114567069237182	0.047460057918533916	-8.068279708124013	0.5097131265764223	7.506322673898131	1.0
391000	-16.176790840454863	-2.9566828219323806	-13.220108018522481	-8.358017954708405	5.401335132776024	0.3135085167755394	0.6714175605681287	5.618147856852681	-10.056946309586614	0.7324898683361982	8.386888024039076	1.0
392000	-13.008578157187378	-4.168652789664225	-8.839925367523152	-9.867091425673326	5.698438636009101	0.3838305887053131	0.8371404652232874	6.204197437726691	-7.2998707878544415	0.44111731252018277	47.06862522579678	1.0
393000	-11.665250256951417	-4.1722359972506045	-7.493014259700813	-8.462956302569557	4.290720305318953	0.3705330995134759	0.5665083512363553	1.9877557592097768	-6.55757877661879	0.6440536959810734	19.765906699212934	1.0
394000	-9.442898272703896	-1.7231128991086893	-7.719785373595206	-7.771437987377616	6.048325088268927	0.516189056948128	0.8764043294006569	2.9665579845968075	-7.889207455351132	1.5905123465709226	28.633464168505384	1.0
395000	-12.817863328451306	-4.450825678827645	-8.367037649623661	-8.624132651113655	4.17330697228601	0.6868893010756949	1.4213795378737928	0.0063552548199906425	-6.245837184153364	0.8477788535848753	59.30083629748108	1.0
396000	-13.938211933961401	-6.096461360309313	-7.841750573652089	-10.508736685322866	4.412275325013553	0.24098498626092169	1.3130660384919406	1.383121059273091	-6.297629059538031	0.5958002813591946	18.369887977962783	1.0
397000	-12.110345354364986	-3.5838058848957832	-8.526539469469203	-8.740657591170503	5.15685170627472	0.17359132436157387	0.5965783401512638	5.235730518286198	-10.429879944314107	0.7977485858246155	195.03561982179824	1.0
398000	-10.55532648228912	-1.9685545488535805	-8.58677193343554	-8.241617003448823	6.273062454595243	0.4601929869677355	0.541789594698127	1.5881602403762256	-8.777023187328489	2.2856278626383477	10.606131069139648	1.0
399000	-10.070365759634942	-3.2014501694351303	-6.868915590199812	-8.570988220887289	5.3695380514521585	0.48520601769061317	0.4949362281410971	0.9123643978111947	-7.727678252592192	1.675893378466085	35.19857094326844	1.0
400000	-15.47048181062237	-3.6969453926873417	-11.773536417935029	-8.89857521546687	5.201629822779529	0.8736690241598889	1.275829076038313	2.513612047583083	-7.266842100638956	2.1586069659182727	5.828751900355702	1.0
401000	-12.879983302675294	-3.5339101746891775	-9.346073127986116	-9.620744355888878	6.0868341811997	0.9016365813828177	0.7266563990845737	-1.6948153137766846	-9.28488047853835	0.897658978210118	13.935687007430333	1.0
402000	-13.573337063246788	-4.984011835086706	-8.589325228160082	-8.755067802562728	3.7710559674760216	0.5154625528043848	0.47432937165924294	0.4811009377897677	-6.5362489205061385	1.475872174237827	4.764183135733037	1.0
403000	-14.740131453881107	-5.8786585699062375	-8.86147288397487	-11.658311257192043	5.779652687285806	1.6205153695093444	0.31566098152154115	-3.481430052680447	-9.692827164417732	0.9860248426253283	89.39341099123682	1.0
404000	-12.836316623740322	-4.4693635171738055	-8.366953106566516	-8.669613980834686	4.200250463660881	1.0011664951000407	1.4475995922566567	0.43010446723995066	-6.3221207214116335	1.0722044125693009	27.363849776926575	1.0
405000	-12.660201355870871	-3.180278050542972	-9.4799233053279	-7.996541862768304	4.816263812225332	0.6973110154603462	0.9694441364238015	1.7416426234217501	-6.401850560839471	0.9758064453320163	5.066413965309081	1.0
406000	-9.786842238781237	-2.376648642994504	-7.410193595786733	-8.134548148800892	5.757899505806388	0.4008413109975246	0.29684275209744615	2.2489745176235023	-9.987303215784205	1.2733486917296553	29.256692025928473	1.0
407000	-10.351673129347152	-1.7572008981156673	-8.594472231231483	-7.994905930873491	6.237705032757824	0.3409516413580389	0.4855650710661148	3.2112686256866554	-9.011091215955817	0.6497012812826554	18.93993115891388	1.0
408000	-14.50819182999767	-8.144777491911057	-6.3634143380866135	-9.895958219190202	1.7511807272791453	0.540289109577674	0.323386462887602	-0.9595716275568638	-6.10839555104804	1.7501142393649927	37.442669688652	1.0
409000	-13.852896904743957	-4.411358500606578	-9.441538404137379	-7.85109183009836	3.439733329491782	0.420693551645139	1.7959039494695759	4.090495270292349	-6.423190986652483	2.113182619600462	40.321791118256684	1.0
410000	-13.630721994451482	-3.2371489452713966	-10.393573049180086	-8.345987567591099	5.108838622319702	0.7337860560013818	1.3091138240363873	2.716546785394103	-8.014920197130982	0.4508124495355715	9.429837521634047	1.0
411000	-10.860420356496638	-3.3347090245432893	-7.525711331953349	-9.238753236549856	5.904044212006567	0.5610808993091646	0.7355664536912623	-0.3548516776123378	-7.6379673513355675	0.9870200939397232	26.11236392237715	1.0
412000	-10.98500657683218	-3.8954585130787525	-7.089548063753428	-8.782673011422688	4.887214498343935	0.6123416706988689	0.36202175481276877	-0.001957936525317283	-8.08507435077277	1.8015133886745567	18.769094070538152	1.0
413000	-13.043401945236633	-4.328860882572846	-8.714541062663788	-8.704187212342726	4.37532632976988	1.0089346266521617	1.5810952895796533	0.25488328100158575	-7.094355029060612	0.5493909210837035	19.9822089322002	1.0
414000	-13.340683358483869	-5.405532088931244	-7.935151269552626	-10.966115813091044	5.5605837241598	0.1912893666638383	1.0894451599802824	1.941570096518205	-7.325996369569283	1.405781764711516	11.215548885501876	1.0
415000	-12.998018343255223	-3.4901594889631635	-9.50785885429206	-8.112551564252726	4.622392075289563	0.6290109817141569	0.8010480711232678	3.107558264120802	-6.334889591170403	0.2623105767826796	11.38919244330027	1.0
416000	-11.413903252236452	-3.0783338837495204	-8.335569368486931	-8.249451033019692	5.171117149270172	0.7964039587026435	0.41919508928104676	0.8208162186105747	-7.9463390682316986	0.7706694833623104	117.80210439995375	1.0
417000	-11.756173138328789	-3.004630568430567	-8.751542569898222	-9.320553750139448	6.315923181708881	1.222788869556409	0.5997297668055398	-0.5995844759654028	-8.681941260631683	1.469069504807189	17.81716597310425	1.0
418000	-12.848155634195942	-3.957688262382108	-8.890467371813834	-9.54932636311992	5.591638100737812	1.3176668887162213	0.29225566689040283	-0.2795722670802797	-10.995404386436029	1.1822242881203424	28.20516286913365	1.0
419000	-11.032192842095203	-2.833293153240599	-8.198899688854604	-7.8088134560796005	4.975520302839001	0.5196599756408462	0.6409350045155409	3.195138394943328	-6.882229784077699	0.9995299511287555	9.901450575951012	1.0
420000	-14.533605613423457	-4.823090288499955	-9.710515324923502	-9.35977696640543	4.536686677905475	0.508096890329026	0.6031836870783687	-0.2082405396374356	-6.631992981104977	0.1658717480708992	20.251456204594774	1.0
421000	-11.374451693473485	-3.171319319864006	-8.20313237360948	-8.105646112763209	4.934326792899203	0.6505577191782269	0.8365143243380946	1.0984945723510393	-6.5516533490610005	0.8985438126160225	8.104204848178682	1.0
422000	-11.074512306219718	-2.8803296206590048	-8.194182685560714	-8.140501840541681	5.260172219882676	0.7744165367005269	0.5596087022311733	1.4195058767602378	-10.4928197858732	1.2488092265907489	36.390320693864766	1.0
423000	-13.724973756157006	-4.036667275874958	-9.688306480282048	-10.224205681005746	6.187538405130788	0.7280474288960022	0.7048334085896157	4.321762804663118	-8.140767184816383	0.7674471450708322	11.147803361544106	1.0
424000	-11.482205819217784	-3.170360300202228	-8.311845519015556	-9.453658833980937	6.283298533778709	0.9653712263922989	0.476103155565001	-1.5091181946077972	-9.327659148097421	1.2892235509276795	21.92614669596513	1.0
425000	-10.172391815209938	-2.3828343974618793	-7.789557417748059	-8.311462730863195	5.928628333401315	0.7118282647025566	0.4144789034371717	0.540444614077982	-10.405154171777149	2.284677381347903	41.88038945319201	1.0
426000	-11.635301978943616	-3.314982826522236	-8.32031915242138	-9.180054321973415	5.865071495451179	1.0538616353600105	0.36690278508388036	-0.9974100782165006	-9.20728397803446	0.8320635046312709	25.058631864269472	1.0
427000	-11.318606986898159	-3.2259555558693247	-8.092651431028834	-9.251790798838565	6.02583524296924	0.6553943743538558	0.9316463683338153	4.148980955929874	-8.034801145344735	1.1981030546286848	44.78570402162295	1.0
428000	-8.942829972392099	-1.4885836710525426	-7.454246301339556	-7.833046274686704	6.344462603634161	0.5019282295188556	0.6418107746316212	2.3086246307114853	-8.734671097710864	1.8756384626742104	33.622859580083805	1.0
429000	-11.786484878617562	-3.3750776838248857	-8.411407194792677	-9.200172673642339	5.825094989817453	0.6935469266384577	0.8087651053549662	-0.808705542171498	-7.472367838675118	1.9807818374094126	11.006140599041052	1.0
430000	-11.36196344849127	-3.473174734062323	-7.888788714428948	-9.748188247581762	6.275013513519439	0.38686567202224886	0.57638882267982	0.2808429697013728	-9.472901245858196	0.9835370925621741	102.92557696927275	1.0
431000	-11.134105761029698	-2.268135353857284	-8.865970407172414	-8.061248712893072	5.793113359035788	0.6765063230276901	0.6710557147169638	1.22910573498643	-7.603231376885034	0.4248747524416404	14.17841998545709	1.0
432000	-10.192470670646896	-2.3654185786998703	-7.827052091947026	-7.86533972341994	5.499921144720069	0.6012123786021406	0.5618416885456634	2.5736329453156674	-10.341681380608273	1.5965477247725648	72.87736303903695	1.0
433000	-11.460666463604944	-2.110241099729886	-9.35042536387506	-8.44468247668436	6.334441376954474	0.4191072380323459	0.6495819007383369	5.002265385437328	-9.026416176354262	0.6016954888436734	17.955630041206177	1.0
434000	-13.67598924138665	-3.530449864867361	-10.14553937651929	-9.38418852775456	5.853738662887199	0.8532007281453926	0.4054992677014362	-1.3487619818677279	-8.832882703825145	2.3213472086435143	7.998595776406255	1.0
435000	-15.421028478663462	-7.368328817074941	-8.052699661588521	-8.129193074660298	0.7608642575853573	0.2871707093995181	0.7784988654195011	3.70721525219654	-4.00093034136243	0.9960781053148401	3.941705682604945	1.0
436000	-9.983773800723123	-1.851500046458403	-8.13227375426472	-7.915233900768964	6.063733854310561	0.6374790784973469	0.44886628629128206	1.8524727738306672	-8.8603081212716	1.0457333229257735	16.94371340607445	1.0
437000	-10.076441565255463	-2.2739122770421023	-7.802529288213361	-8.360807446765069	6.0868951697229665	0.6074669087331067	0.4836329050337944	0.6628266749950247	-8.676911311064629	1.0947188907426748	18.73916977546407	1.0
438000	-10.793004470221042	-3.2488012992082362	-7.544203171012805	-8.663891866587324	5.415090567379088	0.8237094083498542	0.5262916393305825	2.547442871036263	-7.636510230770286	1.3207076871213943	30.7145551653456	1.0
439000	-11.633233989908266	-2.292675922857237	-9.34055806705103	-8.548615700095946	6.255939777238709	0.9222264671588104	0.5264188787399373	0.248171537804454	-8.807100872377875	1.8944420033059768	10.545895536185988	1.0
440000	-10.43252885342671	-1.864719381104912	-8.567809472321798	-8.003661459217277	6.138942078112365	0.4770114953040015	0.6445780678871039	4.040259255419319	-8.145955844009741	1.1744505844812472	13.064066589055686	1.0
441000	-10.850086006878911	-3.278592635137299	-7.571493371741611	-8.593701450097123	5.3151088149598245	0.46357740577023776	1.06911743784259	1.021326867097984	-6.934854563341153	1.1347419754067523	33.7875125670914	1.0
442000	-12.89976176282256	-5.075994407584907	-7.823767355237654	-8.714094636441175	3.638100228856268	1.0199253873396152	0.8189300217320356	0.6185227009292871	-5.624380771459471	0.9787955824324799	7.5410240297836655	1.0
443000	-9.077123954149524	-1.4330549369801728	-7.64406901716935	-7.761225990041807	6.328171053061634	0.48173772633891876	0.5947921759660787	3.2674929561410564	-8.747387195947145	1.2179611197418303	27.992499859165342	1.0
444000	-10.937243083609555	-2.826262337208729	-8.110980746400827	-8.608225451744838	5.781963114536109	0.9576769537605004	0.9186087278329518	1.2303306056798335	-7.422973872525903	1.0212931009413815	20.623090532688153	1.0
445000	-10.613982288283886	-2.5086906480488977	-8.105291640234988	-8.561556126641214	6.052865478592317	0.8704341657923975	0.9153103440061433	0.030020876598271906	-8.06273486942062	1.0506272094353954	37.18739227325286	1.0
446000	-11.041959266182808	-2.242415751729159	-8.799543514453648	-7.917539651906528	5.675123900177369	0.6351248680976033	1.0039152811260683	2.4395989494910415	-7.350760451436849	0.49798198588818793	14.386462959607593	1.0
447000	-9.526800582749509	-1.6118916424473282	-7.9149089403021815	-7.948628056657036	6.336736414209708	0.5573125123435932	0.6762866557665789	1.7217862581889647	-8.71134210710445	1.0129489134282872	22.887522101329594	1.0
448000	-10.963764050935612	-2.7503053729958102	-8.213458677939801	-8.34255256382924	5.59224719083343	0.833266844454645	0.6886883639313534	1.8038250665675357	-7.3467960811593365	0.7035292856681303	15.239511929678562	1.0
449000	-13.178252242228144	-5.26349587422429	-7.914756368003855	-8.45723158345228	3.1937357092279903	0.8197180829206647	1.1901661588481283	0.21663221275855016	-5.28840410188232	1.4452864725318006	7.284286178834103	1.0
450000	-12.096976346984505	-2.6921334809608863	-9.40484286602362	-8.940112273155222	6.247978792194336	0.2392499633418036	0.6056304168773076	3.154898364735215	-8.466493051948827	0.47363548571799113	13.20177640588092	1.0
451000	-12.15046699793388	-4.078324150267433	-8.072142847666447	-9.339875525332776	5.261551375065343	1.0202638796084271	0.22708371644845063	-1.3229262481167614	-10.275033177245229	1.4846149548198067	106.65472860623257	1.0
452000	-12.263796230703948	-3.2054512484793865	-9.058344982224561	-8.743824660341327	5.53837341186194	1.0079785727921544	1.167361565308935	1.090946625488646	-7.649424338559794	0.3902645943143483	19.946680419160636	1.0
453000	-9.789579370430442	-1.6572135818795601	-8.132365788550882	-7.8378761475912135	6.180662565711653	0.33419470177854727	0.5553162990282108	3.9966146174405908	-9.715363103833896	1.4430422544589918	20.118790370410313	1.0
454000	-12.61559121218718	-2.5620473895706546	-10.053543822616525	-8.156855637225501	5.594808247654846	0.7601696956229974	0.4442531186509627	1.975825424480921	-8.230121382836447	0.9667973092206559	7.137748898036689	1.0
455000	-15.662135193861054	-6.229636071493041	-9.432499122368014	-7.8212202594776095	1.5915841879845682	0.3804672261524554	0.3308026348872534	4.210073916413665	-5.950413810450583	1.0622674188884949	4.957262433578363	1.0
456000	-9.86769812714888	-1.87321684777159	-7.994481279377291	-7.869020075270428	5.995803227498838	0.3386551206041633	0.8373493669657124	4.530835137517498	-7.7314892352634725	0.7540696218508759	47.26232506553243	1.0
457000	-13.04337309145619	-4.914286160699437	-8.129086930756753	-8.100094107508957	3.18580794680952	0.7532474555147	0.9870263749180372	1.6625836228659794	-5.24769375097162	1.9279152033781124	6.284447339600147	1.0
458000	-14.381702448221766	-4.221352874930255	-10.160349573291512	-10.233424652428177	6.012071777497922	1.3584729401467621	0.4947760198766155	-2.176065387929979	-10.111425862940122	1.8813042231265469	16.108209210015115	1.0
459000	-12.887847344074	-2.4927907461254204	-10.39505659794858	-8.522508186589294	6.029717440463873	0.40489730791566925	0.3854856412077422	5.173523060523426	-9.361843301584216	0.736079952888042	11.65901025982926	1.0
460000	-15.988579303573765	-4.804579732741194	-11.18399957083257	-10.732070237983008	5.927490505241813	0.8225710755319413	0.9677072167287057	-2.7456668758860685	-7.815997395530884	0.36368402403696753	7.332454499976609	1.0
461000	-11.752109509168037	-3.4497105752969004	-8.302398933871135	-9.246895893601657	5.797185318304757	0.6952894335644878	0.33279038662619204	-0.8710793074984239	-9.480667064966074	0.9889418594487137	17.797076085817626	1.0
462000	-10.662315074718896	-2.076115578136193	-8.586199496582703	-8.083211119360541	6.0070955412243485	0.7384827892649389	0.9313042716075925	1.3830906248328274	-8.45102149814647	2.0645941423943888	66.8231903651294	1.0
463000	-10.027412940397124	-1.7559358370369686	-8.271477103360155	-8.076504067187539	6.32056823015057	0.657660306024582	0.5338596733856867	1.1759145999128218	-9.004502858419155	3.5641465278763103	36.0379935822431	1.0
464000	-12.524568432749458	-4.076872482465563	-8.447695950283894	-8.607954207234112	4.531081724768549	0.33896690464070645	0.42313947841641614	2.1204214899165277	-7.366234801694539	0.3837919926133424	24.016217260646012	1.0
465000	-9.92143703505894	-2.248665149354813	-7.672771885704128	-7.809169956149718	5.560504806794905	0.48302901631314754	0.2517957711535641	3.51406951933063	-10.557544242355412	2.245876385832228	23.336194537519052	1.0
466000	-10.973690763144889	-2.3563794363274564	-8.617311326817433	-7.859465435308151	5.503085998980694	0.3577371037834532	1.1628821378099439	3.422658146279556	-8.152726100326436	0.8224488497535541	16.932416131198952	1.0
467000	-12.240016503612363	-1.883661009892763	-10.356355493719601	-7.985161012060867	6.101500002168104	0.6336685322394234	0.564744757067077	2.754542020462322	-8.318519112027046	1.3043903283395042	6.913513807725247	1.0
468000	-10.638652195842791	-2.3239210702788693	-8.314731125563922	-8.077068364309977	5.753147294031107	0.500304665432008	0.8161320090898555	1.6538661575097957	-9.338057645202944	1.6133023464496392	19.021284446118855	1.0
469000	-16.024535637495973	-5.440463650462122	-10.584071987033852	-8.253636547074901	2.8131728966127794	0.21751132485405134	0.347954558931594	5.497312811791867	-6.611671418377366	0.6671834555182263	6.499359031992118	1.0
470000	-10.342692979826857	-2.8886260310729828	-7.454066948753875	-8.923179290672952	6.034553259599969	0.33105807025373807	0.9302731253611745	1.7931587185479188	-8.08500975931828	1.4974431949379454	34.606449600114814	1.0
471000	-12.213229803793094	-4.262351903199342	-7.950877900593753	-9.598207225524881	5.335855322325539	0.7651680942888059	1.02159123210113	-1.4607751008595313	-6.916029799761574	0.7749992854218083	25.59951772888904	1.0
472000	-11.132485882919447	-3.6486699851147675	-7.48381589780468	-8.48948526579727	4.840815280682503	0.5604264923948249	0.41090194613280434	0.6338848682793812	-7.6985950461496815	0.9994600859988586	69.9199724533703	1.0
473000	-11.809187921594724	-3.672055839506542	-8.137132082088181	-7.801003309005421	4.128947469498879	0.4938563748832896	1.4041933179344095	3.3911749465504784	-6.175128720728723	1.4736544084924563	36.55352448212293	1.0
474000	-15.358390686094113	-6.364265997335874	-8.99412468875824	-10.291537756728435	3.9272717593925606	0.6006445537910997	1.312085095162016	-1.645172128100365	-8.999572763696401	0.9460146596825031	17.72804947309005	1.0
475000	-12.239845295019077	-4.932994463917291	-7.3068508311017855	-9.33122059036823	4.39822612645094	0.3637396752604716	0.9400570653126561	0.9521386302502775	-6.076202251061804	1.0001444158959603	10.338645284841128	1.0
476000	-11.556351333177364	-2.5631599303505963	-8.993191402826769	-8.647935524962874	6.084775594612277	0.8447206175713067	0.9035795121234342	-0.19297287725198853	-8.217805221705742	0.5445684153875001	14.682027214014372	1.0
477000	-9.796237051405846	-1.7891501898133173	-8.007086861592528	-7.833119872226956	6.043969682413639	0.5857226015002697	0.45370066277673804	2.502960549198326	-10.168582176496038	1.5589472785670182	24.49815033000765	1.0
478000	-9.297319277486615	-1.5725678551485078	-7.724751422338108	-7.747480055380919	6.174912200232411	0.4240662849867079	0.7582060570047284	3.5513161423830506	-9.00948769499106	1.6315051255088324	73.85138720832974	1.0
479000	-11.426096902250366	-3.8325188830966086	-7.593578019153758	-7.997587642679213	4.165068759582605	0.6366358895237123	0.1645344788379935	1.439089681445568	-10.13466204234588	2.233171549711971	20.535613535536815	1.0
480000	-12.612073899957618	-2.8565755493628684	-9.755498350594749	-8.69195218435322	5.835376634990351	0.9274635864547562	0.5863754982237779	-0.18045028981757327	-7.872300487361536	1.0915744119704025	6.869128896857967	1.0
481000	-12.518653908699573	-3.606997839306855	-8.911656069392718	-9.107214261753363	5.500216422446508	0.21246988403057618	0.9411153401118455	3.483163489616783	-7.0631563445509284	0.4179880724808852	14.082368799974576	1.0
482000	-14.603370926022672	-5.680088470763948	-8.923282455258724	-11.606789753481795	5.926701282717847	1.4270046536042733	0.5154572705935199	-3.705280669232921	-10.146999765975213	1.1664629505750372	84.58690145785171	1.0
483000	-13.283125961692951	-4.137953207515043	-9.145172754177908	-8.510251166682947	4.372297959167904	0.9101559901943673	0.7450950672823969	0.3331971673892762	-6.217775603655367	0.9901248027336619	4.735927442942699	1.0
484000	-12.203140371817966	-2.818364158670807	-9.384776213147159	-8.065898835524	5.247534676853194	0.7128936778017149	0.8177871255910115	2.1807104756337994	-6.841252620460045	1.4099601610139327	6.022770327676583	1.0
485000	-12.499814257019587	-2.496352885707643	-10.003461371311943	-8.853884574028966	6.357531688321322	0.3823950408504993	0.6065174336238578	1.3340840702032546	-9.018522697859076	0.49620559004352605	10.628958788226235	1.0
486000	-11.911362389124427	-2.4560423462364334	-9.455320042887994	-8.763310255418926	6.307267909182492	0.18807096792443026	0.6370759121957645	6.808427273741803	-8.556956720847747	2.244368248226215	12.262100687314524	1.0
487000	-10.37305860189096	-2.116776364972983	-8.256282236917977	-8.000936524296696	5.884160159323713	0.6671308120832915	0.37608469527159255	1.458507641094172	-10.52779706859954	1.2188577376243224	23.80224573538235	1.0
488000	-12.507556828098526	-3.8388465701949173	-8.668710257903609	-9.374531730886776	5.535685160691859	1.0779815677066122	1.1742436251461155	-1.3156597019346323	-7.80669327135946	0.8460236399024336	56.76514155646879	1.0
489000	-12.618329681822116	-4.237482040181762	-8.380847641640354	-8.144042395299781	3.9065603551180192	0.7638430955690969	1.0653401730064103	1.1752366544514778	-5.7177004134472496	0.8442010030749446	5.907750500082602	1.0
490000	-12.540892837842353	-3.7197297430843683	-8.821163094757985	-8.293772986915183	4.574043243830815	0.6662043796696884	1.4872709929489127	0.638337690024803	-6.947509299707861	1.3885284337217159	10.65974757109562	1.0
491000	-14.052258267409947	-4.947954283295509	-9.104303984114438	-7.9120825032741084	2.964128219978599	0.3075513635789926	0.4388534674373499	4.703651452305155	-6.158242648246244	0.6066003409733651	8.054403586630563	1.0
492000	-13.561020104651615	-2.5360392218302037	-11.02498088282141	-8.843819942143796	6.307780720313592	0.6756918750932132	0.5930688562656484	-0.29121890786156235	-8.67421509871491	1.043627664916971	6.140639532510352	1.0
493000	-16.516780581541795	-7.56889308267612	-8.947887498865676	-10.036369239448232	2.467476156772112	0.27983779253248936	1.1013622956933748	1.2294505826370212	-4.82291955060242	0.49269581053308814	3.222500701418661	1.0
494000	-10.393185251717206	-2.357295192931046	-8.03589005878616	-8.135153285625053	5.777858092694007	0.24682289982405894	0.9763363952364199	5.420274146483837	-8.694885462278485	0.9871985736058563	48.001620272315975	1.0
495000	-14.068447485128548	-7.2183050311218855	-6.850142454006663	-8.522639941841554	1.3043349107196684	0.18039332447716425	0.5745322776263098	5.982356272934034	-4.6449514359211435	1.9060328150915455	12.101985684164646	1.0
496000	-10.661823669517286	-3.685387230971127	-6.976436438546159	-7.9091368191274185	4.223749588156291	0.5341462072853453	0.30764964194199673	1.9175419478217046	-7.985813342169498	1.6030200269853236	18.678670065599082	1.0
497000	-11.20318912077547	-3.155101964888712	-8.048087155886757	-8.705426498148732	5.55032453326002	0.6750491008419136	0.964317928995504	-0.0896010244168457	-7.133939429952737	0.6193993865985475	25.677838004278783	1.0
498000	-12.062482640911579	-2.2607246011572295	-9.80175803975435	-7.9056567651529	5.64493216399567	0.5730437939381091	0.5851615555968859	3.0719084632611473	-7.6593999102554475	0.6431063236772254	7.9993600109605305	1.0
499000	-15.438725311484587	-5.866497411808373	-9.572227899676214	-9.418436757518682	3.5519393457103092	0.808341235122654	1.7077763867002707	3.394651133933789	-6.2668057363758045	1.4449355553579244	10.049406104932292	1.0
500000	-10.614636876428193	-3.2169548696168846	-7.3976820068113085	-8.629554871968558	5.412600002351674	0.565636281397137	0.5443410167645204	4.206752150221408	-7.563810670852704	1.524542950424322	58.77919855789371	1.0
501000	-10.985890005685505	-3.225628948030243	-7.760261057655263	-8.969563576353847	5.743934628323604	0.75718041516957	0.888831989188302	-0.6518283508908772	-7.354392517949387	1.3035904744714217	28.873065225037585	1.0
502000	-10.447047547312355	-2.325573300313259	-8.121474246999096	-8.331960705923414	6.006387405610155	0.8553703784993633	0.6679378247352435	0.8322092522874831	-7.8860936033443	0.8741345126832617	16.994714887969636	1.0
503000	-8.870631796079337	-1.517177998310829	-7.353453797768508	-7.80330831862628	6.2861303203154515	0.494941012637636	0.5006587916412275	2.4679938463435547	-9.078165809859886	1.3903188572708531	42.82879970543177	1.0
504000	-15.386236469617716	-6.183327373779317	-9.202909095838399	-8.451215009120794	2.267887635341477	0.7403212545815658	2.164862188151507	2.8371162207490648	-6.39355217474097	1.1276352028341532	15.236002564934124	1.0
505000	-15.701486618441479	-5.547468681461568	-10.15401793697991	-7.8825351213668995	2.335066439905331	0.31020757083582495	2.07828497775333	4.4245619351122185	-6.092601855826016	1.8454979800083764	10.02038921053975	1.0
506000	-9.683323693603736	-1.76450402595089	-7.918819667652846	-7.950317249793658	6.185813223842768	0.4752289401639479	0.7377208663952024	3.9515706900757013	-8.11448162350034	0.8400264684433513	45.71945621967825	1.0
507000	-13.560055486971907	-4.005155907449508	-9.554899579522399	-8.744347162658354	4.739191255208846	0.4553367262150685	0.5029474188538405	5.0246317506725	-7.136472974811692	0.5251427617698419	10.717850278891683	1.0
508000	-11.497722759655156	-2.9473067874164656	-8.55041597223869	-8.786057043211631	5.838750255795166	0.3601884045706324	0.8789204164927088	5.707775128044987	-9.022928031223897	1.157758610716765	23.690662938298132	1.0
509000	-13.827153634007317	-3.0589390266439684	-10.76821460736335	-9.2165969661725	6.157657939528531	0.12261877704503069	0.7051152629774858	6.947490941222395	-8.0785104857495	1.684736159123772	8.87541206075086	1.0
510000	-11.247858294409927	-4.110246534010192	-7.137611760399735	-7.881114243217473	3.7708677092072813	0.5559314846808784	0.6962721776685534	1.9518070162550367	-5.877781791285027	1.211439808628923	10.65019083327677	1.0
511000	-11.292469148933787	-2.5317826300938746	-8.760686518839911	-8.628436455511647	6.096653825417772	0.7756108472115267	0.8903552400063505	-0.14036393376882417	-8.417762663313464	0.9769972005517042	13.330005280943087	1.0
512000	-12.836357242203377	-4.794261130310411	-8.042096111892967	-9.816031584060683	5.021770453750272	0.5070586733550049	1.1157589247116548	-0.6892740304347332	-6.655871738359245	0.7879520113026236	10.83657849614438	1.0
513000	-9.283165679466407	-1.6510169348543515	-7.632148744612055	-7.91123902285019	6.260222087995839	0.37997105326937514	0.7589603647507862	4.49179241883253	-8.381344886967579	2.3827312078046314	40.72891960956251	1.0
514000	-9.41640152261835	-1.7968415463454601	-7.61955997627289	-8.070195023347287	6.273353477001827	0.5944092419817016	0.4907623815763618	3.295801994145682	-9.102264799629003	1.3022414894974956	34.737479277327786	1.0
515000	-9.656021136342762	-2.225339860182169	-7.430681276160593	-8.017389714992856	5.792049854810687	0.5272714676108705	0.29430924570633693	1.653793742735369	-10.44720252324312	2.3645260807426753	26.908789616743086	1.0
516000	-10.503987001020311	-2.289705828438642	-8.21428117258167	-8.076998709200575	5.7872928807619335	0.4608154085283916	0.9304750748901991	4.273949026137435	-8.880986668734987	2.0516484415606597	73.75103586868983	1.0
517000	-12.605783217231888	-5.257138465347887	-7.3486447518840015	-8.830058443852092	3.5729199785042054	0.2998494587641524	0.3113711847693703	2.313950481658063	-7.444573072647152	1.0185447035649327	12.786486111829369	1.0
518000	-11.169688062011787	-3.141790693482169	-8.027897368529619	-8.299046003256317	5.157255309774148	0.43907294324076007	0.4599723115364486	4.712849678903723	-7.6988404036330556	2.0647328829264526	12.507301316167291	1.0
519000	-12.683079721604805	-2.7808775528815293	-9.902202168723276	-8.649326979986633	5.868449427105103	0.9432439440684853	0.757183017136266	-0.007502041793108316	-7.567111080318203	0.4019002612033111	8.326895912116026	1.0
520000	-11.334885198476197	-1.7071353353246783	-9.627749863151518	-8.013079051397652	6.305943716072973	0.5237771283138954	0.722579274156022	1.6795963835261236	-8.715095717312611	1.284776004422345	8.701993549919404	1.0
521000	-11.514847103864053	-3.2130599650313636	-8.301787138832688	-8.731781036236242	5.518721071204879	0.24281216165193475	0.3211651986474153	3.3882144091283086	-9.158523763082515	1.3309117119308351	486.38827016136753	1.0
522000	-12.086884321295075	-4.214576917849046	-7.87230740344603	-8.125342023917785	3.910765106068739	0.34010849857687736	1.328599644129542	2.916934189887798	-5.890758106445639	0.8278727074721106	43.99598681213603	1.0
523000	-15.104801189300183	-6.506824217721433	-8.59797697157875	-7.920257551114363	1.4134333333929305	0.5706353446650911	0.6947587932750462	1.7782599275910098	-11.289584687499877	0.7862922163498712	42.651268212406606	1.0
524000	-9.811109339003455	-1.9013213998767853	-7.909787939126669	-8.120583409899922	6.219262010023137	0.24232877096437208	0.6246185927808392	5.200751169082258	-8.349556544739839	1.3201645027899547	19.097985600935885	1.0
525000	-13.700781665853857	-6.639014581579941	-7.0617670842739155	-9.64073173719433	3.0017171556143882	0.1635207564427633	0.9576665808802708	4.064975493482256	-5.14167307564077	1.0301560594340908	15.434769315154938	1.0
526000	-14.02625817030571	-6.157234302140601	-7.869023868165108	-10.695938687996936	4.5387043858563345	1.1158833126142154	0.7529462968699894	2.682739546303391	-6.329812044344334	1.0602545546074895	21.606593907163816	1.0
527000	-12.68895744655911	-2.389311698769733	-10.299645747789377	-8.003650326715546	5.614338627945813	0.6414317324708044	0.29372401920514546	1.4175299386445348	-9.681980216599031	0.31774812616120046	15.195325564991828	1.0
528000	-11.775224806449302	-2.6522225030572795	-9.123002303392022	-8.395150798731636	5.742928295674357	0.8913795095595212	1.0277437136835508	0.9704497689697529	-7.528720906132748	1.1351323915268503	9.160273300219988	1.0
529000	-16.031642362688316	-6.881197839282304	-9.150444523406012	-9.826262502032153	2.9450646627498482	1.1436659030743932	2.004030986245626	-1.9421115924035628	-6.7106637562713995	0.564841166731152	13.813698463519	1.0
530000	-11.158412705062034	-2.523228221270988	-8.635184483791047	-7.77812996994616	5.254901748675172	0.3952558696915895	0.7386963955457049	3.931744695702938	-6.937173500956914	0.39340466781808653	40.3285932629763	1.0
531000	-10.740432715353819	-2.730165076176055	-8.010267639177764	-8.786400198853315	6.0562351226772595	0.6541974774411422	0.7953518569448111	-0.14822467681012175	-7.834540828694747	0.6871823949478333	28.988315692442054	1.0
532000	-9.534061816334901	-2.202241395055152	-7.33182042127975	-8.499821303894496	6.297579908839344	0.5300063803765966	0.5556081924195937	0.7629750957734374	-8.788374909511932	1.9114795672986216	28.543687815055833	1.0
533000	-11.600681530726858	-1.8749507913027745	-9.725730739424083	-8.114815667670662	6.2398648763678874	0.7614994695459024	0.7290877360023079	1.5838708447766978	-8.260344356923028	1.2809768929963579	8.06399660644452	1.0
534000	-14.346401278113126	-2.962366600822696	-11.38403467729043	-8.6152101644055	5.652843563582804	0.7428685431194056	0.300608960787228	3.039568085891893	-9.6503889734119	1.3434362314819845	7.637540829751722	1.0
535000	-14.158737760361557	-7.706272879727198	-6.45246488063436	-8.205916720688693	0.4996438409614954	0.7954755470829343	0.5782128442218608	1.698127002216332	-4.186461279543596	1.7073783509095584	8.56797366356677	1.0
536000	-14.103193067130936	-3.775705034014438	-10.327488033116499	-9.004075995647261	5.228370961632823	1.1266950096424098	1.03294102253465	0.01489019918305573	-9.04404419020943	2.6523411520288454	38.853965904408085	1.0
537000	-9.391526064396697	-1.6136656125605278	-7.777860451836168	-7.95195469386316	6.338289081302632	0.2964715616270782	0.5914524066490614	4.871950978921243	-9.223401919577423	0.9523044357665085	55.61175648920646	1.0
538000	-9.459331119234665	-1.6849727283759854	-7.774358390858679	-7.978804685381503	6.2938319570055175	0.5694950129324529	0.5803131337976578	1.59948512697791	-9.41343896203606	1.0918074528278225	60.660814775266275	1.0
539000	-11.347121112980131	-3.544659046207732	-7.802462066772399	-8.622428935012804	5.077769888805072	0.9724968748721482	0.45332819228416804	1.0633485413064676	-7.661568296402994	1.5653383868680881	16.252630227328414	1.0
540000	-14.168769183740537	-3.2553461605547307	-10.913423023185807	-8.711709581295715	5.456363420740984	0.2543526943240312	0.23540422824606516	3.2011883298400283	-10.799442199048443	0.547614047753858	12.49316945986959	1.0
541000	-11.06997060400847	-2.5859338799078966	-8.484036724100573	-8.200093334402421	5.614159454494525	0.24165516283205823	0.3521579546975137	4.5369388103730195	-8.961069365670303	0.5591748475536509	108.47406622104758	1.0
542000	-11.014398502688461	-2.899978131090765	-8.114420371597696	-9.106691981400198	6.206713850309433	0.5620842381021957	0.8184812464183653	4.609001025974045	-8.482336084887939	2.0878375232390405	37.57912923835169	1.0
543000	-14.766606478842457	-4.312973553399898	-10.453632925442559	-9.248733806315304	4.935760252915406	1.2156333812791094	0.5365729561829217	-0.06215108917004214	-7.16457044308794	0.5553698720139242	5.361810143254307	1.0
544000	-10.824216605930804	-1.5491416165002967	-9.275074989430507	-7.741547386885172	6.192405770384875	0.45913400294457823	0.4902835507911938	3.183504331805982	-9.846800839615883	2.2806767759023248	12.092083511164939	1.0
545000	-11.43268338731942	-2.9617746116877193	-8.4709087756317	-8.593176148599706	5.631401536911987	0.6236205458912786	0.7064865108758134	3.797185410987293	-9.794283869462042	0.8389267505076776	33.12460144991515	1.0
546000	-14.836069062798568	-6.382795010441672	-8.453274052356896	-7.938909784144441	1.5561147737027685	0.6518019888557075	1.853826068898143	1.7602123756232582	-5.011339521602377	1.0126361894110025	6.182945014158159	1.0
547000	-9.954479040938814	-1.9167579096062157	-8.037721131332598	-7.912183256431617	5.995425346825401	0.616701710718812	0.931355023402453	2.651902608716794	-8.491583144516689	1.133873591716433	48.06850666719067	1.0
548000	-9.570326221989266	-1.9238419266697235	-7.646484295319543	-8.057288295225808	6.1334463685560845	0.7266788232875051	0.5019978113564779	1.4764209126972037	-8.659584888815747	2.2869600607085485	37.686711876815934	1.0
549000	-12.804260162851104	-5.581845691137496	-7.222414471713608	-8.04147939374899	2.4596337026114936	0.7202099570320109	0.5357298156290299	1.8757074094397639	-5.441914521314818	0.7109905428078824	17.662665305278384	1.0
550000	-13.002893418740701	-2.599728429588972	-10.40316498915173	-8.753154493842118	6.1534260642531455	0.34106836159884996	0.6091483324373058	5.816204641897856	-8.261813008322076	0.41906585738739976	13.290379586154517	1.0
551000	-13.035180496336366	-5.4153538441162805	-7.619826652220086	-7.756483407737405	2.3411295636211245	0.4379299990233738	1.3625065359721367	3.071899974512455	-4.885987281073321	1.0129910071437742	9.770802790933297	1.0
552000	-14.098993015429848	-5.357309006342848	-8.741684009087	-10.585944636732876	5.228635630390028	1.5966638152895003	1.0204069878330109	-1.9020165412650145	-6.798093545871093	0.6293661155099406	15.977197459085295	1.0
553000	-11.94155151229018	-1.4780214457660517	-10.463530066524129	-7.809744966045873	6.331723520279821	0.36450175927080025	0.6040763303032324	3.5793307777288854	-8.73424621350626	3.0230686277682532	7.568540226091167	1.0
554000	-10.198943442397498	-2.8480800453646804	-7.350863397032818	-9.16362581570402	6.315545770339339	0.18776218353101723	0.5514863821810425	7.275318327182234	-9.410943368858339	2.7834945879216453	37.85409011923134	1.0
555000	-10.986789886802626	-4.037426404210619	-6.949363482592008	-8.783764813313292	4.746338409102673	0.3658043364211555	0.4261286611224229	1.5881029113814882	-7.525587136355961	1.1318127162198353	20.521319352615375	1.0
556000	-12.306835989135658	-2.128252985369272	-10.178583003766386	-8.10570827541299	5.977455290043718	0.37728007820292986	0.7557664078115298	4.874047534733118	-7.721389549073082	0.6324063909633333	9.31308371702017	1.0
557000	-10.820448975195818	-2.6738556611270425	-8.146593314068776	-8.281165459444344	5.607309798317301	0.7718014416806838	0.9877066779493318	0.6335397243720978	-7.227971414496286	1.4449669842145827	56.746856028371	1.0
558000	-11.257960688374649	-2.869498728348069	-8.388461960026579	-9.224261308697036	6.354762580348967	1.0058360085006812	0.6018967362973107	-1.1455018612713612	-8.894775834002969	0.775569546961113	26.465063297053856	1.0
559000	-11.83865533883608	-3.4510180327890767	-8.387637306047004	-8.646361772079013	5.195343739289936	0.28862845864994147	0.20346707937246708	6.092013444059313	-10.90848753832343	1.1608486536822376	25.786042753983963	1.0
560000	-12.733404285129751	-4.325624624041611	-8.40777966108814	-9.627218168013298	5.301593543971688	0.813522896111483	0.5425331683287675	-1.588633330946546	-7.464918555036905	1.5197223350787585	9.368411160973556	1.0
561000	-11.243150853098046	-3.125146236419331	-8.118004616678714	-9.197759997563583	6.072613761144252	0.5743077964508725	0.8320528599816311	4.596284610070738	-7.883744781273909	1.2106315452748722	22.61568918117373	1.0
562000	-11.39321884485507	-4.552639798140037	-6.8405790467150345	-8.461768624497646	3.909128826357609	0.588483457147391	0.19458192712577174	0.5616650502681204	-9.222424589042724	1.7954804837324099	50.520168431357554	1.0
563000	-13.925856740491746	-4.163438362993091	-9.762418377498655	-9.704202385542787	5.540764022549697	1.3508753508498808	1.1488284019798045	0.05181498907307419	-8.160501107362274	0.24830964248798806	28.599528052914533	1.0
564000	-16.814590719494372	-6.435808636727065	-10.378782082767307	-11.96638944395911	5.530580807232046	1.8171755551309416	0.975075897279596	0.3074450591865149	-7.115969703385739	1.0604003641416673	6.677841683593643	1.0
565000	-17.053167394636322	-7.846587371976667	-9.206580022659656	-10.339579464273088	2.4929920922964213	1.1563581940931036	1.1811032938747703	2.243162811274426	-4.8620149153106595	0.8728670589571507	3.871500748198223	1.0
566000	-10.987056309966372	-3.119583199914496	-7.8674731100518756	-7.802478127487997	4.682894927573501	0.5511910033856516	0.8839752637197075	2.4046210632979585	-6.317004932946152	0.7677581137552411	11.861059766276563	1.0
567000	-18.622035898265736	-6.675760281196856	-11.946275617068881	-7.804116769982906	1.12835648878605	0.5280514242927392	2.1444593182836464	2.3696814958097114	-8.212165873762842	0.42754144209450684	6.834785663727415	1.0
568000	-13.708126879313728	-5.189109259700302	-8.519017619613425	-8.122536460831167	2.933427201130865	0.7655488173000478	1.8077671699648983	1.5525507332462682	-5.909748953189641	1.2177526115500088	15.801934203781842	1.0
569000	-12.245344465724095	-4.797514985906669	-7.447829479817425	-8.261349490176798	3.463834504270129	0.8084726929280649	0.7720935565310135	1.7954223856371705	-5.562597341378371	1.5177926668483426	9.548110110172667	1.0
570000	-10.316012227686898	-1.7738802928872408	-8.542131934799658	-7.743376678998896	5.969496386111655	0.46824729960652395	0.7907566640791658	3.0945996343407636	-7.687618377849613	0.817874275022245	156.4972703828867	1.0
571000	-11.65119458576068	-3.6445033428833344	-8.006691242877345	-9.941933402733994	6.29743005985066	0.8017393585308803	0.5941087388771826	-1.9175121006587204	-8.636614348049935	0.9813810764242515	26.097655308315286	1.0
572000	-11.491056165382219	-3.142995552828677	-8.34806061255354	-7.761808292607688	4.618812739779011	0.5026168401646813	1.2773489961692293	2.750803434183473	-6.446049225206263	0.6309120466523578	12.829803148220522	1.0
573000	-9.514136860379882	-1.9621096505315698	-7.552027209848313	-7.7789095896691105	5.816799939137541	0.43784058035923445	0.2991815061122159	3.7161200816747035	-10.386774011518641	1.4718145686240902	146.50424497554673	1.0
574000	-17.03279755031825	-7.362860065122314	-9.669937485195934	-13.585989318217612	6.223129253095298	0.2682148005390783	0.6663310981693281	-1.6499534704528505	-8.271025144560385	0.39587086419144185	11.11175874740616	1.0
575000	-10.776534269428051	-2.1240140718522484	-8.652520197575802	-8.424005999561036	6.2999919277087875	0.2820641617578871	0.7295150696443161	3.187282342013992	-8.702667308049962	0.6613035239389159	154.59105784674964	1.0
576000	-15.630450412510632	-6.953637717941561	-8.67681269456907	-9.304387452416279	2.350749734474718	0.2731822529296551	1.5886309166692203	2.11549051878688	-5.123656433084977	1.5783043072264977	106.59039107373069	1.0
577000	-10.269126832321447	-1.4993405945646394	-8.769786237756808	-7.8498418561337875	6.350501261569148	0.43414655982059613	0.5766785130857812	2.6562614349172566	-8.95479771895181	0.8199496025838312	14.332834299305349	1.0
578000	-9.985366018106276	-1.8207016889846717	-8.164664329121605	-7.7729556401097195	5.952253951125048	0.5149974602661637	0.5673497802765733	3.001842758294684	-9.965533698431393	1.1743975699300344	25.176272004786135	1.0
579000	-11.194246189464234	-3.0010288707891917	-8.193217318675043	-8.074419366061809	5.073390495272617	0.7369945819986264	1.0676191546442415	1.4537825083709652	-6.668212025822225	1.6021309594585802	12.248759632517077	1.0
580000	-12.927039235231085	-5.474036416141229	-7.453002819089856	-7.747302495594192	2.273266079452963	0.45424977926241245	1.2020249247463195	3.049940557691863	-4.745694265634466	0.7703839341736648	11.770977455998395	1.0
581000	-13.049885648863608	-3.022417130653597	-10.02746851821001	-8.46620125890424	5.443784128250643	0.4048602680066765	0.5340411672269391	1.658723099626479	-7.633846618828077	0.6072618299278831	6.403719982452695	1.0
582000	-13.313794455196183	-4.236022535820828	-9.077771919375355	-8.196695497063523	3.960672961242695	0.48653801318189044	1.6577492671786003	4.266056807337882	-7.828822895322038	1.3365432747254773	20.611481840957566	1.0
583000	-14.043049481722804	-4.5913310736523965	-9.451718408070407	-10.299198061322729	5.707866987670332	1.3540911301099647	0.5251914734511293	1.135432852012749	-7.948724923326427	2.0490650992862673	11.814356842358757	1.0
584000	-13.776746438529413	-4.648106925267955	-9.128639513261458	-9.668611828134875	5.02050490286692	0.5787807230836869	0.23048657535973047	-0.9160708461669513	-9.788703296315253	0.4779768091977259	19.785895605913687	1.0
585000	-12.87569437842799	-3.399613217712253	-9.476081160715736	-8.889517846847536	5.489904629135283	0.9050820291435777	0.717565048429955	2.289833080086295	-7.192508925787775	1.1548529210652028	6.917586958472356	1.0
586000	-11.879874073790571	-4.470034211744019	-7.409839862046551	-9.530221451478827	5.060187239734808	0.6330442083691087	0.8240368955017178	-0.9944671531309582	-6.6686311698734615	1.0178740947538216	23.531006699630293	1.0
587000	-10.419732526392051	-2.0507261800744185	-8.369006346317633	-7.821457703461398	5.77073152338698	0.5629950151999124	0.9911171102372942	2.2638171697743914	-7.497814075846456	0.8783530630506309	99.2481032208988	1.0
588000	-11.70912952265456	-3.331825491462183	-8.377304031192377	-8.0842961716303	4.752470680168116	0.4684093431407906	0.2927495994601989	4.232773299275211	-8.607976914119304	1.3398928678392465	399.211173698826	1.0
589000	-11.828630974578157	-3.547613176838408	-8.281017797739748	-7.995546010094187	4.447932833255779	0.6883020837582926	0.7579999807203547	1.5976678802140452	-10.259398116535927	1.4774942648114344	35.570077225333286	1.0
590000	-9.957520544930187	-1.9975563793571993	-7.959964165572988	-7.828362478215166	5.830806098857967	0.52670044886049	0.7625526388788301	2.2432718595215677	-7.5130756802548095	1.6843247106112202	12.428388084352406	1.0
591000	-10.41054242364986	-2.206241199988998	-8.204301223660861	-8.371688829162025	6.165447629173027	0.23244802518810426	0.7137767124655955	4.282302549643968	-9.21183463656354	0.6959070515169962	39.463715077991495	1.0
592000	-12.208186528589248	-4.2789682828593465	-7.929218245729903	-10.473259182988372	6.194290900129025	0.5219040540112437	0.4626529023071597	-1.4196133652039755	-9.056758730971302	0.804594350758916	26.43112133551292	1.0
593000	-11.732807992992687	-2.7574041361646433	-8.975403856828043	-8.413047239587883	5.655643103423239	0.8906765730972924	0.458135455298848	1.290710968665263	-10.559512332704529	1.0045375280201845	20.372922759258262	1.0
594000	-10.792508834505135	-2.3371885263399825	-8.455320308165152	-8.57046622446142	6.233277698121437	0.40465005789448033	0.7297033942304417	5.219130971573313	-8.240551635002731	1.3418203480358066	16.527869460580202	1.0
595000	-9.707950873751543	-2.135363688887254	-7.572587184864289	-7.772626317008506	5.637262628121253	0.4859457394117886	0.8506881886294642	3.31150679491398	-7.222410335230588	1.9577591629654867	27.592023464128687	1.0
596000	-13.773017009354836	-4.803206333944425	-8.969810675410411	-10.474789714428729	5.671583380484304	1.117515218686507	0.6838138161703734	-2.7527904611926206	-7.4405524200829944	1.0924000678122714	10.540077825792377	1.0
597000	-10.863360162154143	-3.3861401112971405	-7.477220050857002	-8.648453729920856	5.262313618623716	0.715682939755057	0.27255370368489706	-0.09258343451442341	-9.432699716186214	1.4224350705731639	27.224792615493044	1.0
598000	-15.253109302241704	-2.489501020549527	-12.763608281692177	-8.575392114678184	6.085891094128657	0.8355235423368865	0.8946840412205965	2.323698257284753	-8.100660353918343	0.22620211570495016	6.1872925555796305	1.0
599000	-11.926764799727192	-4.5882929171236455	-7.338471882603546	-8.159620007332299	3.571327090208653	0.24701249909169226	1.069101455947095	4.53379570438043	-5.492085170306656	1.317585774386246	17.242809809287817	1.0
600000	-10.663872849721837	-2.651718219554989	-8.012154630166847	-8.981682909965114	6.329964690410125	0.6825696922946217	0.5628228163153978	-0.4980537657293548	-8.886087030676304	2.9202169939911156	42.089919760746746	1.0
601000	-9.818454105359983	-2.2550921446569685	-7.563361960703014	-8.193849599850987	5.938757455194018	0.45869580866421733	0.4202092092376753	4.452521929934052	-8.85214084488673	1.3513693558112185	26.18589482508021	1.0
602000	-10.900007734963483	-2.5667256971561248	-8.333282037807358	-8.733535517288864	6.166809820132739	1.024820488390285	0.4098735099696408	0.7079193840874962	-9.554980549159128	1.7355152736547543	108.17934576491298	1.0
603000	-10.344766122700321	-2.172295318439665	-8.172470804260657	-7.7475336346565244	5.5752383162168595	0.47929024001369597	0.8093521154465984	2.976794145740786	-7.1743496643176	1.6022939464454402	150.17630573382218	1.0
604000	-10.763180545585717	-1.472941378743199	-9.290239166842518	-7.828253150261291	6.355311771518092	0.3367413003268083	0.595313765380625	4.200796431475365	-8.924054026459743	1.4247260738513088	10.960185427406827	1.0
605000	-12.37200759191223	-3.7933078792930024	-8.578699712619228	-9.15861688688915	5.3653090075961485	1.1391865138460429	0.8132929973651281	0.8802921555804257	-6.956443946564752	0.5669151071770352	59.46922914408743	1.0
606000	-11.759098644557957	-3.9946445541996543	-7.764454090358303	-8.64284973028867	4.648205176089016	0.543352111622645	1.0222876766413507	0.48831225597879735	-6.266602651737532	0.687816717663181	12.605921339002863	1.0
607000	-11.195260823365157	-2.4279006294639114	-8.767360193901245	-8.60026616635303	6.172365536889119	0.22341663031724063	0.660176375165399	4.0228915966875505	-8.175543750925202	1.691890829375685	9.898110924506396	1.0
608000	-11.122777221559616	-3.989237585445152	-7.133539636114464	-8.11098494385124	4.121747358406087	0.7560052499117498	0.2208657176151597	1.36679079657407	-8.967677555783588	1.8920716919535532	37.07072698712912	1.0
609000	-11.721556518074378	-4.2718431874598535	-7.449713330614524	-8.788444105942693	4.5166009184828395	0.29121272470162424	1.0878011763446385	2.4927735804015185	-6.179725692962971	1.1042261727689666	43.876921475944684	1.0
610000	-16.00758817093803	-6.1322749714982745	-9.875313199439752	-9.37548668333193	3.2432117118336556	0.5949191516957361	1.8509295020684196	-0.6666810792009151	-7.748785284473311	0.905526817187736	8.754779324649068	1.0
611000	-15.320150819074984	-7.069119041173527	-8.251031777901456	-9.156654984594864	2.0875359434213365	0.7012344655887569	1.0776393140830194	-0.7754395353720906	-4.60510705119823	0.4597673615604539	4.174149566803897	1.0
612000	-13.143675718434162	-3.395209334753412	-9.74846638368075	-8.292454177187398	4.897244842433986	0.4820135781348911	1.3455549501371822	4.414774144357737	-8.164155826705459	0.2778018251637161	29.712168883771596	1.0
613000	-11.523085397020427	-2.6041591686045216	-8.918926228415906	-8.096891672058613	5.492732503454091	0.7059396618884435	1.0613374708102243	2.3848759325275557	-7.15880418386963	1.0504687536559518	9.15852159662486	1.0
614000	-12.925370535208595	-4.4534921254286495	-8.471878409779945	-8.500377812047372	4.046885686618722	0.6892121427437455	1.3954078766390148	0.20634132685758755	-6.088412319572966	0.5549111085953149	51.29422308606412	1.0
615000	-9.975849823240027	-1.504878350396428	-8.4709714728436	-7.861787823503842	6.356909473107414	0.5703198865922856	0.618373258434793	2.0167784077218824	-8.89967554638064	0.5289267377930501	44.07595355900325	1.0
616000	-13.182469863190548	-5.842267586186747	-7.340202277003801	-8.130154658883484	2.287887072696737	0.5464980029374221	0.9493183067721945	3.753785103483086	-4.726511189186685	1.2755107113368187	35.38669173949943	1.0
617000	-11.176219434859412	-2.918981958940382	-8.25723747591903	-8.468927817292872	5.5499458583524905	0.35471805321282496	0.8415052720476313	2.1460320628987715	-9.423250207361841	1.0070222776483073	21.713667926169663	1.0
618000	-12.238520348001266	-3.431028917534414	-8.807491430466852	-8.862600554312934	5.43157163677852	0.29497055174975584	0.8466247500934441	2.339332862777759	-7.0001385990714855	0.91783001190066	7.217354879545815	1.0
619000	-11.682639699373096	-3.356565200187413	-8.326074499185683	-8.037768988024428	4.681203787837015	0.3291207357265109	1.1088366816832538	5.040295872565901	-6.328909709645903	0.548761800107762	28.3867264196104	1.0
620000	-11.605329370281206	-4.443219630453623	-7.162109739827583	-9.045253762035564	4.6020341315819415	0.5049465336881509	0.1489327507031318	0.17486863395716812	-11.867186199212886	3.9487602760247085	38.08906086560467	1.0
621000	-15.149869231094872	-7.411821502870396	-7.738047728224476	-13.071706962436263	5.659885459565867	0.7784675003901487	0.47139319361339255	5.156398005185882	-8.150264068385395	1.6195418121479301	44.883461802355214	1.0
622000	-13.424470534148824	-3.892235612195119	-9.532234921953705	-9.334236664337068	5.442001052141949	0.7260328455904307	0.8872836105864761	-1.058733798448825	-6.996403631448128	1.142619500044143	5.725375437725414	1.0
623000	-12.849571961657603	-4.857510876181367	-7.992061085476235	-8.452384871697653	3.594873995516286	0.5720839711638559	0.6609809470423802	0.6418661951156444	-10.843659504665537	1.4374406390770607	46.63640331893531	1.0
624000	-10.783040488056365	-3.3360713506361606	-7.446969137420204	-8.383192411597364	5.047121060961203	0.5172468090761075	0.7546779072345867	1.0099934593179576	-6.732458190381798	2.710940976482925	27.273724841119964	1.0
625000	-9.942567898152149	-1.879441096704725	-8.063126801447424	-8.043290685611076	6.163849588906351	0.6526920604622943	0.8258296538697911	1.2814600941126477	-8.675045950690013	1.1086752809442901	69.16179344366151	1.0
626000	-10.085138331294615	-2.0090766756514356	-8.07606165564318	-7.870602180005527	5.861525504354091	0.4158829426230765	0.9513695102396317	2.740357483150823	-8.678951851946934	0.8757901884871745	58.19701646075356	1.0
627000	-14.024958214048043	-4.444091236457446	-9.580866977590597	-8.237375895606506	3.7932846591490605	0.8210560561353403	0.6495721250570344	1.3083111375324394	-5.986094810768492	0.9314215060960286	3.8429817990653032	1.0
628000	-10.96270206070173	-3.029316327229184	-7.933385733472546	-9.027622958165825	5.998306630936641	0.5382743755471784	0.40404946474658426	0.011235229580446426	-10.319564856751962	2.1688945937397976	209.85353242088422	1.0
629000	-10.099391340809726	-1.7305604147298723	-8.368830926079854	-7.938267577427453	6.207707162697581	0.3867377244615274	0.641401335912328	4.514745678325331	-8.2852972590927	0.9672365838709877	16.812008000990616	1.0
630000	-10.214116942929142	-2.5066808794637003	-7.70743606346544	-8.633274554134033	6.126593674670333	0.17962295894478092	0.8407534130597099	5.294726231221939	-8.042070003944158	1.4830071778796632	23.147044648772923	1.0
631000	-14.100312240423474	-4.376806537966175	-9.723505702457299	-8.657588000605113	4.280781462638938	0.9797019685789067	1.3494681843990306	0.1851081692707709	-6.228902851515096	0.4268737856781235	5.602747598434535	1.0
632000	-10.959924978298076	-2.5306128716869294	-8.429312106611146	-8.233601255164277	5.702988383477348	0.818870871664776	1.0826907238510262	1.3560446272490885	-7.648083085074172	0.8358599637884598	16.27007086232515	1.0
633000	-9.531833574991353	-2.619519942174162	-6.912313632817192	-8.157393454133583	5.537873511959421	0.38040565230512674	0.5871619400589556	2.4004018057452012	-7.541465652557692	1.9970803748847665	21.462314454807103	1.0
634000	-11.886688735933173	-2.7023053983292495	-9.184383337603924	-7.827926200657631	5.125620802328381	0.5112674667993544	0.2765699602324923	2.2932862360636683	-11.523528249673568	0.47713103932270295	36.40794244965999	1.0
635000	-11.019632614252986	-2.627322538284032	-8.392310075968954	-8.68638063698313	6.059058098699097	0.3993702091427772	0.8772572748243476	1.3961963866921527	-7.921383453712582	1.922011311380688	187.76729176111385	1.0
636000	-11.888869428310771	-3.6416547871724454	-8.247214641138326	-9.73217910250675	6.090524315334305	0.42729531713263097	0.3769858156546754	-0.050158905506622053	-9.744810492061747	0.6315024893221604	30.093355607824936	1.0
637000	-14.707786369812137	-7.176684737746219	-7.531101632065919	-8.071387198136676	0.8947024603904579	0.6970185884753557	1.160589562965488	2.392760211273549	-3.997641030878583	0.7736846127058284	5.166716939352124	1.0
638000	-12.816183501585748	-4.961016922018564	-7.855166579567185	-9.906071625170231	4.945054703151667	0.36412606531981756	1.2677993690407363	0.3401761575828153	-6.799513961022176	0.6887720588093931	21.103887076391928	1.0
639000	-10.738123008075611	-3.1951960982401104	-7.542926909835502	-7.913216257875575	4.718020159635465	0.6467589030246891	0.7153000685514392	2.0374032702278972	-6.524776755701857	1.3101113513831457	11.64757901240942	1.0
640000	-15.167334178573341	-4.939240942445078	-10.228093236128263	-8.567063700264788	3.6278227578197093	0.8258659402548417	1.663018644416061	-0.032397313484545	-6.226521075640926	1.6620386706530503	5.41377596144907	1.0
641000	-13.277899067204208	-2.6924241270710976	-10.58547494013311	-8.875136009276856	6.1827118822057585	1.0207307495643367	0.7753496990366353	-0.3744418070442269	-8.910758634896121	1.3316063847925794	8.254823156625855	1.0
642000	-11.660431506198927	-2.7140846854269007	-8.946346820772026	-8.99956457663473	6.28547989120783	0.7646585646794376	0.5320133669291047	-0.7071353043943613	-8.86759946406658	1.444007918487941	11.102795436197843	1.0
643000	-10.885721667421327	-2.3533060059746447	-8.532415661446683	-7.899574518764512	5.546268512789867	0.6375783109371764	0.9790185836895153	2.1594917555916684	-7.1386348474917245	2.682051746239195	24.8787112390375	1.0
644000	-10.080317964216608	-2.171579884313359	-7.908738079903248	-8.14390360480554	5.972323720492182	0.4233077890724833	0.9504477846950677	2.0383830314595333	-7.897583274720473	1.317101956831696	16.614409963626866	1.0
645000	-13.311079478555662	-3.174475150669963	-10.1366043278857	-8.528434181862286	5.353959031192323	0.9410529021717864	1.2014605361121595	1.063210711323707	-7.276715487829405	1.614900503019763	7.0282790064661365	1.0
646000	-12.655076036895558	-3.9415101711068985	-8.71356586578866	-8.91913101296127	4.977620841854371	0.6511723876184119	0.46045802724647517	-0.32075855905140344	-10.974964834515507	0.6324491861851147	36.082234689388365	1.0
647000	-10.421716438600608	-2.4592702777931557	-7.962446160807453	-8.701516281430104	6.242246003636948	0.9585183812989977	0.46229052183071306	-0.10894959390534831	-9.230946239108428	1.3620692919324342	31.10009997334519	1.0
648000	-14.760054949575082	-6.279330500329483	-8.4807244492456	-11.296217075481113	5.016886575151631	1.4678620897050823	0.8310201984065558	-3.3455018767983806	-6.625715269526516	1.0721707245523537	29.142671493222796	1.0
649000	-10.888052267419006	-3.2515623752884357	-7.636489892130571	-7.773099366454922	4.521536991166486	0.40427973958682356	1.1624408456488333	3.276234823666589	-6.228929428904514	0.9535128715216877	24.932991379211256	1.0
650000	-10.189790436473574	-2.835736843509972	-7.354053592963602	-8.297840927149116	5.462104083639144	0.43218047964088036	0.615718092411707	1.696958254736589	-7.382715746692202	0.9393135708240777	40.067533238102754	1.0
651000	-11.336721903161225	-3.451236598220186	-7.885485304941039	-9.17427458341643	5.723037985196244	0.4577803494741674	0.3543989174713524	0.3283605992227091	-9.097587149785014	0.7671613769575987	79.07529228447696	1.0
652000	-12.287663306025935	-4.2049078878637935	-8.082755418162142	-9.962266572619138	5.757358684755344	1.1157263247797782	0.6067633746825098	-2.14954756584041	-7.718550976375755	1.141472808253238	22.332074680199174	1.0
653000	-13.578488716524339	-3.820699011034332	-9.757789705490007	-9.386039243042006	5.565340232007674	1.1378700141094058	1.0629336716574582	1.356669396623956	-7.274169709157939	0.20803844457534584	23.49788042365982	1.0
654000	-10.634780067555068	-3.1368023221780703	-7.497977745376998	-8.16110707676842	5.02430475459035	0.6170968588492494	0.426720361503064	1.024273620230463	-7.763971641079296	1.1286778212723998	15.423171157622756	1.0
655000	-11.234831023508901	-1.8264348917854338	-9.408396131723467	-8.150529608738973	6.324094716953539	0.5777996415999026	0.6877449504492233	3.560214117473148	-8.609723196108263	1.6207100247190815	10.49885648012445	1.0
656000	-11.898301304242286	-3.956165207971214	-7.9421360962710725	-8.339442004400212	4.383276796428998	0.3145448767318946	0.8243651651763262	2.8473570624041002	-10.096439773782253	2.3001111972931154	33.68226622888726	1.0
657000	-12.610760059446914	-2.482143515002761	-10.128616544444153	-8.823531725015245	6.341388210012484	1.0188271174278116	0.655873324881826	-0.22112514051345655	-8.710313540258431	2.1453203440359445	9.571827993044979	1.0
658000	-12.08014618499103	-2.110331379862159	-9.96981480512887	-8.174015017346111	6.063683637483952	0.4344942227472553	0.9051480373639872	1.894130282082192	-8.44447623650576	0.21994058038460787	21.53899081614845	1.0
659000	-10.002239391049596	-2.1930607101622224	-7.809178680887374	-7.844623820090701	5.651563109928478	0.3390406699052405	1.0161694539066959	3.8135500096793367	-7.331670620106586	1.0363214414495385	22.20330113753883	1.0
660000	-10.034940568990432	-1.9736574110348668	-8.061283157955566	-7.830339024178813	5.856681613143946	0.5641583253915587	1.0248867833643467	2.197837558780771	-7.902562479249093	1.174367090882196	63.220532969848634	1.0
661000	-11.063927743805825	-2.28330097512673	-8.780626768679095	-8.377868666155825	6.094567691029095	0.5752819155290363	0.7461125508051506	0.7501936229613353	-7.92184328078639	1.9833439504849886	9.084498343827937	1.0
662000	-10.733630674704308	-2.9440098204150855	-7.789620854289224	-9.249281436240365	6.305271615825279	0.5950681671401369	0.5737000697424041	4.505150486684283	-8.736532106965418	1.336791521398099	32.35859902201766	1.0
663000	-11.219018324075689	-2.171134053657406	-9.047884270418283	-7.9012756231976	5.730141569540194	0.6382369133899738	0.4271012508888884	2.050684314989578	-8.501842157529182	1.0225394219632669	9.866454925174237	1.0
664000	-9.285776640428296	-1.7296967158833905	-7.556079924544906	-7.997500215769849	6.267803499886458	0.35681533925198416	0.6881609591449807	3.0026521235246357	-9.098876146649133	1.75153270014833	89.82275970607658	1.0
665000	-11.205239751604822	-2.537048697710569	-8.668191053894253	-8.328867829456158	5.791819131745589	0.6442919585703395	0.7768559344786445	0.6159389735220835	-9.435783215686667	0.9805400929801905	17.721477808837072	1.0
666000	-12.99235431777057	-5.6227436739826855	-7.369610643787885	-8.593905560038573	2.9711618860558877	0.9069527352741922	0.2684680456164867	1.757775444908312	-7.434730680084158	1.2630329471897674	17.926697107449606	1.0
667000	-10.82646090441371	-2.709064557157225	-8.117396347256484	-8.85715261364418	6.148088056486955	0.8953585933769266	0.5546447723861406	2.3131984557120098	-9.767830266814476	1.3080377594080934	51.65261080247146	1.0
668000	-11.8673756124238	-1.721564435920147	-10.145811176503653	-8.079878644803884	6.358314208883737	0.7133511203973472	0.5941643072238607	1.2319459337581387	-9.023416710702467	0.2687742109756994	16.3699424091659	1.0
669000	-20.86278666991077	-6.459944739897646	-14.402841930013121	-7.946321039754954	1.4863762998573078	0.29385105727356947	1.1781193703989206	4.823335431455146	-4.30805604686776	1.7623135245563952	2.0095611777859	1.0
670000	-12.393204832408973	-4.0302080964817995	-8.362996735927174	-9.796601284629363	5.766393188147563	0.9510252123660893	0.2941661607285417	2.898756763795149	-10.089291324663234	0.855209240086159	33.97244446089241	1.0
671000	-11.616212388664314	-4.535988581196047	-7.080223807468267	-8.01294530102031	3.476956719824262	0.31825698032320554	0.1725161033075534	3.492063517205712	-9.269573227757775	1.2537370423151746	28.189543472525525	1.0
672000	-13.922418960945624	-7.0427973239029	-6.879621637042724	-7.858737517197276	0.8159401932943755	0.5901975600434809	1.0758846799577486	2.055308837292787	-3.934856038018385	0.9991556288768112	15.4496232132914	1.0
673000	-15.433188150670613	-8.174463822561233	-7.25872432810938	-8.610932196543596	0.43646837398236293	0.8864547500384136	0.6075348651182626	-0.06462940274551054	-4.084165492462839	0.47489241084267814	5.494684440290761	1.0
674000	-12.108817089524557	-4.244579058922441	-7.864238030602115	-8.942527974138978	4.697948915216537	1.1017602491482146	0.7730335621417695	0.5000240283500161	-6.425216337254675	0.7386861378576477	22.26162616315263	1.0
675000	-12.868796526230383	-3.865453725698198	-9.003342800532184	-7.913776000560591	4.048322274862393	0.640697675322411	1.1178654211917851	2.312858533053477	-5.833558874337364	1.357163039357635	5.2867130854779	1.0
676000	-10.193398700221794	-1.7821775354805975	-8.411221164741196	-7.88944968584729	6.1072721503666925	0.5319949457982233	0.64849478102882	3.3779063293127134	-9.53153620373787	1.3402371266386865	19.689635817824012	1.0
677000	-9.80442542542226	-1.6551502198578367	-8.149275205564424	-7.834633198158483	6.179482978300646	0.4139084146321697	0.8282191979658966	2.880524375001438	-8.586814758843923	1.0302416499849354	19.197228205158847	1.0
678000	-9.527103375973393	-1.5884328194921906	-7.9386705564812035	-7.797952552906958	6.209519733414767	0.5504536842173603	0.6995029316220791	2.4595976426412482	-8.195570853775829	2.672866392843751	23.040512945268734	1.0
679000	-13.416337581208586	-4.745696317729983	-8.670641263478602	-10.587678526544897	5.841982208814914	0.7888167236703157	0.9752658498058617	4.190155713856455	-8.591608086016834	1.7635856654584916	60.14153900045671	1.0
680000	-10.865718111490036	-2.6454159357582228	-8.220302175731813	-8.47753110963862	5.832115173880398	0.42989633819929635	1.016943643661621	4.961422951641082	-8.353151273950873	0.9038940692791864	57.49160359253666	1.0
681000	-15.320323082709411	-7.149654172691911	-8.170668910017499	-9.916112937317333	2.7664587646254217	1.2221988846473746	0.48575726826533844	-1.9660629879127003	-5.817793773944504	0.4647904468541929	28.083680220965245	1.0
682000	-11.55107330192385	-3.5333029802189095	-8.01777032170494	-8.9606719948918	5.427369014672891	0.3139108624714636	1.2176087465019203	1.9578368947384104	-7.814107329699019	0.7723500265849632	33.771756027426505	1.0
683000	-12.518411628580836	-2.4728929144155147	-10.045518714165322	-8.082517090257353	5.609624175841838	0.6511867765756885	0.8295490947308348	1.1621844397697085	-7.1995941218418125	2.1489785239694843	5.477409906529482	1.0
684000	-11.373908171810342	-2.0215584924953154	-9.352349679315026	-7.966669218493203	5.945110725997887	0.6186052391829883	0.8340305836849268	1.55482413941391	-9.065510260309251	0.5682862331597491	14.752942194220083	1.0
685000	-13.443054589636864	-5.647221826402307	-7.795832763234557	-8.814745389924791	3.1675235635224848	0.8909881880287681	0.7467969084766389	-0.4984313861320976	-5.4080843403907926	2.24601666794732	8.25061207138472	1.0
686000	-12.965094806726064	-4.939389848410278	-8.025704958315787	-8.683443296258874	3.7440534478485956	0.9799500495897085	1.2376833146889221	1.2305891893199687	-5.684135211838741	1.2342698704770074	12.762668470122737	1.0
687000	-11.756628497436335	-3.836670769691618	-7.919957727744716	-9.958389967416512	6.121719197724894	0.5178078322860495	0.6180386230763906	-0.8971228566171314	-9.61206482514251	0.8977302223558105	51.61909498339796	1.0
688000	-10.955095950726768	-2.257242143287108	-8.69785380743966	-8.412689439395205	6.155447296108097	0.6132166938506517	0.8573825377078693	0.5548060621532132	-8.365468281588143	1.1699240576285241	11.758884025506752	1.0
689000	-12.395698583547118	-3.6840016690249193	-8.711696914522198	-8.684996595046535	5.000994926021615	0.3360422629695022	1.3626935400322482	2.0470053389508274	-7.259112010466387	1.3609486693595276	9.833025834705003	1.0
690000	-11.430213929302036	-3.29429089223469	-8.135923037067347	-8.255256982647381	4.9609660904126915	0.590129975559977	0.8990413660162131	0.9124327111714843	-6.538532659409609	0.47140304967730084	25.262539323788594	1.0
691000	-11.179306517025818	-2.6174314590519376	-8.56187505797388	-8.635246895055873	6.017815436003936	0.1703827328694822	0.7679141608186326	6.364662837618986	-9.224443244383822	0.7964629016517746	174.42416451141793	1.0
692000	-10.976215409497328	-1.8474456631371536	-9.128769746360176	-7.994048668629862	6.146603005492708	0.5182689165918272	0.40036401520749937	3.7252999775682447	-9.901780612687505	0.4416280633267379	30.569958025221975	1.0
693000	-11.846726863830904	-3.3227494910972	-8.523977372733704	-8.818581706064466	5.495832214967265	0.9762122906766406	1.1720276960792797	-0.37479376279611193	-7.505256247085423	0.5826839223642146	33.44935620477785	1.0
694000	-12.930096425693	-4.704446243472438	-8.225650182220562	-9.798653981624811	5.094207738152374	1.146494995651373	0.7957966307634449	1.8213171265581751	-6.724272539155239	0.5922489638869826	23.381378747470112	1.0
695000	-10.184665864744568	-2.0454996237242735	-8.139166241020295	-8.251015007955683	6.2055153842314095	0.7889544662254024	0.6902850103671975	0.7816979933477395	-8.19676053660369	1.4921474078130403	92.61602662458716	1.0
696000	-12.181251000755813	-3.6835471260115042	-8.497703874744309	-9.180041061228263	5.496493935216758	0.5444085378705454	0.24414732521403895	-0.20306984231674047	-10.503198848642294	3.6934612149883583	15.148500066410929	1.0
697000	-13.471697506613353	-5.013585675839866	-8.458111830773486	-11.19359606699322	6.1800103911533535	0.9014628335993969	0.6795375944444528	3.928951232348081	-9.315785363598716	0.8417427354931302	59.459929046471885	1.0
698000	-13.940691388459259	-4.7595175977792685	-9.18117379067999	-7.998759126675081	3.2392415288958123	0.603959733493912	1.425774461059029	3.062206715459984	-5.508468131525905	2.1865570873463853	8.543119089146396	1.0
699000	-10.481434865863552	-2.1444902028665025	-8.33694466299705	-7.83093275503051	5.686442552164007	0.3935251519063015	0.32849888006651906	3.0968261876762235	-9.329008325580931	1.0808324067553896	303.35005964317287	1.0
700000	-10.603544350454872	-2.7311083858607024	-7.87243596459417	-8.520505551634052	5.78939716577335	0.8629151816640794	0.42814948825071164	1.992468657935198	-8.572461042216805	0.9334338846232053	30.04998797985468	1.0
701000	-9.698082285095435	-1.5850630163433923	-8.113019268752042	-7.749015915607558	6.1639528992641655	0.48106451018102814	0.8375046156623154	3.123149074785835	-8.183330670332973	0.705391347731231	38.43956882434194	1.0
702000	-12.878694027685256	-4.961370940038153	-7.917323087647104	-9.02746778354945	4.066096843511298	1.1280215189157057	0.26025175033197245	0.5175996082662929	-8.370768129870141	0.9320757311518892	23.929985231890253	1.0
703000	-9.246166355637936	-2.062024413915686	-7.184141941722251	-7.833869299119433	5.771844885203747	0.38518865372821903	0.3578971991271072	3.1778102781274367	-10.704748346646756	2.158478466645135	37.829850767178115	1.0
704000	-11.324833296111814	-4.585243408127204	-6.73958988798461	-10.474342455966589	5.889099047839385	0.1853678113576852	0.5290977701072783	2.5539450038036233	-8.152156164605765	1.437963586282416	33.50383951174291	1.0
705000	-9.974054545602211	-2.0518527287829444	-7.922201816819267	-7.976448309076649	5.924595580293705	0.28177013399288087	0.8506583477701067	4.418085694080538	-7.612932438780522	1.440192367985039	133.25351097473904	1.0
706000	-10.862454256575184	-2.4755343209787375	-8.386919935596445	-7.777854842122503	5.302320521143765	0.3875000509892695	0.5946529529155493	3.947362577748095	-7.291276092584543	0.46890991199615323	45.62379742527044	1.0
707000	-9.120770327991423	-1.9268709433083533	-7.193899384683069	-7.994897832077713	6.06802688876936	0.3188172527865163	0.38941173479648405	3.5359393536018278	-9.42523377862663	1.6051497555459764	27.212718352204494	1.0
708000	-11.022857797824841	-2.183952441376345	-8.838905356448496	-8.005000689718532	5.821048248342187	0.6958520272807159	0.9813269625758329	2.065151610663218	-7.579068741360075	0.6379282934010383	12.186990758966848	1.0
709000	-12.310938473604546	-3.826822507066259	-8.484115966538287	-8.974444941822604	5.147622434756345	1.1033217309149788	0.7232334485105839	-0.18637433774598194	-6.865247445436182	1.3715596346474348	9.257468945899276	1.0
710000	-10.95552368186205	-2.3327629893302655	-8.622760692531786	-8.642215678530883	6.309452689200618	0.9116699552994377	0.6311003519498734	1.8251937054134109	-9.205497928336259	0.762367975649812	103.68565689827706	1.0
711000	-10.87699753846912	-1.9730425339708546	-8.903955004498265	-8.202351301515584	6.22930876754473	0.6800857453933399	0.4691194120579444	2.8760749601579403	-9.1141876078506	0.6644887359370598	189.39443394796322	1.0
712000	-13.819205389492888	-5.3149218955011595	-8.504283493991728	-9.204966346878102	3.8900444513769425	0.9176906879039309	1.0624016448758582	2.5760896189305695	-5.705739338982896	0.7970443833497415	80.79949562295444	1.0
713000	-12.056311301287941	-2.244986231029639	-9.811325070258302	-8.538125724752804	6.2931394937231655	0.6417240862303611	0.669107985532694	3.6211716363024777	-8.459872708319367	0.7499255456695937	566.8920215684204	1.0
714000	-13.938665028930313	-6.3461344199456295	-7.592530608984683	-9.132291258764775	2.7861568388191458	0.7580158653068946	0.46875132560679444	-0.8752974091509087	-5.902534375571149	0.6809900680133468	41.21970189576326	1.0
715000	-12.33024641011532	-3.5236600264515996	-8.80658638366372	-8.284276342166953	4.760616315715353	0.7760074066496697	1.4618262184628903	2.2296984593965803	-7.542457487398786	0.5329770223265763	48.25095499701852	1.0
716000	-10.83154241105899	-1.8528091985576394	-8.978733212501352	-8.096135236430321	6.243326037872682	0.3676297721163791	0.6994795009642992	4.920461720088651	-8.280501799350446	0.4905858325739008	22.13188116146681	1.0
717000	-9.603400491109948	-2.210461715384394	-7.392938775725554	-7.811991745430264	5.60153003004587	0.5679952905010829	0.528233781206776	2.5699227925925583	-7.8189763697320664	1.1123221635140985	27.18366481204781	1.0
718000	-14.26268100813063	-5.857305151537981	-8.405375856592649	-8.27385290171918	2.4165477501812003	0.8373144405604541	1.2698263311487894	1.1278219583533808	-4.8636439196024694	1.0117093473087748	4.0837984234511175	1.0
719000	-15.603776330190641	-9.469708607966437	-6.134067722224203	-8.143445789731715	-1.326262818234722	0.7761698098576105	0.6486325203244521	1.4758637512719277	-3.0919035005877906	1.3488546191351294	3.298147092896082	1.0
720000	-9.421130396714243	-2.2306281188607615	-7.190502277853483	-8.418461460620305	6.187833341759544	0.3271033782847502	0.5954500126099579	2.549959182583636	-8.367801397481033	1.7401456466349292	79.21736998748551	1.0
721000	-9.47963503865801	-2.5692740236622793	-6.910361014995731	-7.753768256669941	5.184494233007662	0.41562596592663337	0.39287822459521854	3.317409370215076	-8.135382564846593	1.6020061109095654	56.93201419754928	1.0
722000	-10.467478142659818	-2.572922116655488	-7.894556026004329	-8.667804160644192	6.0948820439887035	0.2621636507509963	0.8751337099587289	3.128424972557463	-8.570600054551376	0.8211570788513933	42.18414052139261	1.0
723000	-12.259129922781865	-2.904271140173222	-9.354858782608643	-8.990825840966552	6.0865547007933305	0.9036007868294217	0.9027278094919328	-0.8077026391976941	-8.2350421098184	0.3346357152280157	68.01958821003505	1.0
724000	-13.947210987228733	-5.222390882573102	-8.724820104655631	-9.314388250239546	4.091997367666444	0.4329104741303644	0.20964670936373095	5.56774674656957	-9.124178700197744	2.1292663003939265	12.733970634905207	1.0
725000	-9.82055775812552	-1.8876060957255394	-7.932951662399981	-7.766791411453047	5.879185315727508	0.40998172464621613	0.4096967547808613	3.2583466181187757	-10.47680640506816	0.9137984139348069	42.49792869017775	1.0
726000	-11.043577395573216	-3.385072355713903	-7.658505039859314	-7.941295059743729	4.556222704029826	0.6470495185321817	0.5544959686046741	1.715403285914555	-6.796481868297647	1.7117749667639544	9.490539070497022	1.0
727000	-15.151699777846632	-5.653846835302433	-9.497852942544199	-10.41117351811982	4.7573266828173875	0.4645507442840468	0.5928825530338079	-0.9967008930602795	-6.83262527729042	2.004667368892075	4.368825547724572	1.0
728000	-11.41193312178506	-3.025377437247659	-8.3865556845374	-7.93967570457602	4.914298267328361	0.5853557072508659	0.5272363909398539	3.0652764786171747	-7.182109751631352	1.111912247101327	9.238049352228003	1.0
729000	-13.82161498156407	-4.642815478910936	-9.178799502653133	-9.78168463629137	5.138869157380434	0.9125254657650508	0.2688722782912025	-1.8977903793068398	-9.323853583309496	0.4744561122704331	19.53873713237026	1.0
730000	-10.558001992439912	-3.427049443546556	-7.130952548893356	-8.13129753593972	4.704248092393163	0.5783172701367274	0.1569562330802746	3.5254920664446843	-11.393047594259365	2.6281342661728044	56.433044711852375	1.0
731000	-12.79068955885452	-4.487641911174143	-8.303047647680376	-8.549791828021334	4.062149916847191	0.9316985381084524	0.9015125023518611	0.30632315107734576	-5.849595001079864	0.6344537856806988	7.022470192225132	1.0
732000	-11.846492627065157	-3.502380539399037	-8.344112087666119	-8.19356480246865	4.691184263069613	0.6334654212940585	0.755593759910444	3.220166094714158	-6.442628914058414	0.46560956260407116	18.030216088307643	1.0
733000	-12.362427944960643	-3.1253892411160393	-9.237038703844604	-7.832613689422889	4.7072244483068495	0.3479342547364049	0.8592709123710021	3.718758666091431	-6.350999904437812	0.9080326441091294	6.356494879215723	1.0
734000	-9.222844163258227	-2.0555109519880634	-7.167333211270164	-7.741661061631611	5.686150109643547	0.4592381984316673	0.5102145680130304	3.1589581031082727	-7.989317450852338	1.8512953710652211	22.065869758102632	1.0
735000	-14.620159641936779	-4.249132326392489	-10.37102731554429	-8.006752153257631	3.7576198268651417	0.6450428667128763	1.6462524523359001	1.407002048464816	-6.3235478357126285	0.40835167508755615	4.999822008656424	1.0
736000	-10.16911904288143	-2.259000428286976	-7.910118614594455	-7.795106904807698	5.536106476520722	0.43975832457729297	0.8172268857788139	3.7768515961775035	-7.12673880550513	1.2627684015453589	14.116392152547448	1.0
737000	-13.785389510328569	-6.6819376216085935	-7.103451888719976	-9.280192791899477	2.5982551702908836	0.9225830856471343	0.37515787157979513	-1.256793672430018	-6.281652306183561	1.99054221373791	15.774808457706147	1.0
738000	-11.372420648651826	-3.078916979551537	-8.293503669100287	-7.798511043611456	4.719594064059919	0.5501200764324308	0.5412256766557805	2.4486284084412984	-10.818829293219881	1.3430526557774838	26.887176299263828	1.0
739000	-14.961322457759174	-4.014263176708551	-10.947059281050622	-10.19478618743953	6.180523010730979	1.158011575324313	0.5978519895518812	-2.416585828785837	-8.346056665725511	0.21454721310068406	11.870760180102003	1.0
740000	-10.8953826037473	-2.2731733870555875	-8.622209216691713	-8.030293332904371	5.757119945848784	0.6725696024897024	0.9477661276810507	1.3417851529435654	-7.41002890422191	0.8516403472651114	10.310573040628864	1.0
741000	-9.42274896744672	-2.1562362200136835	-7.266512747433037	-8.508288598512364	6.35205237849868	0.20343853594053762	0.5827021314925895	6.343807509952365	-9.151424142857838	1.9666603377019791	40.261276300845374	1.0
742000	-12.648487723033744	-4.141303881092863	-8.507183841940881	-10.387265517120557	6.245961636027694	0.23617627997583543	0.6290826017993212	1.585101493492872	-9.372775899852707	0.7191682630264611	18.153013150260975	1.0
743000	-10.932252878360313	-3.5699169071551253	-7.362335971205187	-8.189690677366363	4.619773770211237	0.6746053754471224	0.636955340830767	0.8579550729358141	-6.608068427359461	2.1641542615038283	38.75274347961846	1.0
744000	-10.01594688269084	-2.0310285264736976	-7.984918356217142	-7.965291426579173	5.934262900105476	0.64994335092838	0.5200767656670857	1.5885775072541595	-10.125787191319153	1.0623529478889282	76.77131591150335	1.0
745000	-12.453293700982819	-2.6945375418894333	-9.758756159093386	-8.610348006672304	5.91581046478287	0.8873411294277065	0.49110132602994727	-0.06147900460783573	-10.228319179233058	2.654978212741782	444.1886923359663	1.0
746000	-13.187426782671952	-4.2149232582380165	-8.972503524433936	-9.508953413905394	5.294030155667377	0.9113077932136209	0.4546202772027263	2.890378600596179	-7.856836444917587	0.3511703260301332	38.96475496831488	1.0
747000	-10.5296124149395	-2.8649502208853264	-7.664662194054173	-8.911039515099983	6.0460892942146565	0.7053393858341767	0.5833874762762624	3.5838778747055597	-8.165229739233059	1.333424390937139	37.977325256475986	1.0
748000	-18.61846676212945	-8.969162706272902	-9.649304055856547	-12.683680973047558	3.7145182667746557	0.6717508652257764	1.0863881447289994	-3.9499366220616112	-5.590570077886175	0.9616501557146382	5.371796851237346	1.0
749000	-11.895193381516783	-4.282056620319269	-7.613136761197514	-8.499420885240625	4.217364264921356	0.5201239867982634	1.2501895370374234	0.8151059284610992	-6.052914167660109	0.8201700274854972	19.46998872799429	1.0
750000	-11.545889789201581	-3.6658415517896543	-7.880048237411926	-9.115379770759233	5.449538218969579	1.0061931704520837	0.39793521561104095	1.8991679617129644	-8.374382902882026	1.900718239626041	27.26901869252032	1.0
751000	-16.47084572821096	-7.989190284545703	-8.481655443665257	-9.9433557554305	1.9541654708847975	1.3624416118144875	1.0931672205480294	0.5663310156743608	-4.534129995379154	0.6598438997508966	3.5790241406490972	1.0
752000	-14.607161681167877	-5.4808928395284635	-9.126268841639414	-10.33515220394148	4.854259364413016	1.4431550562185107	1.115803131682517	-2.0984523359787928	-6.490462071677405	0.33519353367591653	15.415641754263753	1.0
753000	-10.832935095958032	-3.3142281360775083	-7.518706959880523	-8.100842471325862	4.786614335248354	0.6523068172252157	0.4456838718322354	1.1098045618276076	-7.44961640441787	0.8202804289149083	21.733189150422596	1.0
754000	-12.871620303342738	-3.0256495895329447	-9.845970713809793	-8.432510417191956	5.4068608276590115	0.6003584898072382	0.672848030263443	3.7779159250292422	-10.049120974898624	2.8296426369525594	595.1703995604762	1.0
755000	-11.526520512475038	-1.6528525350776153	-9.873667977397423	-7.857796517228363	6.2049439821507475	0.5132789414127893	0.749913216815459	3.437363416219016	-8.979790289302082	0.8825371850883937	10.762836856520996	1.0
756000	-11.661115389177414	-3.724217367106399	-7.936898022071016	-8.558483834488166	4.8342664673817675	0.9013875765813034	0.5769808233233443	0.11910119357818416	-6.942516010437781	1.541312703863292	10.200704519248173	1.0
757000	-12.943192610904449	-4.139247712001788	-8.80394489890266	-10.353881872395174	6.214634160393386	1.11497752936623	0.813154065359444	-2.620000145074653	-8.417270131203743	1.194460034576157	18.496496966213947	1.0
758000	-11.751641988948206	-2.4020857442212513	-9.349556244726955	-8.023588743518786	5.621502999297535	0.39593000781505905	0.6007514695539374	4.62211867977998	-10.13595963777803	0.6475752194051885	21.022714559412208	1.0
759000	-16.897399859573266	-9.364300938018372	-7.533098921554894	-12.206038180527337	2.841737242508964	0.3995013157844944	1.4476586313632993	-2.045778732833382	-5.268686873886278	1.1519660286056768	10.990554054928168	1.0
760000	-13.973553923494071	-5.15445173758069	-8.819102185913382	-9.559602997365218	4.405151259784528	1.1106756880514321	1.33426400783008	1.7755228678063992	-6.322718654139768	0.5058021114599478	10.745382304546169	1.0
761000	-11.516039203183666	-3.6272203372337604	-7.888818865949906	-9.185034055137224	5.557813717903464	0.42037524030310486	0.5055820913834888	0.6005069573776665	-10.482909834153167	2.005018832776296	22.163539849277733	1.0
762000	-9.65235386557523	-1.802657713410138	-7.849696152165093	-7.833261073158749	6.030603359748611	0.3676343044892397	0.7808855414800877	3.401232629529599	-7.791222333029886	2.924227180004818	20.079185227157467	1.0
763000	-9.688578223990316	-1.974102005750571	-7.714476218239745	-8.060969053819326	6.086867048068755	0.3391740043586826	0.8847850804473096	3.070730315974283	-8.044926981478808	0.9751100813149116	45.53544079286146	1.0
764000	-13.645436410757139	-5.866177382956836	-7.779259027800302	-8.572350833104032	2.7061734501471957	0.9644786175027593	0.9771813187984751	0.7862890248231245	-4.960675179987765	1.5544976392790455	29.161497520012773	1.0
765000	-13.079167468015996	-3.0527127500787596	-10.026454717937236	-8.770745383131873	5.718032633053113	1.0291577362541617	1.0004863020121137	0.0896161496533745	-7.418071377431354	0.8337522606453442	6.445467617819311	1.0
766000	-11.01134783168537	-2.24400100268279	-8.76734682900258	-8.35166970054037	6.10766869785758	0.7249709259002349	0.5431114298020733	2.793951908961778	-9.857639397296547	1.7073600902982535	284.17301209417997	1.0
767000	-12.348797227908502	-3.960763047941766	-8.388034179966736	-10.237575603330779	6.276812555389013	1.2426942378570942	0.6017970750598075	-2.3920502014348766	-8.551738429657853	0.9144434444911106	45.61965914858283	1.0
768000	-12.055652579508601	-3.1729057357542594	-8.882746843754342	-7.913520171581098	4.7406144358268385	0.5440638094321711	0.7906367822085297	1.8703347830138104	-10.040605418856362	1.382106425942899	17.457291301774486	1.0
769000	-10.442660812854609	-1.7615396579742288	-8.68112115488038	-8.017738991595277	6.256199333621048	0.39659500498778716	0.7478776385447006	2.530580240667428	-8.33341661319863	0.4318804825345948	49.841327421045676	1.0
770000	-12.067274956268465	-2.8552670299248213	-9.212007926343643	-8.287753559833664	5.432486529908843	0.8126260532104714	0.8810718053295075	1.8506515020240337	-6.987802814410083	0.3155545624817369	60.32247991271232	1.0
771000	-12.522835569110162	-3.871223152035011	-8.651612417075151	-9.54857233856201	5.677349186527	1.0790580267209549	0.459317248492711	-1.5972852784080844	-8.237262683944062	1.6201123777863717	12.89755213395519	1.0
772000	-10.271190966574032	-2.0434737749741627	-8.22771719159987	-7.7759663505495515	5.732492575575389	0.5194964169728655	0.7683758611030911	2.599207791199955	-9.51595281599572	0.8506591093210342	33.005410220539375	1.0
773000	-11.487466415541574	-3.0648412773974716	-8.422625138144102	-8.941521376167183	5.876680098769711	0.33255376554034743	1.0124876789740611	1.7524529242850018	-8.215671713679745	1.0528960397184035	13.05696102582783	1.0
774000	-9.36535643626377	-2.3279805812313574	-7.037375855032412	-8.146751383916182	5.818770802684825	0.2383616418695938	0.3031937411616952	4.952613361359599	-10.086587531172544	1.4557886085755212	52.8062668991866	1.0
775000	-10.932719985646305	-2.8535203276170904	-8.079199658029214	-8.411309110009567	5.5577887823924765	0.685338676476899	0.31220240939250715	0.37394964180972634	-11.029986040798788	3.816448081924382	66.42416017469075	1.0
776000	-13.101187285302824	-5.2847387725314166	-7.816448512771409	-10.810537816057137	5.52579904352572	0.255077211832412	0.24574145213205326	0.8646155127901562	-10.678726635726962	1.341917154415758	19.691497886610808	1.0
777000	-12.060103305590392	-4.243898449435141	-7.8162048561552515	-10.496959053311029	6.253060603875888	0.3184008403039111	0.4709112464035643	0.2727132189382183	-9.691009672384245	2.2254086015125583	15.137868286314484	1.0
778000	-9.658827223097807	-2.0149341435284533	-7.643893079569354	-7.880490732262366	5.865556588733913	0.6195801667567052	0.6419639974042977	2.0434553433930507	-7.754812154316547	1.54228395369947	16.95975219559086	1.0
779000	-11.465578523126277	-1.8829881480410133	-9.582590375085264	-8.189024753703459	6.306036605662445	0.7282557933241851	0.5832735505700966	0.8564787821906293	-9.369653142762536	0.41767114953409573	16.85384064720483	1.0
780000	-8.871561947901565	-1.5967689847250384	-7.274792963176526	-7.835363717898955	6.238594733173916	0.4282098984584658	0.44606955576351287	3.9954690205087893	-9.427143568151132	1.8585692877183013	35.09669491409201	1.0
781000	-11.141017592243845	-2.753040708594594	-8.38797688364925	-8.745371529511816	5.992330820917222	1.031267882886486	0.9312814239666757	0.36021864703569206	-7.882789997035023	1.1989369735901907	19.73509838172129	1.0
782000	-10.287137329991406	-2.187286879332067	-8.09985045065934	-8.391882134246316	6.204595254914249	0.2461010757184951	0.6590793262817564	3.919162905891797	-8.242917628017079	0.6641716858958419	69.79489454688185	1.0
783000	-11.205719058080275	-2.6625555675842474	-8.543163490496028	-7.991229185143845	5.3286736175595975	0.5645749163221784	1.1326747325254105	1.5796467498833096	-7.045488280084796	0.8970652062887152	9.665471232805146	1.0
784000	-11.671775638465542	-3.811636838317238	-7.860138800148304	-8.388572945775511	4.576936107458273	0.8715489962277041	1.0571013418186341	0.6364445722930496	-6.217179874337035	0.7563048951528154	25.55036391796306	1.0
785000	-9.980023941427195	-2.034215350064132	-7.945808591363062	-7.9721095612736885	5.9378942112095565	0.286974435000239	0.9461558886621726	4.925749224020911	-8.552508662083856	1.7196736560877144	28.000815356872778	1.0
786000	-12.959723350594503	-3.529416368190356	-9.430306982404147	-9.462006489975527	5.9325901217851715	0.9659292923739988	0.9871318424578126	2.5398627391209025	-8.209818549593477	0.3392642754593106	68.79334854844426	1.0
787000	-11.707085704092833	-3.496473994639625	-8.210611709453207	-8.502319964292225	5.0058459696526	0.2276932688143922	0.43348281420511975	6.288625513234674	-7.707554202182803	0.8038080980863487	20.939295194942783	1.0
788000	-13.515882199218202	-5.484359037279388	-8.031523161938814	-9.239137915861512	3.7547788785821243	0.19928340153303803	1.175110002944904	3.6135292775777454	-5.651992366586631	0.6606810119090435	10.863928557690665	1.0
789000	-12.994020143034561	-4.715270795114347	-8.278749347920215	-9.114927495373824	4.399656700259476	0.5524767820482512	0.27663891838428667	-0.16658256374583325	-8.464043334292827	0.5036854499537039	25.03351433573928	1.0
790000	-11.408996060769892	-3.1777649925454856	-8.231231068224407	-8.499404500305266	5.32163950775978	0.7392908255171281	1.0472303007104697	0.1308995026686146	-6.92059676313681	0.850064582739431	11.249715577841082	1.0
791000	-12.60949694614381	-6.211190710211012	-6.398306235932799	-8.872324856008518	2.6611341457975057	0.44073650728896846	0.6161792193029664	0.8163031953814639	-5.338098557825445	1.5675818269138362	9.221801898570268	1.0
792000	-10.82282184330605	-2.8784092115076847	-7.944412631798365	-8.405280807199848	5.526871595692163	0.85888911790138	0.24627041003963196	1.721740969395191	-10.77609852674108	2.030291669157649	33.935332924035265	1.0
793000	-9.662128439182988	-2.2968785947547126	-7.365249844428275	-8.19439076846675	5.8975121737120375	0.6152791134740379	0.4040056177439424	0.9571138948311828	-8.914638882819814	2.532588868582129	25.97954409889393	1.0
794000	-10.970550822863435	-2.002889840704416	-8.96766098215902	-8.30206436595289	6.299174525248475	0.23965568593896677	0.5329626264590703	4.276841570492637	-8.911975109801336	1.9450601991478833	10.636727353616367	1.0
795000	-13.93566076831084	-4.882892229345542	-9.052768538965298	-8.640492885222605	3.757600655877063	0.7328411692761432	1.7230953628827688	-0.10923920782721347	-6.593244291506724	1.2063283772985207	8.909371674097239	1.0
796000	-10.543031188033918	-3.161027192697264	-7.382003995336654	-8.616014857917984	5.454987665220719	0.3770183169486074	0.38468824428934867	5.449024417714121	-8.480202994522354	1.1434821443206666	43.33595399732125	1.0
797000	-12.589058808506596	-4.009283149885019	-8.579775658621577	-8.870014904816363	4.8607317549313445	0.9199405735802832	1.221022063030616	2.158223323774896	-6.614791748927226	1.1712508710243685	11.467231887701326	1.0
798000	-12.706620727661939	-1.4656877723107078	-11.24093295535123	-7.753634760419216	6.287946988108509	0.40137411058144734	0.614392111536445	3.5894287199786388	-9.325564025702203	1.2925477296947412	7.591653440895127	1.0
799000	-9.570689560267331	-2.242884593650606	-7.327804966616725	-7.929182361389078	5.686297767738472	0.46195962484045217	0.5451592770493526	2.224766583813883	-7.844198067282936	1.0604842073034153	25.748494591191744	1.0
800000	-11.926213901498222	-2.9583049906060523	-8.96790891089217	-8.328936852097168	5.370631861491116	0.8432422728882889	0.730430803125731	0.7277373222138566	-7.056698789725968	0.46999324657823144	9.61541630990306	1.0
801000	-11.289501090554282	-2.994015148219452	-8.29548594233483	-7.844112241452163	4.850097093232711	0.5287970516293137	0.8100096419341689	3.2594213341779477	-6.505360514516509	0.7082697717645872	10.883656134878464	1.0
802000	-13.745997330960122	-6.261575448109019	-7.4844218828511035	-9.152872015636431	2.8912965675274123	0.601681694284392	0.357384156578576	4.399592156608437	-6.596142306548729	1.486085185629993	12.726247473837175	1.0
803000	-12.695862354332228	-2.977477940952812	-9.718384413379416	-8.07170451030327	5.094226569350458	0.26345393083732843	0.5497227951596205	4.429282081649313	-7.251937804565566	1.705403173700758	6.313505320806215	1.0
804000	-12.785986469397649	-3.212939321217397	-9.573047148180253	-8.224181979244957	5.01124265802756	0.7847575492837825	1.1528608283415385	1.947009203744662	-6.68539673885424	0.7011555660784276	6.349219586604356	1.0
805000	-13.008193947656448	-4.238960506828811	-8.769233440827637	-9.938921717587888	5.699961210759077	0.46958307099891766	0.4640779445253097	-0.5731062627022869	-10.505473648103045	0.999055936186129	342.0181749243867	1.0
806000	-11.044805379081659	-2.196309202478802	-8.848496176602856	-7.796344831696925	5.600035629218123	0.5522313158158411	0.9496294566074739	2.515139736828565	-9.01387870159774	0.5190168808578888	26.918942657495766	1.0
807000	-10.130904398956737	-1.774771320968318	-8.356133077988419	-8.085428431883768	6.31065711091545	0.642066777223933	0.5026898899342115	2.9446694377118843	-9.2148128010972	0.6694333340564653	30.65091412376302	1.0
808000	-11.89034597252889	-2.187787187399609	-9.70255878512928	-7.840925539341896	5.653138351942287	0.5931638124048293	0.7941657015472394	2.4356322609276617	-7.272247657307429	0.8271752075644727	6.610198647672932	1.0
809000	-13.273275944197568	-6.897915604656661	-6.375360339540906	-10.248291269180367	3.350375664523706	0.34819769961780805	0.7332025604352396	0.16931041290292814	-5.542803120888067	1.6197399568407063	18.665765280771236	1.0
810000	-14.389386123773413	-7.7471707760064525	-6.642215347766959	-9.46866861245187	1.7214978364454172	0.3643480346959484	0.47797573390748527	0.7946177726419428	-5.205985981098665	1.3077827026929965	5.451992663816962	1.0
811000	-10.822564318087668	-2.360277218913552	-8.462287099174116	-8.046539977104388	5.686262758190836	0.7234989579360558	0.2745543368369	1.554195293683854	-10.637960022884691	0.8053561308129871	28.225912607449768	1.0
812000	-10.349170875711124	-1.8136292493177093	-8.535541626393416	-8.102537285136165	6.288908035818456	0.6485684178715816	0.741594923511042	2.9282927415956657	-8.681970778716508	1.1962453338614678	16.029735632975054	1.0
813000	-10.630274549321777	-2.756364877415617	-7.87390967190616	-7.853515061935205	5.097150184519588	0.6042473483100884	0.4786213826064492	2.281325488429264	-7.550438899096193	0.6401751556788324	36.79739833554103	1.0
814000	-10.018931576109061	-2.435901967832752	-7.583029608276309	-8.02416569811447	5.588263730281717	0.28966571524085555	0.8165367646855941	3.9738961470079306	-7.183571233970882	1.4644247306895408	92.00849773354962	1.0
815000	-11.585857313905745	-1.6062580568815825	-9.979599257024162	-7.896050197572982	6.289792140691399	0.6288835443698649	0.743420804337197	2.367492734673246	-8.572673328635933	0.30722307969460144	14.862514979335073	1.0
816000	-11.861723111733706	-3.752639271853032	-8.109083839880675	-9.197070695711805	5.444431423858773	1.0884418697988145	0.38974590989291136	1.420521255922892	-8.429514402661516	0.9084075393865153	22.54014819427821	1.0
817000	-10.615205484829687	-3.1180524980721795	-7.497152986757507	-8.99227079671764	5.874218298645461	0.40628993129337265	0.48941080017542177	0.9461510471367566	-8.319479795522588	1.0018943549067534	72.29886720142656	1.0
818000	-13.99928129230945	-4.174463172888528	-9.824818119420922	-10.407843837341119	6.233380664452591	0.6594492032153385	0.6242117359138646	4.776437371727522	-9.41411795202593	0.2763708025325085	74.92107281745672	1.0
819000	-9.446088370991568	-2.4159260343602593	-7.0301623366313075	-8.016691971741993	5.600765937381734	0.2778869907385681	0.33101153617314405	5.097739827082077	-9.164534373696462	1.7311026525966695	29.9421250160216	1.0
820000	-12.846562043571108	-5.618051414825127	-7.228510628745982	-9.74514179063469	4.127090375809564	0.7790331291345707	0.4495731660275428	-1.6563901368304887	-6.911232249564502	1.3085546464223086	16.92999034948652	1.0
821000	-11.005164832084745	-2.5848156096595156	-8.42034922242523	-8.151338540408243	5.566522930748728	0.7188310887899328	0.44308136580590485	0.9662921005957592	-8.2053483196825	0.9884770203207771	11.496892354561194	1.0
822000	-10.032946309363311	-2.600712231205711	-7.432234078157601	-7.785956622407898	5.185244391202187	0.5229468789085958	0.23369642051657477	2.5039910528010063	-9.979441871554162	1.1723817673812231	38.50991798681187	1.0
823000	-14.40837135755218	-2.911239838230591	-11.49713151932159	-8.841150835301871	5.92991099707128	0.9509709466518453	0.40708747363937325	-0.484840753865113	-8.943278588992195	1.2644591431219256	6.069686248321463	1.0
824000	-10.220474770244156	-2.815764997562855	-7.404709772681301	-8.96149971111085	6.145734713547995	0.38877391141151396	0.7630707562473489	1.1401754127261117	-8.017706185161618	1.2072578460566725	47.78714792850007	1.0
825000	-10.187793434463332	-2.3967537805567414	-7.791039653906591	-8.154665498925311	5.75791171836857	0.27466923070699073	0.7810659333860525	5.507284280450135	-7.4056791232630745	2.382123987547944	19.180081467628515	1.0
826000	-10.947738556958097	-4.018235064466536	-6.92950349249156	-9.610865639866379	5.592630575399843	0.32951362508724724	0.5744473024976138	1.0216736193373674	-7.6387885704070495	2.2081153836111618	15.12440140023497	1.0
827000	-11.976708543752231	-4.581222428211508	-7.395486115540724	-7.9284233058790266	3.347200877667518	0.5314796502846296	0.4331684661760153	1.8689593552527894	-6.443127850466425	1.6253668715190612	7.710341108143926	1.0
828000	-9.528157708102555	-2.1739074191404653	-7.354250288962089	-7.995917033215602	5.822009614075137	0.5330795924266238	0.7512552986116764	1.6810726285412025	-7.513612297076179	1.4299010594942474	26.621521733007395	1.0
829000	-12.749494418583392	-4.715382637846108	-8.034111780737284	-9.477275737145392	4.761893099299284	1.288891303602829	0.2649972408986704	-0.024609998249123133	-8.952001710316866	1.2476049111114635	35.034719179332726	1.0
830000	-10.15818175449337	-1.8621748119306938	-8.296006942562675	-7.811917601377167	5.949742789446473	0.565622174838653	0.8055286080951511	2.38943519694153	-9.169161991753128	1.9225092544624824	22.047115820166226	1.0
831000	-14.026024144915286	-2.658238618176428	-11.367785526738858	-8.467790212722694	5.8095515945462655	0.451833285316122	0.7002993036893649	1.2849651692099928	-7.568786249763151	0.5911362905791956	4.718003740515452	1.0
832000	-11.018951666810093	-1.9941655127598086	-9.024786154050284	-8.072070586156881	6.077905073397073	0.738302366201248	0.8085050723232118	1.522437612310428	-8.971760202245406	2.6339733384506747	20.312446866367207	1.0
833000	-13.771575439856607	-5.583819726719883	-8.187755713136724	-8.276512232674836	2.6926925059549536	0.6122565764165803	0.7434846966868143	0.8015558083910342	-5.1224508383842	0.33631789812273755	22.702358120994468	1.0
834000	-9.420031662491507	-1.710763777903554	-7.709267884587954	-7.948370501367786	6.237606723464232	0.3254002018361574	0.6397148232279862	3.5786850109250317	-8.355232745454167	0.9073394357910322	28.3803754026186	1.0
835000	-10.539926711212356	-4.734728236563255	-5.8051984746491	-9.39901200200622	4.664283765442965	0.11369893823285444	0.25510429084293457	6.855243948457803	-8.985180094880434	3.4040807322811	57.836223368585216	1.0
836000	-10.254008438009748	-1.8232514656579397	-8.430756972351809	-7.986836323928717	6.163584858270777	0.41601008494162844	0.4248549744588773	2.4271837612915883	-9.320241951288281	0.8642591559711414	16.873387753645662	1.0
837000	-11.419045826296081	-2.2550040261934585	-9.164041800102623	-8.068958344274785	5.8139543180813265	0.7349810294676565	1.0362327211419462	1.4850808683704881	-7.773626855928102	0.8605653611051263	9.696226422775647	1.0
838000	-14.055848570163914	-7.155229633947426	-6.900618936216487	-8.189977574304837	1.034747940357411	0.6425882808040456	1.1840995981745897	0.9044830837322251	-4.0775501333660635	0.9599631008035581	6.2606875407249785	1.0
839000	-14.951513391342953	-5.296913140473826	-9.654600250869127	-10.912296801382439	5.615383660908613	0.48493135354680883	1.0611768404838948	5.987492445605898	-8.538486217822854	0.7746372370410094	16.43321130614933	1.0
840000	-13.919500863115301	-5.671915684916584	-8.247585178198717	-7.790736385735681	2.1188207008190965	0.5118382762813899	1.1120305281676879	3.1749093374304933	-4.628596555029409	0.3789621651937907	10.45583124862302	1.0
841000	-12.220027043828786	-2.835869588194038	-9.384157455634748	-8.755818790230846	5.919949202036808	0.26515616499874084	0.8958379813462536	2.9469492648514786	-7.634648508921177	0.8681109839390886	8.024387113017543	1.0
842000	-15.07853701122636	-6.507520739281628	-8.57101627194473	-10.801550154879001	4.294029415597373	1.707326375234078	0.5950646003228989	-1.5302939052673683	-6.474139164253288	0.719583192461242	10.906949764750156	1.0
843000	-12.786981419499128	-4.395940042613352	-8.391041376885775	-9.540572753620548	5.144632711007196	1.3099173782269955	0.6004516958082423	-0.6126810164048356	-7.132806585633023	0.6204023341051846	48.834557213879144	1.0
844000	-15.248489231911417	-7.972737547878291	-7.275751684033127	-9.786423511655887	1.813685963777596	0.4070430048334887	0.7836948620550808	0.06157009391756907	-4.566402955708682	0.4744772842914262	8.029741983543378	1.0
845000	-9.860861500434861	-2.389956419805875	-7.470905080628987	-8.193030995710956	5.803074575905081	0.42685037664696807	0.30739306494088114	4.667252683147994	-9.911901866349424	1.454548331250547	33.02838555528186	1.0
846000	-11.729478748138337	-5.562114884571322	-6.167363863567015	-9.263258694243614	3.701143809672292	0.26487496650912196	0.3467176310980694	2.2944594800047127	-7.243390330389695	2.4969733655673707	14.99854086832022	1.0
847000	-11.22811011381118	-4.282640973315991	-6.94546914049519	-7.76717988321912	3.4845389099031285	0.42364190042972916	0.13597638485801963	3.7364275577048645	-10.184903779062104	1.6779673910911959	36.852499909355565	1.0
848000	-17.363134517332963	-10.38962119788169	-6.973513319451272	-8.066758885966877	-2.322862311914813	0.5487588153381389	0.40610574891066165	3.633605243817016	-3.254311459490448	1.8242050134273595	3.583763986832334	1.0
849000	-12.47773888444284	-2.1298188438503702	-10.347920040592468	-8.11413307136594	5.984314227515569	0.6109795081698864	0.7746136022260205	1.146145569007307	-7.718573101563125	2.902252597308946	6.389211561494937	1.0
850000	-13.201359705480996	-4.855424716485267	-8.34593498899573	-9.09033346045222	4.234908743966953	0.4082796352193731	1.2301169834768537	0.8118860128511806	-6.048274601618008	0.5505855255418551	7.967378028662511	1.0
851000	-12.438190610214088	-3.0650194977905922	-9.373171112423496	-9.36326293425209	6.298243436461497	1.2550984833978487	0.4852247665908058	-0.22712970374617436	-9.395298760356619	0.4067572802994173	23.713920520766834	1.0
852000	-11.59471618382336	-1.7619501161736277	-9.832766067649732	-8.094745386064524	6.332795269890896	0.7207549697501329	0.5729687285040409	2.20949444063647	-8.853024989440108	0.5794458833232392	11.113829438546427	1.0
853000	-12.391682341902191	-3.604594123041453	-8.787088218860738	-8.082694590293361	4.478100467251908	0.5445326911425047	1.262589716124753	3.6917171317964113	-6.291031363375504	2.0108974637323724	11.896561317526194	1.0
854000	-10.659564501029068	-2.5100477259721146	-8.149516775056954	-8.463873579525846	5.953825853553731	0.6153694031442914	0.38120564994067196	3.7132463258346506	-10.412988567169634	2.559132431707307	25.400306215103683	1.0
855000	-10.477227587613154	-2.5098678992735843	-7.96735968833957	-7.95827842817509	5.448410528901506	0.3756756220127342	0.8306571653473366	2.8866745405371135	-7.026520962355987	0.7872455807143092	13.981215532015021	1.0
856000	-9.38340417604714	-1.8398380018861866	-7.5435661741609525	-8.1669343765703	6.327096374684113	0.32539259702920403	0.6862351088781504	5.286526135222496	-8.632690852406052	2.0653418837826734	31.995591196426304	1.0
857000	-13.473866933859362	-1.9714303788905418	-11.50243655496882	-7.984384326182868	6.012953947292326	0.3342682468199429	0.9329821845618781	3.33272586661126	-8.411843029326914	0.31689939133730594	8.480217499825601	1.0
858000	-13.200028023502245	-5.9007914445987	-7.299236578903546	-9.956356723876388	4.055565279277688	0.5890935690247023	0.4238865612168822	-1.2620946000422981	-6.995448094834711	0.87283462730488	17.528282688256386	1.0
859000	-12.070290328913234	-4.251018747171345	-7.819271581741889	-10.099968034939629	5.848949287768283	0.08338353842347926	0.9575329259253011	7.608446073792161	-7.587226123731091	2.4191667203795	33.71805129048348	1.0
860000	-9.604744725800977	-1.8924068468898119	-7.712337878911165	-7.9477454861101	6.055338639220288	0.6098383280086992	0.7800902855795445	1.6291497581305565	-7.834921604783551	1.878720520936418	23.198294720384478	1.0
861000	-10.550175314103907	-2.7902265596913445	-7.759948754412563	-8.085578010074627	5.295351450383283	0.25445569681290764	0.6233492118609014	4.659943587901145	-7.204706072832356	0.7157060893718643	45.038443541168704	1.0
862000	-14.025202030596251	-8.217304097680909	-5.807897932915342	-9.81219728882952	1.5948931911486097	0.29004550529938555	0.547439996786002	1.3134915970852403	-4.8885276985923705	2.866886736637917	22.111329812545645	1.0
863000	-11.460126444418266	-3.235441405881028	-8.224685038537238	-8.358449303724623	5.1230078978435944	0.2424543714326858	0.9906084957596547	4.072811664652101	-6.679652336925581	0.8062982357900871	12.604412299756119	1.0
864000	-12.931848411916565	-4.052703217061595	-8.87914519485497	-8.03179812492915	3.9790949078675553	0.7178733685874029	0.6765297222928462	1.764951798127877	-6.056550290558645	1.3745654272993373	297.0365751130191	1.0
865000	-11.647831852041467	-4.547385928110885	-7.1004459239305815	-8.7200121003074	4.172626172196515	0.16281004207210467	0.3604042998368845	6.538965733398749	-7.4965917584809	1.1190142331317041	48.03443972223503	1.0
866000	-9.905705075338444	-2.21826006800897	-7.687445007329474	-8.021680178283814	5.803420110274844	0.4323585343203946	0.9914690610776208	2.214906972564282	-7.565194656551279	1.0191257078618512	30.473326719703422	1.0
867000	-10.925837463866223	-3.0875522352593414	-7.838285228606883	-9.293457287373448	6.205905052114106	0.31122415961618594	0.5770701415494445	1.5946494321290372	-8.466177992375991	0.744619383604696	22.990617630924167	1.0
868000	-12.32431249144231	-3.1301261442716095	-9.194186347170701	-9.124048298309113	5.993922154037503	0.7654404143614489	0.47047791507425646	3.407276198059607	-10.19633205531863	2.113758618267772	16.941140481681863	1.0
869000	-12.184230457598233	-3.4296208614778854	-8.754609596120348	-9.616745091354437	6.187124229876551	1.1491110621484315	0.8202216427663901	-1.6131687134838497	-8.61846219587225	0.8618485687640863	19.90573945138811	1.0
870000	-10.877901326370953	-3.077525916302429	-7.800375410068523	-8.545684177485729	5.4681582611833	0.9538643385006761	0.6018979943497192	0.7086543927314408	-7.42752923224945	1.6266249297577076	19.190988631550564	1.0
871000	-10.654886587395888	-2.683309931672458	-7.97157665572343	-7.856087705553671	5.172777773881213	0.4062155967921117	1.107758390510336	2.876148231373231	-6.811414849853728	0.7034490005682282	39.09735651910701	1.0
872000	-18.224058721094735	-6.067932790099753	-12.156125930994984	-10.207359405824267	4.139426615724514	1.5212208396889388	1.306446236534927	-0.48351340996632863	-6.0491079146112465	0.7379001888536751	2.790883568549608	1.0
873000	-14.133999176842947	-5.6905497395406375	-8.44344943730231	-8.202650608640408	2.51210086909977	0.3311869332335001	1.4820990695726963	2.875598132840218	-5.099258216421712	0.44437612212345157	8.324904513976657	1.0
874000	-12.132354686273443	-2.6695903834224364	-9.462764302851006	-8.160012476984342	5.4904220935619055	0.6241643633878279	1.1433394204998166	1.0101257769049532	-8.312040793984398	0.5511490483251772	11.679703092018357	1.0
875000	-11.319875476222604	-3.17538870928537	-8.144486766937234	-9.137509484039848	5.962120774754478	0.44224832982039747	0.7511864108371159	0.48431342645049835	-7.702686935659997	2.098372846067583	9.980934767245222	1.0
876000	-13.64747834275246	-5.701169050884793	-7.946309291867667	-9.670865485104784	3.9696964342199905	0.31665501599453233	0.7800631032240253	1.112764956048765	-5.88763512826755	3.3489945241155468	5.800140840422803	1.0
877000	-12.381215094006	-2.2962904579647496	-10.08492463604125	-8.210371375108688	5.914080917143938	0.4825929001794906	0.90556189135183	1.4987343933860762	-8.809044741265536	1.5880446769324186	8.210949218285608	1.0
878000	-9.96588280587251	-2.6977715516160936	-7.268111254256416	-8.348821862656674	5.6510503110405805	0.39143336026491543	0.31956447206247274	1.9612208298073288	-9.380833554717178	1.2576572589156498	27.083368348463726	1.0
879000	-14.683569140488887	-4.2408201272085595	-10.442749013280327	-8.916787193885375	4.675967066676815	1.0957457274232356	1.1918193843057414	0.4024879032882044	-8.92500444212287	0.9768449156071508	515.9839775103935	1.0
880000	-10.942413516724883	-1.8544395468928805	-9.087973969832003	-8.144989624496793	6.290550077603912	0.7436141014287609	0.7411979092222146	1.0502929995917918	-8.547140030066183	0.43415645548059545	93.84638786553408	1.0
881000	-10.955562271686073	-3.135206505445298	-7.820355766240774	-7.928428050815402	4.793221545370104	0.5048502388010383	0.9446272684775915	1.9841015134766131	-6.38496524842169	0.6108956969218199	24.59130870761168	1.0
882000	-11.02623421166902	-2.2393275117511493	-8.786906699917871	-7.765103721452322	5.5257762097011724	0.3953506536835549	1.1342279437016647	3.466419324898684	-7.396427005348357	0.4024052168609449	30.087823229678737	1.0
883000	-12.297587145107244	-3.9736282296709167	-8.323958915436327	-8.18046116352004	4.206832933849123	0.7585856315318901	0.46182008392392365	0.9545474920923209	-6.909838930238239	2.448588107487199	7.400916932328589	1.0
884000	-12.190254367736992	-3.643252790833925	-8.547001576903067	-8.169053402958518	4.525800612124593	0.5467730364642197	1.5368411669781348	3.810027767179105	-7.537007621981632	0.7724258553178829	31.23577008645915	1.0
885000	-10.984024444495137	-1.613296386876164	-9.370728057618974	-7.900044212905805	6.286747826029641	0.6279962414146674	0.5510121349559871	2.4214617325712857	-9.506290503082061	0.4800401932959578	18.72966971133174	1.0
886000	-15.355928352501756	-6.313372493136868	-9.042555859364887	-12.292334696173235	5.9789622030363665	1.1940117684330291	0.9508109512628263	-4.3811240163681395	-7.928046959351271	1.429057633796061	25.246304523266836	1.0
887000	-13.487443957340734	-2.854808868073703	-10.63263508926703	-8.689579671775363	5.83477080370166	1.0067289397339976	1.025597490286005	0.3418275419191854	-7.787968814582163	2.0199452968937646	7.4282458093075086	1.0
888000	-9.661469992216386	-1.859321213110567	-7.802148779105819	-8.087459400585942	6.228138187475375	0.4798181196903831	0.8021926091711824	1.749807513986487	-8.44997328874902	1.7510795584527132	20.4197103557071	1.0
889000	-10.679499161198606	-1.8443223164671823	-8.835176844731425	-7.76780543671895	5.923483120251768	0.5191607259536637	0.3622887308003039	2.7567156045679013	-9.378378352338332	0.4356811581166897	32.480227525325034	1.0
890000	-11.486809777090519	-3.7162090014184095	-7.77060077567211	-7.871525575634816	4.155316574216407	0.5997168526261291	0.28940256940593667	2.6399426688848378	-8.113456199746441	1.8895965547946694	211.25751177950517	1.0
891000	-12.038285709475526	-3.2578632292360847	-8.78042248023944	-8.357656355593699	5.099793126357614	0.8713792261996997	1.343391714994807	0.8680349923019486	-7.5358095068795	0.8232346153281461	13.543527262942929	1.0
892000	-10.36080840687503	-2.8913505005988593	-7.469457906276171	-8.407230445645322	5.515879945046462	0.6511561476425616	0.7441973474774558	0.4553246738787441	-7.179534860032525	1.7957144011414141	19.541077307463897	1.0
893000	-12.035670777645912	-3.509699068256878	-8.525971709389035	-8.550626064029105	5.040926995772227	0.9431837737278335	0.6902079403667548	1.1729950848719943	-6.831413229104832	0.520163682090431	11.499808761998183	1.0
894000	-11.302568087444584	-3.0908167055713767	-8.211751381873206	-9.385099475289959	6.294282769718582	0.5925637681239627	0.5746898596722918	-0.6673725716546881	-8.696293671604142	3.4747533607228025	22.338339778752427	1.0
895000	-10.4609176535562	-2.028171463617186	-8.432746189939014	-7.899477100478633	5.871305636861447	0.5058773415594953	0.978653683131542	3.61183927209161	-8.511051233007905	0.6544717803527526	35.17815230590751	1.0
896000	-9.592938157372208	-2.6575465306326835	-6.935391626739524	-8.697773840182201	6.040227309549517	0.43187032977858947	0.5076799161150533	1.110258834478642	-8.467313107278693	1.906389748664801	37.59498763465578	1.0
897000	-10.867484829633554	-2.0000419941285577	-8.867442835504997	-7.954453640167668	5.9544116460391106	0.586237476479184	0.8992935413552396	1.6336696437257685	-8.77069544740819	1.711529991068074	216.60610616484308	1.0
898000	-14.912968327245753	-5.627301338437277	-9.285666988808476	-9.301243091273207	3.6739417528359297	0.3877771684481686	1.3168114522147316	5.868087248108921	-9.10441510173778	0.5279064364511356	33.166972176191585	1.0
899000	-11.57252076378102	-3.1334686177205757	-8.439052146060444	-9.332582655199522	6.199114037478946	1.0005821246661726	0.5688393727590417	-1.3244066564827475	-9.646496552781016	0.8817799555342257	78.23975222284834	1.0
900000	-10.809690273666035	-2.1934280978817364	-8.6162621757843	-7.934065102963058	5.740637005081322	0.6538141186318371	1.0740273442651789	2.251056742155748	-8.162615937709022	0.5459973785347096	49.2360546703627	1.0
901000	-17.82840989814246	-10.728663880706069	-7.0997460174363916	-9.322641892563446	-1.406021988142622	0.8796479009403374	0.8243477451738339	-1.293119079676087	-2.8884248552679828	0.5012881151165596	2.2685584712670983	1.0
902000	-12.261867647209325	-2.79020292274489	-9.471664724464436	-8.445257603666482	5.655054680921592	0.21773936032775965	1.10094613085421	4.494580140016379	-7.592988584351798	0.33546547313975195	102.05412621042842	1.0
903000	-11.388017375514838	-2.787988118120283	-8.600029257394556	-9.139749520841072	6.351761402720789	1.0195727845004758	0.5636562763114249	1.839905273922842	-9.154820874075988	2.311999098102718	47.12061710207541	1.0
904000	-11.627910862067957	-3.4795186319539013	-8.148392230114055	-8.537729231968664	5.058210600014762	0.9506268770509055	0.4170419297016935	0.822951641638225	-7.854139495620756	1.084673333752935	12.764211606873996	1.0
905000	-11.280001034358008	-3.80055719666006	-7.479443837697948	-8.273502810022185	4.472945613362125	0.724763259442357	0.39151871343955114	0.6229237059318731	-7.516047794068446	0.8520522154662032	23.17662009761278	1.0
906000	-15.075713019729779	-5.3867233691819	-9.688989650547878	-11.229981001471256	5.8432576322893555	1.6903031621766695	1.0261738532094427	0.20287531031300338	-7.832576660735859	1.060354014557801	127.33681830396355	1.0
907000	-10.090175392974329	-2.011551033072079	-8.07862435990225	-7.869947585560338	5.858396552488259	0.5474578465275511	1.0280442995318384	3.1846941395440242	-7.998453659308686	1.41850935037557	24.802657002244246	1.0
908000	-13.833295212207641	-5.290478201589121	-8.54281701061852	-8.477938963631738	3.187460762042617	0.8166864026627307	1.7466809041124738	0.16277563390658945	-5.997534728688197	1.026686032417651	9.720457592923417	1.0
909000	-20.60393510030474	-15.306883164850973	-5.297051935453767	-9.885011270900579	-5.421871893950394	1.4279556888910307	0.9204164642976148	-0.7142567515284363	-1.1525086883226066	0.5867378167439906	1.48704113483452	1.0
910000	-15.315072189877089	-8.633109276159958	-6.681962913717132	-10.80907798628213	2.175968710122172	0.41497238140163856	0.6909488149486815	-0.9846816323762325	-4.897432822560692	0.8091370805172536	11.764288222950432	1.0
911000	-10.76480923811548	-2.0685595469701124	-8.696249691145368	-8.194581608086754	6.126022061116641	0.7068628153293526	0.862121057493088	2.6384606818468086	-8.114786012874475	0.7617237264009517	124.88346006194553	1.0
912000	-9.461670343269374	-2.0732054238751783	-7.388464919394195	-7.770308142855809	5.697102718980631	0.40534177884151895	0.7629492176030919	3.842970449562813	-7.351577068979687	2.1893685899754676	28.12829421149349	1.0
913000	-10.943618382700791	-2.880031260823362	-8.063587121877429	-8.011945510901098	5.131914250077736	0.2785570311954163	0.7912026114593033	5.0791752446361045	-6.7619965250292156	0.7375519742020687	18.97300586362013	1.0
914000	-9.871894666652357	-3.0851327911749697	-6.786761875477388	-8.416077312471499	5.330944521296529	0.24571122764441344	0.612008508894473	3.8777974258478682	-7.2679954390421635	1.8267114289447899	24.280517636114055	1.0
915000	-13.235359640288967	-4.9742495371385385	-8.261110103150429	-9.024408388724911	4.050158851586373	1.0788577451746635	1.3590105634548415	1.149361922142838	-6.040089266669655	0.6052855468029052	17.259981605822745	1.0
916000	-10.703903469177934	-2.8652552805570437	-7.8386481886208905	-8.286958739817234	5.42170345926019	0.4034374358083724	0.23060022549365514	1.953388252622597	-10.78924605980585	1.073215956057508	28.43490285670431	1.0
917000	-12.641190222935963	-3.9319798070711727	-8.70921041586479	-8.497880000158986	4.565900193087813	0.30281541930863143	1.5254891541086126	5.846037826443071	-7.250669449292902	0.7062446138182805	72.98012528533312	1.0
918000	-9.936911380132232	-1.6481035616682984	-8.288807818463933	-7.812764346583647	6.164660784915348	0.4551770451610134	0.7094127518427141	2.6408859692232154	-9.230002176441452	2.1942956176195514	17.810837117391046	1.0
919000	-10.501688425999369	-3.35084441698546	-7.150844009013909	-8.994602681959897	5.643758264974437	0.36020278705963327	0.3911026921075939	1.380528923267693	-8.655831257637283	1.3848865446044902	89.54360598488076	1.0
920000	-12.131546449187017	-4.604819606271907	-7.526726842915109	-8.262351281177427	3.6575316749055196	0.575839215011681	0.47508568141437557	0.9504790872419542	-6.453718848987946	0.6784574793496809	13.034109423838094	1.0
921000	-13.48630048018852	-4.746468448464304	-8.739832031724216	-8.648117869323384	3.90164942085908	0.9176644875236628	1.6619421080609709	1.7845284384390234	-6.559074747777563	0.4549100988748379	27.300789486953025	1.0
922000	-10.028061707595775	-1.6031680642472566	-8.424893643348518	-7.865214236033893	6.262046171786636	0.5990326730055064	0.619609360951548	2.039379520123097	-9.37034899084832	0.9258834399620548	19.84936308801096	1.0
923000	-16.296247366953747	-7.8269828014204075	-8.46926456553334	-10.941746727724079	3.114763926303671	1.7550704690084766	0.48919328776726295	-1.2854095875189793	-6.028401107415473	0.5974357855246867	9.411942282405716	1.0
924000	-10.684831204535943	-2.226489375385298	-8.458341829150644	-8.171549206650557	5.945059831265259	0.5314105763671004	0.6906036050622785	1.3080828012181338	-7.758401051996859	0.43794260526730855	29.305023382010887	1.0
925000	-12.934460620094747	-4.051522723651949	-8.882937896442797	-9.233362915165877	5.181840191513928	1.2098059716549678	1.1890442487519537	-0.1464599716934174	-8.523479002506656	0.9389560342012929	25.318609497965106	1.0
926000	-10.261279441866481	-2.581576239862338	-7.679703202004142	-8.070617722003945	5.489041482141607	0.566050256716648	0.8154692545584231	3.5122694761903226	-7.078633528888075	1.3739273059856192	55.51673996813639	1.0
927000	-14.67567074161277	-2.9245097337300336	-11.751161007882736	-9.265497696374908	6.340987962644874	1.1782357006548452	0.6218434097405626	-0.7556600753511202	-8.737461962095463	0.21478861286478548	9.054810088552042	1.0
928000	-9.618702489012279	-1.6303129896037518	-7.988389499408527	-7.865512638873184	6.235199649269433	0.45416933030857437	0.773233069349117	3.9057820636677367	-8.756853548187927	2.676828187464543	41.18358563299684	1.0
929000	-13.014159678833323	-4.492147100274418	-8.522012578558906	-9.43043264846332	4.938285548188902	0.42952768688539716	1.2392182150876265	0.252242097427117	-6.73345774394945	0.9389813075689418	7.6928048274452765	1.0
930000	-12.051077084376873	-1.6586078546677019	-10.392469229709171	-7.959781568471479	6.301173713803777	0.6742164232646619	0.7078599866914109	1.8081715750005403	-8.491609120029109	1.2995500964282962	7.076646403799633	1.0
931000	-13.003236074201798	-3.0599567365739926	-9.943279337627805	-8.314751898296265	5.254795161722273	0.8561742859170896	0.3391382794455409	1.1707617459471955	-8.64827395235842	0.9166209072085123	891.5087162862247	1.0
932000	-12.381426914997528	-2.2908518711299735	-10.090575043867554	-8.503526831156185	6.212674960026211	0.5143000694318411	0.8130240029727119	4.4226835529766495	-8.508912421468724	1.6665396339670921	1120.023712420743	1.0
933000	-14.452714656298085	-4.636998141679932	-9.815716514618153	-8.334403468503767	3.697405326823836	0.6305166954597856	0.28942212709723136	3.451529326523151	-7.749245880786787	0.8784916237941465	7.311769648396399	1.0
934000	-13.578236560135956	-5.301164386338915	-8.277072173797041	-9.167199249491613	3.8660348631526986	0.21704816296949933	0.8495841387449482	3.3022772993045075	-5.7488816063451464	0.37989011536415895	25.056715645958104	1.0
935000	-14.010610985280497	-4.8112181761943615	-9.199392809086136	-9.299208512407205	4.487990336212843	0.28853141523445824	0.4583987823636072	1.8944006906601434	-7.141703583100916	0.8781408274227206	5.828980739886576	1.0
936000	-11.443458754030445	-3.1287851427953974	-8.314673611235047	-7.797723234620555	4.668938091825158	0.38325843662834874	0.4367180198724507	4.087997258612135	-7.401023350800441	3.1194307509845793	8.923470829697749	1.0
937000	-11.25501509544618	-3.810841930992705	-7.444173164453474	-8.090564855294549	4.2797229243018435	0.45348638975713157	0.9773181607138093	1.9148969306437262	-5.981028042525899	1.4352428957483006	47.461800288346154	1.0
938000	-14.728776000300952	-6.927180081087172	-7.80159591921378	-8.256841488267781	1.329661407180609	0.624915544946568	1.1814271903301898	3.3822014797990314	-4.227628212322293	1.3814361437381635	6.56280629885438	1.0
939000	-10.658037250175667	-2.8570819096245863	-7.800955340551081	-8.70354466031152	5.846462750686934	0.831806229476525	0.3089951110580815	2.5457188642851474	-10.06359651132892	1.3162442018548708	67.74779125728513	1.0
940000	-12.369669709584215	-2.3548574671258766	-10.014812242458339	-8.0611863416013	5.706328874475423	0.5683290408525137	0.7087754424805723	3.4780139088257167	-7.4348916283348	2.6885764306402984	7.068665323783361	1.0
941000	-9.503458159481358	-2.0620169943370623	-7.441441165144296	-7.8398411009340645	5.777824106597002	0.584436557788365	0.5377041999249293	2.1897561987764127	-7.978417254167605	1.171026004866016	23.93450659417882	1.0
942000	-13.637170294048653	-6.942092533857695	-6.695077760190959	-7.92105082994196	0.9789582960842651	0.5337294190073614	0.9304570995671362	1.882426513595944	-4.024365904593356	1.1704491351849866	18.775790558582656	1.0
943000	-12.95163417742308	-4.2704541716386775	-8.681180005784402	-10.389330713740524	6.118876542101846	0.5591023055406591	0.4591621381300769	5.329211520723769	-8.898075001195426	0.799730472178105	21.327501682203227	1.0
944000	-11.269809293419598	-2.5703152660646973	-8.6994940273549	-8.423133094020374	5.852817827955676	0.8861415967304924	0.8488363799953472	1.4327375086028105	-7.5019034749063795	0.5442967825022981	14.287120220299608	1.0
945000	-10.24362673386367	-2.521181367688408	-7.722445366175261	-8.036026563623555	5.5148451959351465	0.7052553752396062	0.7229390016834321	1.4324558210579577	-7.20909064516516	1.4540081986835336	14.181894666947352	1.0
946000	-9.90280902524832	-2.595398748907967	-7.307410276340352	-8.31784553986756	5.7224467909595935	0.398862520710389	0.8515503573730242	1.943220468659434	-7.325553116147751	1.7022469841565924	39.72082381320499	1.0
947000	-10.437098498294382	-2.1349511095330307	-8.302147388761352	-7.798732778513347	5.663781668980317	0.5449620641946652	0.523926474173714	2.419573082771599	-7.904561964906417	1.7425172967990556	10.029197162982998	1.0
948000	-9.753255613407047	-1.4848152637553564	-8.26844034965169	-7.754688461504067	6.26987319774871	0.4174233749002823	0.5114405724084247	3.6656934030113764	-9.624886631996459	1.0461050439062571	21.296092423389403	1.0
949000	-10.518942469751762	-2.7395836081634943	-7.779358861588268	-8.123660086393425	5.384076478229931	0.707207045034512	0.9011114039969583	2.455486446949108	-6.933580958659297	1.5536442655762006	34.316364564847426	1.0
950000	-14.070337547013835	-6.4858930079570545	-7.584444539056782	-9.41577946877965	2.929886460822596	1.268133498016492	0.7607632541184046	0.028831601685066044	-5.243037218365604	0.9782619486821054	22.1169454326045	1.0
951000	-12.40823059042643	-3.300219638867402	-9.108010951559027	-8.871239165003706	5.571019526136304	0.1834252940751121	0.5529200377665039	4.606732706795874	-10.322780583273865	0.6404459075939732	296.436686971652	1.0
952000	-11.791608027174338	-2.7176414280264565	-9.07396659914788	-8.588197317621539	5.8705558895950825	0.6619474778238643	0.5668324365890932	0.12492003134438545	-7.981512220875329	1.2222755991703314	7.807943559406598	1.0
953000	-11.51638528964655	-4.0465470833568995	-7.46983820628965	-10.021837517227663	5.9752904338707635	0.24828903857581963	0.8897276939183064	1.7383225595323653	-7.7375309615776935	2.6795596612300288	20.51819300226804	1.0
954000	-13.28891946661301	-5.892042225747431	-7.396877240865578	-9.478079105480763	3.5860368797333315	0.3187656102046811	0.37677759520803283	1.2937373519835398	-6.94353498382477	0.6504104762519272	19.73447549447027	1.0
955000	-15.219908020596566	-3.9673584949870584	-11.252549525609508	-8.540742044558499	4.5733835495714406	0.7649365023248559	0.7551712218502331	0.029656016603246516	-6.352908673487273	0.9580910042649644	2.975435552829469	1.0
956000	-12.112950960738573	-2.6246783590873166	-9.488272601651257	-7.955897538608343	5.331219179521026	0.30788804337104175	0.21964517490636956	3.8631979718115557	-11.066402756636283	1.2154008199527704	14.54805685765764	1.0
957000	-13.62546928962336	-5.684240227333648	-7.941229062289714	-9.177347043637155	3.4931068163035075	1.180944044878538	1.1188755572808788	0.37078833536866235	-5.452320449480425	0.6639986094283665	21.124767295421748	1.0
958000	-9.805012827327754	-2.029735421080849	-7.7752774062469046	-8.234742926889139	6.20500750580829	0.27736866457810877	0.7775754976512453	3.6351551350431572	-8.838287877350021	3.3213652205620456	39.036129668255654	1.0
959000	-11.736265030846845	-3.8771246030578697	-7.859140427788974	-8.393468141160962	4.516343538103093	0.35263002038548324	0.6173873971283227	2.286349976658318	-6.578396682762313	0.9832596854340281	8.318990443869422	1.0
960000	-11.288884289778654	-2.782274570383276	-8.506609719395378	-8.270703242805183	5.488428672421907	0.2181592062323422	0.9248831360833132	5.097411783618801	-7.046018944579353	0.5413894560024713	21.620712419442523	1.0
961000	-11.61829822226607	-4.11851838403177	-7.4997798382343	-8.36213446356009	4.243616079528319	0.5261866277834782	1.1608744493788201	0.9976102560823383	-6.002125147795633	1.0350389390672528	13.132220986394218	1.0
962000	-19.70682827290591	-8.0811848489877	-11.625643423918211	-11.805881094336508	3.7246962453488077	0.7842485776175512	1.057615713395188	-3.5889664355712476	-5.592325722810477	2.394229719224351	1219.1813344158315	1.0
963000	-13.15639190057276	-3.450527689833093	-9.705864210739668	-9.325659786502335	5.875132096669242	0.5144454263183215	0.5141032797400666	-0.20709047249619283	-10.201389908404494	0.639182994533276	14.21975929326081	1.0
964000	-15.09833523667312	-4.444900517799118	-10.653434718874003	-10.243105558415216	5.798205040616098	0.32613069661367794	0.2954846599121419	0.4222616664335599	-10.253323993869273	1.2493167052985819	8.262924377074748	1.0
965000	-13.925344562288032	-4.640245977913385	-9.285098584374648	-10.775959062485072	6.1357130845716865	1.5666586331279153	0.4180986415884214	0.39566672184914675	-9.299876400550463	2.08786753133161	38.596677663227446	1.0
966000	-9.173505416492697	-2.577274400300862	-6.596231016191835	-8.666908038548623	6.089633638247761	0.275784544155602	0.37648745165172615	2.90135812476853	-9.994569474301521	3.2687849721833464	58.735962969218335	1.0
967000	-12.513473477387713	-6.237089659170512	-6.276383818217201	-10.165865270407705	3.928775611237193	0.3205556307882475	0.4188283547425635	0.5636433800430114	-6.930743874322842	1.625119940220943	30.153808983840488	1.0
968000	-16.28115045554619	-5.472491262685159	-10.808659192861029	-9.654633822563088	4.18214255987793	1.3315486789973487	0.41500027634971576	0.13768126982497053	-11.491759209820907	0.5769753553895786	16.19149381579754	1.0
969000	-15.251776129963275	-4.3860823295210665	-10.865693800442209	-7.832313069966554	3.446230740445488	0.3345727686222672	1.2881450668991448	4.078919497531116	-5.51644086373559	0.5379885801773788	4.31616230869812	1.0
970000	-10.810934753572264	-2.349800849274663	-8.4611339042976	-8.295169261267773	5.94536841199311	0.7525621455454227	0.877841628812792	0.5732939993813104	-7.6646346351387376	1.7369823393927206	12.437764347669011	1.0
971000	-9.037187245518343	-1.7101693781960918	-7.327017867322251	-8.007838829681424	6.297669451485332	0.5316187718151323	0.5025320116156626	1.6578867526760002	-9.121152577387761	1.881635593567214	59.357017303688615	1.0
972000	-15.51039168205806	-7.68886365835955	-7.821528023698509	-9.347899120652833	1.659035462293283	1.202793034927695	0.9347001868840888	-0.8669435588198375	-4.38309116945405	1.2982034431561833	4.4688492609544195	1.0
973000	-10.371140769018886	-2.603473014669624	-7.767667754349262	-7.875872273133121	5.272399258463497	0.42655802353461303	1.1470546265898185	2.6334206263540256	-6.993334109238235	1.5569088905569548	21.607361322591323	1.0
974000	-10.27771760887947	-2.939412416071187	-7.338305192808282	-8.025029561798684	5.085617145727497	0.5679553482037892	0.19058971986397988	1.481143919351247	-11.291813121748406	1.8478074388954069	38.975591845961446	1.0
975000	-12.530416727391597	-2.0176137238592133	-10.512803003532383	-8.357356703754775	6.339742979895561	0.2565492592627221	0.571889366194333	3.772996021826651	-8.896619374553945	0.5087131900595501	10.195309027338991	1.0
976000	-12.406719508007685	-3.578542419755964	-8.82817708825172	-8.797507653484171	5.218965233728207	0.9692249953375612	0.8835814746150455	-0.3407740363940567	-6.775747921638436	1.953936031799888	9.267682000311053	1.0
977000	-12.698463904330826	-4.490634376103256	-8.207829528227569	-8.550328722458513	4.059694346355257	0.4845414300312835	0.6821654334221146	0.9460615210814183	-6.101391929707317	0.5599002886950606	7.498302101175675	1.0
978000	-16.201854939438423	-6.341884601711801	-9.859970337726622	-9.275968109997555	2.934083508285754	0.9883895709922352	1.6495944848125808	2.216648948480927	-8.60162471473722	1.2845076791738061	17.256410691551427	1.0
979000	-11.07716975116227	-3.0483660879329895	-8.02880366322928	-8.500549451527224	5.4521833635942345	0.8954262449524107	1.0145250553645053	0.29041078119609187	-7.04857535765142	1.263913831188868	19.581914744357857	1.0
980000	-10.632476055924544	-1.8731378842927828	-8.75933817163176	-7.808403414294257	5.935265530001474	0.3634601562609645	0.9690876221968957	3.6063567636654295	-7.850899874832943	0.4490353337498823	24.50915982463599	1.0
981000	-10.456146498856352	-4.409606502606783	-6.04653999624957	-9.657039358609072	5.247432856002289	0.15394669943997766	0.21784136792163436	4.349509056072359	-10.499396794737999	2.70517185005814	51.97443971399396	1.0
982000	-12.656246861317978	-3.4948985331215807	-9.161348328196398	-7.809060146307196	4.3141616131856155	0.3911710647654676	0.8543430416160385	4.1121623616915635	-6.057805147596737	2.37938037698842	6.30283634053069	1.0
983000	-12.349313574175975	-3.1060166952338353	-9.24329687894214	-8.510971792495985	5.40495509726215	0.8512560937363798	1.1585395850558124	0.12573886182748625	-7.22963959981079	0.4134330255314319	10.740341283952572	1.0
984000	-12.627315106745868	-4.46122446543303	-8.166090641312838	-9.251602514220039	4.790378048787009	0.4920686153079466	1.3468721146363722	0.011314040329154063	-6.784981039830921	1.3080987509449702	11.321320513420687	1.0
985000	-12.845817645230742	-3.911162996827546	-8.934654648403196	-9.644290763687312	5.733127766859766	0.6610064527483916	0.30723307601888294	4.368550152116281	-9.718781215867875	1.1283014287991417	455.3498461924288	1.0
986000	-10.510712124304451	-2.4112283397069785	-8.099483784597473	-7.904736211555759	5.493507871848781	0.4728547446326527	0.29899703210991074	2.2233079625111953	-9.397289611301895	1.004273975590293	190.64565558720778	1.0
987000	-11.090005656508644	-2.5634785019917894	-8.526527154516854	-7.848870216741024	5.285391714749235	0.5740292590990991	1.2648493872140087	2.827736966360973	-7.462128072417879	0.5479096106732299	26.609801023410167	1.0
988000	-12.40378581819686	-2.7351044646673177	-9.668681353529543	-8.071376762476515	5.336272297809197	0.3666140775094843	0.9024279430252439	4.887075451171481	-9.383345681808501	0.2979659190125843	62.79870546768297	1.0
989000	-14.405444344098195	-5.668715621939848	-8.736728722158347	-9.915643776391978	4.24692815445213	0.12057724752678226	0.3338835981714812	5.308471098094177	-7.767009704813488	0.6020631970742731	224.34830620016973	1.0
990000	-10.995099871600937	-3.29251676974763	-7.702583101853307	-8.9876942863411	5.6951775165934695	0.4617548659533921	0.3031121363979763	0.521669136341025	-10.834923211955012	1.2531633820322203	30.150366290261132	1.0
991000	-11.19835212007101	-2.6559106479842267	-8.542441472086784	-8.87874266182802	6.222832013843794	0.8376858686864128	0.5817964638708432	2.7255528667218965	-8.485669814285709	1.2733072058662205	14.781458198695757	1.0
992000	-12.611535568533322	-4.434749833156287	-8.176785735377035	-8.16785601203034	3.7331061788740527	0.7790445225102008	1.5589135218705727	1.1576694836610453	-6.092510975028062	0.8942191453861588	13.578603390083604	1.0
993000	-12.69203654619205	-5.534822779922631	-7.157213766269418	-8.157180603164191	2.6223578232415603	0.6244756167343788	0.7342976400508324	1.01581816176462	-5.093174618878151	1.2867400042411978	5.834795225678972	1.0
994000	-12.58200158058432	-2.918201800502022	-9.663799780082298	-8.123527265140833	5.205325464638811	0.6360529116104394	1.267470861629184	1.0725035424718714	-7.232743960645755	1.298709288801579	6.734565355927506	1.0
995000	-11.452753002977293	-3.386084765797464	-8.06666823717983	-9.734254763616283	6.348169997818819	0.5324018963739635	0.609936528521875	5.170090694108435	-9.108576590818023	1.9036246997615265	141.91823087855985	1.0
996000	-9.745142693959242	-1.7539939428323734	-7.991148751126869	-7.996405394033504	6.24241145120113	0.5623556588932609	0.7786426572422687	1.5727407499382626	-8.35185311000509	0.7923760911253636	27.691781924661022	1.0
997000	-9.456646905495388	-2.0430738184687165	-7.413573087026672	-7.899052661789469	5.855978843320752	0.3938438110136772	0.32103161550705783	4.381719005248335	-9.81527995963626	1.3618601358796116	108.6507980132556	1.0
998000	-9.76863752854834	-1.4662998927816817	-8.302337635766659	-7.81192507188001	6.345625179098328	0.564803800972662	0.5881846725421552	2.379718835770386	-9.190373799006947	1.6136141040838605	16.252443701848627	1.0
999000	-11.424716667246761	-3.1182980577414963	-8.306418609505265	-9.319310448531809	6.2010123907903125	0.23808465295264625	0.4305956200816881	2.6910238652958487	-9.415685736246164	0.5607242229178475	34.00519345783633	1.0
1000000	-11.011252094163472	-2.48845695761557	-8.522795136547902	-8.622510436046335	6.134053478430765	0.9235983390530113	0.770276566234688	1.6684271949173954	-7.991734179829973	0.6968688703561107	17.204746586115956	1.0
1001000	-12.274845309005677	-3.8005973485975098	-8.474247960408167	-7.949071816270273	4.148474467672763	0.40269743680169473	0.6164009127606406	2.6381188363265324	-10.798489154728612	1.4926946983419174	21.79622303067189	1.0
1002000	-9.133105378262716	-1.6938638529868726	-7.439241525275842	-8.049704616276852	6.355840763289979	0.5202370159455749	0.6197560193156324	1.6118722555416485	-8.875100056163683	1.5372588169004981	37.641938886361146	1.0
1003000	-12.859157548279054	-4.730921683477431	-8.128235864801622	-9.961979507739459	5.231057824262028	0.3452828034149338	1.0945714870946572	6.528872139430668	-6.86361089562337	0.9344029179868812	49.94294837373488	1.0
1004000	-10.328608910266354	-2.1126965719896997	-8.215912338276654	-8.459517409555001	6.346820837565302	0.8490273095565436	0.5795334118958163	1.9781971962664646	-9.201391628963844	1.0439582769767484	25.597612942704565	1.0
1005000	-13.687402456298177	-6.665528959994189	-7.021873496303988	-9.071784110244813	2.406255150250624	0.8476976444672523	0.4117921520650641	2.868101217751474	-5.93986899261109	1.3529957013155043	19.763401023675115	1.0
1006000	-12.339329483985402	-4.674877991596129	-7.664451492389274	-8.956109644331391	4.281231652735262	0.5401173559839741	0.5215534644097621	0.09011502990107273	-6.707610236434944	0.6114188999313145	15.464309755823411	1.0
1007000	-12.917166714793472	-3.883833534522447	-9.033333180271025	-9.71212543383931	5.828291899316863	1.342551541175867	0.8026504498396556	0.1985565003656573	-7.479695772100122	1.7889357141057725	16.022661898632695	1.0
1008000	-12.360454542516514	-3.689868914391335	-8.67058562812518	-9.767886140443256	6.078017226051921	1.278538506928048	0.6283225350058873	0.9200799067506931	-9.635234018542592	0.9132190157192652	33.504255983327255	1.0
1009000	-10.751959506876872	-4.00718246794146	-6.744777038935412	-8.485332056869535	4.4781495889280745	0.4146229201175101	0.39650140309638615	1.5468802202971434	-7.487502159903675	1.3055426032735808	26.23259206879133	1.0
1010000	-11.159020192600615	-2.1588636917569684	-9.000156500843646	-7.792248964171684	5.633385272414715	0.3630585255257203	0.9798494781186868	3.7739151128818764	-8.865938013463333	0.8782984984600402	15.59903564238328	1.0
1011000	-10.313488271439493	-2.373796713905338	-7.939691557534156	-8.699193345258607	6.325396631353269	0.7760506870540665	0.5976683757228894	-0.26374144419909107	-9.26191695221597	1.057171485505536	40.836629296552765	1.0
1012000	-13.059657731248144	-4.799026551349385	-8.260631179898759	-8.643677329912762	3.8446507785633774	0.9087542607710334	0.587410095570283	1.8540331553085059	-6.17792507239184	0.4162987033515529	17.870474791534587	1.0
1013000	-11.078913684487382	-2.088129033327851	-8.990784651159531	-7.746503355127691	5.65837432179984	0.41772665797302627	1.099883178938621	3.422464376191856	-8.216289349797988	0.7180961733549343	14.542711556383583	1.0
1014000	-10.783890510639237	-2.266768181493031	-8.517122329146206	-7.893325147481568	5.626556965988537	0.30947090180357373	0.37900646891414946	4.188468017879259	-8.732860783157676	0.6564870620230866	163.93190283080486	1.0
1015000	-11.116236947468924	-4.253654901966736	-6.862582045502188	-8.520447716583604	4.266792814616868	0.28236430429068654	0.2525326652671551	3.021663893369648	-8.642871805595986	1.2534327262762122	29.445046865481494	1.0
1016000	-10.60649204958802	-2.534712495881429	-8.071779553706591	-8.694005784166974	6.159293288285545	0.9983917510568565	0.40206569212525234	1.0069396428067152	-9.702920319306168	1.208512345020777	68.22476211758672	1.0
1017000	-8.997910028621082	-1.654035487906845	-7.3438745407142365	-7.7753128157512865	6.1212773278444415	0.4336356009953004	0.43899582705192963	3.724565232661841	-10.060154306118763	1.7402662019394703	78.31623285718705	1.0
1018000	-13.367010904100312	-4.476829156365888	-8.890181747734424	-8.45288077361728	3.976051617251393	0.8969998004619705	1.6904086824253242	0.507858115530437	-6.838254980738003	1.3367616891202745	28.376264806162528	1.0
1019000	-12.005530846598397	-4.484852115329701	-7.520678731268696	-8.993847911974932	4.50899579664523	0.2599062287142188	0.43187319671860863	2.710474599783837	-7.29871672766718	1.504437470468438	9.426151179563812	1.0
1020000	-13.761471219804072	-4.7849529599826	-8.976518259821471	-8.615805672117679	3.830852712135079	0.6481880859683834	0.3990246110009775	0.12039065116894684	-6.976845034185153	1.1197430445257757	5.403976582306877	1.0
1021000	-10.697108807818875	-2.4691432165857563	-8.227965591233119	-8.473243100154765	6.004099883569008	0.32294765876167764	0.40424536818828444	2.516369907728148	-9.107156432924183	1.5568126812628655	12.278023914714868	1.0
1022000	-12.490525237057092	-4.54684035195659	-7.9436848851005015	-9.734931351435453	5.188090999478863	0.6416267668315493	0.20553999006674603	-1.2491196114088274	-10.756165456643316	2.6565048234506348	21.322556482243083	1.0
1023000	-12.488736043048961	-4.676244799952961	-7.812491243096	-10.68431957490728	6.008074774954318	0.3357761288366063	0.9184942338996294	-0.10403794040171865	-8.544133684981759	1.5976136124167868	90.35744548347542	1.0
1024000	-16.50913095034228	-8.395856366866429	-8.11327458347585	-8.617373902902	0.22151753603557012	0.3708861097593446	1.5338007059448233	1.7605663652400665	-3.9293574564926947	0.32064490449335664	5.502607374336103	1.0
1025000	-12.323325488164015	-3.3894786984097056	-8.933846789754309	-9.056633621987162	5.667154923577456	0.3463997744381002	0.8196667533813903	6.004876819169212	-7.270812242866389	1.0831671121119404	12.959176523306636	1.0
1026000	-12.719274802339246	-4.229423662714834	-8.489851139624411	-9.755129301972463	5.525705639257629	0.10147942414101467	0.4987621967648162	8.138088122514167	-7.867430433851873	0.5825562308489048	45.960637170574174	1.0
1027000	-11.34784908037297	-2.588415136611383	-8.759433943761588	-8.510038288704337	5.921623152092954	0.3631639965743557	0.9444810515227847	5.447100812928105	-7.720996784130573	0.8601210214622597	193.36727426036356	1.0
1028000	-15.201840708618008	-4.076211221481085	-11.125629487136923	-8.115388191754784	4.039176970273699	0.7558518460698612	1.6265439264219768	1.3159724922167144	-6.62630323535632	0.7387914465114265	4.149709584944323	1.0
1029000	-11.629497692408254	-3.9620393978478736	-7.667458294560381	-9.064343934918025	5.102304537070151	0.6806481528981069	0.647241465381185	-0.6005620318777452	-6.974470184719638	0.7473557838609572	17.845913162285605	1.0
1030000	-11.84355115515442	-3.5784312148921416	-8.265119940262279	-9.33736692902885	5.758935714136708	1.1922473602966055	0.6561154738771846	0.8012871432974211	-7.595168696510809	0.6577311034236174	28.135440127270257	1.0
1031000	-10.739435761686027	-2.3454668887421466	-8.39396887294388	-8.214466085060348	5.868999196318201	0.44666645488370316	0.31950695151008335	4.5604666388472594	-10.473949357059297	0.7141040873634792	39.06661464058011	1.0
1032000	-9.413542941831096	-1.9575367478724726	-7.456006193958623	-7.996072762351815	6.038536014479343	0.5051118967197207	0.3768139642252651	1.8093532110145962	-9.49911836189907	1.1132717074822231	41.97630251184008	1.0
1033000	-10.269157364453143	-2.4416443617960004	-7.827513002657143	-8.373951147864965	5.932306786068964	0.2702611208246001	0.5998625723822143	5.899163275612601	-7.953055735095959	1.2850332858307543	158.04205266245827	1.0
1034000	-11.565813186128091	-3.291869119321664	-8.273944066806427	-8.889125947006312	5.597256827684648	0.6427565217928858	0.8246712601176686	3.9484403401850052	-7.188466352433183	0.6780035481248946	61.23378596542693	1.0
1035000	-13.119273045182014	-4.137916374966272	-8.981356670215742	-8.670645724187557	4.532729349221285	0.865833242121966	1.2891798047601744	-0.2272483275949158	-6.378245533630171	0.7779824650092861	6.625875440292287	1.0
1036000	-9.733481183741148	-2.577213559183188	-7.156267624557961	-7.746063027712885	5.168849468529697	0.41761558453487924	0.7104808307404182	3.447888321541456	-6.904923634287427	2.267455995001202	27.311666551844343	1.0
1037000	-23.35265626357407	-10.82599961631745	-12.52665664725662	-8.986002486822803	-1.8399971294946458	0.6830883065765297	0.10927497190970914	-0.5052325179413211	-7.100368194801847	0.2546312446093962	3.976872246846031	1.0
1038000	-13.525712650651492	-6.409253795839149	-7.116458854812343	-8.258169036247672	1.8489152404085227	0.8064737114545495	0.21847436522135294	1.8084178783342741	-7.274085850003119	1.2182969370336703	18.926432028696492	1.0
1039000	-9.998660963418633	-1.9458640830856515	-8.05279688033298	-8.004850224341329	6.058986141255677	0.3366881669134372	0.9196841985834003	3.2428666897875003	-8.222169709229382	0.7698163981940923	56.3105065976234	1.0
1040000	-11.115928874697893	-2.5871080293737387	-8.528820845324155	-8.369599069249354	5.782491039875615	0.8017969582981823	0.8823746586566634	0.42427161256239776	-7.406210055102736	0.7375257731772498	11.459938650368962	1.0
1041000	-11.905224459345868	-2.903528578314491	-9.001695881031377	-8.271490843800295	5.367962265485804	0.354969129015826	0.928122781453102	2.463147419068128	-9.279734294297523	0.44470097383653256	82.6965625917951	1.0
1042000	-11.554164767904405	-2.6881349971135347	-8.86602977079087	-7.941424116178771	5.253289119065236	0.5297472982870615	1.2796788930150784	1.8384275165661523	-7.846825731898764	1.3406065628412627	142.76279291109162	1.0
1043000	-12.127456650163605	-4.08638843272388	-8.041068217439726	-8.205816594834719	4.119428162110839	0.7830750529203007	1.0700424811707592	1.8905302163714202	-5.8698354356014315	0.6347232447872233	11.133241077282147	1.0
1044000	-13.059785336320846	-3.293810029664124	-9.765975306656722	-8.553411524944329	5.259601495280204	0.9460380852325456	1.226657129394531	0.4254561983029892	-8.244054373206207	0.6829474579808801	10.119130564671305	1.0
1045000	-11.34341012818982	-3.0676543140695927	-8.275755814120227	-8.314677824725607	5.247023510656014	0.85545948311027	0.21910643664531235	1.0407169330330905	-11.364290793023862	1.0754838260151791	145.5103255204347	1.0
1046000	-11.778121032421089	-3.6880275533926596	-8.090093479028429	-8.170168502816905	4.482140949424245	0.6170038873646202	0.31401727899281845	1.0045910812843724	-11.779469411955438	1.6176080166205105	30.520610030961944	1.0
1047000	-10.527746578676014	-2.64980755360666	-7.877939025069354	-8.380224196094733	5.730416642488073	0.660665022894177	0.8608688880184365	0.48178179314862457	-7.334420789142704	2.109982909820526	21.624250487063417	1.0
1048000	-9.897453548712132	-3.4943154838761092	-6.403138064836022	-8.6716016192506	5.177286135374491	0.2375330504599746	0.3681541109619458	3.588957048233673	-8.314778435113068	2.146292429791828	62.76616922837962	1.0
1049000	-16.35830798229087	-9.529480227083244	-6.828827755207627	-10.901892956041035	1.3724127289577908	0.28960439750694233	0.3596160071591717	0.269828381213609	-5.610315863219841	1.02269547610133	61.19863731355257	1.0
1050000	-9.715082382615693	-1.614859411106151	-8.100222971509542	-7.963418746497272	6.348559335391121	0.2863234021468666	0.5798043278131491	4.8622265418267565	-8.92170720923056	1.083958168753074	21.261167378229548	1.0
1051000	-12.325895774151856	-4.499205014099259	-7.826690760052597	-7.995130916127024	3.495925902027764	0.27591637684956305	0.10243404290724217	4.952807708543892	-13.25530879627452	1.0654433926299394	65.2619295097839	1.0
1052000	-14.644224870290547	-6.671300990317765	-7.972923879972782	-8.418751068162662	1.7474500778448965	0.799819654436557	0.6016243147967779	0.2919427065369684	-4.830577416869046	0.9990555143228896	3.3121301814288584	1.0
1053000	-15.780377970110527	-5.013849570269398	-10.766528399841128	-7.953799310115237	2.9399497398458383	0.4320201737997479	1.5348426046690007	4.257426796992451	-5.436640693480319	1.0316383867264098	4.339441373643122	1.0
1054000	-10.674098523100582	-1.7996853299572608	-8.874413193143322	-7.788078215733122	5.988392885775861	0.5075022933602291	0.4280094257120176	3.202111268530183	-8.876855230541674	2.482155685584692	10.696110818417601	1.0
1055000	-11.223056634430819	-2.773277613329147	-8.449779021101673	-8.465570157163935	5.692292543834788	0.8995568106088804	1.0594018089184605	0.4637292217342434	-7.5120099537628535	1.6962790129893364	30.27495849139235	1.0
1056000	-12.674739341421375	-3.275599287494111	-9.399140053927264	-7.831586901735856	4.5559876142417455	0.5267820835291286	0.5163001615393737	2.2282189146055273	-6.936461890983237	0.9451912333314223	5.599086011439816	1.0
1057000	-12.103650921095486	-2.3544625810228395	-9.749188340072648	-8.232535892577559	5.8780733115547195	0.7059931778870182	0.4317757852454052	2.72590992576987	-8.672147317556686	0.8075029176302656	9.602374082021937	1.0
1058000	-12.981587316600633	-4.05056292522486	-8.931024391375773	-9.419074405810314	5.368511480585454	0.7530363372857899	1.1125323056182288	-1.224379908561645	-8.63078699247223	0.8886417659322431	15.424814761242336	1.0
1059000	-11.847437283189658	-3.947811524754524	-7.899625758435134	-10.054421801282913	6.106610276528389	0.500589317610139	0.38361714956582166	-0.8897193744014296	-9.697677729213545	2.2088391209203335	16.357018767163236	1.0
1060000	-12.09302492731886	-5.022405892863068	-7.070619034455792	-7.775160110943055	2.7527542180799873	0.39533081124309105	0.8426266222700092	3.3717216175279825	-5.0529526522324195	1.3320191394073935	9.889272734833689	1.0
1061000	-10.67071680135805	-2.3592652163761585	-8.311451584981892	-7.870580922906402	5.511315706530244	0.585877987786728	0.8072703135660864	2.8053209773122196	-7.107998863626299	3.0745299252271985	42.515786664347814	1.0
1062000	-11.061531474418029	-2.662693980895317	-8.398837493522713	-8.855424635915698	6.192730655020381	0.8861086451669439	0.521113902529877	2.3747306774871664	-8.679612013200012	2.6036096115223923	26.208854303135034	1.0
1063000	-13.632289935348043	-6.423382600590544	-7.208907334757499	-12.711536292419218	6.288153691828675	0.22889830866287958	0.7220289517285338	-0.31955795347647975	-8.856055202797698	2.2124786422270124	77.25115424043278	1.0
1064000	-10.22861217713871	-2.8656244712195127	-7.362987705919197	-8.940274265441309	6.074649794221796	0.18945511965392836	0.763915721978556	4.307962489675415	-7.8756161566449805	1.8391945202063826	20.406240035895035	1.0
1065000	-10.680975622780236	-2.543676786770135	-8.137298836010102	-8.705023617211939	6.161346830441804	0.7514247261115423	0.8472151814255231	3.088299568216353	-8.498427524173605	1.3894025621501938	32.903244829706615	1.0
1066000	-10.82044820312089	-3.220369091558987	-7.600079111561902	-8.863827629902625	5.643458538343638	0.7620768033667383	0.5639063960946465	3.189249395436281	-7.728654110242583	1.7267453576672	30.22691255077461	1.0
1067000	-11.708085831521343	-3.6339491491255878	-8.074136682395755	-8.03484326366045	4.400894114534863	0.495885943919108	0.8055843535857627	1.7688065531471522	-6.164068833390009	1.7555680814783663	6.37730413562374	1.0
1068000	-10.40579051890606	-3.9277261060569177	-6.478064412849143	-9.063268287164306	5.135542181107388	0.19927047091279787	0.4045005891355727	3.8577220540129664	-8.007785704908512	1.9617374440107809	68.48114417450698	1.0
1069000	-11.02021323869943	-3.177826768769634	-7.842386469929797	-7.914953088271902	4.737126319502268	0.6290864673169083	0.974455517540573	2.5097793136330684	-6.33580029141176	0.6868100828979617	26.139809086686395	1.0
1070000	-11.89859586474433	-3.4507800126462627	-8.447815852098067	-9.192705596873726	5.741925584227463	0.23442724241565122	0.8441081654145017	2.9156287126725844	-7.351813007539707	1.160667888398976	9.059075606935739	1.0
1071000	-11.584500284535439	-1.997143395504823	-9.587356889030616	-7.744536938319905	5.747393542815082	0.45809383897393435	0.5944685981730008	3.30120332147551	-10.062095841994697	0.3159451602286049	87.5230282596422	1.0
1072000	-11.63488583513615	-2.774887814213864	-8.859998020922285	-8.505334917384321	5.730447103170457	0.3009191545038051	0.28122771436088484	2.7652092410498383	-10.386410645905544	1.0311142670684836	15.411221490402317	1.0
1073000	-15.489419598355683	-5.69088861751678	-9.798530980838903	-11.16210773717566	5.47121911965888	1.5954938158861547	0.9130568114965895	-2.940204582000233	-7.025758579777928	1.3394482286618459	10.09475876904203	1.0
1074000	-11.58298587012851	-4.486020044465627	-7.096965825662883	-9.193085823469385	4.707065779003758	0.6298355925247177	0.30100667032346423	-0.5933731757911775	-8.475540114455518	1.5426039349517568	59.124678307355275	1.0
1075000	-16.38869930388697	-10.493125731237825	-5.895573572649145	-8.88168119134701	-1.6114445398908144	0.825209002936487	0.7349453516072741	-0.60633215338027	-2.849645480215787	1.5739974447508278	6.203529502030024	1.0
1076000	-11.549833647527047	-2.796495008286813	-8.753338639240233	-8.972171216906995	6.175676208620182	1.0570881915476775	0.8261948168770595	-0.5006337544048554	-8.190477977774112	1.1511276505996724	113.59936381103091	1.0
1077000	-13.516215554640219	-4.283937597879667	-9.232277956760552	-9.621149626559937	5.33721202868027	1.2657362858809105	0.9094735154522603	-1.2912277962627714	-6.884604493591704	1.22776355685963	8.046245598152925	1.0
1078000	-11.077414414733486	-2.1984689456510047	-8.878945469082481	-8.383884909495315	6.18541596384431	0.4650718033457809	0.45760498181538395	1.3213466002112348	-9.072511186838318	0.3806867279442808	34.645507962779995	1.0
1079000	-12.528982063340512	-4.272022761884948	-8.256959301455565	-9.194344421087147	4.922321659202199	1.1267147101387107	0.25151035113211645	-0.8146452604252228	-9.315216959976732	1.6807369949856992	20.71907415622484	1.0
1080000	-11.583561061144877	-1.529947394641904	-10.053613666502974	-7.809560858222943	6.279613463581039	0.35963537443622834	0.475925330553679	4.194333806627038	-9.55661200011557	1.0705437772716249	10.706432362938639	1.0
1081000	-10.930259867706107	-3.192335027410806	-7.737924840295301	-8.06595596969729	4.873620942286484	0.7042797688715926	0.6163671418978522	2.289333195726062	-6.860545318475345	1.9182938761997836	75.38304306393617	1.0
1082000	-10.406918487191476	-2.9897857692424887	-7.417132717948987	-8.437521266697523	5.447735497455034	0.5337122862773779	0.7436667905648542	0.8396673862824722	-7.11212822859171	0.9385465590164519	22.452982243301687	1.0
1083000	-9.794764367572032	-2.0848849213724057	-7.709879446199626	-8.39504805973862	6.310163138366215	0.5986128071876892	0.5046208835223781	3.7462192090333453	-9.186357888318245	1.2616681790138897	68.42815828021922	1.0
1084000	-10.656134786222532	-2.264500490177875	-8.391634296044657	-7.917507906543813	5.653007416365938	0.5250313929396281	0.9345066277070829	3.5080002679841766	-9.016578537147245	0.7384895720051093	58.657244072417896	1.0
1085000	-10.651183818260503	-2.4018278291007267	-8.249355989159776	-8.6175734690572	6.215745639956474	0.3158331964990875	0.6311556471351321	5.875766925672247	-8.325899963609233	0.700683516931723	35.16887070934795	1.0
1086000	-14.315304969468409	-2.381569668433402	-11.933735301035007	-8.079881759392071	5.6983120909586695	0.42276231010892373	0.28788795973665254	2.1682511142908605	-9.991154457971245	0.19892101069340345	12.429369401902607	1.0
1087000	-10.133482725082091	-1.5255296149555715	-8.60795311012652	-7.8298864400959545	6.304356825140383	0.417597313161026	0.5308189942528302	4.044947640934742	-8.945879952835963	0.7011078161300325	20.15113100572178	1.0
1088000	-13.70776598581629	-5.40746173884782	-8.30030424696847	-9.600177095066007	4.192715356218187	0.43785808339087245	0.49054056305662674	0.005238604052458474	-6.768039989145188	0.4853041904626679	10.215483257983253	1.0
1089000	-14.19109070602346	-3.9362782920994723	-10.254812413923988	-8.21287249472167	4.276594202622198	0.8079548008380368	0.884284190483302	1.4576458654523583	-6.010896911512893	1.2641504955228087	3.477708617526021	1.0
1090000	-10.568348355615592	-2.9622281321238173	-7.606120223491775	-7.909008006204951	4.946779874081134	0.4751109413892799	0.9022420416147565	2.197793310206728	-6.52520445385692	1.464268317292534	11.387316956080015	1.0
1091000	-10.322361877936281	-2.590938656840084	-7.731423221096196	-7.780898609999431	5.189959953159347	0.36914224953257285	0.6701129695320929	3.8501009555332453	-10.181533187307767	1.4508367080380065	44.07578913112489	1.0
1092000	-10.854426635424476	-2.324784176116431	-8.529642459308045	-8.349579563290025	6.024795387173594	0.6631375104528535	0.9086415875238465	3.2430993588183012	-8.561773700870697	0.6400026378948136	30.38650245748452	1.0
1093000	-10.792289642614296	-2.9887319072278267	-7.8035577353864705	-7.81707135098301	4.828339443755183	0.3461094371235603	1.0822360542118954	3.9005219731521206	-6.443616905037034	1.255368448634776	14.5466801415031	1.0
1094000	-13.707158307228976	-6.053915295995554	-7.653243011233423	-10.346975421502982	4.293060125507428	0.9584212417510396	0.5710774042342306	3.226391917255962	-6.544875598894624	1.658176115980862	23.37049825371966	1.0
1095000	-11.871999299873416	-3.547446667411453	-8.324552632461963	-7.813588524240558	4.266141856829105	0.3919808028983517	1.3268755106493828	3.188603337020798	-8.775054163589484	1.0804251268762943	38.066291086463764	1.0
1096000	-13.86410840577001	-4.577521159281925	-9.286587246488084	-10.546024750020983	5.968503590739058	1.312780599290821	0.783816500487574	1.6099194898986213	-7.689144263918622	1.8333299380241153	14.31106751094804	1.0
1097000	-13.971342696312176	-4.594296655212203	-9.377046041099973	-10.496005574566105	5.9017089193539025	1.4678516595023383	1.0037678291426182	0.6667434972129772	-7.96717252311578	0.4949319682170036	97.72732409166765	1.0
1098000	-11.399231667853156	-3.578934375895007	-7.820297291958149	-9.061481366830357	5.48254699093535	0.524907171166437	0.2974035449654552	0.041571161914319754	-9.402043243950311	0.7713201661126534	33.72392249977195	1.0
1099000	-9.920008619598807	-2.6160908301963843	-7.303917789402424	-8.169635145218383	5.553544315021998	0.3284918659526732	0.8011607921702704	2.976266356659853	-7.157380992158796	1.30136517821146	51.23200496942681	1.0
1100000	-11.98620077109717	-5.111314945096748	-6.874885826000423	-10.319150973293631	5.207836028196883	0.5018862421064575	0.2037115861584421	-1.1546623583551012	-11.017510849438265	2.9656069925949917	65.30054014731968	1.0
1101000	-15.037271895329361	-5.432596448877811	-9.60467544645155	-11.116710897324348	5.684114448446537	1.7714822129984718	0.880531234961446	-0.6531476040556295	-7.274988297013701	0.8481890774181574	8.878992759639992	1.0
1102000	-9.847543760871202	-2.597742860940344	-7.249800899930858	-8.761206637591906	6.163463776651562	0.41564741273306044	0.7201444364308469	1.1570415186353755	-8.075411854184837	1.875027179002046	43.832944559664995	1.0
1103000	-11.832380018666257	-3.4452257989792736	-8.387154219686982	-9.288990017750937	5.843764218771663	0.4054472965887505	0.6097375505830115	0.6076988834290975	-7.812048513196953	0.43129264265714595	34.08150369899173	1.0
1104000	-12.1116154355697	-3.9200105350172665	-8.191604900552434	-10.212292899293468	6.292282364276201	0.4878062030185351	0.5472428238269675	5.6787214401856065	-9.498250933697639	1.0735220250900521	31.818620080027593	1.0
1105000	-14.961221726750964	-6.0867585467423595	-8.874463180008604	-8.561109569655514	2.4743510229131545	0.8368105234117428	0.7109769197994172	-0.012523689068787064	-5.040001019798133	0.45147161637724514	3.690425962021456	1.0
1106000	-13.915108580046567	-3.406714824344366	-10.508393755702201	-8.481192970851968	5.074478146507602	0.7971286864062682	1.2482747107800871	2.45976985938924	-6.932651932881938	3.055238533391595	12.894830194725149	1.0
1107000	-12.574379733045932	-3.4232949555885863	-9.151084777457346	-8.87242417894209	5.449129223353504	0.8363090191077858	0.5697586958577928	-0.5983811073311848	-10.348691156016965	0.42089447555002757	47.94109548343859	1.0
1108000	-11.856776037342428	-4.623714526367947	-7.233061510974481	-8.099548581723925	3.4758340553559774	0.7321423885924848	0.7983469461733972	1.2184747590877174	-5.540143422317628	1.642843515689751	10.704153981721248	1.0
1109000	-11.50079509967316	-3.5500092326963877	-7.950785866976773	-8.318391005699254	4.768381773002867	0.3904303458829792	0.9772150991534907	2.0199977543891983	-6.3616452776394645	1.1327448624407377	98.09323578757963	1.0
1110000	-14.217823839539168	-6.282641654632734	-7.935182184906434	-8.29840265274466	2.0157609981119258	0.6409996235517998	0.07482401642358828	3.3276831512987695	-11.206390450304788	1.280382267830115	210.8145265073362	1.0
1111000	-14.0320049563496	-4.8425712451402205	-9.189433711209379	-9.414031067829562	4.5714598226893415	1.1867040450915836	1.3791121999376614	-1.1225576166032456	-6.583649346390573	0.3233741830925137	41.576211578807055	1.0
1112000	-9.295037764993463	-2.2306643235828147	-7.064373441410648	-8.01965395193853	5.788989628355715	0.2861649857431187	0.6334218162720565	5.1293914129554885	-7.683482594778779	1.8639421887753196	38.96753581713685	1.0
1113000	-11.429242566481694	-2.9080983153398137	-8.52114425114188	-7.955635351586613	5.0475370362467995	0.37554433573487295	0.8987295769819452	4.618260268546724	-6.614079569976929	0.599453317311607	94.93520818081221	1.0
1114000	-11.480664283502716	-4.174707196306946	-7.305957087195769	-7.869591825037411	3.694884628730464	0.5448362208021051	1.0495101872319137	2.022072861579009	-5.571478849191093	1.3495065626319485	24.53130671102468	1.0
1115000	-10.666874199701097	-3.003989450128053	-7.662884749573044	-8.362114962938614	5.358125512810561	0.4103877536507412	1.1443168535869819	1.770684583131127	-7.113398324108942	1.5511297595829217	26.0402063575983	1.0
1116000	-13.15710355852912	-3.1292711324421347	-10.027832426086984	-8.76101473586694	5.631743603424805	1.0340940023260974	1.066467956593656	0.24345533504777944	-8.485461006053528	0.4285341486744347	11.395877151209218	1.0
1117000	-10.288382314552319	-2.2865343215913656	-8.001847992960954	-7.783852041662227	5.497317720070861	0.5233476800570793	1.0329413627296893	2.522754386621716	-7.1262060822848525	1.7050246263167705	15.6242570803597	1.0
1118000	-10.266129919063193	-2.357128713541054	-7.909001205522138	-8.148766937026181	5.791638223485127	0.5713082862019401	0.9553743146137034	3.6044341834218323	-7.476310338357756	1.4095662643766609	50.76974949308725	1.0
1119000	-10.909851683052134	-2.7583329594514545	-8.15151872360068	-7.813926092650251	5.055593133198797	0.5678990974706386	1.0396627225599857	2.617194422340667	-6.633505850733041	2.0785732067570994	14.351209627193747	1.0
1120000	-10.513732594735561	-2.71673615238464	-7.79699644235092	-8.763583445478803	6.046847293094163	0.6496628828551003	0.4495611678287226	3.7954589566325323	-8.823580592091513	0.9718169504436717	49.3489924726967	1.0
1121000	-9.030663662421874	-1.447432624127905	-7.583231038293969	-7.7617597342811	6.3143271101531955	0.4418847657249738	0.5762258626591567	2.999612777832656	-9.361421202956343	2.5520191690884793	29.563455609077153	1.0
1122000	-8.879748665088684	-1.5128432947800956	-7.366905370308588	-7.745217788123107	6.232374493343011	0.4707733065899387	0.46225250621810315	3.02570035049929	-9.188475332262454	2.4287755352832976	26.68088371148551	1.0
1123000	-9.934227722398031	-2.015999922749936	-7.918227799648095	-7.806373142405187	5.790373219655251	0.4271025413157192	0.6020133003414224	3.9034308127780717	-10.003709278904996	1.1067183579331739	38.814272669047	1.0
1124000	-12.398945439200855	-2.064538423861179	-10.334407015339677	-8.30243587140963	6.237897447548451	0.792495173464777	0.611827889135192	0.6084890432324397	-8.425089398323772	0.6627943917419188	7.5575067978391575	1.0
1125000	-14.859364898611405	-6.072167828491118	-8.787197070120287	-10.137463522632586	4.065295694141469	0.10932735613832577	0.5990459668979716	8.671526653483205	-6.298870186756492	1.4235057000236737	14.441663082228697	1.0
1126000	-11.294963340950861	-4.4460498160190856	-6.848913524931777	-7.817258781815155	3.371208965796069	0.4942590252323576	0.786301948582198	2.4071636687673834	-5.48665962373139	1.7623848470467371	17.96129708207828	1.0
1127000	-10.852042314841826	-1.966058785793109	-8.885983529048717	-8.04107872276922	6.07501993697611	0.3821374669996689	0.3839595029002025	4.739692599819289	-9.525324725429329	1.3318411586231698	14.384052904170542	1.0
1128000	-13.493957433463924	-5.136401838129403	-8.35755559533452	-8.617485965436213	3.4810841273068096	0.9044645022837419	0.9495852951598099	-0.04198289086431706	-5.442468275328248	1.6396720787112806	5.281239147585531	1.0
1129000	-12.047936078669611	-1.920094266175023	-10.127841812494589	-8.15954762159844	6.239453355423417	0.7495177973502113	0.44289234472686045	1.0093951923625877	-9.599941923377509	0.7452365511894412	10.424802605738966	1.0
1130000	-11.715179575185529	-3.165984796892154	-8.549194778293375	-8.994614313787741	5.828629516895587	0.9499687775642267	0.8477584797195971	2.1224952668923174	-7.467237262550473	1.3427148011617251	97.21350898395762	1.0
1131000	-12.227969110860242	-4.174858219726525	-8.053110891133716	-9.042466827194252	4.8676086074677265	0.25041251893232636	0.859575656138065	2.811819572484276	-6.480058833228779	1.4367584708162358	7.487692318292628	1.0
1132000	-12.77298671711366	-5.395061117353695	-7.3779255997599655	-8.464873801611756	3.0698126842580606	0.7934825177574314	0.9662532811374981	0.1790826140999796	-5.180780999995903	1.1610531089694447	7.605184550241727	1.0
1133000	-13.625192453813314	-5.054236483452192	-8.570955970361123	-11.010467445525988	5.956230962073796	0.4676789657459086	0.9436472537191111	-1.5653069501758163	-8.521449315832434	0.7316528685828134	115.73133756300791	1.0
1134000	-11.923612496455148	-4.441806805000969	-7.481805691454179	-9.516969087212372	5.075162282211403	0.4862040853834547	0.9950403719829263	-0.24555001761369366	-6.635089273012058	1.863573345401997	17.075975670247193	1.0
1135000	-9.731889889699147	-2.1493979215153516	-7.582491968183796	-8.000541023666168	5.851143102150816	0.5573147805159566	0.3401580021950574	3.4435265136975257	-10.592939891331241	1.597711086451896	105.79292787024411	1.0
1136000	-17.34393128862141	-9.268718137492034	-8.075213151129375	-8.864941527340536	-0.4037766101514979	0.7770855385124174	0.4146063034738008	-0.5301192140241338	-4.260744263255668	2.819374397299952	2.2192863642835756	1.0
1137000	-13.357078944351876	-3.6078741315747216	-9.749204812777155	-9.474250596820871	5.86637646524615	0.5871037865736474	0.548064911322591	4.694961743013514	-8.045776439596493	2.561528458070159	9.327201076692004	1.0
1138000	-11.41928408605061	-3.6055181123031605	-7.813765973747448	-8.7872530480014	5.181734935698239	0.9930031341160365	0.417927285020151	-0.22900441791812054	-7.96449588376495	1.10182176107111	18.99684710575951	1.0
1139000	-9.487978825138228	-1.9098919745296303	-7.578086850608597	-7.847558294101674	5.937666319572044	0.3495420594715528	0.7000176418081253	4.417980665065464	-7.732797169482748	1.811186634969912	19.078098884824623	1.0
1140000	-11.322440374067202	-3.150268921765692	-8.17217145230151	-8.030176052938275	4.879907131172583	0.3024482405575503	1.393981577707842	3.7067842582336246	-7.901494409154105	1.3654946739492293	36.44060993745552	1.0
1141000	-13.240644719971018	-5.3866443374541015	-7.854000382516916	-8.202380843404665	2.8157365059505635	0.485728645235757	1.1358069566130813	4.278998190675684	-5.03512612907063	1.001174333062784	10.863132733945225	1.0
1142000	-13.853007610182587	-5.56628472681816	-8.286722883364428	-8.008661713860535	2.4423769870423753	0.6767127527113669	1.036955647845892	1.4488048080976015	-4.80193410457205	0.7343909466693814	83.24714222491505	1.0
1143000	-16.078573480982833	-9.12851125276703	-6.9500622282158036	-8.720027251992558	-0.4084840007744719	0.6338618784544985	0.255560011731342	3.8547497771344803	-5.405394454170376	1.0104811267971308	39.5046494458286	1.0
1144000	-12.110401748872373	-4.308732477733493	-7.80166927113888	-9.127958770128398	4.819226292394905	0.4746336722631542	0.1678108180381395	0.26667255139762835	-11.181572144497876	0.9873316792246395	118.80927099794418	1.0
1145000	-10.260120691863793	-1.7453383997104517	-8.514782292153342	-7.805044107169076	6.059705707458624	0.38822523324810904	0.4676584331361955	3.2742659801078258	-8.725770157056976	1.2109508386379124	12.384301839259297	1.0
1146000	-10.662468127813533	-2.4668236215795094	-8.195644506234023	-8.214973371783044	5.748149750203535	0.7286669029263891	0.9040470733843193	2.494290856951639	-7.365261411912896	1.7387264842256471	16.712676741573105	1.0
1147000	-10.1775431961714	-2.331073910915795	-7.846469285255603	-7.757735846784159	5.426661935868363	0.40487818170230006	1.0824899372965437	3.7291484349177284	-7.097394552483121	1.8706427773265237	28.242365915466646	1.0
1148000	-11.96810664555772	-3.172859220544682	-8.795247425013038	-8.118545905663428	4.945686685118746	0.7597101986985	1.3339242085074843	1.7240759702198245	-8.154674847736707	1.262250707098127	74.97799390326915	1.0
1149000	-11.071011813067756	-2.2911509022854997	-8.779860910782256	-8.213264125943024	5.922113223657524	0.5504391330047379	0.6780987117495464	3.8466165160138366	-7.7500888012755444	0.48701339858282033	19.193047778786976	1.0
1150000	-11.896195501767714	-3.051009929811208	-8.845185571956506	-8.471767490210038	5.42075756039883	0.8603563213545353	1.2047095256107527	1.9008091134986929	-8.037708189903674	1.7154055130991284	40.67413553631077	1.0
1151000	-12.752376380046787	-5.306405715259041	-7.445970664787747	-11.475950689811434	6.169544974552393	0.3008718782496581	0.5251488762690966	-0.386486480847874	-8.610878265014831	1.138917613866407	18.468990634272934	1.0
1152000	-10.421671860970985	-2.2623028825716265	-8.159368978399359	-8.325228944426001	6.062926061854375	0.32133540854418013	0.807919056358944	2.780340614056019	-7.84917933016874	3.1498379512014982	14.562434817921682	1.0
1153000	-15.132020332026611	-5.469433487075225	-9.662586844951386	-7.8989886011521975	2.4295551140769724	0.5725003868801722	1.074139097671458	3.05490811673307	-4.796909319791453	0.23255632708331697	5.8708379810573526	1.0
1154000	-10.191483844484484	-2.0061375030874418	-8.185346341397043	-8.29495941560598	6.2888219125185385	0.5812726791924137	0.7362716109553344	0.8708544203753987	-8.743439716961198	1.070243577150697	17.427025702925388	1.0
1155000	-11.561858715237621	-3.8929601860963725	-7.668898529141249	-9.42214089093104	5.529180704834667	0.23642664051456294	0.6935336849896112	2.600156198533101	-7.2730944573707905	0.7693797781690181	16.926060081462094	1.0
1156000	-11.523046100508985	-4.3571817976601235	-7.1658643028488616	-8.07804780274398	3.7208660050838565	0.28417613563914107	0.12989511993156114	3.907877903296722	-10.636669242406846	1.3317261443672217	36.83427838913384	1.0
1157000	-9.922807854228479	-1.9829803377223154	-7.939827516506163	-7.789894008515306	5.806913670792991	0.45398735260827	1.045146462928468	2.7505137534921764	-7.814042817906552	0.9775503629815383	25.020639931261826	1.0
1158000	-17.65290504959792	-5.248872635386064	-12.404032414211857	-9.10642096177935	3.8575483263932853	1.1247440793661396	1.0892312545113323	-0.5625928724836665	-5.688954526460471	2.5789749200294736	2.8679615590815057	1.0
1159000	-11.385055926008906	-3.0199660807362214	-8.365089845272685	-7.940166107170124	4.9202000264339025	0.6366036218526226	0.5444842290824382	1.6850278599713215	-7.122528093375783	1.3418846435814247	7.6669138141307736	1.0
1160000	-14.738144684835236	-4.086633528441601	-10.651511156393635	-10.164654295693797	6.078020767252196	0.5018798210477498	0.5535397295970104	-1.0057609909654774	-8.323185140806059	0.6864961778260552	6.415265055223251	1.0
1161000	-10.117275328841469	-1.7216041230246946	-8.395671205816775	-7.942218830873852	6.220614707849157	0.6654982891295866	0.8030386020548611	1.9484350275421	-8.577622802737828	1.130552417112348	16.561892380375674	1.0
1162000	-10.822161624007421	-2.736313476716135	-8.085848147291285	-8.146457539650928	5.410144062934793	0.24890014106264038	0.22927263399645886	5.483846018867083	-10.916064334170507	1.0844974047544338	29.935379071249873	1.0
1163000	-10.874177814832784	-2.5748115176980155	-8.299366297134767	-8.585398540118955	6.01058702242094	0.8439962385064569	0.6288436137188381	-0.06082526889437895	-9.711652824401916	0.8178873842042769	44.8645450928128	1.0
1164000	-14.366228908693746	-5.921995176320741	-8.444233732373004	-11.345794462766225	5.423799286445484	0.1649770046926627	0.7348383530190329	2.246242406426691	-7.101178496554303	0.9942036695990982	7.5361425588582165	1.0
1165000	-12.58277090723195	-4.444268405306483	-8.138502501925467	-8.849040720504517	4.404772315198034	0.5340801411832101	1.391796629446039	0.2574816747778732	-6.423536523375339	1.490298395290008	11.659016274093883	1.0
1166000	-12.593769081312468	-3.226560933015273	-9.367208148297195	-8.357950712289744	5.131389779274471	0.23438152379232519	1.2558918523834717	6.02156044324465	-8.2861435326688	0.43048106215269677	115.20926209858223	1.0
1167000	-9.830473630196694	-3.016756968613648	-6.8137166615830465	-7.835152521495128	4.81839555288148	0.3928627898648322	0.1976670095480756	4.203878768429876	-10.182275104489813	2.177275867553247	37.26698184016257	1.0
1168000	-10.736618722762532	-3.190375998866026	-7.546242723896507	-8.070974063438191	4.880598064572165	0.26771448591118885	0.9059156782973318	5.2807065965255875	-6.467835170774303	2.6016202119341845	41.910630916343734	1.0
1169000	-16.603606580113034	-9.615402751925442	-6.988203828187593	-9.213587874866606	-0.4018148770588361	0.6759240235744285	0.40893967752663796	-0.7735426069788632	-4.289548954839509	0.5114884983560148	10.321634734093413	1.0
1170000	-11.267140608665573	-2.675262287434135	-8.591878321231437	-8.539252559365494	5.863990271931359	0.32362728395160456	0.7212015174922431	2.407131303920169	-7.604153383065611	0.5975171687447239	12.268466696413006	1.0
1171000	-12.599534379769441	-3.823551235742923	-8.775983144026519	-9.822645692573024	5.999094456830101	1.4070517788196766	0.9477555257978849	-0.4597896086390598	-8.01334874492437	0.6206410450555222	23.836779097985623	1.0
1172000	-9.662174329283804	-2.3927327326185086	-7.2694415966652945	-8.705769848434246	6.313037115815737	0.20847040872869468	0.5167620997468733	6.655847048255946	-9.089270798081118	1.8565906080243735	37.17731941092744	1.0
1173000	-10.784075181991497	-2.630776453049992	-8.153298728941504	-8.310333824931403	5.679557371881411	0.24134913016478401	0.8307800887500542	4.213744910308948	-7.279784147638936	0.5689252052812717	30.52485706679283	1.0
1174000	-12.526232118905755	-3.4998424642043773	-9.026389654701378	-9.707309619838721	6.207467155634344	0.660486325032066	0.5328763714624061	-1.2873636787582847	-9.727420625275824	1.3476491901171825	13.456053075508462	1.0
1175000	-9.457061476277069	-1.7801365042579915	-7.676924972019076	-7.8591574275114935	6.079020923253502	0.5119959984855709	0.48774775381999436	2.168448474899893	-8.638896710904605	0.9568824829251015	25.498185045575383	1.0
1176000	-9.931891958850695	-1.9525244442770067	-7.979367514573688	-8.171545150299409	6.219020706022402	0.676741950747086	0.7215039343829417	0.9014117262407366	-8.202909598610303	0.7742895217723221	28.139152637650792	1.0
1177000	-11.835418891588466	-3.335712276641569	-8.499706614946897	-9.5184925842086	6.182780307567031	0.7583113660789573	0.6724212973578115	3.7450651658790393	-8.174336301588212	2.291550331327765	19.5305977625115	1.0
1178000	-11.539358306173257	-2.3528945245276613	-9.186463781645596	-8.411953003146103	6.059058478618441	0.8692005875002602	0.40220405911178947	0.5048364891465974	-9.252049654119306	0.7200386843068808	13.539090363941535	1.0
1179000	-9.250283265030522	-1.6604306739636074	-7.589852591066913	-7.858725462636889	6.198294788673282	0.5959835870805129	0.5158761277799411	2.0784339494399227	-9.78429521115221	1.6033630804440162	52.236507910564534	1.0
1180000	-10.075733267278746	-1.5708864052254778	-8.504846862053268	-7.773758250916311	6.202871845690833	0.5087660107161532	0.5949015426913992	3.0876323622420943	-8.399734738431722	1.6184489534166966	302.2270694615701	1.0
1181000	-13.245120750882235	-5.852382661645166	-7.392738089237069	-10.16790256331857	4.3155199016734045	0.3061560743719458	0.7919651855976481	0.7405584536337877	-6.116581157707442	3.315648288047969	51.58553196318962	1.0
1182000	-12.249466882360318	-2.9420683764018687	-9.30739850595845	-8.381696446025483	5.439628069623614	0.4615261452471773	0.503177637755932	1.348761406169059	-7.7593884910725075	0.35952237988759783	11.944634353416125	1.0
1183000	-11.03298636945758	-2.075953902077437	-8.957032467380143	-8.249964742191116	6.174010840113679	0.6829958447736395	0.7664190978620967	0.7070021394917064	-8.08499510329878	0.4812984886301004	14.347212730089689	1.0
1184000	-11.209342618047714	-3.561785871920244	-7.64755674612747	-8.704619251932716	5.142833380012472	0.4633932649937873	0.3661133946453062	0.8707549812248105	-8.296569156449598	1.1149255275438459	14.211979280752782	1.0
1185000	-13.110595126516793	-3.783987265541942	-9.326607860974852	-8.76812060572849	4.984133340186547	1.0053886856137995	0.45283022209761314	1.2125207044382873	-7.580838806098632	0.5752969813607376	8.723972767419864	1.0
1186000	-10.093517917026158	-2.3150400613837228	-7.778477855642435	-8.59371853728646	6.278678475902737	0.7647890404455304	0.48303851972843415	-0.06847624636237137	-9.590086546878647	1.2545874780865678	47.211144083587044	1.0
1187000	-13.389811825413897	-5.360510678028325	-8.029301147385572	-11.006333722953496	5.645823044925171	0.8465232133442938	0.8990647682692631	-3.0415543590701883	-7.228684188698864	1.0824560719161307	40.45702389279051	1.0
1188000	-13.533362551687699	-3.9591220747410114	-9.574240476946688	-9.60208115510833	5.642959080367318	1.2825166826990597	1.097565138756268	-1.1540395074705616	-7.538432160396699	0.5051480970211291	10.228171471954989	1.0
1189000	-14.930865412411057	-5.92754586114687	-9.003319551264187	-12.005008489561666	6.077462628414796	2.031792210098002	0.4864902302810929	-1.1314875081583629	-8.64335787320797	0.6794796612706735	28.635082683825846	1.0
1190000	-14.436161481850338	-7.068315613059466	-7.367845868790871	-8.122240597273333	1.0539249842138663	0.6326882984206191	1.3904419228437614	1.0815192224875425	-4.212799430791373	0.7509101267337845	5.401188819547632	1.0
1191000	-16.255640822681308	-6.140029023682338	-10.11561179899897	-8.02066539514874	1.8806363714664016	0.4320373763804103	2.243027371813041	4.379430944016611	-7.401467019890261	0.3573998177786646	14.143999339819198	1.0
1192000	-12.796615704463267	-3.0292817462689463	-9.767333958194321	-9.325784994730082	6.296503248461136	1.2055281851159374	0.6971179709376218	0.6256006628458733	-8.460090230979366	0.5569570100869419	10.85595884494284	1.0
1193000	-11.268085337477391	-2.954884221154755	-8.313201116322636	-7.943020732828929	4.988136511674174	0.6265746772342343	0.19708617854707605	2.676153921141474	-11.717776148045106	0.9749674292901944	34.92125594511746	1.0
1194000	-12.144016770125873	-3.4255244530794737	-8.7184923170464	-9.716405451501632	6.290880998422159	1.3646313297238184	0.524355358182168	-0.8376023294629199	-9.54136730031704	1.320645397090704	77.50581156076291	1.0
1195000	-10.912498923910157	-4.257525380274769	-6.6549735436353865	-8.310605251291367	4.053079871016598	0.2949308897988607	0.5635654988145646	3.1861315373565238	-6.395521312453045	2.1488015164416874	58.167236448141665	1.0
1196000	-13.020092231965595	-4.439763131391988	-8.580329100573607	-8.21816825529832	3.7784051239063317	0.7787012164085193	0.678910424608471	1.9975245351378221	-5.9152798567663645	0.36278888467859555	10.778954914622002	1.0
1197000	-14.912108581244873	-3.867143189337754	-11.04496539190712	-7.964456579427639	4.0973133900898855	0.5066827923988355	0.1161433719165647	3.752125208468258	-12.08552285637357	0.6724418792484347	15.180112945804597	1.0
1198000	-14.933737531370275	-8.21331173463629	-6.720425796733984	-8.222314793482527	0.009003058846236645	0.2910049176913212	0.5549888806657323	5.563483352090871	-3.9788690868481416	1.6010804879085399	11.578877124789388	1.0
1199000	-10.731912668809143	-2.3973345480287698	-8.334578120780373	-8.405858032532336	6.008523484503566	0.8624322676450074	0.778966731430802	1.6816816388229268	-7.755018524037029	0.5931591862401204	40.46649213775285	1.0
1200000	-17.71700362908351	-4.09681113895525	-13.620192490128261	-8.838384965208569	4.741573826253319	1.056102812310347	0.7392840018363617	0.019611269105175022	-10.190364158023053	0.7731683475739483	6.481576249773266	1.0
1201000	-11.673638421211981	-2.930094271559616	-8.743544149652365	-8.088345042800462	5.158250771240846	0.7103850048089454	0.540857751425787	1.1845812631683017	-10.60942201595855	0.8735790062562532	188.7451219154442	1.0
1202000	-13.17286303206131	-3.4440722238217223	-9.728790808239587	-8.866050264739005	5.421978040917283	0.7879216823917632	1.2172823218258164	-0.5457546822028947	-7.873542398734646	0.2996303101438679	13.82078706613261	1.0
1203000	-10.308343601860257	-1.5242559591174896	-8.784087642742767	-7.768610496625072	6.244354537507583	0.38317997516849683	0.6882603778453352	3.6582166555204223	-9.157005142240765	0.7229108409048166	18.76609249675325	1.0
1204000	-11.368246625187686	-2.5753787815043427	-8.792867843683343	-8.217092367440234	5.641713585935891	0.8116993446969502	0.2703902987590538	1.3117924993607095	-10.781276913096825	0.5174320193436704	57.94224334270608	1.0
1205000	-13.059529732652164	-3.0715186620559347	-9.98801107059623	-8.833875734358074	5.762357072302139	0.8687221778547621	0.5924955458940075	2.4652022470948385	-10.056444432526737	0.3101467005691645	25.166309856256365	1.0
1206000	-10.639749343353655	-3.41444379354612	-7.225305549807535	-9.380693370801218	5.966249577255098	0.40474971580911157	0.36963272565552857	0.5116979804797737	-9.389755430083117	1.1676554835042505	48.50320356305033	1.0
1207000	-10.511743604692484	-2.4836570736525294	-8.028086531039955	-7.765378158840439	5.281721085187909	0.4027130126102076	1.2435157802852737	3.812622963827029	-7.2994118819527785	1.5052710092535109	30.329045673948833	1.0
1208000	-11.625009365542791	-4.82526213505113	-6.79974723049166	-10.981730299300137	6.156468164249008	0.06111034945485152	0.4010960861087659	8.019867944450908	-9.694263389350677	3.7272860971193467	33.59210194466886	1.0
1209000	-9.68979841038497	-2.237580101933144	-7.452218308451827	-7.951955805020154	5.71437570308701	0.48374134906087557	0.6990758310549166	3.8939282904015617	-7.460173408896483	2.2426487255757697	30.826042795007996	1.0
1210000	-11.841723786340168	-3.261735941741569	-8.579987844598598	-7.928942793893747	4.667206852152178	0.6209093169291214	1.3316887506495527	2.67989150954653	-6.593433859893208	1.6058981429276222	12.477315438916596	1.0
1211000	-11.655525833332863	-3.4149048416734846	-8.240620991659378	-9.196190490881282	5.781285649207797	0.2923899578318569	0.5431519360951024	6.499899948939071	-7.96090447898903	0.828323437642013	24.94239424168022	1.0
1212000	-11.252074445902709	-3.2934433635604794	-7.9586310823422295	-8.801320160807617	5.507876797247137	0.5520055179523042	0.6250188191353732	0.22987851333469855	-10.135904123501014	1.012725996916546	43.54958245972833	1.0
1213000	-9.408151437709655	-1.6933977911419849	-7.7147536465676705	-7.783344929383729	6.089947138241744	0.5346481503469721	0.8157789713430413	2.564381539767262	-7.909752433456987	1.368606457259908	22.241800565777574	1.0
1214000	-11.012584938043819	-2.352637681958634	-8.659947256085186	-7.950007744167927	5.597370062209293	0.6697278034142782	0.2858541172027616	1.8854103792978496	-9.777967360042915	0.5257905774071462	30.9725065779712	1.0
1215000	-11.331931028659705	-2.8255927701689423	-8.506338258490763	-8.999168081983655	6.173575311814712	0.8059544288120751	0.8158232343247138	3.0516870296735408	-8.145993114009283	0.6911226287649544	22.063802127380804	1.0
1216000	-10.114971282759047	-2.127149474553307	-7.987821808205739	-7.833097852693349	5.705948378140042	0.5819995925224191	0.3059233495665294	2.5907928406018472	-9.678296215677154	1.0624064902280785	146.06754289020913	1.0
1217000	-13.469462316445634	-4.974001450453715	-8.49546086599192	-9.322310605045926	4.3483091545922115	0.3526563219844212	1.165460059359326	6.130534945034134	-6.087889169689384	0.7094855181492233	86.87273040637298	1.0
1218000	-9.965417387669698	-2.657967377539973	-7.307450010129725	-7.881395961961007	5.223428584421034	0.5307284262749405	0.6314586201601908	2.020687622299878	-7.118850937137909	1.4108515909566168	56.43787634517834	1.0
1219000	-12.063805272797653	-2.6175087782333293	-9.446296494564324	-8.606915740379108	5.989406962145779	0.9210173681328451	0.3728664929021555	1.6538149302922474	-10.341952878346527	3.01989249696471	309.23929749401844	1.0
1220000	-9.441586014796687	-1.5154476593095634	-7.926138355487124	-7.786816796963818	6.271369137654254	0.4125173908307343	0.6414508437672294	3.9053457515912724	-9.273383443952856	0.9377848871325978	69.92551635354609	1.0
1221000	-12.957338857480586	-5.213056270841297	-7.744282586639289	-9.44689605414654	4.2338397833052435	0.604088645670329	0.5899554810203322	-0.7862011930842204	-6.4449887821113645	0.8518577519394187	8.808843763758114	1.0
1222000	-9.755140770766818	-1.7142859947848708	-8.040854775981947	-7.83505000164458	6.12076400685971	0.4705796925576208	0.7328326945288699	2.459136891799809	-7.980327256404274	1.0328863844385563	15.088821092701666	1.0
1223000	-12.446144522155361	-2.7911868911996756	-9.654957630955685	-8.989100516696361	6.197913625496685	1.1066433030004343	0.559747942730369	0.6960179354735849	-9.674188605271594	0.8650605801393848	13.506991514618143	1.0
1224000	-11.85524049464156	-3.047690382398013	-8.807550112243547	-8.985949753060366	5.938259370662353	0.2768556325129291	0.568268136778001	2.447054163710374	-8.064208937914966	1.9955993343087743	7.674185241432046	1.0
1225000	-11.627759997068397	-3.666625151480268	-7.961134845588129	-9.05959325574132	5.392968104261051	0.3152820398580047	0.2555192424838343	1.8182614649305515	-9.921665724137236	0.7056264375803877	81.1390198156629	1.0
1226000	-10.643353752340591	-2.2545881912923305	-8.388765561048261	-8.217456396900786	5.962868205608456	0.4332253584747866	0.9266006717844284	1.825887234955676	-7.780078996430348	1.8431862002346875	11.196947064981137	1.0
1227000	-9.773707550552773	-1.7772495626167206	-7.9964579879360524	-8.054196870971674	6.276947308354954	0.7301880613353621	0.757307357881133	1.6884211481568512	-8.551318723796136	0.9412465734336432	38.564120900406856	1.0
1228000	-10.187571629283209	-2.4196688457909667	-7.767902783492243	-8.136843222639865	5.717174376848898	0.2967320241205185	0.8706428402393053	3.5206793230746207	-7.316950148551313	2.400612401250795	15.346115072351768	1.0
1229000	-9.875370370235846	-2.932302346963068	-6.943068023272777	-7.902317028938285	4.970014681975217	0.36091797858760943	0.3400750349419749	3.2223436368268312	-8.347235343302524	1.2761999927914287	45.82095471917986	1.0
1230000	-9.522238112006638	-2.042862809187408	-7.47937530281923	-8.381531286900952	6.338668477713544	0.6078707498119205	0.5820011376496452	0.6255076051103603	-8.84598138238419	1.7700239604715626	35.43244379293026	1.0
1231000	-17.497925037848297	-7.989610915433124	-9.508314122415172	-10.999534810971467	3.0099238955383427	0.17089959269490537	1.928273467084492	2.4093228414180308	-7.645891248156598	2.127871386360933	17.183227478695926	1.0
1232000	-9.613347279534217	-2.037548648473833	-7.575798631060385	-8.384788266565838	6.347239618092005	0.2679637530387012	0.5631366574353917	3.500831543442415	-9.217344075393683	1.308177946571036	119.0752396831435	1.0
1233000	-10.425348893053254	-2.2081559213639466	-8.217192971689308	-8.520055331127555	6.311899409763608	0.2820042162978129	0.4983931693159891	6.007313046246762	-9.341202624417276	0.9430852334362982	177.42211555210687	1.0
1234000	-13.348621688756173	-5.109482308284038	-8.239139380472135	-7.80026714463705	2.6907848363530116	0.5530494287320586	0.704934947311373	2.7249004047732837	-5.178914358246809	0.36156525974425474	25.62544250960115	1.0
1235000	-10.448461953918837	-2.1781690528193502	-8.270292901099486	-7.794209684025519	5.616040631206169	0.44617227737801635	0.6104669388489903	3.729542655708174	-7.553166021265105	0.7238298287454912	15.605299570034264	1.0
1236000	-10.06215515506021	-2.678954586439353	-7.383200568620858	-7.993507214196676	5.3145526277573225	0.6873750919256553	0.29091410729900513	2.131864140834768	-9.25084232295386	1.884998505290927	26.8274199695196	1.0
1237000	-11.414014616968608	-3.0887201845325	-8.325294432436108	-8.525517028838903	5.436796844306404	0.23174108212017663	0.4006671604287938	3.970423478380305	-8.340660524575881	0.6284370553037366	19.458041440290586	1.0
1238000	-14.13313405638088	-7.434546820481158	-6.698587235899723	-9.978248175512245	2.5437013550310876	0.3528406474703048	0.9708130141524486	0.38449323917835876	-4.867333090139439	1.047145650117609	18.744537155167425	1.0
1239000	-11.128283036934315	-3.931261669228327	-7.197021367705988	-8.296666568486147	4.36540489925782	0.7304496235337404	0.5212483055531748	0.5653743152508796	-6.771569219000716	1.7008537583370607	13.907725355665495	1.0
1240000	-11.838529333126587	-3.3630600430218323	-8.475469290104755	-8.68080725006676	5.317747207044928	0.8972295889983114	0.7881263563169852	-0.21353673365566972	-9.747554218434502	1.1750296673565372	80.72417899503426	1.0
1241000	-14.277020629012036	-2.983804345184989	-11.293216283827046	-8.383309783401394	5.399505438216405	0.19836824729910116	0.24532515195781648	5.796842048959823	-10.150208406476635	0.1343962620940431	40.878153408271295	1.0
1242000	-9.845975040584028	-2.1142427845702354	-7.731732256013792	-8.30017536571698	6.185932581146744	0.23910742777098495	0.7166840197715418	4.295649853787351	-8.126529015295503	1.5471691655627458	17.357424025104187	1.0
1243000	-11.893971075266602	-4.9382023993433775	-6.955768675923224	-7.820623060113527	2.8824206607701495	0.5755763795329877	0.5081969772961107	2.5384540069621497	-5.803609524055469	0.9790026472278408	16.90268769289812	1.0
1244000	-13.202005988367754	-3.8763786431833474	-9.325627345184406	-8.902535747171736	5.026157103988389	0.5496942418202889	0.7165581546389982	0.10958300327632642	-6.772013459502413	1.0038982044395313	4.961744095181486	1.0
1245000	-9.453943299739052	-1.4675424384499616	-7.9864008612890895	-7.751304732988117	6.283762294538155	0.48630723824629873	0.6458678371882345	2.901816908751911	-9.225920604789962	1.6932859550053714	20.778317912518038	1.0
1246000	-12.836049632838636	-4.424896556689534	-8.411153076149102	-7.817637028274559	3.392740471585025	0.45665729797815185	1.7483733736286786	2.6115400869301175	-6.207740237652553	0.5221023552401083	23.634628014611422	1.0
1247000	-9.107127575679357	-1.5689201865071158	-7.538207389172242	-7.91128276862578	6.342362582118664	0.47564594531471943	0.658157357115726	2.188260124868802	-8.723034427978366	1.7091453891770798	25.081006519654427	1.0
1248000	-12.852658733892028	-3.531353444331227	-9.3213052895608	-7.886339379750216	4.354985935418989	0.330774634016454	0.5769095523234169	4.614388543278791	-6.5724403362748856	0.4841355563090231	9.713060591392463	1.0
1249000	-11.226777883861997	-3.3509475803595796	-7.8758303035024175	-9.61948571690875	6.268538136549171	0.28603834223751035	0.461574515517611	6.808110676843461	-9.493569888737078	0.9494975129315952	64.71151175162356	1.0
1250000	-12.889816205673023	-4.512602267014925	-8.377213938658098	-10.652272425566123	6.139670158551198	0.33927798009848253	0.8672470517932352	-0.11367042406522011	-8.26597871507771	1.7808503236570077	10.792646700829062	1.0
1251000	-11.90850572993492	-4.363247891706158	-7.545257838228761	-7.7999820084109786	3.4367341167048204	0.3586390896460706	0.5603618494985345	3.7811044184945257	-5.984094955582342	2.8194126732031353	8.082402916846059	1.0
1252000	-12.702251516963234	-3.7000916147335943	-9.00215990222964	-9.375808150848393	5.675716536114798	0.8484747213073117	0.6965454709989501	-1.3325190798320707	-7.4216876558069735	2.5034516891652907	10.075037796836408	1.0
1253000	-11.035992078658207	-2.2023143962161056	-8.833677682442103	-8.350318152147658	6.148003755931552	0.837750690902374	0.681502537455737	1.7782880755110364	-8.092128436915834	0.5642397323012149	15.025520219871542	1.0
1254000	-11.128818955282478	-2.6639471179031755	-8.464871837379302	-8.250631272431102	5.586684154527926	0.8269135271588253	0.996381703556328	1.3118957175290922	-8.852842346036317	1.2339775596695126	66.1925694856188	1.0
1255000	-13.016817844927719	-2.51920237889734	-10.497615466030378	-8.100030390460935	5.580828011563595	0.6599108635644997	1.0941266994460366	2.8267402937554866	-7.378550534798573	0.8400700357680767	6.233736956262754	1.0
1256000	-9.583639285707225	-1.9896737869158532	-7.593965498791371	-8.002174232331809	6.012500445415956	0.3357328127343589	0.831762252877795	3.2631942225397776	-8.979045933892898	1.846286689526986	40.90366086009697	1.0
1257000	-11.83577689033638	-3.3495067118155584	-8.48627017852082	-7.940368968707703	4.590862256892144	0.6444274204471085	1.157088774350268	2.4488056450663445	-6.284436172098234	2.3471342008007943	24.25469835739531	1.0
1258000	-11.948465864699049	-4.7780830428280705	-7.170382821870978	-10.583790376860117	5.805707334032046	0.2228062237853773	0.5837193696738912	1.6428868734271167	-7.845183945808867	0.9721439719830499	26.18656254704378	1.0
1259000	-16.55278134223778	-4.962071059356832	-11.590710282880949	-8.87082863716107	3.908757577804238	0.9115096416095047	0.5415090659240264	-0.5918884476675219	-6.367040919473424	1.9449165678388602	2.8333261246186856	1.0
1260000	-9.789298173608534	-2.109830887829361	-7.6794672857791735	-8.187191505090167	6.077360617260807	0.26887477577512653	0.9066883663196289	5.593293973874478	-8.16805241288082	1.859583107056234	44.67935201522356	1.0
1261000	-10.451973835775952	-2.437997867435776	-8.013975968340176	-8.631480781668655	6.193482914232879	0.8851051331815903	0.5405569960858501	-0.11711091837667065	-8.587679583960497	0.8497094847594219	29.00800520866397	1.0
1262000	-12.767899961609208	-3.185075625352235	-9.582824336256973	-7.913037161590143	4.727961536237908	0.38836667284184745	1.4741050847517776	2.8759141132575077	-7.484307550100834	1.0506867453228326	8.60737255069821	1.0
1263000	-9.360721869059608	-1.460152785213225	-7.900569083846383	-7.801153505916929	6.341000720703704	0.5576153497878005	0.6413395321461042	2.623349179208355	-9.026041715941217	1.6331179034465513	106.99153716184472	1.0
1264000	-10.18795616374707	-2.1524246511121454	-8.035531512634925	-8.223612460025654	6.071187808913509	0.8133415783782695	0.8639431891115177	1.4224337047084064	-7.926037428413098	1.2651282364926704	22.95280084340861	1.0
1265000	-11.456614798747593	-3.035292367947532	-8.42132243080006	-8.695200982939006	5.659908614991474	0.9659964836585949	1.1184122351268424	1.4315418711471226	-7.990407351047203	0.8882608974276951	33.23564551552845	1.0
1266000	-9.45978677750248	-1.706805396061089	-7.752981381441391	-7.964677292808307	6.257871896747218	0.48888261389751064	0.7549885465744823	1.9719603007092599	-8.780989080074628	1.0436222991682345	42.48968316039662	1.0
1267000	-12.717243019788537	-5.654854317873741	-7.062388701914795	-7.908997676317344	2.254143358443603	0.6422801568871938	0.845666886577384	1.9862235032703897	-4.760210128790247	0.8976909376847386	9.044241589918956	1.0
1268000	-9.527225784361587	-2.058520802419162	-7.468704981942426	-8.045976839461881	5.987456037042719	0.26336149135266274	0.7349404412750686	5.124532083948723	-7.756396798792175	1.7360756251056249	93.64615888199143	1.0
1269000	-11.407959239106573	-1.9248994840205231	-9.48305975508605	-8.193575366192118	6.268675882171594	0.7142359062112683	0.7474153552289143	0.8331731848814066	-8.781071986966587	2.397486965857646	11.19753568569532	1.0
1270000	-9.546526556643563	-1.649681874650553	-7.896844681993009	-7.7949108092201875	6.1452289345696345	0.5366567850846589	0.811713626331939	2.4363900808921937	-8.816319896843584	1.9229130402402985	31.909738403259166	1.0
1271000	-11.458714791836965	-3.885685907051448	-7.573028884785516	-7.989225113063066	4.103539206011618	0.42296452699564474	0.22419792716640233	4.384928283724897	-8.899101453224343	1.167574240642047	22.71641072802126	1.0
1272000	-16.481590546244675	-5.752900669528998	-10.728689876715677	-8.629358144102493	2.8764574745734954	0.9523062337766545	0.3649211506373512	0.10730856294159041	-6.533733452564581	2.1012320739899244	3.3340062114393083	1.0
1273000	-10.257166290754917	-1.8867942968061397	-8.370371993948776	-8.230886240586084	6.344091943779945	0.7222751300820589	0.5563365076318025	0.7324992496847993	-9.247449621998824	1.3056940489141422	16.65065115706935	1.0
1274000	-11.507990001545188	-3.2604591378273433	-8.247530863717845	-8.888149994811126	5.627690856983783	1.073091918797132	1.0170153710964116	0.7503636635787085	-7.294708913442577	0.9334595920354899	21.311584911397965	1.0
1275000	-10.799334585971438	-2.8737415980925363	-7.925592987878902	-8.663318371177397	5.78957677308486	0.6682707830169744	0.29356824936713805	-0.008255463607462321	-10.439297125297715	0.9020949180596675	45.8087771317384	1.0
1276000	-14.57836850781647	-3.378077381243214	-11.200291126573257	-8.257609388172904	4.87953200692969	0.3450896702254297	0.918089928761982	2.6015301896992864	-9.607180501052142	0.18559497293049124	16.88827814835768	1.0
1277000	-15.628936304249162	-5.070059986112678	-10.558876318136484	-9.508063596778872	4.438003610666193	1.239906509125546	0.9330224804577552	-1.1245529101665204	-6.1080795307253055	1.4239879098346298	3.873093896700332	1.0
1278000	-11.036189331436553	-2.1506044760543865	-8.885584855382167	-8.279083950603953	6.128479474549566	0.4364633576690135	0.5351028858794847	4.707521330286101	-9.850709120084316	1.058371006963514	18.55369714378164	1.0
1279000	-13.156380622087877	-6.904797543632107	-6.25158307845577	-10.839902083874506	3.935104540242399	0.176489898148378	0.6858475908797715	2.416791866442454	-6.008270917133386	2.3207573026311774	15.393419632221779	1.0
1280000	-9.687981378098497	-2.0918497142197845	-7.596131663878713	-8.050981459187556	5.959131744967771	0.533810104305455	0.8147519501180057	1.5475917495042317	-7.665300743914816	1.3824814103844083	52.303816094775264	1.0
1281000	-10.748833310781697	-2.2897030288093134	-8.459130281972383	-8.271735582089367	5.982032553280053	0.8047297595448891	0.4414519291618072	1.8862175287088223	-8.767044210048606	0.9332705931145038	15.64656971057715	1.0
1282000	-10.359364998954822	-1.8713511408565129	-8.48801385809831	-7.890254118492104	6.018902977635591	0.40599911782451165	0.377208690763656	4.28649151161813	-9.433884686539106	0.698408192642266	24.597359513212826	1.0
1283000	-14.085761088969765	-2.710385838435318	-11.375375250534447	-8.855984265539833	6.145598427104515	0.4603304501471674	0.8643382427465122	5.078246132169415	-8.331616326471321	0.11654518467296122	100.5669142108402	1.0
1284000	-11.107967751737469	-2.901214136523076	-8.206753615214392	-8.80976005762047	5.908545921097395	1.0374061775762509	0.641942780257089	0.9470624182279419	-7.809287651175853	0.6665830396914223	27.739196974098142	1.0
1285000	-10.76084888339192	-2.3440307381696837	-8.416818145222237	-8.428124999327284	6.084094261157601	0.5768405445620602	0.9015180482351673	0.6613218021459106	-8.352755818605832	0.7900587722343596	16.372017530264788	1.0
1286000	-11.915403306000242	-3.151845486927508	-8.763557819072734	-9.062440365148587	5.9105948782210795	1.1496793683187725	0.6274408928764883	0.06015058068883583	-9.817434411154059	0.6983580292751598	32.335338702889	1.0
1287000	-11.233610073135841	-3.9262308230399903	-7.307379250095851	-9.26592258449093	5.33969176145094	0.25691333001206546	0.31961308422166756	2.4221606755418645	-11.226928283025414	1.2442451281014975	67.42620439801776	1.0
1288000	-9.560617579330941	-1.768075837335318	-7.792541741995624	-8.00711648145865	6.239040644123333	0.43970273202598	0.63511478178791	2.1913768496684773	-8.368806913720654	0.7896763055739414	32.284583406879435	1.0
1289000	-15.66887837032249	-5.159605607707956	-10.509272762614534	-8.932381170164948	3.7727755624569923	0.9441175301135077	1.6256420912064575	-0.6808418402120779	-6.284410069583306	0.6241057545211213	4.276671910757194	1.0
1290000	-9.956579834143565	-1.825825617461633	-8.13075421668193	-7.978183815275726	6.152358197814093	0.3470687760779375	0.7762288177332801	3.175222183915178	-8.97498074934498	0.7184325025207849	39.25168245141405	1.0
1291000	-10.675641011761988	-1.7188716334326148	-8.956769378329373	-7.8023604394762796	6.083488806043665	0.4220537915863296	0.3863747144223611	2.9383742212154926	-9.522198254416022	0.3877915789781881	44.686393506237806	1.0
1292000	-11.846235443434189	-3.673103050367171	-8.173132393067018	-9.297746072581628	5.624643022214457	0.570109598703601	0.9373681825604994	-0.4661175055249658	-9.03430101147752	1.17146911620865	23.903923217577816	1.0
1293000	-11.69432924202719	-3.30502586855005	-8.389303373477139	-9.139699224312764	5.834673355762714	1.0330461642419626	0.7855518633816898	1.743960522806745	-7.498761041706752	0.5704513044340896	27.695677764515786	1.0
1294000	-10.08516793781505	-2.3030351193373066	-7.782132818477745	-8.212781486983458	5.909746367646151	0.8095298780333094	0.6614053410275288	1.35858452578511	-7.767228097869953	1.263324193493958	52.566801546340415	1.0
1295000	-10.490310207271344	-1.6466113816510362	-8.843698825620308	-7.773316757312122	6.126705375661086	0.5224960362778451	0.8692469375867654	2.6486356170981664	-8.163803983931844	1.9568463773525453	11.60570985519821	1.0
1296000	-13.835931898904217	-4.688608512255448	-9.147323386648768	-9.814182052573196	5.125573540317748	1.2719540327468646	0.199262352593672	-1.6807711194965163	-11.425741041998275	0.7837024865366395	211.33700574507407	1.0
1297000	-9.648302850724882	-1.787162220942017	-7.861140629782866	-8.106617910731464	6.3194556897894465	0.7568822621398962	0.6745478476426506	1.6324839942167428	-8.567307541128576	1.746755756762202	37.99709505849574	1.0
1298000	-14.120923380111424	-5.6400706227803825	-8.480852757331043	-9.430105620088593	3.7900349973082106	1.2703098437834337	0.3674613362120136	-0.5609459248276477	-7.15550643704077	0.4333084124265206	30.18969932298581	1.0
1299000	-11.242567789693853	-3.4213838322272316	-7.821183957466621	-8.33573536206687	4.914351529839639	0.6558175055575367	0.8474409445346262	0.5762174068625425	-6.526923011688652	0.6192164990738652	27.384358278690517	1.0
1300000	-11.328437785152607	-4.060489680607242	-7.267948104545365	-9.715089736794866	5.654600056187624	0.5818233737018298	0.6076227592620206	-0.9794081141177636	-7.602206643663902	1.2288981085649504	30.231122620612172	1.0
1301000	-11.289303339767729	-4.832060058942725	-6.457243280825004	-8.892540809821043	4.060480750878318	0.36861489684385307	0.5492935216785213	1.4204280850507058	-6.447596299394265	1.8019499439915512	31.622563563091823	1.0
1302000	-14.993607063997818	-7.246334910432584	-7.747272153565233	-9.726389960775709	2.4800550503431253	1.3764254792047883	1.0293132699123548	-0.5808477323461884	-4.8235905966289945	0.7769439837587786	17.4399150345705	1.0
1303000	-9.94173295900191	-2.449088554104387	-7.492644404897524	-8.80749834639343	6.358409792289043	0.49526101381179394	0.6071037901400056	0.529825168684725	-8.957036625491867	2.526782010484992	32.05831306469188	1.0
1304000	-11.444782357265593	-2.40028415445032	-9.044498202815273	-8.347155808828978	5.946871654378658	0.8223841703922284	0.5872941522901857	1.9404078373986122	-8.011489938783019	1.4310856268823535	9.22046635172817	1.0
1305000	-17.616571499417905	-4.966194231598834	-12.65037726781907	-9.521858303059977	4.555664071461143	0.7107591397576658	1.502946640099334	-1.238728346429537	-6.995959010024335	1.0663858900193526	3.4356566129377377	1.0
1306000	-12.303517588990246	-3.128541281036621	-9.174976307953624	-7.769591252701859	4.641049971665238	0.5197789514065125	1.3661572333802192	2.7031223735132097	-6.637974366093479	0.7097952699454565	7.918258410512543	1.0
1307000	-13.584151401557234	-5.376844265456834	-8.2073071361004	-8.193290657930536	2.8164463924737024	0.5711589401338013	1.6687638392741897	1.0993146700069922	-5.546436400567344	0.7270097408696459	7.801650812744662	1.0
1308000	-11.854794782722763	-2.1953690455637913	-9.659425737158971	-8.485451515286849	6.290082469723058	0.208400930980039	0.7422187001596275	6.299868190376616	-8.65198261320698	0.9375071169791582	13.685378258214207	1.0
1309000	-14.530364211825184	-5.735038654223387	-8.795325557601796	-10.699336671098877	4.96429801687549	1.680835634058697	0.773221178111033	-1.335520659536861	-6.639105746402218	0.8984491390905456	10.47186552408676	1.0
1310000	-11.157484814324667	-3.709948087700134	-7.4475367266245325	-9.489573100975216	5.779625013275082	0.1887883385151395	0.9687559697951067	3.551998807862621	-7.47468356807027	1.1213766871529403	38.712926998717634	1.0
1311000	-10.179536061468642	-2.294288104362143	-7.8852479571065	-8.476424342600945	6.182136238238802	0.5073131617900744	0.493597448607981	0.9197299122560417	-8.809873704030299	1.1229021183025556	16.815270571404778	1.0
1312000	-10.012419671814643	-2.615879723323822	-7.396539948490821	-8.029685594190054	5.413805870866232	0.6575103510559656	0.673409357209406	1.3288697391698225	-7.198811507039611	1.599483055507609	41.25332264339548	1.0
1313000	-11.977527394577692	-4.100821191093744	-7.876706203483947	-9.788626754257836	5.687805563164091	0.6719873171584381	1.0242630278138922	-1.4134708331860784	-7.409283663031127	1.3487053879711204	29.955177521094495	1.0
1314000	-11.287054856930144	-3.793057858571114	-7.49399699835903	-8.14042348196012	4.347365623389006	0.3989704768179882	0.8072778884282743	2.2547574528610816	-6.123247810403283	1.916648376315296	8.49626216642898	1.0
1315000	-10.301874921537609	-3.463880274979985	-6.837994646557624	-8.464574817084472	5.000694542104487	0.5249345055439304	0.5081085304742485	0.8424690987434273	-7.332763153347808	2.0102170888202027	22.98279548270492	1.0
1316000	-10.276096571010438	-2.4117235852974996	-7.864372985712938	-8.568284324098144	6.1565607388006445	0.90430976603069	0.584101046674452	1.7190573939990055	-8.345539984354604	1.1405218510907582	35.97506232840322	1.0
1317000	-14.07933923558234	-3.717480302255767	-10.361858933326573	-8.525430763812187	4.80795046155642	0.7070508341002332	1.416225908013313	0.12930889391095138	-7.894846660013844	0.7925990782961373	7.046875303974366	1.0
1318000	-11.878661257479266	-3.207203655945129	-8.671457601534136	-8.683547467589797	5.476343811644668	0.9375462372752589	1.114969163010598	-0.13001564222959724	-8.484397789293697	1.227323896802493	64.40246423259434	1.0
1319000	-9.978615029720947	-2.4153401903870266	-7.56327483933392	-7.822023952944488	5.406683762557462	0.5273190180660827	0.7821479710220278	3.1838659399983933	-7.025607072065973	1.421788871154263	57.29756626763436	1.0
1320000	-12.133726668073951	-2.3439150668145174	-9.789811601259434	-7.9055902504064175	5.5616751835919	0.3064811491300096	1.1560539503867164	4.649786877148851	-7.6457490122948535	0.8512638029193006	9.746756811778512	1.0
1321000	-13.59542218388206	-2.768319641205224	-10.827102542676837	-9.003960228587435	6.2356405873822105	0.18386829885347974	0.732371505476476	4.364183746042625	-8.247829012603098	0.5145320838846021	8.654017509792958	1.0
1322000	-15.127091935815212	-6.673072143556368	-8.454019792258844	-8.272204958031601	1.599132814475233	0.2654983225066982	1.0850322955732268	5.765863247376861	-10.270746144270266	1.2002842421909155	118.48654481669537	1.0
1323000	-11.850804991192675	-3.8513870356284947	-7.99941795556418	-8.07468126931454	4.223294233686046	0.6180924360010843	0.5648695183513573	3.1179593844144122	-6.513568814341163	0.5313997014385466	23.126878575446973	1.0
1324000	-11.953522830781802	-3.1992035805437347	-8.754319250238067	-8.977259519316208	5.778055938772473	0.15565805955765077	0.9403237122034857	7.159322543678519	-7.435738229455129	3.312167097596726	19.73779670060876	1.0
1325000	-15.425609216397637	-6.305348179632546	-9.120261036765092	-11.247026513458849	4.941678333826303	0.9347611826117781	1.357240025875025	3.800396608551222	-8.028038303568596	0.613902248956831	21.585022101201968	1.0
1326000	-10.931575595663539	-3.7163300359461733	-7.215245559717366	-10.074746271856187	6.358416235910013	0.39453158221870044	0.5966169794393269	-0.1174699410117272	-9.017298977251594	2.0239922939718604	28.189020036361196	1.0
1327000	-10.770355734864676	-3.2163805717772087	-7.5539751630874665	-7.755678077163559	4.53929750538635	0.3996297890013284	0.8443585098011985	3.676440195330501	-6.232090518690961	0.8256101170589097	35.344474904469706	1.0
1328000	-10.041232494102243	-2.9768678938940294	-7.064364600208214	-9.18491400622083	6.2080461123268	0.12458061086713729	0.5312878885135691	6.89945884683068	-8.66267355532735	1.6329827525771639	50.498276730788064	1.0
1329000	-9.972169215249846	-1.6829016088210258	-8.289267606428819	-7.943310523865802	6.260408915044776	0.3715439595175972	0.49095467592928876	4.614278848287968	-9.048487654645246	1.8931980129192199	15.327601117593094	1.0
1330000	-8.864166309426565	-1.6132289462850302	-7.250937363141536	-7.936762897258694	6.323533950973664	0.29248479898005314	0.6234669466921665	4.373963119602723	-9.183574671843356	2.5691101326066255	53.95149207582569	1.0
1331000	-10.552863810096367	-3.137033216005147	-7.41583059409122	-8.249843549506036	5.112810333500889	0.6573840427289617	0.31634158640381993	0.7460921809422233	-8.720169868369597	1.0418013037775253	38.19964316638658	1.0
1332000	-9.49724072585756	-2.397759219022368	-7.099481506835192	-8.462060576611623	6.0643013575892555	0.33145884520093755	0.5687389280810383	2.4268089068246947	-8.243978786406505	1.398794602315966	26.298447200796744	1.0
1333000	-11.785360025731453	-2.650463435437551	-9.134896590293902	-7.7745172866647945	5.124053851227243	0.38999959854630145	0.30180245649750864	3.916305178101173	-11.449057744145703	0.4935992093129699	38.877732538939796	1.0
1334000	-10.084066680864698	-3.315715017904294	-6.768351662960403	-7.775401121225244	4.45968610332095	0.45943425819354544	0.4499538965498655	2.792941055706925	-7.162486981222381	1.678370516419811	21.65656538528774	1.0
1335000	-10.071238546982887	-2.0392454484000764	-8.03199309858281	-7.779317457074346	5.74007200867427	0.39494549294423437	0.8079954676320398	3.9406917280037463	-9.377480925674558	2.071401250778642	107.51331579423268	1.0
1336000	-10.567856479150743	-2.576491632280054	-7.991364846870689	-8.677185593460203	6.100693961180149	0.6987403297588031	0.7862689561876344	3.399193639849316	-7.921640973754451	0.9122051931018299	36.93674558547395	1.0
1337000	-10.738431486950791	-3.075080734065586	-7.663350752885206	-7.7492322595843826	4.674151525518797	0.4722074165268093	0.4663566749229097	2.945744673286258	-7.250620275185169	0.8425070685920973	15.906958049420195	1.0
1338000	-14.066373962339775	-6.398291632527851	-7.668082329811924	-8.197143504098987	1.7988518715711361	0.7946412477961213	1.159275706707164	1.112882359611927	-4.467260991618535	0.5203549594774719	6.451114613011635	1.0
1339000	-12.849239600211089	-6.178352895079753	-6.670886705131336	-10.042271968045696	3.8639190729659436	0.24798399886293204	0.6910576681218261	1.7226677353782416	-5.950007368717765	2.5487909904907022	9.147144916972273	1.0
1340000	-10.438151699784814	-3.862053849132664	-6.5760978506521495	-8.530225114493	4.6681712653603356	0.40686986976798073	0.4643347376308035	1.5474862184843932	-7.255726880841037	2.802490461774521	37.42712552846934	1.0
1341000	-15.935744346362807	-5.474142232857743	-10.461602113505062	-9.712642597305134	4.238500364447391	1.2438635360049761	0.28760705003184533	-1.5688659158198146	-8.202116774900333	4.488819147256259	70.80901194655902	1.0
1342000	-14.617739144681952	-6.062116302113116	-8.555622842568836	-11.339090161129691	5.276973859016575	0.8160535879722447	0.767605278554914	-3.2726139580094498	-6.9190323708717525	0.7934807439034022	11.433197019920732	1.0
1343000	-13.203683503621072	-5.520749429730471	-7.682934073890602	-8.266708633300453	2.7459592035699822	0.8345726540072758	0.5857619592870893	1.1852249630363627	-5.468155856115752	1.2881570461625647	5.58765423866539	1.0
1344000	-10.110261187700353	-2.5508887627488983	-7.559372424951454	-8.668524412328273	6.117635649579374	0.3943059378239256	0.680253393746016	1.465887775050693	-8.039375628108264	0.8744801352202529	37.07804925360935	1.0
1345000	-9.300735307944002	-1.9157040574000632	-7.38503125054394	-8.020615379179297	6.104911321779234	0.33339711484124707	0.6146547940257447	3.2472145627509903	-8.16264670970112	1.6721223673561405	18.7334165457552	1.0
1346000	-10.688358997778684	-3.2338928754465286	-7.454466122332155	-7.87039392323933	4.636501047792802	0.33302683171761394	0.20968520430789947	3.7743915769777896	-9.68787393598244	1.5358652941562705	20.70029568218994	1.0
1347000	-11.771211764021102	-2.7222985292207085	-9.048913234800393	-9.036544202181023	6.314245672960315	0.9631218387767688	0.7082367863264604	2.088749508692546	-8.784207777950328	1.6011988782690987	14.572494154014585	1.0
1348000	-14.963648500662023	-7.124413222149133	-7.83923527851289	-9.771334483414421	2.6469212612652875	1.2779429715026167	0.710753353265145	0.9302362445346476	-5.143183786130172	1.668531746205902	9.14036238001512	1.0
1349000	-12.587281657869832	-3.9412367405213793	-8.646044917348453	-8.102012988299126	4.160776247777747	0.6129955967596682	1.4998678380894694	1.1704068386327902	-6.394817032336388	0.3807096367682725	26.203833900507917	1.0
1350000	-13.417540303101026	-4.945711405619715	-8.471828897481311	-10.994294593894805	6.0485831882750904	0.05967854620915748	0.8122469393947955	8.218978931613599	-7.822218116837002	1.057259548541398	265.28981646352275	1.0
1351000	-10.119066019638943	-2.457954471149831	-7.661111548489112	-7.889658224538618	5.431703753388787	0.5400172323384351	0.4464699885638909	3.3117447278671497	-10.75972510043012	1.6555021888588615	47.017139150625546	1.0
1352000	-9.287385390725671	-1.7375381182760439	-7.549847272449627	-7.86543524977569	6.127897131499646	0.32499019932515333	0.5776891023017464	3.9821343424266624	-8.316530537275133	0.9807821759886426	32.65419235933233	1.0
1353000	-13.577649785420862	-5.5437333938658995	-8.033916391554962	-7.84523592433703	2.3015025304711303	0.39463402646375567	0.8605786081088925	3.029912667257189	-4.776716160132086	1.7719638664687976	149.78715065463618	1.0
1354000	-9.374201822409088	-2.669780956090195	-6.704420866318893	-8.02649942048361	5.356718464393415	0.2678301613587724	0.5035349837471162	4.553847047405849	-7.676278241029323	2.3477442882246127	60.76021787164743	1.0
1355000	-13.831270346334968	-2.1837618231663933	-11.647508523168574	-8.49493615937508	6.311174336208686	0.6599890561081905	0.5820360581767658	0.28172189851839674	-9.356724421782586	1.2576724119709621	6.395747304221296	1.0
1356000	-9.438356931528059	-1.9634784576753406	-7.474878473852719	-7.837217614745083	5.873739157069743	0.4640319855343715	0.7878382219019585	2.4907744777828587	-7.549463904392525	1.115567104529186	28.363550146477678	1.0
1357000	-11.041917808381552	-3.5747057246519125	-7.467212083729639	-8.340136555052563	4.765430830400651	0.8173983601449549	0.6053687374777639	1.971924721969764	-6.803507489795884	1.864347015239297	24.555921526605527	1.0
1358000	-11.42273713366414	-2.6945760268152803	-8.72816110684886	-8.702122778273726	6.007546751458445	0.28380778740463913	0.915658059478492	2.7240552555316606	-8.564669954744826	0.6300774028951399	16.97801995888249	1.0
1359000	-10.086987641525223	-1.993429536479824	-8.093558105045398	-7.792024421164206	5.798594884684382	0.4178095240818532	0.788399717672038	3.025629015545018	-9.390484117466237	1.635564664592762	22.690031816567622	1.0
1360000	-21.496545755163467	-13.14032085033324	-8.356224904830228	-14.221822946383332	1.0815020960500918	1.454970933928696	0.8682466394567763	-5.554140172199351	-4.103493605164003	0.689523959513866	25.156649283970566	1.0
1361000	-10.656540104540628	-2.3602373355377164	-8.296302769002912	-7.77130788459274	5.411070549055023	0.4216289368724169	0.57036740789787	3.7729427443551637	-7.470309731900986	0.5285784419971274	22.963445194105127	1.0
1362000	-9.28985720474689	-1.6635684718362658	-7.6262887329106235	-7.931810833895607	6.2682423620593415	0.5018376012354668	0.5299419712373767	3.7186181277569315	-9.600086316511552	1.2968236541581704	52.69717376051589	1.0
1363000	-14.28681561454565	-4.9906541389037695	-9.296161475641881	-10.736393950673268	5.745739811769498	1.2453153367039087	0.9602486195560226	2.0958529439113187	-7.405749877931713	0.6639916271098699	10.484934507407063	1.0
1364000	-13.738779894843207	-4.831201230718907	-8.9075786641243	-8.419234423563708	3.588033192844801	0.8943959742749634	1.5953265258652358	0.6968392110623388	-6.033057015591047	1.3523537214554835	8.52383350562661	1.0
1365000	-14.915628398846998	-7.441120970883838	-7.474507427963159	-8.059471456996201	0.6183504861123632	0.6725568374311262	0.8333875081306819	2.605213996462985	-3.882717797311783	1.146863541481148	3.8579693724434763	1.0
1366000	-10.542503740951444	-2.7140700931599806	-7.828433647791464	-8.821595811410317	6.107525718250336	0.4558123184643156	0.8735263052725646	0.7705443639026917	-8.083635166440825	0.8931720929606974	22.575360505828556	1.0
1367000	-11.795009053879493	-2.91404225331178	-8.880966800567712	-8.9853434264893	6.0713011731775195	0.7803835337861129	0.8950444085063082	-0.7123485006815968	-8.502961798483678	1.4151281141237868	173.62877713064404	1.0
1368000	-10.715678953860147	-2.3183624689461624	-8.397316484913985	-8.308423295046163	5.990060826100001	0.7996132783530194	0.9549017230133345	0.6070301472157721	-8.027280827142851	0.745126524393705	63.80858675404384	1.0
1369000	-9.871347222368485	-2.5939418969337007	-7.277405325434783	-8.759637698950169	6.165695802016468	0.2223814008199329	0.5253005371355203	3.77252848886806	-9.819246403754336	1.3520086396463584	67.53159725681836	1.0
1370000	-11.74593177704788	-3.8771486088341507	-7.86878316821373	-7.794420384431282	3.9172717755971314	0.35803525175938067	0.33484927549211824	3.9516920187069258	-7.50019570456969	1.7026159604316846	9.92549227997078	1.0
1371000	-12.656732566481505	-4.747500100029709	-7.909232466451796	-8.795212490062495	4.047712390032786	1.0042079031823634	0.5879571088801177	1.3082546447284322	-6.31774722097094	1.1753570666637077	8.909477618013655	1.0
1372000	-12.746622471085374	-4.147723257937366	-8.598899213148007	-9.989226801268414	5.841503543331048	1.242977238831694	0.3047223025019161	1.453332551026467	-10.354313669966958	1.517754659456107	120.76068637616149	1.0
1373000	-12.247130965095327	-2.468323480096534	-9.778807484998794	-8.442462136726734	5.9741386566302	0.7703279518276474	0.6777145779043626	2.600274597474343	-7.821506404865324	1.5556818797297973	7.44102441004839	1.0
1374000	-10.584569248765455	-3.062460806891366	-7.522108441874089	-8.286067692589247	5.2236068856978815	0.7439862652360757	0.43691166832826783	2.5197867820517703	-7.8890023164390515	1.0549643523637455	29.767496475634587	1.0
1375000	-10.15946460110295	-2.5511849762538406	-7.608279624849109	-8.273105048041044	5.721920071787204	0.8113167326049121	0.28893184424795254	0.792596672351275	-10.045953579250515	2.0998059866033025	42.59215066764451	1.0
1376000	-10.418232322913802	-2.822572604711895	-7.595659718201908	-8.030619829013188	5.208047224301294	0.6603104324241188	0.549497297945794	1.3270600457471229	-7.353607944108156	1.8929307670665527	12.657195401459905	1.0
1377000	-11.234965564672976	-3.1427328552301166	-8.09223270944286	-7.966298879638201	4.823566024408084	0.6471093797806162	0.5240894092711065	2.543059654883063	-7.119244002889917	0.575535934412357	18.077582773441645	1.0
1378000	-12.023071372452934	-3.3994263046301025	-8.623645067822832	-8.796220722498276	5.396794417868174	0.9420193571596307	1.1743806086992024	1.8731521121245596	-7.265070496608186	0.8158842885624448	13.963390163029102	1.0
1379000	-9.765780131004615	-1.7214503711765543	-8.044329759828061	-7.766990400717446	6.045540029540891	0.3865114538459926	0.5704958962146787	3.605546772837026	-9.85513523024008	1.0490132956094649	28.0133110546354	1.0
1380000	-9.69135022714103	-1.7843930976264968	-7.906957129514533	-7.8365063627814475	6.052113265154951	0.4895385712213502	0.6846757206814852	2.3517234297371905	-9.478967122462688	0.9651471884419043	48.38682217024463	1.0
1381000	-12.4317306865061	-6.758684431914287	-5.673046254591814	-9.200685474893827	2.4420010429795402	0.17061746513849482	0.20401842324124336	4.455028798814291	-7.8970584100431385	2.4766422985210426	45.5045711749384	1.0
1382000	-11.541787215010904	-2.8365691611559694	-8.705218053854935	-9.154594537236571	6.318025376080602	1.1777855721841306	0.6532608327211383	0.2783126612377873	-9.086999954208343	1.5511231665793157	23.83014185694589	1.0
1383000	-9.696471405722313	-1.4710523903310202	-8.225419015391292	-7.741655408683123	6.270603018352102	0.4541436787085402	0.7311013585450993	3.267114394530597	-8.878266158824713	1.0528272391191011	19.848588349995307	1.0
1384000	-12.795075269552076	-1.7331688470975282	-11.061906422454548	-7.93435059866847	6.2011817515709415	0.5708708681421598	0.7608860905523013	1.7304470507162821	-8.155905108858903	0.1669287143852358	188.00610176956744	1.0
1385000	-13.85731050780182	-5.147485339460641	-8.70982516834118	-8.885518103513153	3.738032764052512	0.6085819244133819	0.12068433603519432	4.156369825228348	-10.999518634007456	1.2428601706000473	20.434020592126732	1.0
1386000	-10.734699396896634	-2.80571799743149	-7.928981399465145	-8.981207525342846	6.175489527911356	0.76611405480543	0.5767856835448397	-0.6837515630542519	-8.40634929409769	1.745799159316933	85.00117953028791	1.0
1387000	-10.519073791614806	-2.4071512869234883	-8.111922504691318	-7.815498159552197	5.408346872628709	0.38882170698538804	1.2077152000852711	3.216004807118207	-8.049458790442605	1.638786763625387	31.04285489823615	1.0
1388000	-14.53587388841364	-4.137505523965778	-10.398368364447862	-8.958322366473393	4.8208168425076146	0.9494262660646194	1.3572740826805398	-0.7248487037517237	-6.859995379119151	0.9869456867015767	5.151809279679845	1.0
1389000	-11.578943031917902	-3.0922099693367793	-8.486733062581122	-7.86184550409924	4.769635534762461	0.5636526913115316	0.9099553620248536	3.001483123976065	-6.374796372824228	0.5183856235096068	11.8095904660043	1.0
1390000	-12.379458719503347	-5.403386469301358	-6.976072250201989	-9.199270061810784	3.7958835925094263	0.23063738272475437	0.5801443612012802	6.9833436157170485	-6.1655571426316325	2.160573906916389	25.991312175468337	1.0
1391000	-10.252791320750408	-2.7851853310281296	-7.467605989722277	-8.614024011733964	5.828838680705834	0.17726590719198565	0.6405161424699212	6.450842037498789	-7.7133564922458975	1.5093388405253514	122.07479069841759	1.0
1392000	-10.637405234052899	-2.250473519286537	-8.386931714766362	-8.069185081244502	5.818711561957965	0.2538760923765465	1.046926178025819	4.849520581387555	-8.054239093025162	2.1690911162267863	18.919412138654092	1.0
1393000	-13.848620919416172	-4.400865794777232	-9.44775512463894	-9.740280825007193	5.3394150302299614	1.3807055655686102	0.6363885303011643	-0.42777880412087255	-7.212241810824211	0.6825289382744665	7.578433299531377	1.0
1394000	-13.683715676884717	-5.476854358391447	-8.20686131849327	-7.9848810625355755	2.508026704144129	0.6822053114665431	1.1938319451874608	1.6309415666976261	-4.876133829092924	0.9586847043713187	4.399340448925115	1.0
1395000	-9.976487280112348	-2.079135919753539	-7.89735136035881	-8.2352325519133	6.156096632159762	0.31837714857126553	0.8542123711484745	5.428464278302237	-8.442603446886913	1.9843514651555572	29.04193515258436	1.0
1396000	-10.559265619529342	-2.0675686466549905	-8.491696972874351	-8.343162284066286	6.275593637411296	0.8677682862123781	0.4702109425051107	0.9766075963676812	-9.347827904227787	0.844591008404285	20.30702482981485	1.0
1397000	-9.843148486442534	-2.006174341863005	-7.836974144579528	-7.993987423491749	5.987813081628744	0.5782718482632363	0.4440041808046434	3.2637574964191547	-8.758856303219483	0.9077922394038166	28.77811633425153	1.0
1398000	-11.214429165675895	-2.9119839413779607	-8.302445224297934	-8.428011336519003	5.516027395141042	0.1928426382752439	1.1121896929915545	5.571456451810012	-7.30349203094392	0.7092599115606074	27.322670770678354	1.0
1399000	-11.073475756303807	-1.7362952723880918	-9.337180483915715	-7.919811283180657	6.183516010792565	0.3266254190889867	0.490739538920175	3.662945331498946	-8.830686443831874	1.037496809381696	10.43394811718729	1.0
1400000	-11.057117390467788	-2.5182359500487834	-8.538881440419004	-8.856028086417961	6.337792136369178	0.8655292543562485	0.6502236965319589	2.5150652720661073	-9.002908858916438	0.6257009705220706	33.59573583396933	1.0
1401000	-10.059904136340968	-1.7895516158860714	-8.270352520454896	-8.133363664325655	6.343812048439584	0.5440586913192059	0.6027359098576343	1.327120561303607	-8.8026359014963	0.8907290594267411	16.804671467413407	1.0
1402000	-11.540160652282557	-4.090708712031515	-7.449451940251042	-8.40158909077198	4.310880378740465	0.32700825691449664	0.7424327549011824	5.5804403345953375	-6.177114485724063	1.8932457057101615	17.13160990181049	1.0
1403000	-14.531570643854213	-4.468506567819645	-10.063064076034568	-9.71193004387484	5.243423476055195	1.225036801033037	1.2846850060054993	1.2208512643810479	-7.823470554054194	1.06415151777649	259.28101847381237	1.0
1404000	-10.635743838391969	-2.1641278985740637	-8.471615939817905	-7.883534247105983	5.719406348531919	0.5115915620890163	1.037212859036162	2.0871896493100484	-7.50399199777168	1.4718885504703059	11.180799060218764	1.0
1405000	-13.008010762328725	-4.653330812059709	-8.354679950269016	-8.861089849142774	4.207759037083065	0.3025357356234664	1.5383161204605675	2.236014185181954	-8.098929670414266	1.4922732067974886	39.67333745855419	1.0
1406000	-9.682847167833534	-2.5114096470392955	-7.171437520794239	-8.194323737339072	5.682914090299777	0.3932243532956293	0.6659100281712185	2.2075595337106875	-7.488867824919968	1.3803618828670656	49.315411994432445	1.0
1407000	-11.827205319080225	-4.3139628961187775	-7.513242422961447	-9.193089751574824	4.879126855456047	0.3765194561485918	0.5311186605226161	0.9816553890582282	-10.780613308360742	1.3929148366108475	54.08535819932253	1.0
1408000	-12.287562152486355	-4.208351776277776	-8.079210376208579	-9.46424752755581	5.255895751278033	0.5822263360119642	0.33292912582550194	-0.7100480380447074	-8.709130564578814	1.2174330673728575	12.873528072844007	1.0
1409000	-11.247452931566489	-3.6068324798300138	-7.640620451736476	-7.895489425867444	4.28865694603743	0.5161555543399332	0.3006196807085737	3.521765876685985	-8.109131666906807	0.8485387431862446	25.039800621437664	1.0
1410000	-11.98158882179978	-4.775663291534011	-7.20592553026577	-7.77462208774559	2.9989587962115793	0.4175224495097207	0.8272862620762211	3.8143481934540646	-5.2139619205246195	1.9432780969867045	11.216599734748739	1.0
1411000	-10.776599367119564	-1.776047152070733	-9.000552215048831	-7.928193004201885	6.152145852131152	0.3867644392112278	0.6430028383701114	2.849728923899479	-8.173206945441649	0.7383853925083761	11.035446282024333	1.0
1412000	-11.605100118850983	-1.6990976564860425	-9.90600246236494	-8.011490397769169	6.312392741283126	0.33488254104062787	0.5812236670736883	4.9572444478040385	-9.354897028636838	0.4473147286408622	17.623208272783714	1.0
1413000	-11.727064702156596	-3.2717003652183863	-8.45536433693821	-8.953815298652863	5.682114933434477	0.7016609185297207	1.081311022255358	3.643737911223149	-8.292901997324119	1.0227681521237153	70.74015361910361	1.0
1414000	-11.03599888128256	-3.2013359349476564	-7.834662946334902	-7.938135151274595	4.736799216326938	0.5745910456065716	0.8612575082870715	1.7099093286576157	-6.373115358078054	2.4983126725143134	12.976206973438563	1.0
1415000	-10.028527522214311	-2.667636713956963	-7.3608908082573485	-7.975471825978291	5.307835112021328	0.40734005423057046	0.4460873913373123	4.461679988741136	-7.917830761810784	1.0837370859649018	55.15930085563328	1.0
1416000	-10.67222097589596	-2.854837024280119	-7.8173839516158425	-7.827819861161917	4.972982836881798	0.5112460639502512	1.1849888729170506	2.293819753468347	-6.68577189976821	0.8716641047617403	22.04355404092628	1.0
1417000	-11.801544880552722	-2.58636394843787	-9.215180932114853	-7.942526370584424	5.356162422146554	0.30090735886668907	1.2356448170825205	4.076752595030554	-7.482748777139234	0.974873704648263	10.41788816808289	1.0
1418000	-14.749408647383769	-7.175981288672404	-7.573427358711364	-7.922821401199145	0.7468401125267405	0.6430448366857616	1.6272124053979267	2.3515399172133007	-4.280979577002547	0.9220223126865127	12.489266331065183	1.0
1419000	-11.413585592761091	-3.491340022622383	-7.922245570138709	-7.884563504466758	4.393223481844375	0.3114225629119081	0.7373523024326651	4.218208034405802	-6.244486443057304	3.0280175497561928	10.096051327956934	1.0
1420000	-10.875684303886153	-3.2668713396270173	-7.608812964259136	-8.671274288409432	5.404402948782415	0.16672996122529524	0.9457870820724443	5.8601569389638275	-6.95669312880993	1.7381418557968231	87.24030102081225	1.0
1421000	-12.123358797426338	-1.5406251371653168	-10.58273366026102	-7.747624601148807	6.2069994639834905	0.4374617328825542	0.4436782835270054	3.166695412639961	-9.830180184786427	0.5954406942049322	11.182926780999516	1.0
1422000	-16.261779332327567	-5.085711742180292	-11.176067590147275	-10.098810633318799	5.013098891138506	0.9285942985587672	1.3744793046450032	3.2225199140726373	-7.6108124448675385	2.3983971341866503	10.69098415278017	1.0
1423000	-10.426849979101553	-2.3807807539560084	-8.046069225145544	-8.062004840159297	5.681224086203288	0.3715212090288571	1.0495649380038055	2.6856642920224147	-8.489173778138621	0.9051526783236303	29.992800770555245	1.0
1424000	-12.359786099694418	-4.542713861355776	-7.817072238338641	-9.7827863830105	5.2400725216547235	0.8763687493323553	0.6970165965196475	3.285029037200502	-6.992008841466965	1.3170244917035883	21.40086851353948	1.0
1425000	-10.253786808895065	-2.817417565968233	-7.436369242926832	-7.764028395673078	4.946610829704845	0.44349782103312396	0.784425311225143	2.9714012636444456	-6.611288344185529	2.0448038043504235	13.955387387397963	1.0
1426000	-12.35242760027873	-4.684546600261358	-7.667881000017371	-8.10545335054155	3.420906750280192	0.6128775512111588	1.0721893044024997	1.1623818530561096	-5.394910597806701	0.7871439651015346	7.652943521168966	1.0
1427000	-10.288913356309024	-2.039817058319181	-8.249096297989844	-7.760082177088924	5.720265118769743	0.408697684497564	0.9448527011922706	3.7477244596868395	-7.350882547082405	2.4640693518467094	90.22716737499785	1.0
1428000	-10.130936913481953	-2.6073071031553887	-7.5236298103265655	-8.382621893892141	5.775314790736752	0.6374567786134437	0.3855218917553501	0.5347614632080135	-8.882006736596349	1.0168962034483278	38.39432563945248	1.0
1429000	-12.648408307964019	-4.437415139139373	-8.210993168824645	-10.283329969922796	5.845914830783424	0.17003364608714305	0.329182367177545	3.142582680689443	-9.645050697706935	0.5837612634832449	36.659548611622554	1.0
1430000	-11.458276463903342	-3.4008867076797413	-8.0573897562236	-8.788242823694707	5.387356116014966	0.9656281176229733	0.9828801159510712	-0.32713490687382873	-6.950824146498084	0.8586155053822855	17.688640118793387	1.0
1431000	-10.13552593828154	-2.2379475693338335	-7.897578368947707	-8.228656785546622	5.990709216212789	0.8064841021565529	0.6328964379185743	1.0090269887250531	-7.941790702484003	2.172322772694118	26.748040862357765	1.0
1432000	-11.379367893893502	-3.1533016210531866	-8.226066272840315	-9.0193462010417	5.866044579988513	0.5115903048469325	0.7125798920945521	4.86433756773014	-7.619250589504213	0.8216328973519688	21.014771345834774	1.0
1433000	-12.552612318389263	-3.8084897845668824	-8.744122533822381	-8.212171419991266	4.403681635424384	0.8093684975363354	1.5261624433300505	1.3339740194054586	-6.805854078453669	1.5266519120793132	21.460620977597735	1.0
1434000	-12.88421621531461	-4.63355514801945	-8.250661067295159	-8.932609865443531	4.299054717424081	1.0385061669229494	0.6855775817431569	-0.4662475368623394	-6.264545951311287	1.0395060182399816	7.268733929913653	1.0
1435000	-16.83383580007513	-6.154121977753393	-10.679713822321737	-10.267269105755327	4.113147128001934	1.1533820440364047	1.574088275520345	-2.506683300202001	-8.04513346320854	0.9882516967675472	9.059499753737535	1.0
1436000	-10.682437242538967	-3.3670349646039988	-7.315402277934967	-9.510571991597711	6.143537026993712	0.39213895753075906	0.5410435963588898	0.48236672506283296	-8.487507535370291	1.186088031031951	22.785573365733683	1.0
1437000	-14.587611741955858	-4.515739915594189	-10.071871826361669	-8.146476925614895	3.630737010020706	0.37355973922765223	1.4865985014909153	2.491349467569778	-5.878110693631722	0.3345066019158035	5.476838633184801	1.0
1438000	-10.76170075933135	-3.0684991983123666	-7.693201561018983	-8.552003326707696	5.48350412839533	0.3657291091158391	0.2551982114692366	5.469103728286887	-11.093867794271237	1.1260712868638	109.17225709792739	1.0
1439000	-11.646217664347217	-4.011100264182913	-7.6351174001643045	-9.058612374200743	5.047512110017831	0.17663697283304927	0.8146479753905285	4.4922816557372744	-6.665802491621921	0.7557287415962454	27.665055301673444	1.0
1440000	-11.737264114252454	-4.289703926219399	-7.447560188033056	-7.799153285918036	3.509449359698637	0.3631347469694936	0.8173383778635784	3.68912381393808	-5.5424942669744865	1.437460077076356	9.134220058443878	1.0
1441000	-12.154171371160707	-3.469297484081232	-8.684873887079474	-9.236637400257111	5.767339916175879	0.6283059868275209	0.974571157201716	-0.6398169816416696	-7.461948374614535	0.8553261072032831	9.699465678383335	1.0
1442000	-15.310306854881532	-6.436677313852606	-8.873629541028926	-10.758112981096682	4.321435667244076	1.0482698128533086	0.21463524044072424	3.0354609558595573	-12.303179421849883	1.8378649625497105	32.94621739100005	1.0
1443000	-11.514320546207934	-3.063914265137588	-8.450406281070347	-7.749326858864298	4.68541259372671	0.4539223266853437	0.5227116397038889	3.4010547640464024	-7.013075382771635	0.5466139907875611	13.309862503612644	1.0
1444000	-10.00740433301887	-1.6584842130883537	-8.348920119930517	-7.8790892700503665	6.220605056962013	0.5754259808749391	0.6956007611601115	2.954075083367863	-8.225806021635453	1.4557132452846246	13.651060852766419	1.0
1445000	-11.49053137275888	-2.244549169599253	-9.245982203159627	-7.8571639669634425	5.61261479736419	0.5711496888502559	0.8198468913063031	2.0403361716471173	-7.208467812342386	1.6807467719380689	6.662152080193172	1.0
1446000	-14.72388502854215	-7.574889034514492	-7.148995994027656	-9.064650012653054	1.4897609781385617	0.5370806321189533	0.8474870117031258	-0.027552979917325304	-4.334169841390406	1.7107169159718216	3.3434578744903924	1.0
1447000	-11.299585308433908	-2.94433056880219	-8.355254739631718	-8.921095997411582	5.976765428609392	0.8609802163302395	0.9301288591980142	-0.6884913848623724	-7.828955358220073	0.6161665300603456	26.08899522740588	1.0
1448000	-11.762668516192251	-4.636972990599884	-7.125695525592367	-9.854134144359634	5.21716115375975	0.18142408155663736	0.9698120047529827	3.308549432948847	-6.767033048689001	1.3881010690058824	29.12356763890863	1.0
1449000	-12.737152861587045	-1.787414668336253	-10.949738193250791	-7.782716628754914	5.995301960418661	0.5383546143086142	0.9561414897759508	2.6412309687410955	-8.188950245506653	2.406056456106607	6.938781183060647	1.0
1450000	-9.651691410684005	-1.8004624091259744	-7.851229001558031	-7.9567111960024075	6.156248786876433	0.4072894097190534	0.6977600642182643	4.425461475298254	-8.084622549757034	0.8500515533246759	43.37594019144081	1.0
1451000	-13.16999423953785	-2.5846461182160816	-10.585348121321768	-8.715049439536568	6.130403321320486	0.6319367478546537	0.5220621097155345	0.024100939404389288	-9.882541648721876	0.22331013053507798	19.28623954495883	1.0
1452000	-10.892473420275952	-2.456518456687901	-8.43595496358805	-7.99470573889452	5.53818728220662	0.591296826517476	1.0060142746269611	1.5005610618321987	-8.867125114110133	1.514783725432011	20.171046150755654	1.0
1453000	-11.758133604763778	-2.1889816081607174	-9.569151996603061	-8.420716630360255	6.231735022199538	0.7264121382940211	0.7839036080192681	2.892538094163339	-8.310041529327185	0.5241873060588376	241.6747595692842	1.0
1454000	-11.692608522947218	-3.5773265059020565	-8.11528201704516	-8.583392059684455	5.006065553782398	0.33678553527519023	0.47123277479904213	5.698322958363044	-7.5057996752898894	1.2105562674212822	244.67532884353747	1.0
1455000	-9.927642319265978	-1.82655290833224	-8.101089410933739	-8.16050529221371	6.33395238388147	0.4126959209748596	0.5491617531563356	2.0955415949237293	-8.984783882214321	0.7082922675843158	26.11666987794063	1.0
1456000	-14.41753393103999	-4.597042610136956	-9.820491320903034	-10.738841291659597	6.141798681522641	1.5718981558851028	0.3993059820505675	0.30629556370476985	-9.923347850136246	1.8966841027245502	19.17154201296092	1.0
1457000	-10.550319774526509	-1.9458887119544084	-8.6044310625721	-8.153621821806286	6.207733109851878	0.726861365329688	0.5155284629336061	2.3481306629218075	-9.766769231577978	1.736669027270675	17.806742289656476	1.0
1458000	-13.496051171505131	-4.757482060123584	-8.738569111381548	-8.742957101587411	3.9854750414638267	0.8476338445879618	0.34581995326348064	2.4892218314215757	-7.463761573025058	2.6907336653268032	8.881184468306303	1.0
1459000	-12.232009897360818	-3.152692066892751	-9.079317830468067	-8.287868137290577	5.135176070397826	0.21439759834051	1.0385886594087534	5.699035312652331	-9.093879496203398	1.1945877942225238	17.914646295951453	1.0
1460000	-11.76760779786974	-2.1558503756507896	-9.61175742221895	-7.884996133258538	5.729145757607748	0.5382240221666196	0.3379787694030122	1.9838197998978244	-9.28812971800495	0.5454348671539738	12.74675039222407	1.0
1461000	-12.485940376121766	-4.5127223717738465	-7.9732180043479195	-8.754925989271197	4.24220361749735	0.9941025857821788	0.2755132378077038	1.300630870669382	-8.339413242357463	1.737367581837968	15.554342586744948	1.0
1462000	-13.522952605599457	-7.094447329883681	-6.428505275715775	-8.28475476987214	1.1903074399884597	0.271341330235209	0.5065510958723525	3.6381424611779885	-4.786766127944418	1.0846357609389183	21.587561294929323	1.0
1463000	-11.89981130206141	-2.6362003752240675	-9.263610926837343	-8.672699916382406	6.036499541158339	0.439086960193066	0.8794089791294716	1.088608553213848	-7.863964455009368	0.6421172953858771	9.02016113092815	1.0
1464000	-14.461342791316985	-7.493907016234804	-6.967435775082182	-7.93312550879919	0.43921849256438605	0.4984546649929731	0.9558316263649962	3.7466716235698807	-3.743849635577396	1.2232236258379305	23.484116506668997	1.0
1465000	-12.694334581064947	-5.029000514010184	-7.665334067054764	-10.249845419898419	5.220844905888235	0.19021789112790632	0.5694038478510774	2.665433267210325	-7.296393072015833	0.6407024109239647	22.776251614879456	1.0
1466000	-9.777699012460307	-2.1946535659717794	-7.583045446488528	-8.455746274131016	6.261092708159237	0.5549774033336033	0.597430318165688	0.7105466581930644	-8.52371613894185	1.0999305540726487	25.805131944181475	1.0
1467000	-12.409590514622108	-5.324306252395413	-7.085284262226695	-8.343354132950708	3.0190478805552945	0.8683131848897397	0.5762893793324219	1.1648572070693508	-5.665858142768498	1.7107391729987318	13.088074447594039	1.0
1468000	-11.248035786370409	-3.210750624214973	-8.037285162155435	-7.9899324845185875	4.7791818603036145	0.677010030043863	1.279347039112213	2.2766194507348887	-6.6206890493111175	0.892958120403786	19.5936675277437	1.0
1469000	-11.504084622705879	-3.164730427920272	-8.339354194785606	-8.29932725149078	5.134596823570508	0.4103210552276034	0.4014083549017074	4.907316841145008	-11.097945175099161	1.093822805565984	31.366081561127586	1.0
1470000	-10.875144545484462	-2.1626057094999727	-8.712538835984489	-8.273024949294497	6.110419239794524	0.7481017538379241	0.4474594647709519	0.6298972159048823	-10.071701271490618	0.7963118618446252	21.030930331183626	1.0
1471000	-9.694353579480996	-2.385745136506097	-7.3086084429749	-7.848418232767113	5.462673096261016	0.39618461964073887	0.6239887838848016	4.229112652623191	-7.361174631024008	1.7720323495932906	19.763499027635532	1.0
1472000	-10.856353224719847	-3.3203560697747765	-7.535997154945069	-9.425580418930045	6.105224349155268	0.32115770926501547	0.38904421457849414	1.3221672259896966	-10.038185903159865	1.0271899726959774	79.89458337795773	1.0
1473000	-10.557432766389724	-2.538533828757611	-8.018898937632112	-8.466315536775076	5.927781708017465	0.4067242701120223	0.9106098409642741	1.642328691817137	-7.668458136513744	1.4351877585386739	12.273095802181942	1.0
1474000	-14.352415736640367	-6.374818978781256	-7.977596757859111	-9.247585246431893	2.8727662676506363	0.20514625077999685	0.08580114341242412	7.219933468991558	-13.833178046328817	1.82002819597683	773.1092980862186	1.0
1475000	-11.907434565316143	-2.393543860954443	-9.5138907043617	-8.177826337893192	5.784282476938749	0.7047849762955859	1.0579131191319442	2.61833724404217	-7.816880702457414	0.8592463498680366	9.391181999333812	1.0
1476000	-14.933270240460647	-6.262938247229069	-8.670331993231578	-9.067103820729146	2.8041655735000774	1.106957743373375	0.396140640596643	0.9716390806557246	-6.286477608716759	0.32971270442659295	13.081717342029382	1.0
1477000	-15.026271634431396	-4.2753779118113915	-10.750893722620004	-8.779832428474366	4.504454516662975	0.784105676618951	1.339368840117399	-0.4055027751136392	-6.43020572358309	0.6762997088195493	3.889520449819794	1.0
1478000	-10.2052952511055	-2.5553743851838178	-7.6499208659216835	-8.316091307505111	5.7607169223212935	0.7223367301192736	0.7220637952199623	0.5228698328839656	-7.476743898896831	1.9379708404263642	26.997133291153514	1.0
1479000	-13.029530302697927	-4.053411228363265	-8.976119074334662	-9.100915192191433	5.047503963828168	0.9285375231198008	1.1577913657681191	-0.9846372235732266	-6.731736210240834	0.3206936542140762	16.99662583280621	1.0
1480000	-10.42316032377963	-2.2277407855385887	-8.195419538241042	-8.505085097967406	6.277344312428817	0.8930639454366046	0.7517263220328574	1.6582879638758803	-8.47559054261057	1.3707438798239777	23.924883462454815	1.0
1481000	-12.405310316782366	-1.885274877341108	-10.520035439441259	-7.897853376316573	6.012578498975465	0.5099002830151428	0.9332345675372437	2.0495392162852744	-7.973897248267228	0.5006647108094634	7.41130958268162	1.0
1482000	-9.241232908561178	-2.0653456790438405	-7.175887229517338	-7.96131968933987	5.89597401029603	0.28764993818967693	0.5921394144911967	4.8631650539238445	-7.929543187326004	1.744206749944191	26.239621561523617	1.0
1483000	-11.428569194417474	-4.263009686798199	-7.165559507619274	-8.001057541355827	3.7380478545576277	0.6563035121321596	0.49848236910024	2.578506239962876	-6.409762412187187	1.9491555967382899	12.836092895247695	1.0
1484000	-14.06087660858704	-3.939916745013628	-10.120959863573413	-9.127378050581182	5.187461305567554	0.31363357695108135	0.7019289289097097	1.7576557174699472	-10.08496446282766	0.517131113927114	13.714938921472143	1.0
1485000	-13.275119108107987	-5.40070379009445	-7.874415318013536	-9.681942135647631	4.281238345553181	0.7741725671276114	0.41015323928805497	-1.575367064461259	-7.246386279045449	0.7825198122257675	13.769798280386452	1.0
1486000	-10.611453118626823	-2.315173457809185	-8.296279660817639	-8.636117593521549	6.320944135712364	0.27668203613615155	0.630027099882948	2.9328909809815853	-9.169282092137466	0.9687817315481735	17.432003540892747	1.0
1487000	-11.340503861886912	-2.4492031212387495	-8.891300740648163	-7.880489607247274	5.431286486008524	0.6048050999783724	0.7347014281985141	2.6283213588050547	-7.108656492137985	0.3324886072413111	21.38241644279038	1.0
1488000	-12.191579870209722	-3.555260503776222	-8.636319366433499	-8.729610773120259	5.174350269344036	0.20143839964425406	1.1137197326260933	4.34290454285783	-6.820249511196193	0.5433913439786896	90.1318480007894	1.0
1489000	-9.535957977355821	-1.7518351409778035	-7.7841228363780175	-7.811845440331506	6.060010299353703	0.35312425868742225	0.8923827494612244	4.195097754050403	-8.565051811257499	2.0422753652045573	38.76969971631212	1.0
1490000	-11.91405523234015	-3.205410034241602	-8.708645198098548	-9.561786859241492	6.35637682499989	1.270747489490721	0.6027849288578356	0.5734712672476162	-8.914123578248041	1.1053630906409726	19.808012749597214	1.0
1491000	-13.03592274899901	-6.176816657568432	-6.859106091430577	-9.147438697295726	2.970622039727294	0.2431140371270412	1.0350230764919677	2.8094218418852495	-5.11222094556053	1.6900890655336593	11.781988357712203	1.0
1492000	-13.597978994092147	-4.564521710959811	-9.033457283132336	-8.728401463399546	4.163879752439735	0.40743069901731227	0.17925635810678586	1.2696315531423785	-12.552847308137974	0.7783331918582197	27.083261180955517	1.0
1493000	-11.393399795462296	-2.8428772157509012	-8.550522579711394	-9.07237259144293	6.229495375692029	1.0015112875889864	0.6571290957871716	-0.8775979605324244	-8.30163439194201	1.916552501166881	82.4549438161646	1.0
1494000	-11.567771138662158	-4.11593261148769	-7.451838527174468	-8.861185245938563	4.745252634450873	0.2208434266376289	0.24892109286895334	6.762960857465283	-9.156504248778381	1.7863356374413581	23.221645118290876	1.0
1495000	-14.645960055035147	-6.937546861899918	-7.708413193135229	-12.889867628683925	5.952320766784007	0.282204483967848	0.9590642285124237	-1.3040455455331745	-8.421298224374427	0.9949388029913068	28.348004238756342	1.0
1496000	-11.624333139418532	-4.0870762566863	-7.537256882732231	-9.477798045578655	5.390721788892355	0.12758699714188984	0.22792403906122163	5.681607387122917	-11.015655466663796	1.0145547121124465	97.46297348688942	1.0
1497000	-12.751315988776378	-4.272168340890557	-8.47914764788582	-8.268745353238526	3.9965770123479682	0.7006251486721019	0.8740682395519634	0.64634460059632	-5.820113733821923	0.5441816730446357	6.2806415557673665	1.0
1498000	-12.701517227706962	-4.186518215166509	-8.514999012540452	-7.83303630540096	3.6465180902344514	0.5843178565927806	1.658760933139538	2.275595293386961	-6.23525054651437	1.5289256971789125	20.08030176554965	1.0
1499000	-10.732744451206111	-2.6398775471644935	-8.092866904041617	-8.942674521174037	6.302796974009544	0.8146946131836398	0.5984518151043395	-0.6923150448841171	-8.639972744851555	1.7598625643615635	19.46361826363419	1.0
1500000	-17.251777904294624	-9.455738416421049	-7.796039487873575	-9.856892423792994	0.40115400737194484	0.6910842457622864	0.43589655084465695	-1.5474389781431115	-4.616022957280268	0.3565558206974316	9.70388383754792	1.0
1501000	-14.840996296858187	-6.196132307036799	-8.644863989821388	-9.862617813611564	3.666485506574765	0.2843910653948689	0.4885132261393883	1.3408497561059216	-6.401604227644259	0.8011732231016164	5.229535185602541	1.0
1502000	-11.63618843228154	-4.341351518428341	-7.294836913853198	-8.532772293986561	4.19142077555822	0.8197056706628362	0.5543743505737725	0.03912037058093354	-6.5246706554514375	2.0055020714041993	16.523902625358257	1.0
1503000	-14.173825735331027	-4.40992584207377	-9.763899893257257	-9.404896809635993	4.994970967562223	0.2906020651448096	0.7308526976805919	1.7447671331748118	-6.722933624001531	0.9585185009549644	4.502166765818685	1.0
1504000	-10.565981838087573	-2.1455041946843627	-8.420477643403212	-7.909654161333345	5.764149966648982	0.47463417330994845	0.3212243048350882	2.1988137671004777	-10.7346281835215	2.3516840484211765	16.62939248356053	1.0
1505000	-11.197568432018166	-2.39026683091487	-8.807301601103296	-8.563430390796798	6.173163559881928	0.9472115288407909	0.8283503950519557	0.3759569624153365	-8.617579216313853	1.2426356450396916	138.12923689067273	1.0
1506000	-11.229282898744552	-2.713643318571295	-8.515639580173257	-7.884889722163543	5.171246403592248	0.5338066565079471	1.2178532255501722	3.3497298081973446	-7.00066586670234	1.1166603956661303	12.433869459327122	1.0
1507000	-12.208129492117028	-4.051011251672428	-8.1571182404446	-9.039058638189204	4.988047386516776	1.027087629217527	0.7448864906589234	-0.7622171666530919	-6.696286778832604	1.5717243843061104	56.72069367889972	1.0
1508000	-12.984541687296108	-5.149839614515939	-7.83470207278017	-10.64489522583398	5.495055611318042	0.36456389467688205	1.1849693269971093	-0.37381722682509966	-7.957138249986432	1.3283377190433625	44.173010799701416	1.0
1509000	-12.435891271436358	-4.363629087416466	-8.072262184019893	-9.102229051682444	4.738599964265979	1.1141844871847137	0.33060380889939145	-0.6108311751072377	-8.215508860842547	0.7108395180719569	34.83740302817373	1.0
1510000	-12.46234887761256	-4.720543771672316	-7.741805105940244	-8.049445588012862	3.3289018163405455	0.7276006514056134	1.1001188413170733	1.7060230714960323	-5.34143198659115	1.299559299348922	7.932736930136015	1.0
1511000	-12.422292958883872	-3.9526067437850925	-8.469686215098779	-10.109899932933487	6.157293189148395	1.325339294837878	0.40685319781087037	-2.0577581601955894	-9.54850912462506	1.1036139967463545	35.09778321528125	1.0
1512000	-15.189813607303696	-2.725691555828666	-12.46412205147503	-8.017297507301668	5.291605951473002	0.5263420939541418	0.4305872236084778	1.6581250778371488	-7.992879564786132	1.0503218201195974	3.998024196944873	1.0
1513000	-18.684641288822654	-9.51763594005742	-9.167005348765233	-15.769630411756989	6.251994471699568	0.926083562908936	0.751361397568221	-6.363916214887463	-8.321062569710655	1.3748226986269405	20.97114049159776	1.0
1514000	-12.855025096013557	-4.953709444329874	-7.901315651683683	-8.63268304383016	3.678973599500285	0.9852113584819151	0.49612122654046564	0.8521299636262532	-6.378545157532095	0.622449275331257	12.29666318465854	1.0
1515000	-11.203941302643827	-3.6274038769422727	-7.576537425701553	-9.822941832177175	6.195537955234903	0.3070313328219959	0.5266558121950053	1.075531356388155	-9.764470693304496	1.3974515696766847	22.802071859536646	1.0
1516000	-11.453515253303207	-1.5922945395445076	-9.8612207137587	-7.86775610267469	6.275461563130182	0.3176303094512444	0.7282679131643358	4.413736816915668	-8.390100208549931	0.2588175020705014	24.02932547267905	1.0
1517000	-11.305665325681183	-2.187865693897325	-9.117799631783859	-8.499906468923552	6.312040775026227	0.39152395595167977	0.6736180756943776	5.243347574254185	-9.018169030108854	2.6393524732530107	14.589469334058439	1.0
1518000	-11.51880392730492	-2.7479476925075064	-8.770856234797414	-8.695818499690144	5.947870807182638	1.0116226503363035	0.9725209865911248	0.7065378572260126	-7.929910823033035	0.5139511700584498	19.943066841024983	1.0
1519000	-15.73521108000018	-6.8880431641702105	-8.84716791582997	-8.616058300871478	1.7280151367012673	0.28309209701545596	0.652645087966811	2.861604423453984	-4.708663444749914	1.372419563465578	2.8602307047309163	1.0
1520000	-10.561832761708526	-2.6256566492304803	-7.936176112478046	-8.670800739708195	6.045144090477715	0.8183831506029965	0.7678554882195252	2.5946375723542947	-7.821657552954208	1.1588271853154717	26.84527009980671	1.0
1521000	-10.999659512492501	-2.7911471410870075	-8.208512371405494	-7.7626070032578305	4.971459862170823	0.48751165572538974	1.1300459843494428	2.7530918122785604	-6.618169959534732	0.5464985018722066	33.46959159619651	1.0
1522000	-19.54784399425119	-10.806318840761085	-8.741525153490105	-11.034868572353316	0.22854973159223135	1.6099811088423885	1.5355600092956285	0.45641259970125747	-3.934386259002164	0.21766891013302564	13.035327362516792	1.0
1523000	-12.394090959802238	-4.60976427569495	-7.784326684107289	-9.3472644590586	4.73750018336365	0.7605378417350669	0.27367130898883624	-1.1536381200399106	-8.816836166275895	1.1164172747489316	19.233976168759444	1.0
1524000	-11.591615717025071	-3.096739728382156	-8.494875988642915	-8.793844532966427	5.697104804584271	1.0510694398220628	0.6035405439826608	0.41065234778192256	-10.072117658465972	0.8587610183977293	46.78424103157222	1.0
1525000	-9.936704508477627	-2.790424388571898	-7.146280119905729	-8.530502253079622	5.7400778645077235	0.4298184808186624	0.2853600715282103	5.011981366185682	-10.239698531565528	3.9247819376363875	46.60454898273332	1.0
1526000	-10.6545872902789	-2.799064659931478	-7.855522630347423	-8.712363985071814	5.913299325140336	0.5392915047961473	0.32912234683309305	0.4121711249003932	-9.867744223610403	4.052651568935878	22.199638419537273	1.0
1527000	-11.563974275925613	-4.130332265686856	-7.433642010238756	-9.031207389554709	4.900875123867853	0.5903748751722326	0.9988324753556993	-0.2387672755777066	-6.476869480167986	1.194900578219261	18.519899233077734	1.0
1528000	-10.334068587084268	-2.5460673713614916	-7.788001215722776	-8.627796577052221	6.0817292056907295	0.8024816021630619	0.7223434798281002	-0.15503558267124962	-7.919999158279728	1.1328681367709985	39.80277804259303	1.0
1529000	-12.502137410561332	-3.9332484014604647	-8.568889009100868	-10.170158503959739	6.236910102499274	0.8795865158737329	0.7076418585748391	3.5139709323730766	-8.257506877539985	1.2182982215771911	17.121258452328142	1.0
1530000	-11.668810043662786	-4.20632072671033	-7.462489316952456	-9.764540374652874	5.558219647942544	0.5071906914836349	0.6368457468182613	-0.6370640591013687	-7.423828396803124	1.847531756039324	12.58082550517604	1.0
1531000	-9.674343038335753	-1.7967332516258354	-7.877609786709916	-7.989974449028309	6.1932411974024735	0.4935931728293357	0.7838524886681015	1.8844014148701547	-8.838208303825635	2.420120087430507	36.566532250539495	1.0
1532000	-17.342055860732614	-9.517795511030847	-7.824260349701765	-11.073565615511356	1.5557701044805086	0.41859657032274156	1.9370909942508847	-1.2506963327697058	-5.145838554885668	0.7820828732365466	16.419520066845344	1.0
1533000	-13.052689565225705	-3.022338968067885	-10.03035059715782	-8.286647962946077	5.264308994878192	0.678507245466695	0.8699943919907376	0.6327593321521214	-6.82414916518568	1.2044864490184917	4.525189249508406	1.0
1534000	-10.591739231615707	-3.146725512944288	-7.445013718671419	-8.438400294619235	5.291674781674947	0.3797784903271942	0.925032392478146	1.9326024434793603	-6.837590154353441	2.30105116784697	34.34101678207628	1.0
1535000	-10.09891057031958	-2.1824764033644977	-7.916434166955082	-7.996900245691055	5.8144238423265575	0.29093126800224894	0.8855407710479122	5.051622825497614	-7.453423342600928	1.569288566400774	18.12785643130658	1.0
1536000	-15.421186697533624	-6.398925367225139	-9.022261330308485	-7.972309242225739	1.5733838750005993	0.623357585304136	0.4437688395786063	1.5326422153431933	-5.265134251664266	0.8335335598909489	3.1414959656957238	1.0
1537000	-13.812786561852533	-4.735121750573556	-9.077664811278977	-10.668211176302458	5.933089425728903	1.1484072913015964	0.6085615574683264	2.5116543797986735	-7.928570360397328	0.47749496127900004	16.163955472049892	1.0
1538000	-10.676906470814991	-3.769848333654979	-6.907058137160013	-7.873137418189513	4.103289084534534	0.433086010564682	0.34273770980946555	2.5895821389755156	-7.5795394094179755	1.3011584074852534	20.462675300677986	1.0
1539000	-12.256193933482503	-3.523539134340293	-8.73265479914221	-9.355309197772847	5.831770063432554	1.2251150454629318	0.34875973603340044	-0.730717278250468	-9.34825813822524	0.5349349345504616	53.57085435359021	1.0
1540000	-9.637712205454033	-1.7830272946647892	-7.854684910789245	-7.7759879722824685	5.992960677617679	0.4340407757024789	0.5636638837359806	2.96957317118312	-8.156258151203478	2.2541579752531034	13.498424196579498	1.0
1541000	-11.490297155122867	-3.0973186353356414	-8.392978519787226	-8.160951246109008	5.063632610773366	0.6255036475233451	0.8116188946948498	1.005018271206828	-6.68244342142312	0.6201211894776425	9.155416912408688	1.0
1542000	-10.63573097301169	-2.644601084684062	-7.9911298883276265	-8.373088731067998	5.728487646383936	0.8017689447417361	0.9656337056658761	2.2077759414775118	-7.384516928543208	1.0263245462983805	30.01575468148081	1.0
1543000	-10.669089077681583	-2.5223858966742814	-8.146703181007302	-7.755564791214681	5.2331788945404	0.4969190748504864	1.2550817488477253	2.848722517600944	-7.238663413199171	1.1871493290161417	56.77861098394862	1.0
1544000	-10.657832266732793	-3.520621427973854	-7.13721083875894	-7.773201826071755	4.252580398097901	0.5069735827293363	0.5921710764433576	3.1034588104987373	-6.452206959038956	1.0547508800221965	27.652102408994327	1.0
1545000	-13.248855998676394	-4.487536124853732	-8.761319873822663	-10.782041418954881	6.294505294101149	0.8603710151907278	0.5301838779201368	-2.8614261698268835	-8.910349196580569	0.5856178624913776	99.26277390587222	1.0
1546000	-15.36029974133966	-7.639530821762296	-7.720768919577363	-7.996437060293928	0.35690623853163217	0.6691054873004941	1.5752268253519275	1.4858583665071206	-4.034810749039915	1.2670649575594088	4.708441255247338	1.0
1547000	-9.176968903141562	-1.889240271849351	-7.287728631292211	-8.135450614597245	6.246210342747894	0.46361044920459354	0.5888198995307751	1.7580940481386647	-8.51508042009667	1.787616932413519	60.960002503785546	1.0
1548000	-13.115955400555077	-4.499744428636079	-8.616210971918997	-9.29232837003438	4.7925839413983	0.36518709545458455	0.8171935639028415	6.022182027383793	-6.452245960097247	1.8859433537302532	11.557858260006602	1.0
1549000	-15.583101150322214	-6.333391917620573	-9.24970923270164	-9.540993461733095	3.2076015441125216	1.2463616272066862	0.49758347339562914	0.7591380481775419	-6.055355532833152	0.5813788804385945	5.038085131820938	1.0
1550000	-9.633483393778496	-2.088816826244674	-7.544666567533822	-8.149585593342538	6.060768767097864	0.4970763970336241	0.596823878486105	1.526525290401998	-9.756259105445162	1.8045640806792462	61.96218426466987	1.0
1551000	-10.91761580533463	-1.5830167014926646	-9.334599103841967	-7.878135244718018	6.295118543225353	0.4222683206352267	0.6128374050868726	4.153409827335096	-9.311442392333717	0.9066706807553709	13.94565744311931	1.0
1552000	-15.583447810167412	-7.774400179853769	-7.809047630313643	-13.738225554517888	5.963825374664118	0.15006541936924261	0.9736912889312966	0.6576243043729333	-8.13854618873572	0.7300814513660394	28.176466351339737	1.0
1553000	-17.08462612165019	-7.342244681530884	-9.742381440119305	-10.646813337272672	3.3045686557417877	1.4751595901126044	0.6786702475070697	0.8094510058362756	-10.877036290637529	0.8906255907088009	22.535647567215694	1.0
1554000	-12.788905418671714	-4.39503719956906	-8.393868219102654	-8.31450856365092	3.9194713640818595	0.5062117393936758	1.3776336058845196	1.1818758235767488	-5.956769868411838	0.8324592940491921	6.830598847801037	1.0
1555000	-11.125627122214947	-2.350801882592868	-8.774825239622078	-8.705292107616216	6.354490225023349	0.7422622549840742	0.6177266366329875	3.1482591162986133	-8.85590322991677	0.4878181645815115	32.720707673658154	1.0
1556000	-13.327510188261911	-5.791278810244653	-7.536231378017257	-9.159833939702406	3.3685551294577527	1.1425145577657576	0.7262621295232979	-0.6311354643164852	-5.564877965344831	1.4040225452990538	16.261865462059973	1.0
1557000	-12.985345891054802	-4.1496443259127	-8.835701565142102	-8.6717921111973	4.5221477852846	0.25584753895169415	1.3548456554392712	3.2348197381448816	-6.477227421926904	0.6650993922658465	8.992709547312044	1.0
1558000	-12.887787906873694	-4.381438345757504	-8.50634956111619	-9.217247133813895	4.835808788056392	0.2859772450491075	0.8937839421148778	2.026786116508306	-6.435441100268734	1.2737588033883152	5.865407827146663	1.0
1559000	-12.056501831619814	-4.266596999358222	-7.789904832261592	-8.434092590888309	4.167495591530087	0.7789778510095364	0.6537141596113718	2.5191288843061024	-6.236018361313192	0.8892038821274888	11.113877152501736	1.0
1560000	-12.091355143092741	-2.942464476233403	-9.148890666859339	-8.889509507772695	5.947045031539292	1.045465660670205	0.7273297396636169	-0.2983196067362718	-7.706985545577208	0.34870004668723736	16.933901815170163	1.0
1561000	-12.438853661118486	-4.020075182385561	-8.418778478732925	-8.941046627157275	4.920971444771714	0.6030129691084412	1.3934194923791892	-0.17668012118978355	-7.797024624692437	0.7374903027477931	20.69051612714469	1.0
1562000	-11.462914994654035	-2.338891052770812	-9.124023941883223	-8.614306398633241	6.275415345862429	0.8979537078115375	0.6947014806252468	1.8862650726845795	-8.380147168613453	1.1844912553189355	11.063365186753249	1.0
1563000	-12.258976923429845	-5.185851715205273	-7.073125208224571	-7.8073779475485505	2.6215262323432773	0.37177930291303435	0.7281879964054806	4.171804214905614	-5.101461763476446	1.3830626072088692	11.10784409105314	1.0
1564000	-10.867999582871235	-3.4563132031949566	-7.411686379676278	-8.03806151429591	4.581748311100953	0.3518011699315916	0.9272305426148311	2.9650257326901994	-6.219731005307105	1.1072002824838199	13.49540764669961	1.0
1565000	-11.632845239628613	-2.326973699727299	-9.305871539901315	-8.434910448868978	6.107936749141679	0.6046905137612288	0.8876806114163982	0.5462848852697952	-8.35561339803355	0.2986984152734561	48.707189393425445	1.0
1566000	-10.648867146835425	-1.8241473239116912	-8.824719822923733	-7.858261137968623	6.034113814056932	0.47310104690199983	0.9203035659976054	2.3636734564622532	-7.996304047302622	0.7259095889901973	12.30833452716009	1.0
1567000	-13.211839093757739	-5.997698152405316	-7.214140941352424	-8.289858667274942	2.292160514869626	0.4903561009889899	1.3144782493493543	1.3140165442052532	-4.821669757317741	0.9678359549815396	9.551400474508137	1.0
1568000	-10.70891232454607	-2.735327618049854	-7.973584706496215	-7.746145555893032	5.0108179378431785	0.42587348531304126	1.2972775646814867	3.3064268842627635	-6.972386526230529	1.0994605289250163	22.936116947699418	1.0
1569000	-18.82424043918494	-6.983855298461835	-11.840385140723107	-9.903605538802429	2.919750240340594	0.7778831523274918	2.0169265096922557	-1.826698690607134	-6.779708451207633	0.7249904412231712	4.175301785919311	1.0
1570000	-12.746045876221757	-4.390247927190124	-8.355797949031633	-10.156141585370861	5.765893658180737	0.7419540406471082	0.6470366607246026	-2.0021848318405118	-7.623792477330705	1.7259788184829066	11.060046207956821	1.0
1571000	-20.608642152844794	-5.6217715745421195	-14.986870578302677	-10.584664837976334	4.962893263434214	0.9820922412615305	1.36621256051526	-2.821582091866414	-7.172129440352317	0.5439896287597787	3.121207828971658	1.0
1572000	-10.54784184030325	-2.437861711097365	-8.109980129205885	-8.024769844183174	5.586908133085809	0.6100876311982623	0.7274644209936852	1.3781900959081737	-7.2764479390410655	1.1902039121739851	10.095858582180929	1.0
1573000	-14.074150827130193	-5.442364071721965	-8.631786755408228	-9.716566365727314	4.274202294005349	0.11836712583345228	0.3471560597167387	8.200100261773105	-7.679509548393014	0.6975980420015161	24.906471983858985	1.0
1574000	-9.715192481026431	-1.4940469211694198	-8.22114555985701	-7.814534373222634	6.320487452053214	0.4608763353665117	0.6007865234277977	3.7027379305067285	-9.270726974290998	0.9825667446871893	141.60846539794096	1.0
1575000	-11.088085956960926	-2.6563641351208176	-8.431721821840108	-8.115208946717715	5.458844811596897	0.24974150076686302	0.2400955643606278	5.352602756608702	-11.004438597238803	0.8097031901176224	32.75217192620528	1.0
1576000	-14.139780324223253	-4.318580675145368	-9.821199649077885	-7.936265236596194	3.617684561450826	0.6432867508788885	1.0144732370224478	1.7308244166971043	-9.875682701392575	1.617684931902517	13.817221230828013	1.0
1577000	-10.373325055451687	-2.1193467204342875	-8.2539783350174	-7.817846394293215	5.698499673858928	0.37770353348171964	0.863359078995931	4.206259571530108	-9.225990468996576	0.9444735115561924	102.15306945502361	1.0
1578000	-11.288667007647152	-2.6444869530895403	-8.644180054557612	-8.232127637325714	5.587640684236174	0.4894969715175916	0.7160143788725567	1.4185984876724436	-9.795530050393852	1.9162371683691286	16.29380034716404	1.0
1579000	-12.997527308470879	-5.480188088183289	-7.51733922028759	-9.071976485841871	3.591788397658582	1.030679236365051	0.5029906733022311	-0.8246074849363771	-6.291023890102635	0.8464044988352039	15.093902754505436	1.0
1580000	-11.834422743047869	-4.074386523479443	-7.760036219568425	-8.473132633741915	4.398746110262472	0.4421330579401612	1.1252404470697048	1.3476995367687348	-6.103291475850627	1.0265184996172247	9.015543498902167	1.0
1581000	-21.410320462874676	-10.402791733547247	-11.00752872932743	-11.772523564392348	1.369731830845101	1.4633376915801743	1.072378695691871	1.7934493798662245	-4.218511409223904	0.5302395501743822	1.7524057728844173	1.0
1582000	-11.685354164772255	-3.1948108974943814	-8.490543267277873	-8.216860088991806	5.022049191497425	0.30539205241975853	1.372014598507146	5.477452637926799	-7.54267840989009	1.0745839801076698	23.83412446532491	1.0
1583000	-12.411308555154221	-2.5693642582708307	-9.84194429688339	-8.921127350967557	6.351763092696727	0.3868963587474448	0.5887410269276626	1.207357935268686	-8.91078126561265	0.3721308833201612	13.0679389560707	1.0
1584000	-11.003058124524731	-3.6782273838862913	-7.324830740638439	-8.26748565276168	4.589258268875389	0.7702197623590353	0.3888254901218015	2.2411456301544597	-7.629463217963209	1.576859683318758	53.440198487108866	1.0
1585000	-10.088747335284516	-2.2624890660155987	-7.826258269268917	-8.32281494112954	6.060325875113941	0.7874886322022666	0.6703410489757657	0.5352599055275087	-7.9625434575797644	1.386225314088307	18.993963635978446	1.0
1586000	-11.313374286221103	-3.614199531482444	-7.699174754738659	-9.907018929934686	6.2928193984522425	0.12566527025199242	0.6817303949782612	5.090749198830539	-9.052004576723208	0.9771746131960144	41.361829358277596	1.0
1587000	-11.210973392914696	-2.7805445340434973	-8.430428858871197	-8.679946980303026	5.899402446259528	0.5616220079224025	0.409627178294271	0.3497380798507217	-10.452142328244095	1.1477168490358636	19.734629876561947	1.0
1588000	-13.297679706920583	-5.3410439832321295	-7.956635723688453	-10.509074748574477	5.168030765342348	0.7893066997938835	0.4499550349770085	4.149504057049078	-7.76259621976214	1.2560551695727649	18.392595547718827	1.0
1589000	-10.110564937809826	-2.007657068508448	-8.10290786930138	-7.900779788519153	5.893122720010705	0.5949833765996744	1.0080276113660398	1.8272163756589552	-7.957160631424417	1.1696917998469658	18.876340785631175	1.0
1590000	-14.50252621273023	-8.57004539952127	-5.93248081320896	-8.195614362653927	-0.37443103686734336	0.2773679536835852	0.671597086882665	3.72497826549537	-3.539844966148926	2.0417596344348388	14.49513815037366	1.0
1591000	-12.724535723219674	-4.359795140654473	-8.3647405825652	-8.561050995938098	4.201255855283625	0.8901412176194143	1.2281013867897812	0.07651964243962575	-6.019465302604232	1.2119172555044138	8.001860997852114	1.0
1592000	-9.713707706979346	-2.2577971100057868	-7.45591059697356	-8.318961885166086	6.061164775160299	0.4586440313887889	0.39894370159478576	1.468816078874028	-10.20012961587152	1.296385717485347	74.98480423952982	1.0
1593000	-13.919393753023224	-5.955163082814103	-7.964230670209121	-9.649770149589928	3.694607066775825	0.2527497616200252	0.24972808654235637	7.09697903862922	-8.197776693455657	1.1280657390665676	21.521348433286583	1.0
1594000	-10.992335253537172	-2.8185266286600754	-8.173808624877097	-9.022541497618175	6.204014868958099	0.8730923254585428	0.6083124650112016	2.659992509522298	-9.518865398632013	1.079218130756651	51.152824795316064	1.0
1595000	-10.489478703345464	-2.234283409335511	-8.255195294009953	-8.411717542356856	6.177434133021345	0.19565120402830632	0.49356679858279867	5.482127078457244	-9.870277592449337	4.282609756615697	18.411833091872744	1.0
1596000	-11.326409181644777	-3.7275666126030877	-7.598842569041689	-8.047054834722275	4.319488222119187	0.36751208376710415	0.7592646288866406	2.7622512262058425	-6.159691474986394	0.953156800077063	9.923836299503783	1.0
1597000	-14.700663268634102	-5.416191529811218	-9.284471738822884	-11.005067048696613	5.588875518885395	1.6761025139123886	1.1332409887956603	-0.02988929221238476	-8.147424732464055	0.4251020657371477	25.398768285522397	1.0
1598000	-11.46297938251788	-3.5178352976480705	-7.94514408486981	-7.757130487081887	4.2392951894338164	0.4833661549010518	0.4411856490473378	3.2127715436518463	-7.0387563991909685	1.0441492659910792	10.354168314613599	1.0
1599000	-12.714943506056159	-3.954798810064619	-8.760144695991539	-7.9199448742882455	3.9651460642236263	0.32663784966045933	1.6042858171220702	3.662206281282153	-6.447356545481889	0.4132825893602528	20.77346569944096	1.0
1600000	-13.2343544040815	-3.504923973141091	-9.72943043094041	-8.370522143055965	4.865598169914874	0.3077055185229047	0.4326363496628069	2.889209661326679	-11.129839504833374	0.8509332929304604	15.827274012412065	1.0
1601000	-12.704212392442408	-4.11501263043966	-8.589199762002748	-9.015180434389281	4.900167803949621	1.125062472698541	0.5414992105174667	-0.13341166021074857	-10.736139657519521	1.487007665208734	49.43353358238055	1.0
1602000	-13.181847189238402	-4.181965360596342	-8.99988182864206	-8.253759989863633	4.071794629267291	0.6515390039941443	1.6324038791348883	0.7490299261093627	-6.70497349207386	0.7822987605222018	8.178653873302503	1.0
1603000	-15.686251299836458	-7.342344916277579	-8.34390638355888	-9.175833352700277	1.833488436422698	0.5286613167556521	2.0289185241867	-0.1148389003905006	-5.510152124093203	0.562080194067973	8.616959647291912	1.0
1604000	-9.975010907435468	-2.7736668629328687	-7.2013440445026	-8.568427475718812	5.794760612785943	0.18847196411013115	0.7339610646816357	5.129597651507513	-7.5008457584114065	1.6930480053404136	25.624681986525854	1.0
1605000	-11.810563194081354	-3.824212959638615	-7.986350234442739	-10.148122291478785	6.32390933184017	0.24816622800118052	0.6455209876985848	7.398744382519562	-9.095856933609792	1.291542651727974	35.496288886408834	1.0
1606000	-11.430664533711072	-2.0772949512666035	-9.353369582444468	-8.138137053634662	6.060842102368058	0.7629651343063725	0.49673851821983755	1.2092879876391778	-8.55774192836291	1.4256346342464707	8.773154671975881	1.0
1607000	-11.126546975095305	-1.6638636324008793	-9.462683342694426	-7.827199517491849	6.163335885090969	0.40223474242112145	0.7825552287121512	3.020976349780793	-8.065015985576403	2.514254359631601	8.533406704041452	1.0
1608000	-11.061285540181204	-3.308597124047516	-7.752688416133688	-7.8104163503994375	4.501819226351921	0.35437315742807435	0.21343523886726684	3.765505483744741	-9.467169074528401	1.815628900353682	15.584271176234155	1.0
1609000	-8.767794835416684	-1.4059508869685367	-7.361843948448146	-7.749966837411936	6.344015950443399	0.4139251255621481	0.5469053479325433	3.39827389394061	-9.233845931886236	1.5024835373906136	40.917684445392894	1.0
1610000	-13.372392679006738	-3.4084140939527767	-9.963978585053962	-9.590188673128312	6.181774579175535	1.3294607913573642	0.4195598220662272	-0.21348363104014778	-9.851379128655982	0.37293085368273554	18.98125552734674	1.0
1611000	-11.860392833249842	-4.259243952706813	-7.601148880543029	-8.696298109067271	4.437054156360459	1.0125414032134912	0.6083447636119619	0.4331368325179932	-6.542906004919802	0.8904037046917058	26.42310238452796	1.0
1612000	-10.38711799365188	-3.4453210864483506	-6.941796907203529	-8.794056223245029	5.3487351367966784	0.3259133210603941	0.31426886019672684	5.957336739326836	-9.013010017145234	2.1671354984851674	33.07263099261222	1.0
1613000	-13.419287556013508	-4.100222001592276	-9.31906555442123	-8.465157336019779	4.364935334427503	0.40725811979952303	1.098562266670741	1.6394316379745841	-6.0636931528180575	0.24726455917704146	9.622913203152764	1.0
1614000	-10.640800907812409	-3.057152447729031	-7.583648460083378	-8.776963079860783	5.719810632131752	0.3471262162325653	0.7990518061633811	1.7964670869810346	-7.345906954767836	0.9917935596408864	15.375890331317521	1.0
1615000	-12.34900764975443	-4.808981801284089	-7.54002584847034	-8.505321695910203	3.696339894626114	0.6125639927584331	0.30298941250014244	0.405351316223803	-7.614815029124405	1.0592087546500977	12.540588491390425	1.0
1616000	-11.604249082748902	-2.5163045900254772	-9.087944492723425	-7.835735701100392	5.319431111074914	0.5861000912945218	0.7055033434344486	2.5389284000116787	-9.999928122472134	2.0688742846499784	16.4781382113619	1.0
1617000	-13.950750962749808	-5.979560351421322	-7.971190611328486	-8.788084876125462	2.80852452470414	0.6478826487189634	0.835527817209703	3.8288968749831103	-5.091959783217687	1.1741626188149559	7.5360300805034885	1.0
1618000	-11.429209596882037	-2.745489358142942	-8.683720238739095	-7.870792740028367	5.125303381885425	0.3286691405346661	1.1874089120628786	3.8596812697098635	-8.588892703928071	0.5567292322664601	33.98099115008812	1.0
1619000	-10.906779381423535	-3.6031918885783494	-7.303587492845185	-8.753830493032442	5.150638604454093	0.3199011023435181	0.4322182963623202	2.1503012473355683	-7.8474841817040755	1.189252743738399	97.28256197071174	1.0
1620000	-11.96021811666244	-3.927611953735065	-8.032606162927376	-8.283795316427824	4.356183362692759	0.49704164428450026	1.5231907891295855	1.285225476019833	-6.7151190315055596	0.8911507977978494	27.467992885621076	1.0
1621000	-11.478855425221312	-2.9669785086518115	-8.5118769165695	-8.00203086991384	5.035052361262029	0.30631897964835264	1.3483035491388031	3.725859179760647	-7.2576901889417975	1.49193169486159	14.107889384529035	1.0
1622000	-13.401426111393013	-5.664308098689319	-7.737118012703694	-8.13491504926628	2.4706069505769603	0.327002846201671	0.22573787333750994	5.226657407332648	-7.601452375305233	0.6975574842750689	32.20637583022998	1.0
1623000	-10.27653102649652	-2.692008047735718	-7.584522978760804	-7.889222863241705	5.197214815505987	0.5997490786388886	0.5770494362534552	2.7383691811591375	-7.250329740925547	0.9818460206808467	18.11712807412022	1.0
1624000	-12.122099793707426	-3.1602879002878836	-8.961811893419542	-9.043760776890672	5.883472876602788	1.139208159887801	0.8127930240462193	-0.08446090627630665	-9.219243322248824	0.9354081213245617	19.263911368919313	1.0
1625000	-11.716924098955989	-3.0521505031105765	-8.664773595845412	-8.515437376148904	5.463286873038328	0.8817252917009866	0.9608979444380099	1.8046378287470826	-7.027437413150052	0.4329106218553294	40.909986660014106	1.0
1626000	-12.902539610107581	-4.793099004609022	-8.109440605498559	-9.536516959561938	4.743417954952916	1.308662441045357	0.7503823656889025	-0.072720454372171	-6.490614716076076	1.0472023270847413	12.564259694422821	1.0
1627000	-11.011466092280756	-2.136416579846218	-8.875049512434538	-7.802583641089784	5.666167061243566	0.5379064542725532	1.0852076891590121	2.3745929240649697	-7.546333580335767	1.2087179683598124	9.895559024204916	1.0
1628000	-10.048075409858031	-3.4101915555106803	-6.637883854347351	-9.616745712949964	6.2065541574392835	0.11900965218972057	0.45158415171001703	5.871454315911315	-9.193612373732458	2.1368264927472698	70.42346158860158	1.0
1629000	-10.775372102693055	-2.3446654018947477	-8.430706700798307	-7.791474863601929	5.446809461707181	0.4923601473403787	0.35719939073020684	2.5390591867935197	-8.700691664843992	1.5911126054368976	10.849512775507003	1.0
1630000	-9.824279934856841	-2.015447799494771	-7.808832135362071	-8.14937814534886	6.13393034585409	0.2584790107094223	0.6480864454693844	5.518353513462772	-9.496421200471511	2.43093698008448	26.70056476544657	1.0
1631000	-16.063854447768023	-6.861281178421962	-9.202573269346061	-9.83950143558091	2.9782202571589487	0.904319905675289	1.6004077429206844	3.176384188584452	-8.705112217862803	0.5239827253043688	42.97278648715956	1.0
1632000	-11.022864121546025	-3.1811073972084616	-7.8417567243375625	-8.051862620139033	4.870755222930572	0.4553660883220285	1.127433145047152	1.9815790045134802	-6.515826729274758	1.5933304643471848	53.54211695539769	1.0
1633000	-12.79185380004568	-4.544228290051321	-8.247625509994357	-10.260988800321268	5.716760510269947	1.2487483233072079	0.46563420104279074	1.6955263084671408	-8.248487110399545	1.6768198949359032	34.317633026667245	1.0
1634000	-12.50836581711129	-2.3656232739948626	-10.142742543116427	-8.330878352013052	5.965255078018189	0.7428825751302891	0.9515033133024138	2.617572742308556	-7.875428556461939	1.0411110525266385	7.469049915669432	1.0
1635000	-9.385429991090948	-1.6777929973458612	-7.707636993745086	-7.816863559450692	6.1390705621048305	0.5593559505991818	0.4037950660979135	2.2927474756402875	-9.972028135277743	1.5195076783866648	26.76370125153844	1.0
1636000	-13.179730778957731	-4.413477253957959	-8.766253524999772	-8.725834051200685	4.312356797242726	0.5916163710053803	0.9867803191118888	0.1569388081153933	-6.0041488677344645	1.3153509975457107	4.67503179882508	1.0
1637000	-10.626080837834284	-2.245079285576611	-8.381001552257672	-7.930806526882655	5.6857272413060445	0.3834962592044652	0.39220379847020653	2.8766442206369374	-8.701467772751844	0.4950818990717289	35.399009503758634	1.0
1638000	-19.979463515481143	-7.103505971845738	-12.875957543635403	-13.115758306240611	6.012252334394873	2.136681244186045	0.9451698819589237	-0.2057503822325932	-8.09415598671909	2.2522457535066525	9.426436059237846	1.0
1639000	-9.828104723874976	-1.7540003404657396	-8.074104383409235	-7.883895135145061	6.129894794679322	0.3354508710779598	0.873539375149813	4.598381998308613	-8.377679413955091	1.4979209819306711	20.747798279640502	1.0
1640000	-10.749225870395552	-3.030784750477121	-7.71844111991843	-7.905803314750816	4.875018564273695	0.5562173240039295	0.6858102278198194	1.861107983049469	-6.702821577183625	1.0957348390687764	10.14129477023019	1.0
1641000	-17.498897763519242	-11.906433386995936	-5.592464376523306	-8.473480561283402	-3.4329528257125324	0.7279949423631401	0.19727459394996005	0.19268032362692367	-4.350002582454043	1.7365973949048115	8.845297237205893	1.0
1642000	-10.55268082030291	-2.2867129872106977	-8.265967833092214	-7.925780096438516	5.639067109227819	0.5434729782010133	0.2650905739749027	1.8340311891870829	-10.661450499856894	1.4463917744143886	19.25492129574512	1.0
1643000	-9.060885348726242	-2.832565889987504	-6.228319458738738	-8.37040450807173	5.537838618084225	0.2125005462677265	0.24769746022195013	4.875389584343999	-10.732054361113299	3.243253906233764	80.36971131833621	1.0
1644000	-12.772466791062273	-4.503509267358462	-8.268957523703811	-8.51322992661455	4.009720659256088	0.8256712674892346	1.1010247691810437	2.291622835798634	-5.799539980046939	0.45130087371037697	20.98133917364556	1.0
1645000	-11.717661274307725	-3.4095517056456757	-8.308109568662049	-8.380204261073631	4.9706525554279555	0.8281014079198993	0.5674198604222032	0.45030676353079446	-10.617394943635146	1.2935143050117273	34.382669613925145	1.0
1646000	-12.124657086688673	-2.6222176755601847	-9.502439411128488	-8.330715167960378	5.708497492400193	0.8418066629696631	0.3301891382123477	1.6462367791943784	-9.346122862147645	0.41333373620579994	17.75176606242411	1.0
1647000	-15.06758803068529	-5.353516971024863	-9.714071059660426	-8.497048134450027	3.1435311634251644	0.9139651810117599	1.9587655418494065	1.3681262869340147	-7.09906991814117	1.1902985409091487	10.75606366829505	1.0
1648000	-13.233024735683927	-2.8090564852979734	-10.423968250385952	-7.770559693364871	4.9615032080668975	0.4690723792550628	0.6711786282213512	2.7680997097450932	-10.294120708148618	1.1599703757274091	1862.5820927892207	1.0
1649000	-9.755433967576097	-2.060551479028822	-7.694882488547275	-7.827191658591039	5.766640179562216	0.5000356563191158	0.35603981714630906	2.34035801001453	-9.150240683218163	1.64133873177971	17.147676833375307	1.0
1650000	-12.903882274532268	-5.602403578418439	-7.301478696113828	-7.792105422449419	2.1897018440309797	0.46047732156391846	1.0589848459698645	2.698363239397625	-4.659985181294454	0.706838440199114	11.857073486397425	1.0
1651000	-12.028069363467562	-3.756779317203474	-8.271290046264088	-8.5049502926126	4.748170975409126	0.25924341350982133	0.9879708465566706	3.4440969556873564	-6.3450827824363945	1.125942535208179	8.260535288912086	1.0
1652000	-10.12324723112612	-2.1035108308167043	-8.019736400309416	-7.9752473770660135	5.871736546249309	0.49573424422180806	0.7742733995946136	1.9085395547035044	-7.556355824666801	0.9769583787510709	13.065152808561898	1.0
1653000	-10.729163772906064	-2.0889964444970097	-8.640167328409055	-8.360024780260177	6.271028335763168	0.6040354552267329	0.6274642769601039	3.6670845367202602	-8.466694394793166	0.5391846871528677	25.69505124663617	1.0
1654000	-10.076887823005487	-2.179075991781856	-7.897811831223631	-8.011175716948673	5.832099725166817	0.32623626338510076	1.0386830941891259	3.3750447176661247	-8.112236736918941	0.9401146484057721	38.706718270370516	1.0
1655000	-12.531839817354689	-4.474745029018582	-8.057094788336107	-8.719416969380221	4.2446719403616395	0.43760980373608416	0.6807112481203084	5.122997401561915	-6.2348842284731525	0.9197701715792207	13.416026750068879	1.0
1656000	-9.263315545732798	-1.8435613843524354	-7.4197541613803635	-7.882549806777212	6.038988422424777	0.48120382824555663	0.627383836330117	2.2401557572862334	-8.025567034369999	1.093330362022092	33.10926124687891	1.0
1657000	-9.928299411930276	-2.032438718394854	-7.895860693535421	-7.811839783048583	5.7794010646537295	0.491760595474632	0.9158623369102441	2.4420109115858666	-7.41717735492148	1.5208463060770205	79.0457077990215	1.0
1658000	-10.806888095916381	-2.7490104874939343	-8.057877608422446	-7.7669789549081605	5.017968467414226	0.43288247046885436	0.3884139687820874	3.0348976293027317	-8.00795891830635	1.1060979453242423	12.162727030838838	1.0
1659000	-15.372763305285167	-4.90771718629926	-10.465046118985907	-10.64678614736708	5.7390689610678205	1.5373893033130654	0.7520769656379293	-2.3242914941598745	-7.4122521257494745	2.209689125528632	139.41339538180665	1.0
1660000	-12.51794786076968	-4.920161455455951	-7.5977864053137285	-8.077551429938588	3.157389974482636	0.7387523559229985	1.205422750840085	1.8113075551919886	-5.273173564252956	1.2835953663242878	12.804991964776784	1.0
1661000	-11.485058518389682	-3.1662463815454993	-8.318812136844183	-9.069793699999458	5.903547318453959	1.012551252960297	0.8876484478128234	-0.8549720127039628	-7.5974782439608575	1.0116662933524208	16.350128314397466	1.0
1662000	-13.655187856749446	-6.749534863038674	-6.905652993710772	-8.30515358577955	1.555618722740876	0.7325841268388603	1.0227863377247826	0.5445728666029532	-4.313454498221192	1.425771261299132	12.108094822597812	1.0
1663000	-13.877409390346003	-4.961977323755587	-8.915432066590416	-9.398700858746594	4.436723534991007	1.0623621338652995	1.5706131726444508	-1.3772723273640655	-7.378116025420144	0.5130535403134183	20.63722216069773	1.0
1664000	-14.340428071772964	-4.321735164278733	-10.01869290749423	-9.092938536823867	4.771203372545134	0.6998687447339212	1.4541930295261882	-0.6906015972653685	-7.283233695081049	0.6600794229041015	6.629591525391015	1.0
1665000	-10.300464384810724	-2.112242304172894	-8.18822208063783	-8.293996697751819	6.181754393578925	0.8450117344594719	0.5774131014553112	1.318123328336922	-9.65022999556022	1.2372119939754804	28.413231366640023	1.0
1666000	-9.853402654601535	-1.9940209870422843	-7.85938166755925	-7.872322103565426	5.878301116523142	0.5710143366534022	0.45949583366107666	1.9660759772641463	-10.354763210681945	1.2827058657429224	108.26365864216217	1.0
1667000	-14.727059760901518	-4.780462481122565	-9.946597279778954	-8.434770121060865	3.6543076399383	0.32913823835517925	0.8319082406755061	5.602484506694859	-5.623083008459201	0.5340881051791609	7.456084846444553	1.0
1668000	-12.038237894263396	-3.6926015772906027	-8.345636316972794	-9.372833999621438	5.680232422330835	0.9533515691088701	0.2731835210607166	2.5290755058821413	-10.637469536765625	1.523686941779886	27.658005307430557	1.0
1669000	-10.494163405941705	-2.178922113350442	-8.315241292591264	-8.050566442777384	5.8716443294269425	0.4500845942206641	0.3112784587279295	4.306128797773308	-10.21057863779411	0.7212910091984773	36.75513073931287	1.0
1670000	-11.828140198231495	-2.6903509093413636	-9.137789288890131	-8.727175917504361	6.036825008162998	0.226410455636496	0.4199646978133499	3.735383108161279	-9.033983369975386	1.188072055986162	10.57602589184336	1.0
1671000	-12.953961373385122	-3.575889290420543	-9.378072082964579	-8.080286656106802	4.504397365686259	0.25092934619338714	0.9849575342707738	5.08123135885072	-6.1496647443286205	0.2503000999630531	30.732118347071385	1.0
1672000	-9.991955455374917	-2.0348870217384354	-7.957068433636483	-7.930394708677436	5.895507686939	0.5000655782756145	0.35241325454096556	3.7286674012427383	-10.518064225412521	1.7796301798132441	24.26849377659614	1.0
1673000	-11.05126874637708	-2.7505129013196026	-8.300755845057477	-8.200275630474874	5.449762729155271	0.5253129401068618	1.203672321555366	1.2829257394326739	-7.59407904003461	0.8220370495891764	15.578812028021915	1.0
1674000	-14.740483179622117	-7.8302813583226305	-6.910201821299488	-10.186619883006916	2.3563385246842854	0.712833327321186	0.4425921676796972	-1.9514601959591997	-5.750332461213237	1.229607191789128	11.150181701167687	1.0
1675000	-12.527371321748227	-4.369718222027708	-8.157653099720518	-9.917658161263269	5.547939939235561	0.41271371470845575	1.1203663869953147	6.029240984578061	-7.39481021806156	1.0804870751004294	45.87298533053699	1.0
1676000	-11.23097460722626	-3.1507539647108977	-8.080220642515362	-8.236968268438133	5.086214303727235	0.4051116500289715	0.31790402869493667	2.0238258634204342	-11.422056024608343	0.8306622921890092	97.75065117646201	1.0
1677000	-9.988284671956206	-1.883052344414745	-8.105232327541462	-8.07693052625267	6.193878181837926	0.590014380948199	0.5467054749468333	3.3425767361439207	-9.716588160585745	0.9676554007922294	32.709557833156985	1.0
1678000	-15.40762110898605	-4.94045174666751	-10.467169362318538	-8.710883572482494	3.770431825814984	0.9337195849566122	0.19969165408881392	-0.2134880305102635	-9.005559103890535	1.5898619389600541	6.981678266976412	1.0
1679000	-9.047766971186986	-2.1348636132775507	-6.912903357909435	-7.909124355918747	5.7742607426411965	0.45766675206112994	0.4057814896785937	2.3072676240045777	-8.714626955361634	2.735070184605328	33.30783789551261	1.0
1680000	-10.881638064491256	-2.1498597173274483	-8.731778347163807	-8.030635067126962	5.880775349799514	0.6121514117973821	0.5897704530952377	3.0698246927258888	-9.96418281044608	2.4731424666225847	19.78295791680775	1.0
1681000	-11.487776340665945	-2.9002329198596044	-8.587543420806341	-9.141056391192997	6.2408234713333925	0.37613143804879956	0.7147679351754321	1.0457274362976787	-9.052729936251675	1.2668038786163192	12.536969212738361	1.0
1682000	-17.80574955187971	-9.208260592109738	-8.597488959769972	-10.673132566659511	1.464871974549772	1.1363926294043893	1.2371591207672241	2.5717172472662053	-4.3237472614901105	0.6522833721710546	4.401740143890494	1.0
1683000	-10.25307690443302	-2.4516260035483093	-7.80145090088471	-7.8631539018652585	5.411527898316949	0.3761324292214206	1.1239418749865224	3.170557586272264	-7.152263579242145	0.9564002808220603	25.38424161431443	1.0
1684000	-13.664988748442289	-4.024799666095522	-9.640189082346767	-7.771082689836625	3.7462830237411033	0.3799608844481645	1.6959577284265506	3.69566527705726	-6.467160082382063	0.3084625948430199	11.882689860992768	1.0
1685000	-12.72409612550518	-4.5480364806005875	-8.176059644904594	-8.112855817795731	3.5648193371951438	0.6052240833134158	0.4523854396949221	1.1632362456045175	-6.495417846132654	0.4221634378767637	14.760032396713907	1.0
1686000	-10.941543512186032	-3.3794935034108997	-7.562050008775132	-8.154586085741943	4.775092582331044	0.6156521417561314	0.46206317890002613	1.0422851992900062	-7.354703380543636	1.3406440795215118	11.3052354919482	1.0
1687000	-9.860583838000222	-2.132106332783895	-7.728477505216327	-7.998738090725453	5.866631757941558	0.42915018452182324	0.9893950836703475	2.2915833103071694	-7.714577660709033	1.567600664010672	21.86277422560014	1.0
1688000	-10.489446317800292	-2.5065389841749983	-7.982907333625294	-8.471964439648954	5.965425455473955	0.27979034588574986	0.9672908297541561	3.142679995364368	-7.988158030412416	1.2955165297084508	16.35549776311562	1.0
1689000	-11.357415082389894	-2.7606601288228774	-8.596754953567016	-8.890411977047902	6.129751848225025	1.0767147427246966	0.39830020333098676	-0.02840687511106632	-9.541566167167508	0.911377080750212	20.704090773133192	1.0
1690000	-15.052545515206347	-6.402477943787595	-8.650067571418752	-11.284673607681151	4.882195663893556	0.9042181480684159	1.4204717127298636	-3.3795549800558575	-7.4214920944374025	0.9311384381865679	31.928193041918465	1.0
1691000	-10.360314158400291	-2.2036348669822274	-8.156679291418063	-7.880651144326608	5.67701627734438	0.5958919896315358	1.1131708731259577	1.9292159243372515	-7.918839235138305	0.9903971514939874	54.3887880105869	1.0
1692000	-11.622793813394413	-3.686491541216548	-7.9363022721778655	-8.683192940034825	4.996701398818277	0.6298496567422482	1.050698838102558	0.07711489291392007	-6.5825554280927445	1.5291216689595806	10.884616787405337	1.0
1693000	-11.804163392882971	-1.9417086674773074	-9.862454725405664	-8.100184562263706	6.158475894786399	0.4875086920122308	0.821564897064067	4.124363156457386	-8.10477329000118	0.6058250916416517	10.720378572380703	1.0
1694000	-14.926301153398132	-6.7668095932881975	-8.159491560109934	-8.401088815744611	1.6342792224564135	0.8935399933858439	1.5675300905444982	1.0520010706307488	-4.68265048439396	0.6679404402203886	5.169456757903812	1.0
1695000	-10.357101400949592	-3.1300330475769806	-7.227068353372612	-8.159595017839955	5.029561970262974	0.23432096277683373	0.27900210055113916	5.283439535745003	-9.058335799179856	2.1333821540478346	19.29506938487838	1.0
1696000	-11.72175336619099	-2.3765033044088444	-9.345250061782146	-8.111304966060459	5.734801661651614	0.42893373665262385	0.285448888995045	2.056052901420445	-10.611211747888856	0.4218867268269772	26.531864871422957	1.0
1697000	-13.563102916433909	-4.930598716839146	-8.632504199594763	-10.1721213722102	5.241522655371053	0.8020248387312011	1.0150561257045256	-2.1587408998915625	-6.808720826294653	1.6279093676606988	10.283361560361787	1.0
1698000	-15.506530997177268	-6.048440507496179	-9.45809048968109	-12.06681313006904	6.018372622572861	2.0555731587684263	0.7293587290156207	-1.2377254426022455	-7.809421841649042	0.8766809283109948	99.66964047065372	1.0
1699000	-15.169914663513175	-4.796892377826756	-10.37302228568642	-8.375430473435623	3.578538095608867	0.8451497018687227	0.4588489738548833	0.5292967734271576	-6.4738157728476695	0.558788899275766	4.016531467131261	1.0
1700000	-13.23359214886919	-4.272214701613208	-8.961377447255982	-9.947141450765232	5.674926749152023	0.5880021443307892	0.5069914967110267	-1.2477822310878637	-7.991238982639872	0.4992917545410647	12.162448535339959	1.0
1701000	-10.108945405083091	-1.8983289984748266	-8.210616406608263	-7.826179482451189	5.927850483976362	0.5268737585522166	0.8482086045845834	3.2060911243371897	-7.617564277090616	1.29072637724328	13.718682170120543	1.0
1702000	-10.478055445299859	-1.6757476338665471	-8.802307811433312	-7.939699112011721	6.263951478145174	0.3918872085912813	0.6361281106638673	4.48673737264197	-9.309669192538413	1.301868633136882	15.70829196651543	1.0
1703000	-13.325930769580413	-3.7446316768152528	-9.58129909276516	-8.958807741815543	5.21417606500029	1.0822207768867667	0.493996833481933	-0.3121443673692967	-7.584682946573951	0.6853319526231357	7.368358430469927	1.0
1704000	-8.78527009730568	-1.4993833798325573	-7.285886717473122	-7.755310562640674	6.255927182808117	0.40619851507907145	0.6034332607671234	3.4265175216666925	-8.492355353330066	1.4750351703311328	41.298319348380126	1.0
1705000	-11.837782403934668	-3.0538440394892374	-8.783938364445431	-9.162193822918116	6.108349783428879	0.43535987601296605	0.5361807816728069	0.5080227707078262	-9.876069965976022	1.833876490830716	12.76523750154711	1.0
1706000	-12.34310722729617	-4.602822561372163	-7.740284665924006	-8.266705662741394	3.6638831013692315	0.3300292100836597	1.2151439905484316	2.77076210822604	-5.612534613613725	2.224544050472399	13.200373340272074	1.0
1707000	-10.152775049730451	-1.8736631173580447	-8.279111932372405	-8.194935370078053	6.321272252720008	0.7253900496070207	0.6589146496862898	2.4751336386601173	-8.58276663150496	0.6547262641226261	42.21290812073686	1.0
1708000	-12.120280656071287	-4.713163281301552	-7.407117374769735	-10.858812937253443	6.145649655951892	0.06688904111147599	0.3963875392850601	7.541767431566256	-9.829990434465103	2.360372375092099	404.98601302663263	1.0
1709000	-11.95110421890447	-3.235276859057519	-8.715827359846951	-9.22499252167537	5.989715662617851	0.4517890793025825	0.8871575886059788	5.3875194875234795	-8.765273240189057	0.5855097051112964	38.70433809450955	1.0
1710000	-11.34812070525713	-3.246948623931111	-8.10117208132602	-9.102484414985328	5.855535791054217	0.715422847790074	0.8267968591183542	-0.7426469697317042	-7.50773630038103	1.6355848181396238	13.331142026489374	1.0
1711000	-9.972802526910236	-2.1954015115325545	-7.777401015377682	-7.965865839806669	5.770464328274114	0.294495631923501	1.0684964126501235	4.110944353039027	-7.867514291846844	1.2507633349128495	45.02153977014496	1.0
1712000	-10.479082402900506	-3.0151869778848415	-7.4638954250156635	-8.09608900165286	5.080902023768019	0.6733584666765692	0.585786917936981	2.6987392420517624	-7.121060133547271	1.5202382957354912	16.749354973531343	1.0
1713000	-10.487626829019167	-3.3519693927734	-7.135657436245766	-9.603592899300459	6.251623506527059	0.14390913419686044	0.4506616341420569	4.777197190713421	-9.48644890667968	1.4942712279857011	109.84981971768728	1.0
1714000	-12.79825797051376	-5.062643096008857	-7.735614874504901	-9.229982325150406	4.1673392291415485	0.8189760890741866	0.8353437607520157	-1.1046137356667023	-5.968080296147606	1.7807604047935428	36.7893327845529	1.0
1715000	-13.50097289849039	-1.8666712801619045	-11.634301618328486	-7.908494114716532	6.041822834554628	0.30234663206448337	0.5019244112181476	4.288758692067275	-10.055898667423914	0.14516604634193445	21.839553193790554	1.0
1716000	-10.900054113436461	-4.163583298553629	-6.736470814882833	-9.681837182262289	5.51825388370866	0.3256322932172315	0.5017412367036183	0.9924524670111738	-7.845984463049008	1.9272084988079656	60.083884567020675	1.0
1717000	-9.68306380104642	-2.4032384702376453	-7.279825330808773	-7.968645335949843	5.565406865712197	0.662166580956281	0.4339029395123807	1.613107093401612	-8.260416805418386	1.3833821842674718	40.13500910140908	1.0
1718000	-10.201928096551663	-1.9615513661873933	-8.24037673036427	-8.266745857651602	6.305194491464208	0.7838914231161439	0.5864987567647598	0.7065740027629257	-8.687967685457375	0.8103685767754346	82.21916434334672	1.0
1719000	-11.03970293317745	-4.385065755817264	-6.654637177360186	-8.435827782079445	4.050762026262181	0.48633717329689735	0.590210688564759	1.1045155589357463	-6.313427670337289	1.6631505101793003	16.819044735221205	1.0
1720000	-19.589625489362902	-9.434146456793206	-10.155479032569694	-15.05637508449136	5.622228627698155	2.680247760112693	0.28665399647114453	-1.0116732864688922	-10.935770508062411	1.0942684697014942	110.59834775752981	1.0
1721000	-9.734163765431916	-2.1689789063544866	-7.565184859077428	-8.140881443935935	5.971902537581449	0.3272036157306772	0.5347826799011006	3.0530153072615476	-8.240319494638698	0.8883528418927312	57.76043327863522	1.0
1722000	-12.73284396182876	-3.060536161880684	-9.672307799948076	-8.414592797725975	5.354056635845291	0.38351943275355194	1.0579520642346425	5.213316737444433	-6.970048555335577	1.3344700452712706	8.77720004776128	1.0
1723000	-10.771581626362032	-3.423318127661088	-7.348263498700944	-8.644835363265443	5.221517235604355	0.375440506815836	0.4545700682756982	1.6770839689457726	-7.787628081228058	1.4083105302905587	12.818095248808214	1.0
1724000	-11.154205280272969	-3.5140144228088026	-7.640190857464166	-7.793313555499214	4.2792991326904115	0.4134188732525415	0.9527756023987946	3.9309504287676353	-5.985130275758577	0.8409643705427485	37.379406383020516	1.0
1725000	-9.415719902264307	-1.6147647394104983	-7.800955162853808	-7.918328095876671	6.303563356466173	0.38384797023751877	0.6080070837426794	2.908022996917336	-9.302997213086332	1.0932932745939403	26.93134550251009	1.0
1726000	-9.498780978766012	-1.654438074621022	-7.84434290414499	-7.975903401977543	6.321465327356521	0.6853607593798824	0.6631644992106297	1.9593418286885178	-8.580780643160695	1.0792824160968022	53.48637601893023	1.0
1727000	-10.673404047963416	-2.371435829090136	-8.301968218873279	-7.943860144722229	5.572424315632093	0.6448140075409262	0.2643832444886026	2.463097066740005	-10.940689696875841	1.7098339230172925	21.61838802399627	1.0
1728000	-10.952020392196623	-3.7251318311919865	-7.226888561004636	-9.517257284456734	5.792125453264748	0.3028246953182214	0.4604261273735802	1.4540560955366593	-8.371613918323517	0.9775257405503424	42.08354039533301	1.0
1729000	-11.928132102457699	-4.825881711411683	-7.102250391046016	-8.54311365194788	3.7172319405361973	0.6831899786565142	0.3086645086766898	3.352523181947184	-7.577347149714901	1.5700937849664844	23.946682191381672	1.0
1730000	-10.310225012256378	-2.420935582040416	-7.889289430215962	-8.620620406896576	6.19968482485616	0.18343695266987733	0.5884604416465736	6.533954300072517	-9.587758491162159	1.8543657827722853	25.866394190618223	1.0
1731000	-13.59963118884997	-4.242357575867345	-9.357273612982626	-9.407113170836364	5.164755594969019	0.38321946348660085	0.9348413057411182	0.6772187794774409	-9.395488051490341	0.40690674343489536	20.498911803088856	1.0
1732000	-10.636980032079872	-2.6021265611445736	-8.0348534709353	-7.9459125572357525	5.343785996091179	0.5290955325691015	0.8213728585985863	1.828504247010407	-6.929277064534621	0.844869235224643	81.87835912990784	1.0
1733000	-12.570031549844122	-3.113086533902587	-9.456945015941535	-8.40701522050685	5.2939286866042625	0.8702474255589433	1.1290624910369205	1.587353460969502	-6.990807571568897	0.5135451490982261	164.57466425419688	1.0
1734000	-12.695251937825045	-3.152046035168417	-9.543205902656627	-7.772927602761857	4.62088156759344	0.5264685352555862	1.0731399960589485	2.759133709711242	-9.301629912533798	2.7300209591691944	20.030776104086097	1.0
1735000	-9.523712900473994	-1.6521234708569033	-7.8715894296170905	-7.8658618907979445	6.213738419941041	0.6031020966789693	0.6287773536087199	2.547752833798455	-8.327363883875037	2.0921939299730328	19.141167856375475	1.0
1736000	-10.2387209964469	-2.6618622044415465	-7.576858792005354	-8.382203224504597	5.72034102006305	0.5709629972552059	0.7303913472692057	0.7603507744373891	-7.418188462995862	0.8669151517184956	27.96131875926452	1.0
1737000	-11.51371266059316	-2.789529846668141	-8.724182813925019	-8.626837219159171	5.83730737249103	0.21532046336035573	0.6806085238099577	4.170728502024051	-7.637585962525631	0.7127395645920791	12.404647224058495	1.0
1738000	-12.184888517976185	-4.070321889339489	-8.114566628636696	-8.607093226660025	4.536771337320536	0.925335043734355	0.2140094097423958	1.6106725748729258	-9.494803672844355	0.8015060013738655	31.578245174755263	1.0
1739000	-10.393590877518466	-2.581264769395907	-7.812326108122559	-8.27997425453461	5.698709485138703	0.31112375068460024	0.8745839212106367	5.533843233331471	-7.293350017022445	1.1008889260583912	72.45222889351119	1.0
1740000	-10.794260825550237	-2.545729384376351	-8.248531441173887	-8.77663606885914	6.23090668448279	0.31785161641301546	0.7636062556787087	6.000800138547212	-8.834621658761899	0.7766354100969288	70.73397210495047	1.0
1741000	-14.401691208927387	-7.629031824191115	-6.772659384736272	-8.682804845689192	1.0537730214980776	0.9832330947456982	0.7244458380658536	0.0946545031565863	-4.218212821529717	1.1026210834027852	12.900070727530075	1.0
1742000	-11.106509333552328	-3.562786588779245	-7.543722744773083	-9.665243276297833	6.102456687518588	0.399322681815206	0.8649193132186904	0.2541438184984979	-8.027438608054867	1.0572228685417695	36.378724304117526	1.0
1743000	-13.566450620402474	-3.758260595261431	-9.808190025141043	-9.169107617104894	5.410847021843463	0.4768795872258537	1.2246306721049882	0.2037851817749574	-7.681121708045758	1.2731520072375577	6.741884407411881	1.0
1744000	-12.380442704005686	-3.4633450232648517	-8.917097680740834	-8.140713040510395	4.677368017245543	0.4725210685033242	0.4005760675530028	1.6901621630323092	-7.625055092401288	0.5559020734202754	9.685643745120114	1.0
1745000	-10.465911910013695	-2.377620504063822	-8.088291405949873	-7.974546058546352	5.59692555448253	0.47246525717219	0.8460526345494641	4.018709012859208	-9.371668462416332	1.4212442260372093	90.44231790369197	1.0
1746000	-12.503595218987368	-4.2577842043292735	-8.245811014658095	-8.253550385332371	3.9957661810030976	0.8222537393059605	1.0401254264754325	1.0146352030705348	-5.776543544171663	0.6277701767785527	54.011258592924314	1.0
1747000	-11.127820652542917	-3.1932330111220395	-7.934587641420878	-8.71603875770516	5.522805746583121	1.0141784946843475	0.3134113066296286	0.25006475925583915	-9.25641389879756	1.080172953157013	61.65924961644861	1.0
1748000	-11.918778246392984	-3.0110673025909875	-8.907710943801996	-8.344462841614074	5.333395539023087	0.6561163236839627	1.1561355519440408	0.5589067163300839	-8.4863805484408	1.0490644159952665	152.5293628882028	1.0
1749000	-12.589203999497585	-4.440920574331473	-8.148283425166111	-8.273814399174855	3.832893824843382	0.7958874807305069	0.2090183496295762	1.9961838978371058	-8.901152284927454	0.6984447707705287	78.09976246686372	1.0
1750000	-11.925750151152243	-3.410507765988627	-8.515242385163615	-9.695311919280769	6.284804153292142	1.2884596008759852	0.7016970932341741	0.7083756109353494	-8.412481392633504	0.8081997616567712	53.05872746751457	1.0
1751000	-9.928653345839425	-2.263315819300175	-7.665337526539251	-8.145978993797108	5.882663174496933	0.46545072589505027	0.3306268890371415	1.7258807737556021	-10.500230147700286	2.578418854525698	21.935089908888486	1.0
1752000	-15.506254045966347	-4.265325007582383	-11.240929038383964	-9.96220965640849	5.6968846488261065	1.1250032664099632	0.776122915581124	-2.1436834830551885	-7.338005508079198	0.6307087438428008	5.184159318452612	1.0
1753000	-11.170108032143919	-1.887415747554594	-9.282692284589324	-8.105943552900246	6.218527805345652	0.35289580272754467	0.6574362416314353	2.8016767101377007	-8.276215341508935	0.9268319592519417	9.235077463512425	1.0
1754000	-11.604789181798278	-2.529320016761069	-9.075469165037209	-8.159196820912904	5.629876804151834	0.2360762450933747	1.0931793866116846	4.970342317087452	-8.33646289185778	0.9266561740326946	14.962246245561538	1.0
1755000	-15.94392320198741	-6.048916939199464	-9.895006262787946	-10.362150665787588	4.313233726588124	1.4653781767323024	0.23550012035000017	0.48946188835917026	-8.922018446707149	0.7901255903844044	10.179449877942762	1.0
1756000	-10.548430535536248	-2.955840884780627	-7.592589650755622	-8.82352962553472	5.867688740754093	0.3879619092262334	0.9460241873409085	1.3203011621152048	-7.604041862675966	1.3813298892480537	17.649702429320396	1.0
1757000	-11.265491622337464	-3.5282005065582016	-7.737291115779262	-8.143000904054928	4.614800397496726	0.41087770636509724	0.6956487710305594	4.707685570039226	-6.47981817382652	1.211249513607104	13.868377645663239	1.0
1758000	-9.3322901830255	-1.6440393583684152	-7.688250824657084	-7.749016066691973	6.104976708323558	0.47217846449400347	0.8116805709265726	2.9490516642516713	-7.9411891654885896	1.5011089092068624	21.542134590691692	1.0
1759000	-11.478855182908468	-2.6348899842462394	-8.843965198662229	-8.467567256974124	5.832677272727885	0.3201425638969152	0.7993989323850211	2.561493829272488	-7.487292032862911	1.0237378503977275	8.245636434744455	1.0
1760000	-9.87359419362493	-2.5163167461912916	-7.357277447433638	-7.832422318055697	5.316105571864405	0.41421984958210684	0.21957490492246004	2.8859207768290123	-10.68679057332416	1.199655723653482	54.18049522396388	1.0
1761000	-11.947882349237362	-3.0664205647038223	-8.88146178453354	-8.689431616769188	5.623011052065365	0.17643719846782138	0.9516280197223962	5.260031728314006	-8.983855653619095	2.1674639240466615	16.092678036055897	1.0
1762000	-16.09501898230968	-5.384865224991856	-10.710153757317823	-9.63885857010294	4.253993345111084	0.9473495977037975	1.1080145452597785	-1.7484736525327107	-5.982255360101202	0.5228235036384836	3.7503288166915194	1.0
1763000	-10.738149414745958	-3.608568755666763	-7.129580659079196	-8.270793360293187	4.662224604626424	0.37649325008371926	0.5218049819645445	2.2353861315281875	-6.998194709695621	1.0425519575271753	48.560252057293624	1.0
1764000	-10.068436532676369	-1.8556208457293666	-8.212815686947003	-8.108078018727678	6.252457172998311	0.49427171559574307	0.5682691959577132	4.089057197365347	-9.546527829766147	3.272308808327382	127.03287257443432	1.0
1765000	-10.019685653837723	-1.9492430934374312	-8.070442560400291	-7.863280363654164	5.914037270216733	0.3852492920492913	0.548442001273819	3.065956988085663	-8.105821293709338	1.0232061670662094	13.985619230116319	1.0
1766000	-10.078998041414128	-1.717823828081733	-8.361174213332395	-7.837271891786123	6.1194480637043895	0.5611182828087367	0.8806666672140158	2.15077603314065	-8.358372438596993	0.7859390111475621	18.926539401920376	1.0
1767000	-11.164007274044348	-2.241166152607513	-8.922841121436834	-7.9202388507610975	5.679072698153584	0.6316275561677972	1.0871009552568884	1.7851227193272965	-7.593358264610658	0.966067808850664	9.948234394120778	1.0
1768000	-10.862750313745794	-3.096253271004155	-7.766497042741639	-8.300528663539904	5.204275392535749	0.4996843243251762	0.3914292404244671	4.304483995775091	-8.165274034145604	1.1052460927954373	19.686559309338772	1.0
1769000	-11.16826012855035	-2.209377899853652	-8.9588822286967	-7.857036584506298	5.647658684652646	0.5985516356841694	0.713922377194406	2.544206709702724	-7.361970536326588	0.320335999183735	35.4364113562912	1.0
1770000	-10.495090033293517	-2.4116151554903684	-8.083474877803148	-8.271427511149065	5.859812355658697	0.4490170129374572	0.460665729367001	4.613666626347524	-10.370395038767342	2.6850679381528857	25.27421128393053	1.0
1771000	-12.833774940885696	-3.7861562938156004	-9.047618647070095	-8.896305612463141	5.110149318647541	0.7938920533873524	0.8635275270075797	-0.5992034522756823	-6.685353030155449	2.212513007119644	7.106226549519336	1.0
1772000	-8.908162059736071	-1.4815491124778974	-7.426612947258175	-7.758080294799661	6.276531182321763	0.45149033914386794	0.5836739116024107	3.4974444289624307	-8.61054266417312	2.0234765277320403	76.83631483746085	1.0
1773000	-12.214684553503721	-4.8460724030754	-7.368612150428321	-8.483664538993606	3.637592135918206	0.6279809673533112	0.6644442574902416	3.651637704303306	-5.850242687928619	2.3651356179151706	19.027893764712132	1.0
1774000	-11.882568545756296	-3.932441681981487	-7.95012686377481	-8.858535798626303	4.926094116644816	0.7017664280257437	0.8432664677513786	-0.3792853990653633	-6.53970725349272	2.3574354535356026	13.662214472160588	1.0
1775000	-10.861651852210475	-2.3010110433986606	-8.560640808811813	-7.834771732949287	5.533760689550626	0.3912044923164286	1.0045849769883286	3.1066420733488327	-7.144259713433175	0.8519291330178806	10.660309181454926	1.0
1776000	-10.55773461131669	-2.316294699800536	-8.241439911516155	-8.488844286218423	6.172549586417888	0.7462737345504251	0.7159641309149826	0.144219313698422	-8.098071500860183	0.9987328285077638	14.44924324500395	1.0
1777000	-9.094991380968434	-1.570253478321729	-7.524737902646706	-7.7523863647321365	6.1821328864104075	0.4232446955151765	0.6037621844793556	3.2465423911762823	-9.569239988004709	1.7809641203490751	35.15088324727406	1.0
1778000	-10.362103093029404	-2.198818666493451	-8.163284426535954	-8.268146186699965	6.069327520206515	0.23914387040149024	0.37253587288912093	4.384034065545109	-9.702638268422152	1.8443921272185948	555.2686170377215	1.0
1779000	-12.21497939322759	-3.746664533738122	-8.46831485948947	-8.295902942452619	4.549238408714497	0.4499085706914478	0.3794626472718229	4.636008733766701	-7.661050864213535	1.1045258241496723	11.571821142515828	1.0
1780000	-13.184595885728168	-5.3874760857177595	-7.7971198000104085	-10.520435937402377	5.1329598516846175	0.4785789841146462	1.2007088344829353	-1.1948763965844342	-6.9071640330743564	0.9019254723905112	18.955233435884455	1.0
1781000	-10.184906535284703	-2.896579817215847	-7.288326718068856	-8.911690986883528	6.015111169667681	0.26214057991184025	0.6013026279888143	6.517180124357171	-8.062953502718244	2.0827912186394664	33.29720956124492	1.0
1782000	-12.345504465702682	-4.556916139375588	-7.788588326327094	-9.009712254614685	4.452796115239098	1.1215373709537162	0.45163081251004905	0.5382944979662472	-7.148459197139849	0.9492887309872957	16.72495242452568	1.0
1783000	-14.355564867795888	-7.278650908069146	-7.076913959726741	-9.226332604199186	1.94768169613004	0.7392593688286727	0.7711513828777874	-0.9570133920014181	-4.65516646501515	1.988828171644512	6.49156273760624	1.0
1784000	-10.54212689505086	-2.6010235043455934	-7.941103390705267	-7.819505610144135	5.218482105798541	0.38355924031712796	1.1132451162684531	4.189969041821537	-6.871583721452998	1.2228205240727377	65.3330504220695	1.0
1785000	-10.004073396820644	-2.089192793436843	-7.914880603383801	-8.099991499979389	6.010798706542546	0.5071904406810891	0.853262961861088	1.5698194809576558	-7.770294868597382	0.7257185680365408	30.031874261328863	1.0
1786000	-10.383191033110496	-1.791638875794722	-8.591552157315775	-7.8902199247068925	6.098581048912171	0.5518076575236582	0.8947742066194617	1.9272057759956054	-8.229005746002388	2.0572382464961585	13.733473207900966	1.0
1787000	-12.245153079715255	-4.801382305849893	-7.443770773865362	-8.443094861939631	3.641712556089738	0.5194820248973656	1.1200863458125168	0.9040553843463823	-5.551074279387093	1.7686576201558728	10.742010715668261	1.0
1788000	-10.457394835134203	-2.5357063519584013	-7.921688483175801	-8.593578187463368	6.057871835504967	0.2739082651978099	0.9167238863913324	3.0431672921098305	-8.115499715204939	1.1877803707796846	17.420753112766526	1.0
1789000	-12.168174051532155	-3.680285718268971	-8.487888333263184	-8.426771474190154	4.746485755921183	0.8984510102071975	1.2384496272262182	1.225725924850797	-6.519298256635544	1.2581624261829847	10.758633613207422	1.0
1790000	-13.630232431426698	-3.159409052415011	-10.470823379011687	-8.120258224789776	4.960849172374765	0.25554941262991954	0.40072092813081106	4.443085310174978	-11.197292711801303	0.6137773329848211	16.247368676821857	1.0
1791000	-10.93301026893908	-2.902253876391251	-8.03075639254783	-8.79192473822258	5.889670861831329	0.9901425606296076	0.7854399553378111	1.4430441150886497	-7.57294456879303	0.9300641410328346	32.823705370203264	1.0
1792000	-10.498118800863146	-2.3265042157594245	-8.171614585103722	-8.146170216092937	5.819666000333513	0.6362863177727976	0.9336144439869759	3.114879599154806	-7.497359005234865	1.0053447100090305	17.104579472695875	1.0
1793000	-12.158851344766633	-3.6762236773351677	-8.482627667431466	-8.94371271641749	5.267489039082323	0.5559293784185289	1.0250277690260599	4.529451882932211	-9.040140750717427	0.9871241310999161	32.272343503775986	1.0
1794000	-11.202486071751462	-2.634713076552118	-8.567772995199345	-7.8737367603094945	5.2390236837573765	0.35578474502443386	1.0168696828502934	4.503474424439624	-6.807073346396242	1.698982113010476	10.830429791625168	1.0
1795000	-13.8462551247476	-7.205248334403881	-6.64100679034372	-8.792672158898968	1.5874238244950876	0.29176025863709326	0.5825879982668448	2.479048730659901	-4.785913465757788	1.8706743930706404	5.264462724360654	1.0
1796000	-12.216154293514023	-4.810475637735805	-7.4056786557782175	-8.904830829721663	4.094355191985858	0.9462836468341899	0.7203779965498366	-0.6245831946052924	-6.057620315192284	1.1980340530716769	21.79528486474938	1.0
1797000	-12.656242197535391	-4.95056801998654	-7.705674177548852	-10.43195941207812	5.48139139209158	0.16599244753620335	0.5546309212571022	8.327275212759812	-7.593779415381373	1.0468003036015308	89.8498717765967	1.0
1798000	-9.483102998927368	-2.2902886075166657	-7.1928143914107014	-7.803650961540619	5.513362354023953	0.35303712095327494	0.7517025935366956	3.89202941389273	-7.167173049834064	1.9006679475435353	43.91845996729852	1.0
1799000	-12.06991420670103	-3.494743215304112	-8.575170991396918	-9.848636195921006	6.3538929806168944	1.3107499815334014	0.594297996626898	-1.6214313795082749	-8.910680496858374	1.3714495918979166	31.066253923726304	1.0
1800000	-13.656993643111647	-4.550686699740812	-9.106306943370836	-9.752412905883606	5.201726206142794	1.2870149310916865	1.2611917391842047	0.8280154810576557	-8.144285445332574	0.8769106658146251	17.61079867693284	1.0
1801000	-12.878772872112403	-2.7331023330028312	-10.145670539109572	-8.997734109818195	6.264631776815364	1.1191671485182908	0.5549749724770643	0.5080720774617273	-9.553807012009566	2.8526077054666152	16.03809784481817	1.0
1802000	-11.987368336134322	-3.777179065207749	-8.210189270926573	-7.859891081730071	4.082712016522322	0.33392233596756904	1.2855699644093965	3.8181148443389112	-5.980042641588286	2.397487910616847	29.668480724440414	1.0
1803000	-10.97904365541549	-3.44553701124111	-7.53350664417438	-8.226822235620554	4.781285224379444	0.338309629584543	0.21594913917934483	2.7396499550725317	-9.74449569248762	0.871627831532314	54.0427019094066	1.0
1804000	-11.041270236095071	-3.5922714987876176	-7.448998737307454	-9.384635036873526	5.792363538085908	0.5192174161899479	0.8327787914062318	-0.30046486645145465	-7.420085081211427	1.1082925019568417	29.13199025997765	1.0
1805000	-14.605678614890813	-4.8423118789022865	-9.763366735988527	-8.714838383771255	3.8725265048689685	0.6021291988164138	1.4476205865243095	0.13098798447473858	-6.01815379157809	0.6049723650997456	4.288957233724013	1.0
1806000	-11.475009930448545	-3.731589610376142	-7.743420320072403	-8.224595319678324	4.493005709302182	0.5615782050116171	0.2991981136617512	3.7843773313883	-8.299715523246922	0.8456306234783715	69.90847010707088	1.0
1807000	-13.442915168196386	-5.020694145034916	-8.42222102316147	-10.329913878310332	5.309219733275416	1.2521324357636574	0.6140986159402596	-2.5003508901167653	-7.242166855183522	1.2272823823508123	74.35158072370533	1.0
1808000	-13.37970056455495	-4.911806646993208	-8.467893917561742	-10.71755311778635	5.805746470793142	0.14966681322239436	0.968866769516482	8.649604481327877	-7.522980547960108	0.9924052520041933	165.15644033797142	1.0
1809000	-11.741889097708173	-3.3862124149803297	-8.355676682727843	-7.8386325513131165	4.452420136332787	0.4634894016409172	1.2578413970923183	2.4890841220687885	-8.866156480616471	0.91352783247192	35.414176332505804	1.0
1810000	-13.222266634682857	-4.201904977751006	-9.02036165693185	-9.83685166742518	5.634946689674173	1.39243500062446	1.0868963074961042	-1.09670514505755	-8.364799115007024	0.9224451341010965	21.156981287491302	1.0
1811000	-13.001069954965345	-5.086708950084892	-7.914361004880453	-9.617299397981586	4.530590447896694	0.17458838514999409	1.4445663972333533	3.7713018588267517	-6.704746366832279	0.8695052434376838	27.983488972366636	1.0
1812000	-17.15209595631415	-2.1459196254176316	-15.006176330896519	-8.156123155444103	6.010203530026471	0.5458470380175082	0.8970033630761353	1.2736669475886397	-8.670866270929968	0.7301092981836899	3.7814569024543707	1.0
1813000	-11.091977137043177	-3.255078020132265	-7.836899116910912	-9.573070173550674	6.317992153418409	0.5353231151958507	0.5296347746306891	5.063985843891797	-9.019396788335081	1.0777603336367274	66.28080138526008	1.0
1814000	-13.823275666527316	-3.556485059664757	-10.266790606862559	-8.198875435996419	4.642390376331662	0.7912733167148948	1.1371703359801206	1.05972413858091	-6.3141961529809905	0.17295611273518738	8.298395113321709	1.0
1815000	-10.262739410668383	-2.112808749760978	-8.149930660907405	-8.406362651001075	6.293553901240097	0.6096064384143189	0.5647896352298055	3.685397634035583	-8.734279747653456	0.7397492818500102	59.3103411219317	1.0
1816000	-11.966279532865254	-4.299828641025057	-7.6664508918401975	-10.348530880237131	6.048702239212075	0.4332231867042492	0.8630839349739626	-0.7058487924595647	-7.8657920312867375	2.4577204194029183	32.73752266019762	1.0
1817000	-12.765302383750717	-2.2987070356763013	-10.466595348074415	-8.078756886478628	5.780049850802326	0.7432357402227425	0.6087601515700828	1.6238673345391248	-9.990821171530687	0.8197116998795279	10.79969787729562	1.0
1818000	-10.696105428927009	-3.049814812890995	-7.646290616036014	-9.031956241238872	5.982141428347877	0.7788155146517474	0.35980292202969943	-0.7758940625664137	-9.564764629564067	1.448532092688885	32.32805534982564	1.0
1819000	-13.52483125178528	-3.154898469967291	-10.369932781817988	-9.312769531480964	6.1578710615136725	0.8575416728258893	0.6372582804532989	3.0309770978564368	-9.497914091155547	1.3045566310251226	10.41871510131903	1.0
1820000	-12.183147939914303	-3.9517609015337722	-8.23138703838053	-8.415696027793174	4.463935126259402	0.2240762304143755	0.48874883583605555	6.15114585389437	-6.980390937447683	0.791928890102222	17.18667326560394	1.0
1821000	-11.29925334993203	-3.315582652709619	-7.983670697222411	-8.435727204174686	5.120144551465067	0.36090389434914893	0.780592613505018	2.1297804421842788	-6.763261946838105	0.6988637869577198	72.6238002955313	1.0
1822000	-11.021942493568648	-3.046718178974179	-7.97522431459447	-7.810953917959636	4.764235738985457	0.4768555747553955	0.47119154333287566	2.5190008957056205	-7.300706320509403	0.5485848308395054	36.90340551087572	1.0
1823000	-12.087927111069233	-3.824740732975668	-8.263186378093565	-8.939290686929544	5.114549953953876	1.044720000189818	1.1336271458225515	-0.45928747243236256	-6.776252547766674	1.2593856046231373	25.504947769855164	1.0
1824000	-10.518444714974688	-2.901759143384833	-7.616685571589855	-7.844273420005452	4.942514276620619	0.5272316956667111	1.0438837168274915	2.1719072105237123	-6.528353460251882	0.9222114399455261	25.860585758831412	1.0
1825000	-10.465824406186687	-3.549460008222951	-6.916364397963737	-7.758426745989195	4.208966737766244	0.46565923835700174	0.33827753172621156	2.8745513001138985	-7.699591590943827	1.4121570315556955	56.702025371078946	1.0
1826000	-12.350248947469414	-2.1020828491271173	-10.248166098342297	-8.342877136910916	6.240794287783799	0.4419383505817835	0.635047764081276	1.5496453245379116	-8.373077721933216	0.22129847043677697	14.686988025336648	1.0
1827000	-14.072892060366122	-5.322960874195537	-8.749931186170585	-11.231311103321389	5.908350229125851	0.5345945841928255	0.9733297910410635	-2.1734211912773143	-8.451464032531216	1.2742872690377558	196.71174646569503	1.0
1828000	-12.230041234112274	-3.8834269779443433	-8.346614256167932	-9.719548568979876	5.836121591035533	0.3822627779437704	1.037811154108447	0.3534774217313106	-7.93617655271169	0.8001154058305954	13.638219295547591	1.0
1829000	-11.86825067742239	-2.9138194461880875	-8.954431231234302	-9.23066420871637	6.316844762528282	0.8313008168295287	0.7011945284737348	-1.1212023801289956	-8.824419865803899	1.0166430814975176	13.107654319609921	1.0
1830000	-10.228906433552794	-2.067693344677547	-8.161213088875247	-7.827137297215751	5.759443952538204	0.3383457065791705	0.8439739600129301	4.22467422688654	-7.374340036515504	1.8723777989846642	12.848554082079506	1.0
1831000	-10.01963740041305	-2.66478745322666	-7.354849947186389	-7.827704059758849	5.162916606532189	0.5363428289170734	0.6667262821933283	2.224897678901628	-6.9835628357767305	1.2100881119573896	16.212478713984982	1.0
1832000	-15.821991621541343	-3.9142934005152448	-11.907698221026099	-8.271270655434343	4.356977254919098	0.441896445219878	1.5747249224352302	1.6675852854315263	-7.674956519399	0.2023185197519252	6.7744269325726165	1.0
1833000	-13.33271296145844	-4.996679818747838	-8.336033142710603	-8.795735207492882	3.7990553887450442	0.9755632567652209	0.6094258831508842	-0.31730690322442334	-6.086514531063395	1.1733675801079646	5.80525170348767	1.0
1834000	-14.940426573033024	-3.625877970941895	-11.31454860209113	-8.24669030355665	4.620812332614754	0.7686122200417448	1.4269453477138787	0.7370383291412942	-6.780201602059087	0.5740055517089749	4.080181629475116	1.0
1835000	-12.139235688702334	-4.704874437648719	-7.434361251053614	-11.031642226566218	6.326767788917499	0.13196245427359177	0.6957021025494663	3.569014326325976	-8.691215198720316	1.0237513625756798	38.7654320121154	1.0
1836000	-13.982438186622506	-6.285126432456758	-7.697311754165748	-9.921366760793624	3.636240328336866	0.22572130016345213	1.1263234321100821	2.2501837282157457	-5.549538162589134	1.7623481972101722	6.57640412502482	1.0
1837000	-16.079532815816684	-5.733449623876728	-10.346083191939956	-8.987280616732065	3.253830992855337	0.5298851370814218	0.6400264739571282	0.10510752303276094	-5.653047540522744	0.2951706034184438	3.5983828842976786	1.0
1838000	-12.74174188179659	-4.328015660534266	-8.413726221262325	-10.131401210675591	5.803385550141325	0.9795213940562058	0.5255478413399629	-2.346297209010184	-8.059473647784209	1.2349502342553926	130.12300640932133	1.0
1839000	-12.42050762223392	-5.159536054852619	-7.260971567381301	-7.769139104557886	2.6096030497052674	0.4835463697136722	0.6918621141886778	2.712498569040167	-5.152042397927175	1.8109871291868997	69.22175590803405	1.0
1840000	-10.62550173292926	-3.2235698719324715	-7.401931860996789	-7.87925296948086	4.655683097548389	0.3281237883239843	0.2603821326048263	3.8216770237242335	-8.905435716274132	2.406508931046947	14.554203566394419	1.0
1841000	-13.478497016462406	-5.387567419870223	-8.090929596592183	-8.4511058068919	3.0635383870216764	0.28275373605139564	1.2125830301800833	5.923974668781249	-5.218149772087024	1.003121004607708	15.378171473175588	1.0
1842000	-12.574575069309532	-4.778872964485077	-7.795702104824454	-7.975889955635638	3.1970169911505604	0.5508327576038612	1.518865928773814	1.6656092147701869	-5.595086448072764	1.2001459394114176	18.485750879472178	1.0
1843000	-10.329272973195788	-1.856261548777371	-8.473011424418418	-8.209538964134769	6.353277415357398	0.6974288763726627	0.5782149631895711	0.7916157004016402	-9.143181021351305	0.9072658500392428	17.321644676959387	1.0
1844000	-12.273059872828956	-2.6090768119806587	-9.663983060848297	-8.796896565168934	6.1878197531882755	1.0498090870565435	0.687047682809119	0.2540182408976681	-8.162597075834249	1.6624813588751584	8.828065729100143	1.0
1845000	-11.16063296144834	-2.5888700158592783	-8.571762945589061	-8.071398246124378	5.4825282302651	0.6347025471870775	1.1843221627429268	2.974739431333753	-7.549697688620262	1.962347029463481	40.14454865534979	1.0
1846000	-10.533617494610638	-1.9068704814363313	-8.626747013174308	-7.744535971614288	5.837665490177956	0.4303388352483444	0.9682617006033131	3.478790157716633	-8.636064094657865	0.5545075845208514	63.57954327542094	1.0
1847000	-10.061206572211322	-1.9184737229153184	-8.142732849296003	-7.79027672943804	5.871803006522722	0.5047713938005405	0.43088864361647056	2.5031994937197	-8.669146156415524	0.8992810973098876	16.723521719652048	1.0
1848000	-14.26533944422856	-4.537854494998124	-9.727484949230437	-10.101636451887643	5.563781956889519	1.4728163077560932	1.1189623953938066	-0.16116340868354395	-8.31455078585156	0.555855511715838	12.62601135521589	1.0
1849000	-13.745551970071343	-6.2909944388302765	-7.454557531241067	-8.030997329344865	1.7400028905145888	0.5893263530571866	1.1034934583676708	1.4052004125789708	-4.420062866250495	2.1913111198182755	7.0836181400825415	1.0
1850000	-13.497332970340137	-4.642806371118084	-8.854526599222053	-10.703622650214252	6.0608162790961675	1.3115976651517058	0.5132696908682172	-2.886459714184109	-8.472887481178898	1.8827691107055342	24.033011923042697	1.0
1851000	-10.992264346192332	-3.193904456985816	-7.798359889206517	-9.026845472112127	5.832941015126311	0.13517686126881182	0.6593064922573063	6.640028511581846	-7.675425866284697	1.2431172968688644	22.402150651088334	1.0
1852000	-11.803074490907296	-3.4859533174698196	-8.317121173437476	-8.574923046684587	5.088969729214767	0.9386283528143066	0.47187926256608054	0.24320219852129932	-7.5760484972219775	1.6076967608587298	142.5428270743798	1.0
1853000	-9.4764060948851	-1.8931635749151283	-7.5832425199699705	-8.114487331640474	6.221323756725345	0.302276219779177	0.8031941345872616	3.4826280488934716	-8.35114356701727	1.3112809545070157	25.76560267100861	1.0
1854000	-9.72096142235429	-2.0761434253377162	-7.644817997016572	-8.235654374839001	6.159510949501285	0.5631188340417213	0.6412098111977602	1.0493075471923037	-9.482232265649703	1.661711112394656	49.55286544756893	1.0
1855000	-11.56054623537927	-2.5967127471877047	-8.963833488191565	-7.971192555731885	5.37447980854418	0.6205729143113299	0.6973015527157888	2.8365336175278317	-9.992679947403815	0.5992554206123523	136.61673743808944	1.0
1856000	-9.242004471720808	-2.6365624673210135	-6.605442004399795	-7.885649378470349	5.249086911149336	0.3991269238625642	0.22021696482131345	2.8491145654001775	-10.43137154658775	2.673187090291129	50.90392706948997	1.0
1857000	-12.685598266066286	-5.300093660290951	-7.385504605775336	-8.147613949493621	2.84752028920267	0.7578722448621094	0.8167962364071495	1.1077795814312072	-5.131818323400475	0.8063237209365688	7.54542341298077	1.0
1858000	-10.35798737750796	-2.142552664049413	-8.215434713458547	-8.382324367900832	6.239771703851419	0.19807850556832332	0.624207548996762	5.595059476668136	-8.396591735264314	0.6875829892359845	31.652515009062714	1.0
1859000	-12.547730387487114	-4.537725870431938	-8.010004517055176	-8.975680262244833	4.4379543918128945	0.13881521818222606	0.605410104657584	6.59271720925442	-6.551549527921469	0.642568087770026	32.59147663926988	1.0
1860000	-11.013001583391794	-2.920626030377025	-8.092375553014769	-8.972850743667578	6.052224713290554	0.13899109181542502	0.6433066500615227	6.674471287898136	-8.0067517347494	0.7665682674361431	34.062849806073686	1.0
1861000	-11.933709204070377	-3.2464002659402453	-8.687308938130132	-8.407187103494858	5.160786837554612	0.89640416529564	1.2692929201170031	0.9309018711614987	-7.144184093733298	0.4597899397764047	19.597930158598672	1.0
1862000	-13.350174826372912	-3.7423409538337236	-9.607833872539189	-9.71188003790483	5.969539084071107	1.1822970949632021	0.8765733638854385	-1.7120079645074229	-7.709742474772943	1.6065420155980208	10.050714184893295	1.0
1863000	-9.878308308726922	-1.6492984766189211	-8.229009832108002	-7.748660004238234	6.099361527619313	0.47211985127363537	0.764445905645581	2.9546740781580536	-7.921657520505291	0.6718802439639454	20.471073226378483	1.0
1864000	-11.59460674226477	-4.125214288422154	-7.469392453842616	-8.627284206308813	4.502069917886659	0.8498183826603617	0.36368081209887954	-0.14725610286204543	-7.737104494497148	1.3962432562211249	16.776622995731778	1.0
1865000	-12.967116156895154	-5.611825467916997	-7.355290688978156	-8.944989414879704	3.3331639469627063	1.0817023741222538	0.6968407952200398	-0.25902032988571155	-5.590669621994719	1.122797055662789	16.353294510771804	1.0
1866000	-11.210582382603178	-3.939508663153714	-7.271073719449465	-7.903926233676262	3.9644175705225475	0.5447275076144398	1.0063166327958122	1.8994475529713715	-5.753746344767132	1.1503823101822097	15.191577941341368	1.0
1867000	-11.15628953874917	-2.778349421297059	-8.377940117452113	-8.913667875823174	6.135318454526115	0.2431256218258771	0.8662050242564826	6.657649102333056	-8.450451095714671	1.136127418685191	24.973247779982295	1.0
1868000	-11.977657349276898	-2.984754182498163	-8.992903166778735	-8.092125772896292	5.107371590398129	0.4208898445617743	1.1164974054165306	2.1588599827966286	-6.747990141070434	0.521972930298139	8.68103928905433	1.0
1869000	-15.512703117059615	-7.687933092244668	-7.8247700248149465	-9.556264954414166	1.868331862169498	0.8357414834810012	0.731501682820211	3.3445299223969913	-4.659329826148217	0.6099203334947931	8.816794112770333	1.0
1870000	-13.997969742899476	-6.134842872657983	-7.863126870241493	-8.48394563290567	2.3491027602476864	0.18860538522225037	1.0115773417397929	6.137072504490966	-4.7497173999480715	2.801706896940298	14.887404847680374	1.0
1871000	-13.341050846259352	-3.174981974893008	-10.166068871366344	-9.141779049997737	5.966797075104729	0.9417545971502069	0.96894592321209	-1.0474138658038503	-8.021021293687117	1.16264955093851	7.431662608112331	1.0
1872000	-10.751606199902298	-2.62846305629004	-8.123143143612259	-8.669128796132757	6.040665739842717	0.26227353407788273	0.41617986737842044	3.1244928881065586	-9.07504433234249	0.602554256242713	35.954033866940044	1.0
1873000	-11.55644839995751	-3.629536060742671	-7.926912339214838	-8.803965909077252	5.174429848334581	1.047596998773523	0.840220060402839	0.13168155309394158	-6.757482399082436	0.8025503232808048	20.601012188789074	1.0
1874000	-10.693484497892465	-2.251594294119279	-8.441890203773186	-8.537804980863429	6.28621068674415	0.6232714925485153	0.7233018279901038	3.741969961803931	-8.85740327661941	2.5366596311724083	96.74488786924172	1.0
1875000	-11.197044333813611	-2.421516323534161	-8.775528010279452	-7.83102158487899	5.40950526134483	0.4848699988234466	0.5132329695738774	3.5781941905409584	-7.685419506659093	1.2188704584816124	9.226026132954152	1.0
1876000	-10.344480962083765	-2.598718460154034	-7.745762501929732	-8.164712384293864	5.56599392413983	0.7703507381925258	0.8309290607349317	1.0962885155877582	-7.150455580783458	0.9173510658877952	27.883707699322013	1.0
1877000	-13.64692936064404	-6.106365953068619	-7.54056340757542	-8.080090668226601	1.9737247151579824	0.4728989074882008	0.30893223347613424	4.195294775075808	-6.369602173681403	0.6667370223001676	29.95482472866292	1.0
1878000	-14.186208799907499	-5.524014089228013	-8.662194710679486	-9.728923393722019	4.204909304494006	0.7094241892349022	1.6188822701254575	-1.4654996267061056	-7.663785417839133	0.6179593645105956	27.089285065023898	1.0
1879000	-11.227844899062388	-2.267104088238808	-8.96074081082358	-8.403966557397169	6.136862469158361	0.45336336042638126	0.599723812351224	1.3708140392386103	-9.649283633366942	0.7326929761579348	16.096153588515474	1.0
1880000	-12.87942930328688	-5.671110866457176	-7.208318436829703	-9.071307286030267	3.400196419573091	0.3652106041445811	1.0795135633320767	1.2365835826685996	-5.382790987786336	1.0941095768068463	8.147817224541399	1.0
1881000	-10.114104970256493	-1.9911216355467705	-8.122983334709723	-8.334732789581333	6.343611154034562	0.797699181535517	0.5839990574637856	0.5185826045193382	-9.213089755489094	1.0804479063784382	24.156924537407882	1.0
1882000	-13.502240568037669	-5.232925326405946	-8.269315241631723	-8.995279325833993	3.762353999428047	0.22590964074016326	1.4220114364058245	3.345905547328875	-5.889811006204925	0.9796731428848974	8.832518395085776	1.0
1883000	-11.46099655565829	-4.269161003744509	-7.191835551913781	-7.752534050217795	3.483373046473286	0.450420204916558	0.24145674596697975	3.0156376371548763	-8.137895306996713	1.7249852254931446	14.688851357213851	1.0
1884000	-12.51926528366406	-4.438231980994997	-8.081033302669063	-7.746212505729957	3.30798052473496	0.44790200097942534	1.2411666730332203	3.1048613511172496	-5.390547620099104	0.5238561172645837	12.697600795494731	1.0
1885000	-15.863180922490383	-6.897573274242716	-8.965607648247666	-8.41524481977689	1.5176715455341734	0.8748865890849535	1.3401523291727262	0.5260747759856563	-4.4150242819801155	0.7491420613116578	2.4827318466508306	1.0
1886000	-9.422835910923165	-1.9808770680701482	-7.441958842853016	-7.770634607769507	5.789757539699359	0.38177948324906413	0.3743594976124589	3.651825731199504	-9.004946262176858	1.0251819147017578	59.26213901007454	1.0
1887000	-11.45735831868798	-3.0825141422682494	-8.37484417641973	-9.135587012992751	6.053072870724502	0.7358016772761916	0.4146010997196239	3.5911599240802117	-9.11629740619958	0.6773218176176199	31.22181127472008	1.0
1888000	-13.801714217878907	-4.119634605224217	-9.68207961265469	-8.939585345718017	4.8199507404938	0.5090946916824483	1.2808249418952973	0.28007113208082524	-6.670808261219376	1.1813273617629134	5.00615604271331	1.0
1889000	-14.244148952507732	-6.045616238259317	-8.198532714248415	-8.029403499196428	1.9837872609371114	0.6532103642730551	1.5013688237276364	1.3283734530451219	-4.808346484104688	0.6017887927894544	5.174294691193581	1.0
1890000	-11.320345243627933	-3.6951915056016444	-7.625153738026288	-8.187208875220069	4.4920173696184245	0.5822139932720638	0.1488446880003109	1.0719610895776854	-12.202055420506499	1.495043548686494	43.42382189231846	1.0
1891000	-10.831570066845064	-2.967543746705532	-7.864026320139531	-8.540012537373071	5.572468790667539	0.8891653257140016	0.5020456996385276	1.7949300192368132	-7.901618958037766	1.3256421216345122	17.350779627580415	1.0
1892000	-15.454406415677926	-5.575544648155795	-9.878861767522132	-10.440853281035377	4.865308632879582	0.381503301461967	0.709266813558713	-0.34897425798941795	-10.223705864676836	0.5150459416621692	15.27139259745313	1.0
1893000	-13.438661246990087	-5.127709448534616	-8.310951798455472	-10.166484038185805	5.038774589651189	0.9104512774916722	0.7872617654342711	3.356181676768101	-6.6856121790277925	0.5950539526665313	44.54420604263883	1.0
1894000	-12.164676259126804	-3.9643372243462096	-8.200339034780594	-9.519403693375924	5.555066469029715	0.5194553813072234	0.2797331074709706	5.131080069904942	-9.796857307645624	0.8367568971046148	33.48872145806686	1.0
1895000	-9.220489477566112	-1.7502840022758832	-7.470205475290229	-7.747635828000506	5.997351825724623	0.4240901465663192	0.6129628872935885	3.5537951922972457	-8.003809950847929	2.132070569243219	19.528117918567215	1.0
1896000	-14.719243769300546	-4.422320886486796	-10.29692288281375	-8.761521133784191	4.339200247297395	0.7213153830061636	1.3349144583188044	-0.28019409515238003	-6.261265471474742	0.8308717933215957	3.916603840367198	1.0
1897000	-17.19501179244496	-9.356422275092603	-7.838589517352355	-8.03920834675423	-1.3172139283383737	0.4915123176803572	0.2739101829090645	1.7834002278899452	-4.690459496527704	1.3125756321484514	2.7889935034575095	1.0
1898000	-9.559257128468413	-1.9698475745673942	-7.589409553901018	-8.324329978810942	6.354482404243548	0.5023914492178237	0.6345861333299663	1.1869003700234666	-8.89846760406019	1.9752729373619935	23.653187241635933	1.0
1899000	-10.305872961103903	-2.9567941290422475	-7.349078832061656	-8.244037994929815	5.287243865887568	0.24273763447836957	0.39566834415344915	5.763946627406941	-8.21846688139218	1.4430704704815018	23.050040486546372	1.0
1900000	-10.253328919744098	-1.9844625016796584	-8.26886641806444	-8.040530735328812	6.056068233649153	0.6886344903616952	0.43064588956692623	1.3330415471959642	-8.984281666460276	0.7070116274584238	22.51334120082295	1.0
1901000	-13.895102763054444	-3.4854201968295193	-10.409682566224925	-8.587527413580435	5.102107216750916	0.9672110913702255	0.48855142982035865	0.502462539404496	-10.813733553535936	0.583002463076404	14.84900687248197	1.0
1902000	-11.322660166950905	-2.9507219486475	-8.371938218303406	-8.424538623709553	5.473816675062054	0.2260878400398095	0.33934062781380203	4.31907474302752	-8.903379443421347	0.8821512021569663	16.385993437312322	1.0
1903000	-11.947612145653633	-3.3435196555968467	-8.604092490056786	-8.528359835946384	5.184840180349537	0.6690209952236854	1.1629563239084033	0.2036708522738372	-6.904758937443072	0.6753909103108197	9.61973824179333	1.0
1904000	-12.91416872046716	-3.1237549345644444	-9.790413785902714	-9.12583943654229	6.002084501977845	0.46302798170072673	0.7662394836111978	0.34796019433647385	-7.751605074440652	0.6232957890635045	7.011991326084345	1.0
1905000	-12.275336162716167	-1.666454125247654	-10.608882037468513	-7.967327580145253	6.300873454897599	0.6338206115353775	0.5156557852836064	2.692195409320034	-9.509855536431044	3.0830116675275576	9.306437396427995	1.0
1906000	-9.877408464810483	-1.9800424537562886	-7.897366011054193	-8.15271895532327	6.172676501566981	0.7592052120434729	0.46898206827697564	1.9693087606555522	-8.950884922889438	1.5732913294500663	101.44761523130997	1.0
1907000	-11.332083374668837	-3.659589296439555	-7.672494078229283	-9.843869601984897	6.184280305545342	0.1666746161791437	0.43289764218794585	3.723532968877338	-9.306932960595685	1.46472346471052	17.626689304369652	1.0
1908000	-10.771738131636308	-3.0117029575362153	-7.760035174100093	-8.616947050896501	5.605244093360286	0.8476941728632656	0.615519818373471	-0.1266655633799898	-7.527832264932242	1.0685413665520025	17.23909293257839	1.0
1909000	-10.14588759633863	-2.230208307665791	-7.915679288672839	-8.312401896992744	6.082193589326954	0.5233862397021374	0.9054970426678027	1.0942936087250903	-8.236021553900747	1.752941961112543	20.758284094167223	1.0
1910000	-10.339486726637368	-2.0263487231376587	-8.31313800349971	-8.076042896132444	6.049694172994785	0.7020873807497845	0.41207147714448095	2.3537261286766338	-9.13217300912791	0.6884244275055634	84.24019007800021	1.0
1911000	-13.581274730118711	-4.412870319523297	-9.168404410595414	-8.769641364059126	4.356771044535829	0.5420658645483867	1.5883239751932152	4.480185547300051	-7.103776130409396	0.6922358178874636	14.362830561437294	1.0
1912000	-10.52335027459947	-3.283105843636883	-7.240244430962586	-8.474299774370207	5.191193930733324	0.39239039145085375	0.6976076395971276	1.7586886128832302	-6.94737129194203	1.0906026052241709	15.75524636760868	1.0
1913000	-13.06038413204869	-4.821024173543375	-8.239359958505315	-9.824834733693365	5.00381056014999	0.788925791712688	0.6866352842593257	-1.7649063071254876	-6.80708670783676	0.4915219776546116	34.26369705710312	1.0
1914000	-9.678482815327921	-2.486733508600093	-7.191749306727828	-8.625798769711938	6.1390652611118455	0.3031009944369664	0.542148585612152	2.552468671575275	-8.4745131360001	3.1061640810717597	99.72609548367925	1.0
1915000	-10.708689141374615	-3.1332898039681725	-7.575399337406442	-8.161729385456374	5.028439581488201	0.3152623400755729	0.22977278424960054	3.1763063431224046	-9.81329857334918	1.9345751180021766	16.68354608448715	1.0
1916000	-11.06377143416059	-1.9374781627499473	-9.126293271410642	-7.967821279850918	6.030343117100971	0.6117769159337118	0.8823140983024145	1.5547337983548841	-8.706631338744048	0.4191283059706456	88.19970015099825	1.0
1917000	-12.220448727101223	-4.633172192569366	-7.587276534531857	-7.805604376937905	3.172432184368539	0.4882027809197831	0.5443261998264873	3.457981825809556	-5.862693446781601	0.9447861193169828	9.699455041999892	1.0
1918000	-11.560406785104682	-3.224912311626934	-8.335494473477748	-8.247768435674008	5.022856124047074	0.8142584730797613	1.2454712508809518	0.9576097639855331	-6.853566992729982	0.899320939493278	54.06147702584245	1.0
1919000	-12.362298750330527	-4.396522334924899	-7.965776415405629	-8.229451309092214	3.8329289741673147	0.8158183938138402	1.1195871773276889	1.422203968394346	-5.681330516443407	1.7184366524358463	12.972849283032614	1.0
1920000	-10.614586777666728	-2.557795609005275	-8.056791168661453	-8.575271457686172	6.017475848680897	0.17947307315925035	0.9438552599807634	5.524899196061348	-8.196429876729143	0.814005900231766	44.670584945345276	1.0
1921000	-12.47629231708359	-5.305677564171325	-7.170614752912265	-11.299406293181168	5.993728729009843	0.2566435019910761	0.6937149670240592	0.39995420050016395	-7.8214885091881055	1.2937224962247547	61.57164460953983	1.0
1922000	-10.270623415081587	-2.8719173473419985	-7.398706067739588	-8.293059850135958	5.421142502793959	0.3563775922137746	0.7787923397954076	5.260973378854632	-7.043320916844438	1.5296575037366105	31.8241137167748	1.0
1923000	-12.823876741978161	-5.166925967550359	-7.656950774427801	-10.38489540797634	5.21796944042598	0.569038580427865	0.28030944844763456	5.269728182460276	-11.434694174620143	1.5963704807774126	100.42339151582526	1.0
1924000	-12.304242784569958	-3.3736018611940075	-8.93064092337595	-7.782375450721721	4.408773589527714	0.5002550682092302	0.1884290110999695	2.565849108455068	-9.854577119415719	0.8893635276838028	14.523165601327797	1.0
1925000	-14.018018503880821	-3.345443436448549	-10.672575067432273	-8.205122236988004	4.859678800539455	0.30150957798494954	0.45435351916780053	5.480703000720707	-7.465270833068935	0.7368455631121517	7.606250351222479	1.0
1926000	-10.609804360928244	-2.703252676861686	-7.906551684066559	-8.391117254895335	5.687864578033649	0.7243863500406427	0.48547909072312934	0.35907538767818004	-10.449740624676947	1.5817204012104957	81.67731915718973	1.0
1927000	-14.348739404770996	-4.782921140479709	-9.565818264291288	-10.937218859965267	6.154297719485558	1.131863048665925	0.6904828512686855	-3.224842263512018	-8.09061707531344	2.8392763693812157	42.06826170766574	1.0
1928000	-11.726241179306784	-3.3573125120962626	-8.368928667210522	-8.425348244699506	5.068035732603244	0.3085273886847495	1.2480771708839296	2.7857337754267473	-6.922765500648661	0.8696111810731494	102.00760785727194	1.0
1929000	-13.71612075955675	-4.079241914428449	-9.636878845128301	-10.21079637271804	6.131554458289591	0.28071562212859863	0.42497127257567346	7.151040906597439	-9.214825988534027	0.4623345530477133	25.147521513985218	1.0
1930000	-12.249070229728899	-3.3923494150531237	-8.856720814675775	-8.64420153382671	5.251852118773586	0.22810684822325908	1.2843161565373655	3.8367272643661994	-7.775839767870604	0.5356298849906216	96.66173585261048	1.0
1931000	-12.012044385760856	-3.2288732630992305	-8.783171122661624	-8.796124663903747	5.567251400804516	1.051659877859872	0.2864775325386479	0.36238460689143226	-9.706998717808908	0.5310736535197156	30.259899785603736	1.0
1932000	-13.826445536644894	-5.120544523389502	-8.705901013255392	-7.94476212095756	2.824217597568058	0.43125931125638883	1.641451074052713	4.244439079624309	-5.508598295405284	1.4885076127543428	11.166435117350705	1.0
1933000	-12.736051640020897	-5.4376103349173075	-7.298441305103588	-8.084291224861664	2.6466808899443564	0.33181321469711644	0.9741826827435278	3.114753508054375	-4.926456625136535	0.7141562045001095	21.130582380146446	1.0
1934000	-12.585700662150703	-3.642311680577187	-8.943388981573516	-8.361651787137294	4.719340106560107	0.6346089832250225	1.3381195165052455	0.5801550111590077	-8.399854871163061	1.1305740776517037	14.481232459876404	1.0
1935000	-10.789983867820741	-2.6734400042769826	-8.116543863543757	-8.86756637544577	6.194126371168788	1.0767577893203604	0.4217728107968131	0.49581069168874015	-9.52326403651297	1.0943709888610584	48.503852472392126	1.0
1936000	-10.474905059802712	-2.706427956169099	-7.768477103633613	-8.528608962941107	5.8221810067720074	0.7768248928203155	0.49976017305032444	2.687538057649461	-8.200224223453056	1.3827530542682576	74.94331271592573	1.0
1937000	-11.22403688867286	-3.4503947072987913	-7.773642181374069	-8.099766427883496	4.649371720584705	0.626101804420367	0.16804094124717658	3.1052185085153248	-10.725734476826824	1.1800763177176838	35.30772689915178	1.0
1938000	-13.150963230237986	-4.191991591940637	-8.95897163829735	-9.963637680878163	5.771646088937526	1.4358340617272962	0.30085498183579046	-0.16279984085793076	-10.650982736098793	0.708754516784511	33.66612851138081	1.0
1939000	-11.539268544383255	-3.382668172291692	-8.156600372091564	-8.924510288093362	5.54184211580167	1.0042881782331936	0.7552320139876885	-0.5582466245578297	-7.19198519452123	0.6313687489303272	20.617350429880133	1.0
1940000	-16.963400619058664	-7.148562548692909	-9.814838070365756	-13.469902712468418	6.321340163775509	1.912865298886376	0.6889889818178045	-4.603982577538206	-8.88222076055995	1.445185819481991	38.15660531821923	1.0
1941000	-16.59073286040016	-8.470331830753045	-8.120401029647116	-8.031742749082062	-0.43858908167098276	0.5051195386558455	0.6034839430832678	3.8897733222027493	-3.6266995763417706	0.9957301976421161	3.648799010043048	1.0
1942000	-10.051207280576953	-1.6070592248185998	-8.444148055758355	-7.767365646168503	6.160306421349903	0.3860469945249347	0.7905442117102396	3.609399199357378	-8.889045371644574	0.5777187401250935	45.41476748161404	1.0
1943000	-11.867538260144872	-2.626267790189324	-9.241270469955548	-8.37817414149575	5.751906351306426	0.778210111835304	0.2933749455904638	0.37636973677055013	-10.048747738860897	1.0843773515659583	13.233111561356198	1.0
1944000	-11.720891327170573	-3.635791760541653	-8.085099566628921	-8.133013629024338	4.4972218684826855	0.4967944093533393	0.5187565795209529	4.108051164155918	-6.8813653031631565	1.9645999701512968	9.618008079592508	1.0
1945000	-11.445701911631623	-2.998812358532013	-8.44688955309961	-8.715836754084032	5.717024395552019	0.36039844644003943	0.4325797170353189	5.649496298593811	-10.584127336105114	0.7023025314394201	50.71670939649822	1.0
1946000	-11.404495110421015	-1.8838154661925905	-9.520679644228425	-8.202092375976573	6.318276909783982	0.6670617061070144	0.5078826336386011	0.8370932604062851	-9.374064670415185	0.9698334052351048	10.793544219763543	1.0
1947000	-12.125688833038577	-2.526900131542946	-9.598788701495632	-7.994822444415495	5.467922312872549	0.5652514678844066	0.9989221080321116	1.5679294293270978	-7.055220041884698	0.8222681215062442	6.112005474351354	1.0
1948000	-13.465338917527186	-2.0062849136451764	-11.45905400388201	-7.776940713983285	5.770655800338108	0.4212281388327799	0.8467097986354217	3.8071313987911912	-9.215316166650716	0.3525584205592153	10.489910576487361	1.0
1949000	-9.94872816788768	-2.739361052279736	-7.209367115607943	-8.811897580967518	6.072536528687782	0.16178867489155896	0.46311454736649776	5.563676045148249	-8.778676571397018	1.4585324777261264	29.511436097221626	1.0
1950000	-11.725463050089774	-3.5878345166445875	-8.137628533445186	-7.746401223283841	4.158566706639253	0.45075598445135734	0.3538603883488596	3.083389006083433	-7.535196352242876	2.188158749103701	8.311589107269231	1.0
1951000	-11.145214589600654	-2.598862918967452	-8.546351670633202	-8.419104364336087	5.8202414453686355	0.25087088426103693	0.35679041173656356	3.7640876625142363	-10.640710212913257	0.6521058030891669	155.72353310743773	1.0
1952000	-12.05891552947411	-3.0674590067380674	-8.991456522736042	-8.279877448109644	5.212418441371577	0.6229904452779994	1.043343608795266	0.7644642188049176	-9.02200412242944	1.9692011048134364	17.207322171508352	1.0
1953000	-11.974480877555632	-3.5964382046620793	-8.378042672893553	-9.77447144234456	6.17803323768248	0.35111830427422275	0.6629642767055334	0.6092658315093572	-8.181403940324468	1.3066065864038614	9.66679417308453	1.0
1954000	-11.032980822927318	-3.7422201013548095	-7.290760721572508	-8.18722043520858	4.445000333853771	0.7437063460427542	0.2968196508412832	2.2779492582963483	-8.282193216218003	1.6378962079129733	23.15630444433925	1.0
1955000	-11.15597458060884	-3.94340962933393	-7.21256495127491	-7.975994927227297	4.032585297893367	0.41157950764837153	0.717075280224269	2.491244491486528	-6.020095746790242	0.9556462118635362	12.843164062989812	1.0
1956000	-10.519967194575004	-2.366622233807357	-8.153344960767647	-7.764509471443596	5.397887237636239	0.4967389358845983	1.2287595951492922	2.716692014555066	-7.64023462502993	0.9972224474108086	21.835332681263807	1.0
1957000	-12.985354757946576	-2.7823272551170177	-10.203027502829558	-8.172454567589899	5.390127312472881	0.3936715488265141	0.8670964240048616	2.2435063726682434	-6.948756855092989	0.8193800957950538	5.008794453014954	1.0
1958000	-9.34318925519758	-1.5885135167310072	-7.754675738466572	-7.850563951976021	6.262050435245014	0.5705840728701611	0.46888277114224636	2.876430839508952	-9.642813291153422	1.0556629675962992	54.96682481410141	1.0
1959000	-12.56117557550143	-3.726549854887274	-8.834625720614156	-9.199726253567842	5.473176398680568	1.1985167574906384	0.8141438824550079	-0.051676721945033255	-7.063287499663545	1.346300650001107	9.473221796361567	1.0
1960000	-9.865349458644207	-1.9486487934325414	-7.916700665211665	-8.27179624979716	6.3231474563646195	0.8188358847440951	0.5463817799200514	0.8500383691318872	-8.939645349642754	1.3137671109534967	71.07834585400181	1.0
1961000	-12.446654071299909	-3.5295133331711313	-8.917140738128777	-8.491110136437891	4.96159680326676	0.18456177469529297	0.4609922782530933	5.998649526478708	-7.51849745136627	0.6485244777874943	14.980416812692225	1.0
1962000	-9.832576868596515	-2.607955577632257	-7.224621290964257	-8.392734977982343	5.784779400350086	0.25223446760999596	0.5342155098779169	3.7885489027632175	-8.00082750285019	1.21359207004094	23.674271940109794	1.0
1963000	-13.820332522343724	-5.752843346254382	-8.067489176089342	-8.674513651431866	2.921670305177484	0.7562293996203441	1.5035651828857857	-0.19937194221460014	-5.38475865247522	0.7971660890346007	7.313345825698481	1.0
1964000	-11.376666213298638	-3.6858978888525655	-7.690768324446071	-8.37817680006713	4.692278911214565	0.8159694243760414	0.1578739298463037	0.4261487462133059	-11.266808476360177	1.5940668046950184	43.579828705897626	1.0
1965000	-13.981571831250854	-5.097368324200962	-8.884203507049891	-10.612769295894912	5.51540097169395	1.2793575381858961	1.037036819574792	-2.815339796920697	-7.156328862466833	0.7887051784190983	79.11396394804255	1.0
1966000	-19.033269786667216	-10.730773577591119	-8.302496209076097	-11.487729195232093	0.7569556176409735	1.4763384971225617	1.2834743804743198	1.5489521949927472	-3.9896659305505384	0.8925422909731012	3.724172574021373	1.0
1967000	-13.183276841149345	-4.499676285974177	-8.683600555175168	-8.978210927756576	4.4785346417823995	0.9477558526954025	1.2433725625498053	2.115351395569082	-6.268629686155378	0.5093966179166025	11.078048602775452	1.0
1968000	-14.767694239628547	-2.7554870965594027	-12.012207143069144	-8.849821789117385	6.094334692557982	0.4877220824777862	0.8541736401066408	0.5218537933880782	-8.71001188189267	0.5989452023133928	5.775017825472228	1.0
1969000	-9.110857539305332	-1.9368107304757611	-7.174046808829571	-8.047975080878874	6.111164350403113	0.5393777391966293	0.4112692567188982	1.5308537936475866	-9.2984868689293	1.8037721955632886	39.265176068090796	1.0
1970000	-13.946909615345504	-5.830922853766963	-8.11598676157854	-11.910562890116948	6.079640036349985	0.06735409770437725	0.9056577439103198	10.34492738778727	-8.317952358220811	1.3811571101503095	143.4174727777305	1.0
1971000	-9.82971856379839	-2.20684048071476	-7.622878083083632	-7.784058164149613	5.577217683434853	0.38147128605557773	0.37804518320668623	3.4987693198166636	-8.678400018077921	0.9997617712204253	23.357186216570145	1.0
1972000	-10.450080978752244	-2.3050254272158117	-8.145055551536432	-8.03669991041333	5.7316744831975175	0.4737236639951397	0.5917993537597078	4.12021383841856	-7.733978455957303	1.2478874446598536	183.2626107996432	1.0
1973000	-13.530177093506014	-3.2475942513224023	-10.282582842183611	-9.099172771673754	5.851578520351351	0.6774630075472347	0.3092650802574152	-0.6357327093730181	-10.087982382328507	0.2985390731856176	17.961426511981617	1.0
1974000	-13.849479678375136	-4.566366644208566	-9.28311303416657	-8.841427351187782	4.275060706979216	0.9089120061143591	1.207567394832501	2.1955092980924995	-9.10762403849937	1.6064596047050737	91.02735445682673	1.0
1975000	-12.295785753073229	-3.802660739141942	-8.493125013931287	-8.664959844397142	4.8622991052552	0.9350379642111185	0.8113448220876155	-0.0853964770131993	-6.51399705335916	0.6748553890214078	8.208932297922601	1.0
1976000	-9.096304882914705	-1.4828066017090817	-7.613498281205623	-7.7457472738212445	6.262940672112163	0.46801339688452703	0.6867171956619809	3.0156171588702185	-8.346556669259492	1.354378356156275	71.16636184985234	1.0
1977000	-9.877357672188914	-2.369435217014721	-7.507922455174192	-8.12224779846235	5.752812581447629	0.7395706331780127	0.33772408169995116	2.09141934277442	-9.332675733590245	1.6817496403704237	69.20873131176613	1.0
1978000	-11.216197587004393	-2.2846293185716195	-8.931568268432773	-8.470273105227333	6.185643786655714	0.5866160260984743	0.5480592730301528	3.9111643040592043	-9.726978456575821	0.5521489464891404	127.53706986855391	1.0
1979000	-11.997546242932339	-3.4935149817586293	-8.50403126117371	-8.197193590318115	4.7036786085594855	0.43646253993050377	0.2937413941735349	1.837090225326875	-11.748075575999556	0.6538481193359945	48.52798922732816	1.0
1980000	-12.019899481305227	-3.676893162202643	-8.343006319102585	-9.025416350090445	5.348523187887802	0.5535668862650777	0.3928639305478037	-0.06335384845224112	-10.992003236953348	0.7585813697087626	106.29339113698745	1.0
1981000	-13.47031475294347	-6.070793256081949	-7.399521496861521	-8.445363545975948	2.374570289893999	0.8574046313375661	1.1904552720317045	0.32935160233901284	-4.798034548749241	0.849343953651221	8.61961572882178	1.0
1982000	-10.15787056521309	-2.456629852109489	-7.7012407131036005	-7.875347211430203	5.418717359320714	0.43763652632112215	1.0178897424109032	4.044941020463708	-7.010367061622593	1.467577826271574	36.43792141238095	1.0
1983000	-9.6030805728861	-1.9130730947207102	-7.690007478165389	-7.774174753449765	5.861101658729055	0.4425726460233651	0.7051412524360993	2.9137837717314166	-9.611218593571369	2.1240652535937525	51.75606485895467	1.0
1984000	-12.818700942079321	-5.197820043675964	-7.620880898403356	-8.811841664017287	3.6140216203413225	1.0252783930647151	0.733555456707771	1.1193363580583684	-5.712514432582518	0.9662079332934281	9.75191837819211	1.0
1985000	-13.373519928529142	-2.5960976339523825	-10.777422294576759	-8.866149303045662	6.270051669093279	1.0239001638796223	0.6306366901975429	1.2962051817664237	-8.456645294124478	0.7589995049095963	7.070111430347471	1.0
1986000	-12.434276525717841	-4.378572945324101	-8.05570358039374	-8.185904593242467	3.8073316479183665	0.7968818838346761	0.14712992749638773	1.3781098597793813	-10.200194141245158	0.9568480812096026	27.928611393600747	1.0
1987000	-12.48979858352008	-3.522813872332078	-8.966984711188003	-8.558433386220754	5.035619513888676	0.7507552141008415	0.36494220555372603	0.009360435149494362	-8.201051888801135	0.5507693279919168	11.77613773805384	1.0
1988000	-12.717718392365661	-3.370844053724798	-9.346874338640863	-9.552721185419767	6.181877131694969	1.2956814792300673	0.4642842742367899	-0.885277642582042	-9.905499389541802	0.4964716472371271	127.24942866388128	1.0
1989000	-12.698398671758843	-4.09467540400369	-8.603723267755154	-10.093742380790191	5.9990669767865015	1.397776703953056	0.8907001404859264	-1.7954522081061575	-7.792431790433976	1.004041944753312	37.30353638169419	1.0
1990000	-16.5905819197429	-9.468393521451267	-7.122188398291631	-9.090317059798187	-0.3780764616530803	1.1414838924033954	0.9865216858140033	0.6131364879652829	-3.3422269793234487	0.47991092875177194	4.385307396983604	1.0
1991000	-12.525120499279991	-3.4631406017495543	-9.061979897530437	-9.242848795515712	5.779708193766158	0.9324793351529664	0.565426056491118	2.5250015424118195	-7.876251336509993	0.48889255020209527	118.00022305525563	1.0
1992000	-12.216148776822944	-3.785212185152333	-8.43093659167061	-9.779692111911896	5.9944799267595625	0.8644357517982973	0.9143021153521076	3.346226571970177	-7.832895085467593	0.8600331818162121	21.30230526049549	1.0
1993000	-11.746083366153906	-5.193821163990373	-6.552262202163533	-8.940927618330495	3.7471064543401216	0.261854296397686	0.651522684412434	2.747209859265739	-5.950688769897646	1.6143654937507124	13.40923619756191	1.0
1994000	-9.632127660046802	-2.1224192076533193	-7.5097084523934825	-8.149964914723087	6.027545707069768	0.6173758266676238	0.38343596228581983	3.266645193167978	-9.38047768665391	2.729737375232234	68.81162198533303	1.0
1995000	-13.179845196502782	-3.3045602162214838	-9.875284980281299	-7.999684900504196	4.695124684282712	0.39928896895546706	1.3358359431082758	2.5465979000271206	-6.635131965029265	0.17307603479621533	25.081054166745858	1.0
1996000	-12.87429975224581	-3.29054421602973	-9.58375553621608	-9.458341272033604	6.167797056003874	1.2445316863515392	0.5112410312592504	0.5741541630257063	-9.849723580316667	2.663352844022592	29.754699422279437	1.0
1997000	-11.38146897004743	-3.016540897151346	-8.364928072896085	-8.028225326248645	5.011684429097299	0.6810741089390316	1.3030217830502435	2.408292795016805	-6.9924765500920865	0.7880203221126756	15.882251904430841	1.0
1998000	-9.614475455648178	-1.7698811785028186	-7.844594277145359	-7.8577292072826825	6.087848028779864	0.5837530754415956	0.6741047896315498	2.761298672300675	-9.470277903139722	1.9097124091683197	41.41370699397524	1.0
1999000	-15.889715636266391	-8.98006435102073	-6.909651285245663	-9.0544313789349	0.0743670279141706	0.49835274585566147	0.3157084354365322	0.2033048132728109	-5.14659143024127	0.6804450311225502	24.91388078711865	1.0
