it	posterior	likelihood	prior	lik_L_5-0	lik_M_5-0	l0_t5-0	m0_t5-0	Gl_t5-0	Gm_t5-0	hp_rate	hp_sig2	beta
0	-57.35532237312097	-54.822739259723626	-2.5325831133973473	-21.74590258061103	-33.076836679112596	0.5398620400343336	0.15484400695366818	0.0	0.0	1.0	1	1.0
1000	-44.503854075144694	-41.303288298689445	-3.2005657764552504	-21.041791579195436	-20.26149671949401	0.6236495844881523	0.7390391255577526	0.0	0.0	1.0	1	1.0
2000	-41.819749365508486	-40.956740785625215	-0.863008579883273	-20.656332578723894	-20.300408206901324	1.0553423778926088	0.7599304766017327	-0.16044877465155502	-0.09125593697696495	0.8835509003855321	0.037689814901318626	1.0
3000	-46.88078183231706	-40.37398747706386	-6.506794355253208	-18.815596846686475	-21.55839063037738	0.7291700610551406	0.9965143766165613	-1.5626127883161862	0.7700987664509121	0.8551003001835827	0.39957266462943203	1.0
4000	-43.11609715687398	-40.845468120963766	-2.270629035910208	-20.51758952984839	-20.327878591115375	1.094757620728653	0.7946110748036871	-0.27827923785148373	-0.1443041406590098	0.7361300183435792	0.14973478792796596	1.0
5000	-44.348761511413514	-41.05219736557728	-3.2965641458362382	-20.86323233331123	-20.188965032266047	0.7326969768718564	0.6885888324291348	0.14153913448057648	0.9061524094167435	1.4706728528163195	0.4703013527666881	1.0
6000	-43.49919312351557	-38.68536788239366	-4.813825241121901	-18.456840360960534	-20.228527521433133	1.119677394356342	0.6981357632757303	-1.5121850847906546	0.15271696368971108	1.2750656574987629	1.1536419359557366	1.0
7000	-44.359541096585396	-39.903743756726094	-4.455797339859299	-18.715917016193004	-21.18782674053309	0.7985635543589193	1.070971122936758	-1.2266068479129242	-0.19373526555320858	1.0081508919742141	0.8871088406458246	1.0
8000	-45.4914422081948	-39.69727404751559	-5.794168160679206	-18.24228848956169	-21.454985557953897	0.9111730721382341	0.539698244291855	-2.847547077406193	-0.2530659474214427	1.2270227528088953	2.376046996720556	1.0
9000	-44.20319306552745	-40.42922937679663	-3.7739636887308263	-19.75635193274875	-20.672877444047874	0.9178302831449783	0.8545673419441355	-0.38025317118321533	0.8036616943658319	1.5024387432558288	0.4742038897679582	1.0
10000	-44.73928891755243	-42.17015578811065	-2.5691331294417816	-21.664372850816243	-20.50578293729441	0.9128748399913785	0.900317651715884	0.3820676415286567	-0.20330648139748028	0.8679392509987202	0.05017921102764772	1.0
11000	-44.16953756736096	-39.95729445744648	-4.212243109914478	-18.657547704276023	-21.29974675317046	0.9195131951039422	0.5701026465080443	-1.0839371070442714	-0.3354797955017876	0.68682740866108	0.4907506271651943	1.0
12000	-43.05499502102311	-40.474090329789306	-2.580904691233807	-19.91470356919846	-20.55938676059085	0.8199393501740361	0.7343483984842046	-0.2815922588001958	-0.37947997193160354	2.194117983842694	0.17944005834760857	1.0
13000	-46.69912310513601	-43.322258643961234	-3.3768644611747796	-20.62667792098063	-22.6955807229806	0.7530307974229437	1.1735991706812983	0.04431555890595906	0.5594019216204726	0.6261303861717777	0.08411170034300813	1.0
14000	-43.322112984888825	-40.63482252366532	-2.687290461223502	-20.278270465427802	-20.35655205823752	1.1226429536014806	0.7791196340088968	-0.42256735747805496	-0.19268101978466926	0.9934913553089548	0.20743947866515594	1.0
15000	-43.59694263583394	-38.705201807152726	-4.891740828681213	-18.476875851850046	-20.22832595530268	0.987712112750048	0.6807422035381012	-1.2671880440687473	0.21349481984339047	1.2353885669170672	0.32524413762623744	1.0
16000	-47.99530004313803	-41.058242812895884	-6.93705723024215	-19.586501153864457	-21.471741659031423	1.16879635130881	0.3901918608569836	-0.8292918467554489	2.1055614401848066	1.979068048774534	0.6801903705757855	1.0
17000	-44.467316342557275	-39.1728728975405	-5.294443445016774	-18.827689754229525	-20.34518314331098	0.7420301048550074	0.793944295759517	-1.4016134354879424	0.7286620537172436	0.5045595730492585	0.8359005859628971	1.0
18000	-45.48579831165409	-43.61669981560969	-1.8690984960443948	-20.908366289548667	-22.708333526061026	1.0406400971563805	0.4545693195515327	-0.04593573510851756	-0.38526092360455266	0.9519417472753395	0.12076971821427104	1.0
19000	-45.437090593207465	-43.70168484612595	-1.7354057470815116	-23.169651431022814	-20.532033415103136	1.250402385839022	0.6675416196763414	0.2303332815519309	-0.15752387434246207	0.6278083930155675	0.03432382444064525	1.0
20000	-43.66921842374607	-40.45117100994548	-3.218047413800582	-20.28107675369275	-20.17009425625273	0.7314937407433055	0.7103404555876808	-0.1633330306929177	0.7879484238816746	1.1800418418331553	0.19986044008428755	1.0
21000	-44.7163664921128	-39.99442633440941	-4.72194015770339	-19.495315648827873	-20.499110685581538	0.8282270653216749	0.5373383679178277	-0.5199288792205654	1.4976091026280425	0.9715821663449813	0.6519390522522401	1.0
22000	-43.18625328491088	-39.94009822035363	-3.2461550645572474	-19.757126198626246	-20.182972021727384	0.7150172725148655	0.7078048157761228	-0.5477467161834444	0.22764684739014573	0.6939659086004881	0.5245936733310527	1.0
23000	-43.28217391021469	-40.88865624862229	-2.3935176615923996	-20.662692308438622	-20.225963940183668	0.8866439589097499	0.6442120851807039	0.04654184779257814	0.3989760768882852	0.8328285158033184	0.24210847829733084	1.0
24000	-43.09206806830894	-40.76568206327958	-2.326386005029361	-20.551441031214008	-20.21424103206557	1.0198198123676094	0.6408981986155953	-0.146143903928031	0.45020596549833847	0.9943236535218213	0.1338075639065366	1.0
25000	-44.86979689204036	-42.46475413532511	-2.4050427567152557	-21.538349643086864	-20.926404492238245	0.9025952401375285	1.017994902677636	0.3521112302816817	-0.16196012169688714	1.049439307455413	0.1634120141051534	1.0
26000	-44.06316429700341	-42.72138164776101	-1.341782649242407	-21.2387336108057	-21.48264803695531	0.7761452351606112	0.5234799649906391	0.32268650565642765	-0.15657251475071637	1.0863067856367399	0.060864282273889035	1.0
27000	-45.368545758816246	-42.736380666774416	-2.632165092041831	-22.220633176352614	-20.515747490421802	0.9985031426847499	0.6115891367869232	0.43428446678109967	0.1293456013066916	1.4246096953493341	0.3328244328951856	1.0
28000	-44.082611856937106	-38.445356641704855	-5.637255215232249	-18.139138021092595	-20.30621862061226	0.9779132216033511	0.8133704087315979	-1.67737022507933	-0.07438178910412174	0.4460498444755736	1.914646109873941	1.0
29000	-45.5674491649805	-42.42441770201471	-3.143031462965795	-21.994558884835065	-20.42985881717964	1.0196054363865772	0.8707035047984378	0.3360192041699349	-0.17463466204044512	0.32765188083029445	0.04830281543237116	1.0
30000	-41.70887122605924	-40.28578399952176	-1.4230872265374759	-20.105038321890554	-20.180745677631208	0.8214792559213014	0.7168609637880378	-0.18200454647318137	0.2128861980748854	0.883290728518959	0.08214342205045963	1.0
31000	-43.92572302812921	-41.57405020269806	-2.3516728254311507	-20.518686099856872	-21.05536410284119	0.6519523877344283	1.045974706666549	-0.22994743278421387	-0.2910412425160466	0.6033895055635345	0.12722470069617894	1.0
32000	-42.747160499591175	-41.32228765994296	-1.4248728396482193	-20.59356693911056	-20.728720720832396	0.6229242283725046	0.5651047060719597	-0.31530708393861295	0.19495071734411795	1.168786732991906	0.13606586847631524	1.0
33000	-43.182073089346304	-39.61292332601282	-3.569149763333482	-19.247690506042215	-20.3652328199706	0.9952384284939235	0.7891241276966876	-0.7184514861624233	-0.20821616020210443	0.6649851063416222	0.3006385260273093	1.0
34000	-46.7956588193228	-43.67884321522563	-3.1168156040971704	-23.143654765026774	-20.53518845019886	0.5287391286552804	0.7607145781324209	0.7776739135515057	-0.39963741105169615	1.4615193542329095	0.2451532318048453	1.0
35000	-45.04082070101033	-39.36031169741948	-5.680509003590853	-18.200860118911937	-21.159451578507547	1.1492932957698674	0.6984410904817365	-2.0649326824019245	-0.781560372397796	1.2061989909821238	3.930039883360703	1.0
36000	-41.56048685151456	-41.10729182655573	-0.453195024958829	-20.516363284080988	-20.590928542474742	0.9375227426310835	0.6595969276698483	-0.057427258265133244	-0.18767788863918045	1.1549592664138124	0.016947731737800127	1.0
37000	-45.69960922371605	-39.819960111046896	-5.879649112669155	-19.212377901109825	-20.607582209937075	0.7472743175284478	0.817535416328741	-0.8948232143276145	0.9197877553459999	0.4866684388518834	0.2576044812505121	1.0
38000	-43.08745392360355	-40.560205302705796	-2.527248620897752	-20.33895652409816	-20.221248778607634	0.627935071761284	0.7297983761533672	-0.4936632738689836	0.09313666587756564	0.9277119786657604	0.060552306112028026	1.0
39000	-44.46339133557838	-41.64293558350641	-2.8204557520719717	-21.513556415855984	-20.129379167650423	0.7213906163527727	0.6753122116415327	0.4225280790439947	0.5875064342858755	1.1781530371278888	0.23745509608619692	1.0
40000	-42.864215285012314	-41.16573924519307	-1.698476039819241	-20.820229985646904	-20.34550925954617	0.5983561659563029	0.6430284740364753	-0.2887834387083163	0.183873459370275	0.9790015807282532	0.17788874885019873	1.0
41000	-46.24018970400162	-40.2853267917544	-5.954862912247219	-19.26513522521963	-21.02019156653477	0.6568122848516696	0.7119332308216071	-2.360152730955601	-0.7187761986694512	0.5535472770462775	2.1740508884897407	1.0
42000	-41.30361612585429	-41.47281306755984	0.16919694170554989	-20.494771440656685	-20.978041626903156	0.8554894309650131	0.5706431488335926	-0.005116306257626324	-0.08373853342170312	0.8384115116363119	0.024792994951918414	1.0
43000	-46.135424119115186	-39.941765635961424	-6.193658483153763	-19.285021817833123	-20.6567438181283	1.4014439874292892	0.9356994041626229	-1.8603657790450083	-0.35901922000281	0.4550674972525172	3.1528082437069385	1.0
44000	-44.045741843612106	-38.70165460168912	-5.344087241922981	-18.262711628065375	-20.438942973623746	1.0452756383250972	0.5974058817472992	-1.5700555839940324	0.32371775326223495	0.6438935371810809	0.6358287447637084	1.0
45000	-43.49393027659322	-41.74278877366143	-1.7511415029317892	-19.59805332722885	-22.144735446432577	0.8629462133432043	0.45427181088538016	-0.4469491317014367	-0.027209523266832125	1.2863504114767774	0.12493974487725645	1.0
46000	-44.70454131077106	-43.17669929955562	-1.5278420112154396	-21.184869985649257	-21.99182931390637	0.613314331742078	1.1589441623973153	0.04729267236400059	0.17686177164429195	0.7339562941320605	0.08915536383040733	1.0
47000	-43.791913846566246	-41.4071368170368	-2.3847770295294453	-20.608146546325784	-20.798990270711013	0.6334138513591611	0.5520963813302809	-0.24920158722269353	0.2185943673705445	0.37340626168153573	0.07261598525320077	1.0
48000	-41.31139257692467	-40.453513337246655	-0.8578792396780154	-20.14010239872551	-20.313410938521145	0.8368275048425453	0.8407995683200558	-0.1634288001411471	0.03798393421639673	0.7960337475336162	0.04609573998122248	1.0
49000	-44.15660485735478	-42.04008135212233	-2.1165235052324496	-21.44086525631079	-20.599216095811535	1.0379290367475187	0.5815889855015616	0.13740783498668202	0.22341912395815022	1.2227372128246357	0.23565556213100786	1.0
50000	-44.469705880324604	-38.73131014910817	-5.738395731216437	-18.089198573585936	-20.64211157552223	0.9710935394792314	0.8044457609156936	-1.7719599767770906	-0.5522854627209703	1.1242865572937275	0.6838987142376698	1.0
51000	-43.63211452880722	-38.561871097806744	-5.070243431000476	-18.39803749496336	-20.16383360284338	0.7881095194233002	0.7624866456736232	-2.0202603616718706	0.30688144007758145	1.2431971590235185	1.9132598751446885	1.0
52000	-44.217137184010554	-39.087759273872564	-5.129377910137988	-18.942763576814567	-20.144995697058	1.1969782199125754	0.7404660468703401	-1.2947779170056575	0.5288773830359572	0.5299677668263296	0.8178534919435377	1.0
53000	-42.44666526873808	-40.76215802045498	-1.6845072482830974	-20.367601891996408	-20.394556128458575	0.7930172177942243	0.8739506253499247	-0.05965293641045313	-0.002845006954183882	0.3788933879523144	0.06367391915898157	1.0
54000	-45.759803558345766	-40.81433560365608	-4.945467954689684	-20.48739652562945	-20.326939078026633	1.3672884582960554	0.7164417551438097	-0.8981741981416503	1.0436497021368873	0.7250169193972226	0.8429301545404689	1.0
55000	-43.699406573390824	-38.90219407679173	-4.7972124965990925	-18.180839417612955	-20.72135465917878	0.8851297065048381	0.5500476872566886	-1.7374728535272268	0.32187179213365613	0.9165051807724857	1.2629296846997076	1.0
56000	-40.707582496413494	-41.386140226532135	0.678557730118639	-20.58187867753829	-20.804261548993843	0.7223298261559503	0.5782230150805865	-0.011670368102868756	0.026304470779063005	1.2171516005500929	0.024148709640331938	1.0
57000	-45.278726985464296	-41.821631586596425	-3.457095398867871	-20.621592214572114	-21.20003937202431	0.554549330954259	0.5113674930114475	-1.0051167393939704	0.16926045035606097	1.6520707818944311	1.764620386549662	1.0
58000	-42.462385024076724	-41.2162649545387	-1.2461200695380228	-20.409928981218012	-20.806335973320685	0.7534721971707153	0.9885821928857316	-0.06449703695361703	-0.03931642409684	1.0269370233447992	0.09463562528034647	1.0
59000	-43.513395422127076	-40.523362120975676	-2.9900333011513993	-20.199186166806285	-20.324175954169387	0.658731994729617	0.7631795463577236	-0.4345820465581874	-0.13284111448690486	1.764525607170857	0.6902764458566776	1.0
60000	-49.40666264763966	-42.67513076959288	-6.7315318780467805	-21.413698560529543	-21.261432209063337	1.5785203461576154	0.8707904850350838	-1.13629211619957	1.1515951394755075	0.2218526002933416	0.9206462279758807	1.0
61000	-42.353596486058564	-41.253594150943655	-1.1000023351149077	-21.012760876903165	-20.24083327404049	1.0124602514280348	0.7500146984239718	0.03318238921837921	0.02785131331634827	2.08804688711349	0.05162634072226083	1.0
62000	-44.9994643897117	-40.26189196194271	-4.737572427768987	-18.927152068173637	-21.33473989376907	1.0935813232791072	1.1009706801813675	-1.0620415933493195	-0.3083306051395001	0.5687712170024941	0.7299225254286095	1.0
63000	-42.475051956760375	-41.61072688621638	-0.8643250705439924	-21.401042026812863	-20.209684859403517	1.023693578908607	0.7733460050844874	0.14677072271060232	0.11263170651694067	1.7260873763225901	0.02658390182650072	1.0
64000	-43.84180102151899	-38.37251480405365	-5.469286217465335	-18.051021781415468	-20.321493022638187	0.9041689671774545	0.6275281152829865	-2.254368615540145	0.3101780627833969	1.6890301656222058	1.5887933418091391	1.0
65000	-41.76925361033023	-40.48628617073356	-1.2829674395966721	-20.042722635955407	-20.44356353477815	0.913978486661798	0.7008953648449613	-0.2400345404918933	-0.17110726015356603	1.1537935175779876	0.04767439754029875	1.0
66000	-45.89189362996258	-38.9294244778463	-6.962469152116288	-18.135688015007293	-20.793736462839007	1.0171088206425294	0.8688987835927859	-1.7141418243286126	0.8418626408854462	0.34060398315647794	0.6673034019498798	1.0
67000	-45.02463568332052	-41.8984481119459	-3.126187571374612	-21.50704468978997	-20.391403422155932	0.9972481616819084	0.7915827412546069	0.22047366112748423	-0.24799209305234615	1.0983983627123877	0.5554671088268324	1.0
68000	-43.26762809799924	-38.72689746219558	-4.540730635803662	-18.50727101235336	-20.219626449842217	0.9018507361400301	0.7975408520508653	-1.234377708662695	0.17298279237092395	1.4418675166894597	0.41881995290256285	1.0
69000	-43.093851798212675	-40.32261879798788	-2.771233000224799	-19.888635948290503	-20.433982849697376	0.9038364867067505	0.8657917114124296	-0.30649013016686383	0.4136798449383793	1.5363375007271596	0.08839171356824672	1.0
70000	-44.21796336720226	-42.16065504368699	-2.0573083235152687	-19.87454820878242	-22.286106834904565	0.7100059597959181	0.46476457472197436	-0.4762243151880165	-0.21964084138632325	1.0182815741190778	0.18748283124541976	1.0
71000	-44.156023999480105	-44.28425622924843	0.1282322297683225	-23.58860669486124	-20.695649534387183	0.42699810701579927	0.6018496855616841	0.20304820968074788	-0.011842952335209933	1.7192433563555312	0.044189767397808784	1.0
72000	-47.82602488019266	-40.749004157895484	-7.077020722297181	-19.733240339082364	-21.015763818813117	1.0015255448931026	1.0221818489154693	-0.47122037145479717	-0.5337348981989327	2.2411236322535375	9.895764691229234	1.0
73000	-44.6957120545428	-39.654717464226934	-5.04099459031587	-18.176941952514454	-21.47777551171248	0.864035711452057	0.581220071099857	-1.8679388719347003	-0.5233525770027887	1.2865314597644162	1.0409656447228577	1.0
74000	-42.891648966399124	-41.47504304257555	-1.4166059238235735	-20.311088164291977	-21.16395487828357	0.8444229084653553	1.0677229146892333	-0.08342075024231588	-0.24427245489766913	0.7951388405048544	0.031494567879990006	1.0
75000	-43.06435323974941	-41.8212334478139	-1.243119791935507	-20.78104190445305	-21.04019154336085	1.0860536703693608	1.0296831073859547	-0.16537268328711036	0.0485152847876556	0.719622902238082	0.04471341713600634	1.0
76000	-45.73009257889049	-43.82072959741842	-1.909362981472074	-19.998076931089223	-23.822652666329194	0.9433143561436712	0.33768659677333024	-0.2845934442977621	0.34650009475603194	1.3761493492887449	0.2217831498419471	1.0
77000	-43.107592329856516	-41.76510834708359	-1.3424839827729276	-20.318404591405766	-21.446703755677824	0.7933547986791418	1.077267450987172	-0.08371161353714024	0.22039572132362767	1.3023466715450935	0.054096537730284604	1.0
78000	-43.99917588923404	-38.333385041609446	-5.665790847624592	-18.006075608741014	-20.327309432868432	1.0474628240535513	0.816580119842384	-2.216833998011066	-0.11642167544183253	1.0454710033297052	1.7480457105262834	1.0
79000	-46.983044014640534	-43.04061959067622	-3.9424244239643143	-21.527533177907124	-21.5130864127691	0.7410738898950369	0.9992769036715866	0.4352720172512454	0.7283236996605454	1.3697673416685279	0.16931829132491621	1.0
80000	-45.904892338119076	-41.15286170967409	-4.7520306284449845	-19.755708712448552	-21.39715299722554	1.3439567592639716	0.5742657585291859	-1.2067086581252087	-0.429400553516587	1.3217893832152154	0.5086472907246505	1.0
81000	-42.31663023289485	-40.63006415863423	-1.686566074260626	-20.000892760321985	-20.62917139831224	0.7829134246278401	0.601930497325657	-0.2574353829729024	0.05705038978489477	0.6769502316243697	0.11359270166256286	1.0
82000	-45.29125597691042	-39.49669458355643	-5.794561393353989	-19.174533852978623	-20.322160730577814	0.9743333488015515	0.6249855176394385	-0.7405730971487586	1.270631589855257	2.7736680393867896	3.4964033963840513	1.0
83000	-43.631299004169065	-39.00230875342248	-4.628990250746585	-18.382770101058036	-20.619538652364447	0.9440663309431427	0.5478685771475528	-1.3480010678465923	0.47124485106552993	1.9027298117004037	0.5613242230728985	1.0
84000	-42.51711368674125	-41.37769536533221	-1.1394183214090385	-20.45835328806934	-20.91934207726287	0.7044550105625167	0.5698031409760039	-0.11142901069565725	-0.02624512588119282	1.2097557052961203	0.14910426362563192	1.0
85000	-43.70831850067783	-41.29397793927191	-2.4143405614059175	-20.16569715553045	-21.128280783741467	0.7934410648369119	0.5087402841259046	-0.16106964234753623	0.25855494781940846	0.9219432189435098	0.4062322881670962	1.0
86000	-43.03063162854809	-40.353409151683515	-2.677222476864582	-19.94058095700577	-20.412828194677743	0.7741061806088264	0.8763581378352983	-0.3009588957016095	0.2376552676328968	0.6709483959678665	0.2593175617981971	1.0
87000	-43.32055355289109	-41.12155038085882	-2.199003172032269	-20.494273190890105	-20.62727718996872	0.8120042026171529	0.6619929810701891	0.003796075265389276	-0.23323228867265824	2.3076405982443355	0.2257334394551641	1.0
88000	-41.89808451854441	-41.37196491966827	-0.526119598876138	-20.535157516201416	-20.836807403466857	0.7668626459075111	0.594235842401334	0.009228180758607728	-0.10272551350952391	1.6206691841357188	0.07240896351720659	1.0
89000	-43.932889883244265	-42.064620604702824	-1.8682692785414377	-21.043945147081754	-21.02067545762107	1.0631908620638304	1.0217238258878165	-0.03469934335832484	0.09966340212606337	1.2893933016363137	0.1108271613464634	1.0
90000	-42.52361447602628	-40.18135133562302	-2.342263140403258	-19.719100314093506	-20.46225102152951	0.8896637839888256	0.8958251076123452	-0.3854385034443212	0.1446043712001061	0.9376228886522902	0.16150714643728437	1.0
91000	-45.54445169176129	-41.21480153584942	-4.329650155911869	-20.783062351840478	-20.43173918400894	0.65915071018612	0.7064372161046506	-0.03472440378300456	-0.1727724509172892	0.5892063018215267	1.8605203368887355	1.0
92000	-43.97681233669321	-40.2990636124147	-3.6777487242785107	-19.075375726796864	-21.223687885617835	0.9523822393178899	0.6029934655357402	-0.7850727157857609	-0.4606142861965994	1.7265679594529986	0.25979152993721505	1.0
93000	-45.07721085986543	-38.909423472339796	-6.1677873875256335	-18.438064439483288	-20.47135903285651	1.066732318060551	0.8707616951157195	-1.4100916734278175	0.4498910363743465	0.5155100465536494	6.235413478756113	1.0
94000	-43.5066531025299	-40.02062333808285	-3.486029764447056	-19.699646671156916	-20.320976666925933	0.6678295920867838	0.8229580083637935	-0.8328529154581672	-0.08570711176659807	1.9313726267790274	0.21770162017655262	1.0
95000	-43.3823267030241	-40.47291883148728	-2.9094078715368243	-19.462825529611184	-21.010093301876097	0.7096652588444233	0.5557754872452277	-0.8216506642582421	-0.011808983088140823	1.5037996813660817	0.23718446727279874	1.0
96000	-42.561283299076486	-41.32301654535158	-1.2382667537249108	-21.062093067714688	-20.260923477636887	0.8295742748195583	0.7169000023974271	0.23920231055313873	0.04241680620165744	0.7247558782008011	0.054956933623184656	1.0
97000	-44.29601950373692	-41.0083214105878	-3.2876980931491255	-18.97431786480078	-22.034003545787016	0.821744871811805	0.4596457473101924	-0.9039488014275168	-0.0033994242832330324	1.942295777441237	0.2355406114349816	1.0
98000	-43.60258459928121	-38.75443363277398	-4.8481509665072275	-18.445342887552535	-20.309090745221443	0.821165035040825	0.7524560384955775	-1.5136888645154563	-0.09842038683177545	0.6863214532318643	0.8860451120545776	1.0
99000	-44.62161500566559	-41.688016614216	-2.9335983914495953	-20.718591641706617	-20.96942497250938	0.6392280502766123	0.9613798656902147	-0.14623146365874082	0.5011699465182632	2.277515742831805	0.09177708823999405	1.0
100000	-43.34086486758077	-40.925284030496655	-2.415580837084115	-20.785506329845287	-20.139777700651365	0.6564614368601843	0.7033573604449044	-0.04151617207745062	0.3845303524108288	0.6358560978025545	0.21392275817167236	1.0
101000	-42.12768212055086	-40.81274973866503	-1.3149323818858245	-20.058915747058776	-20.753833991606253	0.8814415476648136	0.9742880733249467	-0.21339106964920396	0.02203890131200606	1.132106695860931	0.06537163196659064	1.0
102000	-45.516918925596535	-41.729375789694586	-3.7875431359019456	-20.447702585748697	-21.281673203945886	0.8025695296878232	0.7604127254283124	-0.018720974070457086	-1.0010112860625113	1.0496020865481983	0.805638233367626	1.0
103000	-43.37158513267951	-39.11649837836089	-4.255086754318623	-18.877734553875882	-20.238763824485	0.7440440130880245	0.8085777792079447	-1.3051868224913994	0.3449546740668597	1.4476403841777812	0.8512186284514305	1.0
104000	-43.50589060626016	-40.5651482933245	-2.940742312935664	-19.68079449932963	-20.884353793994872	0.7366455066625347	1.0068223825366291	-0.539392510034274	-0.30570464908365047	1.1734652315545366	0.1542241752114285	1.0
105000	-42.62722984563098	-40.83604111421624	-1.7911887314147352	-20.5472325386952	-20.288808575521045	0.7214041193659447	0.8254349258609024	-0.031521899001333634	0.3827195816334791	0.9730694006299343	0.07680631836877783	1.0
106000	-42.47937995111899	-40.6381398717824	-1.8412400793365906	-20.145237316204188	-20.492902555578215	0.7435246805560254	0.903918675426763	-0.22268514665021483	-0.11561946907168222	1.3326598286387052	0.16363159806988833	1.0
107000	-44.5978441605344	-41.880267944966455	-2.7175762155679477	-21.01693599181583	-20.863331953150624	0.8812765718640942	0.6585897488787711	0.18833208287593162	-0.4300606985710603	0.537605990338282	0.132495037740263	1.0
108000	-43.094716394720685	-41.727728464743905	-1.36698792997678	-21.531795428056903	-20.195933036687002	1.0222913773432758	0.7303760850341845	0.190771395838016	0.15066663858694332	1.7778062069166505	0.04609690133147102	1.0
109000	-42.77278153706	-41.24219295772219	-1.5305885793378082	-20.7715794300059	-20.47061352771629	0.9788382066627712	0.8892592418472176	-0.007192852656121185	-0.17678188687446839	0.6867636511974072	0.07884479825958222	1.0
110000	-45.03119018676742	-42.16261481813859	-2.868575368628827	-20.471310740937955	-21.691304077200634	0.8543452184066099	0.43225936920524743	-0.014828191438603255	0.5731333158820348	0.6055315758444304	0.23273873779832321	1.0
111000	-45.96899013255243	-42.18180681603331	-3.7871833165191218	-20.25499297505899	-21.92681384097432	0.7297369476832355	1.1927853197164493	-0.18135299455110032	-0.8012315905640588	0.7496767059041751	0.28045791957664645	1.0
112000	-41.52058634082493	-41.01705637872348	-0.5035299621014475	-20.516754208233166	-20.500302170490315	0.6561977234800116	0.6437331834320188	-0.21448246885923972	-0.021746733921337386	1.2933463883830247	0.05279921138540569	1.0
113000	-43.34687116418703	-41.63413683364546	-1.7127343305415728	-21.328041001192453	-20.306095832453007	0.828776707599953	0.841236697318646	0.34068173285370906	0.09860720407578663	1.1757113099216188	0.06641762948839619	1.0
114000	-43.88789323070083	-40.153018141794114	-3.734875088906721	-19.65419335938282	-20.498824782411294	0.965168877462838	0.81052720081544	-0.46960590726885826	-0.3941145881876385	1.3664305125048195	0.0672535153845163	1.0
115000	-43.31604162248675	-40.628908393116454	-2.687133229370297	-19.86731338355306	-20.761595009563393	0.7501438894869662	0.5619988541692859	-0.38130676949811126	0.18262105633336734	0.4340717475181249	0.11303253573520161	1.0
116000	-43.11444680829075	-40.96571217892562	-2.1487346293651326	-20.70547049856196	-20.26024168036366	1.0837234205482256	0.8008000826348857	-0.18893454645540225	0.01745270357449996	0.8627958508500494	0.1809100807990013	1.0
117000	-42.73378983822641	-41.36629692884192	-1.3674929093844896	-20.86624674168556	-20.50005018715636	0.6048418607209151	0.5913317772018895	-0.21225895700534475	0.28049775791781	1.1581240546389955	0.034012647682653156	1.0
118000	-42.609372673416026	-40.7489455345078	-1.8604271389082303	-20.508366144847628	-20.240579389660166	0.7922050083930237	0.731051825893758	0.0074968972689931634	0.051712517440370975	0.9990667303573584	0.22150372700216256	1.0
119000	-43.275470723267695	-40.21351741587982	-3.061953307387877	-19.53617668499628	-20.67734073088354	0.9318117826058814	0.7138994811050924	-0.5032253969402753	-0.44580674213072247	1.2616629924958425	0.3662566372781349	1.0
120000	-47.03021717771677	-42.58729787178068	-4.442919305936096	-21.235821183081526	-21.35147668869915	0.5190097737521802	0.9899955870626985	-0.7713775370667995	0.665205769310111	0.8336846781347651	0.20014565401420664	1.0
121000	-43.72335805632618	-41.838575884820536	-1.8847821715056412	-21.44298420623855	-20.395591678581987	0.6633743551291172	0.8515077642067814	0.32886165375123966	-0.1735462497401828	1.4197080511916662	0.035962483092716296	1.0
122000	-44.79531356216392	-42.562133316973345	-2.2331802451905727	-21.571604856969177	-20.990528460004167	1.2330259450054892	1.0323741484287123	-0.17969093962276647	-0.24711009561926933	0.621466893594611	0.0757928637485075	1.0
123000	-46.956210946420974	-42.69561284354893	-4.260598102872048	-19.365780306889125	-23.329832536659808	0.9039175399427162	0.4746704030564233	-0.5853171170940674	-0.889906881346483	0.6841950478452253	0.28931665606577756	1.0
124000	-44.69826859470284	-40.44409975609508	-4.254168838607762	-19.237581151399255	-21.206518604695823	0.8436452400053952	1.0704759655787357	-0.6773846381317914	-0.5101686834651339	1.5519160145042488	0.17287286620302922	1.0
125000	-43.655902133651765	-42.300823397149614	-1.3550787365021526	-21.359101981201235	-20.941721415948383	0.5612817030769731	0.6177325360558542	-0.12900696230248648	-0.3176705795681348	0.9139074902076182	0.09369739355617801	1.0
126000	-45.619115614412465	-41.068413401589396	-4.550702212823067	-20.018990143892253	-21.049423257697143	0.9081564564815239	0.7206417171975343	-0.2470224480515259	-0.7615123766376715	0.4387154643613477	0.1370938325112036	1.0
127000	-41.92008373204404	-40.43258831446248	-1.4874954175815651	-20.16730892107773	-20.26527939338475	0.7101998746134364	0.82262157241807	-0.27550577852748426	0.1320190819264705	0.7615256233794825	0.04990906877560459	1.0
128000	-47.604886389932986	-44.025815975363074	-3.5790704145699106	-22.618971275624304	-21.406844699738773	0.4763674295538391	0.7371713848195759	0.061858622485145925	-1.0368712414592607	0.8959573669632996	0.7568604947337101	1.0
129000	-47.441880998372156	-41.09476175328744	-6.347119245084711	-20.00032123392603	-21.094440519361417	1.5387314795045994	1.0141233873138513	-1.9686773248349454	0.2820924101513816	0.44124406570790675	2.8985647665734926	1.0
130000	-50.6872221766599	-47.294050621689436	-3.393171554970467	-21.29220468117291	-26.001845940516525	1.047490381918558	1.512560782496573	0.07399737142235613	0.43519044146765806	1.3054581186125578	0.06772436980025957	1.0
131000	-43.042460829466975	-41.328802521146585	-1.7136583083203893	-20.180048196166524	-21.14875432498006	0.8674367275896946	1.0510423706044476	-0.1508512208465092	0.024297709376284504	0.3877325229005638	0.04995520045943986	1.0
132000	-41.59981959967747	-41.59326440438738	-0.006555195290087745	-20.84041442258222	-20.752849981805156	0.6729420130100122	0.6100814249699198	0.035814438957134064	-0.1135308769958992	1.6896139772683005	0.04465343237253141	1.0
133000	-42.143613573615916	-40.66151411816685	-1.4820994554490667	-20.386340399189205	-20.275173718977648	0.7546734536795268	0.792750314055829	-0.07561659605130011	-0.03799819641547869	0.9845714140227435	0.1443919008810104	1.0
134000	-44.85957538067857	-43.8131523708971	-1.04642300978147	-21.63042260219067	-22.18272976870643	0.9958145543330518	0.45924530085978826	0.2616786519689092	-0.10100931510351863	1.0756616686337162	0.04957581447539114	1.0
135000	-46.99406338796096	-43.763466353743496	-3.2305970342174657	-22.84790967299847	-20.915556680745027	1.2757899927794063	0.9993093483279116	0.0973174316588925	-0.4953805967248881	0.5558534056614886	0.15111907302893182	1.0
136000	-43.45947500107573	-40.81131146007425	-2.6481635410014785	-19.488826561031583	-21.322484899042664	0.8766699352810757	0.5184594523698897	-0.5092699022742372	0.0060913518283185475	0.6032307388320443	0.13318397165728474	1.0
137000	-43.49141616813173	-40.67087754797053	-2.820538620161204	-19.536784263503037	-21.13409328446749	0.9256061347190513	1.0589307990214194	-0.498990870276559	-0.1419148810852101	0.9476891914765361	0.137162610767413	1.0
138000	-44.84977024110118	-39.17761899602279	-5.672151245078396	-18.522932366916894	-20.654686629105893	0.8005731523881535	0.722234456696318	-1.49558824855717	1.3398367195307201	0.5590804160828041	1.2841679249965614	1.0
139000	-40.77340043852763	-40.603750903279874	-0.16964953524775628	-20.27034287690537	-20.333408026374507	0.7937105357542987	0.8420883142301506	-0.10752335649000977	-0.039711316359424514	1.3349445669324107	0.030519381876882738	1.0
140000	-46.952406403196605	-40.787365604605185	-6.165040798591418	-18.2845329769307	-22.502832627674486	0.8204013545530189	1.2692338398959608	-1.9411102796882536	-1.0537733477740983	1.5915700807838435	1.8669688124149106	1.0
141000	-42.19265969081386	-40.630830870847305	-1.5618288199665566	-20.278845015979932	-20.351985854867372	0.667414544028169	0.8550240119112038	-0.3364827148082718	-0.01283058076518434	0.9742715374723714	0.08152410032125602	1.0
142000	-42.4360863213728	-41.97891032189392	-0.4571759994788771	-21.662571001905647	-20.316339319988277	0.5793448003921434	0.7601759181165241	0.19032007450076271	-0.11778959905005239	1.5874457329564533	0.01639104574478552	1.0
143000	-44.45500877181159	-40.24804001848361	-4.2069687533279865	-19.755379820373083	-20.49266019811052	0.8510011905888253	0.7177352674723803	-0.36070755761571466	-0.27167803380295075	0.4154194555845801	0.8529421521946539	1.0
144000	-41.791473563944244	-40.467405819767265	-1.324067744176981	-20.09067352930366	-20.376732290463604	0.8999142786422104	0.8351408919955717	-0.20849974668770355	-0.18117880679179071	1.3816953263910867	0.03597676130727656	1.0
145000	-46.404622354486705	-38.43363325172765	-7.970989102759053	-18.213816160682192	-20.219817091045456	0.8675540052973235	0.7670899628772964	-2.6211342515278604	0.07490335490587727	0.42902798422100313	0.8921900918388888	1.0
146000	-43.807515875502794	-41.341556649711535	-2.465959225791256	-21.125367356918836	-20.2161892927927	0.7114293872083868	0.7832888521250834	0.24453976371080782	0.11345591976394676	3.139630055506223	0.1271580308190216	1.0
147000	-45.16005589506246	-39.87811643224777	-5.281939462814691	-19.63159108797055	-20.246525344277224	0.6653815281780641	0.7431467347337121	-0.9269772370820117	0.023026544570824148	0.3010426579464668	0.18747683636707158	1.0
148000	-43.91474347897789	-39.358490544641825	-4.556252934336063	-19.00014594500974	-20.358344599632083	0.9600544465361007	0.7891589118533685	-0.839073684964625	-0.1973701455310765	0.4250501351823437	0.8337814089253942	1.0
149000	-43.177362102295284	-40.39316635487515	-2.7841957474201378	-20.196022786548863	-20.197143568326286	1.0409346669750719	0.7038535590713398	-0.31910395035575767	0.20324933703769765	0.7404806895501189	0.30748450348121387	1.0
150000	-42.65069235810441	-41.338007657209715	-1.312684700894693	-20.964312264378776	-20.373695392830935	0.6977856143207419	0.7008395257248624	0.14950601399109847	-0.08431149516699105	1.1058916952431241	0.13848653209824494	1.0
151000	-43.629458066524386	-39.650251031262634	-3.979207035261749	-19.09084550141239	-20.559405529850245	1.022833785233051	0.6889462512358493	-0.844610672952301	-0.26105502081727106	0.6256859160706296	0.2733722219579592	1.0
152000	-43.71908171186624	-39.69873917042489	-4.020342541441345	-19.326497857851116	-20.372241312573777	0.7187027870736534	0.8219854837098323	-0.9113892972832833	0.6106487301621386	1.0173436540858756	1.1171687367652776	1.0
153000	-45.32086300794834	-38.673276765782624	-6.647586242165717	-18.04136816069731	-20.631908605085314	0.9475132640305526	0.8470180509693435	-1.9173785272700115	0.8015588133889329	0.28289575971664166	1.9251818956518834	1.0
154000	-47.58399154543074	-43.4442409846645	-4.1397505607662355	-21.762765607072964	-21.681475377591536	0.5218413249670345	1.0247289049556563	-0.15271334363687405	-1.2461395759699463	1.5062763927754428	1.0161698209539636	1.0
155000	-41.84244937529137	-41.66721163100696	-0.17523774428441352	-21.227708711189496	-20.43950291981746	0.5810307780061738	0.698081940357622	-0.09057208519588811	-0.15804213008344328	0.9990261115001774	0.03074252036078969	1.0
156000	-48.27161715576121	-41.92403975368795	-6.347577402073262	-18.556496354050847	-23.3675433996371	0.9609837382892636	1.1229024475466254	-1.1780812160368377	1.051737547329144	0.8142356205396066	9.713710429801905	1.0
157000	-42.80760867915738	-40.10709339143303	-2.700515287724354	-19.49427453695567	-20.612818854477364	0.9287549239950592	0.5624029970473875	-0.5238970261062907	0.3529194280738942	1.0773500116615886	0.16679667814487073	1.0
158000	-44.071556031408264	-38.52199006335106	-5.549565968057199	-18.212811773770294	-20.309178289580768	0.8959342753161673	0.8391831481524442	-1.636421550929361	0.044122630808552776	0.6310172114499807	3.849135791615769	1.0
159000	-41.882696724569456	-40.27872325286147	-1.603973471707987	-19.95600766104812	-20.32271559181335	0.8437632343651706	0.6709826412462185	-0.25543321235578276	0.08990559253239937	2.2495225750557983	0.01872659099628465	1.0
160000	-42.99576950737524	-41.248286920005754	-1.747482587369492	-20.719552170027605	-20.528734749978153	0.5975993051773685	0.6421768056698833	-0.3774211866321237	-0.04662384807901929	1.2526835742765539	0.032270971751390536	1.0
161000	-42.35226273216728	-40.98114446019103	-1.3711182719762491	-20.05309505406614	-20.92804940612489	0.7679734633978091	0.5417670851563422	-0.24310237704674667	0.16860953114628602	0.6849650208637412	0.03858240008151722	1.0
162000	-44.77035142784446	-40.09922681224326	-4.671124615601198	-19.264835099459283	-20.834391712783972	0.7070864853444615	0.9890103836639998	-1.0491384411270903	-0.38078716716653893	1.2131927304259342	0.24090806304079465	1.0
163000	-42.206342003039985	-40.95542822450382	-1.2509137785361681	-20.332018183733027	-20.623410040770793	0.9879625466533243	0.6133779449331928	-0.1897777277320849	-0.0025679662247759527	0.86109430551364	0.08373830117311544	1.0
164000	-46.14264954930749	-40.64317611939131	-5.499473429916177	-19.772228347573208	-20.870947771818102	0.6025919193020871	0.8755143890189335	-2.187726651080419	-0.7704150741136697	0.8813728478524284	1.719702203776981	1.0
165000	-44.236367839473886	-39.06509466045574	-5.171273179018144	-18.31750316373779	-20.747591496717956	1.0629801367163874	0.5552413268283954	-1.5352757614916246	0.2496758789731423	0.6254653811070614	2.4155987808498067	1.0
166000	-45.846827939550124	-43.47847302714099	-2.368354912409128	-21.351809990480454	-22.12666303666054	1.2229235620511283	1.2193555373799372	-0.22957531225002803	-0.18632381000052467	0.4685530266109775	0.04312596278669749	1.0
167000	-44.35409853583653	-41.279856041589554	-3.0742424942469775	-19.33156877838604	-21.948287263203518	1.027573028713387	0.4745992711472669	-0.7110135641112267	-0.08449994095486262	1.1321425128148845	0.1563387943126639	1.0
168000	-46.06020907523479	-41.04305847401801	-5.0171506012167795	-18.406074873905002	-22.636983600113012	0.9304056274518556	0.3121081039017642	-1.3255480101762647	1.9222398653090618	1.2593737585648066	4.098021012655969	1.0
169000	-46.60236275161139	-39.35492590793676	-7.247436843674629	-18.420598156640885	-20.93432775129588	0.9412462396807825	0.45434905719609936	-3.124598943739103	1.8294215032004848	0.5777190942299114	2.55113658498927	1.0
170000	-41.39303942020389	-40.73237467714365	-0.6606647430602358	-20.468661505025327	-20.263713172118322	0.8355098977871627	0.82341920578544	-0.010109941036055198	0.16874494849689	1.122290008179436	0.043386902349314305	1.0
171000	-44.23005276412968	-42.194419764640585	-2.035632999489092	-21.308513881946073	-20.885905882694516	0.6370961881132272	0.964763341044816	0.20113817398025868	0.3832541124549188	1.1317954656413065	0.09624708105332948	1.0
172000	-45.86942823037435	-45.99518902224165	0.12576079186729605	-25.710980840176163	-20.284208182065488	0.33058269342288565	0.7701577030416127	-0.007880339321020724	-0.0676602132010132	2.219076586507082	0.0577124642799312	1.0
173000	-43.33953043452615	-41.42298237517781	-1.9165480593483375	-21.10013905998112	-20.32284331519669	0.7351634677746316	0.828007699230797	0.25255002942714827	-0.0740983452675763	0.4129690460391751	0.044153784122620034	1.0
174000	-42.12043669853098	-40.22875692792737	-1.8916797706036128	-19.980911159866473	-20.2478457680609	0.9835574123031473	0.6938131724928434	-0.33463363635774707	0.12961730627720622	1.153973381382784	0.11695368574942788	1.0
175000	-47.90698132656094	-43.1856608197026	-4.721320506858339	-19.61200623762452	-23.573654582078078	1.2350913897142541	1.3684578947215897	-0.9725644462347062	0.02345573609699453	0.7585135296503377	0.7752346349428171	1.0
176000	-41.486793180238	-41.21468933527551	-0.2721038449624915	-20.879457852812507	-20.335231482463	0.7053949099422927	0.7389639551272537	0.1179716518807312	-0.11942058184301994	0.9803892974470163	0.030878227138410836	1.0
177000	-43.24236966457696	-39.48010050921184	-3.7622691553651273	-19.103957599787428	-20.376142909424406	0.8585558976302385	0.8372533673138628	-0.7605501172766167	-0.17454013439587673	1.3738511311273316	0.8958165248298271	1.0
178000	-44.509954719691926	-42.26078291200011	-2.249171807691818	-21.605085578316512	-20.655697333683598	0.9056727226686705	0.9525455560729122	0.37086386853289655	-0.1608498094845463	1.2667040111561085	0.1077343105317629	1.0
179000	-45.51273975664036	-39.828303226045385	-5.684436530594974	-19.170277581289184	-20.6580256447562	0.86143572469928	0.9397621614441912	-0.7124884482609017	-0.33433234662958766	1.243371172696721	0.06480608362660648	1.0
180000	-43.33179716798924	-39.12727063779714	-4.204526530192095	-18.68224713197623	-20.44502350582091	0.9972761123570844	0.6576197328856578	-1.0980940711264795	-0.01853367471472747	1.4917769104079812	1.2312772867440438	1.0
181000	-43.16006414718292	-38.71460316341344	-4.445460983769477	-18.56790719836726	-20.14669596504618	0.9510565277261354	0.7457464377741345	-1.1644950101819573	0.48830563294794893	1.2363215732523134	1.4907389233876582	1.0
182000	-41.279049758874905	-40.43645263737394	-0.8425971215009631	-19.969770287962014	-20.466682349411926	0.8150635529127854	0.6368180093715272	-0.2539651196004884	0.05145979411241908	1.1796091331237535	0.040480821490418706	1.0
183000	-44.404754306925696	-41.643111871238006	-2.7616424356876923	-20.25191265484329	-21.391199216394714	0.7762521939521582	1.111878293133418	-0.12720490309151122	-0.38737123068350854	1.1081445272064407	0.285176741417142	1.0
184000	-45.39093353594805	-38.76180721347603	-6.629126322472022	-18.129593100474324	-20.63221411300171	0.922589791166576	0.8709994666971912	-1.7389048400348495	-0.5198502955330476	0.8931603211988035	0.4335272552370341	1.0
185000	-45.86322899413915	-44.66428196600812	-1.1989470281310337	-23.871333306477112	-20.79294865953101	0.41665238088355644	0.9877105222796616	0.28343928647317274	-0.12719020024098865	1.382198437752992	0.07793284276264947	1.0
186000	-41.795378549852295	-40.856907737962175	-0.9384708118901215	-20.5825988368981	-20.274308901064074	0.7796879142812204	0.7913022919870721	0.03832825676432522	-0.0378364568894671	1.5132300900269111	0.08498776032534176	1.0
187000	-45.475945402969934	-41.218342315084044	-4.25760308788589	-21.022151078861146	-20.1961912362229	1.2203539118072448	0.7405324670797762	-0.336020373159603	0.7236716786678661	0.42112255657182185	0.3652240710298804	1.0
188000	-44.777662114599934	-39.78948068091569	-4.9881814336842485	-19.437698412197527	-20.35178226871816	1.273592523861303	0.8604343571924439	-1.1803196618572467	0.09964406046602475	1.0544201783658285	1.885080798675516	1.0
189000	-44.50815416993636	-40.95674684618022	-3.5514073237561377	-19.93015657028281	-21.026590275897412	1.0749043062429315	1.038437153855313	-0.48713203816957634	-0.3508560028785489	1.5820790057918066	0.17154411542181286	1.0
190000	-46.67691622258621	-43.385757635210126	-3.291158587376083	-21.665693761044764	-21.720063874165362	0.5290444058793431	1.0246182564820923	-0.16218406717224546	0.7338776430937091	1.9210633401964041	0.37803001700446903	1.0
191000	-46.04821870974051	-39.77153895512939	-6.276679754611125	-19.365500531110538	-20.406038424018845	1.4239651011513004	0.8663562219355159	-1.9178834748690843	-0.13052766313789826	1.591371619183674	1.1973278454817915	1.0
192000	-45.40779131186938	-44.579424913777146	-0.8283663980922364	-22.780631617355855	-21.798793296421287	0.4833895470935626	0.47135577479906293	0.2675908312343238	0.05266495997544915	1.3869549126867189	0.1440398704906444	1.0
193000	-43.73448672188016	-42.046385766429154	-1.688100955451008	-21.579449823643635	-20.46693594278552	1.2158035001891805	0.6919947095909643	-0.14199670544462822	-0.17115525083685684	0.43213360135978923	0.034228459540004724	1.0
194000	-45.158523023142784	-42.57209242676268	-2.586430596380106	-21.85310172957645	-20.718990697186225	0.538927397306933	0.6951703360419201	0.07189662085344639	-0.43145236100474266	0.8755426006431873	0.4432677967308333	1.0
195000	-46.07089144842658	-40.21331450765365	-5.857576940772926	-18.727981397326747	-21.4853331103269	0.9315185171459447	0.47772297721837725	-1.0248550736749196	0.23751128164455973	1.6310774906095222	0.11349861295880358	1.0
196000	-44.115624264847625	-41.46438953396434	-2.651234730883286	-21.030786617975835	-20.4336029159885	0.7407704943678974	0.8555020924343166	0.22496873934451223	0.49369241576841416	0.8778572695545024	0.2177831114639239	1.0
197000	-50.17469296974506	-43.26733502846008	-6.907357941284981	-22.990296727474032	-20.27703830098605	0.5761265550071668	0.7825421641497899	0.8549574089610809	0.6738459081175217	0.5015623641350153	0.1144893685733578	1.0
198000	-43.02736654728365	-40.97280126754344	-2.054565279740209	-20.34113273445842	-20.63166853308502	0.8267462920918125	0.5863604104903654	-0.06711712625234395	0.15277276809442086	0.9474734267190518	0.27798507699526626	1.0
199000	-44.315936605380344	-39.58807541313942	-4.727861192240922	-19.41336494171423	-20.174710471425186	0.9142078549155626	0.7278182967977156	-0.5614080408413906	0.7276341658023997	0.48010614639458987	0.17963414284951046	1.0
200000	-44.34352990691101	-42.17974474959477	-2.1637851573162408	-21.11153514850016	-21.06820960109461	1.2514670732798974	0.5707529895530526	-0.37105683703551956	-0.16047532471236603	0.975368682122721	0.07553633680143688	1.0
201000	-44.41932650795291	-41.594561367860166	-2.8247651400927416	-20.418736801094532	-21.17582456676563	0.8437314198867689	0.9839124643054039	-0.034431147792914396	0.5608543824456391	0.9985160437871634	0.14313846857036913	1.0
202000	-44.16636933004398	-41.06679079258824	-3.0995785374557374	-19.84080839969749	-21.225982392890753	1.0845184411140012	1.0720283279302818	-0.5437046155494687	-0.07645611001781015	0.8757937848949877	0.15182816442531877	1.0
203000	-41.92459019656886	-40.251328184800116	-1.6732620117687451	-19.881664542602113	-20.369663642198006	0.9182012316393975	0.6341814281068724	-0.3189025682846182	0.1948683734147597	1.3672246328560707	0.07081660915208664	1.0
204000	-45.12419032664672	-41.84393011343053	-3.2802602132161875	-19.88734562746033	-21.9565844859702	0.8235992259141848	1.2024843967265566	-0.29503904267495673	-0.29278649509708043	1.848944405691882	0.04053711861710988	1.0
205000	-46.25111666403506	-40.95699919406671	-5.294117469968347	-19.88800069733709	-21.06899849672962	1.2142828984556204	0.9768683532791109	-0.7821882348596921	-0.8120073625901618	1.6680498920657572	0.32744981542439205	1.0
206000	-45.551912388603725	-39.62731816326219	-5.924594225341533	-18.58322605801133	-21.044092105250854	0.8671648164008925	1.0431509198872355	-1.1960197088232474	-0.31935604492660596	1.1854617906112959	0.2042964017684504	1.0
207000	-43.49017217315297	-39.96393016907943	-3.5262420040735356	-19.473922490239527	-20.490007678839902	0.9966845068286256	0.9024764952485079	-0.5956526917156153	-0.1213699573796696	0.5103090820375034	0.26892130543319687	1.0
208000	-43.89026316673842	-43.03730466606288	-0.8529585006755444	-20.168987607696437	-22.868317058366443	0.7138444826217475	0.4085794856402799	-0.2656407963788038	-0.012909460089200742	1.1675500184782137	0.09439795419751322	1.0
209000	-43.36823351925788	-41.23895051339973	-2.1292830058581513	-20.553623180037498	-20.68532733336223	0.662607419202764	0.5954414654897631	-0.1667463033502693	0.036821961394199854	0.9337322719824452	0.34555652756650773	1.0
210000	-43.059888063674975	-40.254226554399494	-2.8056615092754846	-19.939690713933764	-20.31453584046573	0.9211194038808862	0.6755027751554145	-0.2932975869106176	0.08439536405953152	1.1626816169585807	0.5071471836939685	1.0
211000	-42.948894255107554	-40.13331593358338	-2.8155783215241703	-19.928904119792705	-20.204411813790678	1.1040951474414777	0.7646459110229014	-0.5379326589399617	0.1173976409714361	1.0776786020780682	0.15350956109949787	1.0
212000	-43.71884261974168	-41.2228443509005	-2.495998268841177	-20.08884383801831	-21.13400051288219	1.0020968009103295	1.0449848174792065	-0.3100327608195949	0.06449059500441973	0.41014204487602257	0.03978148080129454	1.0
213000	-44.52786284683998	-39.91362207972007	-4.614240767119911	-19.419631082050127	-20.493990997669943	1.153463648804832	0.6882768400087236	-0.8848709615965322	-0.1895555537196535	1.1363065829898444	0.1414353679062048	1.0
214000	-46.734109270792636	-41.85896600198508	-4.875143268807555	-21.04092779884189	-20.81803820314319	1.49198930695326	0.9913406472029161	-1.0205778096801867	-0.27987078046798297	0.6512280124880007	0.3431253355759211	1.0
215000	-46.546238279019974	-40.03450388699521	-6.511734392024764	-19.576306538803955	-20.45819734819126	1.2986358756895633	0.6836392776325088	-1.170997321093914	-0.1337266311562424	0.34570181012048173	0.19992983428798464	1.0
216000	-44.23682451140991	-38.88597259884773	-5.350851912562176	-18.63643116016547	-20.249541438682265	1.240254203463537	0.642495106556753	-1.751404216032393	0.35631458187506004	1.0970755814495146	0.9461297892579398	1.0
217000	-42.79250746399637	-40.44767940081566	-2.344828063180712	-20.157446498946005	-20.29023290186965	0.9401838777007033	0.8024043850159118	-0.21039844068197056	-0.05853889775031251	0.8117690726914006	0.24081297110808336	1.0
218000	-45.963329623240135	-40.805174504460496	-5.158155118779639	-19.72235405383441	-21.08282045062608	1.2448420153156303	0.6311666065169433	-0.9388311663725037	-0.4893077470136135	0.8486522362785531	0.17988253014214853	1.0
219000	-44.72077343784445	-39.091425416689574	-5.629348021154876	-18.76745904838755	-20.323966368302028	1.0061534319346266	0.817790897930991	-1.0420520616899842	-0.10628137420655209	2.4865035289801405	0.20664283584464332	1.0
220000	-44.32310559615483	-41.74388116654785	-2.5792244296069775	-21.029544274719232	-20.714336891828623	0.8397280406951525	0.7045364056223298	0.22149795469733902	-0.4541768660318706	0.7508058507045388	0.09041498214031662	1.0
221000	-46.978009671712584	-41.578441883271054	-5.399567788441528	-19.964728415360184	-21.61371346791087	1.4211544833227592	0.4259754831019431	-1.3508753063434387	0.7330853565924401	1.0841071350755265	0.4819892069736267	1.0
222000	-45.11576532808635	-40.79856671010283	-4.317198617983515	-19.311333917146232	-21.4872327929566	0.8040479389399247	1.1292428569101778	-0.668782185360697	-0.44131743703677473	0.5669691248689422	0.14930443971581983	1.0
223000	-45.292061480944724	-41.944455160222475	-3.3476063207222517	-21.169297950460656	-20.775157209761822	0.8221727408211071	0.9396643087570878	0.28410804702033055	-0.5542954473059851	0.6206109207670704	0.31629704878788967	1.0
224000	-43.14084778513275	-39.35564643618646	-3.7852013489462895	-19.068734330728944	-20.286912105457514	0.7852966705936911	0.8337257328350427	-0.9024262981195154	0.13686930968995825	0.7197019312067936	0.4142414489469844	1.0
225000	-49.4139046144317	-42.08844078850978	-7.32546382592192	-21.086914863714718	-21.00152592479506	1.7195831911509671	0.6605029308798407	-2.462807899604476	1.7701756281477594	1.2557715150720814	2.0620362099536327	1.0
226000	-44.28814197804263	-41.469889394584925	-2.818252583457708	-20.913630975818307	-20.55625841876662	0.879076273176665	0.8510269852560829	0.15092518199708427	-0.44624396788124643	1.078916741410864	0.04834659233611993	1.0
227000	-44.71662602745338	-42.05248246304562	-2.664143564407758	-21.775035255655162	-20.277447207390463	0.5197814593677175	0.8301435726644086	-0.16410933526611882	0.17495764311298845	0.7660698498056127	0.4469989271796573	1.0
228000	-43.19604092346408	-41.044572189750255	-2.151468733713825	-20.405526274551896	-20.63904591519836	0.6249316031570665	0.9485146632443532	-0.45589933247037656	-0.012299797898850356	1.0149184596545417	0.11991364854765005	1.0
229000	-50.1232147269694	-39.437161278501264	-10.686053448468137	-17.98712425022146	-21.45003702827981	0.9627844304452612	0.4372936392166656	-2.237612090884401	0.7456054753643107	0.8721230652779379	0.32851407756921025	1.0
230000	-41.98259069356535	-40.93283759492306	-1.0497530986422932	-20.66370606374359	-20.269131531179468	0.6262629066501133	0.8211402632322301	-0.24442176168460256	0.08695184245374107	0.8190757286492486	0.041137639681803916	1.0
231000	-43.40955878245553	-40.63714977472493	-2.7724090077305936	-20.009438898843623	-20.62771087588131	1.0331675511647551	0.9462770856497794	-0.3873122002935811	-0.06928976692219488	1.7168135185118012	0.04511950785077425	1.0
232000	-44.80043751146033	-40.934717995251106	-3.8657195162092215	-20.17126826754543	-20.763449727705677	1.1571722978161847	0.5640733148885749	-0.5331496581033659	0.16532499589205485	0.752403670220558	0.04899226176905996	1.0
233000	-44.54321462677418	-41.059412381749794	-3.483802245024388	-20.883982751516594	-20.1754296302332	0.5462426150511592	0.7490993712776782	-0.7667326687239613	0.20171478429798922	1.0082819422038047	1.0623938786130813	1.0
234000	-42.85536785738917	-40.546164992187826	-2.309202865201345	-20.410639944583135	-20.13552504760469	0.8483726719253623	0.6959805647670199	-0.03941431352898622	0.42825457102044845	2.2477939313757527	0.09582279435342346	1.0
235000	-42.3634871884194	-42.06188134375407	-0.30160584466533447	-21.823246697401697	-20.23863464635237	0.5363173775938818	0.7887205941785834	0.0296556579811047	0.0520281745529142	2.265622602680843	0.05305606447298718	1.0
236000	-51.59277534879302	-45.27903959592564	-6.3137357528673785	-20.72707215278664	-24.551967443139	0.6002970136300478	0.7347883693048884	-0.35156997271654444	-2.4580941891372685	0.7155621933617222	1.1295502472879264	1.0
237000	-45.47079507233052	-41.01310575465716	-4.4576893176733545	-20.511544156955395	-20.501561597701766	0.728493283910434	0.5487040890920768	-0.04041164113482096	0.653497016162149	1.4099623264863403	0.04695782402377914	1.0
238000	-44.08760834660413	-40.76601673913413	-3.321591607469995	-20.162029322424758	-20.60398741670937	0.6797626980835844	0.7093961760245793	-0.37268942537443883	-0.36513218462931873	0.6185288840206188	0.5603128264371987	1.0
239000	-43.41208110742332	-41.15460740227786	-2.2574737051454554	-20.658198164395397	-20.496409237882467	0.7947800675556703	0.9063499585009251	0.07683510283927561	-0.09561199781549024	1.2225421203984312	0.2765273195888389	1.0
240000	-43.87794604745394	-42.46924092682009	-1.4087051206338503	-20.49091280044868	-21.978328126371416	0.6559896634231545	1.1701370324845046	-0.23290741766776346	0.08203592172231045	1.642521790186453	0.04320256726504799	1.0
241000	-44.45415289475614	-40.23799121493941	-4.216161679816727	-19.805177723027615	-20.432813491911798	0.9088196916407099	0.7301434258791444	-0.3504259780689263	1.115439930830069	0.827881394961038	0.5528726941956855	1.0
242000	-43.49541333701223	-40.83501467477413	-2.6603986622380984	-19.970590575962365	-20.864424098811767	0.671472974466614	0.5733300904107212	-0.5571741477086936	0.0010421743105138437	1.4753667417845893	0.61297293721832	1.0
243000	-42.71992110530839	-39.9833679046925	-2.7365532006158872	-19.82243079378404	-20.160937110908456	0.7452350074765001	0.7624911948708964	-0.420213807374935	0.36525192098947923	1.078229554506182	0.3693575184424638	1.0
244000	-43.360041791162885	-41.75998193371022	-1.6000598574526637	-20.02673487471319	-21.73324705899703	0.7415148519380442	0.45928666512072	-0.29699472000934657	0.22351530356514834	1.4101723634756687	0.2062470438651372	1.0
245000	-45.206034180646974	-39.521267519942064	-5.684766660704908	-18.991881073479483	-20.52938644646258	0.9504871415793623	0.9176634315180805	-0.8385542683233524	-0.08404209970697757	0.21046015622221828	0.9717734147538134	1.0
246000	-43.261765607100315	-41.25385799842114	-2.007907608679176	-20.893647928561332	-20.36021006985981	1.1411369352491485	0.8442813862406716	-0.2238671008541509	-0.1121528693102613	1.8222767066512	0.065417295254822	1.0
247000	-42.1477088021395	-40.82967991352962	-1.3180288886098812	-20.44125876682515	-20.388421146704463	0.7819628653975085	0.8360784194532893	-0.02834222684875365	-0.2028536432020492	1.4901439827472849	0.09498251493025416	1.0
248000	-43.785620779524706	-40.23981695951295	-3.545803820011753	-19.649782740115867	-20.59003421939708	0.9681899673819168	0.8838127168112333	-0.47479025987975154	-0.4395864003087504	0.5333177662486966	0.16751358220980075	1.0
249000	-45.067517365076924	-41.663992696519244	-3.4035246685576768	-21.23906423320718	-20.42492846331206	0.9739227280129702	0.8334304124067812	0.1649102097233583	0.6254460752872426	1.3675376899720149	0.49554960944588966	1.0
250000	-45.18676737238909	-41.103650699711096	-4.083116672677994	-20.2553892116194	-20.848261488091694	0.88919758664901	0.4634318718556016	-0.1274065201620258	1.2921500104888128	1.3343765570283153	0.48315047358660085	1.0
251000	-42.54064729248493	-41.45175102097308	-1.0888962715118515	-21.083100127193937	-20.36865089377914	0.846751972340562	0.6533650423784052	0.2381390641483889	0.09966826789598007	0.8120924031153388	0.02771829466085969	1.0
252000	-43.682438513470906	-40.295894219917045	-3.386544293553859	-19.932984307514538	-20.362909912402507	1.065459292392818	0.631478224972208	-0.4704797402892149	0.22001002526358174	2.6078274062138704	0.10173809233807232	1.0
253000	-45.46840259727874	-42.14158676548712	-3.3268158317916168	-19.64195526961505	-22.49963149587207	0.9617166086908919	0.3642439967174924	-0.472447066666391	0.8656365754081208	1.3126279140378205	0.4143788006629152	1.0
254000	-43.83508989651484	-39.71802687559858	-4.1170630209162535	-19.223821490601313	-20.494205384997265	1.0073748460192666	0.6611677024779388	-0.7461290893906962	-0.0908422416721596	0.5568269761367309	0.8618608381813795	1.0
255000	-48.06189344415736	-41.47611005115128	-6.585783393006082	-18.928178292970436	-22.547931758180848	0.882805251993067	1.00829324400257	-0.8766189308968755	-1.7775857225400606	0.49648744531017047	0.7162160976087388	1.0
256000	-44.26619351491692	-39.108543076430955	-5.157650438485966	-18.955086619146982	-20.153456457283973	0.7976973676253514	0.7424634760480462	-0.9739236028160401	0.5669658701168601	1.3561205962651817	5.626762580208303	1.0
257000	-43.786170111354494	-41.8946872676536	-1.8914828437008926	-21.472230341591683	-20.42245692606192	0.9051676103323263	0.6905545918892962	0.32713796897095915	-0.1142735939725647	2.085150207410495	0.06872459429755197	1.0
258000	-42.92099807861581	-40.303995574355156	-2.617002504260657	-19.987349116161614	-20.316646458193546	0.7108515582245929	0.6402387933088565	-0.3933070416520239	0.24441636056362276	0.5778146531658757	0.06652818864135177	1.0
259000	-42.91217701763944	-41.08343070383049	-1.8287463138089564	-19.682729894413974	-21.400700809416513	0.8216385746532398	0.5064041134223842	-0.4108707527540131	0.04288900422232811	2.419523248967048	0.09543839106758874	1.0
260000	-43.9998987769304	-42.15826931956265	-1.8416294573677505	-20.830364161406358	-21.32790515815629	0.5875942618299111	1.0840546424847184	-0.3585145053288222	-0.007378689444054868	0.864203519400525	0.07512213860735041	1.0
261000	-41.489380404686145	-40.542905366985906	-0.9464750377002358	-20.340305046888272	-20.202600320097638	0.7062616096282658	0.7717587760830096	-0.17740028415977477	0.13401947554295363	2.058424967378696	0.051137318534226275	1.0
262000	-43.23608818747683	-39.6975016880632	-3.538586499413631	-19.35067555466576	-20.346826133397443	1.0892409018527023	0.7259153837410759	-0.7969536277761418	-0.11120467800884463	1.2726834544863628	0.3125555104343906	1.0
263000	-41.51314411938691	-40.383997171311805	-1.129146948075105	-20.068878423433482	-20.315118747878323	0.7648266166755797	0.6523418559474472	-0.2377486611869546	0.1843845724870916	1.3251151913118207	0.06779657269779263	1.0
264000	-42.05674914421481	-40.30063448470206	-1.756114659512754	-19.97425871185426	-20.326375772847797	0.7051212313967419	0.7059043461611486	-0.4197569579244528	-0.03343586421168879	1.7094989575949617	0.09364755784080173	1.0
265000	-41.2324437216223	-40.40465371659057	-0.8277900050317326	-20.11459658585025	-20.290057130740323	0.9219404370280907	0.8126449213655546	-0.2134046713849006	-0.03423086555956467	1.0307637607089108	0.028638546926636272	1.0
266000	-41.67642599936334	-40.2018340415633	-1.4745919578000386	-19.88515091648113	-20.31668312508217	0.7909381825944928	0.7344628683294355	-0.3159686110011417	-0.08402090001076701	1.4207842704494453	0.0868581074622328	1.0
267000	-42.18657381361429	-40.352340750737056	-1.834233062877228	-20.10089582820632	-20.251444922530737	0.6829484954493322	0.7430995607966177	-0.40511919359454307	0.013506193649295312	0.9623850398399046	0.11325866030052265	1.0
268000	-41.78482011588625	-41.18815026239531	-0.5966698534909352	-20.747012599401046	-20.44113766299426	0.939765426327622	0.6426017186809679	0.030271105484678734	0.05463808965102851	1.7547232107162316	0.05341168584189496	1.0
269000	-44.55677628038411	-40.54226640685349	-4.014509873530622	-20.32837575694586	-20.213890649907633	0.5748721728185957	0.6642718357400482	-1.097878079406045	0.3163502851788133	0.6869688511851172	0.6839152279987891	1.0
270000	-43.468148188374705	-40.59831453639539	-2.8698336519793126	-20.298258136557756	-20.300056399837636	0.6181017589311644	0.7777074266560474	-0.6026360699503309	-0.09796768053924454	2.5108819417741683	0.2588250371530302	1.0
271000	-43.79442748707786	-40.46087181779089	-3.3335556692869712	-20.07153641062547	-20.38933540716542	0.633710733394733	0.7784833163046055	-0.703337323508022	-0.24056679967547423	0.6586432126300799	0.2313205124639844	1.0
272000	-45.572600673909406	-41.137959003621106	-4.434641670288302	-19.1321290216457	-22.00582998197541	0.7408000577655137	0.5206923930546555	-1.0047623297124493	-0.48907531170200924	1.3491241559627125	0.20177734314893286	1.0
273000	-45.32201392510825	-39.30204740943003	-6.019966515678224	-18.69629224637409	-20.605755163055946	0.9153989969619889	0.9037071377291915	-1.0514827177658588	0.4325818085292107	2.9696310731458553	1.8282076769869058	1.0
274000	-47.92634069916525	-40.522894622013524	-7.403446077151726	-18.799178719357208	-21.723715902656316	0.9556013789606043	0.8915122481389457	-0.977476816778701	-1.3792696689259407	0.6846247752743668	0.30127230347791456	1.0
275000	-45.802596223616504	-42.96913666288097	-2.8334595607355375	-22.785394175023118	-20.18374248785785	0.5546295182554268	0.6795899022857423	0.7000905194047589	0.32046739660903234	1.202743626550403	0.19689846160836488	1.0
276000	-45.744418606069736	-41.841798636502446	-3.902619969567288	-20.454948973067644	-21.3868496634348	0.5897794293474883	1.104985262731623	-0.7060134471330672	-0.16321976910631017	0.5275436912108753	0.1429068617171895	1.0
277000	-44.29766602433031	-40.97887249356411	-3.3187935307661984	-20.563359094942	-20.415513398622114	0.5789433139994217	0.765706508521067	-0.7069421025402512	-0.265529188410228	1.7630651648074465	0.943860329239741	1.0
278000	-44.94097542509135	-41.612248112842906	-3.328727312248444	-19.518461478986197	-22.093786633856705	0.9042779672394722	1.2205117034421429	-0.4984642047353351	-0.2609831586614829	1.2117736732918767	0.09677811406016278	1.0
279000	-43.48893925777925	-39.596262415289104	-3.892676842490146	-19.35899621075276	-20.237266204536347	0.8167524304184338	0.6175590648344689	-0.6189865229826276	0.5678070138927546	0.6458692079392858	0.852319518596891	1.0
280000	-43.849410816394695	-40.64669683487886	-3.2027139815158345	-19.840374681545804	-20.806322153333056	0.8121750281712353	0.5405346488082009	-0.32604051486860874	0.30530605786047715	2.5857404836704743	0.6848478524506381	1.0
281000	-44.14483778454482	-41.879657374114444	-2.2651804104303777	-21.52104927961722	-20.35860809449722	0.5129194541350196	0.619921694692874	-0.5107836489706261	0.29591335426514126	0.9547505654413636	0.17973219252623535	1.0
282000	-41.70626914303872	-40.3604267082206	-1.345842434818118	-20.10310288244018	-20.25732382578042	0.9252651537891717	0.701780702481567	-0.2212764059949769	0.08812038229088129	0.5600981336698715	0.02837657167993288	1.0
283000	-43.90362886992774	-40.047135818375565	-3.8564930515521767	-19.59614570474035	-20.450990113635214	0.8678009357202209	0.6921938628046732	-0.4479315614583887	-0.15342561274362038	0.24952387899400316	0.15164747348446977	1.0
284000	-45.85230183964592	-41.079020605024695	-4.773281234621223	-19.70186196320299	-21.37715864182171	1.105477040657087	0.7794560608445954	-0.645838584902362	-1.091752466622567	1.6895242812185336	0.6721390320094364	1.0
285000	-48.20397890710716	-41.890256694700184	-6.31372221240697	-19.332277931721883	-22.557978762978298	1.3391845668340698	1.2882306188836885	-1.4832108742829915	-0.31399660967262955	1.1585785501775303	0.4586800221350754	1.0
286000	-47.65359545109328	-39.83203999427672	-7.821555456816563	-18.116205326967656	-21.715834667309064	0.9885081254509829	1.0238573702503433	-1.7221345987474048	-1.27242639171673	1.0213549878635302	0.4892599688610095	1.0
287000	-46.1515755441706	-39.254872984729836	-6.896702559440763	-18.832418027620207	-20.42245495710963	0.718989936797607	0.663076940233035	-1.6768297654654107	-0.013668822772369138	2.0862174524309753	0.28732039150585614	1.0
288000	-42.042922114178324	-41.13084891868442	-0.9120731954939039	-20.80333088355833	-20.327518035126094	0.8196698284229734	0.717565408699744	0.13810365731372393	-0.06497089224132813	1.2429113530502784	0.07801732858150603	1.0
289000	-48.14172138943178	-41.88494739588558	-6.256773993546194	-20.251553263315948	-21.633394132569634	1.0234576735219332	0.9149592479115992	-0.27051817226991703	-1.3222584750946855	0.4421796070406768	0.28640262224092167	1.0
290000	-46.44598958733128	-43.05980996982956	-3.3861796175017247	-20.738638686433433	-22.321171283396126	0.7628851171233403	1.2168831930208526	0.10380627783248575	0.06541037295597507	0.4652457380987551	0.3976900148756473	1.0
291000	-46.30351501350997	-40.519279081704	-5.784235931805975	-20.020646016560562	-20.498633065143437	0.6835998325092156	0.6690436732429804	-0.4625944249522872	1.379977697133954	2.3193822911057542	0.2818360244878336	1.0
292000	-44.14637091605816	-41.07439049271264	-3.0719804233455212	-19.534476602167096	-21.53991389054554	0.7263223116802746	0.5257163760201992	-0.6862401910178411	-0.21489356277508587	2.4130997537075416	0.1267121472811391	1.0
293000	-42.49045281753259	-40.731374655012964	-1.7590781625196263	-20.399027376597672	-20.33234727841529	0.6751583147376206	0.8161133490308031	-0.22566149811668343	-0.12830485631376923	0.4482910511712508	0.045075090491463854	1.0
294000	-43.772328446370565	-40.5051968480293	-3.2671315983412668	-19.706645892406943	-20.798550955622353	0.6854908370677362	0.6342241342985073	-0.7166934720517304	-0.2741377019186886	0.8325728435758362	0.5813741288376783	1.0
295000	-43.94012049186492	-41.0031389082463	-2.9369815836186195	-20.48653394047031	-20.516604967775994	0.915913716383475	0.8553417327677039	-0.048853747349147714	-0.38517861991002844	0.9854748006791024	0.4263591341953993	1.0
296000	-42.379825527403206	-39.7970773788127	-2.5827481485905066	-19.45657427245449	-20.340503106358213	0.9275606580130014	0.6498996263215145	-0.54387430592688	0.1569480686688412	1.0103631378899527	0.1730997275202314	1.0
297000	-43.478485279888005	-38.545049800044694	-4.933435479843314	-18.300081697902804	-20.24496810214189	0.8614054933273831	0.7828154288829153	-1.5883608079792875	0.023661121873863378	0.8794701507999986	2.356718810491222	1.0
298000	-43.659474598245026	-41.462462127925114	-2.197012470319915	-21.095782212825	-20.366679915100114	1.1018917994653452	0.6639663897615347	-0.08273873219510142	0.0556583387074579	0.6939381973303606	0.19746705158101596	1.0
299000	-42.30644174983152	-42.07062255089137	-0.23581919894015124	-21.761710842228556	-20.308911708662812	0.5207099820559762	0.6732297166804634	-0.16578722957967934	0.10195120984263532	1.0855085222856102	0.04086638880590227	1.0
300000	-44.82813485228368	-39.60693210570834	-5.2212027465753446	-19.30419444705676	-20.302737658651584	1.2689231232820692	0.8025018927212043	-1.2529008518371088	-0.0868517078146713	0.5035239469735078	1.6162665657668607	1.0
301000	-46.567446202635246	-43.55477236706352	-3.0126738355717273	-21.653944166637675	-21.900828200425842	0.7246037762269857	1.1821516979634603	0.48114659837501184	-0.12599734141007152	0.953449354191726	0.05925649873238853	1.0
302000	-46.09473392364521	-40.523629712647605	-5.5711042109976	-19.595900153429884	-20.92772955921772	0.6512140328688341	0.8476490906587586	-1.1091847923541007	1.0412079379015347	2.9543959725672173	0.5680624111265614	1.0
303000	-42.02270880873416	-41.39472614754254	-0.6279826611916184	-20.949018308106307	-20.44570783943624	0.6956020491133942	0.6796760193073739	0.13840443380392212	-0.10535283086480135	2.1848385062607525	0.05303469782319547	1.0
304000	-42.9968564996041	-41.82745267234505	-1.1694038272590492	-21.036828678099816	-20.790623994245237	0.9312512342424906	0.9837791435577671	0.1468932989662085	-0.007138669860369762	0.4366086160696596	0.029255931718927052	1.0
305000	-42.46402110765015	-41.152419323948045	-1.3116017837021	-20.85589076563226	-20.296528558315785	0.6867068390015371	0.8379418336591316	0.07418334071966892	0.22039526834092374	0.8416884012754452	0.08409974181085376	1.0
306000	-43.624745148922415	-40.98426567675422	-2.6404794721681957	-20.53030039390866	-20.45396528284556	1.0465986594228	0.8754234493770692	-0.19430940687613651	0.37459681333441686	1.4852618272703804	0.05327113424921914	1.0
307000	-47.94729666102393	-43.545498019564825	-4.401798641459102	-23.16731471896616	-20.378183300598664	1.3605192511650666	0.6165748649727815	0.0021307785439626525	0.28626237167813623	0.35270724668352493	0.7623122518138915	1.0
308000	-43.83714301007729	-39.9844909047138	-3.8526521053634895	-19.617957345383285	-20.366533559330517	0.7177016278707237	0.642899610091869	-0.6487760644038627	0.1534098335131981	1.1328665373113214	1.8240693602755904	1.0
309000	-43.41368560758947	-40.90068000863387	-2.5130055989555986	-20.759127275563607	-20.141552733070263	0.8460397031798527	0.6695101239720882	0.11039774094160368	0.5273578119238088	1.4988358402983049	0.26103632551156536	1.0
310000	-43.872344067122974	-40.919170805598355	-2.953173261524621	-19.90119960247889	-21.017971203119465	0.807117944793025	1.037393366372243	-0.2950678070932509	-0.1762639220689034	1.812625066340798	0.28841399469527823	1.0
311000	-44.518509415069815	-40.791220281171235	-3.7272891338985836	-20.42112332216252	-20.370096959008713	1.1128103465350696	0.7952563671757014	-0.34755571127748597	0.7587648277859109	1.223976615414435	0.2976502302536191	1.0
312000	-46.87780111862378	-42.15011442186879	-4.727686696754987	-20.72857790002426	-21.421536521844533	1.167100766127192	1.1156708828408697	-0.3332552943911825	-0.2717778819242582	2.5265580944264943	0.24700023992665404	1.0
313000	-43.801230085547544	-41.646827244711346	-2.154402840836198	-21.18018327081021	-20.46664397390113	0.9751998280232861	0.8594561225056404	0.14314114086466878	-0.295484527094264	0.7618842044058388	0.13009162544929892	1.0
314000	-43.50922105040206	-40.82710460595689	-2.682116444445173	-19.615586375302204	-21.21151823065469	0.816320896522142	1.06468042163786	-0.4543905948301159	-0.009653233363319857	0.6267246172136833	0.10843361928847702	1.0
315000	-45.214136372269344	-40.55597020120898	-4.658166171060363	-19.932268125787363	-20.623702075421612	1.2681498404786067	0.9392993926780303	-0.8922847619666487	0.1154917737085311	0.8759777265536934	0.16844055390978255	1.0
316000	-43.72059018525854	-40.97290267660911	-2.7476875086494297	-19.633096566037782	-21.339806110571324	0.9040668962723616	1.0614848781615416	-0.43635068130923715	0.21790670924244432	1.0407934271924204	0.0830163501386278	1.0
317000	-43.95573138336304	-41.16129354948667	-2.7944378338763673	-19.314211381083435	-21.847082168403237	0.9921893858440414	0.455071418249188	-0.6773107724985181	0.17912724713900974	1.3978536058047117	0.2796584058446862	1.0
318000	-42.934137184586845	-41.34733276138646	-1.5868044232003804	-20.75307400673714	-20.59425875464932	0.8717215056788917	0.5898720938550506	0.0933490292551882	0.1723689288757638	0.7953803672905736	0.13323113992404034	1.0
319000	-42.48567113793302	-40.339181913714796	-2.1464892242182234	-20.064591960771356	-20.274589952943444	0.8512453178982341	0.8089195170872958	-0.20158810974475505	-0.0010181232064034873	0.7155511660919983	0.19107962834957784	1.0
320000	-43.43500503612637	-40.48393277255975	-2.9510722635666204	-19.714668906868447	-20.7692638656913	0.9989025215888765	0.9821662160866123	-0.476947960808357	-0.14551108658733672	0.6245702313238688	0.1523603912519804	1.0
321000	-44.28133241210625	-41.356997006396455	-2.924335405709799	-21.07074543976398	-20.286251566632473	1.1874287562428176	0.6404795824188327	-0.25185634378116145	0.2959282175895932	0.38621008276796	0.0542286846353735	1.0
322000	-44.06377903305135	-40.19335425595803	-3.870424777093316	-19.71997566518606	-20.473378590771972	0.730881006346992	0.5261689679793335	-0.5265673724802519	1.1507001361364524	2.3685759819996925	0.7522780758659381	1.0
323000	-43.00061748352635	-40.41005903762163	-2.59055844590472	-20.22019126836455	-20.189867769257077	0.658661443636848	0.7633438748083443	-0.41853622029774495	0.16480905632693824	0.586256086968831	0.06200831861257571	1.0
324000	-45.01948963538975	-40.182245540861686	-4.837244094528065	-19.620525210475392	-20.561720330386294	0.8582791367909405	0.7505767463212609	-0.43460406435280863	1.1603421477281377	0.49229058755778154	0.5615080436868465	1.0
325000	-46.1247431057588	-41.664951838861555	-4.459791266897248	-21.423533468515274	-20.241418370346285	0.5367477358851934	0.6840976417619066	-0.29830732140907146	0.17519869289967427	0.4552640885330548	1.5751676699175394	1.0
326000	-45.25098851412083	-40.5687095855409	-4.682278928579926	-19.068387104688586	-21.500322480852315	1.072359422495908	1.095008341448936	-0.9324010017503516	0.14418085910943734	0.7525555113467811	0.19544676215042184	1.0
327000	-43.50602690221137	-38.91368215112548	-4.592344751085888	-18.639496722192064	-20.274185428933414	0.748738775782988	0.6133149070605958	-1.7531972277071028	0.5051435196193106	1.363749818898083	1.4709789479385496	1.0
328000	-45.27174171798222	-39.015107204811756	-6.25663451317047	-18.647909194158935	-20.367198010652817	0.8395403345976759	0.7641138377372784	-3.165440822257089	-0.19836130406294272	1.5037174074860933	2.8096845625930125	1.0
329000	-45.04925225862586	-40.60346057470188	-4.4457916839239875	-19.47379138658383	-21.129669188118047	0.6926292554469321	0.9780503917266384	-0.9069374850716216	0.5542404250575582	1.335510714013691	0.2350257967191078	1.0
330000	-44.932966374684476	-40.57173507331473	-4.361231301369747	-19.440125717023534	-21.131609356291193	0.7021910309611024	0.42341203104636604	-0.884462143965344	1.7494795170012551	1.6196807428085962	1.6562259683703893	1.0
331000	-43.99435661019691	-40.90319483026386	-3.0911617799330524	-19.116798457667326	-21.78639637259653	0.9514043888966746	0.4678875662247593	-0.7581977192185141	0.09543704464926857	0.9933480976371931	0.42326533394443033	1.0
332000	-45.32313000621228	-40.18547372409366	-5.137656282118622	-19.179870349145062	-21.0056033749486	0.9388175723843102	0.4442429796536795	-0.7114579955882608	1.3269262149517353	1.0377226181282493	0.3954291377656409	1.0
333000	-42.269771987254735	-40.89087253775516	-1.3788994494995757	-20.65034201975271	-20.240530518002444	1.042740802163426	0.7871794184161413	-0.14293627908543002	0.043071276681619	1.8037727768001524	0.06359700038464619	1.0
334000	-42.713603201454816	-41.52644360815549	-1.1871595932993295	-20.885858840680715	-20.64058476747477	0.9105283628788142	0.6398085343325117	0.11291156056588841	-0.15275516387510374	0.5012003173992552	0.03699865865413567	1.0
335000	-46.61537611067017	-41.897090806654866	-4.718285304015302	-19.31448670250599	-22.582604104148874	1.1354358709326626	1.2038290234221354	-0.905519258685019	0.34213448973239974	0.5121979124020312	0.7642114280196721	1.0
336000	-47.42402379368446	-42.60655817990058	-4.817465613783881	-22.42608981848043	-20.18046836142015	0.4348079639898911	0.7122080233534265	-1.4622672554694953	0.8082707240114246	0.7547647584199466	0.7701442263353562	1.0
337000	-42.79402556749912	-40.23115602423512	-2.562869543264	-19.681075402693146	-20.55008062154197	0.7553265719294766	0.6203050514525754	-0.4947774302318609	0.039651439611583475	0.6203809349912649	0.10674379504126327	1.0
338000	-43.222118301058984	-38.52029116528995	-4.701827135769034	-18.337886948638893	-20.182404216651058	0.8319895387183631	0.744758836539383	-1.6600326710118172	0.1769322672671928	1.2721191726859338	1.2341367890864556	1.0
339000	-46.54519351885771	-43.08050435710675	-3.464689161750961	-22.591660561843717	-20.48884379526303	0.44228865137688006	0.8262567809034699	-0.6239826380990126	-0.37668704359315974	1.239313444508916	0.09286055661543294	1.0
340000	-45.94719238786175	-40.1077380804923	-5.839454307369454	-18.296008748978757	-21.81172933151354	1.1056145091536123	1.1839858173039068	-1.6683757207257985	-0.5972690628099414	0.8121255582253548	0.8115107523242682	1.0
341000	-43.62258027423536	-39.14560475659658	-4.476975517638774	-18.995746460439562	-20.149858296157017	0.8390610360852669	0.6512509065737349	-0.8603410135730252	0.8006518139232912	0.953108221510849	0.2944890324597591	1.0
342000	-42.753473841630885	-39.384349152693254	-3.3691246889376303	-19.177134178418655	-20.2072149742746	0.8474952149138003	0.7934057204629692	-0.7164337507204144	0.23310337984809376	1.0160532568167113	0.17041855055391053	1.0
343000	-45.66582569982177	-40.869846614350735	-4.7959790854710285	-19.84937235157708	-21.020474262773654	0.7833889065068078	1.000641495795103	-0.34427727070206426	0.2902637295126576	2.0262253707529063	2.024925025735291	1.0
344000	-44.11567368181678	-39.973846169638605	-4.141827512178176	-19.229117772226733	-20.744728397411873	0.9825001314397177	0.9761710063790936	-0.7159349973862476	-0.14373477690416694	1.6528495950475548	0.7543853450811762	1.0
345000	-42.17089754173105	-40.989662683227785	-1.181234858503263	-20.712784875214158	-20.276877808013626	0.681073137192476	0.8299704051258117	-0.01704366843945021	0.18435381715885277	2.233984135545935	0.06905047913823735	1.0
346000	-45.6624473462699	-39.643254264027405	-6.019193082242494	-18.193650338226846	-21.449603925800563	1.1066624139036494	0.5930972693578307	-1.8391235746235195	-0.5671051795995291	0.7541836298631448	0.6810708820926973	1.0
347000	-42.58235558761195	-39.64643344920718	-2.935922138404772	-19.368868403460468	-20.277565045746712	0.9317407760049963	0.8279089180223067	-0.5955529305139196	0.11154663862742567	1.3974668122758338	0.16899900704480963	1.0
348000	-44.536124351799806	-41.358674975551494	-3.1774493762483087	-19.99788271449622	-21.360792261055277	1.1911681711049635	0.5212793064433443	-0.6794979565100293	-0.0468485523166684	0.9137692834801073	0.1691039655841701	1.0
349000	-43.73592379568868	-41.99040301962096	-1.7455207760677132	-21.311628558910456	-20.678774460710507	0.5509042059667006	0.5887967734494871	-0.2561657797395221	0.08522380620733153	0.6054207147488082	0.12533325663742478	1.0
350000	-46.00876322634642	-39.520244305776515	-6.488518920569901	-17.993654029901467	-21.526590275875044	1.026180558778032	0.9001223153613873	-2.1571931778577254	1.1731485499847558	1.051766612583572	1.176172262490632	1.0
351000	-45.36848313396396	-42.65793693362768	-2.7105462003362852	-21.469300633552873	-21.188636300074805	0.6668568140291026	1.006445177790059	0.34732393053002625	0.4382902676781403	0.8831770154900809	0.14701038382307388	1.0
352000	-45.226159996941576	-39.91990912173559	-5.306250875205982	-19.37030643507911	-20.54960268665648	1.1882628577855738	0.5335746112881491	-0.9914068994686029	1.584073205384795	1.7022547104557966	2.3846777671140225	1.0
353000	-43.38212588948076	-43.30659533948257	-0.07553054999819353	-22.93905500776691	-20.36754033171566	0.4452485774365369	0.6832037234061752	-0.10912397478166833	-0.0195411412105351	3.0228413106818204	0.045180317874401084	1.0
354000	-46.56718683425125	-41.39563632401604	-5.171550510235217	-18.544075209506463	-22.85156111450958	0.7885961196256126	1.3096757703309294	-1.5383520672437183	-0.14913722420879055	1.2048758458634268	1.238099191794218	1.0
355000	-42.72878718361062	-40.26882125725663	-2.459965926353984	-19.499775824262915	-20.769045432993714	0.7757879867256423	0.5483624480818237	-0.5811032258549786	0.2812154561755701	1.357597197505235	0.19030765168942793	1.0
356000	-47.397049132912194	-44.833157951156934	-2.5638911817552583	-19.53884580072536	-25.294312150431576	0.7557408961202002	0.2831362522902821	-0.5952859814082094	0.42653109634581504	1.3356701424125805	0.14516856745793585	1.0
357000	-42.85944471830386	-40.24655532864644	-2.612889389657423	-19.81326356388843	-20.433291764758003	0.809954903129238	0.6505778366365077	-0.34267240604098465	0.02699958038853223	1.2440794081858733	0.4831166395255297	1.0
358000	-43.462909558576065	-40.32932669894154	-3.133582859634525	-19.198945484945746	-21.130381213995797	0.9636285482779067	0.5520377459278915	-0.7168050744518148	-0.08824062242915753	1.2300658997264406	0.14920721350337154	1.0
359000	-44.040511327221104	-40.92547033927622	-3.1150409879448895	-20.46238344505069	-20.46308689422553	0.5987669109075323	0.8984858754328046	-0.6068031036851608	0.061302273453858566	0.8961285951466577	0.08549434340939917	1.0
360000	-45.764568225635976	-42.9818878665095	-2.7826803591264717	-22.184399622312952	-20.79748824419655	0.5411801949528638	0.6082486831515388	0.30890239756464855	-0.14507513819654644	0.8314372389436995	0.6227677877485633	1.0
361000	-42.222901221666106	-39.80511077067819	-2.4177904509879156	-19.626053451384827	-20.179057319293364	0.7950395745248978	0.7464441926469808	-0.46801086423992505	0.18788029277609114	0.8444507763200609	0.11887355402694388	1.0
362000	-43.65198817670935	-40.566844022045565	-3.0851441546637886	-20.30478956749786	-20.262054454547705	0.9252218068478774	0.7434092418871733	-0.13304202998686532	-0.006856718458440686	0.5347463565210879	0.39883741159709957	1.0
363000	-42.80316494002021	-41.32253696593144	-1.4806279740887671	-20.964644837636214	-20.357892128295227	0.7948110722501356	0.6862919913411877	0.20945347346610843	-0.01716089449401348	2.427843707932347	0.08804120408872734	1.0
364000	-42.124070617543765	-41.250597112749745	-0.8734735047940172	-20.93544834496654	-20.315148767783207	0.6002987872805066	0.7684029369357259	-0.1875048692886656	-0.12165614952369008	0.8996642376541965	0.05895903419835015	1.0
365000	-41.60167585861401	-41.45169464157852	-0.14998121703548772	-21.115303895654776	-20.336390745923744	0.6236294749568311	0.7049485352028415	0.04555060229256394	-0.04514703811988591	0.9364759272821811	0.04462666764886719	1.0
366000	-43.74400916727751	-38.97138743145875	-4.772621735818759	-18.594969424838844	-20.376418006619907	0.7897227816078823	0.8683996047815101	-1.4401778794389992	0.03290163457513193	1.1457391876542837	0.5389609656258146	1.0
367000	-42.1590942253822	-40.65496983840332	-1.504124386978878	-20.193827971312345	-20.461141867090973	0.6957393040098783	0.7044379043525177	-0.29737672376166646	-0.20156918339479704	1.2826901934244876	0.041860471270328346	1.0
368000	-44.69416691346105	-42.815488172989475	-1.878678740471576	-22.527848000598585	-20.287640172390887	1.2764702284908434	0.8311974082459564	0.010625834154487507	0.2989389929819362	0.7739751726677689	0.04899338541925965	1.0
369000	-43.33221328501783	-40.69703084004453	-2.6351824449732963	-19.951631800415036	-20.745399039629493	0.6637133040189853	0.6409502212694164	-0.6149768387566444	-0.25681705423918255	2.1195825039735565	0.2978160310717509	1.0
370000	-44.23922839609167	-42.32404818795444	-1.9151802081372304	-21.46337295518055	-20.86067523277389	0.5365189784064659	1.0022626559202423	-0.2640844287895785	-0.2725647316176917	2.0294244958902534	0.07503664325292063	1.0
371000	-43.31427162759181	-39.85189806514878	-3.462373562443029	-19.520296568818758	-20.331601496330023	0.7964207581656665	0.8193144942300498	-0.534813279577368	-0.12021540443195627	0.4058180726073998	0.2174338964308945	1.0
372000	-42.09401837768731	-41.85399849692477	-0.24001988076254333	-20.934427352204267	-20.9195711447205	0.6099961974804144	0.556872333475178	-0.13409581757576533	0.06263293302485759	1.7045629085038594	0.06856473050387425	1.0
373000	-44.48221472017955	-41.621438696519434	-2.860776023660116	-21.186600354583994	-20.43483834193544	1.2035415488133954	0.5971248983743587	-0.24485725524962948	0.33185019944061267	1.5022460976180074	0.32238630088969006	1.0
374000	-42.8623439721846	-40.14868902258543	-2.7136549495991646	-19.92958377947628	-20.219105243109148	0.7265434475182548	0.7969436579935788	-0.3909277115998951	0.3868631576324957	2.1410162648747852	0.12171727927871286	1.0
375000	-43.507265152641644	-41.32755761542775	-2.1797075372138903	-21.020843639901546	-20.306713975526204	1.0369464640967745	0.636856860228765	-0.0008490118272827807	0.2801922449818325	1.7091310936774835	0.19172556894711404	1.0
376000	-44.54749554652898	-38.703964098562366	-5.843531447966608	-18.17710124698799	-20.52686285157438	0.8517814459434137	0.7293085364833792	-2.335627927398229	-0.3350945909877546	0.7255069018961704	1.5851745745786505	1.0
377000	-44.77717016120891	-40.571871218459535	-4.205298942749371	-19.064705815997804	-21.507165402461727	1.0204459359213638	1.132811131375048	-0.8577040289238501	-0.37318544824094246	0.9079543767726858	0.32774779162054335	1.0
378000	-42.78619647211933	-41.327993019766645	-1.4582034523526843	-21.158736455308848	-20.169256564457797	0.6622688809903343	0.7673370222509391	0.18386969509929296	0.29896814584370307	1.814911729048886	0.06816444927119154	1.0
379000	-41.7361285665814	-40.09300922158811	-1.6431193449932908	-19.851677112587062	-20.24133210900105	0.9114312778316737	0.7930091916837974	-0.32903797838745336	0.05443948222296212	1.1023772645723808	0.04826124611994401	1.0
380000	-41.07725200445644	-40.6988615808996	-0.37839042355684027	-20.119670426376164	-20.579191154523443	0.8706104992969707	0.6345814273591149	-0.1802611928021738	-0.06538519148093361	1.2266488049678619	0.0297264491406613	1.0
381000	-41.79259207712574	-41.10241613585754	-0.6901759412681989	-20.713599675797795	-20.388816460059743	1.008531447521851	0.6517400927668758	-0.06884004547492789	0.07944739578433904	1.219653325713579	0.056512280511839375	1.0
382000	-42.81840297833941	-40.8122109216799	-2.0061920566595064	-20.104326881915796	-20.707884039764103	0.7711352576464661	0.5959405736779385	-0.210982384033303	0.010712827734276165	0.8380620903144871	0.24091046637323665	1.0
383000	-43.13066877342641	-41.93025878500816	-1.2004099884182509	-21.144561151308864	-20.785697633699293	0.9892543740153403	0.5819975089001411	0.11179068337015918	0.019982716793095268	0.5711332832068814	0.06350294880702934	1.0
384000	-43.31971351440669	-42.69150978325927	-0.6282037311474258	-20.53373429513087	-22.1577754881284	0.8137857848355634	0.4605417743103026	0.021728658293516917	-0.09666100141951545	1.3860827336902546	0.09293628027134093	1.0
385000	-45.528200275282046	-41.36625817023156	-4.1619421050504855	-20.502239111480016	-20.86401905875155	0.6194089258237445	0.9785475019793923	-0.41004361587746685	0.2413790672482047	2.817892178745887	0.7768190696278717	1.0
386000	-42.39244067804175	-40.73627732514287	-1.6561633528988788	-20.34050053052176	-20.395776794621113	0.9631842951743179	0.7618030268836428	-0.15660565703760543	-0.23538044933161775	1.5506081939076004	0.08752882858155596	1.0
387000	-43.978599640679406	-41.15884870316856	-2.819750937510845	-20.71357970806259	-20.445268995105973	1.0228197395656868	0.8924972021010241	-0.08943291795192815	0.0916774683137429	1.054546777920056	0.38559605296846905	1.0
388000	-43.85938832689543	-39.4191612974045	-4.440227029490926	-18.618007464432953	-20.801153832971544	0.849854995737346	0.8061524748203286	-1.1899375098465401	-0.7020512674042348	1.022294333302875	0.9727503207720353	1.0
389000	-44.59265797405662	-39.65257861717649	-4.9400793568801316	-19.163871305310344	-20.48870731186614	1.1120197935268603	0.6776807056240598	-0.9463811081697935	-0.14764809703916382	0.9845219576062817	3.209366266419874	1.0
390000	-45.231633333620934	-40.51154230600899	-4.720091027611939	-20.071626939300295	-20.4399153667087	0.6013732538306578	0.8427500187901786	-1.0579294904799077	0.5908944332537777	2.7797642519490364	0.40317549521746443	1.0
391000	-46.605114086864134	-40.56103619075811	-6.044077896106025	-19.674147486596137	-20.886888704161972	0.9146206985795312	0.8752923415972292	-0.42018990316683047	-0.7852189171508679	0.5397830460645343	0.08977507210137525	1.0
392000	-43.32747531167262	-41.44199652622883	-1.8854787854437942	-21.141133160773478	-20.30086336545535	0.6944108370297019	0.8379201371386369	0.23168177576324833	0.08274322510441212	0.9577055691090461	0.18889759854774602	1.0
393000	-45.81388253294679	-40.923362845634	-4.890519687312793	-19.613998554168788	-21.309364291465215	0.8411036041385174	0.5881832073159021	-0.44200847577186647	-0.44491483589745945	1.4820417611587853	0.039760712638399566	1.0
394000	-46.176933405242494	-39.367679487823935	-6.809253917418561	-19.164154843547518	-20.20352464427642	0.9289576919908779	0.7829947164648321	-0.7163550950226132	0.46455812956330333	1.4044769911212767	0.06017916406339404	1.0
395000	-42.39887051491158	-39.99211204297056	-2.4067584719410204	-19.73084385208631	-20.261268190884252	0.7591863091007787	0.8228127037134093	-0.4535716110201251	0.2233836157206686	0.9419595701233889	0.10726521001036252	1.0
396000	-43.27443656934474	-39.83304712764547	-3.4413894416992745	-19.688838281841377	-20.144208845804098	0.93172364343968	0.6550217298620338	-0.42370048082993444	0.7658675135577128	1.4710328143042684	0.39984998539780753	1.0
397000	-45.87575360936896	-41.8441560655737	-4.031597543795259	-21.082922957818358	-20.76123310775534	1.3222002339035133	0.973942460845599	-0.5418933583216237	-0.31523156562139665	1.6059408726412747	0.30226328590615037	1.0
398000	-44.1432069795636	-40.31625591387855	-3.8269510656850527	-19.711026948780123	-20.605228965098426	1.0501440406569194	0.7009832855782004	-0.5490595967453024	-0.3431175471337211	1.0076482120028984	0.07355611459127187	1.0
399000	-44.038795965840144	-41.46458216663282	-2.574213799207321	-21.169029924397805	-20.295552242235015	0.6561943519697541	0.8093779486566123	0.17541770456754885	0.5420121713856455	1.9719656612205094	0.13203288984262404	1.0
400000	-43.15679016659189	-40.861698749258366	-2.2950914173335226	-20.17812612941977	-20.6835726198386	0.8226150305000425	0.5385968816391322	-0.14540407898920787	0.4713868034763812	1.5100370306670394	0.059338864326518144	1.0
401000	-43.35092129155783	-42.03962671755118	-1.3112945740066535	-20.252522110269602	-21.787104607281577	0.7405412088814174	0.4511813231561032	-0.16555188414212396	0.26736693660863675	1.4928986442575058	0.16449891806830982	1.0
402000	-42.78417010418588	-40.013921995884495	-2.770248108301391	-19.614481648370557	-20.399440347513938	0.7964100463509522	0.8595332257933317	-0.4737728369864884	-0.14908489430969366	0.6109735056275346	0.1578090848415294	1.0
403000	-46.30605653127977	-41.31816464891559	-4.987891882364182	-19.87927444718928	-21.43889020172631	0.6073708356796726	1.0851560693327633	-1.2932926781480594	-0.8351615793142331	1.4479060103030088	0.615762160580254	1.0
404000	-46.35980266178168	-44.11908495602038	-2.2407177057612992	-22.39467416950618	-21.7244107865142	0.46699727092724974	1.1632635840503367	-0.2988504995680207	-0.2256121755097724	1.937445609971576	0.1490948461295476	1.0
405000	-43.14727752065732	-41.21466136177465	-1.9326161588826634	-20.438908693670513	-20.77575266810414	0.7610716581419255	0.9833107896623482	-0.04278303471450312	-0.19439840036457817	0.5627578789118886	0.10872341332353434	1.0
406000	-42.918482304216774	-40.6800374852633	-2.2384448189534725	-20.509970087116745	-20.170067398146557	0.8978238792754268	0.7651478330941716	-0.024240766407994052	0.2710227415436347	0.796924548736782	0.21145047747779047	1.0
407000	-43.274896017678486	-41.0507732721299	-2.224122745548582	-20.360051863331613	-20.690721408798286	0.6353832185412451	0.958745137081146	-0.4296477401206598	0.047625102965139665	1.834607041247962	0.1285146506590627	1.0
408000	-44.874207758387605	-39.58223684327357	-5.291970915114035	-19.068627032503013	-20.513609810770557	0.9472459692812795	0.7038599909725475	-0.7862746279663603	-0.25796359546382686	0.843974572131095	5.238173436394006	1.0
409000	-44.04741062920531	-40.3021843691106	-3.7452262600947104	-20.090273933033206	-20.211910436077392	0.9642397634657877	0.7864490721393473	-0.26426721852770085	0.4693324056737668	0.32842771978173224	0.1121448513834352	1.0
410000	-45.37125132911941	-41.88007454568566	-3.491176783433749	-20.76418713738648	-21.115887408299177	0.935516143647416	1.048030669546764	0.04140776178925143	-0.5290772126946982	0.8655025353002851	0.5422352614359376	1.0
411000	-41.53356235628231	-40.79159537605874	-0.7419669802235747	-20.513655899704467	-20.27793947635427	0.7911443512569772	0.6952552907137537	0.009694498422588169	0.07274598061955084	0.9430650456037759	0.07042839079020217	1.0
412000	-50.1886292664492	-45.897882747234654	-4.290746519214543	-20.48870039168542	-25.409182355549234	1.1013699696866588	1.6450698147774623	-0.30092009135336556	-0.6183630870071861	0.43100754915904815	0.1884363664134514	1.0
413000	-41.557542596469304	-40.51336201022046	-1.0441805862488427	-20.053364562637544	-20.459997447582918	0.8416791377205227	0.8949846304810749	-0.20630211453166847	-0.06961566444755825	0.7365730342097513	0.033984778817499284	1.0
414000	-44.53294193247712	-40.061029389735026	-4.471912542742099	-19.689060632818624	-20.371968756916402	1.064597891513042	0.7990919377495634	-0.5821598891735319	-0.2175200005125941	0.39155691809498516	0.07295723743161801	1.0
415000	-44.44707348851298	-42.41029360669464	-2.0367798818183394	-20.398936074771843	-22.011357531922798	0.9673962571860113	0.43339573555885363	-0.1375528348588803	0.29181924896882094	0.7058288606006575	0.1649606117826693	1.0
416000	-45.04145190834953	-41.450200762656486	-3.59125114569304	-20.233515413981923	-21.216685348674563	0.8230610875960355	1.0687558352152147	-0.11831941043295968	-0.05215131456279942	0.23030106204956383	0.18954026173096672	1.0
417000	-45.16944720986109	-41.61629130277976	-3.5531559070813366	-20.92014078909188	-20.696150513687876	0.5611613887891276	0.6208263051242973	-0.522586260649665	-0.11560873795050583	0.7007775169373687	1.0386692610964503	1.0
418000	-44.05288163690004	-40.33771944797955	-3.7151621889204858	-19.924976377021352	-20.4127430709582	1.122765843180695	0.7053260068475403	-0.5739066575912268	-0.14670431730641037	0.47115836496696717	0.09305383137136304	1.0
419000	-44.07056134746986	-39.488793756608565	-4.581767590861298	-18.747129238461156	-20.74166451814741	0.7593356626587136	0.9745762408980497	-1.3969613608491875	-0.059637124588987234	1.2923243940275448	1.3087933670992362	1.0
420000	-43.46755265181141	-40.34131551922894	-3.1262371325824696	-19.72386923054261	-20.617446288686327	0.7620413652843826	0.8423971080024928	-0.45298430584713334	-0.5277656076381159	0.8821278289786657	0.32743706566467656	1.0
421000	-43.152445787576156	-38.93342337069252	-4.2190224168836306	-18.533138147173347	-20.400285223519173	0.9243400029036731	0.6041522942781162	-1.196554180890112	0.3349481549957618	1.0469190974929197	0.48131063343357733	1.0
422000	-43.307151492612704	-40.80774313435671	-2.4994083582559927	-20.474519033275158	-20.33322410108155	0.6536497950048668	0.8454784116944571	-0.25367250584741124	0.3243626522206935	0.5081451535638959	0.07226183520181584	1.0
423000	-43.344717744581175	-40.184794546944985	-3.15992319763619	-19.93293000260911	-20.251864544335877	1.0162911953659832	0.817353335184501	-0.3976043992268244	0.17136634907910975	0.37158649189753995	0.11996684499673674	1.0
424000	-43.18840598395262	-41.47201698139534	-1.7163890025572766	-21.14296889154347	-20.329048089851874	0.6229451278055981	0.7873160770978767	0.059820110063373816	-0.14891156171138342	0.48959893223809725	0.09261319010311013	1.0
425000	-43.77141524866788	-41.505963334430554	-2.2654519142373273	-20.80101529618894	-20.704948038241614	0.651314612754031	0.7041475229268317	-0.048607152900183304	-0.4447617411473707	0.6592149159749898	0.09355546779671901	1.0
426000	-44.07302313117597	-39.62204657963466	-4.45097655154131	-19.454024572440133	-20.16802200719453	1.014357429711416	0.7158891748008533	-0.6276592442454982	0.760347770796258	0.5092432169693888	0.31824551219343195	1.0
427000	-45.3931696293561	-42.119788642538	-3.2733809868181014	-19.153833303531144	-22.965955339006854	0.9481119257606565	0.41429892735826124	-0.733022368328916	-0.1370346577290312	0.9039622334769916	0.655701852605662	1.0
428000	-44.40572105013444	-42.10246937501454	-2.3032516751198986	-20.408503580174006	-21.693965794840537	0.6407469247147817	1.1426023868078838	-0.3617063236425849	-0.025873965710173308	0.9400573739682343	0.18422201997289203	1.0
429000	-41.524659753816785	-40.493428771056216	-1.0312309827605668	-19.979508783032564	-20.513919988023652	0.7876237218290091	0.6339139813264687	-0.26531957392347794	0.009975295106102677	1.025583317207715	0.06172575121411803	1.0
430000	-44.797041626549046	-41.435755704971584	-3.361285921577461	-21.2397473981494	-20.196008306822183	0.9612090715411791	0.7532577254772327	0.18185895218495973	0.655575993594179	0.7279905295837374	0.1515108485460774	1.0
431000	-45.52270756544215	-41.57725384409574	-3.9454537213464054	-20.399837360387217	-21.177416483708527	0.5560985593553862	0.6095735677510872	-1.4520047937327991	-0.45955676908595444	2.056681072666107	1.0603340632490668	1.0
432000	-42.97955196028213	-40.46548549437147	-2.514066465910657	-19.631016986656135	-20.834468507715336	0.8422924323390384	0.9947356489476467	-0.4317881092038003	-0.040579141584754085	1.6367665581211053	0.114936484309003	1.0
433000	-43.14618302592921	-42.63544567438005	-0.5107373515491626	-21.003749497098614	-21.631696177281437	0.6187986715170801	0.46675743249170365	-0.04482756241445124	0.22744904694523305	1.024966912780642	0.05730200490374613	1.0
434000	-43.583892381366866	-42.93320342055793	-0.6506889608089388	-21.90316839644715	-21.030035024110777	0.5335493189542726	1.0234354556410163	0.06679499763006999	0.09940909461340994	0.8366414407294207	0.050336549173765656	1.0
435000	-41.822004065017374	-40.931818963158136	-0.8901851018592374	-20.503873503114406	-20.427945460043734	0.6462676005928395	0.6616986906221076	-0.26448860542334374	-0.01478799061735564	1.5423842581706126	0.07839721175587154	1.0
436000	-42.82459396952706	-40.15181075645603	-2.6727832130710283	-19.886574205169495	-20.265236551286534	0.6717136080563789	0.747554847000092	-0.6282606436092566	-0.017560344424872032	0.9569668017060526	0.22947176309572825	1.0
437000	-46.29234263073848	-40.7231176434741	-5.569224987264384	-20.594937674976975	-20.128179968497122	0.5407765596714802	0.7002143461037558	-1.4791918360946337	0.6515677196348081	0.41876524922681846	0.733665829804543	1.0
438000	-48.24502558069008	-42.844380674403006	-5.400644906287081	-22.6624955570093	-20.181885117393705	0.4675596189182466	0.6317455856893226	-0.017327419295126864	0.9254080259946346	2.5269830396062565	0.08366248351691542	1.0
439000	-45.43522645665491	-41.240534317864444	-4.194692138790463	-20.28928869408567	-20.951245623778775	1.1360249455857612	1.0215682236149302	-0.44311487536249705	-0.10150966616315305	0.6440048536935966	0.9821745655978629	1.0
440000	-47.33156757662302	-41.57010674301811	-5.761460833604912	-20.989804103179175	-20.580302639838933	1.43386512108851	0.616132517745014	-0.8683330633153421	0.02874311264830981	0.5145855973817803	0.09760591026105932	1.0
441000	-42.488347266018295	-39.89044848713455	-2.597898778883744	-19.66926020160944	-20.22118828552511	0.8852034715876071	0.6930260990592781	-0.41039793044663875	0.18380217863594622	0.5730970246241633	0.07881996361116081	1.0
442000	-47.64723658207869	-41.99865549547465	-5.648581086604041	-18.86740958571937	-23.131245909755286	1.2962452521800616	0.5249468108639598	-1.7454676249474008	-1.1327455570870364	0.7579370773351148	1.4177828755547803	1.0
443000	-43.19926416671858	-40.13512562056384	-3.064138546154739	-19.824740944295517	-20.310384676268328	1.0740464554443414	0.7525768616283143	-0.5335617909488193	-0.10063696279313322	0.6698728535422483	0.2487703666276712	1.0
444000	-44.17607792759686	-43.371345635645454	-0.8047322919514042	-22.99323302119646	-20.378112614448995	0.4620152936074037	0.6213547708721794	0.19508804123099513	0.25649733729960283	1.3976591115800687	0.035669393959114615	1.0
445000	-42.706278087385414	-40.006953745201486	-2.6993243421839317	-19.804284907498342	-20.202668837703143	0.8319937962940611	0.7388447444880651	-0.33756952753004316	0.1239988255117348	2.33257118848934	0.25643841128678785	1.0
446000	-47.16554553915285	-43.46112008327802	-3.7044254558748313	-22.904020116027898	-20.557099967250117	1.07198510428289	0.8223935541847571	0.49804515711085373	-0.46397002071424065	0.67312678019141	0.5276800671490814	1.0
447000	-45.28131048926518	-39.136870416137626	-6.144440073127559	-18.226988256534835	-20.909882159602788	0.8596910122985253	0.9950257755550211	-2.602752898071854	0.16622150083545328	0.9393631609248345	1.8825559242471597	1.0
448000	-44.424862491346	-41.158904020408414	-3.2659584709375857	-20.565882066091174	-20.593021954317244	0.8673643093883563	0.8687354580575238	0.019330805830758885	0.6425794929742084	0.6474457452126287	0.17835981845890425	1.0
449000	-43.12422290600054	-40.660086409450386	-2.4641364965501564	-20.132535964082596	-20.527550445367794	0.6818242794774274	0.8953524420977604	-0.38628453365403415	0.35838259414694595	1.0538418515728392	0.18937221663273401	1.0
450000	-44.92009130861791	-39.33716940881338	-5.582921899804529	-18.862852347547673	-20.474317061265705	1.306368079405465	0.6279616805256768	-1.8102541097620164	0.08788325194364144	1.2722255512574705	0.853677484430402	1.0
451000	-41.92074923006909	-40.73767294016554	-1.183076289903552	-20.416821676054617	-20.320851264110924	0.9562543090522485	0.8286385827016012	-0.11760768736961108	-0.06616746818525282	0.4056092717550171	0.03084937753826654	1.0
452000	-49.18678257436259	-46.90209313124831	-2.284689443114279	-26.49045627768231	-20.411636853565998	0.3156493397182838	0.8538493053867737	0.4133497355927209	-0.2020941122672834	0.614531761382414	0.10702885092860731	1.0
453000	-44.33381202749785	-40.905105364582525	-3.4287066629153244	-20.507108080220128	-20.397997284362397	0.989774355651083	0.5911946426243574	-0.12209963271387707	0.4359264783413104	0.71664874619104	0.03155268123055772	1.0
454000	-42.69116541182034	-41.43518543433117	-1.2559799774891753	-21.045714964818746	-20.38947046951242	0.9538284036091735	0.8651465214082942	0.12365975272711555	-0.08230955512980975	0.4249291048488196	0.03351794978230288	1.0
455000	-43.19204487321915	-40.32215505793586	-2.869889815283293	-20.03741675646736	-20.284738301468497	1.103074705053433	0.8331553134601418	-0.48828677477705373	0.219328234665766	1.2015356246476567	0.12052975286872294	1.0
456000	-45.424769372810374	-41.154141346471796	-4.270628026338581	-20.851804565573875	-20.30233678089792	1.4250125028509146	0.8392707966965692	-0.9015664615031818	0.0941674229022181	1.0663758772281644	0.5446265225441804	1.0
457000	-43.57625013052602	-41.87101756378654	-1.705232566739482	-21.489015072718956	-20.38200249106758	0.5516908952546077	0.8706042825171374	-0.10264640252398027	0.03388373876323414	1.9503988057081554	0.2019888171424488	1.0
458000	-43.33666973630586	-40.6270856113749	-2.709584124930956	-19.81326408792736	-20.81382152344754	0.9637567399754137	0.978645102179601	-0.3904823961361875	0.14203139089885475	1.6722605786495006	0.0567699296007141	1.0
459000	-48.542754319085255	-42.54974126607747	-5.993013053007784	-22.016956866143637	-20.53278439993383	0.7797232555713499	0.592602937925561	0.6110531018478483	0.22885963243924012	0.15032136469446308	0.9330819827329969	1.0
460000	-47.29380481421653	-41.750308083305505	-5.54349673091102	-20.300177219591646	-21.45013086371386	1.344564274940262	1.114795606126979	-0.9209099755419361	-0.6179041076170184	0.6475045346938146	0.22467593635773647	1.0
461000	-43.73444163534627	-39.62705750513299	-4.107384130213285	-19.26240655994323	-20.36465094518976	1.0201734869212358	0.5541866921236007	-0.7399005167228195	0.9969746880013989	1.2610094971624655	0.880569954619439	1.0
462000	-46.919102966458965	-41.57050014614909	-5.348602820309878	-18.030750695281508	-23.539749450867582	0.978451913666203	0.32694948861770184	-2.5339785295164896	0.7098855587769034	2.0402804438933537	4.499906361956953	1.0
463000	-43.67288607164547	-40.33251057259943	-3.340375499046038	-20.00916142289151	-20.323349149707926	0.9437811026576682	0.6070747610565342	-0.279969651550466	0.4480919466645693	0.5319853723214081	0.06493786852557137	1.0
464000	-43.468689900416855	-40.72125004997059	-2.7474398504462654	-19.98715874684696	-20.73409130312363	0.9271586891784679	0.9484333520241292	-0.2757201549220111	-0.44847994006957287	1.197908704854129	0.1355142406124266	1.0
465000	-46.69763891964477	-43.47563536468718	-3.222003554957585	-21.965318826318242	-21.510316538368937	0.7750583193040713	0.5669118833564469	0.595092740522417	-0.4645539329057019	2.411133714190197	0.16893168007841997	1.0
466000	-44.22812386371422	-42.16260668219496	-2.0655171815192577	-21.46988143806284	-20.692725244132124	0.8159023539164562	0.6543412249135804	0.3997787123162295	-0.26506221608523195	1.4600951756301312	0.11177411248076352	1.0
467000	-43.00012173199871	-39.95196213875307	-3.0481595932456402	-19.64284492779595	-20.30911721095712	0.717967002579342	0.843013287115493	-0.6274557730346142	0.21498845760865604	0.7706023806804028	0.2272776750651187	1.0
468000	-42.89977116939566	-39.91180683233645	-2.9879643370592124	-19.477997530254278	-20.433809302082178	0.8356852095780178	0.8694063054918542	-0.5260351056572217	0.38153689026094006	1.3394919022044636	0.23592625074987675	1.0
469000	-44.299153339145526	-39.831877399304716	-4.467275939840808	-19.44202124355461	-20.38985615575011	0.9717861186092808	0.6712608858895563	-0.5861872751339712	1.2618804560157058	1.3995456808223117	0.7520318376699391	1.0
470000	-45.968264008435774	-40.49699316204938	-5.471270846386397	-19.92276596085453	-20.574227201194848	0.7871788209662302	0.8699251720768624	-0.29778798242373855	0.6123401801691075	0.2999482616846178	0.0677974712688992	1.0
471000	-45.788095301240695	-39.55001783195675	-6.238077469283946	-19.144639890689742	-20.405377941267012	0.7276612534086258	0.6584250215552822	-1.061068354708682	0.027663210101824376	0.20352118290090493	1.8886665992599359	1.0
472000	-44.01948584400145	-38.41478399055755	-5.6047018534438955	-18.07005604603264	-20.344727944524912	0.8941667805665996	0.801470817685721	-2.109459015774222	-0.17039010652234632	0.7374094032480502	1.4741206643268643	1.0
473000	-41.81440580907603	-40.51144165824047	-1.302964150835559	-20.217379205238945	-20.294062453001523	0.9068718003120647	0.8358696077133595	-0.15606339204433317	0.10540510595588248	1.832391978163733	0.06006873005968494	1.0
474000	-41.32291242466295	-41.110258453503235	-0.21265397115971596	-20.701743879058597	-20.408514574444638	0.635564644418256	0.6430169968885587	-0.1732590064414446	0.09472665854545832	1.56725059034007	0.040081380626428395	1.0
475000	-43.33112841226896	-41.246077670383066	-2.0850507418858952	-20.35960114278083	-20.886476527602237	0.810470440404879	0.6495625701485118	-0.05913623540497781	-0.41368235905694617	1.9351806446853215	0.17016987945094672	1.0
476000	-43.70389464810661	-43.36452567729094	-0.33936897081567086	-20.679110669489738	-22.685415007801208	0.6214330677167772	0.40816111492414914	-0.25848993382015506	0.10937316472694035	1.6750390828712722	0.053575100642703995	1.0
477000	-46.56426591052181	-41.11392598825929	-5.450339922262525	-20.518456455623088	-20.5954695326362	0.5830105028158176	0.628573752029558	-0.7106447133108219	1.5731160863504026	0.45915892262730557	0.9811748027358062	1.0
478000	-47.35562784864643	-43.11146101492707	-4.244166833719353	-20.32032535588431	-22.791135659042762	0.632485816859019	1.2937113884456264	-0.4804241103270951	-0.0777983475845914	0.28626244243142945	0.38505616746527893	1.0
479000	-45.109485333204624	-40.8121043289469	-4.297381004257722	-19.222855931436747	-21.589248397510158	0.9395695406649234	0.42306393672688075	-0.6856975503100887	0.8007623188607665	0.569150747698512	0.3393931322295057	1.0
480000	-42.07598495859579	-41.21453698433195	-0.8614479742638402	-20.93565078168468	-20.27888620264727	0.5929008405257541	0.7196093042319907	-0.23391764697846895	0.00562349341271879	1.0520221281522988	0.07143125761561887	1.0
481000	-44.78062616639501	-40.789828393457604	-3.990797772937402	-19.8505396018188	-20.939288791638806	0.9729087053398516	0.9292958487682	-0.38242162745597086	0.6580564863437872	0.5126949033688656	0.19878951267998873	1.0
482000	-45.96121796259721	-39.82887602934075	-6.132341933256465	-18.10033890445475	-21.728537124886003	1.114956022925424	1.1696816568863806	-2.2702058445750892	-0.35126197272568094	0.9198129581844233	1.9238420463064465	1.0
483000	-44.76347266187673	-41.043482291254016	-3.719990370622719	-20.350484626227043	-20.692997665026972	1.266272675073013	0.9593868224276909	-0.6965618223886377	0.045280809243509385	0.899709674472952	0.1672803029346404	1.0
484000	-44.501119078608006	-40.4262691070753	-4.074849971532709	-19.419783327114295	-21.006485779961007	0.70575878882827	0.4766339692140165	-0.8852197793441198	0.7418547823687464	1.839803601559588	0.25010658133482716	1.0
485000	-45.37344457057511	-40.15434770943541	-5.219096861139699	-19.555498717820782	-20.59884899161463	0.8621658248380469	0.6181711163124172	-0.4712426488009167	1.5996864235704096	2.019867174066746	0.6043838313544098	1.0
486000	-45.14619860214039	-39.67457596532003	-5.471622636820356	-17.992848541905488	-21.681727423414547	1.0230064638519305	0.5332363190664913	-2.1464657899513413	-0.3665918456737594	1.2049679673662885	1.2341425286721879	1.0
487000	-45.790003708352	-39.38930279597486	-6.4007009123771486	-18.703231572799325	-20.686071223175535	0.7443770670316331	0.8314520154581507	-2.595010285379173	-0.6040179385876033	2.5544577677542915	2.1608765834485513	1.0
488000	-47.352306527963705	-44.015842219798714	-3.33646430816499	-22.295828144735133	-21.72001407506358	1.2339727304528731	0.4446878126968537	0.03332961117561467	0.3954894783460225	0.9990402357484356	0.7519163625820241	1.0
489000	-46.62963124149445	-40.86561516530416	-5.764016076190285	-19.38233723362906	-21.483277931675104	1.1609260725446036	0.6191213747139468	-0.9217514282163893	-0.7125992832908138	0.2471377926378127	0.4683625088693502	1.0
490000	-42.448593753105264	-39.79432840640112	-2.6542653467041415	-19.56259658659653	-20.231731819804587	0.9481461773407518	0.7342269700380858	-0.5012710275381693	0.06441045844134954	1.4505741860175265	0.07422850232151121	1.0
491000	-44.511546950428574	-40.20205794494461	-4.309489005483959	-19.11432645175965	-21.087731493184968	0.9114485537368213	0.5849917306877824	-0.7427434245896554	-0.26160818369735117	1.1698550989255043	0.09008615305976714	1.0
492000	-45.13008826179632	-41.49324177341831	-3.636846488378007	-21.26779447058079	-20.225447302837523	0.8753548748728897	0.6010939579180552	0.28522879050955763	0.8988125927935117	1.0071918547885355	0.7884809756701847	1.0
493000	-41.66314662355729	-40.63895153555812	-1.024195087999169	-20.215400073821453	-20.423551461736672	0.7402167283245751	0.6408994914236888	-0.18718004592424675	0.0854479275578525	0.6636241504965827	0.05192243609471368	1.0
494000	-42.7385732710739	-39.2048328371331	-3.5337404339408103	-19.011092439329484	-20.19374039780361	0.8053326705539059	0.6642661571800307	-0.9045257502379698	0.36578334970476634	1.68272510591247	0.42692325562489375	1.0
495000	-43.42323599722322	-39.09585410479165	-4.327381892431573	-18.94120495184466	-20.154649152946988	0.7386804222901866	0.6837480483015083	-1.2512137855233074	0.3924176061662239	1.6914804511846662	0.43922944258744223	1.0
496000	-41.82070739255969	-40.48903891292704	-1.3316684796326486	-20.180828955847755	-20.30820995707929	0.9525121184552555	0.648890009303266	-0.2124208164578557	0.21273754417044358	1.041478764302852	0.04132030895273472	1.0
497000	-43.89155577977344	-40.04884564943256	-3.842710130340881	-19.214124880563602	-20.834720768868955	0.9293550824920513	0.9827832509094167	-0.6856321087266356	0.14233627360561552	0.7973984880461756	0.10949289355405954	1.0
498000	-44.75150883064077	-41.47026175123443	-3.281247079406343	-20.55887485079093	-20.911386900443503	0.6364878262228483	0.9083044035496947	-0.2701377418195401	0.7447243199591812	1.0830320049670217	0.4937943196351431	1.0
499000	-41.46515339670786	-40.326813521050234	-1.1383398756576302	-20.047269910451245	-20.27954361059899	0.8953218650648711	0.6682944162014796	-0.22591838917356505	0.16992968600891453	1.415639277219107	0.03750760081712646	1.0
500000	-47.5241056231061	-42.84242550823076	-4.681680114875342	-19.55962062028778	-23.282804887942984	0.7244634131150797	1.281114959844881	-0.672058393032182	0.33802329337530895	0.7423259704851499	0.08904670665567321	1.0
501000	-47.531563292252535	-43.85588165233976	-3.675681639912776	-21.625088043486976	-22.230793608852785	1.2868682846739388	0.4081084013260787	-0.27706949562979644	0.43302611666469604	0.5154704128897499	0.5473452273475159	1.0
502000	-43.822724754833175	-38.99372837471612	-4.8289963801170535	-18.540341789739937	-20.453386584976183	1.0387350483991413	0.8904940673738048	-1.2666111478347446	-0.09963457182105784	0.7848857240473754	0.451494568488593	1.0
503000	-44.12462688493948	-40.99997981555813	-3.1246470693813513	-20.351916360806573	-20.648063454751554	0.935474067553063	0.8687921934603418	-0.12270301367715819	-0.5421232000857399	1.912751504313665	0.14991423454983502	1.0
504000	-42.3704527831276	-39.72551039070804	-2.6449423924195603	-19.572410961939994	-20.15309942876804	0.8226670770374701	0.7236857367970292	-0.4761302968881401	0.29098807070318644	1.0071205507152765	0.09832890697210936	1.0
505000	-47.47371997457796	-43.36629528391302	-4.1074246906649385	-22.401071322626926	-20.965223961286092	1.172491706605331	0.8763706192119641	0.1827560654343816	0.9402842341553868	0.9804036565201745	0.4450376924392034	1.0
506000	-46.37080851940088	-40.41514670677698	-5.955661812623901	-18.373452798107227	-22.04169390866975	0.7949285887362537	1.185263472098031	-2.3005964408336417	0.02922329184361172	1.1187865174220917	1.5936644350052178	1.0
507000	-42.97980542208046	-40.84561391864262	-2.13419150343784	-20.32842558629097	-20.51718833235165	0.8755174976830988	0.8982889964220744	-0.08731806469326914	-0.24934641195162488	0.6379480893035376	0.13677182743603383	1.0
508000	-41.77315926872419	-40.62041628216619	-1.1527429865580006	-20.328324984307276	-20.292091297858917	0.6808777760415787	0.741449082555541	-0.2538223905937557	-0.05650464152482409	0.7061143844069743	0.03579883783409224	1.0
509000	-43.594204648565125	-42.357122017325146	-1.2370826312399759	-20.173777614319338	-22.18334440300581	0.6756497472963949	0.446946708875971	-0.379962546187543	0.019889021525065886	2.256489099580569	0.12323479235812705	1.0
510000	-44.50945051142113	-39.41804949029053	-5.091401021130601	-19.270977459238864	-20.147072031051664	0.7710420794248443	0.705615376002062	-0.7660388767756892	0.346797722636938	1.1628827658859393	5.92058038660459	1.0
511000	-44.91694062984639	-41.756182444640665	-3.1607581852057223	-20.07027159501435	-21.685910849626314	0.9733397387555377	1.1624624511877162	-0.28313765653690126	-0.34203500702682477	1.7636462735752814	0.11195233894644296	1.0
512000	-45.38186035986009	-42.29268674219093	-3.089173617669158	-21.47619265259397	-20.81649408959696	1.086229307674175	0.9587047930126278	0.06885563020372923	-0.5443917364035645	0.7095132377304157	0.17058020046682262	1.0
513000	-44.065899247393496	-40.5675162140991	-3.498383033294398	-19.573507445009113	-20.994008769089987	0.8156262729799824	0.7290971541543735	-0.4807304992676452	-0.7405018073903238	1.7770957321073917	0.34519695079361234	1.0
514000	-42.38128022955741	-40.80357304713439	-1.5777071824230187	-20.264510312261223	-20.539062734873166	0.7944236654219177	0.905852222764243	-0.11013968410966185	0.2841482200273177	1.276118370657477	0.08057276097020835	1.0
515000	-43.861407043318785	-40.79601990601867	-3.065387137300112	-20.61699409446843	-20.17902581155024	0.5947306504819593	0.7738854122404819	-0.49190455248785164	0.26776568718632726	0.4993031283780271	0.17792848515099685	1.0
516000	-43.981747262939464	-41.886201748417605	-2.0955455145218598	-21.46798355282956	-20.418218195588043	0.9435251405260583	0.6718190820424114	0.2808525081568267	-0.04313588216150144	0.6626335186548048	0.14840685883129673	1.0
517000	-44.672256681108514	-40.60588900451576	-4.066367676592754	-19.728428764787864	-20.877460239727895	0.6859609684511253	0.6264175172740711	-0.6942410796527411	-0.30588515633050206	0.6544430758259823	0.10295222796121699	1.0
518000	-44.63870300149826	-38.7367941392353	-5.9019088622629585	-18.259934579808053	-20.476859559427247	0.8838115528798838	0.8311466016098641	-1.5851633867797081	0.71092453107066	0.6333846160630013	0.5773665016646331	1.0
519000	-45.492260890521365	-38.48236652508993	-7.009894365431437	-18.07196026758523	-20.4104062575047	1.0856931832541812	0.8576050689284986	-2.4506881149817117	0.43002572319939336	0.3234193837789665	1.856823619020143	1.0
520000	-44.224306100787054	-40.925946486937555	-3.298359613849498	-20.442079023344	-20.483867463593555	0.577751394758886	0.7670527256101028	-0.8747509750602822	-0.35060168525566837	1.459256244089186	0.3154586051428429	1.0
521000	-46.102040301046486	-40.28778929345155	-5.81425100759493	-19.266338996336295	-21.021450297115262	0.6639530864839555	1.0261374420914677	-1.540434913148235	0.04991716224236348	1.3175127174188497	0.3563518207912131	1.0
522000	-42.6602857553128	-39.578884360947434	-3.081401394365363	-19.391073067307822	-20.187811293639612	0.8850830615343852	0.6675214256606723	-0.5670544829332931	0.3651051872239396	0.8816909461028801	0.37226801604869175	1.0
523000	-44.40406727726672	-42.02965888496483	-2.374408392301886	-21.80311222021551	-20.226546664749318	0.4956335871124183	0.6242542376391699	-0.46782694165693844	0.5414493596223543	1.4242387632423994	0.298778658661168	1.0
524000	-45.37244043571402	-39.60086549766056	-5.77157493805346	-18.783022393728267	-20.81784310393229	0.8541164151493573	0.7539619256804418	-1.0209494760082685	1.341969075147145	0.4282263854953791	2.865583615291516	1.0
525000	-44.43229351319976	-43.21493180481975	-1.2173617083800141	-22.756211647638267	-20.45872015718148	0.45404724352592174	0.5873354876090949	-0.14103941577988563	0.3686814908531937	1.7031533888318156	0.16513962047105202	1.0
526000	-44.22209201622884	-39.796195590597875	-4.425896425630965	-18.6253513735186	-21.170844217079274	1.0189658639766341	0.6373519705292783	-1.167610788172507	-0.5795982510018305	0.8290930973666306	0.917666216002567	1.0
527000	-44.257186931689624	-42.915647061979456	-1.3415398697101655	-20.275743980951116	-22.639903081028336	0.7586816010888623	1.2877365963076148	-0.1301698217762435	-0.18942322440317622	0.7361937324980746	0.021922477547825156	1.0
528000	-43.59416506874882	-41.214037204021544	-2.3801278647272808	-20.910391858067136	-20.303645345954408	0.5537470407060696	0.6888951920796071	-0.6238766081346493	0.05253889666802311	1.4197785662476667	0.12716255253717093	1.0
529000	-43.6909400250675	-41.62937279818817	-2.0615672268793253	-20.72817417876152	-20.901198619426655	0.8609273501270978	1.0110251649812276	0.09001519982778916	-0.302694270179881	0.6050534177587104	0.0775569296856763	1.0
530000	-42.43483840844183	-40.526786599002165	-1.9080518094396604	-20.187043144500407	-20.339743454501754	0.6564244125578007	0.6802440475882915	-0.4556017479385524	0.02947736444843871	1.0494660111850482	0.08394336134888203	1.0
531000	-45.04621327819991	-39.85717046616597	-5.1890428120339385	-19.6685457663832	-20.188624699782764	1.126351198831871	0.7581713211648974	-0.701082996404514	0.16233549079129406	0.23925437591277438	0.7298130252285189	1.0
532000	-44.392607805839205	-41.762540295971974	-2.63006750986723	-21.456434509337782	-20.306105786634195	0.8678840120707965	0.8409795617938822	0.35831113780631896	0.09285638210527805	0.7290658104426203	0.25926934175974725	1.0
533000	-45.25359998773346	-40.852806940808264	-4.400793046925196	-20.466947704401537	-20.38585923640673	0.5751431624378619	0.7614022945014607	-0.8793540394813	0.9386090713867177	1.5808080058512934	0.33717131303694775	1.0
534000	-43.44856703517341	-41.289775215568525	-2.1587918196048843	-21.06200405718193	-20.227771158386595	0.7162442647096462	0.7978149461436842	0.219848243224014	0.42478248525102547	1.2223669206559233	0.08733089548171422	1.0
535000	-42.832372311419824	-39.61061445964624	-3.221757851773579	-19.262262871831602	-20.348351587814644	0.8868673517204768	0.8583570483694098	-0.6458623642333108	0.06688532883902154	1.116329882148983	0.43797616808935663	1.0
536000	-43.99303871007476	-40.366028966191536	-3.627009743883223	-20.162146319302376	-20.20388264688916	0.8627385391511561	0.6151312983491836	-0.15755775928383287	0.740478021704883	1.901528949753456	0.9689914528584492	1.0
537000	-46.4080908423292	-41.59719338149207	-4.810897460837133	-19.84153117502814	-21.755662206463928	0.8057382967983318	1.1761613373757143	-0.32936498177022355	-0.4786352285913983	1.4829956287089345	2.0992882611887653	1.0
538000	-44.11713585021966	-40.34289885526667	-3.774236994952993	-19.866943455206187	-20.475955400060478	0.8957030525670303	0.7421817888913579	-0.3128498552884248	-0.3048088210780443	1.2692256524497585	1.298017546380541	1.0
539000	-43.709477581348814	-40.786565746316974	-2.9229118350318384	-20.53898104584717	-20.247584700469805	0.7316228776471786	0.8137872092997183	-0.02171391109426901	0.1498922005906652	0.3864108257618733	0.23144983798100782	1.0
540000	-44.995705204647884	-38.84115169279433	-6.154553511853557	-18.603625116220847	-20.237526576573476	0.7860121785152013	0.6778638345602885	-1.449258007875595	1.032773274807665	0.9455681022345374	0.4329100256253834	1.0
541000	-42.94554509159433	-41.3936763694261	-1.5518687221682308	-20.227426499628102	-21.166249869798	0.9339274791746137	0.56551104052888	-0.1741149781843609	-0.20616229520108906	0.8507933923001338	0.10858842808366177	1.0
542000	-45.13605958217812	-41.52685874037421	-3.609200841803914	-20.85592622545081	-20.6709325149234	0.6516298745332285	0.7516502665173351	-0.014189755880897659	-0.5201641238736975	0.3685400670759515	0.3057142549261689	1.0
543000	-45.61999119303679	-41.172288457206136	-4.447702735830652	-20.145558079693483	-21.02673037751265	1.3186264377461485	1.0086538161148888	-0.9227025108372666	0.23410664392191688	0.733611086503402	0.6846792338069585	1.0
544000	-43.244506617910126	-41.25007739819434	-1.994429219715785	-20.629101086353277	-20.620976311841066	0.6208204516848626	0.9414277273737167	-0.29982662619531664	0.06297136513741515	0.5045824973353145	0.06762815677762578	1.0
545000	-42.532298758076486	-41.133661463935155	-1.3986372941413319	-20.821992732931623	-20.31166873100353	0.6049170366828803	0.8328872254322559	-0.24536836576524024	-0.01674296106369927	1.5322341657683616	0.13320264481527072	1.0
546000	-45.54843870288014	-40.216433220049424	-5.332005482830718	-18.80549434472089	-21.41093887532853	0.840994529295704	0.9942706649344615	-1.0202395666882462	-1.0922806468086204	2.104993380575351	0.9803073751984581	1.0
547000	-44.41413283431864	-41.792384664286146	-2.6217481700324945	-21.35316527033847	-20.439219393947674	0.5539798364037005	0.5473944174766441	-0.19315623336980917	0.8119223206429268	1.5427878175257115	0.39176174690290655	1.0
548000	-45.12923377004811	-39.994563017974045	-5.134670752074064	-19.411402522899976	-20.583160495074065	0.7075963774767614	0.8827145826666869	-0.8836300514395088	0.5445494873624577	2.5227606606285162	0.19413281446059677	1.0
549000	-48.906342477745824	-44.621654496127356	-4.28468798161847	-21.60359712557573	-23.018057370551624	0.5098519223609439	1.142071018185068	-0.4642128620606778	0.844675828506126	0.514618800297037	0.6122601726743466	1.0
550000	-45.309277575719804	-40.245666409478304	-5.063611166241499	-19.9872457980165	-20.25842061146181	1.1649055696309811	0.8212226042909235	-0.6288166026053319	0.18709602112745105	1.0163049250131782	0.0510675567380956	1.0
551000	-43.50118047909465	-40.334171159198334	-3.167009319896316	-20.043888298651652	-20.290282860546682	1.0220459339698236	0.8357561087590706	-0.3564281599216218	0.20121923359787863	2.3679732469901733	0.052032411156776134	1.0
552000	-46.31029376969546	-40.769559112685315	-5.540734657010148	-19.602649393244665	-21.16690971944065	0.6176705521689027	0.9110096397694434	-2.0848438341711666	0.9207552905212828	0.7371926537953134	3.0383287408818913	1.0
553000	-44.764977869087076	-40.09348129446273	-4.671496574624351	-18.991913184150675	-21.10156811031205	0.8239707902400618	0.9966791344184356	-0.8852901805746175	0.41344777994846793	0.39620684783878163	0.48588188140979555	1.0
554000	-43.40707295554762	-39.297800873262524	-4.109272082285095	-19.087962729828686	-20.20983814343384	1.0539971207243373	0.7926829937618223	-0.8906495835154319	0.38373341914072895	0.7687691072678547	0.32299760944214867	1.0
555000	-43.47743626773012	-40.86259944962112	-2.614836818108998	-20.439366177255838	-20.423233272365284	1.0713281879616376	0.7421616024294564	-0.2689560799320374	-0.24243262151179767	0.4370038507965797	0.09271240718175719	1.0
556000	-43.31112928355641	-41.7920305152427	-1.5190987683137096	-20.828629583147716	-20.96340093209498	0.8962874513841684	1.0264028092782431	0.10414610274893654	-0.20033693061659227	1.7310571972323454	0.04343714395253244	1.0
557000	-43.2463548029171	-40.82699236873326	-2.4193624341838365	-20.083888858522684	-20.743103510210577	0.9419888711931905	0.5256770874710719	-0.24461881377013106	0.520009524844965	1.3570079748761588	0.1564760451750392	1.0
558000	-43.22825652360934	-40.65388416875663	-2.574372354852705	-19.941482680639933	-20.712401488116697	0.8946736446449864	0.5268938696851935	-0.27589905623660643	0.5491044494278425	1.233127762158933	0.1328890989448359	1.0
559000	-45.117671741208895	-41.48441828431939	-3.633253456889504	-21.337269701891348	-20.147148582428045	1.2208930387418888	0.7492269681994906	-0.23016731717562183	0.43287103222547607	1.3299073376191388	0.6431800934611621	1.0
560000	-44.99918211578688	-40.84475356924487	-4.154428546542009	-19.397145953267763	-21.447607615977105	0.9901919989397284	0.5962290937711595	-0.629369528934504	-0.5816412912730401	1.735834830360835	0.1392313950322015	1.0
561000	-42.98432963641379	-40.15894404517065	-2.8253855912431414	-20.008629087285946	-20.150314957884703	0.7151748188598388	0.752799555945229	-0.36680689035907255	0.40074837170261207	0.6008088792820844	0.14823938994957953	1.0
562000	-45.881086149543854	-43.87336000826367	-2.0077261412801866	-20.90752303221901	-22.965836976044656	0.7083824460144421	1.2739964073886183	0.1361845123776857	0.19034024219917456	0.9726174177074621	0.13261629873417596	1.0
563000	-44.185912897469336	-42.043668502683396	-2.1422443947859398	-21.523947067886773	-20.519721434796622	0.9382616226896942	0.9146698959675941	0.3058178744654741	-0.08184993773713063	0.6588235447287443	0.02684583698147468	1.0
564000	-44.64679115344829	-41.13941340629405	-3.507377747154245	-20.53605257790496	-20.603360828389086	1.1989335522025408	0.8925675641822043	-0.4706726585600314	0.50773383353176	1.0461052158760376	0.24498066455455825	1.0
565000	-44.19552473519908	-40.32107732782269	-3.8744474073763877	-18.989843859283877	-21.331233468538812	0.9672004217438505	0.48402044862979127	-0.8510288583928127	0.3089194532664711	0.6326608002973925	0.27309065655059667	1.0
566000	-44.34912693231826	-40.55731625216669	-3.7918106801515696	-20.366155765252607	-20.191160486914086	0.6192375002810684	0.6266996700315524	-0.5300097116303892	0.6539836903983747	2.2339113374694963	0.12344738683039641	1.0
567000	-45.52450937524209	-41.11815817673852	-4.406351198503572	-20.536943874894842	-20.581214301843673	0.5552610630343572	0.5169828073366168	-1.1420116111169412	0.9087849933343496	0.9796834267398773	0.48314068164863266	1.0
568000	-45.34745220101098	-39.345805249378856	-6.001646951632125	-18.498174844507915	-20.84763040487094	0.7797821525356085	0.5268583448489759	-1.7299665866079927	0.3807465365886241	0.32872752340662675	1.1341503403899564	1.0
569000	-42.69338065202036	-40.55968031378575	-2.1337003382346085	-20.17427562472503	-20.38540468906072	0.7497525695495147	0.6615997947264606	-0.196903103798019	0.04028144471761783	0.6760038312242433	0.21542979616725835	1.0
570000	-44.60538965037393	-40.69864592788926	-3.906743722484669	-19.277854837259508	-21.42079109062975	0.9604114471018981	0.5511157131512847	-0.6677474326770534	-0.3048176700656347	1.2937231708754613	0.08810818298491371	1.0
571000	-43.20659372904954	-40.31777039539676	-2.8888233336527787	-19.599438260456616	-20.71833213494014	0.9439156899415563	0.5406178326860606	-0.47871352670208933	0.4077865217698782	1.0941584467665346	0.42263692846475254	1.0
572000	-44.17978114081601	-42.09333738744022	-2.086443753375789	-21.82697988344254	-20.266357503997682	0.645800812773682	0.8096560637667014	0.47874772852597647	0.02830600249955234	1.108891597200719	0.10511255294946287	1.0
573000	-45.78470172952231	-42.48926388624954	-3.2954378432727722	-20.34915127498249	-22.14011261126705	0.6299862270319939	1.2359405838896123	-0.4715718356909363	-0.4263183728037936	1.4727814944903026	0.1379893202841836	1.0
574000	-42.42848022555589	-41.43468465706103	-0.9937955684948582	-20.9749661450805	-20.459718511980522	0.6116454612249888	0.894287467608729	-0.09753220802677362	0.1619125010008972	1.1048517522497379	0.07937710561002732	1.0
575000	-42.60166366574677	-40.11571905595004	-2.4859446097967335	-19.677687189509342	-20.4380318664407	0.8508139356418382	0.6154485621943789	-0.4034415698547977	0.2062252088655841	0.9463114558435208	0.04608172809927598	1.0
576000	-43.56906956538229	-39.37237496569041	-4.196694599691881	-18.832411167942002	-20.539963797748406	0.821649543169687	0.7414953870852558	-1.0322954319776398	-0.37336864650955537	0.6642709905279192	0.5285260064858848	1.0
577000	-44.64961007312023	-41.15388222876943	-3.495727844350796	-20.100999948596936	-21.052882280172497	0.7048243823420819	1.0071149060649158	-0.33313547684555	-0.688029875677129	0.721332748172492	0.29485067070864346	1.0
578000	-46.641068536266516	-44.47855531252557	-2.162513223740946	-21.00074492805645	-23.47781038446912	0.6279847406179795	1.319765856586227	-0.00860702528084395	0.24347712848153458	1.747586269927846	0.10623334055227948	1.0
579000	-43.23490026049857	-41.432848522730694	-1.8020517377678775	-20.632425957637153	-20.800422565093545	0.6235218570949362	0.9665927372937524	-0.2822275116233659	0.2393003611097178	1.304397835129116	0.11186607974823082	1.0
580000	-42.45165260847233	-40.041056950831276	-2.4105956576410557	-19.78256470770476	-20.25849224312652	0.9975922498374049	0.7981405281978322	-0.4428598946141926	0.015479495260182163	0.9374650179708082	0.15116919418988095	1.0
581000	-42.11658203058168	-40.01424375528972	-2.102338275291962	-19.6814694594462	-20.33277429584352	0.8257383317363135	0.7478995121867273	-0.4093744051180257	-0.12941834691856755	1.3967626219504354	0.15670617848465462	1.0
582000	-43.74883280140735	-40.58814258475102	-3.160690216656337	-19.545769592840088	-21.04237299191093	0.8587534370470054	1.0423301539151932	-0.47727546160002016	-0.338312880996397	0.6935245391108642	0.22826900293736618	1.0
583000	-44.60161799859484	-41.23183299512726	-3.369785003467579	-20.169869713228955	-21.061963281898304	0.9862214851717881	1.0338070651929203	-0.25522715756771	-0.537427290621848	1.0577156843405444	0.38665878649377894	1.0
584000	-42.91961514215023	-41.123690554069306	-1.7959245880809247	-20.539353539874377	-20.58433701419493	0.7495024049481892	0.6254390061489163	-0.001970398480363844	-0.025280755224693363	0.623828366775839	0.1579502158614078	1.0
585000	-44.54921678697421	-40.4537397807766	-4.0954770061976085	-19.247599730632864	-21.206140050143734	0.872043720514195	0.9968324083991803	-0.6570867375047309	0.5126885483613316	0.6655184595897204	0.18302624603547585	1.0
586000	-45.65472841501641	-40.16663078799835	-5.48809762701806	-19.499333780786216	-20.667297007212134	1.4240411623074445	0.5470861775771589	-1.7455677280966877	0.41411847412375835	1.5238975221624045	1.3737994876314685	1.0
587000	-43.59298902125702	-39.08676887425	-4.5062201470070224	-18.750023614491038	-20.33674525975896	1.116771791918172	0.7867882158874421	-1.2384293423544885	-0.16212443890898365	0.9544524986049604	0.8778541430432204	1.0
588000	-44.33800719648556	-42.16414818335052	-2.1738590131350426	-21.683053711284074	-20.48109447206644	0.5277297460778074	0.7039316291571877	-0.16057971855041803	-0.22267021923518643	0.33270570898035523	0.04113464886242692	1.0
589000	-42.678795168877	-39.87018532356171	-2.8086098453152966	-19.48221560627566	-20.387969717286047	0.8703555054709368	0.6013558818128764	-0.5131359506820707	0.37479279688403005	1.2164906429506437	0.3870027724797504	1.0
590000	-46.686867279368705	-40.533412519208355	-6.153454760160348	-19.279252118386985	-21.25416040082137	0.7045506905284507	0.7425020682595671	-1.0492744562793508	-0.9500390659420401	1.489729859445023	0.22523695121647583	1.0
591000	-43.24200134624538	-40.508672118471395	-2.7333292277739845	-19.61833571341576	-20.890336405055635	0.9597156906470119	1.0042732879502658	-0.48254661156907686	0.001245773104640635	0.9984361232772788	0.17968866537771788	1.0
592000	-47.75968419140868	-41.93928474911283	-5.820399442295853	-20.972565209163154	-20.966719539949676	1.4811703203261815	0.4474370130067915	-1.0173841386281433	1.3602370008303413	0.7342839048852547	0.5776556239056445	1.0
593000	-44.704931783246586	-40.792234447526454	-3.912697335720134	-20.050646563825627	-20.741587883700824	1.0175481933402881	0.517367816738291	-0.34725334918496176	0.6109316141070523	3.0696490588726157	0.22373787212011403	1.0
594000	-41.854415408938216	-40.15055636625758	-1.7038590426806322	-19.91470967762971	-20.235846688627873	0.8569950750236985	0.7157701019415339	-0.2771443045458878	0.0911668959999281	0.6364147331294825	0.027148787445528354	1.0
595000	-44.92861810509839	-40.87876671916578	-4.049851385932606	-19.363138639088582	-21.515628080077203	0.9521530696585615	1.0473727464234197	-0.6125615388563865	0.4769926279032646	0.6638032148807159	0.6893009028461897	1.0
596000	-44.35002815861498	-39.679067902666546	-4.670960255948437	-18.769019462873892	-20.91004843979265	1.0654935952266467	0.4973315865615499	-1.1238149668786934	0.611631056173058	0.9867842866363656	2.5771914509330025	1.0
597000	-43.551639930210854	-40.29733994055934	-3.2542999896515115	-20.05013431189591	-20.247205628663426	0.649892247341694	0.783961308142192	-0.609206005660065	0.019340252839497418	1.831755208444635	0.7911319845070259	1.0
598000	-45.69722993222654	-42.45301216292317	-3.2442177693033654	-20.7434451723929	-21.709566990530277	0.5669728819313622	0.4596638492410514	-0.6458345603203106	0.23841773786839426	0.784271591827707	0.0966517291754022	1.0
599000	-43.021977915091064	-40.671217701294424	-2.3507602137966375	-20.127118665739847	-20.544099035554574	0.9035671248160643	0.5719321854136198	-0.19419367576025665	0.367010644010365	2.4270044397121997	0.15963976228005256	1.0
600000	-46.67303502923585	-43.08818140180036	-3.584853627435489	-22.841227613818287	-20.246953787982076	0.8396330248708422	0.815963813940662	0.8208610993232116	0.2308454489352324	0.8309361322319352	0.4282549971781175	1.0
601000	-43.59787865711188	-41.297202246734244	-2.300676410377634	-20.662600675576556	-20.634601571157692	0.8563339163413983	0.9234206352352271	0.06557436125024135	-0.38011339297694086	1.3375959358504896	0.16948785034749533	1.0
602000	-47.50897635052817	-43.23234876766417	-4.2766275828640055	-21.305438916913197	-21.926909850750974	0.5126223330969382	1.1245752506536846	-0.8018443436629364	0.34332811952348274	0.5425044221363152	0.19271202889256023	1.0
603000	-43.864009852809076	-40.30589643831708	-3.5581134144920012	-20.142145334871085	-20.163751103445996	1.0611376709103322	0.7644505645727964	-0.37291654982555067	0.33985350164019273	0.3392079240292732	0.12620800676640995	1.0
604000	-42.34129802899207	-41.07212621647268	-1.2691718125193852	-20.179410933714664	-20.892715282758022	0.8074948603382776	0.5680006631866494	-0.14803601443195025	0.010192019294347612	1.8261562984212742	0.1417308233301101	1.0
605000	-45.97976166484988	-42.06244652423709	-3.9173151406127937	-21.541373211865842	-20.52107331237125	1.4314173832938928	0.9017164785916619	-0.6487092565197927	-0.23804114715014918	1.2943467452401978	0.21103728566926927	1.0
606000	-43.081398326930206	-41.7536384398556	-1.3277598870746037	-21.132785630856745	-20.620852808998855	0.6530151661124338	0.9393282494053945	0.148073112480653	-0.21857811026989593	1.129800288352626	0.0835667524513448	1.0
607000	-41.78989146001352	-40.635815867276904	-1.1540755927366164	-20.373980629393984	-20.261835237882917	0.8283355043411144	0.7654216501854962	-0.051969872562110386	-0.02292807460344637	0.5525739342202449	0.062241971086180146	1.0
608000	-44.121251948442286	-42.09960690702417	-2.02164504141812	-19.6145917307082	-22.485015176315972	0.9026638189231291	0.4494591293814763	-0.4455931612964173	-0.2025201672376984	1.8378324994760133	0.1599354943501997	1.0
609000	-46.600712964668226	-40.58768248478802	-6.013030479880209	-19.483975438709052	-21.10370704607897	1.2640006963158235	0.5689495454395791	-1.1237399422764687	2.077947958476476	1.0423154518201894	1.3753394463304582	1.0
610000	-43.29110866355735	-40.23139581631856	-3.059712847238795	-19.604868227739118	-20.626527588579442	0.7200471357280607	0.9438188316276969	-0.6508394827247872	-0.1708857721244213	1.38474074870512	0.3208542558951367	1.0
611000	-48.0373219272357	-43.311760881216685	-4.725561046019019	-22.491205702697734	-20.820555178518955	0.8186306732866406	0.8780215758703697	0.7382269009149444	0.8200464632809502	1.8518313773206498	0.2631666047579309	1.0
612000	-46.96621789788067	-42.89966376025629	-4.066554137624381	-21.800150695636415	-21.099513064619877	1.4944606056452945	0.48230793411303635	-0.7239689379697507	0.5589119157142857	0.6969848432862249	0.43277842457774285	1.0
613000	-43.36250446043396	-38.335269361691104	-5.0272350987428585	-18.16635777888654	-20.16891158280456	0.8924692418590724	0.711026362450052	-1.742649320851	0.25895552098221847	0.7822992937786102	1.4149964967332904	1.0
614000	-45.2655847917783	-41.52598134881093	-3.7396034429673692	-21.370077032438427	-20.155904316372506	1.0519376298433245	0.7311621454298863	0.09220967792186752	0.2744218075169415	0.40131667371381324	0.48358666572231385	1.0
615000	-43.10923016257432	-39.21929164622976	-3.889938516344557	-19.07812576544563	-20.141165880784136	0.9497035603110222	0.6804926120413818	-0.7816363064975899	0.4645576107550239	1.9101798955273595	0.2647297595542428	1.0
616000	-42.74090835119058	-41.002284704273904	-1.7386236469166785	-20.655104979660706	-20.3471797246132	1.133802047306412	0.8509294754677386	-0.29666033292411337	-0.029241400743052537	1.1819271425450555	0.04113726550483824	1.0
617000	-45.92647035814899	-39.410671437892816	-6.515798920256173	-18.236007083376588	-21.174664354516224	1.1715754291768932	0.8079618238179512	-2.398043836980513	1.3529188131993328	1.740992422880909	3.349498511202566	1.0
618000	-44.237374780763105	-40.09481378955604	-4.142560991207061	-19.768027149729065	-20.32678663982698	0.7640912461096743	0.6007992286221999	-0.42066248030861453	0.49152510853968595	0.5724626920507839	0.06740541291443966	1.0
619000	-42.084031210597225	-40.00178405589632	-2.0822471547009034	-19.71274695989554	-20.289037096000783	0.7662715246967103	0.7009273454987099	-0.4529289730006844	0.037463657948755946	1.885797067783313	0.12462442732930792	1.0
620000	-43.81419166868109	-41.067293227823356	-2.7468984408577315	-19.740640231878267	-21.32665299594509	0.7282593536242907	0.4550137133136567	-0.518857779142126	0.6415758883837984	1.3955392180119395	0.3204476240691959	1.0
621000	-43.869797218767765	-41.20301328460978	-2.6667839341579858	-20.649943366870605	-20.553069917739172	0.7737059714945396	0.7801067096228038	0.06748061102273512	-0.4415794464646564	0.8624570171104408	0.04238935202217059	1.0
622000	-44.35747709183053	-38.99237032736784	-5.365106764462698	-18.266486307751403	-20.725884019616434	0.8441979749639089	0.9645803267085166	-1.749227125815243	0.08406727969247008	1.2130550076963555	0.7784785590497327	1.0
623000	-46.733573342597715	-41.64933731474559	-5.0842360278521275	-20.423102195224118	-21.22623511952147	1.3128143487345878	0.8265640953845895	-0.7806145378738942	-1.0423270384820826	0.9762425645963018	0.4382789734479651	1.0
624000	-43.09529965738867	-39.27662773399594	-3.8186719233927375	-19.051612977821033	-20.225014756174904	0.9335119608978368	0.6245171987370725	-0.7905227245171168	0.5438659619142682	0.7597400656210933	0.3737815987716839	1.0
625000	-46.031070826886335	-40.869326395843586	-5.161744431042749	-18.354878706090954	-22.51444768975263	0.8858134075599359	0.3809061699551996	-1.4355333647538415	0.5901189497322921	0.5734391074879255	0.6069050874815431	1.0
626000	-42.51624938345535	-40.17528533063039	-2.3409640528249627	-19.91088585288584	-20.26439947774455	0.7163423421430525	0.7641920345881663	-0.4308250674362756	-0.02776143331978552	0.7866886662769031	0.0505629630314706	1.0
627000	-44.873718330931254	-41.302767750282044	-3.570950580649207	-20.638894137096372	-20.663873613185668	0.8974256571049575	0.5194316201764837	0.02860090699196688	0.7070437506938678	0.5674714706712473	0.14494255709313403	1.0
628000	-43.23423217065871	-41.04268447285868	-2.1915476978000274	-20.66387408835237	-20.378810384506313	0.739193532231131	0.8565327253488246	0.050605494280914876	0.3585756758446736	0.7363448701958325	0.03330963391760996	1.0
629000	-44.444608294736575	-39.0582374067728	-5.38637088796378	-18.554989003401865	-20.503248403370932	0.7876900146323037	0.5211712298294914	-1.524250969352972	1.105351331856828	2.228522268001245	0.6744377716948488	1.0
630000	-44.64637008875684	-40.17571984348041	-4.470650245276432	-19.932870834988897	-20.24284900849151	1.237875564755798	0.7118318369572081	-0.816529364094032	0.08728015658723734	0.3766955556000484	0.26367539202308693	1.0
631000	-45.93824989504153	-42.1565789352094	-3.7816709598321268	-20.773214109329018	-21.383364825880385	0.86678229089154	1.0762122550026003	0.10463091273922032	0.15340513016905022	0.2532626770094752	0.2560775063605277	1.0
632000	-50.314873676651445	-43.7605021231599	-6.5543715534915385	-22.7923181167082	-20.968184006451704	1.886641235050296	1.0109812406853496	-1.7446824926342526	-0.5198446267022241	0.3369573745666133	2.3891442157115357	1.0
633000	-43.65544636317681	-40.47423049832377	-3.1812158648530335	-20.092416458063738	-20.381814040260032	0.7181352869101324	0.869007614682956	-0.3042539439307812	-0.00012992195808803064	0.9298184480332471	0.7095080104127908	1.0
634000	-45.77255174803581	-42.99476330813468	-2.777788439901129	-20.79789777616989	-22.196865531964793	1.1374225661316522	0.48510446601451696	-0.25110496429887663	-0.3387596735927261	0.9188262778144527	0.38668559161747196	1.0
635000	-45.535473440457764	-40.67394645221929	-4.861526988238474	-20.22301450281995	-20.45093194939934	0.7289537802684607	0.5588049368670198	-0.20146255968833182	0.6410995065972426	0.22684188569292768	0.5055486256756966	1.0
636000	-44.78334307407586	-40.38028344214037	-4.4030596319354895	-20.082683926088798	-20.297599516051566	1.100617029578336	0.7755204841272081	-0.4644246210729853	-0.09335077661118468	0.18838340585727265	0.1623944263587236	1.0
637000	-44.714565250343306	-38.898676304447136	-5.815888945896168	-18.04026171231187	-20.85841459213527	0.9925680291202859	0.7380173905884884	-2.569228022175739	-0.6552177153867862	1.2718106666537723	3.6635886672547087	1.0
638000	-46.18859407200082	-41.91315101824919	-4.27544305375163	-20.71131322523492	-21.201837793014267	0.7060554826718228	0.977139072434675	0.031930189986802526	-0.9439018072899956	1.5098206809370052	1.5374924195678126	1.0
639000	-42.774791351188725	-39.72255460908344	-3.0522367421052845	-19.37876553581117	-20.34378907327227	0.8865179041632818	0.8557904604790759	-0.5744964770501979	0.050622875249723975	0.7095026625196378	0.11289194783340868	1.0
640000	-42.67224815801614	-40.89509961809979	-1.7771485399163436	-20.2345364334501	-20.660563184649693	0.962463733425962	0.616117636527472	-0.2000792596516749	-0.05583232171370406	0.35237299485027757	0.03793947118716061	1.0
641000	-43.94665958060867	-43.87739663920276	-0.06926294140590739	-21.73129960952007	-22.14609702968269	0.5369073618793643	1.2101750530495776	-0.03555318128484192	-0.06504302367052384	0.7737127889281354	0.0235102403460279	1.0
642000	-43.547598683621956	-40.78537646298504	-2.7622222206369127	-20.036969062076768	-20.748407400908274	0.899666159959408	0.9504044529406652	-0.23327010756524375	-0.46541884195905536	1.111043767130725	0.0935264392126131	1.0
643000	-43.7479733232793	-39.28009086575785	-4.46788245752145	-19.026770185904034	-20.253320679853815	1.0178560254241211	0.7859361369915616	-0.8782859313518319	0.006244845226364648	0.3912174928816767	0.38400391009508306	1.0
644000	-48.25897590261832	-45.76713996068037	-2.4918359419379517	-22.15304761183369	-23.614092348846683	0.5445985295083432	0.3387474306368211	0.30937412720637236	0.4616099955505554	0.7600015550447813	0.37681556323464227	1.0
645000	-45.90580754493611	-42.8991340143189	-3.0066735306172068	-22.204961919665987	-20.694172094652917	0.5412558088804585	0.9062666123649964	0.3221102062318548	-0.5359378334072914	2.522395040415607	0.1913964282269493	1.0
646000	-43.65121405564625	-39.596265342597825	-4.054948713048429	-18.862525602955206	-20.73373973964262	0.850932097449195	0.4940034988640405	-0.9554327652377475	0.9358492637680506	1.104282260053281	0.6784099908839584	1.0
647000	-45.243807562265076	-41.0022235459271	-4.241584016337975	-20.66732125187452	-20.334902294052583	1.1583017987191695	0.6812955299507062	-0.33875083994607547	0.03259346959453552	0.326439576582242	0.5858611456149221	1.0
648000	-45.5961149223462	-42.87124353547249	-2.724871386873712	-21.19706875631136	-21.67417477916113	0.7646407392784813	1.1423067190553704	0.3050703184901552	-0.05319283041208295	1.0640639641670375	0.30947999775967605	1.0
649000	-45.340353202665796	-41.926706209515295	-3.413646993150502	-20.00900266267402	-21.917703546841274	0.9948327100044038	1.093647858915014	-0.33575043086006107	0.510580549764709	1.3060375874143844	0.2699515518233686	1.0
650000	-44.128603848141815	-41.07473020656863	-3.0538736415731815	-19.41244389608514	-21.66228631048349	0.8954842268032426	1.1241423955535097	-0.555955396076504	0.0993722528746637	0.8228107005955623	0.15968168551760395	1.0
651000	-43.209942773570816	-41.49341083250763	-1.7165319410631896	-20.88538468757187	-20.608026144935756	0.8581481002178708	0.6993846523350532	0.1545562380450149	-0.3412230453317326	1.1345049924830635	0.08674024513378775	1.0
652000	-44.25175990758223	-42.27704597546165	-1.9747139321205887	-21.965471048134784	-20.311574927326863	1.2420722269514297	0.8438592123063516	-0.07805767600824742	0.10202853993701556	0.6884096266022501	0.12072634033454288	1.0
653000	-41.58391447640775	-40.4033372335171	-1.1805772428906516	-20.219006140368094	-20.184331093149005	0.9440418451077973	0.7524775026809595	-0.18741793662506442	0.17242395447041223	1.3453350902879315	0.05011039117826031	1.0
654000	-43.020203898922134	-40.6430946872473	-2.377109211674836	-20.50221089345329	-20.140883793794004	1.085143266100992	0.7180373696500821	-0.26769155503370334	0.35176850352658906	1.0026780391122663	0.06997909228271074	1.0
655000	-45.9545354801646	-41.58897425864028	-4.3655612215243265	-20.242964652123472	-21.346009606516805	1.2031188508192785	1.102963125907073	-0.5983565724612271	-0.42087358101258376	0.5374521255689754	0.12664998074298384	1.0
656000	-45.46461989988131	-41.45249711393738	-4.012122785943927	-20.351239457809168	-21.10125765612822	0.7488358016115294	0.49135957132234154	-0.10042598784581919	0.4569553616327943	0.5458202681411042	0.02845989093470404	1.0
657000	-43.14832616931746	-41.26358694694821	-1.884739222369246	-20.96107664793183	-20.302510299016376	0.565355458628038	0.8332047364057594	-0.43701373744996674	0.022263241845202883	1.1810725437285103	0.06668467216764863	1.0
658000	-46.39098388656538	-39.21915649643148	-7.171827390133902	-18.11668378074701	-21.102472715684474	0.9974045541324933	0.9984040301728582	-1.7270167614337193	0.40302867036698575	0.32337167298305847	0.5050064127502248	1.0
659000	-46.420558001214424	-40.84018306203958	-5.580374939174845	-18.915253675262665	-21.924929386776913	1.0789571554783401	1.143042288937448	-1.043297608208704	-1.117139823240466	1.3920635457065176	0.7013916688925206	1.0
660000	-44.83454044835459	-42.07431346108467	-2.7602269872699186	-21.75011658883451	-20.32419687225016	0.6175325181056004	0.8296353328642003	0.37955389725941857	-0.07180149579272158	0.47708341106710456	0.19624951621958392	1.0
661000	-45.33115657005558	-44.53371992060743	-0.7974366494481551	-24.298962010198668	-20.234757910408764	1.4973350159909162	0.7677557413467828	-0.019991291994627597	0.0369820389667839	1.3355211492596062	0.0296994328579173	1.0
662000	-46.554632909206255	-44.23931539470024	-2.3153175145060114	-20.154964384140218	-24.084351010560024	1.0042463869568279	1.4139464684889327	-0.28451001018139765	0.0716938799860587	0.9535418255610101	0.09105947840102954	1.0
663000	-43.00402692936256	-41.41052003189745	-1.5935068974651148	-21.214418048489733	-20.19610198340772	0.8508261039071847	0.766726884214759	0.28485602726071424	0.1477882782128309	0.8382501279518136	0.06083697151750896	1.0
664000	-43.998574889386326	-41.32496783377276	-2.673607055613563	-20.85962647589521	-20.465341357877552	0.5632991990838755	0.8553324418574313	-0.561875796487771	-0.3029483212021181	1.2602542473833616	0.13400507152467503	1.0
665000	-44.016713799897	-41.44457689195279	-2.572136907944204	-20.29518683554085	-21.149390056411942	1.0724934259805834	0.5588210846506108	-0.32815333086812504	-0.14955518951764382	0.9229349671250734	0.3218105068583332	1.0
666000	-42.18045847166124	-40.48290981575621	-1.6975486559050335	-20.303443551520793	-20.179466264235415	0.7293662208505282	0.6687227426910355	-0.15404074302790674	0.3825561577703949	1.169276303304998	0.09112647689720774	1.0
667000	-41.94966925809558	-42.498162560711066	0.5484933026154835	-22.051757211602304	-20.44640534910876	0.5081227449865027	0.661067429670847	-0.051323294350577364	-0.034725643411419926	1.9433175230025272	0.033828877116930195	1.0
668000	-46.71002233718746	-41.7479802826837	-4.96204205450376	-20.91033535596246	-20.837644926721243	1.5677550663716764	0.5698253918207931	-1.3560728251122103	0.049947421757704336	0.7406820810745506	1.1508466675216904	1.0
669000	-44.01075254807948	-39.303841560412046	-4.706910987667436	-18.73226223205849	-20.571579328353558	0.977945080381	0.6177964233657675	-1.0424251812631677	0.029240387050207317	1.210438077386549	0.17881597504183286	1.0
670000	-42.91465064103277	-40.7699468484539	-2.144703792578875	-20.352614098784702	-20.417332749669193	0.9001633371652344	0.8723749334255427	-0.09227946351832747	0.30626354611889267	1.6125817478537956	0.1410709570155079	1.0
671000	-45.60464408660241	-40.64059051276939	-4.964053573833022	-20.473772091494066	-20.166818421275327	0.9060636267622507	0.6345684521884085	-0.04574761660373616	0.7278567366526378	1.9442260639843782	0.06292166100135652	1.0
672000	-43.138020113181724	-40.637576553302175	-2.5004435598795505	-20.03874058760681	-20.598835965695365	0.8351581402545658	0.6609748683966313	-0.21374241533468974	-0.20112244186888717	3.203721549638448	0.11249531677215349	1.0
673000	-45.002804865012195	-40.010759132666536	-4.992045732345656	-19.886450094296475	-20.124309038370065	0.6465349232801283	0.6858671199852928	-0.7944052146132332	0.5787401120116071	1.3572866882943586	0.11798249602963028	1.0
674000	-43.55606135595088	-42.97015114396289	-0.5859102119879945	-21.061588032348972	-21.908563111613915	0.6479025621127966	0.49400527187664733	0.09466961642159072	-0.2247580096784595	1.7095997357393249	0.08286511778393309	1.0
675000	-45.650932091269574	-42.16516797904212	-3.4857641122274594	-20.908875448430564	-21.256292530611553	0.911251800930818	1.0707765630769766	0.12085071940134062	-0.632863272046042	0.5936166089320267	0.2149930095737136	1.0
676000	-43.21461039813637	-41.07771021648628	-2.136900181650091	-20.281459735338345	-20.796250481147936	0.7169534581047323	0.9874669701485741	-0.18979710517064496	-0.23529165908858685	0.5578894123504581	0.10492262144106332	1.0
677000	-43.99331447401838	-41.480264568355366	-2.513049905663014	-21.089892931321828	-20.390371637033542	0.6953524182139369	0.8658580560605884	0.20813454685846378	-0.07993171634567398	0.6433439389619072	0.2717612666495022	1.0
678000	-42.77646610144629	-40.84656204288757	-1.9299040585587193	-20.668344378800306	-20.17821766408726	0.7433530057594742	0.7221148534658263	0.05671073940841759	0.21019020402399813	1.1608844491305301	0.24470802432418964	1.0
679000	-43.67744917515373	-38.715985533354356	-4.9614636417993765	-18.28765238963984	-20.42833314371451	1.014613473207944	0.8570242358002891	-1.4940723447955397	0.47224434491887723	1.3244770813120428	1.2996041882617961	1.0
680000	-41.91075865558959	-40.698246730303836	-1.2125119252857517	-20.539073463727316	-20.159173266576524	0.745493194735571	0.7545360915405432	-0.005942907186418045	0.2923815189262008	1.0859270421029437	0.062299972039437185	1.0
681000	-44.822831974738136	-41.34514936404868	-3.4776826106894543	-21.20041218970329	-20.14473717434539	0.7856129158877966	0.6944151542061089	0.3066469899026283	0.7585553758047643	0.7154591637342326	0.37318291516507524	1.0
682000	-44.1416352987955	-39.91929946618109	-4.222335832614411	-19.36311357615831	-20.556185890022782	0.8051864729458805	0.7561069729166311	-0.6303050408394558	1.1340614963233193	1.0527867012956584	0.7075710893734053	1.0
683000	-47.19908271242301	-40.28316048288663	-6.915922229536378	-18.77115151025649	-21.51200897263014	1.3264331230148467	0.5371261409797355	-2.259760485815497	-0.2761787132475434	1.5538916615689629	0.7833900827289474	1.0
684000	-45.00055718982661	-42.265781076218104	-2.734776113608504	-21.17673317077586	-21.089047905442246	0.7785219721873023	1.016385139757769	0.2975353354579823	0.2574339675557541	1.2354953852291914	0.31991712661496635	1.0
685000	-42.91103875251327	-41.323123196428185	-1.5879155560850848	-20.902911869636966	-20.420211326791218	0.7554868365300318	0.683333096313486	0.17534855630946872	-0.0874584793757357	0.8744722105756919	0.14874771562005343	1.0
686000	-44.47409051404122	-41.00592150054554	-3.468169013495686	-20.222670697623144	-20.783250802922396	0.5888252992400417	0.5103488427146489	-1.0221547332953054	0.6314161264339224	1.244244379078571	0.9139075877525628	1.0
687000	-43.80528425728919	-41.25661228590406	-2.548671971385125	-20.0636116391084	-21.19300064679566	0.8087649265281787	0.5834008721587024	-0.2069826640521517	-0.33365329500633994	0.6306002500912455	0.2459305202606187	1.0
688000	-43.00736065318852	-40.7229212680221	-2.2844393851664204	-19.55715526496678	-21.165766003055317	0.8506047954845395	0.5568702979953716	-0.4722920200025953	-0.14975529554164152	0.8488179563483579	0.15231861798803786	1.0
689000	-44.48877872002621	-38.61606307842909	-5.872715641597116	-18.23920066324993	-20.37686241517916	1.0663028463878992	0.5868340340940773	-1.6442103365650724	1.3741694888950848	0.5189114770529829	1.7891767221814054	1.0
690000	-44.105915520171436	-39.942595689626195	-4.163319830545242	-19.81865136646215	-20.123944323164046	0.8342362183965658	0.7107698940290103	-0.32910925510946076	0.5102820418284763	0.5336061242847105	1.0763164204044464	1.0
691000	-44.72346942390354	-40.32820381010187	-4.395265613801667	-19.923341922346292	-20.404861887755573	0.8162799974767189	0.6572069938979734	-0.27837843148284824	1.3159546769982469	0.775377333699232	0.8101334597466362	1.0
692000	-43.78714348995268	-42.04584650029511	-1.7412969896575738	-21.549450270631297	-20.496396229663812	1.2390064897186581	0.9089759164845671	-0.19910380509730857	0.0029319748428385806	0.7659600770324092	0.08029935377964288	1.0
693000	-43.071706059023	-41.27202879191225	-1.7996772671107517	-20.84716551923617	-20.424863272676077	0.637073266363859	0.6055749554207932	-0.07064691283685626	0.28793338688615516	0.6039733701106157	0.111941793699279	1.0
694000	-43.189536998330304	-40.502526853246785	-2.6870101450835193	-20.357830421039935	-20.14469643220685	0.7863317606227109	0.7454748242825359	-0.06727221504045333	0.4656530770581781	0.8863574289032126	0.3417250877660522	1.0
695000	-42.871176498361784	-39.89714208246768	-2.9740344158941006	-19.619228600597406	-20.27791348187027	0.8762750369128826	0.7010062087213583	-0.4357236270542663	0.05527864993062881	1.4535500196998659	0.5593877204832644	1.0
696000	-42.99228448377348	-40.31352985890918	-2.678754624864305	-20.018820616737273	-20.29470924217191	0.6807569186413898	0.8171471968141965	-0.47571916834488226	-0.03299906097811389	1.673615550639054	0.04692009924246663	1.0
697000	-44.08435787529849	-41.26718715749885	-2.817170717799636	-20.55425571226974	-20.712931445229113	0.8113626922543413	0.9029601289246838	0.031017888328480847	0.5806873036574081	1.2938775898739436	0.2392459601987234	1.0
698000	-42.96536775657486	-40.625490919177565	-2.3398768373972887	-19.968472507314477	-20.657018411863085	0.9891252678515432	0.9498336779936764	-0.346847009520589	-0.22689221398782802	1.1257213146497078	0.09985117333659392	1.0
699000	-43.683636083865785	-39.461196012313884	-4.222440071551901	-19.173028885209085	-20.2881671271048	0.9733408961976802	0.7343260621507552	-0.7405923272042889	0.9222489748689708	0.9124502944561158	0.6771490667870299	1.0
700000	-43.4437799622178	-40.9248513998303	-2.5189285623874986	-19.78480020245972	-21.140051197370582	0.7577895333436733	0.5053658860171594	-0.4206657686583534	0.27868070139107526	1.5427858270033326	0.525909853861293	1.0
701000	-44.68294440105188	-41.64326863383932	-3.0396757672125556	-20.153186306092664	-21.490082327746656	0.6216077662938083	0.5408935057186587	-0.7201678345234526	-0.28640522974812244	2.136566055575887	0.1334580990047519	1.0
702000	-42.97356348511471	-40.12144039009661	-2.8521230950181033	-19.786928473459625	-20.334511916636988	0.7184868397852022	0.6008221403974762	-0.5139643055842354	0.4755902679456092	2.2790085254172268	0.17633499557280183	1.0
703000	-45.46762344075895	-40.7582554124222	-4.709368028336749	-19.722965322368488	-21.035290090053717	0.7180097165566736	0.6340824777046293	-0.5639534598708875	1.8684425328831782	1.5204909181293365	2.192507158258153	1.0
704000	-44.847799675490776	-38.62666085181776	-6.221138823673016	-17.995690612701964	-20.630970239115797	0.9492856097760066	0.6323364170925769	-2.19476484163381	-0.10816961749569226	2.0239159620869343	10.650014310767332	1.0
705000	-43.48026318949456	-42.14054378665277	-1.3397194028417871	-21.68542748274635	-20.45511630390642	0.5095623002550145	0.6722730985647287	-0.37872937415023356	-0.0894007604607927	1.583664623133223	0.1323265471889043	1.0
706000	-43.64077047405166	-39.937259195214466	-3.703511278837194	-19.79442970892064	-20.142829486293824	1.0807801842734492	0.7298433667703979	-0.5588280839550432	0.3377858525133449	1.3416979004529468	0.08608130294785063	1.0
707000	-43.92587354773167	-41.833531334124444	-2.092342213607221	-21.140437875533916	-20.69309345859053	0.5611277771123341	0.9503806766873134	-0.31197856220466874	-0.34392448848464324	1.0714210058523832	0.10487254692158574	1.0
708000	-44.38875721481699	-41.7236347657028	-2.665122449114194	-21.241746990999694	-20.481887774703107	0.5662004467264521	0.8612224966248563	-0.1838591540676326	0.5366804184379608	1.244143673296986	0.07980205526914551	1.0
709000	-43.44225833499526	-40.46016592971924	-2.982092405276018	-19.563068694661972	-20.897097235057267	0.8956492268514826	1.011072898679778	-0.4709110232004115	-0.26928799561299555	1.5184308157680402	0.15293891555118116	1.0
710000	-43.86405471531329	-38.943953389038036	-4.920101326275253	-18.50229784748414	-20.441655541553896	1.1207451777686168	0.8592896441508231	-1.467415937054908	-0.24817028617343023	1.0119101394629124	1.0841680815810715	1.0
711000	-47.69694518756189	-43.98041699108377	-3.716528196478116	-21.353631504658527	-22.62678548642524	0.9364332757707039	1.3096996003953614	0.2513776408279273	-0.5412453246901283	0.4661587838441746	0.1403459106656666	1.0
712000	-45.22671048567315	-40.4070828032588	-4.819627682414348	-19.766678744543686	-20.640404058715113	1.1328194436568795	0.5536312714656503	-0.6662552054668902	0.3912580088112301	0.3681051566896812	0.12040212129382095	1.0
713000	-42.65947962514241	-41.96343327830724	-0.6960463468351705	-21.178247870322764	-20.78518540798448	0.9758081245095781	0.5596597169587849	0.1416644129730914	0.17517632983471432	1.3317092771173864	0.03667442098421491	1.0
714000	-45.09666028797362	-40.7744922115168	-4.32216807645682	-20.496012913197855	-20.278479298318942	0.8198350347765261	0.5940291831054776	0.00442178671653265	1.1636169327173267	0.6136768632215476	0.5347839321628323	1.0
715000	-43.64828325802266	-41.36294983909903	-2.2853334189236314	-20.502686633481474	-20.860263205617557	0.8441695747587039	0.5315268880947994	0.00256425251815251	0.3243455562057277	1.0553206578816172	0.3511845389138756	1.0
716000	-47.532590252833444	-42.34183569307934	-5.190754559754108	-21.27658355634432	-21.06525213673502	0.5648356086675757	0.97111156508345	-0.16665014340165663	-0.8225304550589452	1.2747665979725429	6.1939523505614655	1.0
717000	-45.09879065519726	-40.052444850893096	-5.046345804304163	-19.19971155664431	-20.852733294248786	1.181881879197452	0.871291283496622	-1.078380721167634	-0.7557040011461736	1.6023058750366306	0.7916176397872949	1.0
718000	-45.349989723772154	-40.24136211543359	-5.108627608338562	-18.164729542661757	-22.076632572771828	0.983869924816681	0.3642292454692732	-1.637098971166479	1.2943250808175366	1.591309378865557	1.1236573215935661	1.0
719000	-42.18819342763255	-41.999458758549196	-0.18873466908335268	-21.080227879969414	-20.91923087857978	0.6828162221649668	0.5659843217259112	0.1836957136544881	-0.00061053458593191	1.6786567268717334	0.04620825170989122	1.0
720000	-44.621473488099845	-41.030709584265274	-3.590763903834571	-20.240209729111527	-20.790499855153747	1.204549619748719	0.962779278662394	-0.6026196680542492	0.25661227448531326	1.1625777925968002	0.1494473845625278	1.0
721000	-43.49450888039083	-41.66876163839724	-1.8257472419935876	-21.425514770896516	-20.243246867500726	0.9515695863749578	0.7991279021996838	0.2566283262246758	0.06817829844631923	0.4883432837878291	0.04828202430047345	1.0
722000	-45.662739556005434	-40.92116139801941	-4.7415781579860266	-19.244474197665035	-21.676687200354376	0.8630830361449155	1.0811759878619411	-0.6619357987787855	0.4070929637477947	1.5650369692532287	1.8024898944560817	1.0
723000	-43.59365760420326	-41.88970467729585	-1.7039529269074039	-21.49526142904163	-20.394443248254223	0.5297064929378689	0.8653705788807591	-0.30968857944719114	-0.09883925623340856	2.5839744554832644	0.08575471298274666	1.0
724000	-42.015856535726215	-40.81438204804486	-1.2014744876813495	-20.358554781846703	-20.455827266198163	0.6971078496282671	0.6770277244615645	-0.18810194187814722	-0.10776985019135776	1.8775309899988546	0.11529227145580455	1.0
725000	-45.71123142784309	-41.24229054164277	-4.4689408862003255	-20.32965883443849	-20.912631707204277	0.6236826107712872	0.938425261991331	-0.5310816110501067	-0.7317397274994697	1.831742688056173	0.13808457785334435	1.0
726000	-45.45121777698887	-40.40398342133907	-5.0472343556498	-19.720829440249737	-20.683153981089333	1.3138257743401824	0.9594188146552136	-1.131972552357352	-0.1831335060421344	0.9629660894494547	0.3113351670238347	1.0
727000	-42.04390759665031	-40.294477520125895	-1.749430076524413	-20.050728579365384	-20.243748940760508	0.7048339987430857	0.7883696914285647	-0.36720661079787087	0.03610834010768471	1.008168332974828	0.1131081946284969	1.0
728000	-42.69872560956185	-40.31889230037605	-2.379833309185802	-20.136087803788644	-20.182804496587405	1.0191691440117123	0.7775704708139605	-0.31276855869143283	0.2731101422747258	0.9631273688288892	0.1704092945417778	1.0
729000	-42.58743442223039	-40.95938921454773	-1.6280452076826628	-20.702030856978634	-20.25735835756909	0.7257797462225466	0.8197403185405885	0.05513588359329413	0.1582839704985361	0.3874652793934642	0.05068913687838413	1.0
730000	-43.70031294457571	-41.194770301031184	-2.505542643544524	-20.98589303107477	-20.208877269956417	0.6521209858738208	0.7186308447267485	0.06360425004819534	0.14063736999572826	0.39851965415141016	0.16696909475440275	1.0
731000	-43.41026555008347	-40.095253811671554	-3.3150117384119215	-19.42511096382819	-20.670142847843366	0.8489628791966564	0.9170130355587323	-0.5522914400927994	-0.4700039819435123	1.4133294024259695	0.2308547773528477	1.0
732000	-43.907514123506196	-42.20921748927877	-1.698296634227428	-20.080798413623864	-22.128419075654904	0.8870632353743202	0.4551778156846998	-0.20578911895195096	-0.024971897346251437	0.44520257581654715	0.06966818226190727	1.0
733000	-48.50367645495126	-40.8523771429237	-7.651299312027559	-18.379054923375445	-22.47332221954825	0.896241140971994	0.6198779969838693	-3.0062983999788218	-1.2735825957936642	0.9279096612773158	1.3460004888178507	1.0
734000	-45.197298452164695	-43.01970881175341	-2.177589640411287	-22.662881454392746	-20.356827357360665	0.46434679343840457	0.8615309666593622	-0.06457759703857069	0.17609378079530377	0.521789588429801	0.17294051949125508	1.0
735000	-43.996044824685896	-41.19201107455358	-2.8040337501323216	-20.61212552136552	-20.579885553188056	1.1782538475294546	0.6121315418808613	-0.3989742446738894	0.051627090108967544	0.732572543385983	0.2863990025059424	1.0
736000	-43.8119450284399	-40.8448113611142	-2.967133667325699	-20.59795334238894	-20.246858018725263	0.6210662728142771	0.655817106230044	-0.32257814901971027	0.2882855617962097	0.4449419497115623	0.04662595808245349	1.0
737000	-43.780712184000954	-41.58299602179379	-2.197716162207164	-19.930471190154858	-21.652524831638935	0.8088278655264833	1.1123204788587373	-0.2780253109092367	0.18090977996377194	0.6148286228503981	0.09058383297716295	1.0
738000	-44.91615026986086	-43.24501058890828	-1.671139680952578	-21.09966313760773	-22.145347451300548	0.6169015238264719	1.166345474522263	0.00874872273919941	0.25678421273892954	1.7320830633660114	0.07411026756612557	1.0
739000	-42.64975804783064	-40.48940131612481	-2.1603567317058268	-20.095434666731983	-20.393966649392834	0.8671404358050714	0.6566529924781884	-0.19050135536719856	0.05034521323661423	0.6703659121947801	0.20300843029876242	1.0
740000	-45.20996102482696	-42.140781108236325	-3.069179916590633	-22.001418945841333	-20.13936216239499	0.813192902508539	0.6899362957087152	0.5864768696060849	0.4308127166492023	0.9052508789782387	0.25767086690173857	1.0
741000	-42.92067585488269	-40.81939710287511	-2.101278752007584	-20.29171560918992	-20.527681493685186	0.8753821671474586	0.8737215028832077	-0.10355145173874405	-0.36546627160151723	0.9114702638928377	0.12084542425209094	1.0
742000	-41.6381212656237	-41.393979988207256	-0.24414127741644465	-20.768543283476216	-20.62543670473104	0.6841042920563803	0.641797172644071	0.021218417417271762	-0.1466941944454094	0.8317260327887808	0.033663758480644096	1.0
743000	-43.4186392341002	-39.79861215306466	-3.62002708103554	-19.67358703993204	-20.12502511313262	0.924651369478332	0.6884961037717641	-0.4266014283678063	0.6458186915013291	1.478770541174315	0.835906179546493	1.0
744000	-46.00741606789993	-42.354057422090996	-3.653358645808937	-22.217104023715713	-20.136953398375283	0.4955795472950331	0.7366816692211159	-0.05115546443598745	0.4773582509265396	1.5964073813518629	0.025992401116298327	1.0
745000	-44.25560710932306	-41.12762468883774	-3.127982420485318	-20.97676789881631	-20.15085679002143	0.7731801751898082	0.7061290571749641	0.21353800311413473	0.33074680365617476	0.3882335306319353	0.21505457799347102	1.0
746000	-43.47221168159974	-41.856899566206664	-1.615312115393073	-21.13450128855662	-20.722398277650043	0.5921808931325655	0.9394655175041112	-0.09032171534900868	0.341441836825608	0.9765001012554442	0.054743623495395785	1.0
747000	-46.14382505068261	-41.879758674953834	-4.264066375728778	-18.86034761405467	-23.019411060899163	0.8440106202334979	0.3178379456593138	-0.9665417440568126	1.3032051910124995	1.9640336521751949	2.771288189635259	1.0
748000	-43.919775528911195	-41.27176535403038	-2.6480101748808154	-20.36034655286881	-20.91141880116157	0.7619896559789481	0.9975126131720883	-0.08232624074964515	0.1433270751277218	0.4997035125885593	0.21893729680184848	1.0
749000	-42.160259424901795	-40.31829244059938	-1.8419669843024145	-19.923126935956823	-20.39516550464256	0.955328983112955	0.7085074862882378	-0.33048637852035506	-0.13347573679956906	1.598219733765189	0.04862205542459155	1.0
750000	-42.839999979049395	-40.91016588832866	-1.9298340907207328	-20.472808585873775	-20.437357302454892	0.6392972432696136	0.7868129913848244	-0.3200944893121302	-0.3100520464081191	1.4604584937940255	0.15080876508043944	1.0
751000	-45.035837762359	-40.788924944915166	-4.246912817443838	-20.08654706503435	-20.702377879880814	0.6807852783039188	0.7479296535734462	-0.4241160331274495	1.2830290064036012	1.6561247999049533	1.6416692856113855	1.0
752000	-45.031208248535336	-42.4831590207333	-2.5480492278020357	-22.33381335361944	-20.149345667113852	0.47494857570698923	0.7516289259703728	-0.226730445276364	0.3867505856930806	1.0529873343346836	0.5088365651664662	1.0
753000	-42.24110135010926	-41.55462508936267	-0.6864762607465855	-21.01493638598852	-20.539688703374154	0.5859419424392479	0.919807360565128	-0.21895375159044494	0.08276728934411313	1.362786703949666	0.03233710694884194	1.0
754000	-43.00235808757407	-42.45599916645392	-0.5463589211201489	-20.628351454187605	-21.827647712266312	0.6843998149375224	1.1519770828766447	-0.05776321879642959	0.06262749130504251	0.8911332225797897	0.0386844386369659	1.0
755000	-44.47660437589554	-39.821472713568056	-4.655131662327483	-19.216345569726073	-20.605127143841987	0.6600697625435276	0.5456250648703439	-1.86126750819865	0.513342534725321	1.0142552502301276	1.8622218205564096	1.0
756000	-44.81931210760736	-39.75236647502955	-5.066945632577812	-19.36132658197877	-20.391039893050774	0.8757902789985847	0.6266415427212485	-0.5850177348936838	1.3648395460354674	2.7763682995781305	1.1835515537686552	1.0
757000	-45.369435329915696	-42.790623733805376	-2.5788115961103184	-21.039511865567324	-21.751111868238056	0.9065867648985626	0.4542031359015411	0.17376254939379626	0.2633345605981379	0.37324118043766896	0.11338429855474211	1.0
758000	-43.12666007190115	-39.290427838936864	-3.836232232964286	-18.99019660516463	-20.300231233772237	0.9633085555409594	0.6505771108597962	-0.847936731435231	0.21746587490795177	0.9258197822227573	0.19108957063175336	1.0
759000	-45.301721981741885	-42.55788477507518	-2.743837206666705	-21.766958279131664	-20.790926495943513	0.5091747478647732	0.6230838731964767	-0.3000126321097948	-0.2150453253328305	0.4524967300829283	0.029022525906481363	1.0
760000	-42.72045895000108	-40.17814498276067	-2.5423139672404105	-19.987593400047647	-20.190551582713027	0.8089997944835	0.6557187276636889	-0.2470599878701492	0.42190151245892116	1.1103854607006423	0.05431901292122469	1.0
761000	-46.18896797412211	-40.71546244828498	-5.473505525837126	-19.00604778739954	-21.709414660885443	0.6903817950880243	0.41219938508256737	-1.7323406507068961	0.8378241767407514	0.9293487412261695	0.6340661708130173	1.0
762000	-41.530773730386734	-40.370680173952536	-1.1600935564341983	-19.97736338377275	-20.39331679017979	0.8059358871646268	0.6647224259203243	-0.25408399666415604	0.016765518307047894	0.915043625317755	0.06935520750648981	1.0
763000	-49.56029609322969	-43.27082962285638	-6.289466470373306	-23.13793144685462	-20.132898176001767	0.9689596903452312	0.6663357739951637	0.7271572971372897	0.6625164973058598	0.15157903734324316	0.8964446993772348	1.0
764000	-47.19383550350413	-42.55419007730036	-4.639645426203774	-19.221241108315734	-23.332948968984628	0.996811320141051	0.5203962105798048	-0.7355029631496057	-1.2031889498901018	0.9322991487376431	0.5264750681162291	1.0
765000	-41.46809316956628	-41.614838830165084	0.14674566059880068	-20.574109122565467	-21.040729707599617	0.6699481075184548	0.5505922029041248	-0.12988570486114437	-0.001955497680941068	1.1387947350246295	0.03484903549685248	1.0
766000	-47.10113171547955	-40.63427618072931	-6.466855534750247	-19.04744115342148	-21.586835027307828	1.343870818407941	1.0089372331331259	-1.7926153005052932	-1.2036075097642644	1.0039345879436772	1.0449485225422936	1.0
767000	-45.48349716276872	-43.605682173574834	-1.8778149891938838	-22.71342347869809	-20.892258694876748	0.483255390458378	1.0107708993977615	0.21599160787746324	-0.18448408117691387	0.9412657420758511	0.1807600432429219	1.0
768000	-43.75796999206615	-41.48447983593165	-2.2734901561345007	-21.128111884321342	-20.35636795161031	0.7727807995869996	0.6052334585082733	0.2773782719305882	0.40025021943110717	0.8753019403937906	0.07892289554554742	1.0
769000	-44.23589175141538	-40.61771938231449	-3.6181723691008862	-19.728869633774128	-20.88884974854036	1.1038007881585108	0.6785785479925662	-0.6298546139199264	-0.5214951788147427	1.5135484041147609	0.37755040150068975	1.0
770000	-47.06597601347168	-42.05989146730297	-5.006084546168715	-20.937687811075435	-21.122203656227533	0.5336708257002619	0.5176234931118796	-0.9229163512459242	0.18504533928372463	3.8422488625310955	0.1099667090931317	1.0
771000	-44.47088297969951	-39.64979916598095	-4.821083813718559	-19.301093429966414	-20.348705736014537	1.0353929040427465	0.7552242155427941	-0.7387091993534339	-0.16225576931674646	2.3618257306515202	0.10482679862020478	1.0
772000	-44.53515460191992	-38.946274597004766	-5.588880004915152	-18.33785513170243	-20.608419465302337	0.9980978287846032	0.9173749972688077	-1.4188247049778488	0.32638287848249126	0.537728786466035	0.47753054678502316	1.0
773000	-45.044407299638266	-41.43978979606773	-3.6046175035705343	-20.729507336897306	-20.710282459170422	0.8789347782527552	0.8661412601094838	0.07895333809475952	0.7808461767434078	0.89431165645714	0.18353044590819256	1.0
774000	-43.63567748583355	-41.437893510209555	-2.1977839756239907	-21.138789277723667	-20.299104232485888	0.5793001258879539	0.8301361279814722	-0.16858483958481388	0.014610923656891955	0.9588524350723499	0.3264673059447708	1.0
775000	-42.99530163865593	-39.53113986986915	-3.4641617687867834	-19.29166299973235	-20.239476870136805	0.9628837166263957	0.7402490668529107	-0.6618113372609675	0.0405300739187048	0.5875535691832627	0.15209282371556604	1.0
776000	-45.10575710456053	-41.52013401221091	-3.585623092349621	-20.98364026698709	-20.53649374522382	1.3305540434762055	0.9208850547661588	-0.5987886580598695	-0.020155324983929412	1.3577267755096787	0.1477297392716158	1.0
777000	-44.61699264161994	-41.1922742632495	-3.424718378370435	-21.067816751548783	-20.12445751170072	1.0754602929377561	0.7078279744448486	-0.046862279796185125	0.5780745792433014	0.6984844846203258	0.07678558327128165	1.0
778000	-44.306561760413416	-40.973281701795436	-3.3332800586179823	-20.218466329710367	-20.75481537208507	0.8342513838346889	0.9522177635510644	-0.12546148840846438	-0.4680929509960082	0.3739882781787495	0.12551679200614796	1.0
779000	-42.32571735271249	-40.51811375403719	-1.807603598675301	-20.024462831948455	-20.493650922088737	0.7180796013688974	0.9020384550088394	-0.3487025325140696	-0.14350272270407763	1.0190144063915343	0.07266596065322706	1.0
780000	-51.89667447771398	-45.39544877651868	-6.5012257011953025	-20.172390040367443	-25.223058736151234	1.433764571867922	0.5437373276955345	-1.2694357535343583	-2.13205173734852	0.977641201506721	1.2509854579170743	1.0
781000	-43.27242875874345	-42.69364936686115	-0.5787793918823005	-21.536219177093187	-21.157430189767965	0.5409525687423055	0.5244525095189263	-0.15694848268169148	0.0961354494462828	0.5397936205648868	0.01466475979607871	1.0
782000	-46.961386054019584	-42.29682833947851	-4.664557714541074	-21.94262611866803	-20.35420222081048	0.8098017053959452	0.786164003952574	0.5690879140080624	-0.19065990767262084	0.21972915989751773	0.10747774479682545	1.0
783000	-44.99808449673314	-39.48419542187166	-5.513889074861478	-19.00017716174663	-20.484018260125026	0.720437624561947	0.5333520496999834	-2.896490823720405	0.9043494262788969	1.6845035157929324	3.1635732189317975	1.0
784000	-45.20116171284799	-39.073149868750974	-6.128011844097021	-18.629992633889913	-20.44315723486106	0.7415399775763619	0.8919526659106791	-2.196821099664996	0.08577719123204822	0.5573853668438613	6.162599406020209	1.0
785000	-45.29276236204181	-42.10977663888775	-3.182985723154064	-21.343429746483537	-20.766346892404215	0.7366584664363784	0.9767193866879632	0.3585065323546137	0.028236524086029724	0.7447967694112045	0.5255353113527225	1.0
786000	-44.26725501149696	-40.85318856036529	-3.4140664511316663	-19.91000817216115	-20.94318038820414	0.9485572067965888	0.9613371434133452	-0.3301187214044501	0.47372834712241296	1.3556220760665185	0.467061978103524	1.0
787000	-44.21336715428821	-41.44626602107557	-2.7671011332126305	-20.873988050262763	-20.572277970812813	0.7954559665418419	0.8759512811455243	0.17122962359282543	0.5728474623115607	1.0890925133357574	0.16948787194896128	1.0
788000	-44.825232820024475	-38.53549963940135	-6.289733180623123	-18.402577505745175	-20.13292213365618	0.7858837518341852	0.7173075813232235	-2.099055161658252	0.4004726141253682	0.4449055887423805	1.1079162191330225	1.0
789000	-43.59398021580737	-39.92870151040515	-3.6652787054022204	-19.6807328063998	-20.24796870400535	1.0234905008838246	0.5947417938850468	-0.5251640037699539	0.8104894111779029	1.3856203570058885	0.45565140320462955	1.0
790000	-45.90432120404969	-41.30068924049723	-4.60363196355246	-20.53741759602726	-20.763271644469967	1.4561481308125008	0.6378391300192944	-1.1462863039588616	-0.25913594209409085	0.937960763512356	0.9428891637518464	1.0
791000	-42.62864826480787	-41.70694094675273	-0.9217073180551383	-20.962673374470235	-20.744267572282496	0.9960922256081395	0.960199768155063	0.03891090690937549	0.19006676961384128	1.2598326815119947	0.026647537354604286	1.0
792000	-42.758093336492315	-40.73624329355086	-2.0218500429414576	-20.46041195932615	-20.27583133422471	0.9248582261078035	0.7106977573319161	-0.06769466043393513	0.032080531827269276	1.9907940057640148	0.18076872991168993	1.0
793000	-43.90897330786938	-38.80191856900679	-5.107054738862592	-18.23831765668685	-20.563600912319938	0.9409695609204735	0.5167046291505494	-1.5298673044914608	0.9622211970855569	0.7740787901150583	1.007234657443935	1.0
794000	-45.191024440409066	-39.408619458547435	-5.782404981861635	-18.39847697982935	-21.010142478718087	0.9628667082476872	0.9419751618995139	-1.332570620510918	-0.8269947756302325	0.8300735094929457	5.956012688851841	1.0
795000	-42.9556586768563	-42.145098416768775	-0.8105602600875288	-21.45644830577706	-20.688650110991716	0.5617006976151542	0.9621611863152835	-0.05184045809397972	-0.09385872995822783	0.6605975169206986	0.05100102104412956	1.0
796000	-43.84533978758288	-41.19339256632083	-2.6519472212620494	-19.45102907251431	-21.742363493806522	0.8009908367958349	0.43628976986637935	-0.5752981431834623	0.47669921744950583	1.2793708650690412	0.2768384621848298	1.0
797000	-46.903622415366414	-41.01496165685289	-5.888660758513526	-20.022163353846075	-20.992798303006815	0.6424599771600896	0.8540734458652298	-0.686147543029263	-0.8804092176875324	0.9213114848271291	0.13901377640433826	1.0
798000	-45.86984090108783	-41.28706838299312	-4.582772518094703	-19.48210051453519	-21.80496786845793	0.9093956935762776	1.1157898082616815	-0.5206682991205812	-1.1087458033733322	1.0675582923575129	0.7168990525257278	1.0
799000	-44.52049209181011	-40.436522218271556	-4.083969873538556	-20.029276461435803	-20.407245756835753	0.7035683206072915	0.5832462261905248	-0.3858467095144381	0.48607104689794045	1.0648325071290723	2.522210341852613	1.0
800000	-45.25361426530369	-42.207439985386245	-3.0461742799174467	-20.505449784319065	-21.701990201067176	0.8601324634351644	0.5011247895634485	-0.002593651936503849	-0.14026619106868393	0.29304538354487275	0.1828118122013104	1.0
801000	-43.68338610545085	-41.756143033848396	-1.927243071602458	-21.11564827944413	-20.640494754404266	0.9807854615800115	0.6593536307710428	0.11342683339823795	-0.23569894158509885	1.901448813457185	0.13591195277011925	1.0
802000	-44.22908323989815	-40.89537561427413	-3.333707625624024	-20.722596705447017	-20.172778908827112	0.592958349255504	0.6754903938552822	-0.4103366486893178	0.3695399062327337	3.0001391359836167	0.054512051427023936	1.0
803000	-41.3162278067385	-40.72665253081348	-0.5895752759250212	-20.39845362455368	-20.3281989062598	0.9944096474544569	0.7195091997038325	-0.17117828514987846	-0.07050020319941461	1.0872296627131612	0.029360461671042507	1.0
804000	-44.05737143483534	-39.49974358885335	-4.55762784598199	-18.869363562648708	-20.63038002620464	0.7732718981410065	0.5409924489483341	-1.14871384950241	0.5219814234551001	1.8310202172234082	3.6980381060396317	1.0
805000	-46.18484489656607	-39.198702155438994	-6.986142741127075	-18.8104675947684	-20.388234560670593	0.7374959696396989	0.863939828381215	-2.74645593288547	-0.08717915765474704	0.8751034456836159	1.1219523515150658	1.0
806000	-47.342629204566634	-45.32070071039804	-2.021928494168595	-20.408628496610206	-24.912072213787837	1.009252243487508	1.5154234508986637	-0.18703532623960414	-0.033511338151488546	1.192170785885747	0.06333871509936287	1.0
807000	-42.85817033901041	-41.25182457319658	-1.6063457658138287	-20.38128452356507	-20.870540049631508	0.7113989442939602	0.5270565001533508	-0.14206338709316588	0.35329322120088325	1.762268097177162	0.034993885440702886	1.0
808000	-44.688987575164504	-41.356683983259266	-3.332303591905235	-19.68129715201207	-21.675386831247195	0.6921014200171153	1.1255808591348877	-0.7055413729095008	0.10299198351969376	1.3757744146701723	0.2680398033286775	1.0
809000	-45.047880086292736	-42.12555600510774	-2.922324081184998	-21.60906167621517	-20.516494328892573	0.6883332552938892	0.8429887679277313	0.43858364093015273	-0.4010386220514554	0.7413453953694168	0.27458178630942925	1.0
810000	-47.897294253083935	-40.41992145989719	-7.477372793186748	-19.043786011804105	-21.376135448093084	0.9377223193376626	0.5286280046787464	-3.645237187531775	2.3259146810372116	0.9628486743488586	3.0927090721899955	1.0
811000	-47.54240748277676	-43.09393715465929	-4.448470328117473	-21.2949091521883	-21.799028002470983	1.2327062179313026	1.175647928834638	-0.2687024330651775	-0.7182592293769202	1.2547679951244681	0.15333310415527396	1.0
812000	-47.18060178701524	-42.754009393747154	-4.426592393268086	-19.955503263744827	-22.79850613000233	1.3307948263935558	0.3687085729852347	-1.053153538922365	0.5574658786190323	0.7362021474957804	0.5020633441359273	1.0
813000	-41.86429896317331	-40.88704421879076	-0.9772547443825502	-20.639037654509355	-20.248006564281404	0.9420281441764636	0.8102185291728343	-0.01372117618494123	0.10919779878106206	1.7709328684226784	0.053148249050462996	1.0
814000	-43.975453494745565	-39.46364953521444	-4.511803959531129	-19.081257753797257	-20.38239178141718	0.822974855812028	0.7794385121397343	-0.8143524362647059	0.8532884069806348	0.6764829782053547	0.4081594441595986	1.0
815000	-43.355114370085055	-39.88609163251482	-3.469022737570236	-19.315318848857835	-20.57077278365698	1.0076824057555323	0.6622593413894646	-0.6944999173656793	-0.17766688228392902	1.2022326243706634	0.12317972997401821	1.0
816000	-44.077177555893165	-39.838241023518314	-4.238936532374851	-19.02254711184127	-20.815693911677045	1.0793524397557117	0.4904340131258753	-0.9733175882002942	0.8368655852752432	0.9529002755108551	0.8848482371798758	1.0
817000	-42.929224032696794	-40.02119015014461	-2.9080338825521834	-19.67281237328813	-20.34837777685648	0.8952988517006985	0.6329109991454822	-0.411763799063757	0.23423584800754194	0.5066910028928499	0.19290577289081937	1.0
818000	-43.83130132041307	-41.604248744675346	-2.2270525757377246	-20.587804263727413	-21.016444480947932	0.8004554846454695	1.0378476236243097	0.0456776584964671	-0.22921907248237472	0.3402567934229867	0.056243390775544154	1.0
819000	-50.387847971801094	-43.63829604714996	-6.749551924651136	-23.06845120499936	-20.569844842150598	0.5657773489920889	0.9199965371058373	0.8638653381360344	0.20723428528594878	0.11885804968891579	1.1369598983160512	1.0
820000	-46.23331925790011	-41.821862546759746	-4.411456711140367	-19.36921022466634	-22.452652322093407	0.6992971897362793	1.2789262260132472	-0.9793992475983824	-0.38842452632835733	1.1642075734515351	1.043740042713065	1.0
821000	-43.518948277430766	-41.402614276423925	-2.11633400100684	-20.264123123934148	-21.138491152489777	0.9593036914839198	0.599871224334146	-0.18411254170125718	-0.3819259174463693	0.8667207676456534	0.06650967787675298	1.0
822000	-43.33870189016152	-39.75479854431035	-3.583903345851175	-19.39873725898884	-20.356061285321502	1.0660464692143297	0.6990745279845147	-0.7317799885993858	-0.05550663200194435	1.4655770976126616	0.14543467316692998	1.0
823000	-45.29939482233021	-42.530215068823	-2.769179753507207	-21.53164654901724	-20.99856851980576	1.1269709837854776	1.0341054001012258	0.014102597714526988	-0.24010488540646113	0.4895092880480541	0.17975096328197515	1.0
824000	-46.98402040089999	-41.001550774447765	-5.982469626452227	-19.059944638160403	-21.941606136287362	0.7535898126253816	0.5161142140210087	-1.0227442370116915	2.6379876327919227	0.8110733351071333	1.9968462849360409	1.0
825000	-47.8236461496683	-43.28367978306876	-4.539966366599538	-23.123702946913767	-20.159976836154996	0.5200254594648963	0.6649512094973715	0.7292537367397173	0.4684833341931245	2.587024852636096	0.09706861124662643	1.0
826000	-42.43036411130561	-41.6005079481049	-0.829856163200706	-21.158615808555915	-20.441892139548983	0.5688013635680477	0.640232344118562	-0.2308443627809489	0.06527398406122482	0.8745120395448279	0.06003632610048848	1.0
827000	-43.75974237109985	-41.719635554128	-2.0401068169718526	-20.668223801173063	-21.051411752954934	0.6933385896316662	0.991585823406864	-0.015058084903158686	0.3932745070784045	0.9500322006353731	0.11081389967850579	1.0
828000	-43.07575041148406	-42.33406837866502	-0.7416820328190327	-20.678046802938102	-21.656021575726925	0.7851404234098217	0.5113058635004994	0.08409132862042368	-0.18882228135668855	0.8384345453915657	0.052891491534324785	1.0
829000	-44.9988820370778	-41.81326148910255	-3.1856205479752484	-20.4335107531157	-21.37975073598685	0.6123337922337277	1.051444443841745	-0.5200571874895316	0.33282565421093596	2.004565940633826	0.2761439592250667	1.0
830000	-42.083852534886596	-40.3085888098195	-1.7752637250670968	-20.10005164940231	-20.208537160417183	0.962657866115115	0.7261218999510517	-0.2582673743534893	0.12719368934193645	0.978271688516738	0.12300459706336617	1.0
831000	-43.64064696972432	-40.57597398057112	-3.064672989153199	-19.676002065010827	-20.899971915560297	0.9946764257789347	0.6478195406384852	-0.4907025768704323	-0.4175955408478702	0.7797739666915404	0.25627972577271735	1.0
832000	-44.827190783443996	-39.542475077194524	-5.284715706249471	-18.54632271507152	-20.99615236212301	1.1620875604132483	0.9939186140645622	-1.5424486294761361	0.3100018674806353	0.7746672554435722	1.745077640535474	1.0
833000	-43.365958537535526	-41.37623139141369	-1.9897271461218398	-20.623458060014705	-20.752773331398984	1.1336575593938079	0.5558102889343859	-0.3082109935563889	0.23946601228358266	0.9088234723710694	0.07576677648118432	1.0
834000	-42.70075173102744	-40.093936476207354	-2.6068152548200847	-19.69063594950635	-20.403300526701003	0.8161325201463826	0.7527731281537433	-0.40964056613828637	-0.23392723766741663	1.404839531707803	0.049391029479370206	1.0
835000	-47.17511850934194	-43.65874358871542	-3.516374920626526	-23.168261500879083	-20.490482087836334	1.4934995532645976	0.5996479455957475	-0.29593674253718966	0.23624265543601664	0.3301335639786859	0.20688903648900722	1.0
836000	-43.328408020915305	-41.831790736456	-1.496617284459301	-21.454137990476575	-20.377652745979425	0.6025139247020891	0.8438045239129878	0.1668023051352151	-0.158286470614253	0.9773357841027737	0.13600824581059467	1.0
837000	-47.522743471531136	-41.32433132839546	-6.198412143135674	-19.679570924373373	-21.644760404022087	0.6211296839484235	0.4994912596700479	-1.4405463117012127	-0.08551889011427291	0.5764872812157431	0.2639453979246394	1.0
838000	-45.301209744478136	-41.604652108689834	-3.6965576357883023	-19.928273607785734	-21.676378500904104	0.9684967835717005	1.1619981547677045	-0.34161725297087486	-0.3865422993076117	0.4046990383359213	0.2720080487723286	1.0
839000	-47.46572082879375	-41.4155775691151	-6.050143259678651	-19.68027138826966	-21.735306180845445	0.6619636854904837	0.4092684348312418	-0.898512891875934	2.641299462407121	0.6408322096959088	2.006978992131509	1.0
840000	-44.965579444868155	-42.54782174372519	-2.4177577011429667	-22.289449860983638	-20.25837188274155	0.46088721148018946	0.7489158767872134	-0.5634981783031425	-0.006089572102321413	1.2048754681772136	0.07723333833155666	1.0
841000	-42.70966752346734	-40.04793835600554	-2.6617291674618	-19.733933266202506	-20.314005089803032	0.883360602596063	0.8372689338512005	-0.37569118003942104	0.3467577375257248	1.2315756655155221	0.24206404234255616	1.0
842000	-42.08396558023207	-41.44052093819971	-0.6434446420323554	-21.187656266573917	-20.252864671625794	0.6360109113498384	0.8005166819187775	0.13079699169610387	0.039796011427975564	0.6427484594340829	0.03914359444296407	1.0
843000	-46.31844253499152	-42.80484952291576	-3.5135930120757557	-21.997082651047734	-20.807766871868026	0.47969387764465754	0.5495590940583542	-0.5316058676900961	0.22932207745175276	0.6731956951593238	0.0538333395175375	1.0
844000	-43.502610863151475	-41.72821653214463	-1.7743943310068464	-21.415550032583386	-20.31266649956124	0.7122489762656672	0.7279979835837401	0.37535257985522696	-0.06569740680171282	0.9035244384588139	0.053012489549177304	1.0
845000	-45.552847871173626	-42.49377541166068	-3.0590724595129437	-20.73283783564932	-21.760937576011358	0.7193765188531883	1.091176096603219	0.0627553444317554	0.4137196459559024	2.453290467231733	0.10102770765989347	1.0
846000	-45.54888610818044	-39.5930111191029	-5.95587498907754	-18.024643772889355	-21.568367346213545	1.0618412005541147	0.8886926073714265	-2.1641303003877397	-1.285463339398937	1.044170856698312	2.681912433598083	1.0
847000	-45.503639113539265	-40.668915925328236	-4.834723188211031	-19.372142297708475	-21.296773627619764	1.1168795910677347	1.0371270802116643	-0.8362820529971051	0.34590832175883823	1.3835905034444702	0.16659286700751427	1.0
848000	-43.202606477719335	-39.45166854738608	-3.7509379303332557	-18.969994615736688	-20.481673931649386	0.8080938972658289	0.5775809087430057	-0.9348541017318086	0.4113738098699723	1.8187476679688024	0.2802249960392895	1.0
849000	-43.89450005959274	-41.48800408155948	-2.406495978033253	-21.24585944373849	-20.242144637820996	1.0193349523069974	0.6606804575059789	0.10244580942519732	0.27345983025785076	1.6650912562449565	0.252039048236893	1.0
850000	-45.46067404174772	-42.57810523443244	-2.882568807315283	-21.97286755011244	-20.60523768432	0.47920318770511966	0.8453287968762647	-0.574570302337269	-0.511973151148461	1.9660817932784045	0.34129318439681783	1.0
851000	-43.776400065851014	-41.91933753339169	-1.8570625324593228	-21.03505221491846	-20.884285318473232	1.090742474082914	0.5569709491244625	-0.08403676031330443	0.09548274415876395	0.38866572218914763	0.07260558125997493	1.0
852000	-44.08659022111394	-40.21119770484364	-3.8753925162702982	-20.047734236885198	-20.16346346795844	0.7647624470577405	0.637885407673318	-0.2499111714623039	0.700575220184018	0.6542136645232937	0.9925670768467656	1.0
853000	-45.284536571577355	-40.361728562159456	-4.922808009417897	-18.471550021785852	-21.8901785403736	1.0429818800923414	0.38028736035405386	-1.3363430778585825	1.1909689795382992	1.3547209942702416	0.8126664375753564	1.0
854000	-45.649315955817904	-40.42364210588217	-5.225673849935731	-18.496126241104488	-21.927515864777686	0.9968983518529884	0.9686410519183948	-1.2567620972834923	1.0875872083462028	1.3120975510637032	1.7762723791113857	1.0
855000	-43.28439675809785	-42.19103741142122	-1.0933593466766292	-21.581802573543897	-20.609234837877324	1.1618448690919356	0.9410562349230779	-0.035253301830782235	-0.09519554440269007	1.3426479629427017	0.04540338197297389	1.0
856000	-45.40256474887385	-42.5696828514146	-2.8328818974592527	-20.057346818421646	-22.51233603299295	0.6890946913149183	0.46593343614838134	-0.41416102353991036	-0.36995428439233013	1.0644131243233028	0.7243758286041145	1.0
857000	-42.8972268355516	-40.228101278524704	-2.6691255570268977	-19.90534763049528	-20.322753648029423	1.039344466194741	0.8489356484578845	-0.44263260875737126	0.18546704194033936	0.8223296720447594	0.08560863518702644	1.0
858000	-45.8086084902786	-42.76489211348958	-3.0437163767890247	-21.82259083855343	-20.942301274936153	0.5590141362674561	1.0204651471231219	0.18374695712952396	-0.31114804071820795	0.5749435400667939	0.37386119389288974	1.0
859000	-43.73326480824153	-40.96096636525872	-2.7722984429828053	-20.802776842146184	-20.158189523112537	0.6094039067470122	0.7455036488484853	-0.23323739584316128	0.5690967391680286	0.8648395938097655	0.33597108643088386	1.0
860000	-44.80462612753325	-41.37982628561145	-3.4247998419217955	-20.60254833566726	-20.77727794994419	0.6662152580702482	0.8688709599604745	-0.12368242222063763	0.8278729227872125	0.8432067754395652	0.3591423716957668	1.0
861000	-44.554507623056196	-39.65663871505228	-4.897868908003911	-18.10612185708941	-21.550516857962876	0.996317537078507	0.512218426673757	-1.745982513079388	-0.11981334248499387	1.90973237711838	2.114192548777253	1.0
862000	-43.32681085716045	-41.426508295180234	-1.9003025619802187	-21.205126660984043	-20.22138163419619	0.6661069300700819	0.6426499951054315	0.21596122689607475	0.42007387890227943	1.208153653354846	0.15723205808025623	1.0
863000	-44.99239766617787	-42.28086914154753	-2.711528524630343	-21.395662940928336	-20.885206200619194	1.0613786033904913	0.5739528766264502	0.08503878817217803	-0.022304237068836226	2.222227740392204	0.3085310585716349	1.0
864000	-43.29548296182427	-39.20529100213186	-4.0901919596924134	-18.972277155947403	-20.233013846184452	0.9279066481273344	0.8042571873493524	-0.8421031612459261	0.3727091604723273	1.6146189105427815	0.2198885829169847	1.0
865000	-43.65156806178945	-41.897137881936224	-1.7544301798532214	-21.225916932882633	-20.67122094905359	1.1751421289337307	0.9541693378296962	-0.1751683360313615	0.0483206347952692	1.1619915221925419	0.08642866896900842	1.0
866000	-44.16334990705046	-38.26487022040141	-5.898479686649044	-18.049230369992284	-20.21563985040913	0.9052620108212407	0.7987768747981903	-2.137791461538981	0.3179033024047411	0.511555137341178	2.35079901729027	1.0
867000	-41.89498493892446	-41.40777917080999	-0.4872057681144728	-21.223326836718805	-20.18445233409118	0.6162265068087319	0.7179701481221816	0.08275866965493585	0.20079673256700173	1.1793497231617691	0.04336697686138396	1.0
868000	-43.03588207546759	-40.081685843639	-2.954196231828589	-19.91109398932877	-20.17059185431023	0.9073526234778387	0.6438454519523065	-0.2976783547285503	0.5789393545667005	1.0802787306503434	0.1289190904167604	1.0
869000	-43.44338203655804	-42.00184513947538	-1.441536897082666	-21.41225708571038	-20.589588053765	0.9583971431701991	0.6217263230572723	0.2434186599261393	-0.011571560937646108	1.0201965870029122	0.10538338041272546	1.0
870000	-43.93778252966974	-39.87941706053217	-4.05836546913757	-19.666667940774545	-20.212749119757625	0.8616988978686525	0.715046339633751	-0.40871369105437316	0.13995885736127828	2.0334577876197724	1.4465917081770288	1.0
871000	-44.06032553664549	-40.52656653094256	-3.5337590057029313	-19.267863827966927	-21.258702702975633	0.7901081341101981	1.0668107997187577	-0.7251721686944198	0.056738619016411154	0.6943041544904779	0.29758757142880027	1.0
872000	-45.03622978361117	-38.961278208914536	-6.074951574696634	-17.983765148789463	-20.97751306012507	1.0133273674821326	0.7930936155632318	-2.225440862851644	1.2960180050553742	1.085659781697007	1.7785851149904315	1.0
873000	-45.42569551815557	-39.622860146081095	-5.802835372074473	-18.776247701778683	-20.846612444302416	0.7392637172453017	0.933946923015144	-1.5268208534487493	-0.6654531253021235	0.540196261855406	4.612334976143065	1.0
874000	-42.27344474501059	-40.59651206820622	-1.6769326768043729	-20.34777955718256	-20.248732511023668	0.7186956799646179	0.7282143156990705	-0.1473613117951013	0.04109150308927427	0.6247477428067258	0.12228421046508034	1.0
875000	-45.94828544043966	-40.41182320726277	-5.536462233176892	-18.078374727835246	-22.333448479427524	0.9241521296783052	0.5374270250434353	-2.547150918614258	-0.791208150177569	1.1091765281014052	4.270973988457935	1.0
876000	-46.02676299457623	-41.77562466421306	-4.251138330363168	-20.471853005542492	-21.30377165867057	0.7765594928333366	0.9449861725060849	-0.016105134662511733	-1.077340983808436	0.6852165445408737	0.47498876348775865	1.0
877000	-44.1219107854981	-40.844764547671545	-3.277146237826559	-20.11063427054995	-20.734130277121594	0.8545423977039753	0.9732120681962088	-0.17983425141894546	-0.08046136094727807	2.5425612003898177	0.24122707952867356	1.0
878000	-45.891066778126714	-39.197747290694295	-6.693319487432418	-18.770030553676428	-20.427716737017864	1.2196955711571162	0.5367113893465756	-1.5140973943067138	1.2023627603040108	2.89963923945797	4.287704213952215	1.0
879000	-44.138636507855075	-40.209373554497546	-3.9292629533575267	-19.43073501596608	-20.77863853853147	0.8627140436793799	0.9037529782203004	-0.5446687839769032	-0.6461779466524149	1.3682408821833778	0.17435531012075361	1.0
880000	-47.20042093255054	-40.898393665856	-6.302027266694548	-18.41463861976444	-22.48375504609156	1.1431147142073128	0.8187819711983495	-1.631737330477531	-1.7342149552157051	0.7957570866349416	1.2968460574762226	1.0
881000	-43.52787627721283	-41.22295124715951	-2.304925030053325	-20.699346551201998	-20.52360469595751	0.6975273559187114	0.5951735952532823	0.010399914334520012	0.2231449468670188	0.8962449436738459	0.37648175951103463	1.0
882000	-46.75746668835053	-42.117115930871975	-4.640350757478554	-20.257473679946855	-21.859642250925123	1.160406134283189	0.9652169600579409	-0.5035669749591426	1.0697581908705727	0.8293016970124453	0.5670649882276158	1.0
883000	-44.281485705176266	-41.8149851016744	-2.4665006035018657	-21.172890751203138	-20.642094350471265	0.9947606252285717	0.72189748755623	0.11376135697248158	-0.43286189656412766	0.9349075663197155	0.05725170767715716	1.0
884000	-46.09680015301692	-40.364055565086545	-5.732744587930375	-19.803337306118994	-20.560718258967555	0.813357472121044	0.8770515139582469	-0.3462413522351461	0.5500068338242061	0.11968171327793495	0.19937958994810565	1.0
885000	-45.94256782360849	-41.26020960664843	-4.6823582169600595	-20.08954543414659	-21.170664172501844	1.025345980334066	0.6634805770417074	-0.34133388766688133	-0.6792698860357558	0.48231138204407464	0.10082277943856108	1.0
886000	-42.43729330111082	-39.84902919050739	-2.58826411060343	-19.653949513611416	-20.195079676895972	0.9040145456870322	0.7735865070150009	-0.42531629117232167	0.16834275643656574	1.7863075392762364	0.2001391367597913	1.0
887000	-42.890645436275484	-38.92316007844745	-3.967485357828032	-18.701642720877995	-20.22151735756946	0.90585217596524	0.7858248540304813	-1.0494900642819498	0.1014459693829819	1.4674443554391976	0.526977223608886	1.0
888000	-45.647293653365054	-39.28459086941002	-6.362702783955035	-18.498861697966273	-20.785729171443744	1.1525948640370745	0.9853774056577993	-1.5636001159409316	-0.21478518043691044	0.8394702803346823	0.368729495574229	1.0
889000	-42.84982866569521	-41.282163637741725	-1.5676650279534887	-20.730639893810896	-20.55152374393083	0.7935615086943889	0.6319185987106078	0.10899813212703313	-0.022403663752711356	0.7978838192489774	0.14948154665735167	1.0
890000	-44.972417315438314	-43.16835244404062	-1.8040648713976921	-20.697001163764863	-22.471351280275762	0.597702785353457	0.4724575602570198	-0.396055433661872	-0.4014536536329858	1.4620109886064783	0.15904361755348356	1.0
891000	-45.96593110742684	-38.97576275497408	-6.990168352452759	-18.665785347191672	-20.309977407782405	0.7679736095270677	0.8407903715586628	-2.7900561130097987	0.058930730231767536	0.7200725483704908	1.2507333644250012	1.0
892000	-45.10433825530591	-43.007474255050546	-2.0968640002553647	-22.145639703166964	-20.861834551883582	1.2219453761394905	1.0037735321917673	0.015022304987457463	-0.1578743141084407	1.0856318483181124	0.12304593404120207	1.0
893000	-42.74380717074295	-40.32008562522981	-2.4237215455131382	-19.711464692817703	-20.60862093241211	0.8242446370285013	0.5712939382066436	-0.3927935923424507	0.2877366611609653	0.692824163732804	0.14381540851530356	1.0
894000	-43.26129574627798	-39.4219530682869	-3.8393426779910746	-19.150000514209307	-20.271952554077597	1.00894768709469	0.7806687116552098	-0.7914892974983638	-0.041776071647684376	1.9364666823807068	0.26442606427782744	1.0
895000	-47.872197018317095	-42.294536887753445	-5.577660130563654	-21.297746257187605	-20.99679063056584	1.0447799515419312	0.49524423516485194	0.08014412908449087	2.08959108060451	0.6068765562080461	2.74543677572636	1.0
896000	-46.51419516569142	-42.30342435556233	-4.210770810129089	-18.958970599675858	-23.344453755886473	1.0328936181627004	0.4058778584779044	-0.9417319276496363	-0.266042703761883	0.5287610893532168	0.7225064158918225	1.0
897000	-46.429356011359026	-39.15604476142171	-7.273311249937313	-18.542662463578807	-20.613382297842904	0.8431202303950757	0.5698944281540538	-3.0540112970199123	0.29257675736127253	1.1251981398464446	1.2094507844625806	1.0
898000	-43.63294028281492	-40.170739869260004	-3.462200413554918	-19.577792983047747	-20.592946886212253	0.8892508367584271	0.5232798912334147	-0.46100978721029356	0.7881463568707856	0.8811359040864636	0.44157361639193343	1.0
899000	-45.3445512657252	-40.41252574980152	-4.932025515923684	-18.80225151298817	-21.610274236813346	0.7580790239945551	0.7441907518367824	-1.31968511506068	-1.1732961294064743	2.000822023530314	1.2258204140419553	1.0
900000	-46.41918502760507	-40.72274719947293	-5.696437828132137	-20.05088019904889	-20.671867000424037	0.6170726142275532	0.8016453043511785	-0.882264463758684	-0.5801101695203108	0.35767237196349255	0.18790882672643633	1.0
901000	-44.936722916593	-40.60043602784734	-4.336286888745664	-18.796235450184316	-21.804200577663018	0.9185562311773019	1.1592556248634949	-0.9699886783444231	-0.032019424726836	1.305813713548899	0.7057817599773958	1.0
902000	-43.84352154447139	-40.72081532725868	-3.1227062172127167	-19.93711336180574	-20.783701965452934	0.6512025744630153	0.6277851382780124	-0.7074996321200282	-0.23118751196415416	0.7495644158625271	0.3628187927881334	1.0
903000	-42.686601147537075	-40.94295983194061	-1.7436413155964656	-20.04801384407477	-20.894945987865846	0.7523452431677097	1.0010648075962252	-0.26641988150820306	0.06334547178854638	1.2176407516275067	0.11522896997380976	1.0
904000	-43.584011601892726	-39.33193222165524	-4.252079380237491	-18.78208151407809	-20.549850707577146	0.8904534365977093	0.669415010154237	-0.9885582864663255	-0.18346706476619973	0.5950129281606837	0.3158989795110115	1.0
905000	-45.067419741201945	-41.96939633530857	-3.098023405893371	-21.18212322749382	-20.78727310781476	0.5408515178506044	0.9512156782580313	-0.4902997549889609	-0.5291033807473441	0.9485575815694957	0.4057662082401803	1.0
906000	-41.24615357690481	-40.69814570131522	-0.5480078755895916	-20.335152489566255	-20.362993211748964	0.7779399464823269	0.6577933801812125	-0.08325468036972583	0.08750744090377671	1.26137946107706	0.06388701418004387	1.0
907000	-44.13288099090618	-40.03808670268933	-4.094794288216853	-19.837094742686553	-20.20099196000277	0.6357019039705543	0.7901123704076758	-0.9508541639283017	0.34180095516432635	0.9036408854225697	1.5459639724142584	1.0
908000	-45.90724869739874	-42.05360935368862	-3.8536393437101224	-19.882545241131574	-22.171064112557048	1.0251135817931258	0.38908128336192616	-0.43254139946261905	0.7508205619302997	2.340137445352225	1.0507291000140095	1.0
909000	-43.827431646776446	-39.47326378452239	-4.3541678622540605	-19.26406635216899	-20.209197432353395	0.7524990583283748	0.7709107506448932	-0.8276249885443654	0.5835872304223156	1.8396234071593567	1.9556262709641894	1.0
910000	-44.45989275983932	-40.87642161346287	-3.583471146376454	-19.99217856406624	-20.884243049396627	0.9347981103000106	1.0066424131941825	-0.2797293696085614	-0.07392883462515426	1.8928472922012192	0.4766844360753979	1.0
911000	-45.686926981693844	-42.6057901398717	-3.0811368418221408	-19.77153373472728	-22.834256405144416	1.0004820028392183	0.35548227787553593	-0.4516451653133648	0.7392315425556533	1.4858754846148512	0.3614516335223281	1.0
912000	-43.83400131632815	-41.70684648621873	-2.1271548301094163	-21.51647867701812	-20.19036780920061	0.5605727732060094	0.6635375033963071	-0.01566306308725185	0.378626843938179	0.5413557687028484	0.09394138990967041	1.0
913000	-45.309222316009276	-42.51701118281011	-2.792211133199169	-21.7059182928993	-20.81109288991081	0.7082691459358037	0.5703011535729382	0.4947118764516967	0.072611016859259	1.8738138241479763	0.6936972553143099	1.0
914000	-45.53257797408444	-43.19951616220047	-2.3330618118839714	-20.159502571638086	-23.040013590562385	1.023655218430821	0.43802653722244556	-0.3091619688920455	-0.42253742390796833	0.9675934810375262	0.14684610789998429	1.0
915000	-46.604543866520075	-42.45637719758057	-4.1481666689395045	-22.278681471749458	-20.177695725831114	1.410864352375437	0.7680776965318479	-0.3564219890375711	0.23525162368403574	1.3713738794501587	0.8586152701295033	1.0
916000	-44.149719885798206	-41.50636529970515	-2.6433545860930536	-20.397049064133785	-21.109316235571363	0.9725516571423223	0.99853096481453	-0.14440474684593513	0.40940882664711936	0.9621611986534738	0.18871600658216742	1.0
917000	-43.71908800153949	-41.440608949854635	-2.2784790516848514	-21.21050705246656	-20.230101897388074	1.085668120939626	0.6440718857736748	-0.016175051181910205	0.3900349874737534	0.7111420224015098	0.124561213225607	1.0
918000	-45.128323469523465	-42.750427547905765	-2.3778959216177036	-21.24274521675998	-21.507682331145784	0.8953913823626765	0.5451803842796269	0.2578738008562448	-0.327548084310493	0.632967591293425	0.1610532831261601	1.0
919000	-44.13988512172622	-40.87416328979275	-3.2657218319334764	-20.18913409209334	-20.685029197699404	0.7845639289125078	0.7954644396541042	-0.15419278095628802	-0.5883038283132305	0.5730006515590511	0.12281557644286933	1.0
920000	-43.08627044886866	-40.22090100276067	-2.8653694461079895	-19.903913105878942	-20.316987896881724	0.7865318955342707	0.8331094063440032	-0.3092107390534241	0.40280485317763004	1.5141416921002941	0.05666086740871496	1.0
921000	-43.481778143750816	-39.926441284458235	-3.5553368592925816	-19.394998848756064	-20.53144243570217	0.862223263171603	0.5832082190981623	-0.566550183696757	0.2971872249889867	0.5452837387294761	0.10273719936341404	1.0
922000	-43.390211657240556	-40.12536985409761	-3.2648418031429443	-19.922818796451857	-20.20255105764576	0.7447267813349437	0.647951956483086	-0.3560138590893728	0.43579218963595145	2.953970531463608	0.07796190382993774	1.0
923000	-48.50410612277944	-43.820425014262185	-4.683681108517258	-23.284658771834096	-20.535766242428092	1.2271383837819667	0.780242051282704	0.30461032085590484	1.0172245670840403	0.8291591112089765	1.5614785754536913	1.0
924000	-44.01074008699672	-40.15384767846769	-3.8568924085290273	-19.704766626402662	-20.44908105206503	1.1328701780533033	0.8771370113956316	-0.6960730811453029	-0.1916918735399346	0.5195894469988621	0.30091688873041034	1.0
925000	-44.58491379462796	-40.34451812286359	-4.240395671764366	-19.604559517202336	-20.739958605661258	1.0649289737682468	0.7471318206615917	-0.6239900221485426	-0.5740753060064823	1.4616614414216458	0.14854279304501727	1.0
926000	-41.65744054887162	-41.33604343342293	-0.3213971154486863	-21.022608532912585	-20.313434900510345	0.6154805568085191	0.7124812339181843	-0.04730403288477203	-0.03175009834431708	0.8062001328553942	0.04725130729861929	1.0
927000	-45.65621085644227	-41.805173190364144	-3.851037666078131	-20.500784972799927	-21.304388217564217	1.2870533779519429	0.5142731367662199	-0.6834626935853684	0.05513892160597711	1.56500124961234	0.0970418131643709	1.0
928000	-43.17710352464764	-40.46320865612499	-2.7138948685226527	-19.750499597708313	-20.712709058416678	0.9789139455312803	0.537451622175	-0.436511112936703	0.444162868130513	1.4008756688048498	0.28575573797391485	1.0
929000	-45.5186287618326	-43.74568395122297	-1.7729448106096268	-23.171544007032864	-20.574139944190108	1.4451246235584079	0.9303760384043085	-0.18322617473464087	0.04073174652718079	0.577128758780441	0.05869504173190533	1.0
930000	-43.013695620477364	-40.28951669565188	-2.7241789248254786	-19.912865258025953	-20.376651437625934	0.6926256959932243	0.6167553276595075	-0.509507188611469	0.28749290149327444	0.8255397088186497	0.09819295769726295	1.0
931000	-43.18236952697252	-41.28991917129112	-1.8924503556814019	-20.734790738989435	-20.555128432301682	0.6969382762767196	0.8834032037612985	0.028540672499556302	-0.3856274586990382	0.9554607395767755	0.05585523270922672	1.0
932000	-42.96539021095829	-41.905480682582876	-1.0599095283754139	-21.670094073828444	-20.235386608754435	0.5184781469200925	0.7568172352867575	-0.2758393141431954	0.035660802392598834	0.9107928556245902	0.06690161994012198	1.0
933000	-42.39766053709534	-40.09858493003334	-2.299075607062004	-19.92215071112622	-20.176434218907115	0.839069069055197	0.6758703153508039	-0.27318722177863897	0.3570177333675628	1.107116087920629	0.051955280492732625	1.0
934000	-43.89679854931509	-40.61471051895333	-3.2820880303617654	-19.57735736765077	-21.037353151302558	0.8526644746388873	1.0396670058752047	-0.46007438999544437	-0.38170949850011215	0.6185541368470119	0.23574976092725236	1.0
935000	-44.72606151161808	-41.44350095978936	-3.2825605518287153	-19.86731023317726	-21.576190726612097	1.0099246692193207	0.43748430005884265	-0.41895675881420724	0.6138995603198553	1.1175953237711829	0.13423348499804622	1.0
936000	-46.85140145245036	-41.14077266020742	-5.710628792242945	-19.029173485314303	-22.11159917489311	0.7625119015707812	1.1817595224603314	-1.0173431262945636	0.12596543561656506	0.9944218267680907	0.13322744818810195	1.0
937000	-42.81642664417985	-39.85815778119739	-2.9582688629824565	-19.73389549160499	-20.124262289592398	0.7321364023625524	0.6900697143351889	-0.5129291084217467	0.5462198070940794	1.582751766318905	0.20332769829115663	1.0
938000	-42.84705860219458	-42.57265880532971	-0.2743997968648708	-20.81376527146482	-21.758893533864892	0.6811481032953833	0.498639609342551	0.03979920268874947	-0.16009398798517965	0.7817160608829333	0.03416590250578123	1.0
939000	-43.188037167825485	-40.59395745634989	-2.594079711475596	-20.153462336272568	-20.440495120077323	0.7680399737142127	0.7550762196194746	-0.18699277292507682	-0.2838003931126295	0.7326406812084147	0.31113851086398897	1.0
940000	-46.33682102082232	-41.54486784649136	-4.791953174330962	-21.09175160021207	-20.453116246279286	1.26137274114305	0.7820066373396228	-0.39959299593240544	0.9253698069898977	0.4620033555077617	0.3108971698861789	1.0
941000	-42.306141469705885	-39.665698107782916	-2.6404433619229724	-19.45124934019921	-20.2144487675837	0.8606671069667056	0.7174571694290124	-0.5327226532102047	0.13095187709723144	0.9815506497415025	0.09733443444000411	1.0
942000	-43.643074026625584	-40.5033625508474	-3.139711475778188	-20.11612293036597	-20.38723962048143	0.9214627151914853	0.827630602492388	-0.21233560593259512	0.6007490707306532	1.498826025438702	0.315330094403869	1.0
943000	-44.48754843027072	-43.50302242165829	-0.9845260086124362	-20.586681111781235	-22.916341309877055	0.8014128913548324	0.4350132086056509	0.04525999582256374	-0.32248262643692344	1.8564369780322953	0.06710033205431667	1.0
944000	-42.35708788506079	-40.64543340867789	-1.7116544763829062	-20.19190041397044	-20.45353299470745	0.7784395800887304	0.608517769085485	-0.1571081331408351	0.22816805161833692	1.231371483571195	0.1999390477917713	1.0
945000	-42.87493780627933	-41.60588364574299	-1.2690541605363375	-21.33553876347498	-20.270344882268013	0.9898144934003908	0.8249878833979476	0.17532566954818263	0.1261516590019981	0.7810334279888218	0.05459754076060898	1.0
946000	-44.556025168965455	-39.01235694754425	-5.543668221421205	-18.122991520734903	-20.88936542680934	0.9300547064291061	0.49398129579622446	-1.7387689217647258	1.9756483681634296	1.0911563423486694	2.358588258588769	1.0
947000	-45.183056009758204	-41.10748772886433	-4.075568280893872	-20.356804534655826	-20.750683194208506	0.997001597586428	0.4798227868705431	-0.19134311135142307	1.178158541601862	1.7116971579164906	0.4497477133962944	1.0
948000	-44.41090315258209	-41.196758043191345	-3.214145109390744	-20.740462691679202	-20.456295351512143	0.6500888079543538	0.8810321145852027	-0.0905586136293639	0.3265351434502338	0.8623547685955611	0.726666832734074	1.0
949000	-43.09461526963197	-41.58758979248926	-1.5070254771427094	-20.417550996550986	-21.170038795938275	0.8919484929437672	1.032165417576027	-0.058702366179501975	0.23793077480655245	1.452461924139254	0.052000788817461105	1.0
950000	-45.9775459056414	-42.6184536683402	-3.3590922373011995	-22.190609433145852	-20.42784423519435	0.5266431831127586	0.7948399493316953	0.2175001381742191	-0.300054164904036	0.29077397506593305	0.17995516460646707	1.0
951000	-43.60677793665672	-41.21719928119111	-2.3895786554656144	-20.25573334166552	-20.96146593952559	0.9286581485024776	0.6293235751274572	-0.15711215078792756	-0.38780427641411597	1.0599563213245045	0.2707525544595798	1.0
952000	-45.10599892601819	-41.298786779503835	-3.80721214651435	-20.230040952421163	-21.068745827082672	0.6204330629487678	1.0049453908668013	-0.6509384811149115	0.319104348480848	0.4589037504438671	0.28044762544832325	1.0
953000	-45.87156081369293	-41.7048093765824	-4.166751437110528	-20.021656363270946	-21.68315301331146	1.0268772772610986	1.009026118343354	-0.37293422508225155	0.785763379743207	1.3030793513806553	0.21994146156446662	1.0
954000	-42.891519422574554	-41.475452335615344	-1.4160670869592105	-20.607560589800613	-20.86789174581473	0.9356032473699315	0.9975621736661434	-0.019224186958026274	0.03628854737748849	0.40815373942926547	0.048784339772972904	1.0
955000	-42.23435091251448	-40.64215799509472	-1.5921929174197582	-20.471853946301593	-20.170304048793128	0.9430085370287883	0.7590887004969007	-0.08103112425860659	0.24102561364808017	0.676123556495002	0.07236535679272244	1.0
956000	-43.38040128305952	-40.80566637246552	-2.574734910594005	-20.20121179961587	-20.604454572849647	0.6211830567788422	0.6376834699240411	-0.6738473090430528	-0.10652212506959136	2.0048996795869547	0.3383982023508863	1.0
957000	-44.848274599564476	-39.54210723652086	-5.306167363043617	-19.0940398879426	-20.448067348578263	1.3424371591965591	0.635631729644367	-1.7269975167769058	0.08057917294086105	0.7450667726320237	1.366406372802373	1.0
958000	-45.36364921040461	-41.9824390680708	-3.381210142333809	-21.59052245085729	-20.39191661721351	0.6954645574293045	0.5635250183074747	0.43724265784145416	0.7206807552127514	2.4921447360430355	0.8159765846718139	1.0
959000	-43.77542232879694	-42.28965117200843	-1.4857711567885121	-20.51741273609573	-21.772238435912705	0.7131627568687031	1.1171633694838776	-0.06119475123372441	0.2624550413548258	1.0492522056311393	0.06474523671569501	1.0
960000	-41.40554338759519	-40.93814355273396	-0.46739983486122894	-20.47335249686728	-20.464791055866684	0.6910354348405431	0.6888711376009661	-0.1332806935504555	-0.15871418867574916	1.5286985139014768	0.04437380540563343	1.0
961000	-49.74439151833513	-44.5657221992518	-5.178669319083324	-23.625746742636316	-20.939975456615485	0.40930902063207003	0.8372053365634371	-0.11631749873014004	-0.8345982279615645	0.36223097239855506	0.11879613487958678	1.0
962000	-43.52424998453813	-41.27293790553382	-2.2513120790043057	-20.949151597027793	-20.323786308506033	0.9088219429495598	0.777661850380921	0.1382481560076324	-0.13964314390144356	1.3518214446471482	0.26263375025554536	1.0
963000	-44.293478707201906	-40.230709471381736	-4.062769235820173	-19.34051224179875	-20.890197229582988	0.9008909280334688	0.9439288927045942	-0.5995062712976905	0.526108681380977	1.449738897606299	0.9637665971016086	1.0
964000	-43.14210806734934	-40.07161644650964	-3.070491620839703	-19.711784339590576	-20.359832106919065	1.1014230260291855	0.6555744662662969	-0.6337541349104953	0.1019706108891065	0.9216387212481384	0.2658075831521327	1.0
965000	-45.024794742136805	-39.014550645712504	-6.010244096424298	-18.487505986484113	-20.527044659228388	1.2546752273008066	0.8502156676563426	-2.3544055084639517	-0.40746402207313176	0.9479513818620418	2.339446592654496	1.0
966000	-42.15021596425684	-40.21894038064819	-1.931275583608642	-19.901184192048284	-20.31775618859991	0.7393456002904673	0.6424303561327283	-0.38068294469999503	0.23072904400483002	1.4441811422228563	0.178924415302486	1.0
967000	-45.18460976482709	-41.5934678968017	-3.5911418680253915	-19.50436519508163	-22.08910270172007	1.0691129324292727	0.4452273543444676	-0.6813331645658417	0.10378857411130327	0.481788806018034	0.2471822959397491	1.0
968000	-43.536865006590205	-39.56827259188876	-3.9685924147014457	-19.01653165970895	-20.55174093217981	0.7388744142566516	0.6949747582883526	-1.149487045494593	-0.27197113921128	1.3829280247563673	0.4183257782001064	1.0
969000	-44.650262589539146	-41.934366745474904	-2.715895844064241	-20.73240525918872	-21.201961486286187	0.6033239966282178	1.0619845447715408	-0.32632818155733323	0.0034119847203957915	0.3895590556905951	0.12439883659195813	1.0
970000	-45.94648923568397	-44.36980599576131	-1.5766832399226565	-23.662279601511834	-20.707526394249477	0.42218694199994583	0.9555879501661243	0.1889722967060834	-0.3393158929974875	1.8541535423061246	0.08230201346223746	1.0
971000	-42.2802947600038	-40.988400531368725	-1.2918942286350756	-19.94721188644158	-21.041188644927146	0.8960748888393368	0.5643819675838408	-0.2738604847056818	-0.09704984240159481	2.1649476945883057	0.045078301659803255	1.0
972000	-44.899163568204855	-39.48687658246544	-5.41228698573941	-18.983467814301793	-20.503408768163652	1.1389960292748982	0.7726002915139902	-1.1180835338912565	1.0182566193630107	0.5599191858179657	2.364387876890682	1.0
973000	-45.14067445965551	-41.90508953061025	-3.2355849290452596	-20.973444730346962	-20.931644800263285	0.5862547905961714	0.7169363908341142	-0.2496593397862955	-0.6649957952016327	1.064370721345141	0.8513569826096983	1.0
974000	-42.17283667998961	-42.08683275551134	-0.08600392447827065	-21.118120942226007	-20.96871181328533	0.6083417483671801	0.5352409343408433	-0.017421824444702416	0.18155082258567626	2.8139294509748023	0.033437365797211106	1.0
975000	-45.91537477136362	-40.783479135738446	-5.131895635625178	-20.29006976617942	-20.493409369559025	0.8170201759232083	0.8748707823980535	-0.09157990652544058	-0.3009500864623197	0.7316865322299138	4.13426913567625	1.0
976000	-47.04603577075012	-42.07352190278108	-4.97251386796904	-20.092901460703295	-21.980620442077786	0.8379304424698366	1.041546189025656	-0.18662734512861834	-1.4224701368538302	1.2289629534617286	0.5744383102097964	1.0
977000	-43.90173904713861	-40.70581182377245	-3.1959272233661613	-20.508708353343657	-20.197103470428793	0.8305591863798442	0.6259768750557875	0.008724761061875363	0.6327427280841416	2.0351792554647345	0.5928461793488203	1.0
978000	-43.332549881285615	-40.22782307020892	-3.104726811076698	-19.780704430032902	-20.44711864017602	0.6819306080157048	0.7556260603644053	-0.6681421460389416	-0.29259206568345353	0.8364831581599427	0.34563383391220187	1.0
979000	-43.86628386018504	-40.20906689537516	-3.657216964809885	-19.439431174937237	-20.769635720437925	0.7926849079616859	0.6237527826758028	-0.5949716649758969	-0.19911921478254374	1.151822414663039	0.059904789733164605	1.0
980000	-43.21142000906722	-40.83236026069676	-2.3790597483704614	-20.171026498180055	-20.661333762516705	0.7561703069247359	0.7186234709414001	-0.1904466103097844	-0.44290911456636967	2.199331763432178	0.09321907490743503	1.0
981000	-43.04027301440537	-41.115136854309384	-1.9251361600959902	-20.341217996258866	-20.77391885805052	0.7753843524495135	0.9562163417639458	-0.08182908918537923	0.28617208402888866	0.8741043553371419	0.13079716200232255	1.0
982000	-44.96439400370506	-39.074858794434974	-5.889535209270084	-18.88307940505717	-20.1917793893778	0.8792581389782422	0.7729002372579411	-0.9132692690601857	0.5050666157670971	0.3852653048335058	0.16436899530249444	1.0
983000	-42.75187368676995	-40.80027349237873	-1.951600194391217	-20.43711135184097	-20.36316214053776	0.6822647518832431	0.8633486400363262	-0.17921374616610186	0.03898192579143622	0.4317027044716684	0.0886261288757585	1.0
984000	-43.105452145038505	-42.061083010809945	-1.0443691342285624	-21.58050065010456	-20.480582360705384	0.6207305150235789	0.6427619860685295	0.3003834148357524	0.005807591916301619	2.3401294934975945	0.0626449939141056	1.0
985000	-41.16585323293286	-40.55593490583438	-0.6099183270984809	-20.360606688514206	-20.195328217320167	0.7399032910696988	0.7388079104555668	-0.10640551696306755	0.1428334659966114	0.736361964933858	0.0331077642925929	1.0
986000	-43.991230042426935	-40.964497275078685	-3.0267327673482494	-20.807005662029113	-20.157491613049576	0.6202388131031163	0.7423677624122278	-0.17174815883793412	0.5877523056663309	0.6005673892267231	0.2363381725141233	1.0
987000	-45.878338322430885	-42.10628993794778	-3.7720483844831048	-19.923855019349055	-22.182434918598723	0.9156245594351086	0.525005193361841	-0.2969128289608812	-0.6252167713704968	1.0040224764938261	0.07891844577669394	1.0
988000	-45.6905737628532	-41.74068444320118	-3.949889319652017	-20.89011295210658	-20.850571491094602	0.9384941674866021	0.7204590071601232	0.08530958916587134	-0.6099192311501891	0.48573906594177674	0.07900943967725182	1.0
989000	-44.53253628227808	-41.74511298830869	-2.7874232939693915	-20.97241843644707	-20.772694551861623	0.5525564292938872	0.9785455723604785	-0.5693859666736968	-0.29500487447564333	1.414352182144998	0.14852495964467663	1.0
990000	-45.06859070854828	-42.67280143905256	-2.3957892694957184	-22.448910839070987	-20.223890599981576	0.517525700512337	0.784347119912318	0.3241245775384127	0.08893593703200164	1.128541401524315	0.45182293802701917	1.0
991000	-44.27109870807948	-43.051350005918415	-1.2197487021610642	-20.655468149231638	-22.395881856686778	0.6073872336520983	0.45818709417991493	-0.3621032808542969	-0.22888064035396735	2.1945006989560567	0.1005159383431138	1.0
992000	-44.00514083476709	-38.626896007806465	-5.378244826960626	-18.45701461737417	-20.169881390432295	1.1496645815130002	0.6739361192636505	-1.6020848868616735	0.38577849044923174	0.9705084979835485	3.909337517189451	1.0
993000	-45.1731458880372	-41.4565615946134	-3.716584293423802	-21.134823006808205	-20.321738587805193	0.9070472931214532	0.5656805052051274	0.2078303766208246	1.0694416108856284	1.317000036443471	0.6940309178377644	1.0
994000	-43.3840932232433	-41.737500406643875	-1.6465928165994264	-20.827683896009525	-20.90981651063435	0.5913959126802463	1.010494491459491	-0.33180945960712793	-0.040750475005309234	1.3220284199017496	0.09843266223060923	1.0
995000	-44.64417080618967	-41.718488621494174	-2.9256821846954963	-20.942174069141622	-20.776314552352552	0.6075232749402097	0.7134698814523315	-0.14170171395339892	-0.5314466496275229	0.7445981220051159	0.06923925889277724	1.0
996000	-44.001689412795564	-42.28394390394051	-1.7177455088550557	-22.04403586625689	-20.239908037683616	0.49401114590047973	0.7954269061531594	-0.23245163191368184	0.06666145820877467	0.5292228535499409	0.09104932168200665	1.0
997000	-44.363994924355964	-41.07345528423701	-3.290539640118952	-20.362869620412518	-20.710585663824492	1.1534063785772977	0.9506674642222707	-0.44685784406478424	-0.3854348133783954	0.7884788518025965	0.12350806626064499	1.0
998000	-45.29051031154767	-41.65803789984316	-3.6324724117045117	-20.869927945830188	-20.78810995401297	0.547280703920469	0.9106621944357922	-0.768576422607714	-0.6450738184216743	1.0960200408638672	0.7419558191965504	1.0
999000	-43.72522799300829	-39.91044719580834	-3.814780797199951	-19.105508715441903	-20.804938480366435	0.9484182222882491	0.9906612598828064	-0.7634235777751934	-0.17176485858076274	0.9383501678403648	0.16976209561205652	1.0
1000000	-45.10811454721662	-39.568972068558644	-5.539142478657979	-18.57563491788566	-20.993337150672982	0.9106657327811514	0.9884351417419978	-1.1609213005407477	0.34728528211678983	0.5098511362927902	0.27385349933943903	1.0
1001000	-45.84545550706581	-40.7706050427675	-5.074850464298308	-19.054815535604213	-21.715789507163286	0.9892718340068413	1.0532379566460492	-0.8284479183681801	-1.2147945931899444	0.6828805396749897	1.0257467131281246	1.0
1002000	-43.79761472408436	-38.85834750737054	-4.939267216713826	-18.219859282520055	-20.638488224850484	0.8405356787197573	0.5073118523019505	-1.9449747864585505	0.9285620810772971	1.2285200818369695	2.7670791473791683	1.0
1003000	-45.36087539493239	-40.5845427165525	-4.776332678379893	-18.747535479588	-21.8370072369645	1.0870618400680276	1.0988704994315228	-1.1789189115187726	0.42609160732937357	0.8998977112640867	0.7432767403396184	1.0
1004000	-44.68985899165991	-41.3506130601061	-3.3392459315538114	-20.624300736718048	-20.726312323388047	1.1843773698258544	0.9387154886294493	-0.4067434636899451	-0.4804299065915225	0.942145744188658	0.1905767313713656	1.0
1005000	-43.3072023934482	-41.02240101908542	-2.284801374362776	-20.653591829535713	-20.36880918954971	0.8819174800494187	0.7991249344034329	0.046287286511805026	-0.2124228737965506	2.3096766009352367	0.14613136388018355	1.0
1006000	-45.80068749837372	-43.69640991042474	-2.104277587948979	-20.836829040532024	-22.859580869892717	0.6079623027439569	0.43410099619389414	-0.2160502566171043	-0.2801710994143436	0.8533435955444433	0.32152516822578125	1.0
1007000	-46.99689426795116	-41.04684996860032	-5.950044299350846	-19.50828113059377	-21.53856883800655	0.6510876830387977	0.9816049400505434	-1.2492332452286878	0.828098642197832	0.9535082334569381	0.3090303739696748	1.0
1008000	-45.308955057654885	-40.24511679012096	-5.063838267533924	-19.719911647714486	-20.525205142406477	0.7781579755563452	0.7451965036495898	-0.4300108483608972	-0.3644571421982315	2.4435842776192978	0.03400722148567559	1.0
1009000	-44.320174837026215	-40.70167825848061	-3.618496578545605	-20.568987369564773	-20.132690888915842	0.8900401415479756	0.7308443771848787	0.005925884075592053	0.4840030426291047	0.37740232636355986	0.055468950966961056	1.0
1010000	-43.054727673185596	-41.30263604846112	-1.7520916247244793	-20.997316355287776	-20.30531969317334	0.5695425416909835	0.7421756236875522	-0.3633695667016325	-0.07899181511953343	0.8655258186973752	0.041124372114957466	1.0
1011000	-42.872277318906626	-40.770953110926285	-2.1013242079803405	-20.36823434413797	-20.40271876678832	0.7786103798745666	0.878637025877062	-0.06618127815885891	0.05069403187067231	0.27376278423899686	0.05838169464817464	1.0
1012000	-43.16738356078293	-40.454465878370804	-2.7129176824121255	-20.294377141750196	-20.160088736620608	0.9361387994970646	0.7140617783417402	-0.1475582384150147	0.2803318200106556	2.0805509285761916	0.28024988580863225	1.0
1013000	-44.50306666283567	-41.84686496773172	-2.656201695103954	-21.546708656430855	-20.300156311300864	0.5876533739236182	0.8330945263222728	0.158383206407185	0.33891995041191725	1.4421740556713456	0.532760248470089	1.0
1014000	-42.736621259018804	-41.0769171810735	-1.6597040779453067	-20.648345489600995	-20.4285716914725	0.7652672159892888	0.8066475551380586	0.06270125825778934	-0.30090050856019396	1.3272020935215514	0.12565888626631364	1.0
1015000	-42.45338185892367	-40.74909069935628	-1.704291159567392	-20.036330096377547	-20.712760602978733	0.7462790624729577	0.9555093377049556	-0.28292726658472295	0.1680555801534008	1.0665074519957447	0.03596976925613666	1.0
1016000	-46.471666570949445	-44.34026262552544	-2.1314039454240064	-22.63761751811937	-21.702645107406074	1.2347109707310764	0.519500005136266	0.12504679393474677	-0.2832521769880886	0.5026295332890258	0.07228820193566768	1.0
1017000	-49.32937502873066	-45.44836688345468	-3.8810081452759793	-25.142658239032443	-20.305708644422243	0.35212633181037833	0.8036938214717843	0.0666161232685285	-0.09159421230139086	0.9387630552604513	2.290810702267079	1.0
1018000	-42.52799122067989	-41.34552900231604	-1.1824622183638456	-20.493748411647836	-20.851780590668206	0.6561822626099229	0.6029399089809091	-0.23020809809633627	-0.16513893386640602	1.2861681244856886	0.12259154538844728	1.0
1019000	-44.83355487667906	-41.71799549258665	-3.115559384092407	-21.47659538187931	-20.241400110707346	0.589425386636331	0.5947653022705078	0.1231800391586684	0.9695389024937314	2.0040596092442877	0.37218094685845404	1.0
1020000	-43.56718357243857	-39.90104904376892	-3.6661345286696534	-19.512579932779264	-20.38846911098966	0.8963516811201763	0.5746038373676395	-0.49907590685048225	0.603900090000306	0.5811614035837018	0.4562901510116107	1.0
1021000	-44.62938136560339	-39.54890343681174	-5.0804779287916535	-19.013719656705874	-20.535183780105868	0.9382221072782718	0.90990143444066	-0.8176971366656947	0.2277954553674701	1.3865377498274785	0.09872420632298265	1.0
1022000	-43.090396309348534	-41.18362578676561	-1.9067705225829261	-20.945774009561653	-20.237851777203957	0.5739970550075053	0.8023465783529418	-0.37000166585964805	0.105908906287773	1.4487731411694653	0.21795316545238153	1.0
1023000	-45.57168778557929	-42.886171143748015	-2.6855166418312804	-22.445983432583695	-20.44018771116432	1.1423949311788266	0.6696241008933277	0.2514528216239068	-0.061545201822555934	0.8948191648380394	0.33408665440099455	1.0
1024000	-43.14153170453431	-41.29699362087567	-1.8445380836586414	-20.309196834486478	-20.98779678638919	0.7960297296108021	0.5153719604843541	-0.08722589271896786	0.3359733262198089	2.6305925942366595	0.14670633521369192	1.0
1025000	-47.37718278116465	-44.325452011831814	-3.0517307693328357	-23.42320944543711	-20.902242566394705	0.4144359145364097	0.8878461944845807	-0.23369744734057551	-0.7913542773101135	1.149489692538082	0.237644617227337	1.0
1026000	-43.666310350259415	-38.667663000514494	-4.998647349744923	-18.20647057633713	-20.46119242417737	0.9386997999703464	0.8790265085586235	-1.578744729841659	-0.21328725233334198	0.881089689291596	1.8785329029826556	1.0
1027000	-42.34211413199321	-41.577594725869105	-0.7645194061241112	-20.926528868899382	-20.651065856969723	0.7244082818748682	0.6306378118846653	0.16394228936662225	-0.1201030029941697	0.7651691044247119	0.04472318108796267	1.0
1028000	-44.023640577031344	-41.92546948807458	-2.098171088956758	-21.729733911658062	-20.195735576416524	1.2762050982168447	0.6877015940745824	-0.22104663691352783	0.25848105786476994	0.7521643223166358	0.08451454532294063	1.0
1029000	-43.57181612247869	-41.66130443796294	-1.9105116845157455	-21.00799920876265	-20.65330522920029	0.8206072753464871	0.9421066403744113	0.22150124220914907	0.17268818854053655	0.7375094351374152	0.1121313089387502	1.0
1030000	-45.68780090076889	-41.17817559865509	-4.5096253021138	-19.776225507961172	-21.401950090693916	0.8501503881007099	1.0920987319453208	-0.34950784344201763	-0.7355387705810099	1.2819050246839405	0.11763122932118045	1.0
1031000	-43.774811648359545	-39.446494423181385	-4.328317225178163	-18.74661725063936	-20.699877172542024	0.8009384332032199	0.5662091686848251	-1.1811144614210471	0.21863276536373225	1.1331235210214576	0.3020471593629431	1.0
1032000	-44.803359229924624	-39.7165994686282	-5.086759761296419	-19.488624322327205	-20.227975146300995	0.6416189131045275	0.7819540920600065	-1.4489297931629064	0.07038410665448544	1.0424715412035213	0.3702870214455517	1.0
1033000	-42.999108988276205	-40.32352727306244	-2.675581715213768	-20.1886194002672	-20.13490787279524	0.8640855591636787	0.6964148727497586	-0.14565120266728943	0.43020484430866707	2.0346564323244127	0.04925888336499231	1.0
1034000	-43.62359142707867	-41.627867782708954	-1.9957236443697173	-19.520510957023582	-22.107356825685372	0.8413924723806819	0.44163375884693346	-0.49718662605841857	0.12890112988242342	1.1793835183207182	0.1286061870253904	1.0
1035000	-46.482983556581644	-43.23073762928313	-3.2522459272985147	-21.719211225540516	-21.51152640374261	0.9707425347846383	0.4473719957844713	0.32534194187574317	0.5506567546698493	1.0367246393416674	0.08076254208211464	1.0
1036000	-43.54250379777809	-41.3703718679906	-2.172131929787488	-20.596566757666217	-20.77380511032438	0.6427872060942491	0.6262157683888474	-0.21443163004941007	-0.21481945370741257	0.5874491867138699	0.17609350024473283	1.0
1037000	-44.2282918249727	-40.80914731549749	-3.419144509475212	-19.419484428260336	-21.389662887237154	0.8640672010225028	0.4440650810749873	-0.551214260355123	0.7178302772714551	0.9472717065498993	0.7090251468924047	1.0
1038000	-43.42602323044437	-41.74611144565651	-1.679911784787863	-21.217695237968112	-20.528416207688394	0.6935910698256954	0.9085258962838233	0.2671677478792011	-0.20843269538655612	1.3226489238680672	0.03531372978496378	1.0
1039000	-44.570362152059786	-42.11277094570475	-2.457591206355036	-21.065068696077788	-21.047702249626965	0.5534012338637047	0.6014685935954339	-0.46159575035814887	-0.32041024004683516	1.251024544645415	0.5002069339476494	1.0
1040000	-44.03598367461709	-38.33396684479094	-5.702016829826149	-18.068166805628323	-20.26580003916262	0.9400743268131729	0.7582019782940433	-1.851800040524606	-0.027720016527206397	1.3545094634195796	0.66510138537788	1.0
1041000	-47.580514701190495	-44.500986957865095	-3.0795277433254027	-24.019408283212258	-20.481578674652834	1.3805782664521986	0.8815287411454702	0.1661950238544725	-0.2503954237148744	0.8887114367364867	0.3176363457913783	1.0
1042000	-46.33563173655999	-41.32632581761243	-5.00930591894756	-19.83873198948365	-21.48759382812878	0.8005250268578541	0.9008413372577992	-0.3347073915143281	-1.2330764715641578	0.6261900425683826	0.3835570965720265	1.0
1043000	-43.26931954379405	-40.799499842926096	-2.4698197008679497	-19.75929771488468	-21.040202128041415	1.018761054063794	0.5863683880982068	-0.4810778775307957	-0.23150154982166604	1.0803092138125407	0.14803458694885405	1.0
1044000	-42.44877291429895	-40.162895664977576	-2.2858772493213757	-19.941417037947275	-20.2214786270303	0.6800429501286038	0.747909373076271	-0.5402866527494115	0.0716823750485864	1.3998503112402918	0.11790721995010424	1.0
1045000	-44.43004711279371	-38.92260156817118	-5.5074455446225254	-18.711324138181226	-20.211277429989956	1.0981953861053444	0.6997584644752507	-1.2292246828977347	0.9200645442900455	0.7280657750881936	4.2590552899828955	1.0
1046000	-46.31325079555075	-40.46746016509681	-5.845790630453942	-19.720877533637914	-20.746582631458892	1.2731815610083144	0.9616055975308011	-1.014581898844941	0.17985979546354916	2.3301447472847463	0.3342264259185608	1.0
1047000	-41.90202284084653	-40.43982665214894	-1.4621961886975878	-20.160323988024548	-20.279502664124387	0.8886034157774753	0.8015325273459722	-0.16987816306271947	-0.033884550886239206	1.3903572541105718	0.11056527768089773	1.0
1048000	-42.50214000673806	-40.74800048329364	-1.754139523444425	-19.95582700081859	-20.79217348247505	0.8502271791895357	0.5477306255346049	-0.2556685066028439	0.2608536394929145	1.905333852142519	0.03545184449780533	1.0
1049000	-44.55905879850088	-41.8611346109832	-2.6979241875176774	-21.607309670916372	-20.253824940066828	0.979670745361297	0.6380666965882584	0.27763006345579644	0.37416404500016576	0.5668515086967179	0.08631651057078142	1.0
1050000	-46.9197622587106	-40.939930830123714	-5.979831428586884	-18.450860182333596	-22.489070647790115	0.9677360650540264	1.2823989954006123	-1.280527244032748	-0.36317537335186123	0.733091006841381	0.2825199548787304	1.0
1051000	-43.278953612528696	-42.109807409703464	-1.1691462028252344	-20.914450780167268	-21.195356629536196	0.6583011204291982	1.0570193987858105	0.04001606635340881	0.0479312171968207	0.7512556519572012	0.07773334580273616	1.0
1052000	-43.43470582319706	-40.36395263461241	-3.0707531885846557	-20.118453270556827	-20.245499364055583	0.8094350566304629	0.797564249402905	-0.1783735911164435	0.4960821585055626	2.104499625409332	0.06907657548546711	1.0
1053000	-42.76130924841148	-40.18022861387411	-2.581080634537369	-19.891901124564853	-20.28832748930925	0.7991447914260776	0.8347805627041676	-0.30549631875463573	0.15298613339254372	2.0023829333641867	0.2542531348224411	1.0
1054000	-45.458362778029354	-39.62770468155927	-5.830658096470082	-18.659075365902133	-20.96862931565714	1.016426153287535	0.5114986254544511	-1.1371950797676411	0.39318031180462243	0.4103947511112829	0.24055911846569983	1.0
1055000	-42.53054437307719	-41.067780300419386	-1.462764072657805	-20.641639912336412	-20.42614038808297	0.6759694667964783	0.7987829081339386	-0.07140705768996766	-0.29816518462456426	1.2165543437645925	0.11054029803724523	1.0
1056000	-43.475276759831665	-41.585915559188265	-1.8893612006433995	-20.81359463693336	-20.772320922254906	0.5728390013868081	0.6076793342003555	-0.5058166672207285	-0.11880112251914299	1.6692761500718452	0.0876428131366276	1.0
1057000	-44.34015245453751	-42.83590180197203	-1.5042506525654793	-21.74563804534438	-21.09026375662765	0.5782333988265144	0.5705107188114993	0.23547667325207167	-0.17694338467659076	0.591297610666697	0.06543808562712394	1.0
1058000	-43.748609191036394	-40.75238254383721	-2.9962266471991903	-19.93601562894561	-20.816366914891596	0.8826037355486365	0.9908430175748564	-0.27308425841822115	-0.041091829938829316	1.7979517232657083	0.31407236388354814	1.0
1059000	-44.026171912152826	-42.21248605153221	-1.8136858606206174	-21.828645032225925	-20.38384101930629	1.1799931177393455	0.7101857060764032	0.0050777005213788196	-0.12345980833219503	0.5140001354175224	0.08963836174895308	1.0
1060000	-48.49256682976216	-45.459841105836375	-3.032725723925786	-23.5706348500616	-21.88920625577477	0.45743068664618197	0.46474292002647877	0.5680711758141094	0.05014099178477065	0.6450947895273127	0.06703295400769434	1.0
1061000	-43.97050964251156	-42.701231593267266	-1.269278049244289	-21.141689422109415	-21.559542171157855	0.6252762431413319	1.1249715153094442	0.06773949232127552	-0.05389055632627987	1.3647394559941937	0.09295811073462037	1.0
1062000	-43.26136170544431	-40.843186039497425	-2.4181756659468836	-20.36836079286955	-20.474825246627873	0.640837447952416	0.8569052866783875	-0.3925510076483301	-0.3158612451541366	1.3347422768827786	0.06960632748081771	1.0
1063000	-49.362154800785405	-41.275829091468665	-8.086325709316736	-19.37084207080429	-21.904987020664375	0.87404619636258	1.0489131875396611	-0.5793624079065058	-1.3602922583158408	0.1308484520852808	0.37588599540233986	1.0
1064000	-42.0744749138411	-40.60496597106092	-1.4695089427801773	-20.316701975248098	-20.288263995812827	0.7112713105214649	0.8176498010953618	-0.1805842490987425	-0.011596199956254851	1.1889226023635715	0.14145302553208627	1.0
1065000	-46.02885016736707	-41.92011549570084	-4.108734671666228	-20.826458536242097	-21.093656959458748	0.7303732887244497	0.7518850944909772	0.12171825181790641	-0.8585655936749008	0.5471448595963655	0.8104813517751073	1.0
1066000	-47.888741233659026	-41.899870707983126	-5.988870525675901	-19.21018983392036	-22.689680874062766	0.8428401996328132	1.2054649266915425	-0.6969136379139943	0.3978914303401788	0.6763901015154541	0.06917917230745908	1.0
1067000	-54.41394245198934	-46.73615756478844	-7.6777848872009	-21.729433646512305	-25.006723918276133	1.4123952716065538	1.5190318647045573	-0.5350961531855394	-1.8493596745557608	0.5669775043999082	0.49458860237452995	1.0
1068000	-42.17387320052477	-40.927297356702056	-1.2465758438227132	-20.682763211879678	-20.244534144822374	0.6667815258590327	0.69804029301443	-0.07250746556094467	0.12238596657474705	1.5957328185335071	0.14922043885782688	1.0
1069000	-44.099391909522716	-44.44868841416758	0.3492965046448635	-24.093008715591473	-20.355679698576104	0.39509024736480447	0.6701400560162778	0.06846400682741074	0.04560782266277563	1.0058389503802458	0.03534051238089302	1.0
1070000	-43.37957113518673	-40.51590162676723	-2.863669508419496	-20.13065505072881	-20.385246576038426	0.9083631434604741	0.6212759129475975	-0.19589385688933336	0.2462240405747436	0.6721046859434657	0.3979832221839762	1.0
1071000	-44.639920073516556	-38.95856481730594	-5.681355256210616	-18.423256668025758	-20.535308149280187	1.1986830945665858	0.8729402778008479	-1.8589023379900187	-0.3798277298902286	0.6622249874688415	1.29865141292209	1.0
1072000	-45.31398730646896	-42.16430451052556	-3.1496827959433986	-22.01983651250462	-20.14446799802094	0.6093546946626403	0.7380613434727518	0.49231551996984946	0.5459439850384075	0.8298033065265056	0.16913132592605254	1.0
1073000	-43.3038327866152	-39.76830027228739	-3.5355325143278122	-19.228844313669015	-20.539455958618376	0.787298194366524	0.8909605886712095	-0.7616254046554218	-0.33323513271110156	1.1155722815844953	0.2249972269256858	1.0
1074000	-45.95780741196208	-39.34012463156704	-6.617682780395035	-18.59492266812249	-20.745201963444554	1.1060432324332863	0.9449124708418012	-1.343821230071039	0.333898895420325	0.5157253618007617	0.2545658363268684	1.0
1075000	-44.88785746829733	-39.421017675477344	-5.4668397928199814	-18.732085202815796	-20.68893247266155	1.2978072470836195	0.6437836080433332	-1.9686935294355932	-0.21712441847930353	1.0294207667708908	2.3380367502025767	1.0
1076000	-44.947893611823275	-38.69961413437693	-6.2482794774463475	-18.16455331187303	-20.535060822503905	0.8520588963339578	0.6229895767607218	-2.142351353400963	1.5300417364791534	0.8259252353073029	1.4019972358120056	1.0
1077000	-42.96042873850797	-41.31648292322775	-1.643945815280222	-20.94268125467244	-20.373801668555316	0.8921205197357999	0.6525774643145587	0.15122549981648056	0.0961293049179868	0.6350852822666763	0.10724465156874476	1.0
1078000	-47.658469465364995	-38.74569473640699	-8.912774728958006	-18.434962287448762	-20.310732448958227	1.0192766391103774	0.6522840688646924	-3.1487969558892117	1.2084443419810813	1.467485133125272	1.0685624252701804	1.0
1079000	-45.45539002559147	-38.37348669918326	-7.081903326408211	-18.14956902999132	-20.223917669191938	0.8707775198259088	0.663718835421921	-1.9128589835731222	1.0396872692511456	0.4084667585877081	14.309480535463402	1.0
1080000	-44.01276817734276	-42.03360852874085	-1.9791596486019079	-21.71453113541269	-20.319077393328158	1.0536841811454338	0.8370485323829969	0.19749407104736194	-0.018743053989970254	0.9760581988893279	0.15230898700933118	1.0
1081000	-44.473001057322676	-40.57091150712991	-3.9020895501927697	-20.058900999276084	-20.512010507853827	1.2468089539469653	0.9121441425998734	-0.7789631473423037	-0.08283575677553201	1.1752162479030233	0.24125197152781855	1.0
1082000	-46.510574834202956	-39.204215582908844	-7.306359251294115	-18.48862196604885	-20.71559361685999	0.8359998153081082	0.6524454093181774	-1.3839021354282177	-0.2783996643342528	0.9361253323320562	0.17527400215044847	1.0
1083000	-43.33114145050287	-42.72121718449367	-0.6099242660092017	-22.385941701413948	-20.33527548307972	1.2618633117896834	0.7640079510499843	0.0016959602149212993	-0.15091248710067984	0.9524140138034498	0.024010927762543193	1.0
1084000	-44.33873110677743	-38.50167206976333	-5.837059037014104	-18.009237107186443	-20.49243496257689	1.0495609977172065	0.5828843189521735	-2.3064450881777887	1.5432110399182901	1.247338954967992	5.50253051756013	1.0
1085000	-42.83010279077394	-41.177378914519025	-1.6527238762549183	-19.983234191107055	-21.19414472341197	0.7522232905085644	0.5636159803920372	-0.30543408157172536	-0.21596481016562938	0.8222450575744272	0.07354662167537465	1.0
1086000	-41.54171042160455	-41.26451367546895	-0.27719674613560463	-20.608574073880284	-20.65593960158866	0.8838030555607748	0.6134907912311853	0.026627900520331038	-0.036981642577799734	0.9186453654284412	0.04373465315036653	1.0
1087000	-44.011093625108714	-39.930577040691134	-4.080516584417577	-19.689146138897772	-20.241430901793358	0.7204632355731707	0.8022199856645071	-0.5819486224602668	0.08922124058195599	1.495359844959904	0.0446850493259311	1.0
1088000	-45.22317533220092	-41.894550993294985	-3.3286243389059345	-20.988003350817134	-20.906547642477847	1.2888077627261036	1.0137262766272397	-0.4983928217796816	-0.24546654867261014	1.112457710714146	0.13342900552708306	1.0
1089000	-43.45404103400873	-40.82635592120276	-2.6276851128059704	-20.56198366256302	-20.264372258639746	1.0744698309029443	0.7194996712214516	-0.2269614569056298	0.030514999776103335	0.2885547175303608	0.07815095265993913	1.0
1090000	-44.35660912731113	-39.96144734899775	-4.395161778313382	-18.98283221247501	-20.97861513652274	0.7881630506855097	1.029820909316652	-0.9743097711676015	-0.23129858678872026	0.8109523785520716	0.23958484400446636	1.0
1091000	-41.70348401391363	-41.491369172827305	-0.21211484108632472	-20.496829230355473	-20.99453994247183	0.7629166558844718	0.5542253214446563	-0.012282487675935646	0.012937439221638425	1.1503426519781272	0.05706321636176988	1.0
1092000	-43.58023939077778	-39.607557877937296	-3.9726815128404844	-19.044316646639214	-20.563241231298083	0.7759332243572307	0.596221828049729	-0.953197749392567	0.1673514697710804	0.589428949121658	0.59765457144845	1.0
1093000	-43.376039479438326	-40.94572948003234	-2.4303099994059862	-19.976166787695853	-20.96956269233649	0.7344301050979061	0.6556104528718656	-0.34249267610892253	-0.5031395829847516	1.5131512104218978	0.17023724283077557	1.0
1094000	-45.048560701414985	-39.76524720537225	-5.2833134960427355	-18.550327115535534	-21.214920089836717	1.1578090345540548	0.4152245441470819	-1.5245574312522336	1.6285581666710227	1.1270040112410045	2.442676838171149	1.0
1095000	-43.52724193232244	-42.41173834976969	-1.1155035825527466	-21.549848575801903	-20.86188977396779	0.5259173629499198	0.6024141415355534	-0.3017890739286273	-0.17118963704311096	1.0777773825886294	0.04924414985084083	1.0
1096000	-42.48914155539307	-40.173738913486005	-2.3154026419070632	-20.004404139236936	-20.169334774249073	0.9399886027291141	0.7683762157754047	-0.27867920562030013	0.31391900773707937	1.0689958188378468	0.18355014117198168	1.0
1097000	-45.29295039998682	-40.809883800222316	-4.483066599764503	-19.611867812828088	-21.19801598739423	0.6826428451464719	0.7216911478206277	-0.8252859801465753	-0.8675604643161449	2.4864876167970005	0.35805732413036545	1.0
1098000	-45.02964507574655	-39.31883852826638	-5.710806547480166	-18.345912854435202	-20.972925673831178	0.8046618551585246	0.9323055173463867	-1.9181866150129179	0.6713791266356015	1.9045059948262368	1.2947138886495237	1.0
1099000	-42.537130380761354	-40.024775186007986	-2.512355194753367	-19.826662186346248	-20.198112999661735	0.8995980597090621	0.7684961449730608	-0.3347663395541923	0.14374451124480114	0.9544108085800483	0.28929986362824645	1.0
1100000	-45.122847388141075	-42.1809905828095	-2.9418568053315735	-21.732381786003387	-20.448608796806113	0.7065446597837128	0.5546909815904354	0.5045271785831692	0.6929228034473435	1.3374068005304125	0.3618560105585284	1.0
1101000	-43.686166029369076	-42.674845600686595	-1.0113204286824844	-20.419597105482058	-22.255248495204537	0.6713793324799359	0.4628750116144563	-0.22468215471244152	-0.18256052297435654	0.9619418950341643	0.08111948545546102	1.0
1102000	-46.53238898956499	-43.73172317863029	-2.8006658109347002	-21.324668440648384	-22.407054737981902	0.9346652078959549	1.2718813655676693	0.2436708203070223	-0.37548544406515844	0.7067869157287402	0.1157451292345251	1.0
1103000	-44.5890832954599	-41.778126380488246	-2.810956914971656	-20.622054504593528	-21.15607187589472	0.8218349408991125	1.0478225369564156	0.060170928396709344	0.07495573857826594	0.41360160743458774	0.20422414336707517	1.0
1104000	-44.60409205514922	-40.07145000867104	-4.532642046478182	-19.870158258852996	-20.201291749818047	0.843563646781977	0.6155380673357324	-0.30000019025678926	0.9351492839008952	0.6457298803791299	0.18995142243735302	1.0
1105000	-44.65912355761647	-39.68349787113635	-4.975625686480111	-18.616159522006956	-21.0673383491294	1.0486933262516416	1.047135123825666	-1.2165190687090053	-0.17075968766951066	1.5853125168474729	0.6264888185763905	1.0
1106000	-44.55195436182959	-41.13356771738728	-3.4183866444423106	-20.455083417658816	-20.67848429972846	1.0882971967220612	0.7964718567827404	-0.29127939895832977	-0.5828390994295144	0.6478212817412371	0.1614464958986045	1.0
1107000	-45.8353830203941	-42.97072261036928	-2.86466041002482	-22.546326691939125	-20.424395918430154	0.4505773362630419	0.842816263858274	-0.4619237688515505	-0.2568349659530311	1.1278104647054834	0.670553133906231	1.0
1108000	-46.22578877435267	-40.7371484558593	-5.488640318493374	-19.244447927575052	-21.492700528284246	0.7671183584490194	0.5714896342375829	-0.7989812932958871	2.2852652524208024	1.355788037185524	1.3811123418416833	1.0
1109000	-43.26098150660873	-41.216169514235844	-2.0448119923728845	-20.43361952440196	-20.78254998983389	0.9677999654591235	0.9705647216490407	-0.12401855311683879	0.16220441002748853	0.5405350287113686	0.10292675598125452	1.0
1110000	-44.549951356881714	-39.623786604918955	-4.926164751962757	-19.299183030819663	-20.324603574099292	0.7115556148469466	0.8319006420268689	-0.9806379679338633	0.4369885698157482	3.226307573178675	0.6183131916483335	1.0
1111000	-42.53535615399021	-40.190412779827746	-2.344943374162459	-19.85338080222263	-20.337031977605115	0.9642362427738624	0.8535776450896188	-0.3719715095683153	0.2070412994658571	1.4169944287105996	0.11669243027853532	1.0
1112000	-45.44743941431444	-38.97038539061655	-6.477054023697891	-18.482121961363454	-20.488263429253095	0.8098720690817262	0.5421148857704039	-1.51163129665305	0.7612955691734438	0.6945303030726645	0.3582954068743922	1.0
1113000	-42.24608303086441	-40.32830341268644	-1.9177796181779763	-19.788274207239294	-20.54002920544714	0.800489824372462	0.6360443523112717	-0.3639648620213604	-0.029991947454657115	0.804404763521496	0.13434908890227074	1.0
1114000	-45.15250330721122	-42.47616252975263	-2.6763407774585897	-21.56967876753835	-20.90648376221428	0.5782937104404942	0.6395284793931036	0.1268401940693059	-0.38838632976058757	0.4366570011610788	0.051925338265937544	1.0
1115000	-46.426232929558346	-42.185865123356365	-4.24036780620198	-21.67273251685709	-20.513132606499276	1.3237433181525433	0.8153404615496204	-0.3437460614652113	-0.41168447694800536	1.7526397024462241	0.6377390982997799	1.0
1116000	-42.80468913132881	-39.34586186150309	-3.4588272698257194	-19.180840485003955	-20.165021376499134	0.9897292529804594	0.6944980020301262	-0.7516953902822806	0.3171490514215404	0.9128705533710453	0.3163106785731254	1.0
1117000	-44.439546596353175	-40.51761073493732	-3.921935861415852	-20.234123517925255	-20.283487217012063	0.97279535465911	0.8177044052974954	-0.21197037242811748	0.4419591775863051	0.3851759512682954	0.04736780977536616	1.0
1118000	-44.87913496446531	-40.304737258358536	-4.574397706106774	-19.432216569396545	-20.87252068896199	1.0792308345399346	0.4804397299093743	-0.735758473044123	0.8885101741156989	0.5169020132985634	0.553901728296165	1.0
1119000	-44.98803469996707	-39.25839469109944	-5.7296400088676345	-18.042391526460158	-21.216003164639286	0.9122872049305993	0.4679149991968306	-2.3074982587866426	0.6004379440896235	0.8025489027897486	6.907920724507489	1.0
1120000	-45.486782294053675	-44.67652210568505	-0.8102601883686211	-23.93029673689311	-20.746225368791947	0.4106261364362285	0.5797069658027432	0.23101768620250668	0.07425712981332178	1.0335846558611157	0.10329463218927343	1.0
1121000	-42.70746490888577	-41.61637233234559	-1.0910925765401798	-21.1091331232211	-20.507239209124496	0.6783825040113837	0.9074610560385707	0.19049545842487278	0.15999577460333478	0.8132479463609475	0.039161684924736026	1.0
1122000	-43.34095308818817	-40.68448214100947	-2.656470947178706	-20.001986010275246	-20.682496130734222	0.9154860463959654	0.9441475548849791	-0.25999434865126925	-0.3638133762143408	1.3656778204197473	0.056049529492978166	1.0
1123000	-45.98101399746188	-40.68717480456188	-5.293839192899999	-19.770043535757672	-20.9171312688042	0.6778959846790525	0.972411724504171	-0.6996855025941499	0.3679254473086059	0.9993902388527184	0.06998135810075914	1.0
1124000	-44.667610187362286	-40.781078312805896	-3.886531874556388	-19.51051409320735	-21.270564219598544	0.9504354107699716	1.042965605972821	-0.5306023125218746	0.276951009292961	0.6657175770264391	0.7081417575163402	1.0
1125000	-46.04239582114719	-41.243880326453564	-4.798515494693623	-20.180686907437707	-21.06319341901586	1.159579727505952	0.44516058880615916	-0.533977600428743	1.1620092615308335	1.6579826622590865	0.34367759687887917	1.0
1126000	-43.60136800124074	-40.18477136163638	-3.416596639604367	-19.46704532516289	-20.71772603647349	0.7956512653006063	0.9068804633727272	-0.5716209108153054	0.5623674906786025	1.038659218316697	0.3974507419445048	1.0
1127000	-43.53085579542048	-39.91418626998192	-3.6166695254385566	-19.752897480040595	-20.161288789941324	0.9832502918690365	0.7567379039642395	-0.44017169448401694	0.49011152763494675	0.49453801659440566	0.16671206915403847	1.0
1128000	-42.076419670624425	-40.169289525349356	-1.9071301452750706	-19.812503704599393	-20.356785820749963	0.773797360021108	0.8580133124388292	-0.37815361633339306	-0.004052006995958812	1.0615797621506726	0.047683715288474156	1.0
1129000	-45.31890071636112	-40.975598515314466	-4.343302201046652	-19.6517018456529	-21.323896669661565	1.0511099679786993	1.0658793048652222	-0.5792034682145113	-0.7804230528437625	1.2647789289000644	0.3518467449908405	1.0
1130000	-41.28366926701306	-40.62057088264029	-0.6630983843727738	-20.403952663518986	-20.2166182191213	0.8841656511656922	0.7623292687693278	-0.059382414348063406	0.0809864257171431	0.9980931000365242	0.05420521765381015	1.0
1131000	-43.67575009687316	-40.08820446022477	-3.587545636648386	-19.640473760668566	-20.447730699556207	0.6687600464627849	0.7930252218971119	-0.8903823354995041	-0.3261102614697829	1.6280286560606023	0.2746607134933934	1.0
1132000	-44.27389584893769	-42.79383313303062	-1.4800627159070712	-22.42305479598062	-20.370778337049998	0.5017690223976792	0.8280953947637659	0.1787094282111777	-0.18454969549605227	1.0955059703360346	0.15881177964997714	1.0
1133000	-43.616302863223154	-40.43588216856155	-3.1804206946616027	-19.919447912092867	-20.516434256468678	0.8636497862105647	0.8793531370386815	-0.275745284989227	0.4660440120132656	1.2901041975513277	0.06114516384529382	1.0
1134000	-45.65001287240011	-42.70771720869613	-2.942295663703982	-22.355884257514667	-20.351832951181464	1.452160695320251	0.6405656842017079	-0.43170993966427096	0.1871555236524805	1.1634597416183	0.06475220222434597	1.0
1135000	-44.31360797123911	-40.55215545183681	-3.7614525194022983	-19.805833228588842	-20.74632222324797	0.9898662060541584	0.7639577197058858	-0.4225892152357591	-0.6076890125849457	1.9794309433946287	0.17649280576863932	1.0
1136000	-42.69109715264951	-40.80245602758512	-1.888641125064389	-20.529875287204916	-20.272580740380203	1.0518245449284918	0.8280341159747135	-0.20262556105938723	0.18907030295782537	1.6240714252473751	0.08205035335058075	1.0
1137000	-46.15062677290561	-38.71873444292457	-7.431892329981038	-18.59035058430441	-20.12838385862016	1.0498225228605575	0.7234223712901816	-3.2695729061606396	0.48126766810853683	0.33854328591197097	9.53057191812336	1.0
1138000	-45.75068450562462	-39.33850654562164	-6.412177960002977	-17.99162709271122	-21.346879452910418	0.9923251728002426	1.0424102413637069	-2.380642078464239	-0.9114004308684596	1.5017564037301299	1.9562287951688577	1.0
1139000	-44.095565961388765	-39.66766386429515	-4.427902097093612	-19.365152428779364	-20.302511435515783	0.776127317973108	0.6860629135500689	-0.6793182937145364	0.06400604394232937	1.3616727544551348	0.05705210544056282	1.0
1140000	-45.34815056729658	-39.14623889909653	-6.2019116682000455	-18.379230698775547	-20.767008200320987	0.9027540636426327	0.9581578429904499	-1.3778900533998382	0.2565138538063495	1.5352525709358225	0.2663691789670468	1.0
1141000	-41.957324903596515	-40.13160333520181	-1.8257215683947061	-19.75234992150969	-20.37925341369212	0.8413166683618615	0.8685276150700879	-0.3637525172858059	0.010242956826193472	1.2652344298700466	0.0764855063133504	1.0
1142000	-42.21203992113612	-40.0113643543182	-2.20067556681792	-19.619196546989734	-20.392167807328462	0.8297517330116576	0.6655694307765796	-0.4437942663419875	0.014793104757884812	0.9757615590094367	0.05781866262364517	1.0
1143000	-42.84318839878889	-41.12286370552089	-1.7203246932679994	-20.569164438667066	-20.553699266853826	0.9463115192885518	0.6327286526702725	-0.045728578170548984	-0.028817012719863144	1.0220436206947443	0.18346080766000875	1.0
1144000	-44.07875568492258	-41.43225202113962	-2.6465036637829593	-21.281565075527975	-20.15068694561164	0.9165632672375182	0.7302033904712483	0.24955502944895724	0.29725603531540934	0.505428628907489	0.04263076638535376	1.0
1145000	-43.72665865418988	-41.46758102222731	-2.259077631962578	-20.959117793582884	-20.508463228644423	0.6130831280307835	0.777670847781479	-0.10130331815498167	-0.38992923269010477	2.6560975278979213	0.1620484202782904	1.0
1146000	-45.375454989425144	-42.860959662590965	-2.5144953268341776	-22.68208070295379	-20.178878959637174	0.4798917022365455	0.62676268414391	0.15547887029335344	0.7479075572885544	1.3329724365082867	0.2575958449275623	1.0
1147000	-44.13620865747374	-42.26880162910665	-1.867407028367088	-21.769768405450233	-20.49903322365641	0.5877911539007206	0.6809827827667659	0.2909123441816725	-0.1706718589334564	0.5527783392916749	0.06544992840001666	1.0
1148000	-46.37392878401753	-42.47274738740885	-3.901181396608676	-20.14701491611204	-22.32573247129681	1.0391578202523755	1.2669877386524926	-0.33697724672477253	-0.6009745042671237	0.7668780147287914	0.4832116296600522	1.0
1149000	-43.609770068317815	-40.33255142639666	-3.2772186419211495	-19.597210699273223	-20.735340727123436	0.7145214810423557	0.9715636993838799	-0.6784544852983938	-0.010338511871525458	0.6883353061135841	0.2382395831705695	1.0
1150000	-45.45970014224022	-39.88679052599864	-5.572909616241582	-18.53584883033524	-21.3509416956634	1.2180582159797078	0.4360587814721068	-1.7805856464048293	0.8782451407744551	1.7848937247078034	1.0319525043066813	1.0
1151000	-45.272898221923626	-41.551619081664526	-3.721279140259102	-21.214811258349688	-20.336807823314835	0.6116834295765495	0.6462624817098592	0.059121152157395385	0.18061670561280185	0.7269319766440144	1.3743436013676171	1.0
1152000	-44.60091101318825	-38.779365638587684	-5.821545374600566	-18.506227275326488	-20.273138363261197	0.8631254438236482	0.6148688543795721	-1.2888379261878968	1.1861262474010563	0.3701514941084974	1.8968226429715185	1.0
1153000	-42.579251776252455	-41.453742742599275	-1.1255090336531786	-21.261533023229287	-20.19220971936999	1.046682888280663	0.7103164302778435	0.06519160467084581	0.1981281889371505	1.472553584395489	0.05312534142592297	1.0
1154000	-41.95030089058427	-41.061135281614185	-0.8891656089700914	-20.85501314670865	-20.20612213490553	0.9065641688327726	0.7666197469778221	0.10500918095155265	0.11421367254735404	0.8914298642123218	0.05581356528638616	1.0
1155000	-43.519651083707494	-40.9763738654948	-2.543277218212691	-20.377819136496306	-20.598554728998494	0.9552748526572885	0.9152623829358091	-0.13244994430884993	0.325760943302151	0.6969205900274746	0.1942262278575742	1.0
1156000	-43.31974702757846	-40.515033177996685	-2.8047138495817725	-19.976179576870706	-20.53885360112598	0.76908743624243	0.579053412335835	-0.28609447805328414	0.3184178309941397	0.4365723770006771	0.0592137986373355	1.0
1157000	-46.90571971941699	-43.25913428406141	-3.6465854353555835	-22.91721070169718	-20.34192358236423	1.1311945436191617	0.8505915921193985	0.39566872663911823	-0.008568460546042767	2.3893303473736136	0.21111262671999678	1.0
1158000	-42.59953419987004	-40.8697609048525	-1.7297732950175433	-19.990127736452056	-20.879633168400442	0.8197057378937684	0.9944429714191565	-0.24157333449901544	0.10922954310948263	0.8424659773867009	0.09569934886641221	1.0
1159000	-44.166276695455075	-43.74926701873824	-0.4170096767168392	-23.250188608071042	-20.499078410667195	0.43020102789654563	0.9038710406019559	-0.07033552091964707	0.1835326767182447	2.1460338534375967	0.0384075218466984	1.0
1160000	-44.89379900741833	-41.881983001545535	-3.011816005872798	-21.170266129902387	-20.711716871643148	0.7741363751661536	0.9664155665219502	0.2948482352523537	-0.01971923475161208	0.3710086561455596	0.18415552361690518	1.0
1161000	-43.47712458421786	-41.550268162418035	-1.9268564217998243	-21.19895709850184	-20.351311063916192	0.6838437253594281	0.6198486980040163	0.24432101409346316	0.3082497037933399	1.2775892014812797	0.24647281732514295	1.0
1162000	-43.03049797438141	-38.96158689460502	-4.068911079776391	-18.76382799843964	-20.197758896165375	0.8063030407623002	0.7054104848185089	-1.1435752404782151	0.19752981193070582	1.1711603945239035	0.3946380560260778	1.0
1163000	-45.17438473924403	-41.89472965620597	-3.279655083038067	-20.72760301869949	-21.167126637506477	1.2781184951740596	0.542291800802173	-0.5715120881366824	-0.049479671501325234	1.744790356391142	0.3226790409698549	1.0
1164000	-42.495794724877484	-40.511902600129	-1.9838921247484842	-19.873480905493942	-20.638421694635056	0.9489524659543087	0.6539109299430947	-0.3476368458776838	-0.21172066184825722	0.954434464859281	0.07048282653104242	1.0
1165000	-42.3536164530822	-40.307149150781555	-2.046467302300649	-20.104968206719988	-20.202180944061567	0.968421237226276	0.7460806289772528	-0.2624100377537357	0.11998181470800548	0.6872887817078813	0.13004618271947183	1.0
1166000	-42.059355522323514	-41.09734772752729	-0.962007794796224	-20.794825749021154	-20.302521978506142	1.0673675318714317	0.7189861975699205	-0.1291517050170683	-0.03081786257061714	1.2041137382353233	0.06078777091541552	1.0
1167000	-44.918240627292576	-42.39392900571609	-2.5243116215764907	-21.226796213250093	-21.167132792465992	0.5493406775151906	0.4961933212806421	-0.3482650641575228	0.34094863264538083	4.678763394845847	0.10257545914284913	1.0
1168000	-44.74921649702586	-42.849957753602865	-1.8992587434229946	-22.042165827890145	-20.80779192571272	0.5006427088272483	0.9903780495717399	-0.14628596637927155	-0.23458611048058525	0.591546719521276	0.10818801182189659	1.0
1169000	-42.44967208759397	-39.97050085558297	-2.4791712320109953	-19.691019440082258	-20.279481415500708	0.8643588360005894	0.7792154481856886	-0.39541629168551395	-0.05806192183163306	0.5370898436785482	0.10862790140104739	1.0
1170000	-44.15577213657856	-39.02826990993424	-5.1275022266443235	-18.07895436069543	-20.949315549238808	0.9653641846766825	0.4511717305795251	-1.7961200309151324	1.3039204698302043	1.0873076871298897	2.077078821936048	1.0
1171000	-45.511673890031574	-41.54544869311787	-3.966225196913701	-21.13926329434943	-20.40618539876844	0.6751970242145927	0.5749741701659276	0.19996131009902798	1.4154950111234186	1.6340926120035242	0.7654240610652334	1.0
1172000	-45.00150901773212	-40.842093909322855	-4.1594151084092665	-20.218736764935525	-20.623357144387327	1.06662560357405	0.7164121111279851	-0.3498039580357478	-0.4018292270525605	0.5883844374364476	0.041949940364314604	1.0
1173000	-45.75582892885969	-40.47239352067072	-5.283435408188973	-18.342499351517912	-22.12989416915281	0.9875815361856268	0.4144245858409708	-1.405438597169231	0.4303212219365302	1.9878002456504555	0.35063971572305624	1.0
1174000	-42.55441220303765	-39.83053338457443	-2.7238788184632226	-19.700855948510625	-20.129677436063805	0.8233830414927462	0.7257174224351806	-0.39936106031298824	0.4640731993863988	1.1756551305900615	0.273160302892884	1.0
1175000	-45.071862684953054	-42.719882371896546	-2.3519803130565107	-21.175188493446985	-21.54469387844956	1.211950762819781	1.1162209376270362	-0.2658738758943757	0.014460056933886592	0.5741398451904058	0.10245159923431653	1.0
1176000	-48.30975506411801	-42.30896299750988	-6.000792066608126	-20.61993040688126	-21.689032590628624	0.5366604953956767	0.5648185250870869	-1.6206046379523689	2.3959750693357806	0.884118362257043	1.7594504096156494	1.0
1177000	-47.33556057593095	-44.57767156111851	-2.7578890148124398	-22.650969974975048	-21.92670158614346	1.2870775679564495	1.136044992059813	0.021967789742821098	0.27239824434610854	1.785269397392357	0.02842333842248591	1.0
1178000	-42.6967931284682	-40.930271784962144	-1.76652134350606	-20.363989264173473	-20.56628252078867	1.0369372346310217	0.6736431090793568	-0.24464018451035419	-0.216043328165782	0.7708106811557407	0.04348614532898121	1.0
1179000	-47.63828271780575	-43.7220893983187	-3.9161933194870526	-22.222747974351073	-21.49934142396763	0.541077737107511	0.3981028676120458	0.3320424904164717	1.383180032054782	0.891743290103748	1.0093178563565832	1.0
1180000	-43.36422142107164	-40.87915391500768	-2.485067506063962	-20.106248015330184	-20.772905899677497	0.9850435463525413	0.9794842497721403	-0.28112580761899114	-0.2801141436549102	1.5635857225115988	0.0681574385051836	1.0
1181000	-45.09601827515593	-42.11260785142075	-2.9834104237351795	-21.89654185693729	-20.216065994483454	0.47764274197938206	0.7997176316643558	-0.7236467930011046	0.280049158694069	1.2087586556859242	0.17417886084631515	1.0
1182000	-45.796771660900546	-41.20115634401807	-4.595615316882481	-20.42249066210347	-20.778665681914596	0.5550319866137235	0.5217341102821187	-1.4236910909600797	0.5138930081096691	0.8758814762607929	0.5197284559768877	1.0
1183000	-44.57544519540678	-42.46441696127313	-2.1110282341336495	-21.563406340660997	-20.901010620612134	0.5873558941485556	0.6649865488562157	0.1672572151225304	-0.4841924150671538	1.3120681721338778	0.268202490794751	1.0
1184000	-49.05531405847572	-44.011326383819764	-5.043987674655959	-23.636130020968324	-20.37519636285144	1.7997814427866266	0.8482472369109834	-0.9782081372018383	-0.1355158833983599	1.1403058352968949	0.9248774362500723	1.0
1185000	-43.298239623043344	-40.09627270088153	-3.201966922161815	-19.486240790345164	-20.610031910536367	0.7202016385444889	0.6115458232359091	-0.751737662755242	0.021918867974828476	2.0971775849440646	0.705934498193287	1.0
1186000	-49.77019989941179	-40.426488124411165	-9.343711775000628	-18.653632348097403	-21.772855776313765	0.7602708267695929	0.6522562358732865	-1.563537739336744	-1.018752148039741	0.15491166191200642	0.3862071638712092	1.0
1187000	-45.66475564255487	-40.31978057179281	-5.344975070762063	-19.65136684643979	-20.668413725353023	0.7881188825226859	0.4941799158927479	-0.46031414302907875	1.1028066266296634	1.0199565461063835	0.1808134955658245	1.0
1188000	-41.484871683446855	-41.652317925988314	0.167446242541462	-20.833444680790436	-20.81887324519788	0.6985303158578839	0.5674296530032322	0.08370356724141571	0.0847911011898466	1.6815311187380435	0.03747557871684409	1.0
1189000	-42.90578326293786	-40.37678727989849	-2.5289959830393727	-20.04386919769466	-20.332918082203825	0.9201883642888297	0.7361641113313163	-0.2441181201584485	-0.11122608579539364	0.43522673685279034	0.14295010753058407	1.0
1190000	-44.14396514108811	-42.42917129304453	-1.7147938480435747	-20.794412010056224	-21.634759282988306	0.5806381952278726	0.48261727262168347	-0.44944972896900176	0.07037585967180177	0.938257820362172	0.0851759341285435	1.0
1191000	-49.455279303617644	-41.46235851626032	-7.992920787357319	-20.92176656182605	-20.54059195443427	1.4386891260873846	0.8383267547976347	-0.9111455541156924	0.7492058280512448	1.110523767121692	0.11617747820304532	1.0
1192000	-44.98776499310027	-41.30974027389167	-3.6780247192086044	-19.79931044762325	-21.51042982626842	0.8940647987961947	1.021639402120471	-0.34592133605565123	0.6137354410096137	1.6555742370650532	0.17428292024868577	1.0
1193000	-41.38873804139632	-40.874529919465175	-0.5142081219311468	-20.352051400634092	-20.52247851883108	0.8266268210817442	0.5997371132270347	-0.06202023405507337	0.1944682324543906	1.2008026286746114	0.04230091982858289	1.0
1194000	-50.65057275037196	-44.33668295145171	-6.313889798920249	-18.722024648867187	-25.614658302584523	0.8550989850508722	0.3917683285138759	-1.0759204572223309	-1.2329859474061586	0.32972764764728035	0.5464539747931835	1.0
1195000	-46.49947473226964	-41.52375599489022	-4.9757187373794185	-20.589199182368354	-20.93455681252187	1.3910204984536707	0.5377955334835459	-0.9195083906352393	0.19413423602590252	0.414292559687422	0.20376376861327736	1.0
1196000	-40.95645271347714	-40.90174651725387	-0.054706196223268666	-20.642094184371402	-20.25965233288247	0.7048915481519593	0.8144003238875375	-0.007279737076726356	0.08104198600458	0.9004298161739351	0.031209842974265614	1.0
1197000	-44.7396685633652	-40.8811944051692	-3.8584741581960063	-20.20204380090923	-20.679150604259966	0.8456015349147138	0.8650148622252926	-0.1345354629738812	0.7565039594986808	1.8604399721517115	0.1486472147976077	1.0
1198000	-43.41297171013315	-39.990446825813386	-3.4225248843197607	-19.479243925573726	-20.51120290023966	0.7136893404448367	0.7584217854511021	-0.786744409647429	-0.3703294001322781	1.9934456302473553	0.3524472444624475	1.0
1199000	-43.30540194050875	-42.18532132189267	-1.1200806186160757	-20.185015946309548	-22.00030537558312	0.7812333229342301	0.46636777898082143	-0.1586683310972336	-0.044400052265191586	0.42007450145939634	0.034320024899881514	1.0
1200000	-48.33388512470749	-40.013429762423534	-8.320455362283962	-18.537271931071373	-21.47615783135216	0.7873773519019216	0.9457468756522414	-1.561204333886806	0.9536834635117472	0.3274578378171844	0.3546185254677522	1.0
1201000	-45.731779696761606	-41.844946799102395	-3.8868328976592093	-21.18542328935588	-20.659523509746514	1.3328696735942358	0.9540476632686099	-0.5302491584267207	-0.02991754149391035	1.5852040365826687	0.0707213290872248	1.0
1202000	-43.568351240083274	-40.029783384162144	-3.5385678559211318	-19.506228105116616	-20.523555279045528	0.7206309942354391	0.9075542492890969	-0.7322957332027511	-0.20076968300766618	0.8477868822614721	0.6236497805588025	1.0
1203000	-44.66122589232613	-41.24177125105898	-3.419454641267152	-20.765359744953944	-20.47641150610503	1.1138364324282601	0.8857859902267142	-0.21965467010973605	-0.2160048386401602	0.41130536494565656	0.3101434326059713	1.0
1204000	-44.22818359992702	-40.377333918054376	-3.850849681872644	-19.51300769770674	-20.86432622034764	0.8941526331011307	0.9370880516135293	-0.49822547984197973	-0.6792194221741952	0.9937352470683146	0.19596267027846279	1.0
1205000	-46.278811435451566	-40.809998304877396	-5.4688131305741665	-20.45881224992076	-20.35118605495664	1.5052949386990382	0.5602934520304372	-1.371615607119993	0.9176134574191109	1.3736071602817042	0.8659841136018844	1.0
1206000	-42.3581716314789	-40.93442720036812	-1.4237444311107859	-20.377750058789047	-20.556677141579073	0.6821049171995189	0.921591941091992	-0.21759847917198002	0.13718528017381926	1.742551036418938	0.0819465580248805	1.0
1207000	-42.67184951431643	-40.31545022758799	-2.356399286728437	-19.981687259538344	-20.33376296804964	0.8612126447304135	0.5988486213751401	-0.24415388797537596	0.49344716251509224	1.5373780143385471	0.1872249305177807	1.0
1208000	-43.69388144204869	-39.50743482129924	-4.186446620749452	-19.23019012979643	-20.277244691502815	1.1191182182990087	0.6162347654644738	-0.9210161640941221	0.4746975799404925	0.6662153960079713	0.5020716952127361	1.0
1209000	-43.41053371048734	-40.53497798309317	-2.8755557273941754	-20.080407582944545	-20.454570400148622	0.9644151068395476	0.8785645190983044	-0.2688000372221815	0.3465996439163581	1.933305450481248	0.16969363554881747	1.0
1210000	-46.520762045528116	-39.7029020623362	-6.817859983191913	-19.37252407476496	-20.33037798757124	1.3832410419529577	0.8003200889805129	-1.6492014546815563	-0.14505960654478695	0.6175284212236521	12.958534889054572	1.0
1211000	-43.25998379538084	-41.1397825777978	-2.120201217583036	-20.812318874670773	-20.327463703127027	1.14784304891823	0.7533723169386992	-0.2655449219890602	-0.12833241842918117	0.500787399755697	0.06719180114556299	1.0
1212000	-45.64483672992952	-39.544234333641334	-6.10060239628819	-18.163378473215737	-21.380855860425598	0.9522303907292045	1.0457194733118527	-1.6396332203239934	0.3714416228723232	1.8320559807665302	0.6142802075968798	1.0
1213000	-44.30350832406868	-42.48272952534631	-1.8207787987223738	-20.88175330354263	-21.600976221803677	0.8521412579724857	1.1258962632154899	0.15667734876510053	0.0028090931396697848	1.039674144523725	0.12299358126619067	1.0
1214000	-44.61219658790256	-38.70834412068004	-5.903852467222518	-18.083695089321637	-20.6246490313584	0.9996146154039047	0.9396185019394918	-1.7936515971091176	0.11394084047200348	1.6603897501871114	4.480451215453522	1.0
1215000	-44.851870792374996	-41.94334857354973	-2.9085222188252673	-20.755016664761495	-21.18833190878823	0.5940965437291477	1.0722020107949057	-0.3732545490654967	-0.3863915316251427	0.8942906914643284	0.07318713496879894	1.0
1216000	-44.39058667478724	-41.38211746170078	-3.0084692130864594	-20.159146325384597	-21.222971136316183	0.7075822672881367	0.46729205266906537	-0.28738200167503886	0.6004177005407332	0.6242857786261421	0.20819918072953067	1.0
1217000	-45.23425088094454	-41.1762371745465	-4.058013706398047	-20.85057702831429	-20.325660146232213	0.9464263435163836	0.8156677539420026	0.06168042565227272	-0.11460850968688885	0.471223777003364	0.8828124758630069	1.0
1218000	-43.76191340669883	-41.17422407708029	-2.5876893296185393	-21.023072693915253	-20.151151383165036	0.9045204855907768	0.7511469794193262	0.16975070558991404	0.46603338175624126	1.8602006191996499	0.10964363606545205	1.0
1219000	-42.62147702952427	-40.304813184569795	-2.3166638449544763	-19.942115450177074	-20.362697734392718	0.9973861529913364	0.7325457245574325	-0.36885568799849905	-0.14653346720236504	0.755417137414051	0.14462619875932503	1.0
1220000	-43.50477208244904	-39.61701307546635	-3.8877590069826846	-19.423432273328764	-20.19358080213759	1.088655165347428	0.6890781915074149	-0.7566460532090887	0.25867898135202094	1.7543424933627019	0.18142691282213358	1.0
1221000	-47.23780979703451	-42.101275456175266	-5.136534340859244	-19.58707242430864	-22.514203031866625	0.7209785003975812	0.8858962983395382	-0.6620854203891073	-1.7910227995519625	0.8676948663815454	2.242499040432185	1.0
1222000	-45.03201030189926	-41.214798101038475	-3.817212200860788	-20.77851018952607	-20.436287911512405	0.8939533572837631	0.7130532122985401	0.08669512696448023	-0.19571575028404958	0.14979908580693044	0.10198126756323316	1.0
1223000	-45.6166245033967	-39.40663540026658	-6.2099891031301215	-18.21934097745008	-21.1872944228165	1.1680812006112045	0.437304282600649	-2.30921807411661	2.1578500389111688	0.7854423496607429	4.118621545203734	1.0
1224000	-43.30026235721532	-39.04322391797187	-4.257038439243441	-18.633666311428108	-20.40955760654376	0.7952295395627406	0.5763971851342815	-1.3502155442696104	0.5436837755383875	1.9195426330788588	0.8286270415055337	1.0
1225000	-48.597445322142995	-40.07407251028305	-8.523372811859945	-19.301264177818148	-20.772808332464905	1.0994445689626575	0.6403613682277136	-0.8427238023308306	1.6821184618245208	1.6567117395163584	0.29300364994713923	1.0
1226000	-45.20954899602998	-41.179461066589454	-4.03008792944053	-19.291681385064507	-21.887779681524947	1.0629473856423985	0.4201746362767819	-0.7853885565981777	0.5555663210818576	2.4419233615604212	0.801565739450146	1.0
1227000	-43.41960392891656	-40.68172629367037	-2.7378776352461833	-20.3193885156541	-20.362337778016272	0.7438098905804894	0.7321463001983624	-0.12382200796303519	-0.14526928530528882	1.1315552605120511	0.57426602779571	1.0
1228000	-44.243242726521466	-39.84157298586846	-4.401669740653005	-18.98097449993153	-20.86059848593693	0.8115001854298978	1.0019576898698666	-0.917813138162598	-0.08404377694581644	0.5592572149158268	0.2272364339510358	1.0
1229000	-42.670515980991155	-41.2196791677798	-1.450836813211354	-20.318655155700366	-20.901024012079432	0.6770931492798661	0.5745359512186912	-0.272849228392368	-0.04052297656537887	0.5609860910814101	0.030835815762727207	1.0
1230000	-40.95782472914343	-40.802724114843464	-0.15510061429997135	-20.50636616208766	-20.296357952755805	0.7986642711024375	0.8350961974546962	0.00800708629149896	0.07448563217621548	0.9406947309653476	0.032437938449675116	1.0
1231000	-45.46341616872308	-42.165857986704594	-3.2975581820184874	-21.250687931964265	-20.91517005474033	0.7738419020116417	0.9603696159526186	0.32754318209626276	-0.6785583499048802	1.1521200134279965	0.2595469622553781	1.0
1232000	-42.090535610907175	-40.90510571900789	-1.1854298918992852	-20.56053397432642	-20.34457174468147	0.7372104680862861	0.8087273072121559	-0.003766066646527788	-0.1635819486175054	0.9126370247051511	0.09138785553495678	1.0
1233000	-42.823997045224274	-40.91214014438516	-1.9118569008391146	-20.62284674523924	-20.289293399145926	0.9856101086703539	0.6778250069726113	-0.07193711513527618	0.11509484841076183	1.9768798880192022	0.14751390822013066	1.0
1234000	-44.04258533805271	-42.561317531293696	-1.4812678067590173	-21.66383393975864	-20.897483591535057	0.5387879281888124	0.6024134314298091	-0.07243562168304929	-0.20212132969232832	1.1005250159149778	0.21716555100766521	1.0
1235000	-43.38683463252459	-41.5379643673235	-1.8488702652010942	-21.399572126194915	-20.138392241128585	0.5448742993003479	0.7004081965158313	-0.23669906880929525	0.3994216181068618	1.02240865757958	0.09401848136502348	1.0
1236000	-44.049798533911286	-41.514350814079265	-2.5354477198320184	-20.946131244682704	-20.56821956939656	1.1350107788247648	0.9150717669262974	-0.19399117265897411	0.25983267804095067	0.7254104752816075	0.1777482546959698	1.0
1237000	-43.89183669125978	-39.272876258498954	-4.618960432760828	-18.891300339691437	-20.381575918807513	0.9113373908357697	0.7282074131212244	-0.8977637642322578	1.0668151705591158	1.0344915700217359	1.89749389684744	1.0
1238000	-44.77306806480225	-39.781326157171875	-4.991741907630377	-19.098075344015925	-20.68325081315595	0.8304245999254682	0.4851962580579529	-0.7911769321289168	1.4040842846373827	0.5637305620264234	1.1831224719823386	1.0
1239000	-43.44397198698764	-41.333667976016145	-2.1103040109714977	-20.77702992349368	-20.556638052522466	0.7457203179342432	0.6072318073099339	0.11118063543663914	0.10664647898911872	0.6656494798391073	0.22423218771657352	1.0
1240000	-45.56903621814739	-41.44403059345401	-4.125005624693382	-19.27527413997519	-22.16875645347882	0.9455095275103133	1.237872952658815	-0.6582411533216842	-0.3718093090427906	1.5845397445324643	0.2963751371193446	1.0
1241000	-45.73594862458198	-41.40780319216865	-4.328145432413333	-20.450393808481316	-20.957409383687335	0.6254848629928023	0.8061344782237901	-0.41469191862923416	1.232467960194421	1.0042961780585815	1.8121512263418804	1.0
1242000	-43.62712550729454	-39.91748770063825	-3.7096378066562874	-19.56198511025551	-20.35550259038274	1.0407027096133916	0.8182003841041561	-0.6081698304370938	0.6050703878644164	1.131952880089677	0.31070849569528586	1.0
1243000	-43.91786158250848	-39.11738909811497	-4.800472484393509	-18.325509572248034	-20.791879525866932	0.968344673359646	0.5470478125794148	-1.4153108135540131	0.26675241275190387	0.6033754784495591	1.0930607827174113	1.0
1244000	-44.21063397117792	-38.35006313077746	-5.860570840400463	-18.1058970512566	-20.24416607952086	0.9037671995245311	0.6478820215096418	-2.5365187200672827	0.3364457643316086	0.6868706914885351	2.699860276092411	1.0
1245000	-44.044311332744655	-40.384172402345385	-3.660138930399273	-19.70224619184448	-20.6819262105009	0.6876533576518759	0.9564200682988908	-0.709273174889685	-0.23904063617616883	0.584574822729926	0.20185972958616138	1.0
1246000	-44.80276253882371	-39.93923602998349	-4.863526508840216	-19.532362780055244	-20.406873249928243	1.2638670062531199	0.7330485144156715	-1.094676918381778	-0.20522191929692113	1.282162703714438	0.2754334440118441	1.0
1247000	-44.82169803522189	-41.33371692280315	-3.487981112418745	-20.384748987833007	-20.948967934970142	0.840522929359672	0.9174091143002387	-0.048932298526976364	-0.8049781638018544	1.2980181952835574	0.38452947264587184	1.0
1248000	-43.539522110297696	-40.114191931274306	-3.425330179023387	-19.691246873321237	-20.422945057953072	0.9736495455453782	0.5591749429940972	-0.4597560778924309	0.6976100526064513	0.9500562310399349	0.23916534825038827	1.0
1249000	-42.16942046475964	-40.71456916410904	-1.4548513006506048	-20.549527917885086	-20.16504124622395	0.8935362765225641	0.7580624884809608	-0.004667065410239091	0.2680628720931912	0.6601017525707726	0.0293541305774292	1.0
1250000	-44.494760763151284	-41.007170748565414	-3.4875900145858703	-20.860192428754374	-20.146978319811037	1.2371037869852681	0.7480489839687628	-0.4296729097680066	0.457505739233351	0.7411566542687728	0.11056121718653844	1.0
1251000	-45.619653125136736	-44.21106646118396	-1.4085866639527782	-23.43559193755239	-20.775474523631573	1.466118000354968	0.5830966088539974	-0.16176513291303554	0.02296751922017115	1.4525442367375927	0.054891433244140905	1.0
1252000	-42.715521922690286	-40.95111551190976	-1.7644064107805262	-20.003738238553474	-20.947377273356285	0.839766257572117	1.020652065027724	-0.2312251024628387	-0.09813103692151637	0.6442312922813281	0.07737052561232856	1.0
1253000	-41.69557560620805	-41.28215620125411	-0.41341940495393836	-20.847883107820472	-20.434273093433642	0.7144822588805521	0.8843176280786114	0.11444066469613141	-0.08360938402312017	1.0228257410187613	0.03754980462395681	1.0
1254000	-42.88148085856692	-41.451775740612	-1.4297051179549176	-21.03528979575259	-20.41648594485941	0.8261857086530969	0.6729248263305929	0.2301714753495326	-0.04519543794062386	1.6243857598005653	0.12281945930759218	1.0
1255000	-45.17895503518983	-39.88187985055481	-5.29707518463502	-18.52795614647613	-21.35392370407868	0.9643257795437303	0.9679768589467769	-1.2054311220170502	-1.0882810785636197	1.6020623809108157	1.6982722969256112	1.0
1256000	-42.65029186548795	-40.00146573519902	-2.6488261302889313	-19.76532753523973	-20.236138199959292	0.9896296726864005	0.6789538259662473	-0.44153370979081774	0.2049797744460493	1.232727416411182	0.05932409547683392	1.0
1257000	-43.3627314438414	-39.6397237947084	-3.723007649132996	-19.390453135969608	-20.249270658738794	0.8633583348040611	0.747913933505445	-0.569076830556856	0.8001638139152554	0.9984824142307609	0.4467767549084653	1.0
1258000	-43.19413925786888	-39.873280299106725	-3.32085895876216	-18.91321175190676	-20.96006854719996	0.9203809649178006	0.5556873118470724	-0.8822605352917896	0.033654990554038644	1.165505639828194	0.33690112838546654	1.0
1259000	-42.4607684429423	-40.984390768853785	-1.4763776740885206	-20.447005181901737	-20.537385586952045	0.7725378832233093	0.901511168832665	-0.030589790988517593	-0.2809768559438547	0.7938123706404373	0.0591897229882533	1.0
1260000	-42.45484449723127	-41.230807454448836	-1.2240370427824312	-20.416033529693767	-20.814773924755073	0.9255332850058572	0.5644903561956474	-0.08660771081325486	0.10959629017166356	1.1844572138555118	0.11984628489520285	1.0
1261000	-44.34928260017639	-42.189915422078286	-2.1593671780981003	-21.199950999924955	-20.989964422153335	0.8672301359628366	0.6266595555387415	0.2674099823516584	-0.39826226000022413	1.521579443670673	0.16077730071553267	1.0
1262000	-43.592831894531	-39.25767688108386	-4.335155013447144	-19.128305616036442	-20.129371265047418	0.9204532488130398	0.6727815399093137	-0.7359209318419284	0.6229746440419031	0.47413327653855447	0.3919587127105118	1.0
1263000	-43.14767995905825	-40.13120876926071	-3.0164711897975387	-19.74313467679732	-20.38807409246339	0.9584790221737657	0.746088702135412	-0.41915268452383525	-0.20415370443589986	0.48288797422536933	0.1847563491539796	1.0
1264000	-42.73365727006233	-42.17273468470945	-0.5609225853528806	-22.00543073531236	-20.167303949397088	0.5140217312514104	0.7343658228074766	-0.028431317227082087	0.23004861982124897	0.8945728729606325	0.026145841309211017	1.0
1265000	-42.94635596269523	-39.52048913582787	-3.425866826867357	-19.33984856218511	-20.18064057364276	1.042733646345635	0.7480219239485392	-0.7278165046240936	0.18292808669490856	1.1108707553646675	0.1951382272696332	1.0
1266000	-43.47613406711151	-40.33718193543849	-3.1389521316730193	-19.43327171156816	-20.903910223870326	0.8587633033602927	0.6194069960693486	-0.544026142734407	-0.2946270733117888	1.3220717509076811	0.07785957679268579	1.0
1267000	-44.49220057014178	-38.6564133422353	-5.835787227906487	-18.090805071318208	-20.565608270917092	1.0813575333809526	0.9154488531400419	-1.9776250315252526	-0.2656831957824526	0.5789800383006574	1.4337180526493156	1.0
1268000	-43.29839169852247	-40.99373723134916	-2.304654467173316	-20.387237685068477	-20.60649954628068	0.709454697335666	0.7765865058864184	-0.14255423682738969	-0.4935144888134544	1.116991621181422	0.09673062549298525	1.0
1269000	-42.07288803633896	-41.44929289301834	-0.6235951433206193	-21.057173892781492	-20.39211900023685	0.6313107172076764	0.8572175287511908	0.038641031224680766	-0.1403535367683987	1.555739267690245	0.059322904457409176	1.0
1270000	-42.65854444058359	-39.99760879251415	-2.660935648069439	-19.75415200511603	-20.24345678739812	0.767081296645184	0.7942892418801055	-0.42471664280370325	0.05120469889457008	1.2368597542179167	0.4023630005913323	1.0
1271000	-44.38151351831941	-40.88933452897098	-3.4921789893484334	-20.561407189752686	-20.327927339218295	0.7464005174852051	0.850303261449326	0.00625430752268108	0.20682239189092977	1.3155723172775855	1.086058635440398	1.0
1272000	-43.86700571886139	-39.41897998246416	-4.448025736397235	-19.22143955776997	-20.19754042469419	0.7930261932276207	0.6554438796271048	-0.7556299312815624	0.993990063495026	0.6202101299226066	0.703109187319983	1.0
1273000	-41.46779311873303	-40.275583996231205	-1.192209122501822	-20.048270065711865	-20.227313930519344	0.8169172203839089	0.7673343559378148	-0.21211166572112955	0.05531452382474428	0.875585226138061	0.0718769193900887	1.0
1274000	-43.68641761426973	-38.78642145200892	-4.899996162260808	-18.519690507679417	-20.26673094432951	0.8916114113573452	0.7884176841905176	-1.2309680331197637	-0.023544919066512682	0.9004476709178555	2.9535255877007836	1.0
1275000	-45.815921936012685	-41.544396082634975	-4.271525853377714	-21.233655735370743	-20.310740347264236	0.8213189914885943	0.6161458646413196	0.30911957201172996	0.4053167148896939	0.7409382103695511	2.023211659223942	1.0
1276000	-47.24661914061445	-42.91245054630751	-4.33416859430694	-21.786596416670722	-21.12585412963679	0.7429333122774836	0.9242099519850498	0.5361909179446962	0.8312837585192396	0.512361526422659	0.6001397418502635	1.0
1277000	-42.64083649955265	-40.37035594767997	-2.27048055187268	-19.727495637247667	-20.642860310432297	0.9187530056125268	0.6018076187650474	-0.3953697154579128	0.04309720237028772	1.3896939068992058	0.2677427331365526	1.0
1278000	-43.81854640395432	-41.70060959286299	-2.117936811091336	-21.15791127966993	-20.542698313193057	0.5557672195958244	0.9220257928266776	-0.3471818841346351	0.03660893860908787	0.526334990178543	0.051083504407338526	1.0
1279000	-44.781656432925175	-39.33184095857922	-5.449815474345957	-18.91119352714753	-20.420647431431686	0.9241749912555777	0.5746457076852672	-0.8843261208208035	0.5392230800981541	1.2058803771462983	0.12625928939612177	1.0
1280000	-42.42684820973275	-40.79953907878634	-1.627309130946413	-19.9024268199859	-20.89711225880044	0.8634705669452291	1.0076284417445016	-0.2843173997414098	-0.03528761843444403	1.4523994248112388	0.04794038188864041	1.0
1281000	-42.706237758964136	-41.96384481447383	-0.7423929444903039	-21.138265386360484	-20.82557942811335	0.612996147959129	0.9827518171232429	0.016563656070425925	0.12131469401267217	0.7407217205292627	0.04815046691306741	1.0
1282000	-45.72947654179383	-42.875915401079205	-2.8535611407146275	-21.965804968490453	-20.910110432588752	0.5548839884405168	0.5627260466264653	0.25122862645923494	0.030126099086865643	0.7285238224078294	0.6163574041110346	1.0
1283000	-45.304866878987525	-39.51898013267823	-5.785886746309292	-19.361628047362714	-20.157352085315516	0.685208377879512	0.64923595679091	-3.0657553340769623	0.6004952282700969	1.1854053212996747	3.0956120268289022	1.0
1284000	-46.828048881411675	-42.796005547125546	-4.032043334286129	-21.138219646472667	-21.65778590065288	1.0984700738468003	1.0682292880479705	-0.062431126511229416	0.4674103546954806	2.143058398691625	0.2575996680068091	1.0
1285000	-43.263152751098644	-38.95008359138081	-4.313069159717831	-18.77930776789714	-20.17077582348367	0.7849020578903123	0.7688273127222653	-1.2055711033523802	0.2996075138223955	1.804240588910185	1.2880776287609397	1.0
1286000	-46.89718138099617	-40.95792165890141	-5.93925972209476	-19.79591163599794	-21.16201002290347	1.4735437798997992	0.8515305741523279	-1.7315624098248878	-1.0089764593991184	1.0924397784950444	2.712455665414855	1.0
1287000	-43.89720847256711	-40.24584034028129	-3.651368132285815	-19.70368985114744	-20.542150489133846	1.0072749850768923	0.901829262056856	-0.4926750041890462	0.3308243970507875	1.2729357613644805	0.06955523887139281	1.0
1288000	-45.17079810264073	-38.80217545920028	-6.368622643440452	-18.358016851354108	-20.44415860784617	1.01006954581722	0.6946252888047465	-1.408217528093755	-0.1530275206196503	1.1302525203699827	0.23301214161098513	1.0
1289000	-42.50593653065133	-40.47294094663095	-2.032995584020383	-19.90663935576244	-20.56630159086851	0.9929021509442805	0.5939165470608254	-0.37943917456809995	0.17873202296835136	0.938529188065179	0.10154523802914991	1.0
1290000	-42.55308085148978	-40.67400959594192	-1.8790712555478646	-20.13183193300839	-20.54217766293353	0.8415826223222356	0.5762790165663673	-0.1677143165065897	0.3352557564071114	2.4690175226569027	0.06460044031945429	1.0
1291000	-46.47138597152313	-40.848446860319044	-5.622939111204083	-19.270836935774785	-21.577609924544255	1.400218318394543	0.6300695431005601	-1.871444081410569	-0.8183578579169283	1.0754303261794766	2.442550504289922	1.0
1292000	-44.490145597919195	-43.12231775535781	-1.3678278425613823	-22.000572670104027	-21.121745085253785	0.5021286885660033	1.0200979869333913	-0.16615272312226895	0.2707305616425047	1.0995938946585457	0.06591434637016146	1.0
1293000	-44.118178422603606	-42.5893783484472	-1.5288000741564107	-21.233351352643197	-21.356026995804	1.109997574813649	1.0872473379994956	-0.05109088941626361	0.008319091768199144	0.7340469047860606	0.07748957622182039	1.0
1294000	-45.46421752562941	-38.86456093000389	-6.599656595625516	-18.39238433060777	-20.472176599396118	0.9361261399059471	0.5310626791320555	-1.3388676488401365	0.9931942824259699	1.701354685712702	0.3084648083220521	1.0
1295000	-43.540000550118215	-41.6357687630307	-1.9042317870875207	-20.465442257513917	-21.170326505516783	0.9208340394573772	0.6007974653628582	-0.06192116239605183	-0.41047918195197286	1.4273886827177253	0.12346767098367376	1.0
1296000	-42.27939807873867	-41.08542834600392	-1.1939697327347478	-20.705968838058418	-20.379459507945505	0.7478093506031956	0.7882556583224166	0.078761476751514	-0.22983266800769453	0.8207029414329012	0.06257446548758219	1.0
1297000	-45.35316150460982	-43.47396271428745	-1.8791987903223701	-20.175054874489383	-23.29890783979807	0.7416631105879091	1.3153776513848727	-0.20822561772771817	0.16288979765360007	0.5198999505651347	0.04241186450887209	1.0
1298000	-42.82659452236394	-40.05365553326426	-2.7729389890996776	-19.78065580969159	-20.272999723572667	0.7206495019605765	0.6614777511873867	-0.5119229043450833	0.2116453289148074	0.749879696481804	0.3095072657413538	1.0
1299000	-43.36982254583843	-40.02314017252415	-3.3466823733142803	-19.799349847209584	-20.223790325314567	0.9521392601466497	0.7890412128175839	-0.38593405993448304	0.4935371424572558	1.9175437221428737	0.31852597500626506	1.0
1300000	-43.84090830243906	-41.83388788312173	-2.0070204193173304	-21.589647336654814	-20.24424054646692	1.0714313032404492	0.8119602391222785	0.1295641773065428	0.15222966845736632	0.7031250813647498	0.13419709374836652	1.0
1301000	-43.235393636682154	-39.56656035971788	-3.6688332769642713	-18.87146880852072	-20.69509155119716	0.8189981621664149	0.5856915799265212	-1.0011001166461768	0.08799584928836574	0.9183548136087162	0.7145797150886007	1.0
1302000	-46.769165027696026	-40.445600544393656	-6.3235644833023725	-19.20268684922018	-21.242913695173478	0.6641944597059749	0.4154132980755274	-1.7471567478411871	1.4993388006858637	0.4640162289625441	1.145876381699729	1.0
1303000	-44.41377400031591	-41.59911201581241	-2.8146619845035032	-20.76960446067466	-20.829507555137752	0.9253096760406564	0.9797469039724706	0.05416267856458823	-0.45101398076261023	0.5817754654372455	0.14729040783871505	1.0
1304000	-46.115688266361744	-39.74694560595584	-6.368742660405906	-19.54372713004116	-20.203218475914678	0.8442465938072072	0.6558823639077292	-3.8929178160470466	1.0075071720112503	1.4098825044248926	6.915364200109397	1.0
1305000	-44.96140178780737	-40.281918586569816	-4.679483201237554	-18.22635534431871	-22.05556324225111	0.89324859297361	0.49046911221183365	-1.6187518937709273	-0.29269770212994367	1.1175406631018217	0.748912555236124	1.0
1306000	-44.075395305847316	-41.777608372466545	-2.2977869333807712	-21.16185832925798	-20.615750043208568	0.7433887664220505	0.5946422555065942	0.28406372717412354	0.11671465325533599	0.42052486845405695	0.09919488113542992	1.0
1307000	-43.13447046839988	-40.283749504827185	-2.850720963572696	-19.624041389499723	-20.65970811532746	0.9078198131649532	0.9502560120094892	-0.44286974998332945	-0.23279410325193328	1.4893020117232136	0.21354962712296552	1.0
1308000	-43.59999735203795	-39.86806065208228	-3.731936699955676	-19.036652448996364	-20.831408203085914	0.8468385824135329	0.9920644464109821	-0.8197364133882132	0.0020580521008581876	0.9068980572451569	0.5749631040783615	1.0
1309000	-44.53297069894045	-43.633326817023054	-0.8996438819174011	-23.353142966641627	-20.280183850381427	0.4242703798511488	0.8253105686848944	-0.08192990318230922	0.06483032269271978	0.5827273661399822	0.058433188584281225	1.0
1310000	-49.30038117028645	-42.88442510104714	-6.415956069239308	-18.454786525374452	-24.429638575672687	1.0630670632478363	0.43751672498760524	-1.3865226926955794	-1.1218029601536608	0.8280460041280859	0.41423446484744747	1.0
1311000	-42.49367074150129	-41.85703347467101	-0.6366372668302791	-20.588129965499192	-21.268903509171825	0.6332424092484488	0.5400359855535717	-0.2646309071938692	-0.11525575993909508	2.016648926843759	0.04943012141443058	1.0
1312000	-43.708985754079016	-41.61016741243361	-2.098818341645406	-21.03942314960972	-20.570744262823894	1.031424784281056	0.559889260266601	0.014075031787740916	0.4310653156824887	0.9160797441424611	0.10051982978069449	1.0
1313000	-44.37891244430114	-41.860866887563816	-2.51804555673733	-19.65716327469701	-22.20370361286681	0.9706593863297769	0.444332781536365	-0.4735803940729101	0.032771229304820515	0.7652176618452421	0.2489950920635477	1.0
1314000	-42.276963923503374	-40.60051557788769	-1.6764483456156816	-20.2431951622635	-20.357320415624194	0.9326734253897698	0.8624568843396643	-0.1661597201485076	0.09096764290573513	1.4934340673722168	0.110524659953537	1.0
1315000	-48.40368450939728	-42.9577667360268	-5.445917773370484	-20.871182684375533	-22.086584051651265	0.5294659049292284	1.1091699196995735	-1.152560653030688	0.5367698984630387	1.167766399858918	6.563605323378183	1.0
1316000	-44.81508012195033	-39.95823210105247	-4.856848020897864	-19.231124142744008	-20.72710795830846	0.8939289629682075	0.8887060370638765	-0.6656187848760347	0.678063240667595	2.3465546384199962	0.2191504345129436	1.0
1317000	-43.44840528254718	-42.65900553085814	-0.7893997516890399	-22.040521687905468	-20.618483842952674	1.221244659412489	0.9399925488895974	-0.013845818050452565	0.08036424257559507	1.1557203384395573	0.035022826522286825	1.0
1318000	-44.08906508633714	-38.34754062181459	-5.741524464522552	-18.196357174800475	-20.15118344701411	0.9211145648637082	0.7518278726143481	-1.6145823366913432	0.455707172000679	1.9392029706614908	0.5419755690862239	1.0
1319000	-44.52275484348412	-41.13480682918466	-3.3879480142994574	-20.498224505699902	-20.63658232348476	1.0384142919960653	0.8902628204996338	-0.19411858567295012	0.5668555475919336	0.839216608409193	0.4355018330769825	1.0
1320000	-41.35314980980691	-40.88085222440537	-0.47229758540153743	-20.41370495778336	-20.46714726662201	0.7422501148818594	0.8872038963923508	-0.07479303622353248	-0.18080966727474168	1.222125551509825	0.01901954794835909	1.0
1321000	-43.29770123900141	-41.402988259865964	-1.8947129791354487	-21.041090539827294	-20.36189772003867	0.7024562689325846	0.6535948225691796	0.1940189604325282	0.10813160956856921	0.3610744754238803	0.053187395663274135	1.0
1322000	-45.16466098382766	-39.903470597342945	-5.261190386484715	-18.96694686871733	-20.936523728625616	1.0978537478950485	0.6253856559976975	-1.0434316216836066	-0.3497846430456947	0.8786464317011926	0.17991745778749552	1.0
1323000	-43.32262603275096	-41.235318131591725	-2.0873079011592317	-20.038788706160897	-21.19652942543083	0.7997828121969651	0.4790004783558707	-0.22442534180338858	0.49207989980614797	1.8098683498583799	0.11026981194500442	1.0
1324000	-43.39993828311141	-39.54562396698404	-3.8543143161273736	-18.85368208404882	-20.69194188293522	0.8442339971542479	0.6363092739385102	-0.97203598597219	-0.18651041049415906	1.381286203757692	0.23917123010242716	1.0
1325000	-42.4709371883291	-39.76729430523003	-2.703642883099075	-19.523494343366153	-20.24379996186388	0.7800573993951591	0.6992638279771809	-0.5569431069810418	0.12002990966791335	2.063237611886654	0.11143033646884704	1.0
1326000	-45.671070993785584	-42.96499023928486	-2.7060807545007255	-22.680138470759168	-20.284851768525687	1.0290496838036753	0.7309205999308633	0.5122829697059721	-0.027229517424224636	1.3877005221316907	0.21845915351010678	1.0
1327000	-44.647403668803555	-39.809203608254755	-4.838200060548799	-19.328273176643307	-20.480930431611448	0.9931705804030605	0.8326044120271432	-0.6705228507080706	-0.36112769895905394	0.2884823072396861	0.6172733442014652	1.0
1328000	-43.583208983179105	-41.0421512409318	-2.5410577422473075	-19.6257418291646	-21.416409411767198	0.8480252454095777	1.0977859014529479	-0.4332807727557786	-0.0010105616625491476	1.1266590045506955	0.1581929952078366	1.0
1329000	-43.82527947047468	-40.77586267116009	-3.0494167993145953	-20.54752751503859	-20.228335156121503	1.1753931237284703	0.7141165025332469	-0.41791576021224097	0.10977224487647194	0.43600541928267167	0.15090265189603524	1.0
1330000	-44.92202023439293	-39.70558859663356	-5.216431637759374	-18.50598678538685	-21.19960181124671	0.9061207173586643	0.9444127860066533	-1.2324211692172369	-0.9946539080322738	1.7291217673348032	0.9352459391988915	1.0
1331000	-42.29930532983826	-41.25764980807794	-1.0416555217603205	-20.55948277047537	-20.698167037602573	0.6366265961882552	0.6163254989773418	-0.26902178828907497	-0.0942836809140094	0.8982131610353439	0.0599797220688531	1.0
1332000	-42.94440534020299	-41.07114066377506	-1.8732646764279286	-20.86747576601074	-20.20366489776432	1.0546419270627605	0.7119794145082795	-0.08251348002395621	0.1672047865941242	0.3884217912391916	0.05845427087162717	1.0
1333000	-45.219097257244734	-40.5534441559025	-4.665653101342235	-19.59133329231441	-20.96211086358809	0.6927870548502031	0.6789714366975711	-0.7860852064057916	-0.5798580580146926	0.4110261742809871	1.016589453276147	1.0
1334000	-45.54658555910544	-42.617930516932645	-2.928655042172794	-21.576777975600933	-21.041152541331712	0.5577967111224733	1.0317870158765954	0.008787807597256364	-0.5063071647990461	2.3808845955721	0.0853653672126484	1.0
1335000	-44.65336962965458	-43.68909952606788	-0.9642701035867024	-20.190081720638958	-23.499017805428924	0.9121743738978909	0.372675717683815	-0.17209387524776026	0.042095608410310424	0.7011633725199895	0.06563567627372226	1.0
1336000	-48.120071528743956	-46.286539175158886	-1.8335323535850725	-20.43486673494956	-25.851672440209327	0.9790402453655733	0.3041379651028682	-0.13707230576026763	-0.23337824800384	1.120645367316634	0.25749141390173436	1.0
1337000	-46.20034801474473	-41.86087656440336	-4.3394714503413745	-21.052460219746507	-20.808416344656855	0.6128694639685344	0.48315685276791825	-0.03958140690690291	1.8243862517360605	1.1376664789230875	1.7967786245993058	1.0
1338000	-43.920245125262696	-38.61409407400459	-5.306151051258103	-18.24065874130575	-20.37343533269884	0.8506365347473642	0.6533276548009308	-1.7731336932563342	0.09317033850270903	0.618930498900158	0.99730996801285	1.0
1339000	-42.05746829045179	-41.200687877000966	-0.8567804134508185	-20.946576832405537	-20.25411104459543	0.7386036758065322	0.793022389445594	0.18528512998544724	0.01618248433851749	1.6491172083214383	0.06158828413917135	1.0
1340000	-42.702546857031294	-40.92353640922077	-1.779010447810522	-20.371096744290142	-20.552439664930635	0.953477076419656	0.9180103473480046	-0.13325315903374116	0.17676933404192402	1.170916238614652	0.11722434529379676	1.0
1341000	-44.767311589413374	-43.516501259642396	-1.2508103297709803	-23.048691005011708	-20.46781025463069	0.476844384056617	0.6552235265437236	0.3963440272701334	-0.03550104299948614	2.2670882035386284	0.09712682372958464	1.0
1342000	-42.84195511425311	-42.339735227982956	-0.5022198862701563	-20.84927369144479	-21.490461536538163	0.7123299613860653	0.5167233458309823	0.11234622072735465	-0.11062380490353588	1.0502966514161856	0.0661131048768426	1.0
1343000	-46.35485953448158	-39.633411365926854	-6.721448168554719	-18.744626517973686	-20.88878484795317	1.1858295113062827	0.9659621767316606	-1.4244549884435747	0.3783045609828778	0.9712214319403113	0.2680452115680603	1.0
1344000	-41.871138172344025	-41.08583247070828	-0.7853057016357403	-20.743212696907044	-20.342619773801236	0.7549689947260295	0.8262518712091617	0.10150516782123115	-0.12876170002626547	1.389391281658003	0.05981558488218966	1.0
1345000	-42.57649535991419	-40.72466354153431	-1.8518318183798759	-20.32346460886585	-20.401198932668457	1.0434670016250407	0.7339352785229906	-0.2707554901130613	-0.19979810070295084	1.4349306728946463	0.08102898581133189	1.0
1346000	-42.58685423201009	-41.328618272799	-1.258235959211094	-20.84494435983774	-20.483673912961258	0.6227667766948974	0.5961964497871071	-0.1331006778858323	0.26872545650272134	1.1034833288663002	0.12342726274671557	1.0
1347000	-44.334743790544685	-41.04953730603117	-3.285206484513517	-20.25971315845705	-20.789824147574123	1.1430223376054043	0.6790670958726704	-0.46858149149308337	-0.4419014019344051	0.834044021156627	0.3686003654494569	1.0
1348000	-42.16620931894357	-41.313452651993835	-0.8527566669497384	-21.02132585306301	-20.292126798930823	0.6738734137946113	0.6964623686988007	0.13632660982178457	0.04602681848163859	0.5404894290839435	0.04020272600450582	1.0
1349000	-42.874653753894606	-40.64101954303767	-2.233634210856933	-20.468592470421967	-20.172427072615708	0.8302133540332661	0.764819816267964	-0.009128374082371826	0.4800860104833507	1.2685603561529752	0.1317107813575734	1.0
1350000	-43.81331259333667	-39.20887352764973	-4.604439065686942	-18.877169738485815	-20.331703789163917	0.9091519681155851	0.823265387397649	-0.9083991186404854	-0.11108529301900943	2.123207786911206	0.18242371433447185	1.0
1351000	-44.92809303530473	-43.3264356421279	-1.6016573931768328	-23.056121024072162	-20.270314618055735	1.3528589234838562	0.8057980730208407	-0.010063262167307796	0.001958329120415603	2.044868599871828	0.03991355988365778	1.0
1352000	-44.14487291088099	-40.8884554865472	-3.2564174243337884	-20.47164453255508	-20.416810953992126	0.6769096232194176	0.8777089173301875	-0.17321296902913308	-0.07788429593719592	1.5746031340022026	0.8674916275019064	1.0
1353000	-44.03356229111119	-41.140653607653235	-2.8929086834579505	-20.690935434994675	-20.449718172658557	1.1956667336983486	0.89098967799525	-0.40473645645180584	-0.07347370797907363	0.4773823429651964	0.06269004379180364	1.0
1354000	-43.88413920356062	-39.05958911610285	-4.824550087457775	-18.80155079551372	-20.25803832058913	1.0798749205975617	0.5983102944714497	-1.1250940769032585	0.7028793730078854	0.5882313547764233	0.6244728051208367	1.0
1355000	-44.88251823159107	-42.45485828171947	-2.427659949871604	-19.97304935539642	-22.48180892632305	0.9893154166072843	0.4705618059640236	-0.34502068801057306	-0.3915968543937126	0.9337293960724988	0.21096716312111954	1.0
1356000	-42.40872051942121	-40.0906270846385	-2.3180934347827113	-19.86545328108844	-20.225173803550057	0.8351733334976085	0.7972584543785508	-0.3036752097621519	0.1371356385707404	1.4209420863471967	0.25895356044583223	1.0
1357000	-45.7462199112161	-39.39451933836532	-6.351700572850783	-18.372169315811128	-21.022350022554193	0.9772757713792181	1.0373081194758589	-1.3665560824676948	-0.3557583717565473	0.43538944810736313	0.3203917729439341	1.0
1358000	-46.89955958611376	-43.880896315584216	-3.018663270529545	-23.5423655359148	-20.338530779669416	1.2198820082770998	0.8463424573317349	0.3805468325496655	-0.029945128508064627	0.7434862622151885	0.30513510457571463	1.0
1359000	-45.14110111508992	-40.72724736962921	-4.413853745460704	-18.927896864469055	-21.799350505160156	0.7609085913562564	0.5856227112157522	-1.1374008917905394	-0.750664190039686	1.3409081079982084	0.4153324977202939	1.0
1360000	-45.14358234219434	-41.54186943626222	-3.601712905932126	-21.197549368901985	-20.34432006736023	1.049411603094157	0.7930667256021751	0.039586260514076654	-0.173791128048845	1.100056796458128	0.9142544150703353	1.0
1361000	-45.88447965769921	-40.480117364009715	-5.4043622936894975	-19.253120768160844	-21.226996595848867	0.6596873504869663	0.42149148203598713	-1.6912956154412946	1.3580348476627764	1.0935588840817998	0.8708097074321476	1.0
1362000	-43.5892142767822	-40.25679983420072	-3.3324144425814795	-19.77191683074337	-20.484883003457355	0.7871015230679252	0.6251673537443164	-0.38663814683133874	0.0899434678401549	0.37655100189386326	0.28035758506781966	1.0
1363000	-42.03211824647896	-41.18207400961332	-0.8500442368656352	-20.69915801262394	-20.482915996989384	0.8240000920562736	0.8997021291265835	0.09302922693152596	-0.12379393719611048	1.0762381674640766	0.054051145087348984	1.0
1364000	-43.02499920464244	-41.25697726022875	-1.7680219444136918	-20.868425096670254	-20.388552163558497	0.7835527322465783	0.8498101323666134	0.1682956196544932	-0.16297306276925605	1.2594163972065153	0.15911894895096967	1.0
1365000	-43.910976285147136	-38.40159509121938	-5.509381193927759	-18.130655530952726	-20.270939560266655	1.1107898256682402	0.5927142553114532	-2.014846845944079	0.7254681873018454	0.7757010816802611	1.9682336878236055	1.0
1366000	-43.55807611933585	-42.19731503418957	-1.3607610851462764	-21.056980626126823	-21.140334408062746	0.9951737625118282	1.034380886097201	0.07329905323092537	0.1786363141875381	1.797988831882143	0.024006760342047784	1.0
1367000	-42.12424936869292	-40.305125635454615	-1.8191237332383077	-19.869210816259947	-20.435914819194664	0.8670081922753019	0.8852839568924402	-0.3018659267359348	-0.07960268671714793	1.380721946764723	0.10436014097487449	1.0
1368000	-46.357178094541865	-42.86261833634285	-3.4945597581990175	-20.73891631862887	-22.12370201771398	0.8191238414444902	1.1033972085194699	0.11103061205169032	0.5879626662394912	0.5719939027071682	0.3342899544733656	1.0
1369000	-44.311494565821434	-39.48036010825882	-4.831134457562609	-19.118209548839495	-20.362150559419323	0.8071735379794412	0.5537310499898964	-0.8108963223562913	1.1196400352323623	0.5194894479340808	1.1870173642913227	1.0
1370000	-43.85710934860241	-43.08907199528405	-0.7680373533183577	-21.55726962516596	-21.53180237011809	0.5759696744347894	0.46553723736058433	0.10652682518340972	0.32371795960116667	2.398404881287349	0.07426162397435603	1.0
1371000	-46.14117082477938	-40.09758877233433	-6.043582052445046	-19.413697290330873	-20.68389148200346	0.7496312171916133	0.9458674526576111	-0.7088855775706463	-0.35498951944531804	0.5743298240106479	0.06464122651209742	1.0
1372000	-42.94036953699141	-41.93240129073879	-1.00796824625262	-21.586444086042505	-20.345957204696283	0.536594567694975	0.8572535000172077	-0.15560519549591068	0.06357018166873085	0.9667374467454428	0.09063462201681993	1.0
1373000	-44.17382646773882	-40.10500644316954	-4.068820024569273	-19.44003142794336	-20.66497501522618	0.9292800332983426	0.9560879067524491	-0.5540513424363676	-0.09414168253610633	0.4431532933699036	0.061947282745136396	1.0
1374000	-43.183595193344026	-41.719645461977166	-1.4639497313668577	-19.99665351309279	-21.722991948884378	0.8427773870032633	0.4867151483169784	-0.23476553656783422	-0.03284108805436814	0.7847555441040253	0.11752719807097411	1.0
1375000	-44.46132393053459	-40.057126660361895	-4.404197270172695	-19.09800033442022	-20.959126325941675	0.9739010941520818	0.9877012706407896	-0.7870354227052094	-0.6381675521644646	0.8027860449570222	0.28278446056153206	1.0
1376000	-44.645528867651436	-38.59862819553304	-6.0469006721183955	-18.299796430156906	-20.29883176537613	0.9552159418428053	0.8280546735663284	-1.444347379309455	0.3923462122111396	0.2836539928159395	0.7878478320072033	1.0
1377000	-44.212677116232754	-39.14167856220004	-5.0709985540327125	-18.33801582451199	-20.80366273768805	0.8813284951105103	0.5631547316124227	-1.468514573693532	0.13039699543928168	0.5263657468471985	0.7085255220060673	1.0
1378000	-43.82772509606123	-42.42359688915269	-1.404128206908538	-22.051812034865105	-20.371784854287583	0.5034318341215118	0.8515253560364262	-0.10393680278751313	-0.11092818493613105	1.6274531505964753	0.17728109438208609	1.0
1379000	-43.86761312507172	-40.81876082130752	-3.0488523037642024	-20.469905513649156	-20.34885530765837	0.6319204436881746	0.6878058564985249	-0.36121898545672265	-0.009849103507183155	0.3253289864093514	0.1493786287378586	1.0
1380000	-43.502987537576445	-40.53347522431135	-2.9695123132650885	-19.88965713295424	-20.64381809135711	0.763631967339161	0.9494350814132168	-0.3450575410931349	-0.15381956759459803	1.097115076479235	0.49303812103720995	1.0
1381000	-43.42880393522177	-40.6655290594826	-2.763274875739173	-20.52162980655067	-20.14389925293193	1.0301723410480925	0.7432864395315457	-0.1727365466866696	0.4875865052759723	1.0225271326281353	0.25412559731489415	1.0
1382000	-47.40266802440894	-45.703523454359576	-1.6991445700493664	-25.010347085242735	-20.69317636911684	0.35210255758463993	0.5340926715510573	-0.1181394999222734	0.5023030905077681	1.05269667423189	0.1842363079148065	1.0
1383000	-43.66050733920761	-40.26536998250492	-3.3951373567026937	-19.91252178466514	-20.352848197839783	0.8021804614368557	0.7373140451370026	-0.2918431271702977	-0.1417537931983047	0.7698699708411927	0.8054414992608142	1.0
1384000	-43.07510094818857	-40.41430208364902	-2.6607988645395517	-19.745854269699706	-20.66844781394931	0.8388153800635191	0.952208823065751	-0.3679175861875004	-0.24265511324479042	0.8798403691477302	0.24546931647165132	1.0
1385000	-45.41655444185263	-41.30819437633457	-4.108360065518064	-18.815238585377376	-22.492955790957197	0.9358548272603376	0.4774774406266717	-0.9576626258367513	-0.456177611474495	1.511908255573821	0.23259080369821433	1.0
1386000	-44.78445289941459	-42.156811690673436	-2.6276412087411503	-21.464783601454073	-20.692028089219363	1.1344451063212209	0.9550074202053693	-0.020618662760485212	-0.29732342510149695	0.6630022997778646	0.19235990735592523	1.0
1387000	-46.208465736799845	-41.7350102381117	-4.473455498688147	-19.29798030957229	-22.437029928539413	0.7453560182183981	1.2064636211956297	-0.8223672699200587	0.22894970210014498	1.1794883712747213	0.13767671783472885	1.0
1388000	-44.06558291563966	-40.24207312242551	-3.823509793214152	-19.83089777444466	-20.411175347980848	0.8053591625793992	0.5529656774944828	-0.33566855330984563	0.8109493015470737	1.346100577800304	1.6877755195025312	1.0
1389000	-45.31279276688204	-40.14143237949611	-5.171360387385931	-19.498803528268425	-20.642628851227688	0.6735281509060468	0.8498188606834223	-1.0193764489870878	-0.5523852281787265	0.45384697325100865	0.29396587620989545	1.0
1390000	-48.16766881085479	-41.58212033841744	-6.585548472437356	-18.93351578236092	-22.648604556056515	1.2085820537664138	0.38516585492132555	-1.336110624344381	0.42892152397948924	0.3728502992883396	0.2872414779979574	1.0
1391000	-46.03519312214365	-41.649361595233856	-4.3858315269098	-20.658217839862953	-20.991143755370906	1.1743658473086145	0.999805838956871	-0.373791503483652	-0.6303363088062583	1.8900337953434807	0.21494498527505992	1.0
1392000	-43.816142355005674	-40.077401678728336	-3.7387406762773407	-18.93625086531698	-21.141150813411357	0.9043310259539253	0.568720607311058	-0.8650762538777894	-0.20651845239568933	1.4317593735951635	0.17604107183159576	1.0
1393000	-44.149665152000395	-40.77225512756609	-3.3774100244343024	-20.07353647743126	-20.69871865013483	0.8850941841177191	0.9524362012179952	-0.20820907398988975	0.16869420204595334	1.1832989451257965	0.7053172432752366	1.0
1394000	-44.72095962894906	-41.747474729281464	-2.9734848996675947	-21.207229698128305	-20.540245031153155	0.6537965718999617	0.5991694492995248	0.1900114010999141	0.17613589912224076	0.6870138654021665	0.5867215226657908	1.0
1395000	-45.811501141903015	-40.220164423397044	-5.59133671850597	-19.601671230417935	-20.61849319297911	0.8666543800261212	0.5211091627957952	-0.4448246343000773	0.7669375291990622	0.20734627808068895	0.2080873339797041	1.0
1396000	-45.45916828970912	-41.99581421059101	-3.4633540791181088	-21.334078839281272	-20.66173537130973	0.855665997113758	0.6500126598833876	0.3250218010086264	-0.2179936118759962	0.25628910580445063	0.1195965061605136	1.0
1397000	-43.240171172646804	-42.167683781948966	-1.072487390697835	-20.29762142308183	-21.870062358867138	0.7343519098461848	0.5033689655123098	-0.14935768114049353	-0.273911556064792	1.076447644456061	0.07304759677886714	1.0
1398000	-43.038575499375426	-41.22656248264306	-1.812013016732367	-21.022813708011924	-20.203748774631137	0.6114550970832212	0.7069333523773799	-0.06597235422319869	0.17971354060658634	1.2135289614146527	0.2708013815676948	1.0
1399000	-42.1153631246442	-40.54723514583808	-1.5681279788061209	-20.33792313116648	-20.2093120146716	1.0168307317626648	0.781717265452358	-0.22591739541791844	0.13532697985892328	0.9733126382771513	0.0825345870411084	1.0
1400000	-44.94995626223528	-43.382226025780135	-1.5677302364551486	-22.842280357100748	-20.539945668679387	0.44575392239724154	0.901186993422469	-0.20453170367192125	-0.28873695385140685	1.2288574880884382	0.14146682521574086	1.0
1401000	-44.81059856217048	-39.13721812340078	-5.673380438769705	-18.56491892498154	-20.572299198419238	0.7533466500487949	0.9150821772030356	-2.0263256666020064	0.2698396113231525	0.5590277226830739	2.254316736880184	1.0
1402000	-43.7594225424145	-41.47194133402782	-2.2874812083866796	-19.62695834232092	-21.8449829917069	0.931334996954069	0.46668432980056307	-0.4551315366167615	0.06359952502624089	1.380980873885334	0.307704540121003	1.0
1403000	-42.70999652745449	-40.08797076798129	-2.622025759473207	-19.78901129188844	-20.29895947609285	0.7633115232123663	0.6013631562505349	-0.40848628311279056	0.54859994899555	1.4122158356306682	0.23124401795564373	1.0
1404000	-45.36276182476455	-39.135987088960874	-6.2267747358036765	-17.997045725627956	-21.138941363332922	1.0213836899590094	0.48472839686930924	-2.1056536015299967	0.4888555481693244	1.9271190180161288	0.7604592934755775	1.0
1405000	-44.982997681050115	-42.502600330630614	-2.480397350419501	-21.777498288096787	-20.72510204253383	1.0042408501599147	0.9708460011319503	0.2946658736137199	-0.06866189093365865	0.756872593909243	0.19260029572006854	1.0
1406000	-42.66531094311654	-40.77643597641726	-1.8888749666992761	-19.83041147835999	-20.94602449805727	0.7776221763246598	0.6062219194890428	-0.36229957617943576	-0.2632528495087007	1.0619129729180437	0.10576771997873097	1.0
1407000	-44.23002232662833	-41.41093430637774	-2.819088020250586	-21.113263808886508	-20.29767049749123	0.5444647072343206	0.6572905863931993	-0.5182343412706112	0.18901840612782445	0.5874384598601036	0.101501329253714	1.0
1408000	-47.49382766756179	-43.73781741947562	-3.7560102480861723	-23.23239262353277	-20.505424795942844	0.6261865390552048	0.7989081455391277	1.02238378162306	-0.4001306945676414	1.313477336439944	0.399030541033915	1.0
1409000	-45.86215843684826	-42.6344809290342	-3.2276775078140636	-21.18336402958601	-21.451116899448188	1.1335712200398689	0.6078768704806963	-0.11038060620429724	-0.640586781593342	0.738697051190995	0.2973570662904984	1.0
1410000	-44.96880147551324	-38.73054225857277	-6.2382592169404685	-18.343305426206904	-20.38723683236586	0.8782940589230479	0.6461230007150615	-1.4677811681871553	0.10824353416906796	0.32094716911288895	0.44070219888750733	1.0
1411000	-42.22041719394925	-41.514519437904724	-0.7058977560445279	-21.031988287431442	-20.482531150473278	0.6706567125944156	0.6540029464476785	0.13519927216748573	-0.04741494597424323	1.0133262552495128	0.07548836654908951	1.0
1412000	-42.4057768472386	-40.87156501695863	-1.534211830279971	-20.640191952128987	-20.23137306482964	0.7477212450484949	0.8069007491778978	0.04666567531772037	0.30953366548083583	1.2499825228961225	0.10235117658273417	1.0
1413000	-41.85963513565976	-41.30304949977298	-0.5565856358867742	-20.78661665748137	-20.516432842291607	0.9153137299349485	0.6488964676402715	0.07059978723849286	-0.06351362173841119	0.9077174244849272	0.05059407717374413	1.0
1414000	-43.80679875995392	-40.48955878058717	-3.3172399793667506	-20.05253484100632	-20.437023939580847	1.0188402134609449	0.8799577183266267	-0.3482131196557354	0.2814459104513837	0.4584299864724549	0.2644856624210673	1.0
1415000	-45.660284073493145	-39.59932457602491	-6.060959497468232	-19.15146864800081	-20.4478559280241	1.0354941770345225	0.6018525162573543	-0.8250305579735988	1.47100388337758	0.7014480587273458	9.108467511323854	1.0
1416000	-44.02549602363917	-39.12295557730229	-4.902540446336878	-18.82508679647638	-20.29786878082591	1.1041602548984457	0.6294680753434385	-1.1547603615489295	0.3404235857679102	0.7189161350675682	0.3119129667214326	1.0
1417000	-42.577947122836534	-41.47533511647731	-1.1026120063592246	-21.261965087417835	-20.213370029059472	0.5835424866114037	0.6807002689083607	-0.05061333053584352	0.24498612367424477	1.1199556089495322	0.1097293384186036	1.0
1418000	-45.74440313057054	-41.85883245593016	-3.885570674640375	-19.977090436730165	-21.881742019199997	0.8054076871897274	1.0326280842706161	-0.2545118750214979	0.7885786724847643	1.1206087647504575	0.1755703882044783	1.0
1419000	-45.80365728822649	-39.07665026924431	-6.727007018982175	-18.307277836390746	-20.76937243285356	1.1073665818375522	0.74687224569782	-1.6580429847582547	-0.5989557929275177	0.36636013714679744	0.5579642844749664	1.0
1420000	-43.4226784788866	-41.12851819382304	-2.2941602850635596	-20.671755694914335	-20.456762498908702	0.8741603347125521	0.795761605188225	0.05893920922379926	-0.33866458557783846	0.5052906836780194	0.08965978960192847	1.0
1421000	-44.67348035085608	-39.216212557702896	-5.457267793153187	-18.823311138436086	-20.39290141926681	1.1955063849369538	0.8423819954564655	-1.385989028610277	-0.19646937428865385	1.0644711962122075	0.388864985739921	1.0
1422000	-43.191026255675595	-41.13837097307084	-2.052655282604753	-20.41961546619593	-20.718755506874913	0.7493150226888567	0.6754309014543527	-0.06368149714783217	-0.3677901892011799	1.792140037370216	0.22837030070467373	1.0
1423000	-45.208762068866186	-42.55944778229883	-2.6493142865673507	-21.093071563978654	-21.466376218320182	1.1011640335526978	1.1035463998109574	-0.08237959363132566	0.020883426695599505	1.060173120147892	0.2407312074593736	1.0
1424000	-44.5705074021819	-41.53215803170678	-3.0383493704751263	-20.981058489293886	-20.551099542412892	0.5837601353261148	0.7734275194594268	-0.2615154881077202	-0.4325809165724159	1.1881193499377407	0.7963513305354005	1.0
1425000	-44.26108197004922	-40.043230086301364	-4.217851883747853	-19.649091184984474	-20.394138901316893	1.1128706537721427	0.7191190400866659	-0.685103243592291	-0.15895786840579398	1.566111786523524	0.08666227063739808	1.0
1426000	-42.576861126205706	-40.67728673373989	-1.899574392465814	-20.396155289398916	-20.28113144434098	0.6270701420867378	0.802919413855179	-0.4501252374164965	-0.03514840590459972	1.566891431834093	0.09469523631452759	1.0
1427000	-44.91180594188882	-42.358246614001814	-2.553559327887008	-21.068621534166304	-21.28962507983551	0.6653497937537141	0.6103119001262587	0.14304622697266955	-0.5430398147411304	0.9455125615704307	0.34795495029130274	1.0
1428000	-44.50728853295028	-41.17059685375892	-3.336691679191356	-20.859868742381472	-20.31072811137745	0.9937851759060127	0.7054206581139302	0.005278549598583315	-0.008971557263687147	0.42384874653844445	0.3912974225323863	1.0
1429000	-43.358539351686126	-40.79422447354279	-2.5643148781433363	-20.36788698591417	-20.426337487628622	1.0502475847720965	0.8393841284879273	-0.26340364413916695	-0.266872753829874	0.830766788554759	0.21369762243067217	1.0
1430000	-43.90234193447004	-40.7134619909029	-3.18887994356714	-19.415614680670995	-21.297847310231905	0.9096524790040909	1.0932630126174447	-0.5583064935653028	-0.2605907610958806	1.026181305324723	0.21787159387092792	1.0
1431000	-41.235053888489425	-40.42670472224097	-0.8083491662484543	-20.15423083616096	-20.272473886080007	0.7483960930051755	0.6916751841022706	-0.21024171200340414	0.0934194948227442	0.9401426145408577	0.045669575779266135	1.0
1432000	-42.71168157552743	-39.56513256469151	-3.1465490108359164	-19.356346333044115	-20.208786231647395	0.7958122211170989	0.6663149402304722	-0.6489731357333657	0.3182374629433752	0.7777359801689202	0.22576380487173525	1.0
1433000	-44.811367147949106	-42.36796315196202	-2.443403995987083	-21.40976516180698	-20.958197990155043	0.8902593496130458	0.5160169240395783	0.3212814773985513	0.3609668351405877	1.6775058016192748	0.05232668483930775	1.0
1434000	-42.808608856835924	-42.07967783145807	-0.7289310253778549	-20.328721347994236	-21.75095648346383	0.6797323226032973	0.4694305053757822	-0.25727324521142914	0.10712430383749388	2.4501220002430366	0.06559359351235901	1.0
1435000	-42.62688973233654	-40.43156515952436	-2.1953245728121753	-20.224401933539077	-20.207163225985283	0.9150132670931663	0.648210192133099	-0.15917099027503767	0.4216107143680766	0.8938603663506526	0.1268285277086118	1.0
1436000	-44.004672023376415	-38.44845907013108	-5.556212953245339	-18.163836310639415	-20.28462275949167	1.099887541650346	0.6665403335755364	-1.873272493017799	0.1688967984066066	0.5645105140013299	1.571842595424335	1.0
1437000	-47.52714577231392	-43.6007419150291	-3.926403857284823	-21.761010168924308	-21.83973174610479	0.5283752180372232	0.7381205752311913	-0.08847973442144752	-1.2905758163251413	1.1108792248569703	0.5880510985278866	1.0
1438000	-41.76838089174043	-41.190382174461604	-0.5779987172788228	-20.839695391967272	-20.350686782494332	0.8150478463874259	0.832367926767707	0.15437256070971173	-0.13073327790581524	1.3741333771304145	0.02151120073586551	1.0
1439000	-43.78513481506938	-41.60910873849971	-2.176026076569668	-21.083029671337112	-20.526079067162595	1.0171746878010555	0.5630336034060803	0.05057737395948192	0.46873736636853935	1.2408658572803222	0.09985527341632497	1.0
1440000	-42.51090608943638	-41.70936657963738	-0.8015395097989964	-20.861954106008177	-20.847412473629205	0.757851410325108	1.0001638755703264	0.15794760420377452	-0.1288059152911858	1.117318837350962	0.033278821643344884	1.0
1441000	-46.14464437756836	-39.0407896416023	-7.1038547359660615	-18.08455159165405	-20.956238049948254	1.0429011484573079	1.0248524058659507	-1.8619069216016713	-0.25203316398954934	2.5716352330723296	0.9176670505132062	1.0
1442000	-44.71100217567956	-41.44070394978422	-3.2702982258953393	-21.120577774211633	-20.32012617557259	0.6953067595180016	0.7980308896543405	0.22298092822053128	0.6644786224958088	1.7004646276957749	0.11688641886005802	1.0
1443000	-42.57424447983171	-41.490581017441215	-1.0836634623904975	-21.20827304646158	-20.282307970979634	0.5787746158953418	0.7868422298652382	-0.1194841487798079	-0.05993455839173886	0.759934696623221	0.08681742609973425	1.0
1444000	-44.51702289513225	-41.580102020727495	-2.9369208744047546	-20.916481033461523	-20.663620987265972	0.8090561905737569	0.8942290008220751	0.18752200058758375	0.5757034696232277	1.4792875598960449	0.1323976654821235	1.0
1445000	-45.498898047739836	-42.17861763015219	-3.3202804175876444	-20.973755523372557	-21.20486210677963	1.154666302912085	1.065049106799769	-0.22137656363605274	-0.029391017474194342	0.7765824822878203	0.44809887444243074	1.0
1446000	-44.60320959044838	-42.4313985550356	-2.1718110354127775	-21.684344379254682	-20.74705417578092	1.269272989817783	0.6308398934243216	-0.22038270520584902	-0.21246679569098081	1.5185714811913396	0.12273190500297179	1.0
1447000	-49.03989515940978	-42.29395290700854	-6.7459422524012425	-21.78619406632972	-20.507758840678818	0.4982497782428778	0.534825439931033	-3.3775998715996143	0.8158006520932612	1.8651249273819224	1.6087873366183443	1.0
1448000	-43.54459069431445	-38.985330548691465	-4.5592601456229875	-18.701863319676466	-20.283467229015002	0.9001650464207288	0.7523213166988807	-1.0516124576720938	0.8380833801349237	1.4311164914201984	0.5282432078766303	1.0
1449000	-42.81494525971179	-40.691565454860196	-2.123379804851596	-19.902534354981164	-20.78903109987903	0.7366625592400656	0.979878060743961	-0.3855292335880578	0.05763889935073224	0.8318199889769068	0.11208953236283123	1.0
1450000	-48.36920761273922	-38.91523561182762	-9.453972000911602	-18.737543688119395	-20.177691923708224	0.7836997300768777	0.722225256669867	-3.0196895519049116	0.7607222524093212	0.6458362050409977	0.8109962259581808	1.0
1451000	-43.940244423519204	-41.79384733690835	-2.1463970866108504	-21.316933509780135	-20.476913827128215	0.8136059869015976	0.9026003686102997	0.34412897753307703	-0.01956477734580983	1.077646447840733	0.17822927848206588	1.0
1452000	-43.66400822456007	-41.64705402053748	-2.0169542040225883	-21.17876885351901	-20.468285167018472	0.8996989446626918	0.8867905492822058	0.23088925473695274	0.29887776827608314	0.9553360792647929	0.058341919386414205	1.0
1453000	-46.470550076760404	-40.74387417868114	-5.726675898079263	-19.509806012317544	-21.2340681663636	0.7523896201158885	0.4730127244377004	-0.6254357706410012	0.5210156788321167	0.5783213569120753	0.06979293786469581	1.0
1454000	-43.87767186632222	-38.393196988819604	-5.484474877502617	-18.118456748886643	-20.27474023993296	1.0963920792179351	0.7769218151156501	-1.9697573533204389	-0.04904065741972263	1.426234611293531	1.587922070354971	1.0
1455000	-44.914416519385554	-38.423263656030954	-6.491152863354597	-18.061035027946946	-20.36222862808401	0.9815471803683591	0.5615040103700538	-1.8353453539028903	0.8423004023156793	0.4479153379599744	0.7847737343844734	1.0
1456000	-42.90056083166352	-40.27960743125365	-2.6209534004098662	-20.156145390771197	-20.12346204048245	0.7845593639659239	0.6941536451379274	-0.17156976079912234	0.5385140272996327	1.9672518013392237	0.23195095586046893	1.0
1457000	-42.0804448966671	-40.78555528037526	-1.2948896162918406	-20.593695788949546	-20.191859491425717	0.676235025326793	0.7063005231513221	-0.09949589123932231	0.2092038582115573	1.984608724371145	0.11704628034364013	1.0
1458000	-43.29636375145432	-42.50222731000119	-0.7941364414531337	-22.105587208680248	-20.396640101320944	0.5403483560935891	0.8729505603861335	0.2538745022410043	-0.033431353399196714	1.7476921543132737	0.040454928173942445	1.0
1459000	-49.11113446162692	-41.61904994308399	-7.492084518542923	-20.953986175047568	-20.665063768036426	1.651624267939877	0.5243981836108209	-1.7428769062926417	1.7438390968541575	0.754252166164645	0.8383921453097086	1.0
1460000	-43.66930021358407	-41.2134794983552	-2.4558207152288722	-19.974577175048864	-21.238902323306338	0.7131458262875519	1.058640160249358	-0.3955810591786894	0.10574973103535595	1.3768543949409162	0.04233711803656826	1.0
1461000	-43.55731969469244	-41.04957689650416	-2.5077427981882767	-20.844315885241183	-20.205261011262984	0.9305050997532404	0.7917679772195125	0.07700519058787172	0.35809929846668304	0.450181945890725	0.06591378839415332	1.0
1462000	-45.771824453820834	-43.00717893780341	-2.764645516017424	-22.704303677581326	-20.302875260222084	1.4263619594327204	0.8349467871899732	-0.26823337692976795	0.32700741791189175	0.8483520719629598	0.05973550133660494	1.0
1463000	-42.728017909681924	-39.77774274037399	-2.9502751693079325	-19.46193205867423	-20.31581068169976	0.9995223440710761	0.6980055558931634	-0.6052817792724317	0.004946131438396173	0.803314754171544	0.2083510836840316	1.0
1464000	-43.823620230665576	-39.940760843398785	-3.882859387266791	-19.676719719835297	-20.264041123563487	1.114961574922426	0.7301266983649665	-0.6754791325897301	0.009792843757841896	1.106619381966842	0.085694656484869	1.0
1465000	-45.44624512081117	-39.982668211626795	-5.4635769091843756	-19.309894334102026	-20.67277387752477	0.8678999351406836	0.4875864023813177	-0.6182297666018453	1.4604611637835538	0.43740788353963617	2.2966462233939664	1.0
1466000	-46.660276576795	-38.80426344377321	-7.856013133021786	-18.177678302197293	-20.626585141575912	0.8625399321390872	0.5023894750051425	-1.877731056663856	1.0552159797847889	0.4233097930404941	0.5332919794395344	1.0
1467000	-50.04282163770234	-45.364554498468976	-4.678267139233364	-23.02041323358577	-22.34414126488321	0.4151949518166258	0.44765880149441806	-0.8822918533417144	-0.09498887518010712	0.37194780832237434	1.2560694431712878	1.0
1468000	-42.230982250206985	-40.89055267386536	-1.3404295763416245	-20.61370788023153	-20.276844793633828	0.7095345749554137	0.7692285283902104	-0.014625196284627218	-0.05342609139189387	0.3522869868570275	0.043262210359261484	1.0
1469000	-45.01482092091228	-38.74599735701672	-6.268823563895561	-18.26334409359342	-20.482653263423295	1.0245233510615248	0.9043933629813876	-1.5367490511761535	0.06096606842451735	2.654091180595291	0.7863496067577944	1.0
1470000	-44.65033015057258	-42.29903384940398	-2.3512963011685972	-21.68234058053257	-20.61669326887141	0.7872899994398276	0.5924145057905407	0.48977744642043036	0.12990943616861084	0.8161888881017936	0.1000374400258698	1.0
1471000	-46.015609547513506	-43.734975428679604	-2.280634118833902	-21.30051953191273	-22.434455896766877	1.075925992145429	1.194813022370454	0.029979185767760708	0.29618830863601087	1.0901615608203472	0.09989051436339437	1.0
1472000	-44.78981560104298	-41.537225604431335	-3.252589996611647	-20.46609387782346	-21.071131726607874	0.8595214937629214	1.04782740315375	-0.019295442953530154	-0.3660651308823484	0.39477757349531756	0.22369026355566451	1.0
1473000	-41.72000909209302	-40.32032013394078	-1.3996889581522407	-20.070252767839463	-20.25006736610132	0.8701820240567482	0.6970453703952758	-0.20353029335428005	0.11531720721822696	0.6748904668124006	0.0684066676077928	1.0
1474000	-45.454789371501896	-41.43422756791673	-4.020561803585167	-20.34945155376077	-21.08477601415596	1.0985721481176172	1.0096740723122868	-0.35063287530373566	-0.721227063890749	1.3910247307802752	0.24184018146747085	1.0
1475000	-41.01976547823772	-41.27759234793665	0.25782686969892366	-20.692347416316082	-20.585244931620565	0.6724878602622228	0.6253426726609215	-0.05066616836342264	-0.025759874621612583	1.76414559468419	0.03712583520918564	1.0
1476000	-44.135020469466596	-41.36219138566393	-2.772829083802672	-20.648872611739773	-20.713318773924154	0.647548533117663	0.7961942269819228	-0.15934056736998914	-0.6154768267799846	1.4309663687886789	0.11637341402047299	1.0
1477000	-42.365114449325816	-40.93669482420316	-1.428419625122661	-20.577590530267685	-20.359104293935477	0.9521614521810755	0.6469249024558685	-0.04888462575775321	0.14402378540850921	0.6527637418584468	0.0872550138881751	1.0
1478000	-46.89797778293445	-41.34946221940416	-5.548515563530291	-20.12277019431344	-21.226692025090717	0.5716608730252479	0.6581047655312477	-1.972525406131369	1.9008673424581444	1.1329465769899691	2.0049552684182324	1.0
1479000	-45.264657009019835	-39.23353971959297	-6.031117289426869	-18.676212206028787	-20.557327513564182	0.760442063099991	0.5103757628658621	-2.7353732555383132	1.1394141020021165	0.636038233901805	4.245489906936211	1.0
1480000	-45.50376919718242	-41.613901426611164	-3.8898677705712608	-21.084022116243197	-20.529879310367967	1.0936641703258376	0.5454234725358091	-0.07237577743290882	0.6374089790512107	0.7407409267309082	1.040741530962596	1.0
1481000	-46.77504260655175	-39.38599191053814	-7.389050696013609	-19.116031664304938	-20.269960246233204	0.7575783724229074	0.6145340368511638	-0.948466813533485	1.1789389159544472	1.0713305748236113	0.19567242589478964	1.0
1482000	-44.230102328528865	-42.24745488821789	-1.9826474403109793	-20.673469929735926	-21.57398495848196	0.9420117220053399	1.1002101391577184	-0.00036085140889613454	0.18772609781480568	1.8924723794050995	0.06661513585514185	1.0
1483000	-42.78899159949555	-40.58223039612226	-2.206761203373288	-20.2257196876614	-20.356510708460863	0.760921363312926	0.8404262068178459	-0.15485925769567094	0.4472024772911067	1.1872329657339225	0.10909025920395686	1.0
1484000	-46.16644959839452	-42.59912282826148	-3.5673267701330427	-21.699676052302436	-20.899446775959042	0.568564429510192	0.9516274763266049	0.15828873266331506	0.4879503998738278	0.49592126380047474	0.052030868477540994	1.0
1485000	-41.33037001116672	-41.2963964672383	-0.03397354392841567	-20.65866565155927	-20.63773081567903	0.8560645439560131	0.5995431451559398	0.06407749934426779	0.06217516833975273	1.0268077167519374	0.034720648229337917	1.0
1486000	-44.04884032694224	-39.8008286642822	-4.248011662660041	-19.542600285091297	-20.258228379190903	0.6407380167675196	0.7633026146379814	-1.3467499834053016	-0.015052898097675405	2.1490213517193903	1.1183070054681958	1.0
1487000	-44.00410024162612	-38.408500865966104	-5.595599375660012	-18.14827582461217	-20.260225041353937	1.095235960464098	0.5986833111118881	-1.8886408320246766	1.1208812912219246	1.7492995927896224	1.8873501391903365	1.0
1488000	-45.12603791945266	-40.10311382498496	-5.022924094467706	-19.64821974636734	-20.454894078617617	1.0426796848783695	0.544912536030241	-0.5682606447386545	1.4313480616729817	0.7270017382397767	2.5123002508423102	1.0
1489000	-44.585987998758334	-41.89393874748436	-2.692049251273968	-20.75593437656613	-21.13800437091823	0.5638023847857405	0.5866579897586387	-0.6714257796543978	-0.31022023996725456	1.077432352861891	0.1970546320625069	1.0
1490000	-42.81941494197963	-40.93196808744983	-1.8874468545297978	-20.680583927579885	-20.251384159869943	0.7793506965489	0.813328076749433	0.08368082888603356	0.3549893838817097	1.0761268754297197	0.1329237177970888	1.0
1491000	-44.80906227576658	-42.87356300512727	-1.9354992706393088	-22.0473835314396	-20.826179473687663	0.9841302018874108	0.5638280780434377	0.4056363206925886	0.10294341665752375	1.0772884092500385	0.10417899928425181	1.0
1492000	-43.02467744695475	-41.43435251665297	-1.5903249303017792	-21.187787235065187	-20.246565281587785	0.5836928220136719	0.814632827158256	-0.1029521683587083	0.17548411324392205	1.5071336168460023	0.19369952195795023	1.0
1493000	-42.3514056483319	-39.848717083748866	-2.502688564583032	-19.49709425958617	-20.3516228241627	0.8241200152679333	0.7184491624963174	-0.5217595811738633	-0.10115318972629761	0.9741327450135293	0.2086104959864517	1.0
1494000	-44.81908938395413	-39.21486466025353	-5.604224723700599	-18.417136771244895	-20.797727889008637	0.887935402670673	0.6563274845312131	-1.351589083777502	-0.36644609278931284	1.467069163153866	0.2757816529763159	1.0
1495000	-46.32685013859058	-42.13604302245538	-4.190807116135199	-20.658518001153134	-21.477525021302252	0.6186512691923524	0.7944044230082076	-0.28958880582597213	-1.1735509100608619	1.108984493569048	0.36531513776814817	1.0
1496000	-44.04160504658806	-41.665830052959535	-2.3757749936285233	-21.183658615048607	-20.482171437910925	0.9985783128153086	0.8213223227534266	0.11200087424785365	-0.3701903623054701	0.7363688662613443	0.14528219911583864	1.0
1497000	-43.805416932729166	-38.722523753269314	-5.082893179459853	-18.025803045482917	-20.696720707786397	0.9369323738202657	0.5515039216812497	-2.0120346211260376	0.3389806911191909	1.4646197015912434	1.3862221312570273	1.0
1498000	-43.11817445101716	-39.66435663100616	-3.453817820011002	-19.474520710423494	-20.18983592058266	0.949545985079043	0.7528954138011188	-0.5491783827821634	0.15466631647206047	1.7560615710566325	0.06579615729971215	1.0
1499000	-43.44622071880695	-38.679937944548314	-4.7662827742586344	-18.490398710204374	-20.189539234343936	0.9175809076581986	0.7044785841260756	-1.2415249637749017	0.2198068212633758	0.5170289322092693	0.8023055241025709	1.0
1500000	-44.42253387474172	-39.93562265094015	-4.4869112238015685	-19.713960983351615	-20.221661667588528	1.1795308105977464	0.729217348562335	-0.7883211546647442	0.8306964538997933	1.5212060946580908	0.5867723879026775	1.0
1501000	-43.28125886172783	-40.688650585136784	-2.592608276591041	-20.0062552856681	-20.68239529946868	0.8971746997179189	0.9217790034535008	-0.24626807636654202	0.41637459463664517	1.0118665526930657	0.07984219087999378	1.0
1502000	-44.430716185240996	-39.496660102507846	-4.934056082733153	-18.837597029126616	-20.659063073381226	1.0630702542431516	0.8244578599706426	-1.0699651713654212	-0.5760144128375452	0.49558454142626296	0.5319623232304422	1.0
1503000	-43.256736294384815	-39.297171560056285	-3.9595647343285316	-18.856567660285766	-20.440603899770522	0.9204839718360315	0.8848199473598788	-0.9239264513011896	-0.10665280313265257	0.765519886602519	0.5896919830518883	1.0
1504000	-42.131421381115935	-40.5839949403627	-1.5474264407532328	-20.374045007806135	-20.209949932556565	0.6707639382022227	0.7918884575484775	-0.2573509189785444	0.1883036341174996	1.8451089859957561	0.028153348976570337	1.0
1505000	-42.37564988809706	-40.38172194892242	-1.993927939174638	-19.82701499732986	-20.554706951592554	0.8573162551279404	0.6859720387502898	-0.32246676383816286	-0.24661922044323387	1.904287935070956	0.08714447631878613	1.0
1506000	-46.44142769078305	-45.067557411837754	-1.3738702789452948	-24.12440733772451	-20.943150074113245	1.4537319285758756	1.0198168227855906	0.034586957486711145	-0.09894822065386033	0.6337533549874753	0.046835646305061554	1.0
1507000	-43.03906811337595	-41.36565571276264	-1.67341240061331	-20.83435975052993	-20.531295962232708	0.8290165074832977	0.6901768438082878	0.14821038752315951	-0.2358181872255996	0.6189647203044445	0.0763793563301438	1.0
1508000	-45.74915623596312	-41.711428337442015	-4.037727898521107	-21.528546433842315	-20.182881903599704	0.6633075406269436	0.7752056035783438	0.3695289713521287	0.4293909404273234	0.2693475265358823	0.13313296963581417	1.0
1509000	-44.36884172224143	-41.02977198947262	-3.339069732768804	-20.500102361094807	-20.52966962837781	0.575154471867347	0.5608669597033367	-0.8345369442669882	0.4828793543375315	1.0798241478980328	0.9315958586650305	1.0
1510000	-41.72663792588852	-41.949008950988585	0.22237102510006368	-20.958777336432835	-20.990231614555753	0.622985374884252	0.578130361323881	-0.05596785216731162	-0.14124101525415533	1.2652426516225899	0.0306090746647561	1.0
1511000	-44.850890359228494	-39.384391302946014	-5.466499056282478	-18.425838123727473	-20.958553179218537	0.919295661445647	0.8284181144278543	-1.3091246277096142	1.1431192472114267	0.5982480771131403	2.7180421050332857	1.0
1512000	-44.02690606138923	-39.78990528478758	-4.237000776601647	-19.497395193615866	-20.292510091171717	1.136311587003669	0.8209835994594644	-0.8075058768316915	0.44050462795558054	1.677649774120737	0.4908137476426568	1.0
1513000	-44.60519820474361	-41.94714669782845	-2.6580515069151547	-21.697359106778798	-20.249787591049653	0.7899732286774033	0.7516508202197167	0.4941754512696076	0.008276495040250971	0.6465517539914184	0.17281680083216783	1.0
1514000	-41.73638353567889	-40.347480361085886	-1.3889031745930065	-20.01564773356119	-20.331832627524697	0.7586191100512051	0.7935049599346289	-0.27652688824990046	-0.15195167716442998	1.3681348380947729	0.07061414742463873	1.0
1515000	-45.8909277414994	-41.52102667276324	-4.369901068736155	-20.32983066581544	-21.1911960069478	0.7716403818549114	0.9594715086193337	-0.09027613199601053	-0.966058091376578	0.5087812047030706	0.3453518218890683	1.0
1516000	-44.84397364172089	-39.26284708108737	-5.581126560633521	-18.950651651841504	-20.312195429245865	0.9789321534322052	0.5991964484263793	-0.8866165416805685	0.5370432403570469	0.266913537424888	0.27003408164862014	1.0
1517000	-42.483682822892426	-40.37687085495216	-2.1068119679402653	-19.94267398665739	-20.434196868294773	0.8584350884573044	0.888817944152715	-0.2631670436068603	0.005116176830231134	1.2416417786040617	0.19251048866145287	1.0
1518000	-43.482226713593256	-41.87618587279519	-1.6060408407980646	-21.352610950489485	-20.523574922305706	0.5549359368543656	0.5983786487765563	-0.1854280553791869	0.2019354297178016	1.118514409336494	0.23233227205793888	1.0
1519000	-43.94169226881631	-39.21781233197444	-4.723879936841872	-18.55399612128376	-20.663816210690683	1.0294380496409148	0.5469705764354419	-1.2415116388350405	0.4196785171361333	0.7346091152788339	0.44934726573722644	1.0
1520000	-44.51490213474366	-41.76368097953281	-2.7512211552108514	-21.36048538817442	-20.40319559135839	1.1484897921537272	0.8256691882874361	-0.08006809812511478	-0.24799550763804618	0.45919927223482687	0.17482696417704616	1.0
1521000	-48.09003562581964	-41.41760878227055	-6.672426843549092	-20.23504711948548	-21.18256166278507	1.447788770914117	0.9457137758169751	-1.2838187061289137	-0.9786835219885766	0.6340094935846122	0.3889652408758068	1.0
1522000	-47.96429158924492	-43.57333967219963	-4.390951917045289	-21.34774958532244	-22.22559008687719	0.5469497104529584	1.2024829961137284	-0.2621834477606129	-1.1461362712925247	1.192920035271768	0.39606587772197277	1.0
1523000	-43.601245231676224	-41.48067031012222	-2.1205749215539993	-21.346576494061367	-20.134093816060858	1.0819301861828654	0.7252118109995549	0.03476987244252695	0.395358306043559	1.2914817068362499	0.07427032356388838	1.0
1524000	-41.46355045634573	-40.90775275546838	-0.5557977008773496	-20.694715829975816	-20.213036925492567	0.88452905367571	0.7868102890170079	0.06097536411061366	0.13935072251078023	2.0236902597894337	0.02368420316909767	1.0
1525000	-44.04193046345776	-41.65783575987563	-2.3840947035821296	-21.115691290283706	-20.542144469591925	0.9854816845847633	0.8115442334737478	0.10705748959202688	-0.44651812471006846	1.0779524579269497	0.12096426166734756	1.0
1526000	-42.04772508519545	-41.264220006377904	-0.7835050788175469	-20.77789417623978	-20.486325830138124	0.6701990246040851	0.9004911088608802	-0.006684586382718238	-0.12965948110472109	1.0193048753979144	0.06400297260173254	1.0
1527000	-43.93399593135927	-41.951967926452	-1.9820280049072685	-21.624284408714264	-20.32768351773774	0.5278855252931839	0.8401442555867522	-0.21065130272489357	-0.031114854827052507	1.1609807965308347	0.294474390085658	1.0
1528000	-45.954507712703375	-42.920265915858714	-3.0342417968446593	-21.900863537081605	-21.01940237877711	1.3877788366914445	0.5343481238719846	-0.4191371113743104	0.1406056139893246	0.9328162843853993	0.03892876614544762	1.0
1529000	-42.32591244870978	-41.580025861365655	-0.7458865873441224	-20.75317377327033	-20.826852088095322	0.6232200479582132	0.5616323630098984	-0.19511040766973842	0.11803801481263704	1.368622079852397	0.09424220382336404	1.0
1530000	-43.66083859683182	-41.78645887231565	-1.8743797245161737	-21.171937674874986	-20.614521197440666	0.7874475002468955	0.9392605444625067	0.2950141883903012	0.0755291055538988	0.8716726089037425	0.11815724762619806	1.0
1531000	-43.779561341818926	-40.24226939779247	-3.5372919440264567	-19.702816873371265	-20.539452524421208	0.8395386761944492	0.8729299425004656	-0.39175100835428905	0.5464837775595114	0.6010512167851704	0.13923205761313667	1.0
1532000	-44.90885595422724	-42.54923277798366	-2.359623176243578	-22.05217537294444	-20.49705740503922	0.4806477567017799	0.6596779398543178	-0.4429591238730043	-0.08795662616236485	0.793383444283117	0.3083235566057123	1.0
1533000	-43.27940035896784	-41.65158619158639	-1.6278141673814508	-20.579296263392973	-21.07228992819342	0.6166653607808401	0.5237211708055437	-0.3640723078646057	0.1789861566713529	1.2203192582861966	0.19813446453802205	1.0
1534000	-44.86409820167101	-39.73581598015234	-5.128282221518678	-19.368349827367982	-20.36746615278436	1.115320975842385	0.8293401008076178	-0.8353566500347382	0.5540617933850172	1.4422971504488133	0.16704467932495098	1.0
1535000	-45.105611534867045	-42.49520272625821	-2.6104088086088293	-20.26569344485516	-22.229509281403057	0.9385407509004768	1.2165708848736208	-0.1620599560371076	-0.024195863562756353	0.8805711793955213	0.2378771792138675	1.0
1536000	-43.19328387958248	-39.83891953516752	-3.354364344414959	-19.577694082619857	-20.26122545254766	1.025844248465478	0.687829519245621	-0.5792595354122726	0.12576843073474503	1.1044530353458093	0.6349867751429311	1.0
1537000	-45.44789798700501	-41.39092439689457	-4.056973590110439	-21.241636301842014	-20.149288095052555	0.9429277907853842	0.6506777978907309	0.20536128566287626	0.6485880218246137	0.8815755156665561	0.07268931218756074	1.0
1538000	-44.32973610666657	-40.86657391840551	-3.4631621882610624	-20.149596942023326	-20.716976976382178	1.0159789393577303	0.8803253436645483	-0.30261592083484884	-0.6091740526849794	0.697459677494109	0.3183549076296312	1.0
1539000	-43.384203790695416	-38.46608869674309	-4.918115093952326	-18.282020007607024	-20.18406868913607	0.9544443929436183	0.7381435612973128	-1.4667331771136078	0.17454080847417153	1.1399876393550399	0.5354154817491679	1.0
1540000	-44.46286299218555	-40.02885826359112	-4.434004728594431	-19.51728602541883	-20.511572238172292	0.908240634912691	0.6578037415532212	-0.5006975074457787	-0.09641721894594651	0.9952135082733219	2.6621989094817016	1.0
1541000	-44.83618389825503	-40.553801574381765	-4.282382323873267	-19.6505435461053	-20.903258028276465	1.1315171201505259	0.7393886129243293	-0.7199811405985244	-0.6934491550008589	1.3989648465088118	0.28468099485793463	1.0
1542000	-44.982729184765056	-39.40758465318126	-5.575144531583794	-18.86424990792158	-20.543334745259685	0.706201069011214	0.7835688775131092	-1.8880940343243695	-0.4341230456814241	1.1784506181794978	0.7060000181338661	1.0
1543000	-44.99047530253089	-42.275584343460906	-2.7148909590699843	-21.57704553518034	-20.69853880828057	0.5197054240575545	0.7445873760508602	-0.3521224869926922	-0.5326674612338711	0.7985435061787144	0.23159598826900418	1.0
1544000	-43.44477315276863	-41.41462740623098	-2.030145746537656	-21.141231961331364	-20.273395444899613	0.7196867652328286	0.7939662470633513	0.25960786173464073	-0.03205708862096693	0.797102812587619	0.19299753506481834	1.0
1545000	-44.29045143310166	-40.041891477233236	-4.248559955868423	-19.756948230862736	-20.284943246370503	0.9305558965492158	0.8170312329302102	-0.38869029530286364	0.45270919286350053	0.3875270556440006	0.07218673839439799	1.0
1546000	-43.942844391525156	-39.163567381794536	-4.7792770097306185	-19.014566248962197	-20.149001132832343	1.1133458900693523	0.6535368742488586	-1.042574318840262	0.6150705948031419	1.5384101919806046	0.33746441670829624	1.0
1547000	-44.976636467058604	-42.80853684540693	-2.168099621651677	-22.026710955986402	-20.781825889420524	1.019495816258876	0.9837028433259352	0.3456170415335602	-0.05571756830831465	0.6925695783266672	0.05935669537614843	1.0
1548000	-41.62665892368411	-40.34186216886196	-1.2847967548221542	-20.037712187109403	-20.304149981752555	0.8333109853748624	0.7168036322451942	-0.21439987542778033	-0.02824142406294658	1.4673633179205043	0.10105232379971718	1.0
1549000	-45.781967000984324	-41.72561101892021	-4.056355982064115	-20.876309388084074	-20.849301630836138	0.6523640083174677	0.8331045854901323	0.0003065077393213933	-0.7570812550107657	1.2582589798224653	0.08868532611837063	1.0
1550000	-44.672434296236716	-39.423761145545704	-5.248673150691014	-18.750475822051797	-20.673285323493907	0.7297959687939739	0.5542004132621917	-1.7327134997531304	1.7652434252639952	1.1567914090718725	2.023023370683449	1.0
1551000	-45.56169925647825	-39.50471242293774	-6.0569868335405035	-19.08048239671333	-20.42423002622441	1.355167928973801	0.5498298807480577	-1.8208779775119504	1.3783854749433682	0.9903140689656054	1.2457215171463583	1.0
1552000	-46.72339311138731	-39.82744360181377	-6.895949509573544	-18.923921907490165	-20.903521694323604	1.3151668100196807	0.6510430312019357	-1.7803209260553783	-0.4333763838896024	1.6335044627947513	0.46798523193090824	1.0
1553000	-42.67556963462856	-40.925138850964224	-1.7504307836643362	-19.97492573275727	-20.950213118206953	0.7988433222116318	1.010234217660806	-0.2595598173798913	0.08212544950449008	1.3731915373482702	0.09914747352782986	1.0
1554000	-42.216517363212475	-40.317500492667236	-1.89901687054524	-20.133703460514877	-20.183797032152356	0.7315512765953391	0.7268433252021623	-0.25006250317986256	0.18738207807549428	1.052308511116529	0.19835385652172244	1.0
1555000	-43.91327736518322	-41.407516557271606	-2.505760807911611	-21.004532972948304	-20.4029835843233	1.2106557629014165	0.8780074255753897	-0.32202908046914014	0.018173160863535445	0.5037536922068803	0.10557767528717658	1.0
1556000	-43.30993872190392	-40.18227321795694	-3.127665503946977	-19.96490055360874	-20.2173726643482	1.1168309040396396	0.7907742834090814	-0.5450217756477191	0.1383116603825235	1.459737647490625	0.2604880741139283	1.0
1557000	-42.72563728022466	-40.32115939324801	-2.404477886976651	-19.70896262550878	-20.61219676773923	0.8381330570923744	0.9420354611652842	-0.38869804523452545	-0.08067134660125022	1.831543950876734	0.05718581750256791	1.0
1558000	-41.97527045836847	-40.4846342188654	-1.4906362395030701	-20.17019946703344	-20.31443475183196	0.7403705905223512	0.8034603745577725	-0.21307942504538158	-0.11045096280058479	0.6283853868472696	0.07014876997701187	1.0
1559000	-44.39553984663783	-39.48866215573354	-4.906877690904292	-18.980170995287647	-20.508491160445896	0.7582841993705592	0.8798427660282551	-1.0892496009145836	-0.3133687506315348	2.3157441348600716	1.8290488023439442	1.0
1560000	-43.466367093165374	-41.19150486367733	-2.2748622294880443	-21.068899917924377	-20.122604945752954	0.5825314317489261	0.7024156998930371	-0.20035053579219886	0.5651360507925981	1.3944419662020433	0.1441154557282035	1.0
1561000	-45.873903489395744	-42.451026619223526	-3.422876870172219	-21.744173033833572	-20.70685358538995	0.7020914324875692	0.9100928215743845	0.5066799392409891	0.5292443382448634	1.702429362596232	0.14774051609267996	1.0
1562000	-43.97288995739014	-40.75777724572632	-3.215112711663818	-20.16530043048349	-20.592476815242826	0.7168102117834622	0.7342943650879149	-0.2611143174442742	-0.4125861575260552	1.5941964670021946	0.8688669493844008	1.0
1563000	-42.72347383430247	-41.35288161396472	-1.3705922203377474	-21.03875052989809	-20.31413108406663	0.6183842377460779	0.811861774304261	-0.023900208345653873	-0.09629429249080801	0.5723673420952193	0.08548305726986102	1.0
1564000	-41.47036317851771	-41.18531710594684	-0.2850460725708739	-20.873964748756933	-20.311352357189904	0.7027349439841912	0.7096871671093711	0.11126422060741314	-0.021423672960910717	1.2081291741124731	0.049217755849890826	1.0
1565000	-44.73635038853239	-40.801156913136396	-3.9351934753959936	-19.917118783180694	-20.884038129955698	0.7062862851524733	0.7449858824124069	-0.4571689768230058	-0.6894037344818609	0.8298928852261941	0.1360574412493229	1.0
1566000	-43.507281123261365	-41.63589735890394	-1.8713837643574247	-21.192212498675012	-20.443684860228927	1.0937803125018193	0.7037655190838489	-0.03622267306431965	-0.17946452533304869	0.804164456273735	0.13975864295308996	1.0
1567000	-45.54156140804828	-40.063170869450715	-5.478390538597568	-19.305137701378616	-20.7580331680721	1.1297789354547523	0.8824299315416553	-0.8992321312891463	0.741994353061165	0.5177318932792746	0.2575477803232769	1.0
1568000	-43.150361916507464	-39.8681689944779	-3.282192922029566	-19.60792883248854	-20.26024016198936	0.8164673436345059	0.7414135819805272	-0.4589371915282032	-0.0009513564805908592	1.0207983657197093	0.7878326363437723	1.0
1569000	-42.71090111211615	-40.478451606863146	-2.232449505253003	-20.231414464990326	-20.247037141872816	1.0148326982170257	0.8158675919401777	-0.2667282800934339	0.2503862245561168	0.9243730731745413	0.14892807138430714	1.0
1570000	-43.67417589550753	-41.21512947521771	-2.4590464202898255	-20.476538162998242	-20.738591312219466	0.6816175872672954	0.9742925939604956	-0.15636640110160516	-0.17471602871692354	0.6206267739449686	0.22729170933621667	1.0
1571000	-43.64086526685193	-42.39280989023492	-1.2480553766170113	-20.517231794819395	-21.875578095415527	0.7569189897197415	0.44246988361374806	-0.0066923948010175205	0.2938477375686681	0.7817398487327757	0.07401191209027622	1.0
1572000	-43.109332394315565	-41.116807905243164	-1.9925244890724003	-20.950156398133274	-20.16665150710989	0.6334336837700826	0.7668400631534341	-0.01937280173118827	0.3880775182309255	1.4633862749951163	0.03324097665311807	1.0
1573000	-46.528052881648065	-43.24312658561986	-3.284926296028201	-20.191386604622153	-23.05173998099771	0.9888369804474648	1.2460517997360148	-0.2493234778659686	0.3918907932312355	0.6485665516847814	0.28884728756417194	1.0
1574000	-46.90648928545549	-42.808636645351626	-4.09785264010387	-19.011095838331613	-23.797540807020013	0.757627680351796	0.3372386654137817	-1.0576900453085756	0.3691151189893813	0.74281638124242	1.573494080758162	1.0
1575000	-45.35005505708044	-42.076229872184356	-3.2738251848960833	-21.358034500360567	-20.71819537182379	0.9014828556921455	0.9262002762887116	0.29207217915035893	0.4357792217197232	0.6245273572774505	0.35558447591699943	1.0
1576000	-43.61376451644949	-42.17536256656926	-1.4384019498802307	-21.854903982158344	-20.320458584410915	1.1274957482978842	0.6914367130152892	0.11149260876718692	0.01874362499008786	1.7912694860049143	0.07609183621107164	1.0
1577000	-43.77525594468555	-42.763189160080806	-1.0120667846047429	-21.409063709929924	-21.35412545015088	0.6751160021882574	0.5170044744815133	0.33174777907497854	-0.0075874843080094845	1.2811282590233113	0.04178463376516717	1.0
1578000	-43.684140492501434	-41.96577492740321	-1.7183655650982221	-21.13109814731498	-20.83467678008823	0.9228619515957898	0.9764322074885361	0.18986476106626654	0.2088766500434241	1.5068778063606825	0.05781370331999567	1.0
1579000	-43.5257988945348	-38.593101451507216	-4.932697443027585	-18.26845025639854	-20.324651195108675	0.9281395834089563	0.6806467718557598	-1.4964039282582648	0.04988704049015857	0.6678071239801557	0.7408885479829806	1.0
1580000	-45.00113337769581	-39.62817430833436	-5.37295906936145	-18.963739996798978	-20.66443431153538	0.700408620208156	0.5442059248977854	-1.6406462273326752	0.4440965896357352	2.0442886314708093	0.4480952943025248	1.0
1581000	-43.974376070356826	-41.8309306527652	-2.1434454175916304	-19.739610856058505	-22.091319796706692	0.7686244911784352	0.468507175925762	-0.43160692124983574	-0.12640594119800927	0.8518298009694913	0.21408432658047521	1.0
1582000	-42.304902908688604	-40.872208724551456	-1.432694184137149	-20.58958988357495	-20.28261884097651	0.8059319235810294	0.8315990492392388	0.046853817997226654	0.24613430127674105	1.0345046346641003	0.0938825397799071	1.0
1583000	-44.37191670774962	-39.01293291405166	-5.358983793697963	-18.463960001597666	-20.548972912453998	1.0934233190100122	0.7539997718623744	-1.4395470984812144	-0.4042808556894647	1.8076036431491598	2.510239791341595	1.0
1584000	-45.37428904050746	-39.452652938958224	-5.921636101549243	-18.975422961759953	-20.477229977198274	1.35847605624065	0.9025584070007681	-2.0281792583396037	-0.02634612658404467	0.7550020912465876	1.374791045767641	1.0
1585000	-44.69848532329141	-43.33036059504158	-1.3681247282498212	-20.34733417399509	-22.983026421046496	0.7735337433948073	0.42046011587667437	-0.07997136966700259	-0.21349736508331973	0.5437300779620187	0.06456522784858447	1.0
1586000	-41.88227736504106	-42.46534453395735	0.5830671689162866	-21.121534659205473	-21.343809874751877	0.5903185281289909	0.5311008877790578	-0.11056077595767477	-0.10852319234888502	1.423268211841735	0.020044254400736657	1.0
1587000	-43.18775114212986	-40.726198906106916	-2.4615522360229463	-20.2621261808323	-20.46407272527462	0.9575893079770369	0.7572418625979863	-0.18309013109610267	-0.3150258903403058	2.151801951269372	0.12891116691548243	1.0
1588000	-45.821426408815796	-42.73544589839054	-3.085980510425261	-22.351626960856763	-20.38381893753377	1.1364469867609697	0.6172920760852677	0.23669462886872134	0.27302862168543973	0.5504062920925353	0.32978126003986125	1.0
1589000	-43.36105758852464	-40.443013547095624	-2.9180440414290123	-19.745315170918772	-20.697698376176852	0.899804521438936	0.57531464383941	-0.3759727504900916	0.15518036896628995	2.084253777173238	0.02670640559986891	1.0
1590000	-42.222571789839265	-40.88478441044694	-1.3377873793923207	-20.532004595688292	-20.352779814758648	1.033330179338923	0.8295424465683908	-0.17344719439224293	-0.14333843513445682	1.7233651118696287	0.035890910731020124	1.0
1591000	-45.74520439258267	-42.74297022272127	-3.0022341698614046	-22.478208338513642	-20.264761884207626	0.4718125890232808	0.705748115663518	-0.12983654177782733	0.06394854600453126	1.7934040875485886	1.2364886959695007	1.0
1592000	-45.0174160589591	-40.318618809313335	-4.698797249645768	-19.57575275482729	-20.742866054486043	0.6978123489641009	0.8627289350207815	-0.7741005849074811	-0.65270967708479	0.4876617941484477	0.2501408589759833	1.0
1593000	-44.707554987354165	-41.658777548840916	-3.048777438513249	-20.394663875679548	-21.264113673161372	0.781952745580095	1.0839216101330809	-0.051205460823876114	-0.4936667821760238	0.8063834486684741	0.05801623141986439	1.0
1594000	-42.237941029526866	-40.15390036142428	-2.0840406681025896	-19.883143236993664	-20.27075712443061	0.7284297259209532	0.770305862137201	-0.41769587869232466	-0.04158953934467352	2.1184551891244303	0.09363454643276478	1.0
1595000	-45.53345490654522	-44.51198751677987	-1.021467389765345	-24.040235772778654	-20.471751744001217	1.455269679610231	0.6120721886040492	0.011474911303765614	0.18177295456439707	0.5856225005955581	0.01765607507806737	1.0
1596000	-44.856708848302205	-39.362208959462606	-5.494499888839595	-18.233217933763772	-21.12899102569883	1.1236324176013088	0.624674261121881	-1.8325901771258721	-0.49474293883335396	1.9296256902546272	2.067130505337372	1.0
1597000	-42.67507176027161	-39.73979593747115	-2.9352758228004543	-19.61372903143003	-20.12606690604112	0.8401834087289812	0.7017399502871803	-0.44248490643436733	0.47815881950432604	1.271191813844093	0.1251877475397321	1.0
1598000	-45.281368101860814	-42.02954152746136	-3.251826574399452	-20.04607398597328	-21.983467541488082	0.6580901186197642	1.2000488557346058	-0.5639409378078681	-0.19805581097610625	0.7280920466705177	0.10832188052248277	1.0
1599000	-42.52542544820183	-41.11094842758122	-1.414477020620606	-20.954559418742463	-20.156389008838758	0.6922764764998399	0.749254474000762	0.1358361030025991	0.2906244131583341	0.8585655709403895	0.05379838817160497	1.0
1600000	-48.08015187930219	-43.53176201050441	-4.548389868797782	-23.345825755142286	-20.185936255362122	0.42674616578878705	0.7663774977135276	-0.038259730607136	0.1870156640175089	0.5660078061070236	2.433704106782391	1.0
1601000	-42.00406104064312	-40.82420377037896	-1.1798572702641685	-20.528054544272138	-20.296149226106824	0.7037877831244997	0.838314299833186	-0.07276385468023294	0.15700242786932667	1.634461812151047	0.09504252309167759	1.0
1602000	-42.87118504515304	-40.094461545454664	-2.77672349969838	-19.847431516880818	-20.247030028573842	0.8940599675992369	0.8150399777632854	-0.3217580774658377	0.28540119918295226	0.46807195234427645	0.09725729587872457	1.0
1603000	-45.327796712077586	-42.448719434821356	-2.87907727725623	-21.808791800787535	-20.639927634033818	0.48825492402687243	0.9412963270069544	-0.6023808125519348	0.14290346225808243	1.6367299338237247	0.09288618595523133	1.0
1604000	-42.88563271235317	-40.3098603003325	-2.575772412020666	-20.092052876261715	-20.21780742407079	0.7422309860156646	0.6518497637397431	-0.2561736348218458	0.3730386849183356	0.6404658383323701	0.2210816807203251	1.0
1605000	-45.410466385606405	-43.184682066376325	-2.225784319230079	-22.450740024467535	-20.733942041908787	0.4659264175701835	0.5400347848353085	-0.2559532153957055	0.3938275572557546	0.7364785530429815	0.24124211940764867	1.0
1606000	-43.14695295166478	-40.07579433764245	-3.0711586140223335	-19.904812153462718	-20.170982184179728	0.792855764442012	0.6623853771801762	-0.3030824920236177	0.44363319390671163	0.6249258904590683	0.3626116542529901	1.0
1607000	-43.93265032785082	-40.66291163391786	-3.269738693932962	-19.987474783286107	-20.675436850631755	1.0482914290905776	0.6818737362605789	-0.41945766394658646	-0.3503615923400659	1.622769450767285	0.0636302958945602	1.0
1608000	-43.042768724715735	-41.27159391687019	-1.7711748078455496	-20.865584834152596	-20.406009082717592	1.1342797148501165	0.8720525525456035	-0.221018636595112	-0.08796039713970305	0.4630451148821496	0.03645161957303713	1.0
1609000	-47.616233603698724	-41.01870736884429	-6.597526234854437	-18.276516831881896	-22.742190536962394	1.1634066907919913	1.1884023538002986	-1.9481604556525096	-1.5953614783349752	1.3341806342480587	2.3842774891668554	1.0
1610000	-42.46412651980484	-40.102843669680865	-2.3612828501239784	-19.77281556624498	-20.330028103435886	0.9313152273327607	0.8464341770400888	-0.3814068413824753	0.00879004916924131	1.164500592075158	0.20105979073203561	1.0
1611000	-42.23436873055786	-41.06788720057417	-1.1664815299836948	-20.464916874033225	-20.602970326540945	0.7280026583827143	0.9376103793842271	-0.06621335524119859	0.046709863341504454	1.4341285825085728	0.09308396637364057	1.0
1612000	-43.021303815674244	-39.40699837691106	-3.614305438763183	-19.12299276933744	-20.284005607573626	0.8100070310601306	0.7880246668336716	-0.8020274409881221	-0.06263577313293756	1.902144666475746	0.1955805088159829	1.0
1613000	-44.01472266409003	-40.45266812637603	-3.562054537713994	-20.26932044374618	-20.18334768262985	0.8905941547929164	0.6323265362692547	-0.12208703771473478	0.9354348997904227	1.0853410537438468	0.6098014013592604	1.0
1614000	-45.21723369503853	-39.0395598272098	-6.177673867828733	-18.33834165320456	-20.70121817400524	1.1530576381687783	0.9653301834552114	-1.7763021173192077	-0.12429281409112929	0.7287328508513146	0.5886879566416996	1.0
1615000	-43.48202742685149	-39.73732852325258	-3.7446989035989082	-19.54512585126263	-20.19220267198995	0.6896803939995183	0.7545663259785615	-0.8502028920307189	0.636960942680714	0.9434818706122078	0.569726702796465	1.0
1616000	-48.49811594770483	-45.88326364399211	-2.6148523037127265	-22.697027706509004	-23.1862359374831	0.45438718778715953	1.2491283870046899	-0.19801822275789915	0.4463947695718521	1.2801243132053102	0.24976736295789012	1.0
1617000	-45.506908814532075	-42.83876486154617	-2.668143952985907	-22.673246121477224	-20.165518740068947	0.44297530583611633	0.7137266253575225	-0.48094074424299504	0.26343436805078285	0.7389488014204293	0.07851462547760836	1.0
1618000	-46.372869025953406	-41.97177709613798	-4.401091929815431	-20.368955619559312	-21.602821476578665	0.9336860138117179	1.1063372909344336	-0.11386403832295333	-0.9347215283540957	0.8810242107421976	0.21754176629227207	1.0
1619000	-42.625673273501455	-40.54807744262234	-2.077595830879112	-20.042120840460882	-20.50595660216146	0.7113901411502179	0.8897626329684768	-0.35445719567690864	-0.26785833385966723	1.2523699137706	0.10110846760998773	1.0
1620000	-44.32748848380572	-43.16545285408948	-1.1620356297162444	-20.77414150885588	-22.391311345233596	0.9765954408408891	0.4662594299020629	-0.00335913879576194	-0.2990962535189455	1.806185111774145	0.05070566648694251	1.0
1621000	-43.02547167097377	-41.13813786967707	-1.8873338012967071	-20.530618908181857	-20.607518961495206	1.0702047882728638	0.5921722934525655	-0.23186534848349494	0.14189343108655356	0.8189585181852732	0.138256494469876	1.0
1622000	-44.16561481691264	-41.10204628687416	-3.063568530038472	-19.28669010030103	-21.815356186573133	0.7563001788696094	0.444970273278849	-0.7951592029963253	0.3136123418888548	1.1085091313943358	0.6031718686059101	1.0
1623000	-44.03633024927015	-41.41317927799622	-2.6231509712739274	-20.517697608570444	-20.895481669425774	0.732047769704904	0.941252323156051	-0.03237885613918656	0.5478848181025804	1.3330318240911172	0.12262146497837133	1.0
1624000	-43.6862834862403	-39.38012306486924	-4.306160421371057	-18.905889038489875	-20.474234026379364	0.79252763941773	0.8658110083190538	-1.0369391252779914	0.4920245629201319	1.0457765653784377	1.4439855891636442	1.0
1625000	-45.07248260148325	-38.580717714750506	-6.4917648867327475	-18.392898270756884	-20.187819443993625	1.2058061136928098	0.7414188910146219	-2.6198275903867465	0.16170182435777847	0.6169684834942127	7.672655739796995	1.0
1626000	-47.05199001719636	-38.37903872854159	-8.672951288654776	-18.177532864898744	-20.201505863642844	0.8730313342973158	0.7904502376328428	-1.8046435541284835	0.34027911054796756	1.610530121245475	0.26140375559877593	1.0
1627000	-45.14296660937525	-39.939997165027	-5.202969444348252	-19.63290576521209	-20.30709139981491	0.9031725038220193	0.5771951150062596	-0.43606006357052207	1.1722055527459647	1.1149607513895217	0.22986698425652774	1.0
1628000	-47.66524858260401	-42.749449840729284	-4.915798741874726	-21.630378095096816	-21.119071745632468	0.7332396417888053	1.04189064040792	0.4743744324886576	-0.5925909488662553	0.5141264607877772	0.08833864392425268	1.0
1629000	-43.99175576147773	-40.693302936191955	-3.298452825285774	-20.435330944824734	-20.257971991367224	0.6882209662494781	0.7429607084661459	-0.1637547574889734	0.8378713118193237	0.9487553492558777	0.4110596303918856	1.0
1630000	-45.957803844034146	-43.97005143541547	-1.987752408618674	-22.399615472520917	-21.57043596289455	0.5823002951374364	0.47958251928538737	0.6019208722771113	0.14942934655403983	2.4023855192959074	0.18733289733878256	1.0
1631000	-42.5010405169349	-40.15194352718183	-2.3490969897530745	-19.939857021220458	-20.212086505961373	0.7214456600873165	0.669721141327415	-0.39685099770286264	0.29462058603397545	0.7627580995754857	0.10568195923126218	1.0
1632000	-44.86197836935282	-39.72426647697314	-5.137711892379676	-18.9625569725262	-20.76170950444694	1.1907227329349344	0.8566842307615643	-1.2622889784859521	-0.6747699974182353	0.619391888713062	0.7594130497969388	1.0
1633000	-42.76692567372691	-41.03905623669641	-1.7278694370304977	-20.581062855317285	-20.457993381379122	0.7226152213840213	0.8909803252682631	-0.011694665429387852	0.21093509572978217	2.486598236056206	0.07416892036345661	1.0
1634000	-44.9707289076934	-41.428898216484804	-3.541830691208596	-20.31082828926682	-21.118069927217984	0.9841238997258674	0.7175133459904127	-0.19365869912771988	-0.8026908106264075	0.8370542539450717	0.34122960808675107	1.0
1635000	-42.00123737451377	-40.668686144567616	-1.3325512299461537	-20.485890801978567	-20.182795342589053	0.6925136829041846	0.7179462482003032	-0.12212532084372613	0.20522847969497887	0.8335358778969398	0.09616487333002308	1.0
1636000	-46.30763410756352	-39.50530982542036	-6.802324282143161	-19.20915221937247	-20.296157606047892	0.6722311470546861	0.6363541871633003	-1.5219074549599378	0.3017598920580368	0.692981508501909	0.25704122679865415	1.0
1637000	-44.13290027348061	-38.3356751304565	-5.797225143024109	-18.024284650732778	-20.311390479723723	1.0367269540057515	0.6463604782025556	-2.4694455946652134	0.2204769501363324	0.816475775232443	4.3931423171270145	1.0
1638000	-45.062593229792895	-38.84331506522038	-6.219278164572511	-18.453102422946706	-20.390212642273678	1.098896069272309	0.5464175452406005	-1.4633832264453315	1.1725483078795018	2.7223221008322853	0.8505017792041625	1.0
1639000	-46.99614826706491	-40.94362198283606	-6.052526284228848	-19.893696518899873	-21.049925463936187	1.3831679296696833	0.9594888936365861	-1.2560710565245872	0.5892832565069066	1.5319678561885492	0.4031743194404382	1.0
1640000	-42.71844707498368	-39.23812891884313	-3.4803181561405463	-18.973406378303512	-20.264722540539623	0.8912235867486468	0.8009439047567306	-0.840150752380332	0.004642497819416169	1.2791710535113625	0.3039186076663497	1.0
1641000	-43.665283604264474	-40.550365998462716	-3.114917605801759	-20.25113550091021	-20.299230497552507	0.902111635881489	0.7174760969682547	-0.13776311887450587	-0.022203191679759024	0.7599106569547891	0.5950126291313739	1.0
1642000	-43.686713034991826	-39.3835160207161	-4.303197014275728	-18.933435185618237	-20.450080835097864	0.9722823158172877	0.893624076079615	-0.8927750861285726	0.10609454310667499	1.777527855599064	0.827519069758309	1.0
1643000	-43.19231078444159	-39.345923701428404	-3.8463870830131848	-19.217573465054173	-20.128350236374228	0.9179607000089168	0.6772783606667274	-0.6788954295167529	0.6786708171770626	1.9625983124350008	0.483488863837909	1.0
1644000	-42.79600421704555	-40.88630050954474	-1.9097037075008094	-20.54695325422569	-20.33934725531905	0.7523570153850957	0.8557080777671453	0.004378926717935383	0.11083451401184757	0.558811493056708	0.13030532610048132	1.0
1645000	-49.21454819322122	-44.55657843276039	-4.657969760460826	-20.49340491351732	-24.06317351924307	0.62319956831609	0.4138214468923951	-0.3934201750453493	-0.7299706696158219	0.2736467353728561	0.40341677861723807	1.0
1646000	-45.00675784396757	-44.19831397260795	-0.8084438713596231	-21.272871535064166	-22.925442437543783	0.9652003580072238	0.41489411742074317	0.18791504535858866	-0.1190329310330049	0.9315172795842906	0.05437079540423864	1.0
1647000	-43.74160964877799	-40.281292239619034	-3.4603174091589537	-20.10040313265384	-20.18088910696519	0.6969910879693267	0.7777369620728872	-0.3569006696585606	0.31645842611493324	0.731147098104248	0.7989346281223798	1.0
1648000	-42.55502250631069	-39.82644774274258	-2.7285747635681084	-19.57231300125499	-20.25413474148759	0.8863267254640531	0.8178452422053085	-0.4633434415740911	0.29462018489115593	0.8371401026985875	0.14519997900610643	1.0
1649000	-41.62701878544097	-41.073656588693105	-0.5533621967478631	-20.658461831723464	-20.41519475696964	0.6719664060076844	0.8829397232304775	-0.07230447096169915	0.045344005327437986	1.468566767233633	0.057084371896360106	1.0
1650000	-43.21847574594587	-40.483919533051285	-2.73455621289458	-20.01306326671036	-20.470856266340924	0.7967728475552348	0.9003822577439011	-0.24009631901316458	-0.029334263765565333	0.3198957344132475	0.11235080266462687	1.0
1651000	-45.6048727441682	-40.5970174221483	-5.007855322019902	-19.682432805863105	-20.91458461628519	1.0555633162647315	0.46524089662811674	-0.5711277903554146	1.0675876249509682	1.3665898778931398	0.2300872741663036	1.0
1652000	-47.53944306340739	-41.36569081284411	-6.173752250563281	-19.48765194786486	-21.878038864979246	0.6291492486486634	0.5128065434731676	-1.9570731911919073	-0.351037817331251	1.1032792244459024	0.4979215187766628	1.0
1653000	-47.09525529908307	-43.055477022429756	-4.039778276653316	-21.645775987013423	-21.409701035416333	0.5588286684899649	1.0254512337238666	0.06443879943764524	-1.0244328849561577	1.2294320658497757	1.299214329832131	1.0
1654000	-44.1996235121414	-40.04956460742754	-4.150058904713857	-19.87170094372279	-20.17786366370475	0.6406988784870888	0.6958599532095316	-0.8604105804523616	0.27564870773570843	1.0592795728129156	0.13562006129717166	1.0
1655000	-41.0155430184655	-40.46236092988023	-0.5531820885852765	-20.176286235045872	-20.286074694834355	0.7732265887444864	0.7113079494000751	-0.16972298386705814	0.013743223667790294	0.6073138247115148	0.020249126839740363	1.0
1656000	-45.93981621876162	-42.57068293727279	-3.369133281488827	-21.540331401064147	-21.03035153620864	0.5115679783444692	1.0397151586825775	-0.5099327504163189	-0.16872298274384098	0.9998464509164114	0.8224318855350209	1.0
1657000	-44.88707069266167	-43.10168026056604	-1.78539043209563	-21.432981666947306	-21.668698593618736	0.782875585660057	0.4877326933733478	0.3981632783951853	-0.0017822802278898778	0.8308720480022519	0.05771019611521893	1.0
1658000	-41.42324224699521	-41.07567014782802	-0.3475720991671847	-20.757500171709964	-20.31816997611806	0.7877406656821944	0.7930639264803546	0.1202131671609104	-0.1272466723404117	1.5318715184050786	0.026092208784959887	1.0
1659000	-46.45767747174975	-40.25638474848056	-6.20129272326918	-19.53547429088188	-20.720910457598684	1.3877264502271742	0.7296389814381736	-1.5248615309242415	-0.5221103543715282	1.2221824161095136	0.42996695898468923	1.0
1660000	-44.90226747602805	-41.57675749458678	-3.3255099814412703	-19.71150329738317	-21.86525419720361	0.9281356271548273	1.1914902273593153	-0.40968339394944425	-0.35436202936419076	1.248184089279075	0.08228614795665021	1.0
1661000	-44.08173449333862	-40.458241735935786	-3.6234927574028357	-20.18694066113722	-20.271301074798565	0.7350725451447834	0.5923001912439757	-0.21199232361147252	1.1304948078348769	1.4546663758700626	0.8026556993887566	1.0
1662000	-46.27771581225498	-40.56471556527484	-5.7130002469801475	-18.609497545774634	-21.955218019500208	1.1534461591693843	0.8300970304438016	-1.4521476191811624	-1.4808711553551404	0.9082005730874695	1.3789805547432332	1.0
1663000	-42.576677161572064	-42.44892452683496	-0.12775263473710785	-21.87146763866621	-20.57745688816875	0.5257704322631984	0.9303106865501227	-0.02360010306033611	0.06734090523219476	1.7287585308997824	0.040980706022786	1.0
1664000	-46.6706074727013	-40.57474757741452	-6.095859895286781	-19.962267041965713	-20.612480535448807	1.17475493062301	0.9356315033417407	-0.6605469652047345	0.1314771304936162	2.732776458861158	0.07259421183751442	1.0
1665000	-45.09609801909023	-39.19218622878724	-5.9039117903029865	-19.035646732041982	-20.15653949674526	1.1710388133756044	0.6413004237576241	-1.1586832782494478	0.7574931646771492	1.6994848201140784	0.2924829182610992	1.0
1666000	-44.250845109522686	-41.65005055190959	-2.6007945576130966	-21.325603422358107	-20.32444712955148	0.593016090529761	0.8225341085635322	0.04419439668600537	0.512725049409064	1.0281671133103962	0.06157494645391206	1.0
1667000	-44.105842021552235	-39.32287199235046	-4.782970029201778	-18.974888595185572	-20.34798339716489	0.7874629272661672	0.6367950741887481	-0.9840800270797503	0.21323118880233372	0.4274894486731182	0.2511958358724297	1.0
1668000	-44.21295756330073	-42.475991128161596	-1.7369664351391396	-21.39215116243034	-21.08383996573125	1.070452706962025	0.6017498459058742	0.06884232009122304	-0.3500292690410062	1.262965832882331	0.0728477669917836	1.0
1669000	-44.66775254655417	-40.7176947111998	-3.9500578353543734	-19.639741685457246	-21.077953025742552	0.7040480636135494	1.0019050770212508	-0.6860380590334239	-0.7434357313456454	1.2606003313557876	0.3408646136654595	1.0
1670000	-42.12016071764851	-41.035754638322	-1.0844060793265151	-20.78856833185063	-20.247186306471367	0.8346002437750367	0.7109440550029119	0.12732724156513803	0.08146294036815441	0.48728957218250474	0.03938017174650397	1.0
1671000	-43.63192463453095	-39.50375668815366	-4.128167946377288	-19.000334097913925	-20.503422590239737	0.9881124288911509	0.6237528505911645	-0.8622187908240853	0.07519489016861015	2.2927257806736394	0.20210677611151506	1.0
1672000	-47.95903385905916	-43.67135849362619	-4.2876753654329764	-22.732769242858936	-20.93858925076725	0.7967390963622382	0.9830979744973619	0.8301857094764766	0.31619945038073216	2.0993644143353376	0.24810168630766652	1.0
1673000	-43.38442530885261	-39.46930871463512	-3.915116594217494	-19.00377101955026	-20.465537695084855	0.8302966529353403	0.6602592515998361	-0.8656921604433794	-0.05413036146350303	0.8256786812071051	1.1441084242864175	1.0
1674000	-43.487221363156124	-39.333178230313514	-4.154043132842608	-18.823201683785463	-20.50997654652805	1.0358943584059244	0.5626921301993119	-1.0387107102579654	0.4969293059499635	0.8165832976657925	0.555417158899618	1.0
1675000	-44.17348453425574	-40.862426718529676	-3.311057815726066	-20.12033872022014	-20.742087998309533	0.9544679301897667	0.8877967837188029	-0.24075949050331835	-0.6282350584297013	0.7831812291457239	0.2887038471293955	1.0
1676000	-45.533766487432885	-40.05731597678401	-5.476450510648876	-19.914876429142765	-20.14243954764125	1.11246186028998	0.7195261200843532	-0.5593693341892321	0.6516777976122923	2.1713441339762083	0.10701355373067217	1.0
1677000	-42.04474817318966	-40.36309607078945	-1.6816521024002042	-20.117662076151685	-20.24543399463777	0.7421905646452018	0.6784612294479201	-0.24101052085700805	0.18908530121451894	2.711784919743373	0.06453323226925298	1.0
1678000	-43.22060377441245	-41.63772802333423	-1.5828757510782205	-21.381927640665218	-20.255800382669015	0.541657754721865	0.7939839347354168	-0.2845627495597829	0.013483706299041831	0.6704528841356898	0.09114522947472528	1.0
1679000	-42.28067653509767	-41.625338023951386	-0.6553385111462795	-20.626204285403794	-20.999133738547588	0.8384799283043777	0.5248868635153134	0.057803680236404476	0.23893635566876115	1.1727797451641788	0.040124499206449546	1.0
1680000	-47.94597190530753	-42.30859003748263	-5.637381867824901	-19.03712798753168	-23.271462049950955	0.8757799811705148	1.2509540032797493	-0.7992540007661206	0.47950405723019873	1.4569870828800093	0.12214395788161803	1.0
1681000	-43.332921561677644	-40.53573266613189	-2.7971888955457525	-19.915273973430814	-20.62045869270108	0.9980725682333954	0.9396125003367627	-0.3818749248546893	-0.21282461427859029	0.6713195770215975	0.19736512303130876	1.0
1682000	-42.46898283818329	-41.77277948391109	-0.6962033542722017	-20.66023109228399	-21.112548391627097	0.6618518617578335	0.524225533924056	-0.10147553633908776	0.1378714154310059	0.8618084502568404	0.06899983258008309	1.0
1683000	-43.617566647183196	-41.9022523617976	-1.7153142853855965	-21.229436996162963	-20.672815365634637	0.5669977258137823	0.9453599071816022	-0.18753174764907382	-0.3300326087907768	1.5510665214927448	0.09695076050443789	1.0
1684000	-46.840091713921964	-40.77145270744618	-6.068639006475787	-18.981029682313682	-21.790423025132498	0.6881572494201283	0.5132179870924599	-2.154545121817997	-0.2960596312887157	0.6398409096397759	10.39738200780951	1.0
1685000	-44.02953195726048	-39.911714796334536	-4.117817160925945	-19.6539574434984	-20.257757352836133	0.8809376259735339	0.6181592427643802	-0.41759838105182145	0.5060826041903392	0.9441601215207176	0.06057513396988243	1.0
1686000	-45.92493388143834	-39.552036098260565	-6.372897783177777	-18.92788181050886	-20.624154287751704	0.7029812066157517	0.9305760039691361	-1.699554872191344	-0.3137038173156164	0.9288683619113003	0.39245254064689944	1.0
1687000	-47.43665082897953	-45.09340765007163	-2.3432431789078993	-21.229458073623114	-23.86394957644852	0.5250316806943968	0.38228494243748495	-0.6682670726877549	-0.2852679246211957	1.0754180096757606	0.2352032943449749	1.0
1688000	-41.64492707800528	-40.364839371133705	-1.2800877068715737	-20.14793922327746	-20.216900147856244	0.8717294282893411	0.746201436732927	-0.16745848027386354	0.08350522166359857	1.5636486328418664	0.09223251828104659	1.0
1689000	-44.838596074370194	-40.4262942605955	-4.412301813774697	-19.839465984064056	-20.586828276531442	1.1917655857768341	0.9204509326491338	-0.7543302973908361	-0.28757466744867805	0.629670626117433	0.14464765376908487	1.0
1690000	-42.09196616529775	-40.81321382462608	-1.2787523406716659	-20.632922729311595	-20.180291095314487	0.6592346737046727	0.7747313296020311	-0.1272736761004113	0.2644022151599513	0.8946755234960018	0.06621355034794008	1.0
1691000	-44.900127709159	-42.12721813664254	-2.772909572516459	-20.676035362204118	-21.451182774438422	0.7010924636707507	1.0409948288885018	0.004335804614478578	0.46211450914477653	0.6731137191877562	0.21977436100962186	1.0
1692000	-44.42276097894	-40.22497649207038	-4.197784486869617	-19.25054030030718	-20.974436191763207	0.7240434461312306	0.9914270448978604	-0.9629579538071984	0.3002709683027917	0.7621991534818594	0.2927610843113461	1.0
1693000	-42.157163915790285	-40.24564586706866	-1.9115180487216237	-19.91683780585512	-20.32880806121354	0.7322437413027654	0.8390233481210961	-0.38594390652579347	-0.04194841212647358	0.8561523293643601	0.08183767018357234	1.0
1694000	-44.20565906307976	-40.661570224502825	-3.54408883857693	-20.170326664611814	-20.49124355989101	0.8009456650405071	0.8617557528368296	-0.1550726718737005	0.5478072998324279	2.6894581202921946	0.1267482720772429	1.0
1695000	-46.26236004006209	-39.597779479699284	-6.664580560362806	-18.80858196157229	-20.789197518126997	0.9998923706231704	0.5073699502132888	-1.0052860544782076	0.6577296611089892	1.4388208009968408	0.13368058555604304	1.0
1696000	-42.84335426798462	-40.32286447977392	-2.5204897882107025	-20.066894384837568	-20.25597009493635	1.0716140242060332	0.8199942461837694	-0.42183144579548404	0.18727460183819455	0.8772562309498652	0.11094445961744222	1.0
1697000	-45.66172141159953	-43.54992772341596	-2.1117936881835684	-20.674767496681817	-22.875160226734145	0.9417883761080912	1.2886678040759982	0.0003831521941828342	0.032624645082887004	0.17503043875194335	0.026729578009222228	1.0
1698000	-44.593584921829134	-42.25085246227307	-2.3427324595560597	-21.87405615238254	-20.37679630989053	1.0250108842874674	0.8291947031717223	0.29179403217583316	-0.19428034890028623	0.5166172819395619	0.05174002850371211	1.0
1699000	-42.92815136983441	-41.1421554330306	-1.7859959368038103	-20.66831098402898	-20.47384444900162	0.6191441248945533	0.676432288104313	-0.27929670747316376	-0.12640250741284836	0.9323854963791561	0.19343580434653157	1.0
1700000	-45.6038899891472	-40.965879075974456	-4.638010913172742	-19.68710072182819	-21.278778354146265	0.9152592045037967	1.0906245752309511	-0.4138737683358837	-0.3174113419518093	0.19652667044340802	0.24682718480855464	1.0
1701000	-41.79153530986043	-40.51603934564272	-1.2754959642177124	-20.13599915964612	-20.3800401859966	0.7703522273513167	0.8419977736735339	-0.19428679279496197	-0.16959345592106742	0.7617466519121722	0.023455035989483248	1.0
1702000	-41.63200428206526	-40.20760210172219	-1.42440218034307	-19.952420114797043	-20.255181986925148	0.8835580808743642	0.7800150396224718	-0.2654484736575412	-0.004634877037189122	1.0439572138815443	0.08302495203043754	1.0
1703000	-42.79645459676627	-40.59171337020824	-2.2047412265580304	-19.57828433040824	-21.013429039799995	0.7690823959584152	0.5373645622655635	-0.5386025685021508	0.12213269863445472	1.1103685533103937	0.1707819270860514	1.0
1704000	-46.00889231977712	-40.10156202958776	-5.9073302901893605	-19.390658419464494	-20.710903610123268	1.3413897055198736	0.6847625135401781	-1.4455836611922475	1.506419394424242	0.5626877491361131	2.136151414125243	1.0
1705000	-43.801668691377806	-39.17652759702871	-4.6251410943490985	-18.82603772956478	-20.350489867463924	0.8932000092947264	0.7148276081587196	-0.9515992218043058	-0.09084158976276713	1.3085561875046945	0.14493743935179634	1.0
1706000	-44.01636171267388	-39.37654773551984	-4.639813977154032	-18.841450558051548	-20.535097177468295	0.7278870551563912	0.7683659730668213	-1.5210525936323152	-0.4095027103716018	1.303082582432503	0.7333069062023231	1.0
1707000	-40.795641295248714	-40.69123353563492	-0.10440775961379378	-20.27082115726771	-20.420412378367214	0.7701950863038939	0.6466055361044414	-0.12205503116473036	0.06182205190141318	1.0213295970329814	0.032511200950679296	1.0
1708000	-44.65285016938872	-38.95007021383543	-5.702779955553292	-18.160465027776077	-20.78960518605935	0.8611013777488051	0.822449631869696	-1.9652513421033277	1.0499465008089721	1.035828261080251	1.2728678155542203	1.0
1709000	-44.27827676566339	-40.5867330267942	-3.6915437388691914	-19.67679633428888	-20.90993669250532	0.7374827020208592	0.946283559104639	-0.5400670271670993	-0.7107839529220062	1.190876114566986	0.2541629877113732	1.0
1710000	-42.863165416074324	-39.52617666657113	-3.3369887495031945	-19.171981575243912	-20.354195091327217	0.8677718390185161	0.704027934954333	-0.7084882300513625	-0.06733670325466778	1.1645752449557112	0.6655309181600733	1.0
1711000	-44.81037163214755	-42.738678152919974	-2.071693479227573	-20.16195524155734	-22.576722911362634	0.6717873879199641	0.4668019093328451	-0.4043599207603735	-0.4158145654444627	1.173876350262194	0.17336369870321267	1.0
1712000	-47.552288035507985	-41.69262535723638	-5.859662678271604	-20.4385737415279	-21.25405161570848	1.461936688753676	0.48943054948323134	-1.2189520001325211	0.32555001434454506	0.3972946406418535	0.3091950502713073	1.0
1713000	-42.00508240116486	-41.17049254210999	-0.8345898590548759	-20.88416997149872	-20.28632257061127	0.7461121039748255	0.6680529343228437	0.1615854378696422	0.15954129022772318	1.0767509524345609	0.060592227511635566	1.0
1714000	-43.50639630037278	-39.326785709734864	-4.179610590637914	-19.196453523220146	-20.130332186514714	1.072152204614751	0.6718383205556037	-0.8548496309766953	0.6838025712396782	1.3572895250357073	0.3968674789606476	1.0
1715000	-41.620823640993066	-41.04820433123579	-0.5726193097572765	-20.841040492041383	-20.207163839194404	0.7654703952161248	0.7621931285831368	0.15174804060838434	0.10714674834369473	1.8659747636977697	0.034390221159903436	1.0
1716000	-42.17088193485954	-41.26119538136871	-0.9096865534908316	-20.23542575567805	-21.025769625690657	0.8277067188418997	0.559215990400033	-0.1172019978200517	-0.04927290139942752	1.298518445350458	0.10165261487903973	1.0
1717000	-47.5934453159741	-40.85808217634031	-6.735363139633788	-18.96230070663448	-21.89578146970583	1.067221475426763	0.740610068956733	-0.9916769181362267	-1.3259638949587975	0.8554341915695242	0.3306889756968085	1.0
1718000	-43.43125414951395	-40.151071872356944	-3.2801822771570057	-19.747752458592775	-20.40331941376417	0.6471843287614668	0.6028689766613401	-0.9481035572348991	0.3392228453865485	1.7080567603807362	0.7253569829158376	1.0
1719000	-43.26052643495452	-41.28655063987607	-1.9739757950784507	-20.4871743291684	-20.799376310707665	0.6298196419527686	0.9863538639457828	-0.35939019990443244	-0.022046794722540307	1.0002202916870904	0.1460421517529562	1.0
1720000	-43.734445495255024	-42.51603274187295	-1.2184127533820772	-20.132211414866376	-22.383821327006572	0.99044486338266	0.451315583637599	-0.2765423799282128	-0.15635390931615462	1.4604940899414498	0.04178833785621272	1.0
1721000	-43.2180068674876	-41.245808487507574	-1.9721983799800311	-20.400450632534024	-20.84535785497355	0.6371220196729626	0.9998352571848167	-0.38729930862280953	-0.13744750072891532	1.2945132029822368	0.07806673400148324	1.0
1722000	-45.249330371906346	-41.61901647417389	-3.6303138977324574	-19.537196602618284	-22.081819871555602	0.9971218204648729	1.1471824819933354	-0.5632652369981643	0.325080405256578	0.6152858727571261	0.3008164398004117	1.0
1723000	-43.217762350652	-39.00213953593145	-4.215622814720556	-18.875996702716773	-20.126142833214672	0.7997348336759291	0.680264630796718	-1.0454143815721628	0.6482751843781227	1.6794472904559457	0.4225279903907282	1.0
1724000	-44.82542275743908	-41.889037635252876	-2.936385122186205	-20.867173413435967	-21.021864221816912	0.894237166229018	0.5842028340036315	0.12070881196729177	-0.20398776593055593	1.0930491708507972	0.6834094593477644	1.0
1725000	-44.927760217855656	-39.994897305592914	-4.93286291226274	-19.717756073644928	-20.277141231947986	0.671776281383596	0.7642806416304321	-0.7872362269543521	-0.05245571257793247	0.7494431854039334	0.07793216476854115	1.0
1726000	-42.69152159676345	-39.57627828163709	-3.1152433151263663	-19.265254546587606	-20.311023735049478	0.8420283849962159	0.6100784928163351	-0.6597169170577046	0.4496644779699358	1.0917895508083137	0.37125722482359774	1.0
1727000	-43.185156317284985	-40.676604471612606	-2.508551845672379	-20.27913262976513	-20.39747184184748	0.685993641023793	0.8634875805503056	-0.27026547989756056	0.34219310719389945	1.8797539386101096	0.26071103792937805	1.0
1728000	-44.863353833498	-38.39257630695661	-6.470777526541393	-18.090567801231312	-20.302008505725297	1.106843839287873	0.7944888000716291	-2.174445066262648	-0.09465220472142391	0.8684560360481504	0.8158872210520955	1.0
1729000	-43.45226112363806	-40.58774607547632	-2.864515048161742	-20.33791802876961	-20.249828046706707	1.164043665398725	0.7441564310936684	-0.4779236477457086	0.015405503219624306	0.6344035838030804	0.17277512618568075	1.0
1730000	-44.76683414131568	-38.75042028476328	-6.016413856552397	-18.42890507476971	-20.321515209993574	1.210779339947555	0.5659049316947778	-2.6667311999476806	0.9943722690479964	1.1187126567677048	4.885950636368556	1.0
1731000	-41.8555464334386	-40.71894909804446	-1.136597335394134	-20.212355155192412	-20.506593942852053	0.795394903739096	0.7005509848823496	-0.1360883360343559	-0.24098074988487703	1.844889774447161	0.030728127924818716	1.0
1732000	-44.75549518093225	-41.95878780836607	-2.7967073725661846	-21.558858905190778	-20.39992890317529	0.6841022311794702	0.8500456053549406	0.4120331722064007	-0.1887017347445732	2.510083044669955	0.21834186510723425	1.0
1733000	-44.45094484840286	-38.90582160502227	-5.545123243380594	-18.578356075056046	-20.327465529966226	1.0186952298186762	0.5839656578908182	-1.2067047672226263	0.6499510530178554	0.326185364244861	1.0554142170390144	1.0
1734000	-43.69886575777907	-40.51208418157117	-3.186781576207899	-20.047070881106414	-20.465013300464754	0.7341063777416673	0.5445594573715291	-0.29835494407732355	0.7839878973200032	2.292320235856701	0.6019864431432966	1.0
1735000	-43.11223676396004	-41.00303772576615	-2.1091990381938954	-20.724056256554803	-20.27898146921135	0.7171509167639207	0.8292567516503824	0.05528724311490213	0.12232854312401892	2.7891667359221763	0.12730633874907196	1.0
1736000	-44.7475486498948	-40.11182494857792	-4.635723701316882	-19.127682905868852	-20.98414204270907	1.0492211014498107	0.9582784481455993	-0.8592157495973922	-0.7658964186639886	0.7661573736286745	1.1804291877501232	1.0
1737000	-44.03547757499288	-42.52757748318512	-1.5079000918077636	-21.097504744587965	-21.430072738597154	0.638760052047783	0.5133278484338587	0.08767644476733322	-0.03765821208586778	0.6275573070627836	0.13277391767322383	1.0
1738000	-43.90910861214932	-40.16705682668477	-3.74205178546455	-19.9887504457516	-20.178306380933176	0.8324444070568784	0.7468632537010761	-0.2394851901074762	0.6394400236866707	0.43856883236792216	0.19275908366169445	1.0
1739000	-42.54621955941511	-39.84959530661769	-2.6966242527974225	-19.617696914180183	-20.231898392437508	0.9453204233894448	0.8012187808101422	-0.47041480952900094	0.12837920171655956	0.6695308751393231	0.14348162380258947	1.0
1740000	-42.38145915914824	-40.42183891395463	-1.9596202451936098	-20.077104277680984	-20.344734636273646	0.7185325105783331	0.8522211195242297	-0.3131712986352252	0.2836971717497807	1.395444088724168	0.10484325220583648	1.0
1741000	-43.26302688328123	-40.80740633109013	-2.455620552191102	-20.3436085591862	-20.463797771903927	1.0896983419118185	0.8819526283973746	-0.33759802239461945	-0.20426124392319364	1.0231935164660975	0.1575871980165537	1.0
1742000	-44.47085975735425	-42.541192079526354	-1.9296676778278952	-22.22321748188409	-20.317974597642266	0.5192655833590627	0.8337675310888376	0.1839623095191282	0.3994635384479138	0.9630184761045346	0.13479248400455116	1.0
1743000	-46.006994315208765	-40.511496331732914	-5.495497983475853	-20.16780551221587	-20.34369081951704	0.5802242410900436	0.7608573893450322	-2.6752355011589364	0.8874960483442448	1.2983573773226549	2.868207023926335	1.0
1744000	-46.145612599280106	-44.177234189192994	-1.9683784100871105	-23.61326864596208	-20.563965543230914	0.4092688668083852	0.5511601810908089	-0.13227278479279458	0.5215087172137625	1.3385993678651444	0.0687387980906028	1.0
1745000	-43.56573724747622	-39.64642506939514	-3.9193121780810767	-19.05376078786847	-20.592664281526673	0.8999172923894693	0.9367571169656578	-0.7823137709224233	-0.059008792167211166	0.7400740963413566	0.1551565163299027	1.0
1746000	-47.600833885091895	-43.779865109662765	-3.8209687754291286	-23.33883487336672	-20.44103023629604	0.4150379476656276	0.7887408081733864	-0.3288245780833232	0.8811018416773733	1.3550790458168152	0.15749155134747403	1.0
1747000	-44.40452249778802	-42.202616129756166	-2.201906368031856	-21.50788652699705	-20.694729602759114	1.101167792616283	0.9440948359835235	0.05286399746252507	0.2498264690048728	0.6443647610719122	0.1226073984853674	1.0
1748000	-43.077405175139695	-39.51524655631698	-3.562158618822717	-19.117232042843177	-20.398014513473804	0.8912628130817085	0.8770614065482155	-0.7397734208198724	0.10404728419674047	0.8060630740331578	0.17047190699776482	1.0
1749000	-42.419516897282215	-40.087400634631905	-2.3321162626503074	-19.87582722437357	-20.211573410258335	0.986580855426391	0.7961230264971798	-0.38604955577247524	0.22955657118576972	1.0473089212401834	0.08590006858243338	1.0
1750000	-43.848116500144535	-40.348132486484204	-3.4999840136603284	-19.426578583369146	-20.92155390311506	0.8887339397083776	0.502015719676114	-0.5465190386128723	0.5446032880990248	0.722302754770955	0.164006754486986	1.0
1751000	-44.244733869226685	-41.5176399617446	-2.727093907482087	-21.1398710313279	-20.3777689304167	1.1738506407756362	0.7761065948677275	-0.20148038224419368	-0.22272216481754753	2.1184660537159794	0.12079225624318594	1.0
1752000	-46.663734421773036	-40.11139603211262	-6.552338389660411	-18.293545080713645	-21.817850951398974	1.1697252920855894	0.8297180934944144	-1.948543042942326	-1.4061563505093735	0.9063288745683181	1.1097934675676535	1.0
1753000	-46.53352162165069	-41.10215607933911	-5.431365542311585	-20.021142702072517	-21.081013377266594	0.7075580603627827	0.42931186614576944	-0.3795442047976798	1.7100561944697938	2.1198946274553796	0.43642556225489126	1.0
1754000	-42.99125300375653	-39.65906901421902	-3.332183989537513	-19.40928645447558	-20.24978255974344	1.0125242851141287	0.8173451260421097	-0.6491111639083561	0.2311206764199929	0.9668538826686864	0.15786706734242226	1.0
1755000	-44.00782312302445	-39.83218085357481	-4.175642269449639	-19.074702797472085	-20.757478056102723	0.7392007309798996	0.8352328296486891	-1.077271750762071	-0.6741543353016968	1.1177591542062286	0.9615446241348431	1.0
1756000	-44.52779045247137	-39.145325779122075	-5.382464673349294	-18.13972641431014	-21.005599364811932	1.108921288122817	0.4787156861498158	-1.975610874142755	0.7158264268763228	1.1183143662975976	1.2444393516735444	1.0
1757000	-43.704483200893826	-42.29732822657874	-1.4071549743150835	-21.78477770034319	-20.51255052623555	1.0080481425103527	0.625702133062889	0.2911201833086122	0.05390136305754528	1.6540457323781685	0.042012792108512304	1.0
1758000	-44.79101768625553	-39.36461725669285	-5.426400429562673	-18.94711348870415	-20.417503767988702	0.9415311667060073	0.882195519630096	-0.8644673884025156	0.151837078991778	0.4124758314149873	0.12134533935096312	1.0
1759000	-42.35758802020206	-41.180322272454305	-1.177265747747755	-20.752957150590237	-20.42736512186407	0.6355760212879845	0.6121883019310453	-0.1384580995012834	0.241262460191573	1.0141830657144428	0.10291719332253678	1.0
1760000	-45.032035355978884	-41.85570255471896	-3.1763328012599263	-20.046225172246373	-21.809477382472586	1.0735333882252172	0.5161135372668971	-0.4338865654925508	-0.3303088066118485	2.189550711719975	0.3809710596389997	1.0
1761000	-44.021099095197656	-41.537556111226955	-2.4835429839707026	-19.548439054799495	-21.98911705642746	0.7621384553504736	0.4378967157943454	-0.5737249803972475	0.2574128233116648	1.7456152670852179	0.46954700731016125	1.0
1762000	-44.48037579734417	-40.85724158378923	-3.623134213554943	-19.848351902224334	-21.008889681564895	0.9687760482923033	0.6214809114805271	-0.37904489946055525	-0.3891856533742781	2.9017996431962585	0.08172350974020422	1.0
1763000	-41.89529115187866	-41.058751879610455	-0.836539272268202	-20.404416745341496	-20.654335134268955	0.7244660107299126	0.5964809830212281	-0.10500885273537658	0.06304100963468368	0.6793375131444507	0.06113513791124035	1.0
1764000	-43.266836489091226	-39.246044744567484	-4.020791744523742	-19.123250650279633	-20.122794094287855	0.7255637618508044	0.6968847379027133	-1.0994377781652505	0.5943877803792438	1.816230068549303	0.595984185895612	1.0
1765000	-43.577735645535256	-42.362966501206145	-1.2147691443291144	-22.06066074955163	-20.302305751654515	0.525117809694412	0.8089446666936478	0.11439211047573614	-0.07469742415625638	0.6731443957916193	0.08915347736743294	1.0
1766000	-43.70049536279191	-41.331864572694386	-2.3686307900975265	-20.7091370824806	-20.622727490213784	0.6556373441056907	0.9101232673464389	-0.09124220550635948	-0.41494326357784195	1.3870562666070032	0.2653122272315234	1.0
1767000	-41.47553137475335	-40.442608919746796	-1.0329224550065563	-19.94656354278107	-20.496045376965725	0.8548700189710263	0.6588082666672088	-0.26075079091251024	-0.08322238624712351	1.5609434494806935	0.033252630894295226	1.0
1768000	-42.79102886857741	-39.73716748869832	-3.053861379879094	-19.303057871275925	-20.434109617422394	0.9676222984802242	0.6123081556089502	-0.6593570264761808	0.23102867506367375	0.9171176236876281	0.22277969087753258	1.0
1769000	-44.91268838838871	-41.062234305268404	-3.8504540831203045	-20.893352741803508	-20.1688815634649	1.2584473534828864	0.7150382536785539	-0.46436304984699306	0.25041571801816287	2.2698591339054315	0.08496244166071067	1.0
1770000	-43.16878528825656	-41.474510747452946	-1.694274540803614	-20.730071362288264	-20.744439385164682	0.8283315264885704	0.9761220872867908	0.10502091755757825	-0.1364646011864163	1.9414251707235934	0.08202620264240515	1.0
1771000	-42.879907108681316	-39.8874840464286	-2.9924230622527173	-19.603509156531892	-20.283974889896704	0.7509237283553816	0.7357166035752862	-0.5594134428410925	-0.03411014327493744	0.5669357631468512	0.20080467057532947	1.0
1772000	-42.477172253538164	-40.11245741851354	-2.3647148350246243	-19.940254379012714	-20.172203039500825	0.9813091515095185	0.7636094206505529	-0.3503855509781172	0.24753995592181993	0.8625882152777502	0.1537344685158192	1.0
1773000	-43.013452625619436	-39.623421656439405	-3.390030969180031	-19.27455616178142	-20.348865494657986	0.8389983539854322	0.8548900571288524	-0.6556844761794289	0.0020622641860923996	0.7305657098532555	0.456549449070273	1.0
1774000	-47.7273069938927	-41.80486768975497	-5.922439304137725	-18.904510989190616	-22.900356700564355	0.8776938728041909	1.1641290608709687	-0.8974064887996477	0.7007682682314156	0.3548437742522485	0.23802715947944397	1.0
1775000	-45.37770671916392	-39.23310158663644	-6.144605132527483	-18.681669686748855	-20.551431899887582	1.2995891842836724	0.7328383534232334	-2.5043275971361205	-0.36820453683518994	0.723151938074476	2.588611968981521	1.0
1776000	-46.40459180677443	-41.295415543875045	-5.10917626289938	-19.113023689078762	-22.182391854796283	1.2750618394292865	0.42832512569227654	-1.4136342301931006	0.22231590685936692	0.795142144466688	0.45663150483995923	1.0
1777000	-41.88441770709554	-41.25952028687314	-0.6248974202223989	-20.986177398385834	-20.27334288848731	0.6415334606023031	0.8125246339358696	0.031192243157620037	0.01632536478315179	0.5652681773947836	0.041135316526165505	1.0
1778000	-43.2469345146214	-40.04634613619322	-3.200588378428182	-19.1916895774202	-20.854656558773023	0.8543227174525647	0.5113207941972765	-0.7017236839333966	0.5263877925949441	1.2800794989877082	0.5621213267708981	1.0
1779000	-43.14177528747314	-40.613212525334234	-2.5285627621389066	-20.30961765945014	-20.303594865884094	0.643054266310139	0.8408727849636874	-0.4273923475081036	0.21497263200450323	0.7035026815130088	0.1908561071258461	1.0
1780000	-41.94774835846449	-41.35278101799186	-0.5949673404726299	-20.54966673703049	-20.803114280961367	0.6711115987338891	0.5515539251544632	-0.14163256007312483	0.21847720948098975	1.995594107485511	0.05254932887696897	1.0
1781000	-43.45232714499769	-42.257011785512304	-1.1953153594853867	-21.028251986239376	-21.228759799272932	0.6928731896212618	1.0782040586986152	0.1740380090569525	-0.184637916800392	1.2945400171085446	0.038960350590969195	1.0
1782000	-42.07981901715843	-41.03340565481088	-1.0464133623475536	-20.528105939263728	-20.505299715547146	0.913669827877055	0.6154917053047826	-0.029896676336496175	0.11922733607452152	1.9156860674269953	0.0809406473254225	1.0
1783000	-42.79286087577056	-39.775599357657306	-3.0172615181132487	-19.54479460904559	-20.230804748611718	0.9938403290016135	0.7870490305237721	-0.5555466423842026	0.07277204120297598	1.312826534672959	0.34183331737962247	1.0
1784000	-45.23019931531354	-39.515779128811204	-5.714420186502338	-18.725161458253414	-20.79061767055779	0.918468156240754	0.9868314221640323	-1.0269720432843856	-0.20359911748537368	0.42894737987436526	3.325507359120885	1.0
1785000	-47.05817857290535	-42.39097646811561	-4.66720210478974	-20.10255188087794	-22.288424587237675	0.7323064633084078	0.6031807969844409	-0.26759836504750467	-1.1088767840908347	0.44175562140352936	0.5045932932083687	1.0
1786000	-45.16458374337868	-39.920746336329984	-5.243837407048694	-19.168163731347807	-20.752582604982173	0.74994625145013	0.9391692720474953	-0.927143646038134	-0.521681130277167	0.28824310410894033	0.5853731846059995	1.0
1787000	-45.383759341973715	-42.68451724959318	-2.6992420923805396	-22.425850649149915	-20.258666600443263	1.3733170672444017	0.8136738903061522	-0.2267461439234803	0.08063269623255764	1.1082070292751587	0.2265973500276216	1.0
1788000	-47.58753266298265	-43.3611506743367	-4.2263819886459535	-19.75841371560789	-23.602736958728812	0.9933606594927907	1.4289852026163323	-0.44924055715453587	-0.44239912629063005	1.2122005396363302	0.6149502201990854	1.0
1789000	-43.00915501155033	-39.76829859873214	-3.240856412818191	-19.314547649652404	-20.453750949079733	0.9480059870590453	0.8750634666144684	-0.6371439791275467	-0.2143791380862241	0.8522431020260014	0.27319295767683643	1.0
1790000	-43.214212536111184	-41.73464036633701	-1.4795721697741704	-21.051300394414525	-20.683339971922486	0.9121828143634253	0.5911751215898676	0.17246180523427768	0.06530498915655669	2.658067907339497	0.07160395272522037	1.0
1791000	-43.51211865492509	-39.003073641423256	-4.509045013501833	-18.764708096390994	-20.23836554503226	0.877751800454357	0.6614400944078556	-1.0116688681209485	0.2774037084170523	1.1700428796454194	2.6571671518986286	1.0
1792000	-43.04769861181639	-40.9718122025572	-2.0758864092591867	-20.06055174353282	-20.911260459024383	0.8154803354177458	0.5979977347647044	-0.20619529255036173	-0.18978277528385173	0.5252389917502028	0.12014814143660088	1.0
1793000	-44.92382248864071	-39.5615207561104	-5.36230173253031	-19.017052250114375	-20.544468505996022	0.7387175325264347	0.5923306028524988	-1.149783533893422	0.21601222825126612	1.2766556694107254	0.16669933060238828	1.0
1794000	-45.86539245442722	-40.51476635583547	-5.350626098591757	-19.136457299415174	-21.378309056420296	0.7237385812173686	1.0144420225909023	-1.0948586105049922	-1.023046649520868	1.1321866925387218	0.4231476316245675	1.0
1795000	-44.210050096714674	-38.39729047039236	-5.812759626322313	-17.982059716904068	-20.4152307534883	1.0038400298060899	0.8556674538668622	-2.189202006218982	-0.20385011312514578	0.6896257953829252	1.712841577506116	1.0
1796000	-45.321857746657656	-40.58140654207973	-4.740451204577919	-18.67939302625124	-21.902013515828493	0.836463296202334	1.048763014950007	-1.153119594036311	0.7248204365973611	1.013893016214213	0.6190289467665839	1.0
1797000	-44.41281335823993	-41.05561186185223	-3.3572014963877055	-20.026129928277843	-21.029481933574385	0.8941245814771809	0.9614067158125856	-0.23518717793982502	0.5596885938272788	0.558017412088122	0.1622489371877311	1.0
1798000	-43.95884268779093	-41.53711121743972	-2.4217314703512045	-21.212220091356592	-20.32489112608313	1.0952053038449494	0.6526515179871756	-0.032055312125172236	0.16749644683496512	0.3250076563238118	0.09155108325195808	1.0
1799000	-43.85986505527596	-41.88327025154672	-1.9765948037292385	-19.991567570873215	-21.891702680673504	0.8388029392628917	1.1752450468247408	-0.2374491647578218	-0.06659048068297962	1.6683262229036768	0.07337758139857242	1.0
1800000	-44.64770355098832	-41.22954457032628	-3.4181589806620343	-18.964233251250917	-22.265311319075366	0.750921592912165	0.4153212551367597	-1.1451986114826829	0.31578452870277995	1.8632931054633934	0.6811836267510571	1.0
1801000	-43.345105096293665	-40.12209396503249	-3.2230111312611722	-19.499187685181475	-20.62290627985102	0.9652480079895206	0.9160856793010255	-0.5494917634374508	0.364426073519323	1.2444811552404462	0.24616375872747254	1.0
1802000	-44.95190313654589	-40.95667284779614	-3.9952302887497426	-20.357982134132122	-20.59869071366402	1.260188996485283	0.5620243810284022	-0.6789244320142235	0.3745350157101917	1.8031530073321298	0.6730479746251091	1.0
1803000	-45.291651885582034	-40.63120770571342	-4.660444179868614	-19.312988223204204	-21.318219482509217	1.0675077957328467	1.0963686771388121	-0.7808713389787605	-0.46362867958050347	1.4672274353518462	0.2075453505708634	1.0
1804000	-48.62659685705208	-46.87458623223789	-1.7520106248141891	-22.395399180078883	-24.47918705215901	0.5225194637689997	0.3070980698701969	0.3241260193176036	0.45697083352367446	1.1665483174307787	0.25862147325236107	1.0
1805000	-50.707565530046324	-42.79080763511248	-7.916757894933846	-18.725007289102965	-24.065800346009514	1.0404794087305433	1.2465992441786031	-1.1175588025869898	-2.148921842505519	0.18063391937447837	1.7313397492903473	1.0
1806000	-44.36826066946995	-41.11997977752036	-3.2482808919495807	-19.65531723899809	-21.464662538522273	0.8071712073717361	0.45857306516279955	-0.4376233842860126	0.46110272372410693	0.5837400811154688	0.40490429143266715	1.0
1807000	-45.75459170105628	-38.61339961670867	-7.1411920843476056	-18.39362387819562	-20.21977573851305	0.8989828411624107	0.6156293945774293	-1.3648873080862072	1.036339586133593	0.5607435116289992	0.3342899336601301	1.0
1808000	-43.3330336909436	-42.498383490000265	-0.8346502009433372	-20.978188892776878	-21.52019459722339	0.602485991044653	0.5326823705925556	-0.14355433249293542	-0.25094047399837116	1.138233461007814	0.07444314079284076	1.0
1809000	-46.880730020894575	-40.841346241515524	-6.039383779379051	-19.347054076724117	-21.494292164791407	1.0663102643269176	1.1307016029637975	-0.7601692238981577	-0.408845895671945	0.7945464004383866	0.08307621822945553	1.0
1810000	-44.14217374897264	-39.58417159556325	-4.558002153409389	-19.303936450237437	-20.280235145325815	0.6607360050666088	0.6903232488793294	-1.5095066433968802	0.08500102097704065	0.7524594052175013	1.0907854210878287	1.0
1811000	-43.30531584176158	-39.34488413141389	-3.960431710347688	-19.221825610470695	-20.1230585209432	0.8468709993755311	0.6966098272827815	-0.6858734970561066	0.601827814567996	1.1522238140445253	0.17607960136119408	1.0
1812000	-42.878219264606244	-40.52966817879775	-2.3485510858084937	-20.24598567296824	-20.283682505829507	0.7890663165995616	0.6509406457787751	-0.1221137316295618	0.24409256937782606	0.9163785254110255	0.3345751931807291	1.0
1813000	-43.46270788275821	-40.50200586679895	-2.960702015959258	-20.054322877454968	-20.44768298934398	0.665977535490961	0.8936313431383126	-0.5151997998779524	0.01938789100064256	0.6058258818554266	0.07560336884343248	1.0
1814000	-45.085566340178296	-40.54075723929519	-4.544809100883109	-19.642064779309298	-20.898692459985888	0.9134596962427293	0.7689125190635155	-0.43623912517422664	-0.7414971137942659	0.3593530899453288	0.5158945553035403	1.0
1815000	-45.55613321637222	-40.65898264539494	-4.897150570977271	-19.03315557166243	-21.625827073732516	1.1160344480656645	0.5112649988153808	-1.0359454448339085	-0.16700903763879493	1.311532589699793	3.744922564325889	1.0
1816000	-41.57645816773477	-40.52223619652701	-1.0542219712077592	-20.345627730176133	-20.176608466350878	0.8741583825474764	0.7173990761243604	-0.0790200067378762	0.2232289341844091	0.8780289957030805	0.04928582328306939	1.0
1817000	-46.03176117253289	-40.21578345573036	-5.815977716802529	-20.054241989166847	-20.16154146656351	0.7880746624921505	0.6374981086363418	-0.22373584172101357	0.7826478128388611	1.5212818100632695	0.06080409948518457	1.0
1818000	-47.04138174994345	-40.83953370064999	-6.201848049293461	-18.554986416551873	-22.284547284098114	1.0807610872445739	1.1691442981574984	-1.3259490498983926	0.34124084319821124	0.46137565293232774	0.3217996934707696	1.0
1819000	-44.18816910098904	-38.9846811390142	-5.203487961974842	-18.5750994364651	-20.409581702549097	0.9781455750649715	0.5409294892409919	-1.1710026637286717	1.1400128461470311	0.5834529787182039	0.8604564237538029	1.0
1820000	-45.13227525613586	-41.46033257942422	-3.6719426767116428	-19.44140241490072	-22.018930164523496	1.0040968942012942	1.139766744335787	-0.6215947217881278	0.3223096516433278	1.217160035142763	0.19873187819906793	1.0
1821000	-42.50617308334626	-41.993178612485295	-0.5129944708609697	-20.78271840933126	-21.21046020315403	0.6298589691072276	1.05893604428553	-0.14317810763546077	0.054893130412380364	1.1392496238172378	0.036513030663172096	1.0
1822000	-43.38885846051228	-39.80199955250539	-3.586858908006885	-19.386707830107483	-20.415291722397907	1.0280154803269204	0.7307644510183302	-0.6815642877968979	-0.21111305522666848	1.7339352969203858	0.14993913477794504	1.0
1823000	-45.71410432622191	-40.81875150646093	-4.895352819760982	-20.067404459313362	-20.751347047147565	1.0198242144623755	0.744932477551905	-0.3431278354018932	-0.5798615855477516	0.5725401140959748	0.06083237095530594	1.0
1824000	-42.70516728222614	-40.32495044235526	-2.380216839870883	-20.033051952195866	-20.291898490159394	1.0045690532934217	0.8290823630701247	-0.3375548267256549	0.03850627693057557	0.5227067142106162	0.1027924567929374	1.0
1825000	-48.34347990222086	-43.1760565600122	-5.167423342208657	-18.247395574391568	-24.92866098562063	0.9724625831630487	0.4521763714679779	-1.5135556696580568	-1.4614465089568496	1.266026448708478	1.2437777743561989	1.0
1826000	-43.98725810637256	-42.365015551656725	-1.6222425547158354	-19.88829218944403	-22.4767233622127	0.9688245101475308	0.44037220586014175	-0.3604310513037824	-0.10779073728264515	1.987708296614087	0.0788550255822858	1.0
1827000	-43.58415903491452	-38.640435766126444	-4.943723268788079	-18.03833082817702	-20.602104937949427	0.9540658228024101	0.585126474054573	-1.9152061777621958	0.19528030262026014	1.4518539328323319	1.8517324940931217	1.0
1828000	-44.439188424429105	-41.03780042578883	-3.4013879986402715	-20.32204308805532	-20.71575733773351	1.076602265430901	0.8115413290550979	-0.32412365011811195	-0.6279058039520524	0.8095755472183136	0.2527907180951524	1.0
1829000	-45.15785074808506	-40.774313630880044	-4.383537117205015	-19.189078240437404	-21.585235390442637	0.7960251682840047	0.7617502300907265	-0.7753192280304226	-1.1905663330062333	1.4952782548103705	1.1811155846791548	1.0
1830000	-49.91577402739678	-43.40724312689246	-6.508530900504316	-22.840184355712807	-20.567058771179653	0.5618275400877818	0.8127502500296422	0.7497556787365762	0.903134146843539	1.6869357472988227	0.12595122841247156	1.0
1831000	-43.29494290262412	-40.41922301989955	-2.8757198827245753	-19.742882919413727	-20.676340100485817	0.9471537098839496	0.6574397676630971	-0.40898177451716655	-0.2622127001746375	0.5129432122905303	0.09889502579054889	1.0
1832000	-43.91163100709093	-43.24951337133953	-0.6621176357513986	-21.768188413168772	-21.481324958170763	0.5404184731477581	0.5242874831170603	0.021104328277194134	-0.16165173698737603	0.8463428039949424	0.07523381784242525	1.0
1833000	-48.876890446748604	-45.99056795264416	-2.886322494104442	-25.804091513763957	-20.186476438880206	1.6159265557455351	0.7814750641488853	0.050181969175006974	0.34119937312357945	0.7140769997001644	0.19298042187699058	1.0
1834000	-45.24664949348021	-40.4957118558825	-4.750937637597714	-20.333972011679002	-20.161739844203495	0.570361013172821	0.7064185014540444	-1.1838502728588762	0.2922521775945579	0.6333223729159853	0.3183125464811958	1.0
1835000	-43.8817913942679	-39.51426655062538	-4.367524843642522	-19.0638761330357	-20.45039041758968	0.8064843657970127	0.8575100044145926	-0.8568812667171266	-0.2704100140013356	0.4398772630270902	0.587375160110646	1.0
1836000	-44.29707485867168	-40.79981147914128	-3.497263379530393	-19.090234865083705	-21.709576614057582	0.7956657483019672	0.5636324753956634	-0.8576120479852117	-0.5760535958443764	1.4192565520721274	0.76685362061753	1.0
1837000	-44.271656586970074	-38.93868953519572	-5.332967051774354	-18.492129087549372	-20.44656044764635	0.859667495597219	0.8438890391258084	-1.3130682399089648	0.5940463824418121	1.0299690568149946	0.3726911691536895	1.0
1838000	-44.538643672605765	-41.96207102174871	-2.57657265085705	-21.066915723356768	-20.89515529839195	0.606883219678228	0.5257340111083028	-0.05853035338599946	0.3384539816645014	0.8517869671750636	0.5162559088896761	1.0
1839000	-49.161306366015054	-47.67432834756837	-1.4869780184466823	-25.247019581641897	-22.427308765926472	0.35151731457187	1.2446289351223796	0.17628971781451186	-0.045507889183609485	0.7671122863259701	0.10380559048843045	1.0
1840000	-47.00687349119588	-44.6149198495209	-2.3919536416749825	-24.10661684875906	-20.508303000761845	0.38478186723207347	0.8836189645290161	-0.20602762777935918	-0.2993413575623337	0.4473491995339514	0.10578998503457028	1.0
1841000	-41.36384550807586	-40.87828224668269	-0.48556326139317596	-20.591317717432837	-20.286964529249847	0.6830536341561095	0.8340315084883719	-0.08284034517331845	0.14708198990847515	0.6972968230385501	0.02428168960053729	1.0
1842000	-43.30225802893946	-40.80842716363056	-2.4938308653088983	-20.664838989276554	-20.143588174354008	0.6099837967434061	0.6809188065496887	-0.33730052205999395	0.45066349495697233	1.9194824594201285	0.07784663344344632	1.0
1843000	-45.0568379695367	-42.10227875498448	-2.9545592145522157	-21.50705646057967	-20.595222294404817	0.8176723500055957	0.9110975044999853	0.4123408788500827	0.35574485933101807	0.6232322976022655	0.13892964697024626	1.0
1844000	-43.458724652458685	-41.11302128402728	-2.345703368431401	-20.9278193147104	-20.185201969316882	1.0267323271288602	0.6527072078975651	-0.017796009924684497	0.45664923941073826	0.8734765393399082	0.13458535725821838	1.0
1845000	-43.250632378104555	-39.380581509436055	-3.8700508686685033	-19.12873532719135	-20.2518461822447	0.9246395620069313	0.7832179676641788	-0.737046781569446	0.006562831190883328	1.216579948014699	0.10413234657524655	1.0
1846000	-45.42704533264721	-39.624787938836334	-5.802257393810873	-19.324813738565993	-20.299974200270345	1.3097599573619132	0.5925441697112938	-1.3757220892666622	1.2207397268791396	1.4655396405247074	4.948789777027784	1.0
1847000	-42.54962357235893	-40.06428348367666	-2.485340088682272	-19.690755937295815	-20.373527546380842	0.8771247073574324	0.6019567726324285	-0.397050921116207	0.3946552877421738	1.0385952292641687	0.2112228012905865	1.0
1848000	-43.369050697269344	-40.94905106179657	-2.419999635472777	-20.201039906643313	-20.748011155153257	1.0924424054762338	0.5854092816822436	-0.40030970979397795	0.03546980097750069	0.6903026894078318	0.16339890896963935	1.0
1849000	-43.86877016141167	-40.415277103349354	-3.4534930580623127	-19.401091704502818	-21.014185398846532	0.9755095133210129	0.5034154298129198	-0.6119973061278208	0.424492135560246	0.7271468978086119	0.15956496430747488	1.0
1850000	-43.64802852337391	-42.0939469694887	-1.5540815538852106	-21.686920591567688	-20.407026377921007	0.9961965794784068	0.6827132686384456	0.27875955259684343	-0.06898454337418264	0.7918830405720108	0.06832828930795658	1.0
1851000	-43.85929536439056	-39.83044041635511	-4.02885494803545	-19.125989094602524	-20.704451321752586	0.7530821732917274	0.7424649311067684	-0.9563890455444031	-0.533942862824931	0.9575401312753093	0.34614446591812	1.0
1852000	-41.796532736853194	-41.21653638876066	-0.5799963480925387	-20.84692514506349	-20.36961124369717	0.6568913849161137	0.7048417590281609	-0.0034168571316161023	-0.09035817537491547	0.7500275626431496	0.05333520604756731	1.0
1853000	-45.02953496078047	-41.296490170467564	-3.7330447903129063	-20.691523966151987	-20.60496620431558	1.1393200556137744	0.6427620886363614	-0.2934874633320169	-0.130367507130038	0.5650798216046443	0.7226865305802572	1.0
1854000	-44.91628480973071	-40.663536692134095	-4.252748117596621	-20.26321600785051	-20.400320684283585	0.572632899336347	0.86202811671226	-1.2769944407213927	-0.13862264076776493	0.9658062271053284	0.4977875312270101	1.0
1855000	-43.669020118272805	-41.300287831948346	-2.368732286324459	-20.02807766337407	-21.272210168574276	0.6951707015655362	1.0742998051790267	-0.41394236233190873	-0.0013303590201417803	1.3783258098717603	0.17057357352048955	1.0
1856000	-49.45072086267701	-45.79086493590562	-3.6598559267713915	-23.744119888027463	-22.046745047878158	1.5208123493607824	0.4317554038161864	-0.20783810447379028	0.28376020070271235	2.1848594224179205	0.34664559387738764	1.0
1857000	-42.92588974808717	-40.52801092804996	-2.397878820037212	-19.667497982480356	-20.860512945569603	0.8448697249985252	0.9944047050275252	-0.41028812165293105	0.06081039475035385	0.933019932989222	0.05140787560194473	1.0
1858000	-45.0755799368872	-41.26189140726151	-3.813688529625694	-20.389791327001987	-20.87210008025952	0.7966848332948079	0.4665269868413023	-0.047667405076626645	1.1381649741940616	0.9266042332242276	0.44075587347426387	1.0
1859000	-45.25024290770173	-40.20604033486562	-5.0442025728361095	-19.78507605622195	-20.420964278643673	1.348389051447222	0.8397627281541008	-1.203651752227118	-0.25666402669562893	1.0509552365117467	0.3876128603320073	1.0
1860000	-41.58143352874066	-41.4515563888161	-0.12987713992455907	-21.15009327654303	-20.30146311227307	0.6425668031427187	0.7235394398894286	0.12920840148223245	-0.0392449397645096	0.9920067005697645	0.03560302058391599	1.0
1861000	-48.22438391764437	-42.25445040040378	-5.969933517240584	-20.30285234729908	-21.951598053104707	1.340840263390764	1.1418173257444588	-0.9093087974501852	0.2561166876778449	1.1930433498083084	0.12342646128119747	1.0
1862000	-43.68458167251667	-42.407043417486705	-1.2775382550299648	-21.61345732088342	-20.793586096603285	0.5412959907584419	0.9879784157192432	-0.09084299897736306	-0.16443968862894132	2.4905450132977123	0.05791675696490354	1.0
1863000	-44.65278883511644	-39.147310512529074	-5.5054783225873685	-18.90150286722703	-20.24580764530204	1.1521624629942422	0.649555289760793	-1.2066404034979064	0.32367783569134323	0.31280909120913714	0.9968406936880769	1.0
1864000	-46.97054261099572	-41.63205903280115	-5.33848357819457	-20.72638582027051	-20.905673212530637	1.209337588776928	0.8511174893513308	-0.4199154267976234	1.010557791982594	0.8205413646070453	0.19705746932694304	1.0
1865000	-43.83759077706009	-41.90088451018673	-1.9367062668733634	-21.70399405344234	-20.19689045674439	0.9888644060291689	0.7648603339831612	0.29479843151967283	0.14208785365783336	1.7524699804588744	0.03724002477625145	1.0
1866000	-42.29000517802864	-40.11688474951198	-2.173120428516664	-19.748272334398777	-20.368612415113205	0.93320052117806	0.8506947845957455	-0.39497712712705935	-0.10581493127089232	1.3655600444987535	0.07651140459522943	1.0
1867000	-42.47563037266972	-40.77583973950208	-1.6997906331676393	-20.500146121509772	-20.27569361799231	0.62010970216751	0.813941530012137	-0.40727799996638614	0.014324901826095193	1.5223901303104952	0.07352194858462528	1.0
1868000	-41.478825366761946	-40.44088353817945	-1.0379418285824993	-20.103774026475342	-20.337109511704103	0.8300435731119685	0.8088244364438144	-0.18150088003344034	-0.14920497268866648	0.8689015741722719	0.042956638167970095	1.0
1869000	-43.57031871019176	-39.92150589272504	-3.6488128174667285	-19.680741209211973	-20.240764683513063	0.7634472837835052	0.6619901736032684	-0.47915312827743045	0.26989481587939923	3.3179154551152967	0.07129026088217902	1.0
1870000	-43.403717332252484	-40.29352471444804	-3.1101926178044437	-20.165861477087116	-20.127663237360927	0.8162240685928083	0.7073861295613628	-0.15252827546661396	0.618373180840123	1.0590474148010585	0.5522183399185624	1.0
1871000	-44.86090721851677	-41.63814551812463	-3.2227617003921427	-21.289056640646262	-20.349088877478373	0.7777513607940497	0.5737636495806213	0.3427403470975998	0.7095340965643208	0.9776997999848843	0.6146670797075372	1.0
1872000	-42.58950923919352	-41.40876280963401	-1.1807464295595032	-21.095752599474523	-20.313010210159486	0.9807375841295959	0.7385769437003451	0.10659681253634756	-0.08542714408305191	1.0158309327898711	0.08339838001635214	1.0
1873000	-41.840708283628274	-40.56921730424646	-1.27149097938182	-20.329585281950703	-20.239632022295755	0.9889116786872983	0.7882296797048829	-0.19197228450592035	0.0479096849728811	0.7467412073130122	0.06086233758046002	1.0
1874000	-42.64435601418877	-40.471821063169855	-2.1725349510189194	-20.27858855420001	-20.193232508969842	0.9167613707412574	0.7859426002978944	-0.13702176943769157	0.29077317945198466	2.210237904424924	0.08817629330057125	1.0
1875000	-48.377820766293326	-40.9948910594005	-7.382929706892828	-20.057756374747154	-20.937134684653348	1.129241923957228	0.7722967466005929	-0.5274753480008797	1.3503948798612018	0.8334958482416356	0.2023421272570823	1.0
1876000	-43.61297944837026	-40.793948732382844	-2.819030715987414	-19.638411582078852	-21.155537150303992	0.9112928691962625	0.494786373094859	-0.4370119796973835	0.36629992018299884	1.137577774939585	0.07129440127966331	1.0
1877000	-48.29317463564591	-42.534301824588475	-5.75887281105744	-19.610378957420664	-22.92392286716781	1.0632816484866967	0.8239759411764979	-0.6184761336629659	-1.9377742114078165	1.1302720571770897	1.0354011294682128	1.0
1878000	-44.96861986383986	-43.812817322382074	-1.1558025414577893	-20.900196803241634	-22.912620519140443	0.5981578756480289	0.3806509501069598	-0.22732716455463597	0.30672743820053217	1.1422971627502467	0.1134233047953954	1.0
1879000	-43.58493091570286	-41.26187902665072	-2.3230518890521443	-20.612614502179184	-20.649264524471537	0.8545770797446121	0.7259111908633196	0.04555586473143536	-0.4488697865917556	1.2279821487561062	0.22270477274570935	1.0
1880000	-41.026239639907196	-40.97438702955047	-0.05185261035672606	-20.53113468681137	-20.443252342739097	0.8919517570211728	0.6339852944907833	-0.01107486997608853	0.09517075828159868	0.912712928575064	0.029721996707841748	1.0
1881000	-41.68358188450259	-40.202320711035526	-1.4812611734670609	-19.88920549982625	-20.313115211209272	0.8769661455248268	0.8403041309991327	-0.29428830769464204	0.03427047957446874	1.4759390593915043	0.03741275831889365	1.0
1882000	-43.22924886055525	-40.05169469550458	-3.1775541650506747	-19.74426269695875	-20.30743199854583	0.9973052258953328	0.8408615727098084	-0.46075739779661395	0.2555798514506926	0.505987438812492	0.11346713033171935	1.0
1883000	-43.003444217606884	-41.218640546936335	-1.7848036706705501	-20.947190079140064	-20.27145046779627	0.8079010540470701	0.827417332582281	0.2004170113969263	0.22185971579602431	0.986095025623464	0.13054738706297828	1.0
1884000	-42.52974849717334	-41.23662334327334	-1.2931251539000026	-20.595996925202023	-20.64062641807131	0.9888355496059869	0.6259247247160423	-0.08642214601577586	-0.08641543802262297	0.4106644364432029	0.042227134622315254	1.0
1885000	-43.33321452822374	-41.93165012748928	-1.4015644007344672	-20.95923187182575	-20.972418255663527	0.86284515530524	0.5615939893632819	0.18028278367610773	-0.018727283648654114	1.1513006159020926	0.1488459362915221	1.0
1886000	-44.336583368985856	-41.50597816529026	-2.8306052036955944	-20.64213107389523	-20.86384709139503	1.1167464291482612	0.5774724591231961	-0.2701788593046061	-0.02531975917726073	2.745273824301865	0.15261071842826635	1.0
1887000	-47.2503773250731	-41.28862716360434	-5.961750161468767	-20.828041913351313	-20.460585250253025	0.8076259011329578	0.5435160156630113	0.15076805766042664	1.4381166517444777	2.7649026686824194	0.2840308665747434	1.0
1888000	-43.793249102076906	-44.25770789484165	0.464458792764747	-21.988520877277686	-22.269187017563965	0.5041979770078772	0.4459485969223035	-0.1517239215594552	-0.028261836489292827	1.0919849120847853	0.02733573802762694	1.0
1889000	-45.965550283554634	-41.93600506009592	-4.029545223458715	-21.02948016793453	-20.90652489216139	1.0173492997113138	0.9770496066816343	0.03181735660716252	0.3189039529997155	0.45158280144258944	0.6882676234011653	1.0
1890000	-42.6451421111218	-40.68949513103591	-1.9556469800858909	-20.1043851001237	-20.585110030912208	0.7498597326197305	0.9264255545822003	-0.23697489478482323	0.17067353913765393	2.2542234738578855	0.02713181152805133	1.0
1891000	-44.109401803933984	-40.97875747705061	-3.1306443268833797	-20.242638923043817	-20.736118554006786	0.7243403105918431	0.8537838144375962	-0.19838194257134073	-0.6502933294224815	1.323892869705855	0.12572107414830472	1.0
1892000	-47.784196980581164	-44.30246738436073	-3.481729596220433	-20.991559260414036	-23.310908123946696	0.5631955952364913	0.47073667266161395	-0.42946353698399425	-0.8498994561021534	0.7967525782061335	0.27169777625318364	1.0
1893000	-42.181407762328476	-40.12923876762318	-2.0521689947052995	-19.947217133480095	-20.182021634143087	0.9248159713258676	0.7306664612927688	-0.29252701599237935	0.18734147873591014	2.0323163154784476	0.09155474216167274	1.0
1894000	-43.876928460990015	-40.38516336852669	-3.4917650924633272	-19.89540675808711	-20.489756610439585	0.6347965335940547	0.664097215262653	-0.8879505994438212	-0.09761795651364011	2.7866057657777534	0.37035557483100684	1.0
1895000	-42.36343023352349	-41.39660845027647	-0.9668217832470237	-21.16014605479784	-20.23646239547863	1.0774478160663339	0.8061007976013871	-0.01899864230798695	0.14171166140771943	1.00032197928158	0.052348852661342496	1.0
1896000	-43.36789092123409	-40.37049533677684	-2.997395584457248	-20.08874974781233	-20.281745588964508	0.6674909694525558	0.830209339774495	-0.4800035853859225	0.27343225522481746	0.5953948176496382	0.09861618663150765	1.0
1897000	-45.09884322022533	-39.677073002279855	-5.421770217945478	-19.182766900607184	-20.494306101672674	0.7869913497920722	0.9067998745388025	-0.7997361537875751	0.09768750973774544	0.4926916296909067	0.08559664135699183	1.0
1898000	-42.40639183146018	-40.997916013322495	-1.4084758181376908	-20.661868021899437	-20.336047991423058	0.624768326446257	0.622036168240271	-0.2535297283226324	0.3197644943082587	1.5463340390500586	0.08469038620921648	1.0
1899000	-47.38855792845869	-43.61069438005586	-3.7778635484028285	-23.36327333049631	-20.24742104955955	1.6534219122122125	0.6965682291517912	-0.6413812961506531	0.12162524880232818	1.1104304835454846	0.14454698449401332	1.0
1900000	-44.72543621994454	-39.13693098817069	-5.588505231773849	-18.320425301797556	-20.816505686373134	1.0687539707800913	0.4714229320779833	-1.5436694195632754	1.177800800588393	0.6516295953130735	0.9939780961877261	1.0
1901000	-46.69060897039275	-41.81113621750575	-4.879472752887002	-18.87477093282018	-22.936365284685564	0.9989830574562132	1.3168617113870482	-0.9574460512660584	-0.12335148398134363	1.4619064250297236	0.9058921763165935	1.0
1902000	-44.71777297439276	-38.84580631179968	-5.871966662593082	-18.700411289234676	-20.145395022564998	1.1194182356691087	0.6645125148992005	-1.284199344448049	0.8042430238680983	0.3272662395645431	0.7919618841986247	1.0
1903000	-47.00663014297568	-42.70396364283085	-4.302666500144833	-19.274417138263125	-23.429546504567725	1.2236662825325222	0.4149923670860308	-1.139792836141168	-0.41069817270487036	0.7809832762779187	0.7358093386971122	1.0
1904000	-43.606488154931725	-39.53969890621779	-4.066789248713935	-19.052730922001658	-20.48696798421613	1.0797827928015835	0.6098853058865319	-0.954937460120375	0.17548597836284985	0.8949949857422111	0.25122747580684485	1.0
1905000	-44.23045916257058	-39.28955658563203	-4.940902576938553	-18.882663942316757	-20.406892643315267	1.0101395335026666	0.5627656757108297	-0.9642403396383468	0.6926546274951739	0.8266822560012013	3.3615755750060834	1.0
1906000	-45.766582576810976	-41.23349903408432	-4.533083542726661	-19.26919091939323	-21.96430811469109	0.7056638440161742	1.2101801334607964	-1.0537026657682262	-0.5808562253191994	1.2269447101004838	0.5010207798580911	1.0
1907000	-42.970358700480055	-41.49364688992223	-1.4767118105578227	-21.035178822960557	-20.45846806696168	1.0535225422679497	0.8834353699984427	-0.022039131619838337	-0.18024499786679785	0.7243194990140231	0.07134061580756304	1.0
1908000	-43.551140541139866	-40.6059927774026	-2.9451477637372685	-20.269217148711725	-20.336775628690873	0.6643710387084389	0.8540486716284615	-0.35599958439444906	0.08163395712683606	0.3353506220809522	0.11382969144668223	1.0
1909000	-45.090291449864495	-41.766639227132664	-3.3236522227318286	-21.594380482436403	-20.17225874469626	1.2526336311496782	0.7104033670961595	-0.21339956779789443	0.2505828224197619	0.23200538074087024	0.06801528782325568	1.0
1910000	-44.246519704459494	-39.94848492801389	-4.298034776445604	-19.479847497458064	-20.468637430555827	0.6782336255519126	0.6301437043911028	-1.0036342502483548	0.08332811467785306	2.4921440071009013	0.18803485134643652	1.0
1911000	-44.23963903744632	-39.78579262936715	-4.4538464080791655	-18.975191279960015	-20.810601349407136	0.9475107286405198	0.6239713901046975	-0.8481498310757859	-0.2368149192156586	0.7528468747877975	0.13531973220307433	1.0
1912000	-44.95164465246559	-40.270692791640386	-4.680951860825202	-19.427316894273247	-20.843375897367135	0.7479641216014953	0.9941901110531479	-0.7027904387048911	-0.3461132451611	1.0784361688326227	0.08597889717617478	1.0
1913000	-43.313202199312585	-40.34250934308195	-2.970692856230638	-19.91869668173584	-20.42381266134611	0.8068914918415557	0.5680554283361835	-0.2855418947097116	0.5977273648974242	1.3915107655643675	0.10094493264535805	1.0
1914000	-41.69156282843104	-40.284525149932094	-1.4070376784989422	-20.021179556543935	-20.26334559338816	0.7943303975750737	0.8152287226771108	-0.23728955526700973	0.06937508081256782	1.2783424458871477	0.09995829100158933	1.0
1915000	-41.58596105138842	-40.97118078936333	-0.6147802620250944	-20.5185198452964	-20.452660944066935	0.9511257849687187	0.6180272611285303	-0.07105836287037526	0.17116712162919007	0.7855323532826028	0.029690377690705913	1.0
1916000	-43.24734743028499	-39.42705847401019	-3.820288956274798	-19.01143363429437	-20.415624839715818	0.8200950889963308	0.8458502713312773	-0.8755279583743585	-0.23350908875895804	0.711105871909473	0.3681249944784976	1.0
1917000	-44.00560558806714	-41.3017348445658	-2.70387074350134	-19.816356609496136	-21.48537823506966	0.7894825813840163	1.12747853464792	-0.3574910854192199	-0.29639791020453554	1.1997236026403162	0.06452644182946063	1.0
1918000	-42.274348328420245	-40.29958487428293	-1.9747634541373194	-19.823055896533578	-20.476528977749346	0.8049696922470919	0.6001573565287621	-0.34041751810028864	0.251516531505986	0.8745072512910018	0.06584431069339901	1.0
1919000	-44.4009741617686	-40.62584960345451	-3.7751245583140864	-19.494379667199098	-21.131469936255414	0.6546990804990602	0.5047235662500311	-1.2239902587247304	0.2929087412750757	1.102351975493797	0.5358813749224531	1.0
1920000	-47.128877916395055	-40.164402996343874	-6.964474920051178	-19.257369233410856	-20.90703376293302	0.6583061844593451	1.0095961186945823	-1.720442780934466	-0.3615330748765321	1.5980923042392847	0.34661553513162896	1.0
1921000	-44.16993704336354	-42.52198385946199	-1.6479531839015473	-21.932728821775857	-20.589255037686133	1.280144235000479	0.9315947452658263	-0.16737613763582376	0.10396365553358816	0.7615492180931137	0.06646023903839414	1.0
1922000	-44.962481066926564	-41.16871614803581	-3.79376491889075	-20.01145552948677	-21.157260618549046	0.7226875645826639	0.7968289860940339	-0.3459447682119372	-0.9683832197379315	1.027536413077042	0.35860046083533853	1.0
1923000	-44.97549630558381	-42.10556901877196	-2.869927286811852	-19.291274087118946	-22.81429493165301	0.8294400420988781	0.4202185997143565	-0.652439931233527	-0.10900877717426338	0.9991077301043063	0.10999070611200154	1.0
1924000	-42.72456244852	-39.80930268304338	-2.9152597654766175	-19.633393236301977	-20.1759094467414	0.825238549443573	0.6731339719286401	-0.43784104245722777	0.3713074894193463	1.858933524093237	0.08015862637590156	1.0
1925000	-45.730885453559154	-40.84541238962213	-4.88547306393702	-20.458891245564804	-20.38652114405733	0.5898437709995721	0.743401416672184	-0.700861423651571	1.013900341529352	3.652424639416095	0.5729728310447846	1.0
1926000	-44.53836161244274	-39.51615811163293	-5.0222035008098125	-18.531315585099758	-20.98484252653317	0.9177051879671729	0.6320158359648316	-1.2005370476706032	-0.41823882183488037	0.4332640593801198	0.5931794116344391	1.0
1927000	-42.014458242699824	-39.85116312686529	-2.1632951158345364	-19.66875192095599	-20.1824112059093	0.8140470797352662	0.7463214672683595	-0.4240608002625282	0.17686090916114622	1.6521009607578474	0.10367075573900891	1.0
1928000	-44.76258612668234	-42.19161776264491	-2.5709683640374332	-21.90984517699284	-20.281772585652075	0.6242494162425161	0.7255292910008161	0.47501988318722776	-0.011757003047953601	1.3758131613794853	0.4881546815952	1.0
1929000	-42.469850548234135	-41.37155795200684	-1.0982925962272923	-21.039739375100325	-20.331818576906514	1.0279449192434271	0.7523013195460657	0.0194889868809989	-0.13368457022263558	0.9306540799959568	0.06910178195618963	1.0
1930000	-42.26155896268586	-41.62876097013611	-0.6327979925497504	-20.830616638865845	-20.798144331270272	0.7000687558999703	0.5688037722721001	0.08477038182226515	0.09584854059438871	1.375855082513593	0.09042382380759992	1.0
1931000	-45.587771900449454	-41.41555999484318	-4.172211905606278	-19.14897217541204	-22.26658781943114	0.7807918344782109	1.2498693275466533	-0.843546957736773	-0.3352245421623221	0.951655392601279	0.8179975087661812	1.0
1932000	-44.42890646533843	-39.1153205864954	-5.313585878843027	-18.660732070378725	-20.454588516116672	1.1518041935876562	0.5467036795478213	-1.3999222491536663	1.439369965049275	0.8573523938369709	2.341338886128837	1.0
1933000	-45.302862632207216	-40.27302497635963	-5.029837655847588	-19.73622350218952	-20.536801474170108	1.0642661254729888	0.8115152675437955	-0.5590824864778663	0.8785243871577186	0.4767252892669537	0.24308665826100803	1.0
1934000	-43.93021730436379	-40.904690829973326	-3.0255264743904604	-20.688591360399933	-20.216099469573393	0.5658329001279663	0.7952784524192438	-0.7249706842901604	0.3903816906600066	1.719135996433436	0.4004521302250687	1.0
1935000	-41.62546565225091	-41.297957261986014	-0.3275083902648992	-20.731472905463875	-20.56648435652214	0.9014567977108394	0.6501901185413983	0.061938250793453414	-0.12334961245196992	1.5502476758390509	0.03702037024088951	1.0
1936000	-43.585710903381866	-39.468817797378364	-4.116893106003501	-19.224067230611794	-20.24475056676657	0.9481744894064702	0.6382390756011964	-0.6903543787471746	0.3929264674312889	0.47151398489668334	0.1825805597669292	1.0
1937000	-44.034955731989385	-41.523707998473114	-2.51124773351627	-20.88927070799425	-20.634437290478864	0.5728644381703989	0.9222756165234693	-0.43225454897527665	0.33301833072556075	1.9458907314514684	0.14683378727897214	1.0
1938000	-44.64210071802907	-42.72146199428588	-1.9206387237431894	-21.504996177647676	-21.216465816638205	0.5340135443007288	1.07784800899345	-0.2527916154898555	-0.24822858090776223	1.4183292873185225	0.14340696398213718	1.0
1939000	-44.87722810136199	-38.72276773812959	-6.1544603632324035	-18.30780143794461	-20.41496630018498	1.0208541480459228	0.7066057813170307	-1.4776243594856981	1.1801779891232969	1.7807328774868696	8.984136134868672	1.0
1940000	-43.12306563212449	-42.834328837323156	-0.2887367948013324	-20.631074537670955	-22.203254299652205	0.6893957047581334	1.2079832333121585	-0.044547311351835484	0.0180372497291931	0.8020026108903243	0.02865481072876694	1.0
1941000	-45.49890170547635	-39.0283530089782	-6.470548696498149	-18.855558003556137	-20.172795005422067	1.1014959600795844	0.6884215296201771	-1.1273336103869582	0.8661625014535158	0.9433800732104255	0.2367636301507864	1.0
1942000	-43.51218148614882	-39.509643694823524	-4.002537791325298	-19.22234726305612	-20.28729643176741	0.716056686826719	0.8030561922548745	-1.0406997855814968	0.5672663887615419	1.0525650517150524	0.5751694414074634	1.0
1943000	-43.79421261487221	-39.10452439372831	-4.689688221143894	-18.43748222181648	-20.667042171911827	0.865828823070927	0.9551791382896326	-1.3677770186996796	-0.002427877890811614	1.0294189322489946	0.6145740478308076	1.0
1944000	-42.84559746533473	-39.67079140910926	-3.1748060562254627	-19.502211523634713	-20.16857988547455	0.7814485003251903	0.6864783811454078	-0.5693454378397215	0.3353610715985949	1.0742543991870592	0.09812924051762865	1.0
1945000	-43.42762689870047	-40.37421911678377	-3.053407781916699	-19.821876381870435	-20.552342734913335	0.9548281298477129	0.6406857975343629	-0.37763762895136543	-0.06557197987583467	0.578358758494913	0.36694181748000243	1.0
1946000	-45.33679401967146	-41.11112952019532	-4.225664499476142	-20.387526366177994	-20.723603154017322	0.8972244208121979	0.8973962990919213	-0.07521396648891164	0.6253985343640449	0.5541765921845723	1.0179805276113885	1.0
1947000	-42.46746879996062	-40.985947886834325	-1.4815209131262945	-19.833803628170216	-21.15214425866411	0.8271299903109631	0.5277871150192495	-0.3229432251344999	0.07380003827000411	2.080580604141852	0.10964573895287796	1.0
1948000	-42.726406321646635	-40.12755760796759	-2.5988487136790486	-20.00373160538407	-20.12382600258352	0.8572568256263229	0.7082941708494777	-0.23249477894695866	0.5034171593973098	1.3736199992579856	0.0981040336319658	1.0
1949000	-45.06607368769472	-41.88624842929542	-3.1798252583992976	-21.186249267061363	-20.699999162234057	1.0469537876071147	0.7882781323437991	0.0397333168471217	-0.5960358177869728	0.9342010873672683	0.3724193731245258	1.0
1950000	-44.53954159734391	-40.68025943896201	-3.8592821583819035	-19.371954684746147	-21.308304754215868	0.9679933137116917	0.6823303271273882	-0.6209323803708301	-0.8341637342020579	1.272213952924474	0.4492780273420613	1.0
1951000	-43.07059063028129	-41.29523763589436	-1.7753529943869277	-21.007375305068592	-20.287862330825767	0.738315649264181	0.8226723819355191	0.21286883589005268	0.013270533640045268	0.40552239415156327	0.053708798012917246	1.0
1952000	-45.39395206162157	-42.976479343702735	-2.4174727179188364	-22.740368692425697	-20.23611065127704	1.1759925906951072	0.8088168356386847	0.2665267332156765	0.17925521929671137	0.4346252343366917	0.061633426680213634	1.0
1953000	-42.92794771654414	-40.38237996693415	-2.54556774960999	-19.991188134573658	-20.391191832360498	1.026369901613054	0.6283496453580123	-0.3856017638611172	0.1960514300517106	1.5431659803838638	0.04327527895712509	1.0
1954000	-45.83191483051527	-41.63371076688145	-4.198204063633815	-19.115874234005492	-22.517836532875954	0.8640073922155098	1.2512712519909492	-0.7489126053879667	-0.007960650256423674	0.4374212748012947	0.20615289470893175	1.0
1955000	-44.32675969309436	-42.00507027207186	-2.3216894210224965	-21.43717065143862	-20.567899620633245	1.0838862534714693	0.7570236879301376	0.060498687629107706	-0.42859202637178073	1.2335570779014486	0.09033792817302712	1.0
1956000	-43.82628818259198	-40.779499912330834	-3.0467882702611426	-19.590161501522175	-21.189338410808663	0.8945432123376746	1.0730837355734815	-0.4557629056849226	-0.34827340073560825	1.1939202949172065	0.1361986224652193	1.0
1957000	-45.85667701569767	-40.27431542633376	-5.582361589363914	-19.720274751450336	-20.55404067488342	0.6200616810023057	0.9176512640214229	-1.3683224939361942	0.18746223813622692	0.35187093520726165	0.5671921814223482	1.0
1958000	-45.33963326322721	-41.9844700613326	-3.3551632018946096	-21.523465536062638	-20.46100452526996	0.5135829186155703	0.8978617534682878	-0.4974583968084135	0.059917150042238965	1.0993766612372713	1.0342693670159802	1.0
1959000	-46.03115296705261	-40.406100293637515	-5.625052673415099	-19.64076843469722	-20.765331858940296	1.1575920547351244	0.7726551357423747	-0.7777240720797914	1.2350216612220513	0.9834633871054919	0.3757866579215067	1.0
1960000	-44.62250997323513	-41.206824369504076	-3.415685603731059	-19.997566066145023	-21.209258303359057	1.098666160100142	0.4875434824187903	-0.4978673602841237	0.38751339963714915	0.5173712000816166	0.28129544898230086	1.0
1961000	-43.18253382327048	-40.40910616559385	-2.7734276576766352	-19.883720442019595	-20.525385723574253	0.6798878678144105	0.562691664050284	-0.5888422568352645	0.47287594087583956	1.2157313809767643	0.20039138998507627	1.0
1962000	-44.81106017087515	-43.341825523665925	-1.469234647209226	-20.462864234624647	-22.87896128904128	0.9707754825466872	0.4174828346773985	-0.11583875051514327	-0.11900716439843254	2.3724978705470074	0.1299626605952556	1.0
1963000	-42.12905878463625	-41.34019810921882	-0.7888606754174299	-21.114820387033344	-20.225377722185474	0.6534014157783656	0.748426626053177	0.13925806714674469	0.062455855420772644	0.5792173689992558	0.038580031955934305	1.0
1964000	-43.10451836884214	-41.12374987712383	-1.980768491718316	-20.125038081995264	-20.99871179512856	0.6982045243554225	0.6207656461581708	-0.3362714656079429	-0.37784289212374655	1.3293035497226848	0.10796943465793607	1.0
1965000	-44.01126689126078	-39.762721197220095	-4.248545694040684	-19.20560954248454	-20.557111654735554	0.9068730636640381	0.6824752562758825	-0.6833405854798658	-0.2374705408052581	0.6173307254174755	0.09167690425147401	1.0
1966000	-43.30808886050306	-40.71425443961319	-2.5938344208898716	-20.37671728906924	-20.33753715054395	1.031934761439349	0.8504323702969867	-0.23212291114944208	0.27448670450730284	1.9445374967465767	0.12194809857287978	1.0
1967000	-45.15897542262058	-40.44285347251878	-4.7161219501018	-19.217956671702133	-21.224896800816648	1.1010870395742467	1.0690687659511409	-0.8934412274158117	-0.03675748463168116	0.39155008230261884	0.5959194835141208	1.0
1968000	-45.32669259386895	-41.5732913189084	-3.753401274960546	-19.855615770248882	-21.717675548659518	0.7603990842663595	1.1641629602494754	-0.37106833356886676	-0.6621356580907278	1.5673031238838322	0.21816336207148587	1.0
1969000	-44.75783992914178	-40.56066841787819	-4.197171511263589	-20.257911863081596	-20.302756554796595	1.0545415374382943	0.8208923638944982	-0.3144688525043158	-0.043137356046446085	0.2846273269481602	0.4494465190409563	1.0
1970000	-42.54415127329731	-40.60011031314751	-1.944040960149798	-20.068597806597793	-20.531512506549717	0.7375185691909082	0.5777743475731328	-0.27859264934148464	0.3381505413085963	1.3109849799675293	0.05002569052592083	1.0
1971000	-45.02707613299889	-42.552164130019875	-2.474912002979015	-20.309132789669587	-22.24303134035029	0.7043659290859358	1.2377668072802395	-0.20078175125285194	-0.21394679458725574	0.6590783085170149	0.17973060733863358	1.0
1972000	-42.516406680240195	-41.013435632041706	-1.5029710481984908	-20.390918101348262	-20.622517530693443	0.6687006602934874	0.93172430020355	-0.2532782021229462	0.21396779616280887	1.1734677048760107	0.06255460528408723	1.0
1973000	-44.596536375092	-39.3290916203372	-5.2674447547548	-18.374396738402986	-20.954694881934216	0.972079415555155	0.6107679821235481	-1.3616797716754843	-0.2937326058597699	1.5947651695289902	0.32875796181805444	1.0
1974000	-48.06388345724558	-46.07451846475779	-1.9893649924877912	-24.612557405511772	-21.461961059246015	1.474594205413333	1.1106835043319447	0.10071156959771879	-0.06606828122565905	0.4344451415567169	0.0637467283119162	1.0
1975000	-42.381155915482694	-41.95978223035793	-0.4213736851247597	-21.311454685694866	-20.64832754466306	0.5710905642802129	0.6199650231441247	-0.09425044189203954	-0.06372637928477992	2.889790694296955	0.05797961971076735	1.0
1976000	-44.12102560842936	-39.403152681676815	-4.717872926752545	-18.974404440840733	-20.428748240836082	0.7151818190862442	0.8820571498634813	-1.4036326059904085	0.22116702920622866	0.7474555819075994	0.6731265233138379	1.0
1977000	-44.51144827741856	-38.58726846850866	-5.9241798089099	-18.30176058157275	-20.28550788693591	1.160890642425001	0.6432301677749063	-1.8785143426112094	1.1867618621621412	1.9471315385039045	2.6517820648122203	1.0
1978000	-42.45933330068424	-40.83454586019	-1.6247874404942417	-20.085842081612576	-20.748703778577422	0.8844703297510754	0.6467640683266455	-0.20213606617859672	-0.28476995291261614	1.397096173080624	0.10235337870182273	1.0
1979000	-43.43305982406973	-40.06304570488819	-3.3700141191815383	-19.47473462205394	-20.58831108283425	0.7559416384263097	0.8052735707545017	-0.643090504523747	-0.49659051515047636	1.0478509663237088	0.2185054231029731	1.0
1980000	-43.245726756462375	-40.22974169625003	-3.0159850602123437	-19.373330442309612	-20.856411253940422	0.8181346201436014	0.9916316234769234	-0.6077689555000262	0.08725038291875717	1.055547950735362	0.14182214272144528	1.0
1981000	-42.83852950321532	-40.84665602851279	-1.9918734747025313	-19.687119224288928	-21.159536804223862	0.7489199565469588	0.5446702563244356	-0.5044526944483058	-0.06038619856533706	1.1959242624377642	0.1107794060347577	1.0
1982000	-42.61408629114477	-42.22242780255111	-0.39165848859366414	-21.450687473911778	-20.771740328639332	0.5770078422410263	0.6063003310293502	0.04162615465155753	-0.1107425523984828	1.265092635189935	0.07701187433388845	1.0
1983000	-44.82355812784336	-38.848443182831524	-5.97511494501184	-18.4998904369854	-20.348552745846124	1.1678618405376993	0.7801996757038306	-1.614137371695306	-0.18060280755423608	0.77697333480239	6.868173104059222	1.0
1984000	-44.91589083055462	-42.26985182200729	-2.6460390085473326	-21.30689259065393	-20.96295923135336	0.7090165345950556	0.5047902748900215	0.3249763222346593	0.46676895386626155	0.6615003712190757	0.1669397966757056	1.0
1985000	-41.639984920170214	-41.3162683192742	-0.3237166008960154	-20.531940349940673	-20.784327969333532	0.6673851768694448	0.5798609238654396	-0.1647191122055619	0.03511209054075637	1.5790627859371253	0.06055620755363666	1.0
1986000	-43.71639863247121	-39.14661335631913	-4.569785276152082	-18.782485835175954	-20.364127521143175	1.0055959017919318	0.6457785594605016	-1.0303553616359133	0.1424245983058727	0.9202445883220421	0.20601579356351954	1.0
1987000	-43.09125880210843	-40.75444925174753	-2.3368095503609	-20.153736427345528	-20.600712824402006	0.9731097967669942	0.5980029463141078	-0.24656214343141347	0.11248938824137197	0.7220418756018518	0.2364181278414825	1.0
1988000	-42.806247439913875	-41.61344866953493	-1.1927987703789462	-21.37183421215531	-20.241614457379622	0.5439302157283098	0.6930799500196847	-0.27054240254213885	0.1435600008558744	0.8606270729466032	0.06545003426817506	1.0
1989000	-44.37790634760396	-41.58687920154614	-2.7910271460578246	-21.420438361617904	-20.166440839928235	0.8955152951442554	0.6489778061130084	0.31967090032858825	0.5539778820451238	1.0115218562931618	0.21274243119033964	1.0
1990000	-45.04309953477625	-40.76272907911748	-4.280370455658776	-19.145580670748355	-21.617148408369125	1.121777751769933	0.44864875354521094	-0.9769435619990291	0.4382213897338669	1.1411651420541444	0.24849325253981278	1.0
1991000	-43.80548613860367	-38.904492720849	-4.90099341775467	-18.72640654135098	-20.17808617949802	1.0759264246846707	0.7099809956781679	-1.1743707338155582	0.23527077225777093	0.7757532150978471	0.3037307243625548	1.0
1992000	-43.93981016444495	-40.56243265031118	-3.3773775141337676	-20.16256142595959	-20.399871224351593	1.0210119143919956	0.6254903018265964	-0.3041412251552359	0.19998309666525604	3.4389347704506763	0.09629019342459902	1.0
1993000	-44.60885825706892	-39.61878737979153	-4.990070877277392	-19.468401280190633	-20.150386099600894	0.6314786672702194	0.6719318466661924	-1.9068110047612499	0.8263314253014187	1.3654201138346769	1.1801120997936667	1.0
1994000	-44.834948925371485	-39.33654987344938	-5.498399051922107	-18.808050087539307	-20.52849978591007	0.7136982600180819	0.8974518624695195	-1.9360697193454857	-0.2816150338046016	1.9563602127289523	1.0776700835110098	1.0
1995000	-45.16042385166371	-40.54492360510639	-4.615500246557318	-20.161523687602095	-20.3833999175043	1.3672902755871155	0.8187637619529895	-1.0550583291200661	-0.22236132271977094	1.164102509098245	0.4001917464655591	1.0
1996000	-44.92464399506842	-40.744392107040284	-4.180251888028141	-20.20730628764276	-20.537085819397525	1.0470322391793152	0.8461003153211086	-0.32366763775852075	0.70330710079533	0.6365357549335258	0.1332217075489065	1.0
1997000	-45.9136907065802	-44.434810122385926	-1.4788805841942683	-19.878322222837237	-24.55648789954869	0.9152657211586114	0.3323090575258379	-0.3185335915536101	0.0030175302209163313	2.5629501626729465	0.12487379423023966	1.0
1998000	-43.11279081210915	-41.07927223439239	-2.0335185777167535	-19.843239112483566	-21.236033121908825	0.9777686230472664	0.5490434864508369	-0.3911632229920562	-0.1525614799158267	1.2097994450672025	0.05269737674473647	1.0
1999000	-45.67449792252804	-42.77939968812543	-2.8950982344026106	-22.5422032077572	-20.23719648036823	0.9955135638856409	0.7976305506437428	0.528770988411229	0.08501398925086562	1.693891820580946	0.17236108365883493	1.0
